=====================================================================
== G:\SteamLibrary\steamapps\common\DayZServer\DayZServer_x64.exe
== "DayZServer_x64.exe" -config=serverDZ.cfg -port=2302 "-mod=@CF;@Dabs Framework;@Namalsk Survival;@Namalsk Island;@VPPAdminTools;@VPPAdminTools RU Translate" -profiles=profiles -freezeCheck -cpuCount=4 -dologs -adminlog
=====================================================================
Exe timestamp: 2026/08/17 02:12:09
Current time:  2026/08/17 02:56:37
Version 1.29.163709
=====================================================================

 2:56:37.890 ENGINE    (W): Process affinity forced to f
 2:56:37.955 String "STR_nam_mod_terrain_name" not found (not in localization table)
 2:56:37.956 String "STR_nam_mod_surv_name" not found (not in localization table)
 2:56:38.286 String "STR_server_shutdown" listed twice in "Global"
 2:56:38.310 Localization not present: STR_DATE_FORMAT_SHORT
 2:56:38.310 Localization not present: STR_TIME_FORMAT
 2:56:38.310 Localization not present: STR_CONFIG_CONTROLLER_NORMAL_LOOK
 2:56:38.310 Localization not present: STR_CONFIG_CONTROLLER_REVERSED_LOOK
 2:56:38.310 Localization not present: STR_MP_VALIDERROR
 2:56:38.310 Localization not present: STR_MP_CONNECTION_LOOSING
 2:56:38.310 Localization not present: STR_MSG_MP_NO_PASSWORD
 2:56:38.310 Localization not present: STR_MSG_LAUNCH_GAME
 2:56:38.310 Localization not present: STR_LOAD_INIT
 2:56:38.310 Localization not present: STR_LOAD_WORLD
 2:56:38.310 Localization not present: STR_LOAD_GAME
 2:56:38.310 Localization not present: STR_SAVE_GAME
 2:56:38.310 Localization not present: STR_MP_CONNECT
 2:56:38.310 Localization not present: STR_MP_DISCONNECT
 2:56:38.310 Localization not present: STR_MP_CONNECTING
 2:56:38.310 Localization not present: STR_MP_TIMEOUT
 2:56:38.310 Localization not present: STR_DISP_CLIENT_TEXT_EDIT
 2:56:38.310 Localization not present: STR_MP_LOGIN_QUEUE_FULL
 2:56:38.312 Localization not present: STR_DATE_FORMAT_SHORT
 2:56:38.312 Localization not present: STR_TIME_FORMAT
 2:56:38.312 Localization not present: STR_CONFIG_CONTROLLER_NORMAL_LOOK
 2:56:38.312 Localization not present: STR_CONFIG_CONTROLLER_REVERSED_LOOK
 2:56:38.312 Localization not present: STR_MP_VALIDERROR
 2:56:38.312 Localization not present: STR_MP_CONNECTION_LOOSING
 2:56:38.312 Localization not present: STR_MSG_MP_NO_PASSWORD
 2:56:38.312 Localization not present: STR_MSG_LAUNCH_GAME
 2:56:38.312 Localization not present: STR_LOAD_INIT
 2:56:38.312 Localization not present: STR_LOAD_WORLD
 2:56:38.312 Localization not present: STR_LOAD_GAME
 2:56:38.312 Localization not present: STR_SAVE_GAME
 2:56:38.312 Localization not present: STR_MP_CONNECT
 2:56:38.312 Localization not present: STR_MP_DISCONNECT
 2:56:38.312 Localization not present: STR_MP_CONNECTING
 2:56:38.312 Localization not present: STR_MP_TIMEOUT
 2:56:38.312 Localization not present: STR_DISP_CLIENT_TEXT_EDIT
 2:56:38.312 Localization not present: STR_MP_LOGIN_QUEUE_FULL
 2:56:38.322 Initializing stats manager.
 2:56:38.324 Stats config disabled.
 2:56:38.905 String "VSTR_TOOLTIP_TITLE_NOTICE" listed twice in "Global"
 2:56:38.932 String "STR_VPPAT_NAME" listed twice in "Global"
 2:56:38.932 String "VSTR_SESSION_DISCONNECT" listed twice in "Global"
 2:56:38.932 String "VSTR_ERROR_UPDATE_BUILDINGSET" listed twice in "Global"
 2:56:38.932 String "VSTR_ERROR_DELETE_BUILDINGSET" listed twice in "Global"
 2:56:38.932 String "VSTR_MISSING_PERM" listed twice in "Global"
 2:56:38.932 String "VSTR_UPDATED_PERM_SETTING" listed twice in "Global"
 2:56:38.932 String "VSTR_PERMS_REMOVE_USER" listed twice in "Global"
 2:56:38.932 String "VSTR_FROM_GROUP" listed twice in "Global"
 2:56:38.932 String "VSTR_ERROR_USER_SUPERADMIN" listed twice in "Global"
 2:56:38.932 String "VSTR_ERROR_INVALID_GROUP" listed twice in "Global"
 2:56:38.932 String "VSTR_PERMS_USER_INGTROUP" listed twice in "Global"
 2:56:38.932 String "VSTR_ERROR_UNKOWN_PERM" listed twice in "Global"
 2:56:38.932 String "VSTR_ERROR_NAME_MISMATCH" listed twice in "Global"
 2:56:38.932 String "VSTR_ERROR_NOT_ADMIN" listed twice in "Global"
 2:56:38.932 String "VSTR_ERROR_CANT_TARGET" listed twice in "Global"
 2:56:38.932 String "VSTR_ERROR_NO_PERM" listed twice in "Global"
 2:56:38.932 String "VSTR_PERM_LVL_LOW" listed twice in "Global"
 2:56:38.932 String "VSTR_BANNED" listed twice in "Global"
 2:56:38.932 String "VSTR_BAN_REASON" listed twice in "Global"
 2:56:38.932 String "VSTR_ERROR_BAN_PLAYER" listed twice in "Global"
 2:56:38.932 String "VSTR_KICK_PLAYER" listed twice in "Global"
 2:56:38.932 String "VSTR_NOTIFY_SPECTATE" listed twice in "Global"
 2:56:38.932 String "VSTR_NOTIFY_GODMODE_OFF" listed twice in "Global"
 2:56:38.932 String "VSTR_NOTIFY_GODMODE_ON" listed twice in "Global"
 2:56:38.932 String "VSTR_NOTIFY_REVOKE_GODMODE" listed twice in "Global"
 2:56:38.932 String "VSTR_NOTIFY_REVOKE_GODMODE_ADMIN" listed twice in "Global"
 2:56:38.932 String "VSTR_NOTIFY_GIVE_GODMODE" listed twice in "Global"
 2:56:38.932 String "VSTR_NOTIFY_GIVE_GODMODE_ADMIN" listed twice in "Global"
 2:56:38.932 String "VSTR_NOTIFY_REVOKE_AMMO" listed twice in "Global"
 2:56:38.932 String "VSTR_NOTIFY_REVOKE_AMMO_ADMIN" listed twice in "Global"
 2:56:38.932 String "VSTR_NOTIFY_GIVE_AMMO" listed twice in "Global"
 2:56:38.932 String "VSTR_NOTIFY_GIVE_AMMO_ADMIN" listed twice in "Global"
 2:56:38.932 String "VSTR_NOTIFY_RESTART_ERROR" listed twice in "Global"
 2:56:38.932 String "VSTR_NOTIFY_RESTART_IN" listed twice in "Global"
 2:56:38.932 String "VSTR_NOTIFY_TP_BRINGSELF_ERR" listed twice in "Global"
 2:56:38.932 String "VSTR_NOTIFY_ERR_TP_NORETURN" listed twice in "Global"
 2:56:38.932 String "VSTR_NOTIFY_ERR_TPSELF" listed twice in "Global"
 2:56:38.932 String "VSTR_TP_ERR_INVALID" listed twice in "Global"
 2:56:38.932 String "VSTR_DEL_SUCESS" listed twice in "Global"
 2:56:38.932 String "VSTR_ADD_SUCESS" listed twice in "Global"
 2:56:38.932 String "VSTR_EDIT_SUCESS" listed twice in "Global"
 2:56:38.932 String "VSTR_NOT_DEFINED" listed twice in "Global"
 2:56:38.932 String "VSTR_NOTIFY_TOOLS_TOGGLE_ON" listed twice in "Global"
 2:56:38.932 String "VSTR_NOTIFY_TOOLS_TOGGLE_OFF" listed twice in "Global"
 2:56:38.932 String "VSTR_NOTIFY_ERR_NOTTOGGLE" listed twice in "Global"
 2:56:38.932 String "VSTR_NOTIFY_DEL_OBJ" listed twice in "Global"
 2:56:38.932 String "VSTR_NOTIFY_Q_DEL" listed twice in "Global"
 2:56:38.932 String "VSTR_NOTIFY_COPY_CLIPBOARD" listed twice in "Global"
 2:56:38.932 String "VSTR_NOTIFY_COPY_POS" listed twice in "Global"
 2:56:38.932 String "VSTR_NOTIFY_SERVER_LOCK_OFF" listed twice in "Global"
 2:56:38.932 String "VSTR_NOTIFY_SERVER_LOCK_ON" listed twice in "Global"
 2:56:38.932 String "VSTR_NOTIFY_SERVER_LOCKED" listed twice in "Global"
 2:56:38.932 String "VSTR_NOTIFY_LOGGED_IN_ADMIN" listed twice in "Global"
 2:56:38.932 String "VSTR_NOTIFY_LOGGED_OUT_ADMIN" listed twice in "Global"
 2:56:38.932 String "VSTR_TOOLTIP_PLAYERMANAGER" listed twice in "Global"
 2:56:38.932 String "VSTR_TOOLTIP_ITEMMANAGER" listed twice in "Global"
 2:56:38.932 String "VSTR_TOOLTIP_TELEPORTMANAGER" listed twice in "Global"
 2:56:38.932 String "VSTR_TOOLTIP_COMMANDSMENU" listed twice in "Global"
 2:56:38.932 String "VSTR_TOOLTIP_SERVERMANAGER" listed twice in "Global"
 2:56:38.932 String "VSTR_TOOLTIP_WEATHERMANAGER" listed twice in "Global"
 2:56:38.932 String "VSTR_TOOLTIP_OBJMANAGER" listed twice in "Global"
 2:56:38.932 String "VSTR_TOOLTIP_BANSMANAGER" listed twice in "Global"
 2:56:38.932 String "VSTR_TOOLTIP_PERMSEDITOR" listed twice in "Global"
 2:56:38.932 String "VSTR_TOOLTIP_WEBHOOKS" listed twice in "Global"
 2:56:38.932 String "VSTR_TOOLTIP_XMLEDITOR" listed twice in "Global"
 2:56:38.932 String "VSTR_TOOLTIP_TITLE" listed twice in "Global"
 2:56:38.932 String "VSTR_TOOLTIP_BAN_TIP" listed twice in "Global"
 2:56:38.932 String "VSTR_TOOLTIP_BANS_DETIALS" listed twice in "Global"
 2:56:38.932 String "VSTR_Q_UNBAN" listed twice in "Global"
 2:56:38.932 String "VSTR_UNBAN" listed twice in "Global"
 2:56:38.932 String "VSTR_NOTIFIY_UPDATE_BAN_REASON" listed twice in "Global"
 2:56:38.932 String "VSTR_NOTIFIY_ERR_BAN_NOSELECT" listed twice in "Global"
 2:56:38.932 String "VSTR_NOTIFIY_UPDATE_BAN_TIME" listed twice in "Global"
 2:56:38.932 String "VSTR_TOOLTIP_SPH" listed twice in "Global"
 2:56:38.932 String "VSTR_TOOLTIP_SPG" listed twice in "Global"
 2:56:38.932 String "VSTR_TOOLTIP_SPAWNCAR" listed twice in "Global"
 2:56:38.932 String "VSTR_TOOLTIP_REFUEL" listed twice in "Global"
 2:56:38.932 String "VSTR_TOOLTIP_SPI" listed twice in "Global"
 2:56:38.932 String "VSTR_TOOLTIP_AMMO" listed twice in "Global"
 2:56:38.932 String "VSTR_TOOLTIP_TPP" listed twice in "Global"
 2:56:38.932 String "VSTR_TOOLTIP_TPT" listed twice in "Global"
 2:56:38.932 String "VSTR_TOOLTIP_GOTO" listed twice in "Global"
 2:56:38.932 String "VSTR_TOOLTIP_RETURN" listed twice in "Global"
 2:56:38.932 String "VSTR_TOOLTIP_BRING" listed twice in "Global"
 2:56:38.932 String "VSTR_TOOLTIP_HEAL" listed twice in "Global"
 2:56:38.932 String "VSTR_TOOLTIP_KILL" listed twice in "Global"
 2:56:38.932 String "VSTR_TOOLTIP_STRIP" listed twice in "Global"
 2:56:38.932 String "VSTR_TOOLTIP_CLEAR" listed twice in "Global"
 2:56:38.932 String "VSTR_TOOLTIP_COMMANDCONSOLE_KEYS" listed twice in "Global"
 2:56:38.932 String "VSTR_ESP_FILTER_RESTORE_TITLE" listed twice in "Global"
 2:56:38.932 String "VSTR_ESP_FILTER_RESTORE" listed twice in "Global"
 2:56:38.932 String "VSTR_ESP_CREATE_FILTER" listed twice in "Global"
 2:56:38.932 String "VSTR_ESP_FILTER_INFO" listed twice in "Global"
 2:56:38.932 String "VSTR_ESP_TITLE_DELETE" listed twice in "Global"
 2:56:38.932 String "VSTR_ESP_DEL_CONFIRM" listed twice in "Global"
 2:56:38.932 String "VSTR_ESP_TOOLTIP" listed twice in "Global"
 2:56:38.932 String "VSTR_ESP_Q_REMOVE" listed twice in "Global"
 2:56:38.932 String "VSTR_ESP_Q_REMOVE_2" listed twice in "Global"
 2:56:38.932 String "VSTR_ESP_DEL_CONFIRM_2" listed twice in "Global"
 2:56:38.932 String "VSTR_ESP_DEL_CONFIRM_3" listed twice in "Global"
 2:56:38.932 String "VSTR_NOTIFY_ERR_UNIQUE" listed twice in "Global"
 2:56:38.932 String "VSTR_DISPLAY_PARENT" listed twice in "Global"
 2:56:38.932 String "VSTR_TOOLTIP_ITEMMGR" listed twice in "Global"
 2:56:38.932 String "VSTR_TITLE_SAVEDPRESETS" listed twice in "Global"
 2:56:38.932 String "VSTR_NOTIFY_ERR_NOPRESET" listed twice in "Global"
 2:56:38.932 String "VSTR_NOTIFY_ERR_NOTSELECTPRESET" listed twice in "Global"
 2:56:38.932 String "VSTR_NOTIFY_ERR_SPAWN_PRESET" listed twice in "Global"
 2:56:38.932 String "VSTR_NOTIFY_ERR_SPAWN_PRESET_NOPLAYER" listed twice in "Global"
 2:56:38.932 String "VSTR_ALERT_ENABLE_PHYSICS" listed twice in "Global"
 2:56:38.932 String "VSTR_TOOLTIP_PHYSICS" listed twice in "Global"
 2:56:38.932 String "VSTR_TOOLTIP_EXPORT_SET" listed twice in "Global"
 2:56:38.932 String "VSTR_NOTIFY_ERR_DUPENAME" listed twice in "Global"
 2:56:38.932 String "VSTR_TITLE_WARNING" listed twice in "Global"
 2:56:38.932 String "VSTR_TOOLTIP_SELECT_SET" listed twice in "Global"
 2:56:38.932 String "VSTR_NOTIFY_OBJ_DESELECT" listed twice in "Global"
 2:56:38.932 String "VSTR_NOTIFY_OB_SELECTED" listed twice in "Global"
 2:56:38.932 String "VSTR_NOTIFY_ERR_ATTS_SHOWING" listed twice in "Global"
 2:56:38.932 String "VSTR_NOTIFY_ERR_NOSET_SELECTED" listed twice in "Global"
 2:56:38.932 String "VSTR_NOTIFY_ERR_SET_INACTIVE" listed twice in "Global"
 2:56:38.932 String "VSTR_TOOLTIP_HELP_OBJMANAGER" listed twice in "Global"
 2:56:38.932 String "VSTR_TILE_DEL_USER" listed twice in "Global"
 2:56:38.932 String "VSTR_Q_REMOVE_USER_FROMGROUP" listed twice in "Global"
 2:56:38.932 String "VSTR_Q_REMOVE_USER_FROMGROUP_2" listed twice in "Global"
 2:56:38.932 String "VSTR_TITLE_EDIT_PERMS" listed twice in "Global"
 2:56:38.932 String "VSTR_TOOLTIP_PERMSLEVEL" listed twice in "Global"
 2:56:38.932 String "VSTR_NOTIFY_PERMLVL_UPDATED" listed twice in "Global"
 2:56:38.932 String "VSTR_TOOLTIPE_TITLE_DELGROUP" listed twice in "Global"
 2:56:38.932 String "VSTR_TOOLTIPE_DELGROUP" listed twice in "Global"
 2:56:38.932 String "VSTR_TOOLTIP_TITLE_CREATEGROUP" listed twice in "Global"
 2:56:38.932 String "VSTR_TOOLTIP_CREATEGROUP" listed twice in "Global"
 2:56:38.932 String "VSTR_TOOLTIP_TITLE_UPDATE_PERMSGRP" listed twice in "Global"
 2:56:38.932 String "VSTR_TOOLTIP_UPDATE_PERMSGRP" listed twice in "Global"
 2:56:38.932 String "VSTR_NOTIFY_PERMS_REQUSTADD" listed twice in "Global"
 2:56:38.932 String "VSTR_NOTIFY_ERR_ADD_PLAYERSPERMS" listed twice in "Global"
 2:56:38.932 String "VSTR_NOTIFY_PERMS_UPD_GRP" listed twice in "Global"
 2:56:38.932 String "VSTR_NOTIFY_PERMS_UPD_GRP_2" listed twice in "Global"
 2:56:38.932 String "VSTR_NOTIFY_GRPNAME" listed twice in "Global"
 2:56:38.932 String "VSTR_NOTIFY_ALREADY_EXISTS" listed twice in "Global"
 2:56:38.932 String "VSTR_NOTIFY_USER_GRP_CREATED" listed twice in "Global"
 2:56:38.932 String "VSTR_NOTIFY_SUCCESS_COPY_TOCLIPBOARD" listed twice in "Global"
 2:56:38.932 String "VSTR_TOOLTIP_TITLE_NOTICE" listed twice in "Global"
 2:56:38.932 String "VSTR_TOOLTIP_WRN_ADDPLAYERTOGRP" listed twice in "Global"
 2:56:38.932 String "VSTR_TOOLTIP_TITLE_VOMIT" listed twice in "Global"
 2:56:38.932 String "VSTR_TOOLTIP_VOMIT" listed twice in "Global"
 2:56:38.932 String "VSTR_TOOLTIP_TITLE_KICK" listed twice in "Global"
 2:56:38.932 String "VSTR_TOOLTIP_KICK_REASON" listed twice in "Global"
 2:56:38.932 String "VSTR_TOOLTIP_TITLE_KILL_PLAYERS" listed twice in "Global"
 2:56:38.932 String "VSTR_TOOLTIP_KILL_PLAYERS" listed twice in "Global"
 2:56:38.932 String "VSTR_TOOLTIP_TITLE_SEND_MSG" listed twice in "Global"
 2:56:38.932 String "VSTR_TOOLTIP_SEND_MSG" listed twice in "Global"
 2:56:38.932 String "VSTR_TOOLTIP_TITLE_BAN_PLAYER" listed twice in "Global"
 2:56:38.932 String "VSTR_TOOLTIP_TITLE_RET_PLAYER" listed twice in "Global"
 2:56:38.932 String "VSTR_TOOLTIP_BAN_PLAYER" listed twice in "Global"
 2:56:38.932 String "VSTR_TOOLTIP_RET_PLAYER" listed twice in "Global"
 2:56:38.933 String "VSTR_NOTIFY_APPLY_HEALTH" listed twice in "Global"
 2:56:38.933 String "VSTR_NOTIFY_APPLY_BLOOD" listed twice in "Global"
 2:56:38.933 String "VSTR_NOTIFY_APPLY_SHOCK" listed twice in "Global"
 2:56:38.933 String "VSTR_NOTIFY_APPLY_WATER" listed twice in "Global"
 2:56:38.933 String "VSTR_NOTIFY_APPLY_ENERGY" listed twice in "Global"
 2:56:38.933 String "VSTR_NOTIFY_KICK_MESSAGE_PLAYER" listed twice in "Global"
 2:56:38.933 String "VSTR_NOTIFY_SPECTATE_REQ" listed twice in "Global"
 2:56:38.933 String "VSTR_TOOLTIP_TITLE_RESTARTSERVER" listed twice in "Global"
 2:56:38.933 String "VSTR_TOOLTIP_RESTARTSERVER" listed twice in "Global"
 2:56:38.933 String "VSTR_TOOLTIP_TITLE_LOCKSERVER" listed twice in "Global"
 2:56:38.933 String "VSTR_TOOLTIP_LOCKSERVER" listed twice in "Global"
 2:56:38.933 String "VSTR_TOOLTIP_TITLE_KICKALLPLAYERS" listed twice in "Global"
 2:56:38.933 String "VSTR_TOOLTIP_KICKALLPLAYERS" listed twice in "Global"
 2:56:38.933 String "VSTR_NOTIFY_KICKINGPLAYERS" listed twice in "Global"
 2:56:38.933 String "VSTR_TOOLTIP_TP_MENU_INFO" listed twice in "Global"
 2:56:38.933 String "VSTR_TOOLTIP_TITLE_DEL_PRESET_TP" listed twice in "Global"
 2:56:38.933 String "VSTR_TOOLTIP_DEL_PRESET_TP" listed twice in "Global"
 2:56:38.933 String "VSTR_NOTIFY_ERR_TP_PLAYER" listed twice in "Global"
 2:56:38.933 String "VSTR_NOTIFY_ERR_TP_PLAYERS_NOTSELECT" listed twice in "Global"
 2:56:38.933 String "VSTR_NOTIFY_ERR_INVALIDPOS" listed twice in "Global"
 2:56:38.933 String "VSTR_NOTIFY_ERR_TP_NAME_UNIQUE" listed twice in "Global"
 2:56:38.933 String "VSTR_TOOLTIP_WEATHER_MNU" listed twice in "Global"
 2:56:38.933 String "VSTR_TOOLTIP_WEATHER_PRST" listed twice in "Global"
 2:56:38.933 String "VSTR_TOOLTIP_SELECT_PRST_WEATHER" listed twice in "Global"
 2:56:38.933 String "VSTR_NOTIFY_ERR_WEATHERSETTING" listed twice in "Global"
 2:56:38.933 String "VSTR_NOTIFY_DEL_WEATHER_PRST" listed twice in "Global"
 2:56:38.933 String "VSTR_NOTIFY_INCRR_PRESET" listed twice in "Global"
 2:56:38.933 String "VSTR_NOTIFY_NAME_INUSE" listed twice in "Global"
 2:56:38.933 String "VSTR_NOTIFY_ERR_INVALID_WEATHERDATA" listed twice in "Global"
 2:56:38.933 String "VSTR_NOTIFY_SAVING_WEATHER" listed twice in "Global"
 2:56:38.933 String "VSTR_NOTIFY_ERR_WEATHER_SELECT_PRST" listed twice in "Global"
 2:56:38.933 String "VSTR_NOTIFY_APPLY_WEATHERPREST" listed twice in "Global"
 2:56:38.933 String "VSTR_NOTIFY_SELECT_PRST_WEATHER_DEL" listed twice in "Global"
 2:56:38.933 String "VSTR_NOTIFY_ERR_TIME_PRST" listed twice in "Global"
 2:56:38.933 String "VSTR_NOTIFY_REMOVE_DATE_PRST" listed twice in "Global"
 2:56:38.933 String "VSTR_NOTIFY_ERR_MISSING_DATE" listed twice in "Global"
 2:56:38.933 String "VSTR_NOTIFY_ERR_DUPE_TIME_PRST" listed twice in "Global"
 2:56:38.933 String "VSTR_NOTIFY_SAVE_PRST_DATE" listed twice in "Global"
 2:56:38.933 String "VSTR_NOTIFY_ERR_DATE_MISSING" listed twice in "Global"
 2:56:38.933 String "VSTR_NOTIFY_WTH_APPLYING" listed twice in "Global"
 2:56:38.933 String "VSTR_NOTIFY_SELECT_TIME_PRST" listed twice in "Global"
 2:56:38.933 String "VSTR_NOTIFY_APPLY_TIME_PRST" listed twice in "Global"
 2:56:38.933 String "VSTR_NOTIFY_UPDATED_TIME_PRST" listed twice in "Global"
 2:56:38.933 String "VSTR_TOOLTIP_TITLE_SAVE_CHANGE" listed twice in "Global"
 2:56:38.933 String "VSTR_TOOLTIP_SAVE_CHANGE" listed twice in "Global"
 2:56:38.933 String "VSTR_NOTIFY_WBHOOKS_CONFG" listed twice in "Global"
 2:56:38.933 String "VSTR_NOTIFY_ERR_NOWEBHOOK" listed twice in "Global"
 2:56:38.933 String "VSTR_NOTIFY_ERR_WBHOOK_NAMESHORT" listed twice in "Global"
 2:56:38.933 String "VSTR_NOTIFY_ERR_NAMEINUSE_WEBHOOK" listed twice in "Global"
 2:56:38.933 String "VSTR_NOTIFY_ERR_DEL_WEBHOOK" listed twice in "Global"
 2:56:38.933 String "VSTR_TOOLTIP_TITLE_WBHOOK_DEL" listed twice in "Global"
 2:56:38.933 String "VSTR_TOOLTIP_WBHOOK_DEL" listed twice in "Global"
 2:56:38.933 String "VSTR_TOOLTIP_TITLE_WBHOOK_SELC" listed twice in "Global"
 2:56:38.933 String "VSTR_TOOLTIP_WBHOOK_SELC" listed twice in "Global"
 2:56:38.933 String "VSTR_TOOLTIP_XML_EDITORCHN" listed twice in "Global"
 2:56:38.933 String "VSTR_TOOLTIP_XML_SCAN" listed twice in "Global"
 2:56:38.933 String "VSTR_XML_TITLE_NOMINAL" listed twice in "Global"
 2:56:38.933 String "VSTR_XML_TITLE_LIFETIME" listed twice in "Global"
 2:56:38.933 String "VSTR_XML_TITLE_RESTOCK" listed twice in "Global"
 2:56:38.933 String "VSTR_XML_TITLE_MIN" listed twice in "Global"
 2:56:38.933 String "VSTR_XML_TITLE_QUANTMIN" listed twice in "Global"
 2:56:38.933 String "VSTR_XML_TITLE_QUANTMAX" listed twice in "Global"
 2:56:38.933 String "VSTR_XML_TITLE_COST" listed twice in "Global"
 2:56:38.933 String "VSTR_XML_NOMINAL" listed twice in "Global"
 2:56:38.933 String "VSTR_XML_LIFETIME" listed twice in "Global"
 2:56:38.933 String "VSTR_XML_RESTOCK" listed twice in "Global"
 2:56:38.933 String "VSTR_XML_MIN" listed twice in "Global"
 2:56:38.933 String "VSTR_XML_QUANTMIN" listed twice in "Global"
 2:56:38.933 String "VSTR_XML_QUNATMAX" listed twice in "Global"
 2:56:38.933 String "VSTR_XML_COST" listed twice in "Global"
 2:56:38.933 String "VSTR_NOTIFY_ERR_XML_NOITEM" listed twice in "Global"
 2:56:38.933 String "VSTR_NOTIFY_WAIT_INFO" listed twice in "Global"
 2:56:38.933 String "VSTR_NOTIFY_TOTALSCANNED" listed twice in "Global"
 2:56:38.933 String "VSTR_XML_ERR_NOT_DEF" listed twice in "Global"
 2:56:38.933 String "VSTR_XML_SUCCESS_RETRIVE" listed twice in "Global"
 2:56:38.933 String "VSTR_XML_NOTIFY_ERR" listed twice in "Global"
 2:56:38.933 String "VSTR_XML_ERR_SELECTFIRST" listed twice in "Global"
 2:56:38.933 String "VSTR_YEAR" listed twice in "Global"
 2:56:38.933 String "VSTR_MONTH" listed twice in "Global"
 2:56:38.933 String "VSTR_DAY" listed twice in "Global"
 2:56:38.933 String "VSTR_HOUR" listed twice in "Global"
 2:56:38.933 String "VSTR_MINUTE" listed twice in "Global"
 2:56:38.933 String "VSTR_CANCEL" listed twice in "Global"
 2:56:38.933 String "VSTR_APPLY" listed twice in "Global"
 2:56:38.933 String "VSTR_BAN_PERMA" listed twice in "Global"
 2:56:38.933 String "VSTR_EDIT_DURATION" listed twice in "Global"
 2:56:38.933 String "VSTR_SEARCH" listed twice in "Global"
 2:56:38.933 String "VSTR_BAN_LIST_MANAGER_TITLE" listed twice in "Global"
 2:56:38.933 String "VSTR_REFRESH" listed twice in "Global"
 2:56:38.933 String "VSTR_BAN_LIST" listed twice in "Global"
 2:56:38.933 String "VSTR_DETALIS" listed twice in "Global"
 2:56:38.933 String "VSTR_LBL_NAME" listed twice in "Global"
 2:56:38.933 String "VSTR_LBL_STEAMID" listed twice in "Global"
 2:56:38.933 String "VSTR_LBL_GUID" listed twice in "Global"
 2:56:38.933 String "VSTR_LBL_REASON" listed twice in "Global"
 2:56:38.933 String "VSTR_LBL_EXPERIY_DATE" listed twice in "Global"
 2:56:38.933 String "VSTR_LBL_ISSUED_BY" listed twice in "Global"
 2:56:38.933 String "VSTR_LBL_REMOVE_SEL_PLAYERS" listed twice in "Global"
 2:56:38.933 String "VSTR_LBL_CMD_TITLE" listed twice in "Global"
 2:56:38.933 String "VSTR_LBL_CLEAR_LIST" listed twice in "Global"
 2:56:38.933 String "VSTR_LBL_DELETE_ALL" listed twice in "Global"
 2:56:38.933 String "VSTR_LBL_SELECTED_ITEMS" listed twice in "Global"
 2:56:38.933 String "VSTR_TITLE_ESP_TOOLS" listed twice in "Global"
 2:56:38.933 String "VSTR_LBL_ACTIONS" listed twice in "Global"
 2:56:38.933 String "VSTR_LBL_CLEAR" listed twice in "Global"
 2:56:38.933 String "VSTR_LBL_TOGGLE" listed twice in "Global"
 2:56:38.933 String "VSTR_LBL_SHOW_CLASSNAME" listed twice in "Global"
 2:56:38.933 String "VSTR_LBL_DEL_RADIUS" listed twice in "Global"
 2:56:38.933 String "VSTR_LBL_CLASS_NAME" listed twice in "Global"
 2:56:38.933 String "VSTR_LBL_UPDATE_INTERVAL" listed twice in "Global"
 2:56:38.933 String "VSTR_LBL_SHOW_DETAILED_ESP" listed twice in "Global"
 2:56:38.933 String "VSTR_LBL_FILTERS" listed twice in "Global"
 2:56:38.933 String "VSTR_LBL_DEFAULTS" listed twice in "Global"
 2:56:38.933 String "VSTR_LBL_DISTANCE" listed twice in "Global"
 2:56:38.933 String "VSTR_ITEM_MANAGER_TITLE" listed twice in "Global"
 2:56:38.933 String "VSTR_LBL_ITEM_SETS" listed twice in "Global"
 2:56:38.933 String "VSTR_LBL_RELOAD" listed twice in "Global"
 2:56:38.933 String "VSTR_LBL_ITEMS" listed twice in "Global"
 2:56:38.933 String "VSTR_LBL_ITEMS_LIST" listed twice in "Global"
 2:56:38.933 String "VSTR_LBL_ITEM_PREVIEW" listed twice in "Global"
 2:56:38.933 String "VSTR_ENABLE_PREVIEW" listed twice in "Global"
 2:56:38.933 String "VSTR_ENABLE_NO_CLIP" listed twice in "Global"
 2:56:38.933 String "VSTR_SPAWN_OPTIONS" listed twice in "Global"
 2:56:38.933 String "VSTR_LBL_QUANTITY" listed twice in "Global"
 2:56:38.933 String "VSTR_LBL_CONDITION" listed twice in "Global"
 2:56:38.933 String "VSTR_LBL_SPAWN_IN" listed twice in "Global"
 2:56:38.933 String "VSTR_LBL_OTHER" listed twice in "Global"
 2:56:38.933 String "VSTR_LBL_PRISTINE" listed twice in "Global"
 2:56:38.933 String "VSTR_LBL_WORN" listed twice in "Global"
 2:56:38.933 String "VSTR_LBL_DAMAGED" listed twice in "Global"
 2:56:38.933 String "VSTR_LBL_BADLY_DAMAGED" listed twice in "Global"
 2:56:38.933 String "VSTR_LBL_RUIEND" listed twice in "Global"
 2:56:38.933 String "VSTR_LBL_IN_INENTORY" listed twice in "Global"
 2:56:38.933 String "VSTR_LBL_ON_GROUND" listed twice in "Global"
 2:56:38.933 String "VSTR_LBL_AT_CROSSHAIRS" listed twice in "Global"
 2:56:38.933 String "VSTR_LBL_ON_SELECTED_PLAYERS" listed twice in "Global"
 2:56:38.934 String "VSTR_LBL_SAVED_ITEM_SETS" listed twice in "Global"
 2:56:38.934 String "VSTR_LBL_PRESET_ACTIONS" listed twice in "Global"
 2:56:38.934 String "VSTR_LBL_SPAWN_PRESET" listed twice in "Global"
 2:56:38.934 String "VSTR_LBL_CREATE_PRESET" listed twice in "Global"
 2:56:38.934 String "VSTR_LBL_DELETE_PRESET" listed twice in "Global"
 2:56:38.934 String "VSTR_LBL_SAVE_CHANGES" listed twice in "Global"
 2:56:38.934 String "VSTR_LBL_NEW_PRESET_ATTS_ITEMMANAGER" listed twice in "Global"
 2:56:38.934 String "VSTR_LBL_PRESET_NAME" listed twice in "Global"
 2:56:38.934 String "VSTR_LBL_SAVE" listed twice in "Global"
 2:56:38.934 String "VSTR_LBL_SELECT" listed twice in "Global"
 2:56:38.934 String "VSTR_LBL_TYPE" listed twice in "Global"
 2:56:38.934 String "VSTR_LBL_YAW" listed twice in "Global"
 2:56:38.934 String "VSTR_LBL_PITCH" listed twice in "Global"
 2:56:38.934 String "VSTR_LBL_ROLL" listed twice in "Global"
 2:56:38.934 String "VSTR_LBL_BUILDING_SET_ATTS" listed twice in "Global"
 2:56:38.934 String "VSTR_LBL_BUILDING_SET_NAME" listed twice in "Global"
 2:56:38.934 String "VSTR_LBL_BLD_SET_ACTIVE" listed twice in "Global"
 2:56:38.934 String "VSTR_LBL_EXPORT_RAW" listed twice in "Global"
 2:56:38.934 String "VSTR_LBL_OK" listed twice in "Global"
 2:56:38.934 String "VSTR_BUILDING_ATTS" listed twice in "Global"
 2:56:38.934 String "VSTR_LBL_BLD_SET_ACTIVE_S" listed twice in "Global"
 2:56:38.934 String "VSTR_BUILDING_MANAGER_TITLE" listed twice in "Global"
 2:56:38.934 String "VSTR_LBL_NEW_OBJ_ATT" listed twice in "Global"
 2:56:38.934 String "VSTR_LBL_SEARCH_KEYWORD" listed twice in "Global"
 2:56:38.934 String "VSTR_LBL_HELP" listed twice in "Global"
 2:56:38.934 String "VSTR_LBL_OPTIONS" listed twice in "Global"
 2:56:38.934 String "VSTR_LBL_FREE_CAM" listed twice in "Global"
 2:56:38.934 String "VSTR_LBL_TOP_DOWN_VIEW" listed twice in "Global"
 2:56:38.934 String "VSTR_LBL_FOV" listed twice in "Global"
 2:56:38.934 String "VSTR_LBL_SNAP_ON_MOVE" listed twice in "Global"
 2:56:38.934 String "VSTR_ENABLE_OBJ_SNAP" listed twice in "Global"
 2:56:38.934 String "VSTR_LBL_BUILDING_SETS" listed twice in "Global"
 2:56:38.934 String "VSTR_LBL_CREATE_NEW_BUILD_SET" listed twice in "Global"
 2:56:38.934 String "VSTR_LBL_SAVE_EDITS" listed twice in "Global"
 2:56:38.934 String "VSTR_PERMISSIONS_MANAGER_TITLE" listed twice in "Global"
 2:56:38.934 String "VSTR_LBL_AVA_PERMS" listed twice in "Global"
 2:56:38.934 String "VSTR_LBL_USER_GROUPS" listed twice in "Global"
 2:56:38.934 String "VSTR_LBL_ADD_MEMEBER" listed twice in "Global"
 2:56:38.934 String "VSTR_LBL_UPDATE_PERMISSIONS" listed twice in "Global"
 2:56:38.934 String "VSTR_LBL_CREATE_GROUP" listed twice in "Global"
 2:56:38.934 String "VSTR_LBL_DELETE_GROUP" listed twice in "Global"
 2:56:38.934 String "VSTR_LBL_UPDATE_GROUP_ATTS" listed twice in "Global"
 2:56:38.934 String "VSTR_LBL_GROUP_NAME_FORCE" listed twice in "Global"
 2:56:38.934 String "VSTR_LBL_GROUP_NAME" listed twice in "Global"
 2:56:38.934 String "VSTR_LBL_GROUP_TOTAL_MEMBERS" listed twice in "Global"
 2:56:38.934 String "VSTR_LBL_GROUP_PERMS_LVL" listed twice in "Global"
 2:56:38.934 String "VSTR_PLAYER_MANAGER_TITLE" listed twice in "Global"
 2:56:38.934 String "VSTR_LBL_PLAYERS_LIST" listed twice in "Global"
 2:56:38.934 String "VSTR_LBL_PLAYERS_DETAILS" listed twice in "Global"
 2:56:38.934 String "VSTR_LBL_MODIFIERS" listed twice in "Global"
 2:56:38.934 String "VSTR_LBL_HEAL_PLAYERS" listed twice in "Global"
 2:56:38.934 String "VSTR_LBL_KILL_PLAYERS" listed twice in "Global"
 2:56:38.934 String "VSTR_LBL_TP_TO_ME" listed twice in "Global"
 2:56:38.934 String "VSTR_LBL_SEND_MESSAGE" listed twice in "Global"
 2:56:38.934 String "VSTR_LBL_TP_ME_TO" listed twice in "Global"
 2:56:38.934 String "VSTR_LBL_KICK_PLAYERS" listed twice in "Global"
 2:56:38.934 String "VSTR_LBL_BAN_PLAYERS" listed twice in "Global"
 2:56:38.934 String "VSTR_LBL_SPECTATE_PLAYER" listed twice in "Global"
 2:56:38.934 String "VSTR_LBL_MAKE_VOMIT" listed twice in "Global"
 2:56:38.934 String "VSTR_LBL_GODMODE" listed twice in "Global"
 2:56:38.934 String "VSTR_LBL_UNLIM_AMMO" listed twice in "Global"
 2:56:38.934 String "VSTR_LBL_SET_INVIS" listed twice in "Global"
 2:56:38.934 String "VSTR_LBL_FREEZE_PLAYER" listed twice in "Global"
 2:56:38.934 String "VSTR_LBL_USER_GROUP" listed twice in "Global"
 2:56:38.934 String "VSTR_LBL_COPY_INFO" listed twice in "Global"
 2:56:38.934 String "VSTR_SERVER_MANAGER_TITLE" listed twice in "Global"
 2:56:38.934 String "VSTR_LBL_ACTIVVITY_MAP" listed twice in "Global"
 2:56:38.934 String "VSTR_LBL_SCRIPT_LOADER" listed twice in "Global"
 2:56:38.934 String "VSTR_LBL_REFRESH_LIST" listed twice in "Global"
 2:56:38.934 String "VSTR_LBL_WRITE" listed twice in "Global"
 2:56:38.934 String "VSTR_LBL_VIEW" listed twice in "Global"
 2:56:38.934 String "VSTR_LBL_LOAD" listed twice in "Global"
 2:56:38.934 String "VSTR_LBL_RELEASE" listed twice in "Global"
 2:56:38.934 String "VSTR_LBL_ADMIN_LOGIN" listed twice in "Global"
 2:56:38.934 String "VSTR_LBL_PASSWORD" listed twice in "Global"
 2:56:38.934 String "VSTR_LBL_SERVER_MONITOR" listed twice in "Global"
 2:56:38.934 String "VSTR_LBL_SERVER_FPS" listed twice in "Global"
 2:56:38.934 String "VSTR_LBL_ONLINE_PLAYERS" listed twice in "Global"
 2:56:38.934 String "VSTR_LBL_SERVER_UPTIME" listed twice in "Global"
 2:56:38.934 String "VSTR_LBL_MEM_USED" listed twice in "Global"
 2:56:38.934 String "VSTR_LBL_NETWORK_TRAFFIC" listed twice in "Global"
 2:56:38.934 String "VSTR_LBL_NETWORK_TRAFFIC2" listed twice in "Global"
 2:56:38.934 String "VSTR_LBL_ACTIVE_AI" listed twice in "Global"
 2:56:38.934 String "VSTR_LBL_REFRESH_ACTIVITY" listed twice in "Global"
 2:56:38.934 String "VSTR_LBL_AUTO_UPDATE_ACTIVITY" listed twice in "Global"
 2:56:38.934 String "VSTR_LBL_RESTART_SERVER" listed twice in "Global"
 2:56:38.934 String "VSTR_LBL_LOCKSERVER" listed twice in "Global"
 2:56:38.934 String "VSTR_LBL_KILL_ALL_PLAYERS" listed twice in "Global"
 2:56:38.934 String "VSTR_LBL_RETURN_PLAYERS" listed twice in "Global"
 2:56:38.934 String "VSTR_TELEPORT_MANAGER_TITLE" listed twice in "Global"
 2:56:38.934 String "VSTR_LBL_SAVED_POSITIONS" listed twice in "Global"
 2:56:38.934 String "VSTR_LBL_ADD_NEW_POS" listed twice in "Global"
 2:56:38.934 String "VSTR_LBL_EDIT_SEL_POS" listed twice in "Global"
 2:56:38.934 String "VSTR_LBL_DEL_SEL_POS" listed twice in "Global"
 2:56:38.934 String "VSTR_LBL_TP_TO_SEL_PLAYERS" listed twice in "Global"
 2:56:38.934 String "VSTR_LBL_TP_TO_POS" listed twice in "Global"
 2:56:38.934 String "VSTR_LBL_NEW_TP_POS_ATTS" listed twice in "Global"
 2:56:38.934 String "VSTR_LBL_POS" listed twice in "Global"
 2:56:38.934 String "VSTR_WEATHER_MANAGER" listed twice in "Global"
 2:56:38.934 String "VSTR_LBL_PRESETS" listed twice in "Global"
 2:56:38.934 String "VSTR_LBL_INFORMATION" listed twice in "Global"
 2:56:38.934 String "VSTR_LBL_TIME" listed twice in "Global"
 2:56:38.934 String "VSTR_LBL_DATE" listed twice in "Global"
 2:56:38.934 String "VSTR_LBL_RAIN" listed twice in "Global"
 2:56:38.934 String "VSTR_LBL_OVERCAST" listed twice in "Global"
 2:56:38.934 String "VSTR_LBL_FOG" listed twice in "Global"
 2:56:38.934 String "VSTR_LBL_WIND_FORCE" listed twice in "Global"
 2:56:38.934 String "VSTR_LBL_WORLD_TIME" listed twice in "Global"
 2:56:38.934 String "VSTR_LBL_HOUR" listed twice in "Global"
 2:56:38.934 String "VSTR_LBL_MINUTE" listed twice in "Global"
 2:56:38.934 String "VSTR_LBL_DAY" listed twice in "Global"
 2:56:38.934 String "VSTR_LBL_MONTH" listed twice in "Global"
 2:56:38.934 String "VSTR_LBL_YEAR" listed twice in "Global"
 2:56:38.934 String "VSTR_LBL_APPLY_PRESET" listed twice in "Global"
 2:56:38.934 String "VSTR_LBL_USE_CURRENT_TIME" listed twice in "Global"
 2:56:38.934 String "VSTR_LBL_DELETE_W_PRESET" listed twice in "Global"
 2:56:38.934 String "VSTR_LBL_ENTER_NAME" listed twice in "Global"
 2:56:38.934 String "VSTR_LBL_WEATHER_CONFG" listed twice in "Global"
 2:56:38.934 String "VSTR_LBL_RATE_OF_CHANGE" listed twice in "Global"
 2:56:38.934 String "VSTR_LBL_DURATION" listed twice in "Global"
 2:56:38.934 String "VSTR_WEB_HOOKS_MANAGER_TITLE" listed twice in "Global"
 2:56:38.934 String "VSTR_LBL_WEBHOOKS" listed twice in "Global"
 2:56:38.934 String "VSTR_LBL_WEBHOOKS_ATTS" listed twice in "Global"
 2:56:38.934 String "VSTR_LBL_SEND_DEATH_LOGS" listed twice in "Global"
 2:56:38.934 String "VSTR_LBL_SIMPLIFIED_LOGS" listed twice in "Global"
 2:56:38.934 String "VSTR_LBL_SEND_ADMIN_LOGS" listed twice in "Global"
 2:56:38.934 String "VSTR_LBL_SEND_HIT_LOGS" listed twice in "Global"
 2:56:38.934 String "VSTR_LBL_SEND_PLAYER_LEAVE_JOIN_LOGS" listed twice in "Global"
 2:56:38.934 String "VSTR_LBL_URL" listed twice in "Global"
 2:56:38.934 String "VSTR_LBL_WEBHOOKS_TIP" listed twice in "Global"
 2:56:38.934 String "VSTR_LBL_CREATE_NEW_PRESET" listed twice in "Global"
 2:56:38.934 String "VSTR_LBL_PLEASE_WAIT" listed twice in "Global"
 2:56:38.934 String "VSTR_LBL_APPLY_CHANGES" listed twice in "Global"
 2:56:38.934 String "VSTR_LBL_LOAD_SELECTED" listed twice in "Global"
 2:56:38.934 String "VSTR_LBL_GET_ITEM_STATS" listed twice in "Global"
 2:56:38.934 String "VSTR_XML_EDITOR_TITLE" listed twice in "Global"
 2:56:38.934 String "VSTR_XML_MENU_TOOLTIP" listed twice in "Global"
 2:56:38.939 String "vpp_focus_on_game" listed twice in "Global"
 2:56:38.939 String "vpp_settings_collapseesp" listed twice in "Global"
 2:56:38.939 String "vpp_settings_toggleplayerdetail" listed twice in "Global"
 2:56:38.939 String "vpp_settings_openadmintools" listed twice in "Global"
 2:56:38.939 String "vpp_settings_toggleadmintools" listed twice in "Global"
 2:56:38.939 String "vpp_settings_teleporttocrosshair" listed twice in "Global"
 2:56:38.939 String "vpp_settings_deleteobjectatcrosshair" listed twice in "Global"
 2:56:38.939 String "vpp_settings_togglegodmode" listed twice in "Global"
 2:56:38.939 String "vpp_settings_copyposition" listed twice in "Global"
 2:56:38.939 String "vpp_settings_repairvehicle" listed twice in "Global"
 2:56:38.939 String "vpp_settings_togglefreecam" listed twice in "Global"
 2:56:38.939 String "vpp_settings_exitspectate" listed twice in "Global"
 2:56:38.939 String "vpp_settings_selectobject" listed twice in "Global"
 2:56:38.939 String "vpp_settings_deselectobject" listed twice in "Global"
 2:56:38.939 String "vpp_settings_incrementaxis" listed twice in "Global"
 2:56:38.939 String "vpp_settings_decrementaxis" listed twice in "Global"
 2:56:38.939 String "vpp_settings_healtarget" listed twice in "Global"
 2:56:38.939 String "vpp_settings_surprise" listed twice in "Global"
 2:56:38.939 String "vpp_settings_cmdconsole" listed twice in "Global"
 2:56:38.939 String "vpp_settings_skeletons" listed twice in "Global"
 2:56:38.939 String "vpp_settings_invisibility" listed twice in "Global"
 2:56:38.939 String "vpp_settings_camforward" listed twice in "Global"
 2:56:38.939 String "vpp_settings_cambackward" listed twice in "Global"
 2:56:38.939 String "vpp_settings_camright" listed twice in "Global"
 2:56:38.939 String "vpp_settings_camleft" listed twice in "Global"
 2:56:38.939 String "vpp_settings_camup" listed twice in "Global"
 2:56:38.939 String "vpp_settings_camdown" listed twice in "Global"
 2:56:38.939 String "vpp_settings_camturbo" listed twice in "Global"
 2:56:38.939 String "vpp_settings_rotateleft" listed twice in "Global"
 2:56:38.939 String "vpp_settings_rotateright" listed twice in "Global"
 2:56:38.939 String "vpp_settings_camshiftleft" listed twice in "Global"
 2:56:38.939 String "vpp_settings_camshiftright" listed twice in "Global"
 2:56:38.939 String "vpp_settings_camshiftup" listed twice in "Global"
 2:56:38.939 String "vpp_settings_camshiftdown" listed twice in "Global"
 2:56:38.939 String "vpp_settings_camspeedadd" listed twice in "Global"
 2:56:38.939 String "vpp_settings_camspeeddeduct" listed twice in "Global"
 2:56:38.939 String "vpp_settings_camfov" listed twice in "Global"
 2:56:38.939 String "vpp_settings_toggleesp" listed twice in "Global"
 2:56:38.939 String "vpp_menu_vpp" listed twice in "Global"
 2:56:38.940 String "vpp_bind_unfocus" listed twice in "Global"
 2:56:40.446 Updating base class All->AllVehicles, by DZ\data\config.bin/CfgVehicles/Man/
 2:56:40.499 Updating base class Name->NameIcon, by DZ\gear\navigation\config.bin/CfgLocationTypes/Hill/
 2:56:40.499 Updating base class Hill->NameIcon, by DZ\gear\navigation\config.bin/CfgLocationTypes/ViewPoint/
 2:56:40.499 Updating base class Hill->NameIcon, by DZ\gear\navigation\config.bin/CfgLocationTypes/RockArea/
 2:56:40.499 Updating base class Hill->NameIcon, by DZ\gear\navigation\config.bin/CfgLocationTypes/BorderCrossing/
 2:56:40.499 Updating base class Hill->NameIcon, by DZ\gear\navigation\config.bin/CfgLocationTypes/VegetationBroadleaf/
 2:56:40.499 Updating base class Hill->NameIcon, by DZ\gear\navigation\config.bin/CfgLocationTypes/VegetationFir/
 2:56:40.499 Updating base class Hill->NameIcon, by DZ\gear\navigation\config.bin/CfgLocationTypes/VegetationPalm/
 2:56:40.499 Updating base class Hill->NameIcon, by DZ\gear\navigation\config.bin/CfgLocationTypes/VegetationVineyard/
 2:56:40.640 Updating base class ->Rifle_Base, by DZ\weapons\firearms\m4\config.bin/cfgWeapons/M4A1_Base/
 2:56:40.640 Updating base class ->M4A1_Base, by DZ\weapons\firearms\m4\config.bin/cfgWeapons/M4A1/
 2:56:40.646 Updating base class Weather->, by DZ\worlds\chernarusplus\world\config.bin/CfgWorlds/CAWorld/Weather/
 2:56:40.646 Updating base class Overcast->, by DZ\worlds\chernarusplus\world\config.bin/CfgWorlds/CAWorld/Weather/Overcast/
 2:56:40.663 Updating base class MapDefaults->, by VPPAdminTools\assets\config.bin/RscMapControl/
 2:56:41.840 Updating base class ->Bullet_Base, by DZ\weapons\melee\config.bin/CfgAmmo/MeleeDamage/
 2:56:42.391 ENGINE       : Enfusion engine version 0.1
 2:56:42.399 ENGINE       : FileSystem: Adding relative directory 'G:\SteamLibrary\steamapps\common\DayZServer' to RV filesystem under name CurrentDir
 2:56:42.399 ENGINE       : Loading config '$CurrentDir:DayZSetting.xml'
 2:56:42.410 ENGINE       : FileSystem: Adding package 'G:\SteamLibrary\steamapps\common\DayZServer\addons\structures_proxy_parts.pbo' to RV filesystem
 2:56:42.411 ENGINE       : FileSystem: Adding package 'G:\SteamLibrary\steamapps\common\DayZServer\addons\weapon_underslung.pbo' to RV filesystem
 2:56:42.411 ENGINE       : FileSystem: Adding package 'G:\SteamLibrary\steamapps\common\DayZServer\addons\structures_underground_bliss.pbo' to RV filesystem
 2:56:42.412 ENGINE       : FileSystem: Adding package 'G:\SteamLibrary\steamapps\common\DayZServer\addons\weapon_magazines.pbo' to RV filesystem
 2:56:42.412 ENGINE       : FileSystem: Adding package 'G:\SteamLibrary\steamapps\common\DayZServer\addons\worlds_chernarusplus_nav.pbo' to RV filesystem
 2:56:42.412 ENGINE       : FileSystem: Adding package 'G:\SteamLibrary\steamapps\common\DayZServer\addons\structures_residential_bliss.pbo' to RV filesystem
 2:56:42.413 ENGINE       : FileSystem: Adding package 'G:\SteamLibrary\steamapps\common\DayZServer\addons\structures_industrial_bliss.pbo' to RV filesystem
 2:56:42.413 ENGINE       : FileSystem: Adding package 'G:\SteamLibrary\steamapps\common\DayZServer\addons\weapon_supports.pbo' to RV filesystem
 2:56:42.413 ENGINE       : FileSystem: Adding package 'G:\SteamLibrary\steamapps\common\DayZServer\addons\worlds_chernarusplus.pbo' to RV filesystem
 2:56:42.413 ENGINE       : FileSystem: Adding package 'G:\SteamLibrary\steamapps\common\DayZServer\addons\weapon_muzzles.pbo' to RV filesystem
 2:56:42.414 ENGINE       : FileSystem: Adding package 'G:\SteamLibrary\steamapps\common\DayZServer\addons\weapon_optics.pbo' to RV filesystem
 2:56:42.414 ENGINE       : FileSystem: Adding package 'G:\SteamLibrary\steamapps\common\DayZServer\addons\structures_military_bliss.pbo' to RV filesystem
 2:56:42.415 ENGINE       : FileSystem: Adding package 'G:\SteamLibrary\steamapps\common\DayZServer\addons\weapon_lights.pbo' to RV filesystem
 2:56:42.415 ENGINE       : FileSystem: Adding package 'G:\SteamLibrary\steamapps\common\DayZServer\addons\worlds_chernarusplus_data.pbo' to RV filesystem
 2:56:42.415 ENGINE       : FileSystem: Adding package 'G:\SteamLibrary\steamapps\common\DayZServer\addons\structures_specific_bliss.pbo' to RV filesystem
 2:56:42.415 ENGINE       : FileSystem: Adding package 'G:\SteamLibrary\steamapps\common\DayZServer\addons\weapon_attachments_textures.pbo' to RV filesystem
 2:56:42.416 ENGINE       : FileSystem: Adding package 'G:\SteamLibrary\steamapps\common\DayZServer\addons\structures_wrecks_bliss.pbo' to RV filesystem
 2:56:42.416 ENGINE       : FileSystem: Adding package 'G:\SteamLibrary\steamapps\common\DayZServer\addons\worlds_chernarusplus_ce.pbo' to RV filesystem
 2:56:42.417 ENGINE       : FileSystem: Adding package 'G:\SteamLibrary\steamapps\common\DayZServer\addons\structures_signs_bliss.pbo' to RV filesystem
 2:56:42.417 ENGINE       : FileSystem: Adding package 'G:\SteamLibrary\steamapps\common\DayZServer\addons\structures_walls_bliss.pbo' to RV filesystem
 2:56:42.418 ENGINE       : FileSystem: Adding package 'G:\SteamLibrary\steamapps\common\DayZServer\addons\structures_residential.pbo' to RV filesystem
 2:56:42.418 ENGINE       : FileSystem: Adding package 'G:\SteamLibrary\steamapps\common\DayZServer\addons\structures_roads_bliss.pbo' to RV filesystem
 2:56:42.418 ENGINE       : FileSystem: Adding package 'G:\SteamLibrary\steamapps\common\DayZServer\addons\structures_ruins_bliss.pbo' to RV filesystem
 2:56:42.419 ENGINE       : FileSystem: Adding package 'G:\SteamLibrary\steamapps\common\DayZServer\addons\structures_industrial.pbo' to RV filesystem
 2:56:42.420 ENGINE       : FileSystem: Adding package 'G:\SteamLibrary\steamapps\common\DayZServer\addons\structures_data_bliss.pbo' to RV filesystem
 2:56:42.420 ENGINE       : FileSystem: Adding package 'G:\SteamLibrary\steamapps\common\DayZServer\sakhal\addons\worlds_sakhal_nav.pbo' to RV filesystem
 2:56:42.420 ENGINE       : FileSystem: Adding package 'G:\SteamLibrary\steamapps\common\DayZServer\addons\structures_rail_bliss.pbo' to RV filesystem
 2:56:42.420 ENGINE       : FileSystem: Adding package 'G:\SteamLibrary\steamapps\common\DayZServer\addons\structures_furniture.pbo' to RV filesystem
 2:56:42.420 ENGINE       : FileSystem: Adding package 'G:\SteamLibrary\steamapps\common\DayZServer\addons\worlds_enoch_nav.pbo' to RV filesystem
 2:56:42.421 ENGINE       : FileSystem: Adding package 'G:\SteamLibrary\steamapps\common\DayZServer\addons\characters_backpacks.pbo' to RV filesystem
 2:56:42.421 ENGINE       : FileSystem: Adding package 'G:\SteamLibrary\steamapps\common\DayZServer\addons\structures_military.pbo' to RV filesystem
 2:56:42.422 ENGINE       : FileSystem: Adding package 'G:\SteamLibrary\steamapps\common\DayZServer\addons\structures_specific.pbo' to RV filesystem
 2:56:42.422 ENGINE       : FileSystem: Adding package 'G:\SteamLibrary\steamapps\common\DayZServer\sakhal\addons\worlds_sakhal.ebo' to RV filesystem
 2:56:42.422 ENGINE       : FileSystem: Adding package 'G:\SteamLibrary\steamapps\common\DayZServer\addons\weapons_projectiles.pbo' to RV filesystem
 2:56:42.423 ENGINE       : FileSystem: Adding package 'G:\SteamLibrary\steamapps\common\DayZServer\addons\characters_headgear.pbo' to RV filesystem
 2:56:42.423 ENGINE       : FileSystem: Adding package 'G:\SteamLibrary\steamapps\common\DayZServer\sakhal\addons\worlds_sakhal_data.pbo' to RV filesystem
 2:56:42.423 ENGINE       : FileSystem: Adding package 'G:\SteamLibrary\steamapps\common\DayZServer\addons\characters_proxies.pbo' to RV filesystem
 2:56:42.423 ENGINE       : FileSystem: Adding package 'G:\SteamLibrary\steamapps\common\DayZServer\addons\weapons_explosives.pbo' to RV filesystem
 2:56:42.423 ENGINE       : FileSystem: Adding package 'G:\SteamLibrary\steamapps\common\DayZServer\addons\weapons_animations.pbo' to RV filesystem
 2:56:42.424 ENGINE       : FileSystem: Adding package 'G:\SteamLibrary\steamapps\common\DayZServer\addons\characters_zombies.pbo' to RV filesystem
 2:56:42.424 ENGINE       : FileSystem: Adding package 'G:\SteamLibrary\steamapps\common\DayZServer\addons\sounds_environment.pbo' to RV filesystem
 2:56:42.424 ENGINE       : FileSystem: Adding package 'G:\SteamLibrary\steamapps\common\DayZServer\addons\anims_anm_infected.pbo' to RV filesystem
 2:56:42.425 ENGINE       : FileSystem: Adding package 'G:\SteamLibrary\steamapps\common\DayZServer\addons\characters_glasses.pbo' to RV filesystem
 2:56:42.425 ENGINE       : FileSystem: Adding package 'G:\SteamLibrary\steamapps\common\DayZServer\addons\worlds_enoch.pbo' to RV filesystem
 2:56:42.426 ENGINE       : FileSystem: Adding package 'G:\SteamLibrary\steamapps\common\DayZServer\addons\weapons_ammunition.pbo' to RV filesystem
 2:56:42.426 ENGINE       : FileSystem: Adding package 'G:\SteamLibrary\steamapps\common\DayZServer\@Dabs Framework\addons\Scripts.pbo' to RV filesystem
 2:56:42.426 ENGINE       : FileSystem: Adding package 'G:\SteamLibrary\steamapps\common\DayZServer\addons\weapons_nonlethal.pbo' to RV filesystem
 2:56:42.426 ENGINE       : FileSystem: Adding package 'G:\SteamLibrary\steamapps\common\DayZServer\addons\characters_bodies.pbo' to RV filesystem
 2:56:42.427 ENGINE       : FileSystem: Adding package 'G:\SteamLibrary\steamapps\common\DayZServer\addons\sounds_characters.pbo' to RV filesystem
 2:56:42.427 ENGINE       : FileSystem: Adding package 'G:\SteamLibrary\steamapps\common\DayZServer\addons\structures_wrecks.pbo' to RV filesystem
 2:56:42.427 ENGINE       : FileSystem: Adding package 'G:\SteamLibrary\steamapps\common\DayZServer\addons\characters_gloves.pbo' to RV filesystem
 2:56:42.428 ENGINE       : FileSystem: Adding package 'G:\SteamLibrary\steamapps\common\DayZServer\@VPPAdminTools\addons\assets.pbo' to RV filesystem
 2:56:42.428 ENGINE       : FileSystem: Adding package 'G:\SteamLibrary\steamapps\common\DayZServer\addons\weapons_launchers.pbo' to RV filesystem
 2:56:42.429 ENGINE       : FileSystem: Adding package 'G:\SteamLibrary\steamapps\common\DayZServer\sakhal\addons\structures_sakhal.pbo' to RV filesystem
 2:56:42.430 ENGINE       : FileSystem: Adding package 'G:\SteamLibrary\steamapps\common\DayZServer\addons\worlds_enoch_data.pbo' to RV filesystem
 2:56:42.430 ENGINE       : FileSystem: Adding package 'G:\SteamLibrary\steamapps\common\DayZServer\sakhal\addons\worlds_sakhal_ce.pbo' to RV filesystem
 2:56:42.430 ENGINE       : FileSystem: Adding package 'G:\SteamLibrary\steamapps\common\DayZServer\addons\characters_shoes.pbo' to RV filesystem
 2:56:42.430 ENGINE       : FileSystem: Adding package 'G:\SteamLibrary\steamapps\common\DayZServer\addons\structures_ruins.pbo' to RV filesystem
 2:56:42.431 ENGINE       : FileSystem: Adding package 'G:\SteamLibrary\steamapps\common\DayZServer\addons\characters_vests.pbo' to RV filesystem
 2:56:42.431 ENGINE       : FileSystem: Adding package 'G:\SteamLibrary\steamapps\common\DayZServer\addons\characters_masks.pbo' to RV filesystem
 2:56:42.432 ENGINE       : FileSystem: Adding package 'G:\SteamLibrary\steamapps\common\DayZServer\addons\characters_heads.pbo' to RV filesystem
 2:56:42.432 ENGINE       : FileSystem: Adding package 'G:\SteamLibrary\steamapps\common\DayZServer\addons\weapons_firearms.pbo' to RV filesystem
 2:56:42.433 ENGINE       : FileSystem: Adding package 'G:\SteamLibrary\steamapps\common\DayZServer\addons\structures_signs.pbo' to RV filesystem
 2:56:42.433 ENGINE       : FileSystem: Adding package 'G:\SteamLibrary\steamapps\common\DayZServer\addons\weapons_shotguns.pbo' to RV filesystem
 2:56:42.433 ENGINE       : FileSystem: Adding package 'G:\SteamLibrary\steamapps\common\DayZServer\addons\gear_consumables.pbo' to RV filesystem
 2:56:42.433 ENGINE       : FileSystem: Adding package 'G:\SteamLibrary\steamapps\common\DayZServer\@Namalsk Island\addons\namalsk_terrain.pbo' to RV filesystem
 2:56:42.434 ENGINE       : FileSystem: Adding package 'G:\SteamLibrary\steamapps\common\DayZServer\@Namalsk Island\addons\namalsk_scripts.pbo' to RV filesystem
 2:56:42.434 ENGINE       : FileSystem: Adding package 'G:\SteamLibrary\steamapps\common\DayZServer\@Namalsk Island\addons\namalsk_navmesh.pbo' to RV filesystem
 2:56:42.435 ENGINE       : FileSystem: Adding package 'G:\SteamLibrary\steamapps\common\DayZServer\addons\gear_cultivation.pbo' to RV filesystem
 2:56:42.435 ENGINE       : FileSystem: Adding package 'G:\SteamLibrary\steamapps\common\DayZServer\addons\structures_walls.pbo' to RV filesystem
 2:56:42.436 ENGINE       : FileSystem: Adding package 'G:\SteamLibrary\steamapps\common\DayZServer\addons\structures_roads.pbo' to RV filesystem
 2:56:42.436 ENGINE       : FileSystem: Adding package 'G:\SteamLibrary\steamapps\common\DayZServer\addons\anims_anm_player.pbo' to RV filesystem
 2:56:42.436 ENGINE       : FileSystem: Adding package 'G:\SteamLibrary\steamapps\common\DayZServer\addons\anims_workspaces.pbo' to RV filesystem
 2:56:42.436 ENGINE       : FileSystem: Adding package 'G:\SteamLibrary\steamapps\common\DayZServer\addons\vehicles_wheeled.pbo' to RV filesystem
 2:56:42.437 ENGINE       : FileSystem: Adding package 'G:\SteamLibrary\steamapps\common\DayZServer\addons\characters_pants.pbo' to RV filesystem
 2:56:42.437 ENGINE       : FileSystem: Adding package 'G:\SteamLibrary\steamapps\common\DayZServer\addons\characters_belts.pbo' to RV filesystem
 2:56:42.437 ENGINE       : FileSystem: Adding package 'G:\SteamLibrary\steamapps\common\DayZServer\addons\weapons_archery.pbo' to RV filesystem
 2:56:42.438 ENGINE       : FileSystem: Adding package 'G:\SteamLibrary\steamapps\common\DayZServer\addons\worlds_enoch_ce.pbo' to RV filesystem
 2:56:42.438 ENGINE       : FileSystem: Adding package 'G:\SteamLibrary\steamapps\common\DayZServer\addons\weapons_proxies.pbo' to RV filesystem
 2:56:42.438 ENGINE       : FileSystem: Adding package 'G:\SteamLibrary\steamapps\common\DayZServer\sakhal\addons\surfaces_sakhal.pbo' to RV filesystem
 2:56:42.439 ENGINE       : FileSystem: Adding package 'G:\SteamLibrary\steamapps\common\DayZServer\addons\weapons_pistols.pbo' to RV filesystem
 2:56:42.439 ENGINE       : FileSystem: Adding package 'G:\SteamLibrary\steamapps\common\DayZServer\addons\characters_data.pbo' to RV filesystem
 2:56:42.440 ENGINE       : FileSystem: Adding package 'G:\SteamLibrary\steamapps\common\DayZServer\addons\structures_rail.pbo' to RV filesystem
 2:56:42.440 ENGINE       : FileSystem: Adding package 'G:\SteamLibrary\steamapps\common\DayZServer\addons\characters_tops.pbo' to RV filesystem
 2:56:42.440 ENGINE       : FileSystem: Adding package 'G:\SteamLibrary\steamapps\common\DayZServer\addons\gear_containers.pbo' to RV filesystem
 2:56:42.440 ENGINE       : FileSystem: Adding package 'G:\SteamLibrary\steamapps\common\DayZServer\addons\gear_navigation.pbo' to RV filesystem
 2:56:42.441 ENGINE       : FileSystem: Adding package 'G:\SteamLibrary\steamapps\common\DayZServer\addons\structures_data.pbo' to RV filesystem
 2:56:42.442 ENGINE       : FileSystem: Adding package 'G:\SteamLibrary\steamapps\common\DayZServer\addons\sounds_vehicles.pbo' to RV filesystem
 2:56:42.442 ENGINE       : FileSystem: Adding package 'G:\SteamLibrary\steamapps\common\DayZServer\addons\surfaces_bliss.pbo' to RV filesystem
 2:56:42.443 ENGINE       : FileSystem: Adding package 'G:\SteamLibrary\steamapps\common\DayZServer\addons\vehicles_parts.pbo' to RV filesystem
 2:56:42.443 ENGINE       : FileSystem: Adding package 'G:\SteamLibrary\steamapps\common\DayZServer\addons\sounds_weapons.pbo' to RV filesystem
 2:56:42.443 ENGINE       : FileSystem: Adding package 'G:\SteamLibrary\steamapps\common\DayZServer\addons\vehicles_water.pbo' to RV filesystem
 2:56:42.443 ENGINE       : FileSystem: Adding package 'G:\SteamLibrary\steamapps\common\DayZServer\@Dabs Framework\addons\GUI.pbo' to RV filesystem
 2:56:42.444 ENGINE       : FileSystem: Adding package 'G:\SteamLibrary\steamapps\common\DayZServer\@VPPAdminTools RU Translate\addons\VPPATRUTranslate.pbo' to RV filesystem
 2:56:42.444 ENGINE       : FileSystem: Adding package 'G:\SteamLibrary\steamapps\common\DayZServer\sakhal\addons\plants_sakhal.pbo' to RV filesystem
 2:56:42.445 ENGINE       : FileSystem: Adding package 'G:\SteamLibrary\steamapps\common\DayZServer\addons\animals_bliss.pbo' to RV filesystem
 2:56:42.445 ENGINE       : FileSystem: Adding package 'G:\SteamLibrary\steamapps\common\DayZServer\addons\weapons_melee.pbo' to RV filesystem
 2:56:42.446 ENGINE       : FileSystem: Adding package 'G:\SteamLibrary\steamapps\common\DayZServer\addons\vehicles_data.pbo' to RV filesystem
 2:56:42.446 ENGINE       : FileSystem: Adding package 'G:\SteamLibrary\steamapps\common\DayZServer\addons\gear_crafting.pbo' to RV filesystem
 2:56:42.446 ENGINE       : FileSystem: Adding package 'G:\SteamLibrary\steamapps\common\DayZServer\@Namalsk Island\addons\namalsk_data.pbo' to RV filesystem
 2:56:42.446 ENGINE       : FileSystem: Adding package 'G:\SteamLibrary\steamapps\common\DayZServer\addons\gear_cooking.pbo' to RV filesystem
 2:56:42.447 ENGINE       : FileSystem: Adding package 'G:\SteamLibrary\steamapps\common\DayZServer\addons\gear_camping.pbo' to RV filesystem
 2:56:42.447 ENGINE       : FileSystem: Adding package 'G:\SteamLibrary\steamapps\common\DayZServer\addons\sounds_bliss.pbo' to RV filesystem
 2:56:42.447 ENGINE       : FileSystem: Adding package 'G:\SteamLibrary\steamapps\common\DayZServer\addons\weapons_misc.pbo' to RV filesystem
 2:56:42.447 ENGINE       : FileSystem: Adding package 'G:\SteamLibrary\steamapps\common\DayZServer\addons\gear_medical.pbo' to RV filesystem
 2:56:42.448 ENGINE       : FileSystem: Adding package 'G:\SteamLibrary\steamapps\common\DayZServer\sakhal\addons\water_sakhal.pbo' to RV filesystem
 2:56:42.448 ENGINE       : FileSystem: Adding package 'G:\SteamLibrary\steamapps\common\DayZServer\addons\plants_bliss.pbo' to RV filesystem
 2:56:42.448 ENGINE       : FileSystem: Adding package 'G:\SteamLibrary\steamapps\common\DayZServer\sakhal\addons\rocks_sakhal.pbo' to RV filesystem
 2:56:42.449 ENGINE       : FileSystem: Adding package 'G:\SteamLibrary\steamapps\common\DayZServer\addons\sounds_music.pbo' to RV filesystem
 2:56:42.449 ENGINE       : FileSystem: Adding package 'G:\SteamLibrary\steamapps\common\DayZServer\addons\weapons_data.pbo' to RV filesystem
 2:56:42.449 ENGINE       : FileSystem: Adding package 'G:\SteamLibrary\steamapps\common\DayZServer\addons\gear_drinks.pbo' to RV filesystem
 2:56:42.450 ENGINE       : FileSystem: Adding package 'G:\SteamLibrary\steamapps\common\DayZServer\sakhal\addons\data_sakhal.pbo' to RV filesystem
 2:56:42.450 ENGINE       : FileSystem: Adding package 'G:\SteamLibrary\steamapps\common\DayZServer\@VPPAdminTools\addons\VPPStaticItems.pbo' to RV filesystem
 2:56:42.450 ENGINE       : FileSystem: Adding package 'G:\SteamLibrary\steamapps\common\DayZServer\addons\gear_optics.pbo' to RV filesystem
 2:56:42.451 ENGINE       : FileSystem: Adding package 'G:\SteamLibrary\steamapps\common\DayZServer\addons\modules_dayz.pbo' to RV filesystem
 2:56:42.451 ENGINE       : FileSystem: Adding package 'G:\SteamLibrary\steamapps\common\DayZServer\addons\rocks_bliss.pbo' to RV filesystem
 2:56:42.451 ENGINE       : FileSystem: Adding package 'G:\SteamLibrary\steamapps\common\DayZServer\addons\water_bliss.pbo' to RV filesystem
 2:56:42.451 ENGINE       : FileSystem: Adding package 'G:\SteamLibrary\steamapps\common\DayZServer\addons\gear_tools.pbo' to RV filesystem
 2:56:42.451 ENGINE       : FileSystem: Adding package 'G:\SteamLibrary\steamapps\common\DayZServer\@CF\addons\legacy.pbo' to RV filesystem
 2:56:42.451 ENGINE       : FileSystem: Adding package 'G:\SteamLibrary\steamapps\common\DayZServer\addons\sounds_hpp.pbo' to RV filesystem
 2:56:42.452 ENGINE       : FileSystem: Adding package 'G:\SteamLibrary\steamapps\common\DayZServer\addons\data_bliss.pbo' to RV filesystem
 2:56:42.452 ENGINE       : FileSystem: Adding package 'G:\SteamLibrary\steamapps\common\DayZServer\@VPPAdminTools\addons\VPPAdminTools.pbo' to RV filesystem
 2:56:42.453 ENGINE       : FileSystem: Adding package 'G:\SteamLibrary\steamapps\common\DayZServer\@Namalsk Island\addons\ns_plants.pbo' to RV filesystem
 2:56:42.453 ENGINE       : FileSystem: Adding package 'G:\SteamLibrary\steamapps\common\DayZServer\@Namalsk Island\addons\ns_sounds.pbo' to RV filesystem
 2:56:42.454 ENGINE       : FileSystem: Adding package 'G:\SteamLibrary\steamapps\common\DayZServer\addons\gear_books.pbo' to RV filesystem
 2:56:42.454 ENGINE       : FileSystem: Adding package 'G:\SteamLibrary\steamapps\common\DayZServer\addons\gear_traps.pbo' to RV filesystem
 2:56:42.454 ENGINE       : FileSystem: Adding package 'G:\SteamLibrary\steamapps\common\DayZServer\@CF\addons\scripts.pbo' to RV filesystem
 2:56:42.454 ENGINE       : FileSystem: Adding package 'G:\SteamLibrary\steamapps\common\DayZServer\addons\gear_radio.pbo' to RV filesystem
 2:56:42.455 ENGINE       : FileSystem: Adding package 'G:\SteamLibrary\steamapps\common\DayZServer\dta\languagecore.pbo' to RV filesystem
 2:56:42.455 ENGINE       : FileSystem: Adding package 'G:\SteamLibrary\steamapps\common\DayZServer\@Namalsk Survival\addons\ns_music.pbo' to RV filesystem
 2:56:42.456 ENGINE       : FileSystem: Adding package 'G:\SteamLibrary\steamapps\common\DayZServer\addons\sounds_ai.pbo' to RV filesystem
 2:56:42.456 ENGINE       : FileSystem: Adding package 'G:\SteamLibrary\steamapps\common\DayZServer\addons\anims_cfg.pbo' to RV filesystem
 2:56:42.457 ENGINE       : FileSystem: Adding package 'G:\SteamLibrary\steamapps\common\DayZServer\addons\gear_food.pbo' to RV filesystem
 2:56:42.457 ENGINE       : FileSystem: Adding package 'G:\SteamLibrary\steamapps\common\DayZServer\addons\ai_bliss.pbo' to RV filesystem
 2:56:42.457 ENGINE       : FileSystem: Adding package 'G:\SteamLibrary\steamapps\common\DayZServer\addons\surfaces.pbo' to RV filesystem
 2:56:42.457 ENGINE       : FileSystem: Adding package 'G:\SteamLibrary\steamapps\common\DayZServer\@Namalsk Survival\addons\ns_dayz.pbo' to RV filesystem
 2:56:42.458 ENGINE       : FileSystem: Adding package 'G:\SteamLibrary\steamapps\common\DayZServer\addons\animals.pbo' to RV filesystem
 2:56:42.458 ENGINE       : FileSystem: Adding package 'G:\SteamLibrary\steamapps\common\DayZServer\@CF\addons\gui.pbo' to RV filesystem
 2:56:42.459 ENGINE       : FileSystem: Adding package 'G:\SteamLibrary\steamapps\common\DayZServer\addons\plants.pbo' to RV filesystem
 2:56:42.459 ENGINE       : FileSystem: Adding package 'G:\SteamLibrary\steamapps\common\DayZServer\addons\server_data.pbo' to RV filesystem
 2:56:42.459 ENGINE       : FileSystem: Adding package 'G:\SteamLibrary\steamapps\common\DayZServer\addons\rocks.pbo' to RV filesystem
 2:56:42.460 ENGINE       : FileSystem: Adding package 'G:\SteamLibrary\steamapps\common\DayZServer\addons\water.pbo' to RV filesystem
 2:56:42.460 ENGINE       : FileSystem: Adding package 'G:\SteamLibrary\steamapps\common\DayZServer\dta\graphics.pbo' to RV filesystem
 2:56:42.460 ENGINE       : FileSystem: Adding package 'G:\SteamLibrary\steamapps\common\DayZServer\@Namalsk Island\addons\ns2.pbo' to RV filesystem
 2:56:42.461 ENGINE       : FileSystem: Adding package 'G:\SteamLibrary\steamapps\common\DayZServer\dta\scripts.pbo' to RV filesystem
 2:56:42.461 ENGINE       : FileSystem: Adding package 'G:\SteamLibrary\steamapps\common\DayZServer\@Namalsk Island\addons\ns3.pbo' to RV filesystem
 2:56:42.461 ENGINE       : FileSystem: Adding package 'G:\SteamLibrary\steamapps\common\DayZServer\addons\dz.pbo' to RV filesystem
 2:56:42.461 ENGINE       : FileSystem: Adding package 'G:\SteamLibrary\steamapps\common\DayZServer\@Namalsk Island\addons\ns.pbo' to RV filesystem
 2:56:42.462 ENGINE       : FileSystem: Adding package 'G:\SteamLibrary\steamapps\common\DayZServer\dta\system.pbo' to RV filesystem
 2:56:42.462 ENGINE       : FileSystem: Adding package 'G:\SteamLibrary\steamapps\common\DayZServer\addons\ai.pbo' to RV filesystem
 2:56:42.462 ENGINE       : FileSystem: Adding package 'G:\SteamLibrary\steamapps\common\DayZServer\addons\ui.pbo' to RV filesystem
 2:56:42.463 ENGINE       : FileSystem: Adding package 'G:\SteamLibrary\steamapps\common\DayZServer\dta\core.pbo' to RV filesystem
 2:56:42.463 ENGINE       : FileSystem: Adding package 'G:\SteamLibrary\steamapps\common\DayZServer\dta\bin.pbo' to RV filesystem
 2:56:42.464 ENGINE       : FileSystem: Adding package 'G:\SteamLibrary\steamapps\common\DayZServer\dta\gui.pbo' to RV filesystem
 2:56:42.464 ENGINE       : FileSystem: Added 154 RV banks
 2:56:42.464 ENGINE    (W): No module info used, trying to identify -> 0x37E00000
 2:56:42.465 ENGINE       : CPU vendor         : GenuineIntel
 2:56:42.465 ENGINE       : CPU type           : 1
 2:56:42.465 ENGINE       : CPU name           : 11th Gen Intel(R) Core(TM) i5-11400H @ 2.70GHz
 2:56:42.465 ENGINE       : CPU cache info     : L1 [Inst 32KB, Data 48KB], L2 [Unif 1280KB], L3 [Unif 12288KB]
 2:56:42.465 ENGINE       : CPU count logical  : 12
 2:56:42.465 ENGINE       : CPU count physical : 6
 2:56:42.465 ENGINE       : CPU features       : mmx sse sse2 sse3 ssse3 sse4_1 sse4_2 aesni pclmulqdq osxsave avx sha avx2 avx512f
 2:56:42.465 ENGINE    (W): Adjusting job system settings to have at least one job worker thread.
 2:56:42.486 ENGINE       : FileSystem: Adding relative directory 'G:\SteamLibrary\steamapps\common\DayZServer\profiles' to RV filesystem under name profile
 2:56:42.486 ENGINE       : FileSystem: Adding relative directory 'G:\SteamLibrary\steamapps\common\DayZServer\profiles\Users\Server' to RV filesystem under name saves
 2:56:42.630 SCRIPT       : Module: GameLib; loaded 19x files; 29x classes; used 41/2097 kB (1) of static memory; defines: "DAYZ_1_29,SERVER_FOR_WINDOWS,SERVER,PLATFORM_WINDOWS,RELEASE,NO_GUI,NO_GUI_INGAME,DabsFramework,sakhal,JM_CommunityFramework,CF_MODULE_CONFIG,CF_EXPRESSION,CF_TRACE_STACK_NAME_ASSUMPTION_FIX,CF_GHOSTICONS,CF_MODSTORAGE,CF_SURFACES,CF_MODULES,CF_REF_FIX,CF_BUGFIX_REF,CF_BUGFIX_XML,CF_VIRTUALSTORAGE_FIX,CF_DOUBLYLINKEDNODES,CF_ONUPDATE_RATE_LIMIT,CF_LOG_TIMESTAMP,NAMALSK_ISLAND,NAMALSK_SURVIVAL,AVPPAdminTools,AVPPAdminToolsTranslate,DayZ,FEATURE_CURSOR,FEATURE_NETWORK_RECONCILIATION,FEATURE_NETWORK_RECONCILATION"; CRC32: 00000000
 2:56:42.631 [Inputs] Loading inputs default "bin/constants.xml"
 2:56:42.634 [Inputs] Loading inputs default "bin/specific.xml"
 2:56:42.635 [Inputs] Loading inputs default "nst/ns_dayz/scripts/Data/Inputs.xml"
 2:56:42.635 [Inputs] Loading inputs default "VPPAdminTools/data/modded_Inputs.xml"
 2:56:42.636 [Inputs] Loading inputs cfg "profiles\Users\Survivor\Server.core.xml"
 2:56:42.636 !!! [Inputs] Cannot read inputs cfg "profiles\Users\Survivor\Server.core.xml", parser error
 2:56:42.636 [Inputs] Loading inputs cfg "bin/core.xml"
 2:56:42.636 !!! [Inputs] Cannot load input preset "#STR_USER", file does not exist
 2:56:42.638 [Inputs] Exporting inputs cfg "profiles\Users\Survivor\Server.core.xml"
 2:56:42.648 SCRIPT       : Registered 352 temporary action enum(s), UAN==352
 2:56:43.513 SCRIPT       : Module: Game; loaded 715x files; 2011x classes; used 5134/33554 kB (15) of static memory; defines: "DAYZ_1_29,SERVER_FOR_WINDOWS,SERVER,PLATFORM_WINDOWS,RELEASE,NO_GUI,NO_GUI_INGAME,DabsFramework,sakhal,JM_CommunityFramework,CF_MODULE_CONFIG,CF_EXPRESSION,CF_TRACE_STACK_NAME_ASSUMPTION_FIX,CF_GHOSTICONS,CF_MODSTORAGE,CF_SURFACES,CF_MODULES,CF_REF_FIX,CF_BUGFIX_REF,CF_BUGFIX_XML,CF_VIRTUALSTORAGE_FIX,CF_DOUBLYLINKEDNODES,CF_ONUPDATE_RATE_LIMIT,CF_LOG_TIMESTAMP,NAMALSK_ISLAND,NAMALSK_SURVIVAL,AVPPAdminTools,AVPPAdminToolsTranslate,DayZ,FEATURE_CURSOR,FEATURE_NETWORK_RECONCILIATION,FEATURE_NETWORK_RECONCILATION,DABSFRAMEWORK_1_51,VPPADMINTOOLS,VPPAT_NOTIFICATIONS"; CRC32: 00000000
 2:56:43.560 SCRIPT       : ... Backlit Effects Enabled
 2:56:45.00  SCRIPT       : VPPNotificationManager()
 2:56:45.00  SCRIPT       : [VPPAT] Internal VPPNotifications module loaded!
 2:56:45.00  SCRIPT       : [DayZ Game]:: DayZGame(): Initializing V++ Admin Tools.
 2:56:45.00  ANIMATION (E): Can't load @VPPAdminTools RU Translate/Anims/cfg/skeletons.anim.xml
 2:56:45.00  ANIMATION (E): Failed to open file, line 0, column 0
 2:56:45.00  ANIMATION (E): Can't load @VPPAdminTools/Anims/cfg/skeletons.anim.xml
 2:56:45.00  ANIMATION (E): Failed to open file, line 0, column 0
 2:56:45.00  ANIMATION (E): Can't load @Namalsk Island/Anims/cfg/skeletons.anim.xml
 2:56:45.00  ANIMATION (E): Failed to open file, line 0, column 0
 2:56:45.00  ANIMATION (E): Can't load @Namalsk Survival/Anims/cfg/skeletons.anim.xml
 2:56:45.00  ANIMATION (E): Failed to open file, line 0, column 0
 2:56:45.00  ANIMATION (E): Can't load @Dabs Framework/Anims/cfg/skeletons.anim.xml
 2:56:45.39  ANIMATION (E): Failed to open file, line 0, column 0
 2:56:45.39  ANIMATION (E): Can't load @CF/Anims/cfg/skeletons.anim.xml
 2:56:45.39  ANIMATION (E): Failed to open file, line 0, column 0
 2:56:45.39  ANIMATION (E): Can't load sakhal/Anims/cfg/skeletons.anim.xml
 2:56:45.39  ANIMATION (E): Failed to open file, line 0, column 0
 2:56:45.41  ENGINE       : Skeleton definition successfully loaded (DZ/Anims/cfg/skeletons.anim.xml)
 2:56:45.41  ENGINE       : Enfusion engine successfully created
 2:56:45.174 Warning Message: No entry 'bin\config.bin/CfgWorlds/DefaultWorld/Weather/Overcast/Weather1.farCloud'.
 2:56:45.174 Warning Message: Trying to access error value.
 2:56:45.174 Warning Message: No entry 'bin\config.bin/CfgWorlds/DefaultWorld/Weather/Overcast/Weather1.cloud'.
 2:56:45.174 Warning Message: Trying to access error value.
 2:56:45.174 Warning Message: No entry 'bin\config.bin/CfgWorlds/DefaultWorld/Weather/Overcast/Weather2.farCloud'.
 2:56:45.174 Warning Message: Trying to access error value.
 2:56:45.174 Warning Message: No entry 'bin\config.bin/CfgWorlds/DefaultWorld/Weather/Overcast/Weather2.cloud'.
 2:56:45.174 Warning Message: Trying to access error value.
 2:56:45.174 Warning Message: No entry 'bin\config.bin/CfgWorlds/DefaultWorld/Weather/Overcast/Weather3.farCloud'.
 2:56:45.174 Warning Message: Trying to access error value.
 2:56:45.174 Warning Message: No entry 'bin\config.bin/CfgWorlds/DefaultWorld/Weather/Overcast/Weather3.cloud'.
 2:56:45.174 Warning Message: Trying to access error value.
 2:56:45.174 Warning Message: No entry 'bin\config.bin/CfgWorlds/DefaultWorld/Weather/Overcast/Weather4.farCloud'.
 2:56:45.174 Warning Message: Trying to access error value.
 2:56:45.174 Warning Message: No entry 'bin\config.bin/CfgWorlds/DefaultWorld/Weather/Overcast/Weather4.cloud'.
 2:56:45.174 Warning Message: Trying to access error value.
 2:56:45.174 Warning Message: No entry 'bin\config.bin/CfgWorlds/DefaultWorld/Weather/Overcast/Weather5.farCloud'.
 2:56:45.174 Warning Message: Trying to access error value.
 2:56:45.174 Warning Message: No entry 'bin\config.bin/CfgWorlds/DefaultWorld/Weather/Overcast/Weather5.cloud'.
 2:56:45.174 Warning Message: Trying to access error value.
 2:56:45.174 Warning Message: No entry 'bin\config.bin/CfgWorlds/DefaultWorld/Weather/LightingNew/C_Day60.spaceIntensity'.
 2:56:45.174 Warning Message: Trying to access error value.
 2:56:45.174 Warning Message: No entry 'bin\config.bin/CfgWorlds/DefaultWorld/Weather/LightingNew/C_Day60.starsIntensity'.
 2:56:45.174 Warning Message: Trying to access error value.
 2:56:45.174 Warning Message: No entry 'bin\config.bin/CfgWorlds/DefaultWorld/Weather/LightingNew/C_Day60.atmosphereIntensity'.
 2:56:45.174 Warning Message: Trying to access error value.
 2:56:45.174 Warning Message: No entry 'bin\config.bin/CfgWorlds/DefaultWorld/Weather/LightingNew/C_Day60.NearCloud'.
 2:56:45.174 Warning Message: No entry 'bin\config.bin/CfgWorlds/DefaultWorld/Weather/Overcast/Weather1.farCloud'.
 2:56:45.174 Warning Message: Trying to access error value.
 2:56:45.174 Warning Message: No entry 'bin\config.bin/CfgWorlds/DefaultWorld/Weather/Overcast/Weather1.cloud'.
 2:56:45.174 Warning Message: Trying to access error value.
 2:56:45.175 Warning Message: No entry 'bin\config.bin/CfgWorlds/DefaultWorld/Weather/Overcast/Weather2.farCloud'.
 2:56:45.175 Warning Message: Trying to access error value.
 2:56:45.175 Warning Message: No entry 'bin\config.bin/CfgWorlds/DefaultWorld/Weather/Overcast/Weather2.cloud'.
 2:56:45.175 Warning Message: Trying to access error value.
 2:56:45.175 Warning Message: No entry 'bin\config.bin/CfgWorlds/DefaultWorld/Weather/Overcast/Weather3.farCloud'.
 2:56:45.175 Warning Message: Trying to access error value.
 2:56:45.175 Warning Message: No entry 'bin\config.bin/CfgWorlds/DefaultWorld/Weather/Overcast/Weather3.cloud'.
 2:56:45.175 Warning Message: Trying to access error value.
 2:56:45.175 Warning Message: No entry 'bin\config.bin/CfgWorlds/DefaultWorld/Weather/Overcast/Weather4.farCloud'.
 2:56:45.175 Warning Message: Trying to access error value.
 2:56:45.175 Warning Message: No entry 'bin\config.bin/CfgWorlds/DefaultWorld/Weather/Overcast/Weather4.cloud'.
 2:56:45.175 Warning Message: Trying to access error value.
 2:56:45.175 Warning Message: No entry 'bin\config.bin/CfgWorlds/DefaultWorld/Weather/Overcast/Weather5.farCloud'.
 2:56:45.175 Warning Message: Trying to access error value.
 2:56:45.175 Warning Message: No entry 'bin\config.bin/CfgWorlds/DefaultWorld/Weather/Overcast/Weather5.cloud'.
 2:56:45.175 Warning Message: Trying to access error value.
 2:56:45.175 Warning Message: No entry 'bin\config.bin/CfgWorlds/DefaultWorld/Weather/LightingNew/C_Day60.spaceIntensity'.
 2:56:45.175 Warning Message: Trying to access error value.
 2:56:45.175 Warning Message: No entry 'bin\config.bin/CfgWorlds/DefaultWorld/Weather/LightingNew/C_Day60.starsIntensity'.
 2:56:45.175 Warning Message: Trying to access error value.
 2:56:45.175 Warning Message: No entry 'bin\config.bin/CfgWorlds/DefaultWorld/Weather/LightingNew/C_Day60.atmosphereIntensity'.
 2:56:45.175 Warning Message: Trying to access error value.
 2:56:45.175 Warning Message: No entry 'bin\config.bin/CfgWorlds/DefaultWorld/Weather/LightingNew/C_Day60.NearCloud'.
 2:56:45.175 Warning Message: No entry 'bin\config.bin/CfgWorlds/DefaultWorld.volFogOffset'.
 2:56:45.175 Warning Message: Trying to access error value.
 2:56:45.175 Warning Message: No entry 'bin\config.bin/CfgWorlds/DefaultWorld.spaceObject'.
 2:56:45.175 Warning Message: Trying to access error value.
 2:56:45.175 Warning Message: No entry 'bin\config.bin/CfgWorlds/DefaultWorld.atmosphereObject'.
 2:56:45.175 Warning Message: Trying to access error value.
 2:56:45.175 Atmosphere not loaded, using old 'sky'.
 2:56:45.175 Warning Message: No entry 'bin\config.bin/CfgWorlds/DefaultWorld.nearCloudObject'.
 2:56:45.175 Warning Message: Trying to access error value.
 2:56:45.175 Warning Message: No entry 'bin\config.bin/CfgWorlds/DefaultWorld.cloudObject'.
 2:56:45.175 Warning Message: Trying to access error value.
 2:56:45.175 Warning Message: No entry 'bin\config.bin/CfgWorlds/DefaultWorld.horizonObject'.
 2:56:45.175 Warning Message: Trying to access error value.
 2:56:45.177 WORLD        : PreloadVehicles
 2:56:45.183 PROFILING    : PreloadVehicles took: 5.947900 ms
 2:56:48.276 SCRIPT       : Module: World; loaded 2395x files; 6177x classes; used 10097/33554 kB (30) of static memory; defines: "DAYZ_1_29,SERVER_FOR_WINDOWS,SERVER,PLATFORM_WINDOWS,RELEASE,NO_GUI,NO_GUI_INGAME,DabsFramework,sakhal,JM_CommunityFramework,CF_MODULE_CONFIG,CF_EXPRESSION,CF_TRACE_STACK_NAME_ASSUMPTION_FIX,CF_GHOSTICONS,CF_MODSTORAGE,CF_SURFACES,CF_MODULES,CF_REF_FIX,CF_BUGFIX_REF,CF_BUGFIX_XML,CF_VIRTUALSTORAGE_FIX,CF_DOUBLYLINKEDNODES,CF_ONUPDATE_RATE_LIMIT,CF_LOG_TIMESTAMP,NAMALSK_ISLAND,NAMALSK_SURVIVAL,AVPPAdminTools,AVPPAdminToolsTranslate,DayZ,FEATURE_CURSOR,FEATURE_NETWORK_RECONCILIATION,FEATURE_NETWORK_RECONCILATION,VPPADMINTOOLS,VPPAT_NOTIFICATIONS"; CRC32: 00000000
 2:56:48.431 Warning: CfgWeapons missing in PreloadConfig - may slow down vehicle creation
 2:56:48.431 Warning: CfgMagazines missing in PreloadConfig - may slow down vehicle creation
 2:56:48.431 String "STR_DN_UNKNOWN" not found (not in localization table)
 2:56:48.431 String "STR_DN_TRANSPORT" not found (not in localization table)
 2:56:48.431 String "STR_DN_CAR" not found (not in localization table)
 2:56:48.431 String "STR_DN_BOAT" not found (not in localization table)
 2:56:48.431 String "STR_DN_HELICOPTER" not found (not in localization table)
 2:56:48.431 String "STR_DN_HELICOPTER" not found (not in localization table)
 2:56:48.432 String "STR_DN_UNKNOWN" not found (not in localization table)
 2:56:48.432 String "STR_DN_MAN" not found (not in localization table)
 2:56:48.432 String "STR_DN_ANIMAL" not found (not in localization table)
 2:56:48.432 String "STR_DN_UNKNOWN" not found (not in localization table)
 2:56:48.432 String "STR_DN_BUNKER" not found (not in localization table)
 2:56:48.432 String "STR_DN_UNKNOWN" not found (not in localization table)
 2:56:48.432 String "STR_DN_UNKNOWN" not found (not in localization table)
 2:56:48.432 String "STR_DN_UNKNOWN" not found (not in localization table)
 2:56:48.432 String "STR_DN_UNKNOWN" not found (not in localization table)
 2:56:48.432 String "STR_DN_MAN" not found (not in localization table)
 2:56:48.432 String "STR_DN_MAN" not found (not in localization table)
 2:56:48.432 String "STR_DN_MAN" not found (not in localization table)
 2:56:48.432 String "STR_DN_ANIMAL" not found (not in localization table)
 2:56:48.432 String "STR_DN_ANIMAL" not found (not in localization table)
 2:56:48.466 String "STR_DN_MAN" not found (not in localization table)
 2:56:48.527 String "STR_DN_BOAT" not found (not in localization table)
 2:56:48.527 String "STR_DN_CAR" not found (not in localization table)
 2:56:48.527 String "STR_DN_CAR" not found (not in localization table)
 2:56:48.527 String "STR_DN_CAR" not found (not in localization table)
 2:56:48.527 String "STR_DN_CAR" not found (not in localization table)
 2:56:48.527 String "STR_DN_CAR" not found (not in localization table)
 2:56:48.550 Warning Message: No entry 'bin\config.bin/CfgVehicles/SmershVestBackpack.scope'.
 2:56:48.550 Warning Message: Trying to access error value.
 2:56:48.550 Warning Message: No entry 'bin\config.bin/CfgVehicles/SmershVestBackpack.model'.
 2:56:48.550 Warning Message: Trying to access error value.
 2:56:48.550 Warning Message: No entry 'bin\config.bin/CfgVehicles/SmershVestBackpack.simulation'.
 2:56:48.550 Warning Message: Trying to access error value.
 2:56:48.550 Warning Message: No entry 'bin\config.bin/CfgVehicles/SmershVestBackpack.displayName'.
 2:56:48.550 Warning Message: Trying to access error value.
 2:56:48.550 Warning Message: No entry 'bin\config.bin/CfgVehicles/SmershVestBackpack.destrType'.
 2:56:48.550 Warning Message: Trying to access error value.
 2:56:48.550 Warning Message: No entry 'bin\config.bin/CfgVehicles/SmershVestBackpack.itemsCargoSize'.
 2:56:48.550 Warning Message: No entry 'bin\config.bin/CfgVehicles/SmershVestBackpack.clothingType'.
 2:56:48.550 Warning Message: Trying to access error value.
 2:56:48.550 Warning Message: No entry 'bin\config.bin/CfgVehicles/SmershVestBackpack.soundEngine'.
 2:56:48.550 Warning Message: Size: '/' not an array
 2:56:48.550 Warning Message: No entry 'bin\config.bin/CfgVehicles/SmershVestBackpack.soundCrash'.
 2:56:48.550 Warning Message: Size: '/' not an array
 2:56:48.550 Warning Message: No entry 'bin\config.bin/CfgVehicles/SmershVestBackpack.soundLandCrash'.
 2:56:48.550 Warning Message: Size: '/' not an array
 2:56:48.550 Warning Message: No entry 'bin\config.bin/CfgVehicles/SmershVestBackpack.soundWaterCrash'.
 2:56:48.550 Warning Message: Size: '/' not an array
 2:56:48.550 Warning Message: No entry 'bin\config.bin/CfgVehicles/SmershVestBackpack.reversed'.
 2:56:48.550 Warning Message: Trying to access error value.
 2:56:48.950 Unrecognized CfgNonAIVehicles simulation seagull in bin\config.bin/CfgNonAIVehicles/Bird/
 2:56:48.950 Unrecognized CfgNonAIVehicles simulation seagull in bin\config.bin/CfgNonAIVehicles/Insect/
 2:56:48.955 Warning Message: No entry 'bin\config.bin/CfgNonAIVehicles/ProxyCrew.simulation'.
 2:56:48.955 Warning Message: Trying to access error value.
 2:56:48.955 Unrecognized CfgNonAIVehicles simulation  in bin\config.bin/CfgNonAIVehicles/ProxyCrew/
 2:56:48.955 Warning Message: No entry 'bin\config.bin/CfgNonAIVehicles/ProxyCrew.model'.
 2:56:48.955 Warning Message: Trying to access error value.
 2:56:48.955 Warning Message: No entry 'bin\config.bin/CfgNonAIVehicles/ProxyCrew.simulation'.
 2:56:48.955 Warning Message: Trying to access error value.
 2:56:49.14  String "STR_CfgMagazines_Mag_CZ550_4rnd0" not found (not in localization table)
 2:56:49.78  Warning Message: No entry 'bin\config.bin/CfgSoundShaders.IZH18_Closure_SoundShader'.
 2:56:49.78  Warning Message: No entry '.samples'.
 2:56:49.78  Warning Message: Size: '/' not an array
 2:56:49.78  Warning Message: Size: '/' not an array
 2:56:49.125 ANIMATION    : PreloadAnimationSets
 2:56:49.125 Warning Message: 'access/' is not a class ('EnfAnimSys' accessed)
 2:56:51.711 PROFILING    : PreloadAnimationSets took: 2586.014100 ms
 2:56:51.713 Warning: No components in dz\gear\camping\mediumtent.p3d:geometryView
 2:56:51.715 Warning: No components in dz\gear\camping\proxies\mediumtentcamonetproxy.p3d:geometry
 2:56:51.715 Warning: No components in dz\gear\camping\proxies\mediumtentcamonetproxy.p3d:geometryFire
 2:56:51.715 Warning: No components in dz\gear\camping\proxies\mediumtentcamonetproxy.p3d:geometryView
 2:56:51.723 Convex "component01" selection faces are less then 4 in dz\gear\camping\largetent.p3d:geometry
 2:56:51.723 Convex "component02" selection faces are less then 4 in dz\gear\camping\largetent.p3d:geometry
 2:56:51.723 Convex "component01" selection faces are less then 4 in dz\gear\camping\largetent.p3d:geometryFire
 2:56:51.723 Convex "component02" selection faces are less then 4 in dz\gear\camping\largetent.p3d:geometryFire
 2:56:51.723 Convex "component01" selection faces are less then 4 in dz\gear\camping\largetent.p3d:geometryView
 2:56:51.723 Convex "component02" selection faces are less then 4 in dz\gear\camping\largetent.p3d:geometryView
 2:56:51.723 Warning: No components in dz\gear\camping\largetent.p3d:geometryView
 2:56:51.724 DamageSystem Warning: Selection  doesn't exists in fire geometry for entity LargeTent
 2:56:51.737 Warning: No components in dz\gear\camping\cartent.p3d:geometryView
 2:56:51.738 Warning: No components in dz\gear\camping\proxies\cartentcamonetproxy.p3d:geometry
 2:56:51.738 Warning: No components in dz\gear\camping\proxies\cartentcamonetproxy.p3d:geometryFire
 2:56:51.738 Warning: No components in dz\gear\camping\proxies\cartentcamonetproxy.p3d:geometryView
 2:56:51.743 Warning: No components in dz\gear\camping\party_tent.p3d:geometryView
 2:56:51.743 DamageSystem Warning: Selection  doesn't exists in fire geometry for entity PartyTent
 2:56:51.746 Warning: No components in dz\gear\camping\proxies\partytentpackproxy.p3d:geometry
 2:56:51.746 Warning: No components in dz\gear\camping\proxies\partytentpackproxy.p3d:geometryFire
 2:56:51.747 Warning: No components in dz\gear\camping\proxies\partytentcamo1closedproxy.p3d:geometry
 2:56:51.748 Warning: No components in dz\gear\camping\proxies\partytentcamo2closedproxy.p3d:geometry
 2:56:51.748 Warning: No components in dz\gear\camping\proxies\partytentcamo3closedproxy.p3d:geometry
 2:56:51.748 Warning: No components in dz\gear\camping\proxies\partytentcamo4closedproxy.p3d:geometry
 2:56:51.748 Warning: No components in dz\gear\camping\proxies\partytentcamo5closedproxy.p3d:geometry
 2:56:51.749 Warning: No components in dz\gear\camping\proxies\partytentcamo6closedproxy.p3d:geometry
 2:56:51.749 Warning: No components in dz\gear\camping\proxies\partytentcamoroofproxy.p3d:geometry
 2:56:51.749 Warning: No components in dz\gear\camping\proxies\partytentcamo1openedproxy.p3d:geometry
 2:56:51.749 Warning: No components in dz\gear\camping\proxies\partytentcamo2openedproxy.p3d:geometry
 2:56:51.749 Warning: No components in dz\gear\camping\proxies\partytentcamo3openedproxy.p3d:geometry
 2:56:51.749 Warning: No components in dz\gear\camping\proxies\partytentcamo4openedproxy.p3d:geometry
 2:56:51.749 Warning: No components in dz\gear\camping\proxies\partytentcamo5openedproxy.p3d:geometry
 2:56:51.749 Warning: No components in dz\gear\camping\proxies\partytentcamo6openedproxy.p3d:geometry
 2:56:51.750 DamageSystem Warning: Selection  doesn't exists in fire geometry for entity PartyTent_Blue
 2:56:51.752 DamageSystem Warning: Selection  doesn't exists in fire geometry for entity PartyTent_Brown
 2:56:51.753 DamageSystem Warning: Selection  doesn't exists in fire geometry for entity PartyTent_Lunapark
 2:56:51.773 Warning: No components in dz\gear\camping\proxies\roof.p3d:geometryFire
 2:56:51.775 Warning: No components in dz\gear\camping\proxies\camonet.p3d:geometry
 2:56:51.775 Warning: No components in dz\gear\camping\proxies\camonet.p3d:geometryFire
 2:56:51.783 Warning: No components in dz\gear\camping\proxies\barbedwire_mounted.p3d:geometry
 2:56:51.783 Warning: No components in dz\gear\camping\proxies\barbedwire_mounted.p3d:geometryView
 2:56:51.783 Warning: No components in dz\gear\camping\proxies\barbedwire_mounted_up.p3d:geometryView
 2:56:51.854 DamageSystem Warning: Selection wall_gate doesn't exists in fire geometry for entity Fence
 2:56:51.857 Warning: No components in dz\gear\camping\proxies\gate.p3d:geometry
 2:56:51.857 Warning: No components in dz\gear\camping\proxies\gate.p3d:geometryView
 2:56:51.875 Warning: No components in dz\vehicles\wheeled\sedan_02\proxy\sedan_02_interior.p3d:geometryFire
 2:56:51.875 Warning: No components in dz\vehicles\wheeled\sedan_02\proxy\sedan_02_interior.p3d:geometryView
 2:56:51.875 Warning Message: No entry 'bin\config.bin/CfgNonAIVehicles/ProxyCrew_Driver.simulation'.
 2:56:51.875 Warning Message: Trying to access error value.
 2:56:51.875 Unrecognized CfgNonAIVehicles simulation  in bin\config.bin/CfgNonAIVehicles/ProxyCrew_Driver/
 2:56:51.875 Warning Message: No entry 'bin\config.bin/CfgNonAIVehicles/ProxyCrew_Driver.simulation'.
 2:56:51.875 Warning Message: Trying to access error value.
 2:56:51.875 Warning Message: No entry 'bin\config.bin/CfgNonAIVehicles/ProxyCrew_Cargo.simulation'.
 2:56:51.875 Warning Message: Trying to access error value.
 2:56:51.875 Unrecognized CfgNonAIVehicles simulation  in bin\config.bin/CfgNonAIVehicles/ProxyCrew_Cargo/
 2:56:51.875 Warning Message: No entry 'bin\config.bin/CfgNonAIVehicles/ProxyCrew_Cargo.simulation'.
 2:56:51.875 Warning Message: Trying to access error value.
 2:56:51.882 Warning: No components in dz\vehicles\wheeled\sedan_02\proxy\sedan_02_glass2.p3d:geometryFire
 2:56:51.899 Warning: No components in dz\vehicles\wheeled\offroadhatchback\proxy\nivaengine.p3d:geometry
 2:56:51.899 Warning: No components in dz\vehicles\wheeled\offroadhatchback\proxy\nivaengine.p3d:geometryView
 2:56:51.952 Warning: No components in dz\vehicles\wheeled\hatchback_02\proxy\hatchback_02_interior.p3d:geometry
 2:56:51.953 Warning: No components in dz\vehicles\wheeled\hatchback_02\proxy\hatchback_02_engine.p3d:geometry
 2:56:51.953 Warning: No components in dz\vehicles\wheeled\hatchback_02\proxy\hatchback_02_engine.p3d:geometryFire
 2:56:51.953 Warning: No components in dz\vehicles\wheeled\hatchback_02\proxy\hatchback_02_engine.p3d:geometryView
 2:56:51.992 Warning: No components in dz\vehicles\wheeled\civiliansedan\proxy\prox_int.p3d:geometry
 2:56:51.992 Warning: No components in dz\vehicles\wheeled\civiliansedan\proxy\prox_int.p3d:geometryFire
 2:56:51.992 Warning: No components in dz\vehicles\wheeled\civiliansedan\proxy\prox_int.p3d:geometryView
 2:56:51.993 Warning: No components in dz\vehicles\wheeled\civiliansedan\proxy\sedan_engine.p3d:geometry
 2:56:51.993 Warning: No components in dz\vehicles\wheeled\civiliansedan\proxy\sedan_engine.p3d:geometryFire
 2:56:51.993 Warning: No components in dz\vehicles\wheeled\civiliansedan\proxy\sedan_engine.p3d:geometryView
 2:56:52.31  Truck_01_Covered: Engine_Rotate - unknown animation source rpmspeed
 2:56:52.38  Warning: No components in dz\vehicles\wheeled\truck_01\proxy\truck_01_engine.p3d:geometry
 2:56:52.38  Warning: No components in dz\vehicles\wheeled\truck_01\proxy\truck_01_engine.p3d:geometryView
 2:56:52.39  Warning: No components in dz\vehicles\wheeled\truck_01\proxy\truck_01_engine_rotate_1.p3d:geometry
 2:56:52.117 Truck_01_Covered_Blue: Engine_Rotate - unknown animation source rpmspeed
 2:56:52.184 Truck_01_Covered_Orange: Engine_Rotate - unknown animation source rpmspeed
 2:56:52.255 DamageSystem Warning: Selection dmgZone_bumper_1 doesn't exists in fire geometry for entity Offroad_02
 2:56:52.262 Warning: No components in dz\vehicles\wheeled\offroad_02\proxy\offroad_02_body.p3d:geometry
 2:56:52.262 Warning: No components in dz\vehicles\wheeled\offroad_02\proxy\offroad_02_body.p3d:geometryFire
 2:56:52.262 Warning: No components in dz\vehicles\wheeled\offroad_02\proxy\offroad_02_body.p3d:geometryView
 2:56:52.263 Warning: No components in dz\vehicles\wheeled\offroad_02\proxy\offroad_02_roof.p3d:geometry
 2:56:52.272 NETWORK      : server: Player dpid=2 added at playerIndex=0
 2:56:52.365 SUCCESS: SteamGameServer_Init(0,8766,2302,27016,3,1.29.163709)
 2:56:52.366 Hostname of server: "SVOBODA DayZ"
 2:56:52.367 NETWORK      : Server: SetClientState dpid=2 id=0 name=__SERVER__ CREATED -> CONNECTED
 2:56:52.399 NETWORK      : Network simulation
 2:56:52.399  ENGINE       : FileSystem: Adding relative directory 'G:\SteamLibrary\steamapps\common\DayZServer\mpmissions\regular.namalsk' to RV filesystem under name mission
 2:56:52.400 NETWORK      : Network simulation
 2:56:52.400  NETWORK      : Server: SetClientState dpid=2 id=0 name=__SERVER__ MISSION SELECTED -> PLAYER ASSIGNED
 2:56:52.401  NETWORK      : server: Player dpid=2 already at assigned index=0
 2:56:52.401  NETWORK      : Server: SetClientState dpid=2 id=0 name=__SERVER__ PLAYER ASSIGNED -> MISSION RECEIVED
 2:56:52.402 NETWORK      : Network simulation
 2:56:52.402  WORLD        : Loading landscape 'namalsk'
 2:56:52.402 Warning Message: No entry 'bin\config.bin/CfgWorlds/namalsk/Weather/LightingNew/C_Night.NearCloud'.
 2:56:52.402 Warning Message: No entry 'bin\config.bin/CfgWorlds/namalsk/Weather/LightingNew/C_Astro1.NearCloud'.
 2:56:52.402 Warning Message: No entry 'bin\config.bin/CfgWorlds/namalsk/Weather/LightingNew/C_Astro2.NearCloud'.
 2:56:52.402 Warning Message: No entry 'bin\config.bin/CfgWorlds/namalsk/Weather/LightingNew/C_Astro3.NearCloud'.
 2:56:52.402 Warning Message: No entry 'bin\config.bin/CfgWorlds/namalsk/Weather/LightingNew/C_Nautical1.NearCloud'.
 2:56:52.402 Warning Message: No entry 'bin\config.bin/CfgWorlds/namalsk/Weather/LightingNew/C_Nautical2.NearCloud'.
 2:56:52.402 Warning Message: No entry 'bin\config.bin/CfgWorlds/namalsk/Weather/LightingNew/C_Nautical3.NearCloud'.
 2:56:52.402 Warning Message: No entry 'bin\config.bin/CfgWorlds/namalsk/Weather/LightingNew/C_Civil1.NearCloud'.
 2:56:52.402 Warning Message: No entry 'bin\config.bin/CfgWorlds/namalsk/Weather/LightingNew/C_Civil2.NearCloud'.
 2:56:52.402 Warning Message: No entry 'bin\config.bin/CfgWorlds/namalsk/Weather/LightingNew/C_Civil3.NearCloud'.
 2:56:52.402 Warning Message: No entry 'bin\config.bin/CfgWorlds/namalsk/Weather/LightingNew/C_Day0.NearCloud'.
 2:56:52.402 Warning Message: No entry 'bin\config.bin/CfgWorlds/namalsk/Weather/LightingNew/C_Day4.NearCloud'.
 2:56:52.402 Warning Message: No entry 'bin\config.bin/CfgWorlds/namalsk/Weather/LightingNew/C_Day8.NearCloud'.
 2:56:52.402 Warning Message: No entry 'bin\config.bin/CfgWorlds/namalsk/Weather/LightingNew/C_Day12.NearCloud'.
 2:56:52.402 Warning Message: No entry 'bin\config.bin/CfgWorlds/namalsk/Weather/LightingNew/C_Day16.NearCloud'.
 2:56:52.402 Warning Message: No entry 'bin\config.bin/CfgWorlds/namalsk/Weather/LightingNew/C_Day35.NearCloud'.
 2:56:52.402 Warning Message: No entry 'bin\config.bin/CfgWorlds/namalsk/Weather/LightingNew/C_Day60.NearCloud'.
 2:56:52.402 Warning Message: No entry 'bin\config.bin/CfgWorlds/namalsk/Weather/LightingNew/O_Night.NearCloud'.
 2:56:52.402 Warning Message: No entry 'bin\config.bin/CfgWorlds/namalsk/Weather/LightingNew/O_Astro1.NearCloud'.
 2:56:52.402 Warning Message: No entry 'bin\config.bin/CfgWorlds/namalsk/Weather/LightingNew/O_Nautical1.NearCloud'.
 2:56:52.402 Warning Message: No entry 'bin\config.bin/CfgWorlds/namalsk/Weather/LightingNew/O_Civil1.NearCloud'.
 2:56:52.402 Warning Message: No entry 'bin\config.bin/CfgWorlds/namalsk/Weather/LightingNew/O_Civil2.NearCloud'.
 2:56:52.403 Warning Message: No entry 'bin\config.bin/CfgWorlds/namalsk/Weather/LightingNew/O_Day0.NearCloud'.
 2:56:52.403 Warning Message: No entry 'bin\config.bin/CfgWorlds/namalsk/Weather/LightingNew/O_Day4.NearCloud'.
 2:56:52.403 Warning Message: No entry 'bin\config.bin/CfgWorlds/namalsk/Weather/LightingNew/O_Day8.NearCloud'.
 2:56:52.403 Warning Message: No entry 'bin\config.bin/CfgWorlds/namalsk/Weather/LightingNew/O_Day12.NearCloud'.
 2:56:52.403 Warning Message: No entry 'bin\config.bin/CfgWorlds/namalsk/Weather/LightingNew/O_Day35.NearCloud'.
 2:56:52.403 Warning Message: No entry 'bin\config.bin/CfgWorlds/namalsk/Weather/LightingNew/O_Day60.NearCloud'.
 2:56:52.407 Terrain normal texture loaded (nst\namalsk\data\nam_global_nohq.paa)...
 2:56:52.408 Warning: No components in nst\ns_plants\clutter\forest_piceas.p3d:geometry
 2:56:52.409 Warning: No components in nst\ns_plants\clutter\forest_branch.p3d:geometry
 2:56:52.410 Warning: No components in nst\ns_plants\clutter\forest_branches.p3d:geometry
 2:56:52.411 Warning: No components in nst\ns_plants\clutter\grass_bunch.p3d:geometry
 2:56:52.411 Warning: No components in nst\ns_plants\clutter\grass_reed.p3d:geometry
 2:56:52.411 Warning: No components in nst\ns_plants\clutter\grass_main.p3d:geometry
 2:56:52.412 Warning: No components in nst\ns_plants\clutter\grass_thistle.p3d:geometry
 2:56:52.412 Warning: No components in nst\ns_plants\clutter\grass_thistle2.p3d:geometry
 2:56:52.438 Warning Message: No entry 'bin\config.bin/CfgWorlds/namalsk.nearCloudObject'.
 2:56:52.438 Warning Message: Trying to access error value.
 2:56:53.51  Warning: No components in nst\ns\roads\namasf3_25.p3d:geometry
 2:56:53.51  Warning: No components in nst\ns\roads\namasf3_10 100.p3d:geometry
 2:56:53.52  Warning: No components in nst\ns\roads\namasf3_10 50.p3d:geometry
 2:56:53.52  Warning: No components in nst\ns\roads\namasf3_10 25.p3d:geometry
 2:56:53.52  Warning: No components in nst\ns\roads\namasf3_10 75.p3d:geometry
 2:56:53.54  Warning: No components in dz\structures\roads\decals\decal_concrete_panels.p3d:geometry
 2:56:53.54  Warning: No components in dz\structures\roads\decals\decal_concrete_panels_end2.p3d:geometry
 2:56:53.54  Warning: No components in dz\structures\roads\decals\decal_concrete_panels_end1.p3d:geometry
 2:56:53.55  Warning: No components in nst\ns\roads\namgrav_10 25.p3d:geometry
 2:56:53.55  Warning: No components in nst\ns\roads\namgrav_6konec.p3d:geometry
 2:56:53.55  Warning: No components in nst\ns\roads\namgrav_30 25.p3d:geometry
 2:56:53.55  Warning: No components in nst\ns\roads\namgrav_60 10.p3d:geometry
 2:56:53.55  Warning: No components in nst\ns\roads\namgrav_10 100.p3d:geometry
 2:56:53.55  Warning: No components in nst\ns\roads\namgrav_1 1000.p3d:geometry
 2:56:53.55  Warning: No components in nst\ns\roads\namgrav_7 100.p3d:geometry
 2:56:53.55  Warning: No components in nst\ns\roads\namgrav_6.p3d:geometry
 2:56:53.56  Warning: No components in nst\ns\roads\namgrav_12.p3d:geometry
 2:56:53.56  Warning: No components in nst\ns\roads\namgrav_25.p3d:geometry
 2:56:53.56  Warning: No components in nst\ns\roads\namgrav_22 50.p3d:geometry
 2:56:53.56  Warning: No components in nst\ns\roads\namgrav_15 75.p3d:geometry
 2:56:53.56  Warning: No components in nst\ns\roads\namasf3_6.p3d:geometry
 2:56:53.56  Warning: No components in nst\ns\roads\namasf3_12.p3d:geometry
 2:56:53.57  Warning: No components in nst\ns\roads\namasf3_6konec.p3d:geometry
 2:56:53.57  Warning: No components in nst\ns\roads\namasf3_60 10.p3d:geometry
 2:56:53.57  Warning: No components in nst\ns\roads\namasf3_15 75.p3d:geometry
 2:56:53.60  Warning: No components in nst\ns\roads\namasf3_30 25.p3d:geometry
 2:56:53.60  Warning: No components in nst\ns\roads\namasf3_22 50.p3d:geometry
 2:56:53.62  Warning: No components in nst\ns\roads\nammud_12.p3d:geometry
 2:56:53.63  Warning: No components in nst\ns\roads\nammud_6konec.p3d:geometry
 2:56:53.63  Warning: No components in nst\ns\roads\nammud_10 25.p3d:geometry
 2:56:53.63  Warning: No components in nst\ns\roads\nammud_25.p3d:geometry
 2:56:53.63  Warning: No components in nst\ns\roads\nammud_10 100.p3d:geometry
 2:56:53.65  Warning: No components in nst\ns\roads\nammud_6.p3d:geometry
 2:56:53.66  Warning: No components in nst\ns\roads\nammud_10 50.p3d:geometry
 2:56:53.66  Warning: No components in nst\ns\roads\namasf3_1 1000.p3d:geometry
 2:56:53.66  Warning: No components in nst\ns\roads\nammud_10 75.p3d:geometry
 2:56:53.69  Warning: No components in nst\ns\roads\namasf3_0 2000.p3d:geometry
 2:56:53.71  Warning: No components in nst\ns\roads\namgrav_10 50.p3d:geometry
 2:56:53.72  Warning: No components in nst\ns\roads\namgrav_10 75.p3d:geometry
 2:56:53.81  Warning: No components in dz\structures\roads\parts\path_dirt_curve.p3d:geometry
 2:56:53.90  NETWORK      : Network simulation
 2:56:53.90   Loading landscape 'namalsk'
 2:56:53.90    WORLD        : Create entity type 'Land_pas_amps_solo'
 2:56:53.90     ENTITY    (E): Type 'HouseType' must be inherited from class 'PASReceiverType'
 2:56:53.91  Warning Message: unable to load doorWoodRattle from CfgActionSounds
 2:56:53.104 Warning: No components in nst\ns_plants\bush\reed_dark.p3d:geometry
 2:56:53.104 Warning: No components in nst\ns_plants\bush\reed_dark.p3d:geometryFire
 2:56:53.185 Warning: No components in dz\structures\industrial\misc\misc_pallets1.p3d:geometry
 2:56:53.189 Warning: No components in nst\ns2\misc\decals\road_damage_long_01.p3d:geometry
 2:56:53.189 Warning: No components in nst\ns2\misc\decals\road_damage_long_04.p3d:geometry
 2:56:53.197   ENTITY       : Load entity type 'land_seb_garage'
 2:56:53.197    ENTITY    (W): Door 'doorstwin1' is missing geometry components for selection 'doorstwin1', check model+config
 2:56:53.202 Warning: No components in nst\ns_plants\bush\grass_bunch_s.p3d:geometry
 2:56:53.202   ENTITY       : Load entity type 'Land_Container_1Aoh'
 2:56:53.202    ENTITY    (W): Door 'DoorsTwin1' is missing geometry components for selection 'DoorsTwin1', check model+config
 2:56:53.204   WORLD        : Create entity type 'Land_radio_panelpas'
 2:56:53.204    ENTITY    (E): Type 'HouseType' must be inherited from class 'PASBroadcasterType'
 2:56:53.214 PerfWarning: Way too much components (982) in dz\structures\industrial\houses\factory_small.p3d:geometryFire
 2:56:53.216 Warning: No components in dz\structures\residential\misc\garbage_pile2.p3d:geometry
 2:56:53.216 Warning: No components in dz\structures\roads\decals\decal_concrete_panel.p3d:geometry
 2:56:53.219   ENTITY       : Load entity type 'Land_Factory_Small'
 2:56:53.219    ENTITY    (W): Door 'DoorsTwin1' is missing geometry components for selection 'DoorsTwin1', check model+config
 2:56:53.219    ENTITY    (W): Door 'DoorsTwin2' is missing geometry components for selection 'DoorsTwin2', check model+config
 2:56:53.221 Warning: No components in dz\structures\wrecks\vehicles\wreck_decal_small2.p3d:geometry
 2:56:53.237 Warning: No components in dz\structures\furniture\school_equipment\tac_board.p3d:geometry
 2:56:53.237 Warning: No components in dz\structures\furniture\school_equipment\intercom_speaker.p3d:geometry
 2:56:53.238 Warning: No components in dz\structures\furniture\lighting\fluor_lamp\fluor_lamp.p3d:geometry
 2:56:53.239   ENTITY       : Load entity type 'Land_Container_1Bo'
 2:56:53.239    ENTITY    (W): Door 'DoorsTwin1' is missing geometry components for selection 'DoorsTwin1', check model+config
 2:56:53.239    ENTITY    (W): Door 'DoorsTwin2' is missing geometry components for selection 'DoorsTwin2', check model+config
 2:56:53.239 DamageSystem Warning: Selection doors7 doesn't exists in fire geometry for entity land_budova2_winter
 2:56:53.239   ENTITY       : Load entity type 'land_budova2_winter'
 2:56:53.239    ENTITY    (W): Door 'DoorsTwin1' is missing geometry components for selection 'DoorsTwin1', check model+config
 2:56:53.268   ENTITY       : Load entity type 'Land_Container_1Mo'
 2:56:53.268    ENTITY    (W): Door 'DoorsTwin1' is missing geometry components for selection 'DoorsTwin1', check model+config
 2:56:53.268    ENTITY    (W): Door 'DoorsTwin2' is missing geometry components for selection 'DoorsTwin2', check model+config
 2:56:53.269 DamageSystem Warning: Selection doors3 doesn't exists in fire geometry for entity land_budova3_winter
 2:56:53.271 DamageSystem Warning: Selection doors3 doesn't exists in fire geometry for entity land_budova1_winter
 2:56:53.271   ENTITY       : Load entity type 'land_budova1_winter'
 2:56:53.271    ENTITY    (W): Door 'DoorsTwin1' is missing geometry components for selection 'DoorsTwin1', check model+config
 2:56:53.275 Unknown hit sound type in dz\data\data\penetration\weaponLift.bisurf.soundHit
 2:56:53.282 Warning: No components in nst\ns2\build\arma2\snowman.p3d:geometryView
 2:56:53.288   WORLD        : Create entity type 'Land_radio_panelbig'
 2:56:53.288    ENTITY    (E): Type 'HouseType' must be inherited from class 'StaticTransmitterType'
 2:56:53.290 Warning: No components in dz\structures\roads\sidewalks\sidewalk3_narrow_4m.p3d:geometry
 2:56:53.304 Warning: No components in dz\structures\furniture\lighting\light_kitchen_03\light_kitchen_03.p3d:geometry
 2:56:53.310 DamageSystem Warning: Selection doors6 doesn't exists in fire geometry for entity land_vys_budova_p1
 2:56:53.310 DamageSystem Warning: Selection doors7 doesn't exists in fire geometry for entity land_vys_budova_p1
 2:56:53.310   ENTITY       : Load entity type 'land_vys_budova_p1'
 2:56:53.310    ENTITY    (W): Unknown object class 'thing' (dz\structures\furniture\eletrical_appliances\washing_machine\washing_machine.p3d)
 2:56:53.311    ENTITY    (W): Unknown object class 'thing' (dz\structures\furniture\eletrical_appliances\washing_machine\washing_machine.p3d)
 2:56:53.311    ENTITY    (W): Unknown object class 'thing' (dz\structures\furniture\eletrical_appliances\washing_machine\washing_machine.p3d)
 2:56:53.326 DamageSystem Warning: Selection doors7 doesn't exists in fire geometry for entity Land_Mil_Barracks3
 2:56:53.326   ENTITY       : Load entity type 'Land_Mil_Barracks3'
 2:56:53.326    ENTITY    (W): Door 'DoorsTwin1' is missing geometry components for selection 'DoorsTwin1', check model+config
 2:56:53.326 DamageSystem Warning: Selection doors3 doesn't exists in fire geometry for entity land_budova3
 2:56:53.326   ENTITY       : Load entity type 'land_budova3'
 2:56:53.326    ENTITY    (W): Door 'doorstwin1' is missing geometry components for selection 'doorstwin1', check model+config
 2:56:53.333 Warning: No components in nst\ns2\build\tunnel\tunnel_grass.p3d:geometry
 2:56:53.333 Warning: No components in nst\ns2\misc\decals\road_damage_long_03.p3d:geometry
 2:56:53.333 Warning: No components in nst\ns_plants\bush\reed_dark_f.p3d:geometry
 2:56:53.333 Warning: No components in nst\ns_plants\bush\reed_dark_f.p3d:geometryFire
 2:56:53.333 DamageSystem Warning: Selection doors3 doesn't exists in fire geometry for entity Land_Mil_Barracks1
 2:56:53.333   ENTITY       : Load entity type 'Land_Mil_Barracks1'
 2:56:53.333    ENTITY    (W): Door 'DoorsTwin1' is missing geometry components for selection 'DoorsTwin1', check model+config
 2:56:53.342 Warning: No components in dz\structures\walls\wall_fen2_6.p3d:geometryView
 2:56:53.342 Warning: No components in nst\ns2\misc\decals\road_damage_medium_01.p3d:geometry
 2:56:53.345 DamageSystem Warning: Selection doors5 doesn't exists in fire geometry for entity Land_Mil_Barracks4
 2:56:53.378 Fresnel k must be >0, given n=1,k=0
 2:56:53.378 Fresnel k must be >0, given n=1,k=0
 2:56:53.380 Fresnel k must be >0, given n=1,k=0
 2:56:53.380 Fresnel k must be >0, given n=1,k=0
 2:56:53.380 Fresnel k must be >0, given n=1,k=0
 2:56:53.385 Warning: No components in dz\structures\furniture\various\vise.p3d:geometry
 2:56:53.403 Warning: No components in nst\ns2\misc\decals\road_damage_medium_02.p3d:geometry
 2:56:53.406 Warning: No components in nst\ns2\misc\decals\road_damage_long_05.p3d:geometry
 2:56:53.412   ENTITY       : Load entity type 'Land_Garage_Small'
 2:56:53.412    ENTITY    (W): Door 'DoorsTwin1' is missing geometry components for selection 'DoorsTwin1', check model+config
 2:56:53.423 PerfWarning: Way too much components (564) in dz\structures\military\houses\mil_barracks5.p3d:geometryFire
 2:56:53.426 Warning: No components in dz\structures\industrial\cementworks\proxy\misc_pallet.p3d:geometryFire
 2:56:53.428   ENTITY       : Load entity type 'Land_Mil_Barracks5'
 2:56:53.428    ENTITY    (W): Door 'DoorsTwin1' is missing geometry components for selection 'DoorsTwin1', check model+config
 2:56:53.431 Warning: No components in dz\structures\military\improvised\mil_camonet_side_east.p3d:geometryView
 2:56:53.447 Warning Message: No entry 'bin\config.bin/CfgVehicles/land_nor_watchtower/Doors/Door1.soundOpenABit'.
 2:56:53.447 Warning Message: Trying to access error value.
 2:56:53.523 PerfWarning: Way too much components (628) in dz\structures\ruins\rubble_dirtpile_medium2.p3d:geometryFire
 2:56:53.525   ENTITY       : Load entity type 'Land_Workshop2'
 2:56:53.525    ENTITY    (W): Door 'DoorsTwin1' is missing geometry components for selection 'DoorsTwin1', check model+config
 2:56:53.532 Warning: No components in nst\ns2\misc\decals\road_damage_long_02.p3d:geometry
 2:56:53.532 Warning: No components in dz\structures\residential\misc\misc_boundarystone_plastic.p3d:geometry
 2:56:53.536 Warning Message: unable to load doorCarSmallRattle from CfgActionSounds
 2:56:53.545 Fresnel k must be >0, given n=1,k=0
 2:56:53.545 Fresnel k must be >0, given n=1,k=0
 2:56:53.549   ENTITY       : Load entity type 'Land_Wreck_S1023_Beige'
 2:56:53.549    ENTITY    (W): Door 'DoorsTwin1' is missing geometry components for selection 'DoorsTwin1', check model+config
 2:56:53.552 Warning: No components in dz\structures\walls\wall_railing_2.p3d:geometryView
 2:56:53.562 PerfWarning: Way too much components (501) in dz\structures\wrecks\vehicles\wreck_volha_grey.p3d:geometryFire
 2:56:53.567 Warning: No components in dz\structures\ruins\rubble_glass.p3d:geometry
 2:56:53.579 Fresnel k must be >0, given n=1,k=0
 2:56:53.596 Fresnel k must be >0, given n=1,k=0
 2:56:53.596 Fresnel k must be >0, given n=1,k=0
 2:56:53.597 Warning: No components in nst\ns\water\lakewater_still.p3d:geometry
 2:56:53.599   ENTITY       : Load entity type 'Land_Wreck_S1023_Blue'
 2:56:53.599    ENTITY    (W): Door 'DoorsTwin1' is missing geometry components for selection 'DoorsTwin1', check model+config
 2:56:53.600   ENTITY    (W): Unknown object class 'pond' (nst\ns\water\lakewater_still.p3d)
 2:56:53.606 Warning: No components in nst\ns2\build\tunnel\tunnel_forest.p3d:geometry
 2:56:53.609 Fresnel k must be >0, given n=1,k=0
 2:56:53.612 Fresnel k must be >0, given n=1,k=0
 2:56:53.612 Fresnel k must be >0, given n=1,k=0
 2:56:53.612 Fresnel k must be >0, given n=1,k=0
 2:56:53.616 Warning: No components in dz\structures\roads\sidewalks\sidewalk3_wide_corner.p3d:geometry
 2:56:53.619 Warning: No components in dz\structures\walls\wall_railing_endr.p3d:geometryView
 2:56:53.638 PerfWarning: Way too much components (1020) in dz\structures\industrial\cementworks\cementworks_expeditiona.p3d:geometryFire
 2:56:53.639 Warning: No components in dz\structures\industrial\cementworks\proxy\ground_garbage_long_fix.p3d:geometry
 2:56:53.673   ENTITY       : Load entity type 'Land_CementWorks_Hall2_Brick'
 2:56:53.673    ENTITY    (W): Door 'DoorsTwin1' is missing geometry components for selection 'DoorsTwin1', check model+config
 2:56:53.686   ENTITY       : Load entity type 'Land_Workshop3'
 2:56:53.686    ENTITY    (W): Door 'DoorsTwin1' is missing geometry components for selection 'DoorsTwin1', check model+config
 2:56:53.686    ENTITY    (W): Door 'DoorsTwin2' is missing geometry components for selection 'DoorsTwin2', check model+config
 2:56:53.703   ENTITY       : Load entity type 'Land_Workshop4'
 2:56:53.703    ENTITY    (W): Door 'DoorsTwin1' is missing geometry components for selection 'DoorsTwin1', check model+config
 2:56:53.723 PerfWarning: Way too much components (700) in dz\structures\industrial\mines\mine_building.p3d:geometryFire
 2:56:53.734   ENTITY       : Load entity type 'Land_Workshop1'
 2:56:53.734    ENTITY    (W): Door 'DoorsTwin1' is missing geometry components for selection 'DoorsTwin1', check model+config
 2:56:53.745 Warning: No components in dz\structures\roads\panels\path_panels.p3d:geometry
 2:56:53.745 Warning: No components in dz\structures\roads\panels\path_panels.p3d:geometryFire
 2:56:53.757 PerfWarning: Way too much components (547) in dz\structures\specific\airfields\airfield_small_control.p3d:geometryFire
 2:56:53.759 Warning: No components in dz\structures\furniture\various\carpet_2_dz.p3d:geometry
 2:56:53.760 Warning: No components in dz\structures\furniture\various\sawhorse_dz.p3d:geometryView
 2:56:53.767   ENTITY       : Load entity type 'Land_Airfield_Small_Control'
 2:56:53.767    ENTITY    (W): Unknown object class 'thing' (dz\structures\furniture\eletrical_appliances\washing_machine\washing_machine.p3d)
 2:56:53.769    ENTITY    (W): Unknown object class 'thing' (dz\structures\furniture\eletrical_appliances\washing_machine\washing_machine.p3d)
 2:56:53.769    ENTITY    (W): Unknown object class 'thing' (dz\structures\furniture\eletrical_appliances\washing_machine\washing_machine.p3d)
 2:56:53.770    ENTITY    (W): Unknown object class 'thing' (dz\structures\furniture\eletrical_appliances\washing_machine\washing_machine.p3d)
 2:56:53.779 Warning: No components in dz\water_sakhal\ice_lake\sakhal_50x50_ice_underlayer.p3d:geometry
 2:56:53.783   ENTITY    (W): Unknown object class 'pond' (dz\water_sakhal\ice_lake\sakhal_50x50_ice_lake_clear.p3d)
 2:56:53.795 DamageSystem Warning: Selection doors2 doesn't exists in fire geometry for entity land_seb_bouda1
 2:56:53.800 Warning: No components in dz\structures\industrial\harbour\pier_crane_rails.p3d:geometry
 2:56:53.826 PerfWarning: Way too much components (1200) in dz\structures\residential\offices\office2.p3d:geometryFire
 2:56:53.833 PerfWarning: Way too much components (506) in dz\structures\residential\offices\proxy\a_office02_metalbars.p3d:geometryFire
 2:56:53.836   ENTITY       : Load entity type 'Land_Office2'
 2:56:53.836    ENTITY    (W): Door 'DoorsTwin1' is missing geometry components for selection 'DoorsTwin1', check model+config
 2:56:53.836    ENTITY    (W): Door 'DoorsTwin2' is missing geometry components for selection 'DoorsTwin2', check model+config
 2:56:53.836    ENTITY    (W): Door 'DoorsTwin3' is missing geometry components for selection 'DoorsTwin3', check model+config
 2:56:53.836    ENTITY    (W): Door 'DoorsTwin4' is missing geometry components for selection 'DoorsTwin4', check model+config
 2:56:53.836    ENTITY    (W): Door 'DoorsTwin5' is missing geometry components for selection 'DoorsTwin5', check model+config
 2:56:53.848 PerfWarning: Way too much components (677) in dz\structures\residential\medical\city_hospital.p3d:geometryFire
 2:56:53.851 Warning: No components in dz\structures\proxy_buildingparts\lightningcond\lightningconductorbottom\lightningconductorbottom.p3d:geometryView
 2:56:53.855   ENTITY       : Load entity type 'Land_City_Hospital'
 2:56:53.855    ENTITY    (W): Door 'DoorsTwin1' is missing geometry components for selection 'DoorsTwin1', check model+config
 2:56:53.864 PerfWarning: Way too much components (601) in dz\structures\industrial\construction\construction_crane.p3d:geometryFire
 2:56:53.879 PerfWarning: Way too much components (1027) in dz\structures\residential\offices\office1.p3d:geometryFire
 2:56:53.881 Warning: No components in dz\structures\residential\offices\proxy\zarivky.p3d:geometry
 2:56:53.882 Warning: No components in dz\structures\furniture\various\flagholder.p3d:geometryView
 2:56:53.888   ENTITY       : Load entity type 'Land_Office1'
 2:56:53.888    ENTITY    (W): Door 'DoorsTwin1' is missing geometry components for selection 'DoorsTwin1', check model+config
 2:56:53.888    ENTITY    (W): Door 'DoorsTwin2' is missing geometry components for selection 'DoorsTwin2', check model+config
 2:56:53.888    ENTITY    (W): Door 'DoorsTwin3' is missing geometry components for selection 'DoorsTwin3', check model+config
 2:56:53.888    ENTITY    (W): Door 'DoorsTwin4' is missing geometry components for selection 'DoorsTwin4', check model+config
 2:56:53.888    ENTITY    (W): Door 'DoorsTwin5' is missing geometry components for selection 'DoorsTwin5', check model+config
 2:56:53.888    ENTITY    (W): Door 'DoorsTwin6' is missing geometry components for selection 'DoorsTwin6', check model+config
 2:56:53.888    ENTITY    (W): Door 'DoorsTwin7' is missing geometry components for selection 'DoorsTwin7', check model+config
 2:56:53.911   ENTITY       : Load entity type 'Land_Container_1Moh'
 2:56:53.911    ENTITY    (W): Door 'DoorsTwin1' is missing geometry components for selection 'DoorsTwin1', check model+config
 2:56:53.915 DamageSystem Warning: Selection doors2 doesn't exists in fire geometry for entity Land_Wall_Gate_FenG_Open
 2:56:53.933 Warning: No components in dz\structures\military\improvised\mil_tent_big2_1.p3d:geometryFire
 2:56:53.933 Warning: No components in dz\structures\military\improvised\mil_tent_big2_1.p3d:geometryView
 2:56:53.936 Warning: No components in nst\ns\water\lakewater.p3d:geometry
 2:56:53.936 Warning: No components in dz\structures\military\improvised\proxy\tent_big2.p3d:geometry
 2:56:53.939   ENTITY    (W): Unknown object class 'pond' (nst\ns\water\lakewater.p3d)
 2:56:53.949 Warning: No components in dz\structures\industrial\misc\misc_timbers_log1.p3d:geometry
 2:56:53.949 Warning: No components in dz\structures\industrial\misc\misc_timbers_log2.p3d:geometry
 2:56:53.949 Warning: No components in dz\structures\industrial\misc\misc_timbers_log3.p3d:geometry
 2:56:53.959 Warning: No components in nst\ns2\build\arma2\heli_h_army.p3d:geometry
 2:56:53.998 Warning: No components in nst\ns\misc\lamps\town_lamp_2.p3d:geometryView
 2:56:54.00    ENTITY       : Load entity type 'Land_Garage_Row_Small'
 2:56:54.00     ENTITY    (W): Door 'DoorsTwin1' is missing geometry components for selection 'DoorsTwin1', check model+config
 2:56:54.00     ENTITY    (W): Door 'DoorsTwin2' is missing geometry components for selection 'DoorsTwin2', check model+config
 2:56:54.00     ENTITY    (W): Door 'DoorsTwin3' is missing geometry components for selection 'DoorsTwin3', check model+config
 2:56:54.03  Warning: No components in dz\structures\walls\wall_railing_endl.p3d:geometryView
 2:56:54.06  Warning: No components in dz\structures\residential\misc\misc_seesaw.p3d:geometryFire
 2:56:54.06  Warning: No components in dz\structures\residential\misc\misc_seesaw.p3d:geometryView
 2:56:54.23  Warning: No components in dz\structures\roads\decals\decal_crosswalk.p3d:geometry
 2:56:54.124 PerfWarning: Way too much components (562) in dz\structures\residential\stores\city_store_withstairs.p3d:geometryFire
 2:56:54.127   ENTITY       : Load entity type 'Land_City_Store_WithStairs'
 2:56:54.127    ENTITY    (W): Door 'DoorsTwin1' is missing geometry components for selection 'DoorsTwin1', check model+config
 2:56:54.127    ENTITY    (W): Door 'DoorsTwin2' is missing geometry components for selection 'DoorsTwin2', check model+config
 2:56:54.127    ENTITY    (W): Door 'DoorsTwin3' is missing geometry components for selection 'DoorsTwin3', check model+config
 2:56:54.127    ENTITY    (W): Door 'DoorsTwin4' is missing geometry components for selection 'DoorsTwin4', check model+config
 2:56:54.127    ENTITY    (W): Door 'DoorsTwin5' is missing geometry components for selection 'DoorsTwin5', check model+config
 2:56:54.132   ENTITY       : Load entity type 'land_vor_apartment_high_2'
 2:56:54.132    ENTITY    (W): Door 'doorstwin1' is missing geometry components for selection 'doorstwin1', check model+config
 2:56:54.140 PerfWarning: Way too much components (647) in dz\structures\residential\tenements\tenement_small.p3d:geometryFire
 2:56:54.145   ENTITY       : Load entity type 'Land_Tenement_Small'
 2:56:54.146    ENTITY    (W): Unknown object class 'thing' (dz\structures\furniture\eletrical_appliances\washing_machine\washing_machine.p3d)
 2:56:54.146    ENTITY    (W): Unknown object class 'thing' (dz\structures\furniture\eletrical_appliances\washing_machine\washing_machine.p3d)
 2:56:54.146    ENTITY    (W): Unknown object class 'thing' (dz\structures\furniture\eletrical_appliances\washing_machine\washing_machine.p3d)
 2:56:54.146    ENTITY    (W): Unknown object class 'thing' (dz\structures\furniture\eletrical_appliances\washing_machine\washing_machine.p3d)
 2:56:54.146    ENTITY    (W): Unknown object class 'thing' (dz\structures\furniture\eletrical_appliances\washing_machine\washing_machine.p3d)
 2:56:54.146    ENTITY    (W): Unknown object class 'thing' (dz\structures\furniture\eletrical_appliances\washing_machine\washing_machine.p3d)
 2:56:54.146    ENTITY    (W): Unknown object class 'thing' (dz\structures\furniture\eletrical_appliances\washing_machine\washing_machine.p3d)
 2:56:54.149 Warning: No components in dz\structures\walls\wall_fenr_pole.p3d:geometryView
 2:56:54.154 Warning: No components in dz\structures\residential\misc\misc_sandbox.p3d:geometry
 2:56:54.155 Warning: No components in dz\structures\wrecks\vehicles\wreck_decal_small1.p3d:geometry
 2:56:54.155 Warning: No components in nst\ns_sounds\entities\sfx_playground.p3d:geometry
 2:56:54.161 Warning: No components in dz\structures\military\misc\misc_obstacle_runaround.p3d:geometryView
 2:56:54.174 Warning: No components in dz\structures\residential\misc\misc_boundarystone_tube.p3d:geometry
 2:56:54.174 Warning: No components in dz\structures\walls\wall_fen2_6_hole.p3d:geometryView
 2:56:54.188 Warning: No components in dz\structures\residential\misc\misc_boundarystone.p3d:geometry
 2:56:54.202 Warning: No components in dz\structures\wrecks\vehicles\wreck_trailer_closed.p3d:geometryView
 2:56:54.223   ENTITY       : Load entity type 'Land_House_2W04'
 2:56:54.223    ENTITY    (W): Door 'DoorsTwin1' is missing geometry components for selection 'DoorsTwin1', check model+config
 2:56:54.230 Convex "component117" selection faces are less then 4 in dz\structures\residential\houses\house_1w08_brown.p3d:geometryView
 2:56:54.230 Convex "component120" selection faces are less then 4 in dz\structures\residential\houses\house_1w08_brown.p3d:geometryView
 2:56:54.231 Warning: No components in dz\structures_bliss\ruins\proxy\bed_large_metal.p3d:geometryView
 2:56:54.231 Warning: No components in dz\structures_bliss\ruins\proxy\carpet_big_dirty2.p3d:geometry
 2:56:54.231 Warning: No components in dz\structures_bliss\ruins\proxy\carpet_big_dirty2.p3d:geometryView
 2:56:54.235   ENTITY       : Load entity type 'Land_House_1W08_Brown'
 2:56:54.235    ENTITY    (W): Unknown object class 'thing' (dz\structures\furniture\eletrical_appliances\washing_machine\washing_machine.p3d)
 2:56:54.235    ENTITY    (W): Unknown object class 'thing' (dz\structures\furniture\eletrical_appliances\washing_machine\washing_machine.p3d)
 2:56:54.235    ENTITY    (W): Unknown object class 'thing' (dz\structures\furniture\eletrical_appliances\washing_machine\washing_machine.p3d)
 2:56:54.242 Convex "component34" selection faces are less then 4 in dz\structures\residential\houses\house_1w11.p3d:geometry
 2:56:54.279 Warning: No components in dz\structures\furniture\various\debris_small_house.p3d:geometry
 2:56:54.279 Warning: No components in dz\structures\furniture\various\debris_small_house.p3d:geometryView
 2:56:54.279 Warning: No components in dz\structures\furniture\school_equipment\wall_hanger.p3d:geometry
 2:56:54.296 Warning: No components in dz\structures\signs\misc\sign_decal_govschool.p3d:geometry
 2:56:54.297   ENTITY    (W): Unknown object class 'pond' (dz\water_sakhal\ice_lake\sakhal_50x50_ice_lake_clear.p3d)
 2:56:54.315 PerfWarning: Way too much components (560) in dz\structures\industrial\power\power_station.p3d:geometryFire
 2:56:54.317 Warning: No components in dz\structures\industrial\cementworks\proxy\ground_garbage_square7_fix.p3d:geometry
 2:56:54.329 PerfWarning: Way too much components (642) in dz\structures\residential\tenements\tenement_big.p3d:geometryFire
 2:56:54.332 Warning: No components in dz\structures\residential\tenements\proxy\tb_big_ladders.p3d:geometryView
 2:56:54.336 Warning: No components in dz\structures\residential\tenements\proxy\tenement_big_win_single.p3d:geometryView
 2:56:54.336 Warning: No components in dz\structures\residential\tenements\proxy\tenement_big_win.p3d:geometryView
 2:56:54.338 Warning: No components in dz\structures\residential\tenements\proxy\balcony_rail.p3d:geometry
 2:56:54.338 Warning: No components in dz\structures\residential\tenements\proxy\balcony_rail.p3d:geometryView
 2:56:54.339 Warning: No components in dz\structures\residential\tenements\proxy\tb_big_doorsframe_extract.p3d:geometry
 2:56:54.345   ENTITY       : Load entity type 'Land_Tenement_Big'
 2:56:54.345    ENTITY    (W): Unknown object class 'thing' (dz\structures\furniture\eletrical_appliances\washing_machine\washing_machine.p3d)
 2:56:54.345    ENTITY    (W): Unknown object class 'thing' (dz\structures\furniture\eletrical_appliances\washing_machine\washing_machine.p3d)
 2:56:54.345    ENTITY    (W): Unknown object class 'thing' (dz\structures\furniture\eletrical_appliances\washing_machine\washing_machine.p3d)
 2:56:54.345    ENTITY    (W): Unknown object class 'thing' (dz\structures\furniture\eletrical_appliances\washing_machine\washing_machine.p3d)
 2:56:54.345    ENTITY    (W): Unknown object class 'thing' (dz\structures\furniture\eletrical_appliances\washing_machine\washing_machine.p3d)
 2:56:54.345    ENTITY    (W): Unknown object class 'thing' (dz\structures\furniture\eletrical_appliances\washing_machine\washing_machine.p3d)
 2:56:54.346    ENTITY    (W): Unknown object class 'thing' (dz\structures\furniture\eletrical_appliances\washing_machine\washing_machine.p3d)
 2:56:54.346    ENTITY    (W): Unknown object class 'thing' (dz\structures\furniture\eletrical_appliances\washing_machine\washing_machine.p3d)
 2:56:54.347    ENTITY    (W): Unknown object class 'thing' (dz\structures\furniture\eletrical_appliances\washing_machine\washing_machine.p3d)
 2:56:54.362 Warning: No components in dz\structures\ruins\rubble_dirtpile_small.p3d:geometry
 2:56:54.364 PerfWarning: Way too much components (660) in dz\structures\ruins\rubble_dirtpile_small.p3d:geometryFire
 2:56:54.632  PROFILING    : Loading landscape took: 2230.152300 ms
 2:56:56.906  SCRIPT       : Module: Mission; loaded 315x files; 629x classes; used 4065/33554 kB (12) of static memory; defines: "DAYZ_1_29,SERVER_FOR_WINDOWS,SERVER,PLATFORM_WINDOWS,RELEASE,NO_GUI,NO_GUI_INGAME,DabsFramework,sakhal,JM_CommunityFramework,CF_MODULE_CONFIG,CF_EXPRESSION,CF_TRACE_STACK_NAME_ASSUMPTION_FIX,CF_GHOSTICONS,CF_MODSTORAGE,CF_SURFACES,CF_MODULES,CF_REF_FIX,CF_BUGFIX_REF,CF_BUGFIX_XML,CF_VIRTUALSTORAGE_FIX,CF_DOUBLYLINKEDNODES,CF_ONUPDATE_RATE_LIMIT,CF_LOG_TIMESTAMP,NAMALSK_ISLAND,NAMALSK_SURVIVAL,AVPPAdminTools,AVPPAdminToolsTranslate,DayZ,FEATURE_CURSOR,FEATURE_NETWORK_RECONCILIATION,FEATURE_NETWORK_RECONCILATION,ENABLE_CAROUSEL,VPPADMINTOOLS,VPPAT_NOTIFICATIONS"; CRC32: 00000000
 2:56:56.958  SCRIPT       : Module: $CurrentDir:mpmissions\regular.namalsk\init.c; loaded 1x files; 1x classes; used 4/1048 kB (0) of static memory; defines: "DAYZ_1_29,SERVER_FOR_WINDOWS,SERVER,PLATFORM_WINDOWS,RELEASE,NO_GUI,NO_GUI_INGAME,DabsFramework,sakhal,JM_CommunityFramework,CF_MODULE_CONFIG,CF_EXPRESSION,CF_TRACE_STACK_NAME_ASSUMPTION_FIX,CF_GHOSTICONS,CF_MODSTORAGE,CF_SURFACES,CF_MODULES,CF_REF_FIX,CF_BUGFIX_REF,CF_BUGFIX_XML,CF_VIRTUALSTORAGE_FIX,CF_DOUBLYLINKEDNODES,CF_ONUPDATE_RATE_LIMIT,CF_LOG_TIMESTAMP,NAMALSK_ISLAND,NAMALSK_SURVIVAL,AVPPAdminTools,AVPPAdminToolsTranslate,DayZ,FEATURE_CURSOR,FEATURE_NETWORK_RECONCILIATION,FEATURE_NETWORK_RECONCILATION"; CRC32: 00000000
 2:56:56.958  SCRIPT       : [SERVER :: Vanilla++ AdminTools Plugins Registering]
 2:56:57.159  SCRIPT       : [VPPAdminTools] Error parsing credentials.txt! Please input a valid password, with no // at the start of the line!
 2:56:57.192 DamageSystem Warning: Missing GlobalHealth subclass in DamageSystem class for entity type land_a3_flaxbt_panel
 2:56:57.200 DamageSystem Warning: Missing GlobalHealth subclass in DamageSystem class for entity type land_sea_oilrig_printer
 2:56:57.201  SCRIPT    (W): scripts/3_Game/undergroundarealoader.c:138 | SpawnAllTriggerCarriers | [WARNING] :: [UndergroundAreaLoader GetData()] :: file not found in MISSION folder, your path is $mission:cfgundergroundtriggers.json Attempting DATA folder
 2:56:57.201  SCRIPT    (W): scripts/3_Game/undergroundarealoader.c:138 | SpawnAllTriggerCarriers | [WARNING] :: [UndergroundAreaLoader GetData()] ::file not found in DATA folder, your path is dz/worlds/namalsk/ce/cfgundergroundtriggers.json
 2:56:57.201 String "STR_DN_UNKNOWN" not found (not in localization table)
 2:56:57.201 String "STR_DN_UNKNOWN" not found (not in localization table)
 2:56:57.202 String "STR_DN_UNKNOWN" not found (not in localization table)
 2:56:57.208 Warning: No components in nst\ns_dayz\gear\lore\paper_files.p3d:geometry
 2:56:57.210  SCRIPT       : [MissionServer] OnInit - Server
 2:56:57.210  SCRIPT       : [Namalsk][NamEventManager]: Next selection will occur in 935 seconds
 2:56:57.210  SCRIPT       : [Namalsk][NamEventManager]: NamEventManager is now running
 2:56:57.211 Warning Message: Cannot open object bmp.p3d
 2:56:57.212  SCRIPT       : [MissionServer] OnMissionStart - Server
 2:56:57.264  SCRIPT       : string dirtyName = 'SVOBODADayZ'
 2:56:57.265 [CE][Hive] :: Initializing OFFLINE
 2:56:57.265 [StorageDirs] :: Selected storage directory: G:\SteamLibrary\steamapps\common\DayZServer\mpmissions\regular.namalsk\storage_1\
 2:56:57.265  ENGINE       : FileSystem: Adding relative directory 'G:\SteamLibrary\steamapps\common\DayZServer\mpmissions\regular.namalsk\storage_1' to RV filesystem under name storage
 2:56:57.265 [CE][Hive] :: Loading core data ... 
 2:56:57.265 [CE][CoreData] :: 8 root classes, 0 defaults, 0 updaters...
 2:56:57.365 Warning: No components in dz\structures\industrial\misc\misc_timbers_log4.p3d:geometry
 2:56:57.373 Convex "component81" selection faces are less then 4 in dz\structures\residential\houses\house_2w02.p3d:geometryView
 2:56:57.373  ENTITY       : Load entity type 'Land_House_2W02'
 2:56:57.373   ENTITY    (W): Door 'DoorsTwin1' is missing geometry components for selection 'DoorsTwin1', check model+config
 2:56:57.375 Warning: No components in dz\structures\furniture\decoration\carpet_big\carpet_big.p3d:geometry
 2:56:57.397  ENTITY    (W): Unknown object class 'pond' (dz\water_sakhal\ice_lake\sakhal_50x50_ice_lake_clear.p3d)
 2:56:57.424 [CE][Hive] :: Loading map data ... 
 2:56:57.453 Warning: No components in dz\characters\gloves\hands3_m.p3d:geometry
 2:56:57.455 Warning: No components in dz\characters\gloves\hands3_f.p3d:geometry
 2:56:57.459 Warning: No components in dz\characters\gloves\surgical_gloves_g.p3d:geometry
 2:56:57.463 Warning: No components in dz\characters\gloves\paddedgloves_g.p3d:geometry
 2:56:57.464 Warning: No components in dz\characters\headgear\helmetmich_g.p3d:geometry
 2:56:57.468 Warning: No components in dz\characters\headgear\head_sack_g.p3d:geometryFire
 2:56:57.468 Warning: No components in dz\characters\headgear\head_sack_g.p3d:geometryView
 2:56:57.470 Warning: No components in dz\characters\headgear\pumpkinhelmet_g.p3d:geometry
 2:56:57.471 Warning: No components in dz\characters\headgear\headtorch_ground.p3d:geometry
 2:56:57.474 Warning: No components in dz\characters\headgear\militaryberet_g.p3d:geometryFire
 2:56:57.475 Warning: No components in dz\characters\headgear\militaryberet_un_g.p3d:geometryFire
 2:56:57.475 Warning: No components in dz\characters\headgear\militaryberet_nz_g.p3d:geometryFire
 2:56:57.476 Warning: No components in dz\characters\headgear\militaryberet_chdkz_g.p3d:geometryFire
 2:56:57.476 Warning: No components in dz\characters\headgear\militaryberet_cdf_g.p3d:geometryFire
 2:56:57.485 Warning: No components in dz\characters\headgear\prison_cap_g.p3d:geometryView
 2:56:57.489 Warning: No components in dz\characters\headgear\mxhelmet_visor.p3d:geometry
 2:56:57.491 Warning: No components in dz\characters\headgear\santashat_g.p3d:geometryView
 2:56:57.492 Warning: No components in dz\characters\headgear\witchhood_g.p3d:geometryView
 2:56:57.500 Warning: No components in dz\characters\headgear\wolfheaddress_g.p3d:geometry
 2:56:57.506 Warning: No components in dz\characters\heads\m_adam.p3d:geometry
 2:56:57.507 Warning: No components in dz\characters\heads\f_frida_2.p3d:geometry
 2:56:57.508 Warning: No components in dz\characters\heads\f_gabi_2.p3d:geometry
 2:56:57.508 Warning: No components in dz\characters\heads\f_helga.p3d:geometry
 2:56:57.509 Warning: No components in dz\characters\heads\f_irena_2.p3d:geometry
 2:56:57.509 Warning: No components in dz\characters\heads\f_judy.p3d:geometry
 2:56:57.510 Warning: No components in dz\characters\heads\f_keiko.p3d:geometry
 2:56:57.511 Warning: No components in dz\characters\heads\f_linda_2.p3d:geometry
 2:56:57.512 Warning: No components in dz\characters\heads\f_maria_2.p3d:geometry
 2:56:57.512 Warning: No components in dz\characters\heads\f_naomi.p3d:geometry
 2:56:57.513 Warning: No components in dz\characters\heads\f_eva_2.p3d:geometry
 2:56:57.514 Warning: No components in dz\characters\heads\f_baty.p3d:geometry
 2:56:57.515 Warning: No components in dz\characters\heads\m_boris.p3d:geometry
 2:56:57.516 Warning: No components in dz\characters\heads\m_cyril.p3d:geometry
 2:56:57.516 Warning: No components in dz\characters\heads\m_denis_2.p3d:geometry
 2:56:57.517 Warning: No components in dz\characters\heads\m_elias.p3d:geometry
 2:56:57.518 Warning: No components in dz\characters\heads\m_francis.p3d:geometry
 2:56:57.519 Warning: No components in dz\characters\heads\m_guo.p3d:geometry
 2:56:57.520 Warning: No components in dz\characters\heads\m_hassan.p3d:geometry
 2:56:57.521 Warning: No components in dz\characters\heads\m_indar.p3d:geometry
 2:56:57.522 Warning: No components in dz\characters\heads\m_jose.p3d:geometry
 2:56:57.523 Warning: No components in dz\characters\heads\m_kaito.p3d:geometry
 2:56:57.523 Warning: No components in dz\characters\heads\m_lewis.p3d:geometry
 2:56:57.525 Warning: No components in dz\characters\heads\m_manua.p3d:geometry
 2:56:57.525 Warning: No components in dz\characters\heads\m_niki_2.p3d:geometry
 2:56:57.525 Warning: No components in dz\characters\heads\m_oliver.p3d:geometry
 2:56:57.527 Warning: No components in dz\characters\heads\m_peter.p3d:geometry
 2:56:57.527 Warning: No components in dz\characters\heads\m_quinn.p3d:geometry
 2:56:57.528 Warning: No components in dz\characters\heads\m_rolf.p3d:geometry
 2:56:57.529 Warning: No components in dz\characters\heads\m_seth.p3d:geometry
 2:56:57.530 Warning: No components in dz\characters\heads\m_taiki.p3d:geometry
 2:56:57.542 Warning: No components in dz\characters\pants\legs3_m.p3d:geometry
 2:56:57.542 Warning: No components in dz\characters\pants\legs3_f.p3d:geometry
 2:56:57.560 Warning: No components in dz\characters\shoes\feet3_m.p3d:geometry
 2:56:57.560 Warning: No components in dz\characters\shoes\feet3_f.p3d:geometry
 2:56:57.567 Warning: No components in dz\characters\shoes\shoes_leathermoccasins_g.p3d:geometry
 2:56:57.571 Warning: No components in dz\characters\shoes\ttsko_boots_g.p3d:geometryView
 2:56:57.573 Warning: No components in dz\characters\tops\torso3_m.p3d:geometry
 2:56:57.574 Warning: No components in dz\characters\tops\torso3_f.p3d:geometry
 2:56:57.582 Warning: No components in dz\characters\tops\torsocover_improvised_g.p3d:geometry
 2:56:57.583 Warning: No components in dz\characters\tops\m65_jacket_g.p3d:geometry
 2:56:57.583 Warning: No components in dz\characters\tops\ttsko_jacket_g.p3d:geometry
 2:56:57.584 Warning: No components in dz\characters\tops\gorka_up_g.p3d:geometry
 2:56:57.684 Warning: No components in dz\gear\camping\mediumtent.p3d:geometryView
 2:56:57.684 Warning: No components in dz\gear\camping\mediumtentplacing.p3d:geometry
 2:56:57.684 Warning: No components in dz\gear\camping\mediumtentplacing.p3d:geometryFire
 2:56:57.685 Convex "component01" selection faces are less then 4 in dz\gear\camping\largetent.p3d:geometry
 2:56:57.685 Convex "component02" selection faces are less then 4 in dz\gear\camping\largetent.p3d:geometry
 2:56:57.685 Convex "component01" selection faces are less then 4 in dz\gear\camping\largetent.p3d:geometryFire
 2:56:57.685 Convex "component02" selection faces are less then 4 in dz\gear\camping\largetent.p3d:geometryFire
 2:56:57.685 Convex "component01" selection faces are less then 4 in dz\gear\camping\largetent.p3d:geometryView
 2:56:57.685 Convex "component02" selection faces are less then 4 in dz\gear\camping\largetent.p3d:geometryView
 2:56:57.685 Warning: No components in dz\gear\camping\largetent.p3d:geometryView
 2:56:57.686 Warning: No components in dz\gear\camping\largetentplacing.p3d:geometry
 2:56:57.686 Warning: No components in dz\gear\camping\largetentplacing.p3d:geometryFire
 2:56:57.687 Warning: No components in dz\gear\camping\cartent.p3d:geometryView
 2:56:57.687 Warning: No components in dz\gear\camping\cartentplacing.p3d:geometry
 2:56:57.687 Warning: No components in dz\gear\camping\cartentplacing.p3d:geometryFire
 2:56:57.687 Warning: No components in dz\gear\camping\party_tent.p3d:geometryView
 2:56:57.688 Warning: No components in dz\gear\camping\party_tentplacing.p3d:geometry
 2:56:57.688 Warning: No components in dz\gear\camping\party_tentplacing.p3d:geometryFire
 2:56:57.690 Warning: No components in dz\gear\camping\fence_kit.p3d:geometry
 2:56:57.690 Warning: No components in dz\gear\camping\fence_kit.p3d:geometryFire
 2:56:57.690 Warning: No components in dz\gear\camping\fence_kit.p3d:geometryView
 2:56:57.691 Warning: No components in dz\gear\camping\fence_kit_placing.p3d:geometryFire
 2:56:57.691 Warning: No components in dz\gear\camping\watchtower_kit.p3d:geometry
 2:56:57.691 Warning: No components in dz\gear\camping\watchtower_kit.p3d:geometryFire
 2:56:57.691 Warning: No components in dz\gear\camping\watchtower_kit.p3d:geometryView
 2:56:57.691 Warning: No components in dz\gear\camping\watchtower_kit_placing.p3d:geometryFire
 2:56:57.700 Warning: No components in dz\gear\camping\camo_net_p.p3d:geometryFire
 2:56:57.701 Warning: No components in dz\gear\camping\underground_stash.p3d:geometryFire
 2:56:57.701 Warning: No components in dz\gear\camping\underground_stash_snow.p3d:geometryFire
 2:56:57.706 Warning: No components in dz\gear\camping\hbox_base.p3d:geometry
 2:56:57.706 Warning: No components in dz\gear\camping\hbox_base.p3d:geometryFire
 2:56:57.708 Warning: No components in dz\gear\camping\shelter_kit_placing.p3d:geometryFire
 2:56:57.712 Warning: No components in dz\gear\camping\territory_flag_kit.p3d:geometry
 2:56:57.712 Warning: No components in dz\gear\camping\territory_flag_kit.p3d:geometryFire
 2:56:57.712 Warning: No components in dz\gear\camping\territory_flag_kit.p3d:geometryView
 2:56:57.712 Warning: No components in dz\gear\camping\territory_flag_kit_placing.p3d:geometryFire
 2:56:57.712 Warning: No components in dz\gear\camping\territory_flag_kit_placing.p3d:geometryView
 2:56:57.716 Warning: No components in dz\gear\containers\waterproofbag.p3d:geometryView
 2:56:57.719 Warning: No components in dz\gear\crafting\bp_rope.p3d:geometry
 2:56:57.725 Warning: No components in dz\gear\crafting\gasmask_filter_improvised.p3d:geometry
 2:56:57.725 Warning: No components in dz\gear\cultivation\tomato_seeds.p3d:geometryFire
 2:56:57.726 Warning: No components in dz\gear\cultivation\pepper_seeds.p3d:geometryFire
 2:56:57.726 Warning: No components in dz\gear\cultivation\pumpkin_seeds.p3d:geometryFire
 2:56:57.727 Warning: No components in dz\gear\cultivation\zucchini_seeds.p3d:geometryFire
 2:56:57.728 Warning: No components in dz\gear\cultivation\cannabis_seeds.p3d:geometryFire
 2:56:57.729 Warning: No components in dz\gear\cultivation\plant_material.p3d:geometry
 2:56:57.730 Warning: No components in dz\gear\cultivation\tomato_plant.p3d:geometryFire
 2:56:57.731 Warning: No components in dz\gear\cultivation\pepper_plant.p3d:geometryFire
 2:56:57.732 Warning: No components in dz\gear\cultivation\potato_plant.p3d:geometryFire
 2:56:57.732 Warning: No components in dz\gear\cultivation\pumpkin_plant.p3d:geometryFire
 2:56:57.732 Warning: No components in dz\gear\cultivation\zucchini_plant.p3d:geometryFire
 2:56:57.732 Warning: No components in dz\gear\cultivation\cannabis_plant.p3d:geometryFire
 2:56:57.734 Warning: No components in dz\gear\cultivation\garden_plot_greenhouse.p3d:geometryFire
 2:56:57.735 Warning: No components in dz\gear\cultivation\garden_plot_polytunnel.p3d:geometry
 2:56:57.745 Warning: No components in dz\gear\food\can_sardines.p3d:geometryFire
 2:56:57.745 Warning: No components in dz\gear\food\can_sardines_open.p3d:geometryFire
 2:56:57.746 Warning: No components in dz\gear\food\plum.p3d:geometry
 2:56:57.751 Warning: No components in dz\gear\food\pumpkin_fresh.p3d:geometry
 2:56:57.752 Warning: No components in dz\gear\food\sambucus_nigra.p3d:geometry
 2:56:57.753 Warning: No components in dz\gear\food\human_meat.p3d:geometryFire
 2:56:57.753 Warning: No components in dz\gear\food\human_meat.p3d:geometryView
 2:56:57.755 Warning: No components in dz\gear\food\mackerel_fillet.p3d:geometry
 2:56:57.755 Warning: No components in dz\gear\food\walleye_pollock_fillet.p3d:geometry
 2:56:57.757 Warning: No components in dz\gear\food\bitterlings.p3d:geometry
 2:56:57.758 Warning: No components in dz\gear\food\shrimp.p3d:geometry
 2:56:57.759 Warning: No components in dz\gear\food\bait_worm.p3d:geometry
 2:56:57.761 Warning: No components in dz\gear\food\vulpes_vulpes_dead.p3d:geometry
 2:56:57.761 Warning: No components in dz\gear\food\vulpes_vulpes_dead.p3d:geometryView
 2:56:57.764 Warning: No components in dz\gear\food\mushroom_pleurotus.p3d:geometry
 2:56:57.764 Warning: No components in dz\gear\food\mushroom_craterellus.p3d:geometry
 2:56:57.771 Warning: No components in dz\gear\medical\improvised_fixture.p3d:geometryFire
 2:56:57.797 Warning: No components in dz\structures\furniture\decoration\carpet_big\carpet_big.p3d:geometry
 2:56:57.803 Warning: No components in dz\structures\furniture\decoration\bucket\plasticbucket.p3d:geometryFire
 2:56:57.813 Warning: No components in dz\structures\furniture\lighting\fluor_lamp\fluor_lamp.p3d:geometry
 2:56:57.813 Warning: No components in dz\structures\furniture\lighting\hangar_lamp\hangar_lamp.p3d:geometry
 2:56:57.814 Warning: No components in dz\structures\furniture\lighting\light_kitchen_03\light_kitchen_03.p3d:geometry
 2:56:57.816 Warning: No components in dz\structures\furniture\medical\medical_garbage\medicalgarbage_bandage.p3d:geometry
 2:56:57.816 Warning: No components in dz\structures\furniture\prison\prison_sink.p3d:geometry
 2:56:57.816 Warning: No components in dz\structures\furniture\prison\prison_toilet.p3d:geometry
 2:56:57.817 Warning Message: Cannot open object dz\structures\furniture\bathroom\toilet_b_02\toilet_b_02_v2.p3d
 2:56:57.818 Warning: No components in dz\structures\furniture\school_equipment\anatomy_poster_1.p3d:geometry
 2:56:57.819 Warning: No components in dz\structures\furniture\school_equipment\anatomy_poster_2.p3d:geometry
 2:56:57.821 Warning: No components in dz\structures\furniture\school_equipment\flag_chernarus_wall.p3d:geometry
 2:56:57.822 Warning: No components in dz\structures\furniture\school_equipment\intercom_speaker.p3d:geometry
 2:56:57.826 Warning: No components in dz\structures\furniture\school_equipment\periodic_table.p3d:geometry
 2:56:57.830 Warning: No components in dz\structures\furniture\school_equipment\school_ringbell.p3d:geometry
 2:56:57.830 Warning: No components in dz\structures\furniture\school_equipment\tac_board.p3d:geometry
 2:56:57.830 Warning: No components in dz\structures\furniture\school_equipment\tac_board_posters_level1.p3d:geometry
 2:56:57.830 Warning: No components in dz\structures\furniture\school_equipment\tac_board_posters_level2.p3d:geometry
 2:56:57.832 Warning: No components in dz\structures\furniture\school_equipment\wall_hanger.p3d:geometry
 2:56:57.833 Warning: No components in dz\structures\furniture\school_equipment\yellow_star.p3d:geometry
 2:56:57.836 Warning: No components in dz\structures\furniture\various\boots_dz.p3d:geometry
 2:56:57.837 Warning: No components in dz\structures\furniture\various\carpet_2_dz.p3d:geometry
 2:56:57.838 Warning: No components in dz\structures\furniture\various\debris_small_house.p3d:geometry
 2:56:57.838 Warning: No components in dz\structures\furniture\various\debris_small_house.p3d:geometryView
 2:56:57.839 Warning: No components in dz\structures\furniture\various\dirtpile_small_house.p3d:geometry
 2:56:57.839 Warning: No components in dz\structures\furniture\various\dirtpile_small_house.p3d:geometryView
 2:56:57.840 Warning: No components in dz\structures\furniture\various\flagholder.p3d:geometryView
 2:56:57.841 Warning: No components in dz\structures\furniture\various\sawhorse_dz.p3d:geometryView
 2:56:57.843 Warning: No components in dz\structures\furniture\various\vise.p3d:geometry
 2:56:57.866 PerfWarning: Way too much components (1133) in dz\structures\industrial\cementworks\cementworks_silobig1b.p3d:geometryFire
 2:56:57.875 PerfWarning: Way too much components (1020) in dz\structures\industrial\cementworks\cementworks_expeditiona.p3d:geometryFire
 2:56:57.896 PerfWarning: Way too much components (954) in dz\structures\industrial\cementworks\cementworks_millb.p3d:geometryFire
 2:56:57.931 PerfWarning: Way too much components (1497) in dz\structures\industrial\construction\construction_building.p3d:geometryFire
 2:56:57.936 PerfWarning: Way too much components (601) in dz\structures\industrial\construction\construction_crane.p3d:geometryFire
 2:56:57.946 Convex "component09" selection faces are less then 4 in dz\structures\industrial\containers\containerlocked.p3d:geometryView
 2:56:57.957 PerfWarning: Way too much components (564) in dz\structures\industrial\farms\barn_wood1.p3d:geometryFire
 2:56:57.967 PerfWarning: Way too much components (1041) in dz\structures\industrial\farms\barn_metal_big.p3d:geometryFire
 2:56:57.976 PerfWarning: Way too much components (1041) in dz\structures\industrial\farms\barn_metal_big_grey.p3d:geometryFire
 2:56:58.13  PerfWarning: Way too much components (658) in dz\structures\industrial\harbour\boathouse.p3d:geometryFire
 2:56:58.32  PerfWarning: Way too much components (715) in dz\structures\industrial\houses\factory_lathes.p3d:geometryFire
 2:56:58.38  PerfWarning: Way too much components (982) in dz\structures\industrial\houses\factory_small.p3d:geometryFire
 2:56:58.54  PerfWarning: Way too much components (700) in dz\structures\industrial\mines\mine_building.p3d:geometryFire
 2:56:58.59  PerfWarning: Way too much components (558) in dz\structures\industrial\misc\misc_scaffolding.p3d:geometryFire
 2:56:58.60  Warning: No components in dz\structures\industrial\misc\misc_through_static.p3d:geometry
 2:56:58.74  PerfWarning: Way too much components (560) in dz\structures\industrial\power\power_station.p3d:geometryFire
 2:56:58.90  Convex "component98" selection faces are less then 4 in dz\structures\industrial\sawmills\sawmill_building.p3d:geometry
 2:56:58.91  PerfWarning: Way too much components (541) in dz\structures\industrial\sawmills\sawmill_building.p3d:geometryFire
 2:56:58.91  Convex "component97" selection faces are less then 4 in dz\structures\industrial\sawmills\sawmill_building.p3d:geometryView
 2:56:58.91  Convex "component98" selection faces are less then 4 in dz\structures\industrial\sawmills\sawmill_building.p3d:geometryView
 2:56:58.160 Warning: No components in dz\structures\industrial\harbour\pier_crane_rails.p3d:geometry
 2:56:58.163 Convex "component02" selection faces are less then 4 in dz\structures\industrial\harbour\pier_wooden1_end.p3d:geometryFire
 2:56:58.163 Convex "component05" selection faces are less then 4 in dz\structures\industrial\harbour\pier_wooden1_end.p3d:geometryFire
 2:56:58.163 Convex "component07" selection faces are less then 4 in dz\structures\industrial\harbour\pier_wooden1_end.p3d:geometryFire
 2:56:58.163 Convex "component11" selection faces are less then 4 in dz\structures\industrial\harbour\pier_wooden1_end.p3d:geometryFire
 2:56:58.163 Convex "component14" selection faces are less then 4 in dz\structures\industrial\harbour\pier_wooden1_end.p3d:geometryFire
 2:56:58.163 Convex "component17" selection faces are less then 4 in dz\structures\industrial\harbour\pier_wooden1_end.p3d:geometryFire
 2:56:58.163 Convex "component20" selection faces are less then 4 in dz\structures\industrial\harbour\pier_wooden1_end.p3d:geometryFire
 2:56:58.163 Convex "component21" selection faces are less then 4 in dz\structures\industrial\harbour\pier_wooden1_end.p3d:geometryFire
 2:56:58.163 Convex "component23" selection faces are less then 4 in dz\structures\industrial\harbour\pier_wooden1_end.p3d:geometryFire
 2:56:58.163 Convex "component24" selection faces are less then 4 in dz\structures\industrial\harbour\pier_wooden1_end.p3d:geometryFire
 2:56:58.163 Convex "component25" selection faces are less then 4 in dz\structures\industrial\harbour\pier_wooden1_end.p3d:geometryFire
 2:56:58.163 Convex "component26" selection faces are less then 4 in dz\structures\industrial\harbour\pier_wooden1_end.p3d:geometryFire
 2:56:58.163 Convex "component28" selection faces are less then 4 in dz\structures\industrial\harbour\pier_wooden1_end.p3d:geometryFire
 2:56:58.163 Convex "component29" selection faces are less then 4 in dz\structures\industrial\harbour\pier_wooden1_end.p3d:geometryFire
 2:56:58.163 Convex "component31" selection faces are less then 4 in dz\structures\industrial\harbour\pier_wooden1_end.p3d:geometryFire
 2:56:58.163 Convex "component32" selection faces are less then 4 in dz\structures\industrial\harbour\pier_wooden1_end.p3d:geometryFire
 2:56:58.164 Convex "component33" selection faces are less then 4 in dz\structures\industrial\harbour\pier_wooden1_end.p3d:geometryFire
 2:56:58.164 Convex "component34" selection faces are less then 4 in dz\structures\industrial\harbour\pier_wooden1_end.p3d:geometryFire
 2:56:58.164 Convex "component35" selection faces are less then 4 in dz\structures\industrial\harbour\pier_wooden1_end.p3d:geometryFire
 2:56:58.164 Convex "component36" selection faces are less then 4 in dz\structures\industrial\harbour\pier_wooden1_end.p3d:geometryFire
 2:56:58.164 Convex "component37" selection faces are less then 4 in dz\structures\industrial\harbour\pier_wooden1_end.p3d:geometryFire
 2:56:58.183 Warning: No components in dz\structures\industrial\misc\lamp_ind.p3d:geometryView
 2:56:58.184 Warning: No components in dz\structures\industrial\misc\lamp_rail.p3d:geometryView
 2:56:58.191 Warning: No components in dz\structures\industrial\misc\misc_pallets1.p3d:geometry
 2:56:58.195 Warning: No components in dz\structures\industrial\misc\misc_timbers_log1.p3d:geometry
 2:56:58.195 Warning: No components in dz\structures\industrial\misc\misc_timbers_log2.p3d:geometry
 2:56:58.195 Warning: No components in dz\structures\industrial\misc\misc_timbers_log3.p3d:geometry
 2:56:58.195 Warning: No components in dz\structures\industrial\misc\misc_timbers_log4.p3d:geometry
 2:56:58.224 Warning: No components in dz\structures\industrial\power\power_hv_line.p3d:geometry
 2:56:58.225 Warning: No components in dz\structures\industrial\power\power_hv_line_80m_damaged.p3d:geometryFire
 2:56:58.225 Warning: No components in dz\structures\industrial\power\power_hv_line_80m_damaged.p3d:geometryView
 2:56:58.225 Warning: No components in dz\structures\industrial\power\power_hv_line_damaged.p3d:geometry
 2:56:58.225 Warning: No components in dz\structures\industrial\power\power_hv_line_turnl.p3d:geometry
 2:56:58.225 Warning: No components in dz\structures\industrial\power\power_hv_line_turnr.p3d:geometry
 2:56:58.234 Warning: No components in dz\structures\industrial\power\power_transformerstation_cables.p3d:geometry
 2:56:58.242 Warning: No components in dz\structures\military\improvised\mil_camonet_roof_east.p3d:geometryView
 2:56:58.250 PerfWarning: Way too much components (660) in dz\structures\military\airfield\mil_airfield_hq.p3d:geometryFire
 2:56:58.257 PerfWarning: Way too much components (732) in dz\structures\military\airfield\mil_atc_small.p3d:geometryFire
 2:56:58.271 Convex "component634" selection faces are less then 4 in dz\structures\military\airfield\mil_atc_big.p3d:geometryFire
 2:56:58.271 Convex "component635" selection faces are less then 4 in dz\structures\military\airfield\mil_atc_big.p3d:geometryFire
 2:56:58.271 Convex "component638" selection faces are less then 4 in dz\structures\military\airfield\mil_atc_big.p3d:geometryFire
 2:56:58.271 Convex "component639" selection faces are less then 4 in dz\structures\military\airfield\mil_atc_big.p3d:geometryFire
 2:56:58.271 PerfWarning: Way too much components (635) in dz\structures\military\airfield\mil_atc_big.p3d:geometryFire
 2:56:58.273 PerfWarning: Way too much components (635) in dz\structures\military\airfield\mil_atc_big.p3d:geometryView
 2:56:58.290 PerfWarning: Way too much components (564) in dz\structures\military\houses\mil_barracks5.p3d:geometryFire
 2:56:58.298 PerfWarning: Way too much components (804) in dz\structures\military\houses\mil_barracks5_basement.p3d:geometryFire
 2:56:58.329 PerfWarning: Way too much components (592) in dz\structures\military\houses\mil_guardtower.p3d:geometryFire
 2:56:58.337 Warning: No components in dz\structures\military\improvised\mil_tent_big1_1.p3d:geometryFire
 2:56:58.337 Warning: No components in dz\structures\military\improvised\mil_tent_big1_1.p3d:geometryView
 2:56:58.337 Warning: No components in dz\structures\military\improvised\mil_tent_big1_2.p3d:geometryFire
 2:56:58.337 Warning: No components in dz\structures\military\improvised\mil_tent_big1_2.p3d:geometryView
 2:56:58.337 Warning: No components in dz\structures\military\improvised\mil_tent_big1_3.p3d:geometryFire
 2:56:58.338 Warning: No components in dz\structures\military\improvised\mil_tent_big1_3.p3d:geometryView
 2:56:58.338 Warning: No components in dz\structures\military\improvised\mil_tent_big1_4.p3d:geometryFire
 2:56:58.338 Warning: No components in dz\structures\military\improvised\mil_tent_big1_4.p3d:geometryView
 2:56:58.338 Warning: No components in dz\structures\military\improvised\mil_tent_big1_5.p3d:geometryFire
 2:56:58.338 Warning: No components in dz\structures\military\improvised\mil_tent_big1_5.p3d:geometryView
 2:56:58.339 Warning: No components in dz\structures\military\improvised\mil_tent_big2_1.p3d:geometryFire
 2:56:58.339 Warning: No components in dz\structures\military\improvised\mil_tent_big2_1.p3d:geometryView
 2:56:58.339 Warning: No components in dz\structures\military\improvised\mil_tent_big2_2.p3d:geometryFire
 2:56:58.339 Warning: No components in dz\structures\military\improvised\mil_tent_big2_2.p3d:geometryView
 2:56:58.340 Warning: No components in dz\structures\military\improvised\mil_tent_big2_3.p3d:geometryFire
 2:56:58.340 Warning: No components in dz\structures\military\improvised\mil_tent_big2_3.p3d:geometryView
 2:56:58.341 Warning: No components in dz\structures\military\improvised\mil_tent_big2_4.p3d:geometryFire
 2:56:58.341 Warning: No components in dz\structures\military\improvised\mil_tent_big2_4.p3d:geometryView
 2:56:58.341 Warning: No components in dz\structures\military\improvised\mil_tent_big2_5.p3d:geometryFire
 2:56:58.341 Warning: No components in dz\structures\military\improvised\mil_tent_big2_5.p3d:geometryView
 2:56:58.365 PerfWarning: Way too much components (912) in dz\structures\military\tisy\tisy_hq.p3d:geometryFire
 2:56:58.383 PerfWarning: Way too much components (839) in dz\structures\military\tisy\tisy_radarb_base.p3d:geometryView
 2:56:58.394 PerfWarning: Way too much components (601) in dz\structures\military\tisy\tisy_radarb_antenna.p3d:geometryFire
 2:56:58.416 Convex "component839" selection faces are less then 4 in dz\structures\military\tisy\tisy_barracks.p3d:geometryFire
 2:56:58.416 Convex "component843" selection faces are less then 4 in dz\structures\military\tisy\tisy_barracks.p3d:geometryFire
 2:56:58.416 Convex "component880" selection faces are less then 4 in dz\structures\military\tisy\tisy_barracks.p3d:geometryFire
 2:56:58.417 Convex "component977" selection faces are less then 4 in dz\structures\military\tisy\tisy_barracks.p3d:geometryFire
 2:56:58.417 Convex "component1010" selection faces are less then 4 in dz\structures\military\tisy\tisy_barracks.p3d:geometryFire
 2:56:58.417 Convex "component1171" selection faces are less then 4 in dz\structures\military\tisy\tisy_barracks.p3d:geometryFire
 2:56:58.417 Convex "component1172" selection faces are less then 4 in dz\structures\military\tisy\tisy_barracks.p3d:geometryFire
 2:56:58.417 Convex "component1175" selection faces are less then 4 in dz\structures\military\tisy\tisy_barracks.p3d:geometryFire
 2:56:58.417 Convex "component1177" selection faces are less then 4 in dz\structures\military\tisy\tisy_barracks.p3d:geometryFire
 2:56:58.417 Convex "component1179" selection faces are less then 4 in dz\structures\military\tisy\tisy_barracks.p3d:geometryFire
 2:56:58.417 Convex "component1181" selection faces are less then 4 in dz\structures\military\tisy\tisy_barracks.p3d:geometryFire
 2:56:58.418 Convex "component1516" selection faces are less then 4 in dz\structures\military\tisy\tisy_barracks.p3d:geometryFire
 2:56:58.419 PerfWarning: Way too much components (1908) in dz\structures\military\tisy\tisy_barracks.p3d:geometryFire
 2:56:58.424 PerfWarning: Way too much components (634) in dz\structures\military\airfield\airfield_hangar_green.p3d:geometryFire
 2:56:58.433 PerfWarning: Way too much components (627) in dz\structures\military\airfield\airfield_servicehangar_r.p3d:geometryFire
 2:56:58.442 PerfWarning: Way too much components (566) in dz\structures\military\airfield\airfield_servicehangar_l.p3d:geometryFire
 2:56:58.459 Convex "component1102" selection faces are less then 4 in dz\structures\military\airfield\airfield_radar_tall.p3d:geometryFire
 2:56:58.459 Convex "component1106" selection faces are less then 4 in dz\structures\military\airfield\airfield_radar_tall.p3d:geometryFire
 2:56:58.459 Convex "component1110" selection faces are less then 4 in dz\structures\military\airfield\airfield_radar_tall.p3d:geometryFire
 2:56:58.459 Convex "component1113" selection faces are less then 4 in dz\structures\military\airfield\airfield_radar_tall.p3d:geometryFire
 2:56:58.459 Convex "component1114" selection faces are less then 4 in dz\structures\military\airfield\airfield_radar_tall.p3d:geometryFire
 2:56:58.459 Convex "component1118" selection faces are less then 4 in dz\structures\military\airfield\airfield_radar_tall.p3d:geometryFire
 2:56:58.459 Convex "component1121" selection faces are less then 4 in dz\structures\military\airfield\airfield_radar_tall.p3d:geometryFire
 2:56:58.459 Convex "component1122" selection faces are less then 4 in dz\structures\military\airfield\airfield_radar_tall.p3d:geometryFire
 2:56:58.459 Convex "component1123" selection faces are less then 4 in dz\structures\military\airfield\airfield_radar_tall.p3d:geometryFire
 2:56:58.459 Convex "component1124" selection faces are less then 4 in dz\structures\military\airfield\airfield_radar_tall.p3d:geometryFire
 2:56:58.459 Convex "component1125" selection faces are less then 4 in dz\structures\military\airfield\airfield_radar_tall.p3d:geometryFire
 2:56:58.459 Convex "component1126" selection faces are less then 4 in dz\structures\military\airfield\airfield_radar_tall.p3d:geometryFire
 2:56:58.459 Convex "component1127" selection faces are less then 4 in dz\structures\military\airfield\airfield_radar_tall.p3d:geometryFire
 2:56:58.459 Convex "component1128" selection faces are less then 4 in dz\structures\military\airfield\airfield_radar_tall.p3d:geometryFire
 2:56:58.459 Convex "component1129" selection faces are less then 4 in dz\structures\military\airfield\airfield_radar_tall.p3d:geometryFire
 2:56:58.459 Convex "component1130" selection faces are less then 4 in dz\structures\military\airfield\airfield_radar_tall.p3d:geometryFire
 2:56:58.459 Convex "component1131" selection faces are less then 4 in dz\structures\military\airfield\airfield_radar_tall.p3d:geometryFire
 2:56:58.459 Convex "component1132" selection faces are less then 4 in dz\structures\military\airfield\airfield_radar_tall.p3d:geometryFire
 2:56:58.459 Convex "component1133" selection faces are less then 4 in dz\structures\military\airfield\airfield_radar_tall.p3d:geometryFire
 2:56:58.459 Convex "component1134" selection faces are less then 4 in dz\structures\military\airfield\airfield_radar_tall.p3d:geometryFire
 2:56:58.459 Convex "component1135" selection faces are less then 4 in dz\structures\military\airfield\airfield_radar_tall.p3d:geometryFire
 2:56:58.459 Convex "component1136" selection faces are less then 4 in dz\structures\military\airfield\airfield_radar_tall.p3d:geometryFire
 2:56:58.459 Convex "component1137" selection faces are less then 4 in dz\structures\military\airfield\airfield_radar_tall.p3d:geometryFire
 2:56:58.459 Convex "component1138" selection faces are less then 4 in dz\structures\military\airfield\airfield_radar_tall.p3d:geometryFire
 2:56:58.459 Convex "component1139" selection faces are less then 4 in dz\structures\military\airfield\airfield_radar_tall.p3d:geometryFire
 2:56:58.459 Convex "component1140" selection faces are less then 4 in dz\structures\military\airfield\airfield_radar_tall.p3d:geometryFire
 2:56:58.459 Convex "component1141" selection faces are less then 4 in dz\structures\military\airfield\airfield_radar_tall.p3d:geometryFire
 2:56:58.459 Convex "component1142" selection faces are less then 4 in dz\structures\military\airfield\airfield_radar_tall.p3d:geometryFire
 2:56:58.459 Convex "component1143" selection faces are less then 4 in dz\structures\military\airfield\airfield_radar_tall.p3d:geometryFire
 2:56:58.459 Convex "component1144" selection faces are less then 4 in dz\structures\military\airfield\airfield_radar_tall.p3d:geometryFire
 2:56:58.459 Convex "component1145" selection faces are less then 4 in dz\structures\military\airfield\airfield_radar_tall.p3d:geometryFire
 2:56:58.459 Convex "component1146" selection faces are less then 4 in dz\structures\military\airfield\airfield_radar_tall.p3d:geometryFire
 2:56:58.459 Convex "component1147" selection faces are less then 4 in dz\structures\military\airfield\airfield_radar_tall.p3d:geometryFire
 2:56:58.459 Convex "component1148" selection faces are less then 4 in dz\structures\military\airfield\airfield_radar_tall.p3d:geometryFire
 2:56:58.459 Convex "component1149" selection faces are less then 4 in dz\structures\military\airfield\airfield_radar_tall.p3d:geometryFire
 2:56:58.459 Convex "component1150" selection faces are less then 4 in dz\structures\military\airfield\airfield_radar_tall.p3d:geometryFire
 2:56:58.459 Convex "component1151" selection faces are less then 4 in dz\structures\military\airfield\airfield_radar_tall.p3d:geometryFire
 2:56:58.459 Convex "component1152" selection faces are less then 4 in dz\structures\military\airfield\airfield_radar_tall.p3d:geometryFire
 2:56:58.459 Convex "component1153" selection faces are less then 4 in dz\structures\military\airfield\airfield_radar_tall.p3d:geometryFire
 2:56:58.459 Convex "component1154" selection faces are less then 4 in dz\structures\military\airfield\airfield_radar_tall.p3d:geometryFire
 2:56:58.459 Convex "component1155" selection faces are less then 4 in dz\structures\military\airfield\airfield_radar_tall.p3d:geometryFire
 2:56:58.459 Convex "component1156" selection faces are less then 4 in dz\structures\military\airfield\airfield_radar_tall.p3d:geometryFire
 2:56:58.459 Convex "component1157" selection faces are less then 4 in dz\structures\military\airfield\airfield_radar_tall.p3d:geometryFire
 2:56:58.459 Convex "component1158" selection faces are less then 4 in dz\structures\military\airfield\airfield_radar_tall.p3d:geometryFire
 2:56:58.459 Convex "component1160" selection faces are less then 4 in dz\structures\military\airfield\airfield_radar_tall.p3d:geometryFire
 2:56:58.459 Convex "component1161" selection faces are less then 4 in dz\structures\military\airfield\airfield_radar_tall.p3d:geometryFire
 2:56:58.459 Convex "component1162" selection faces are less then 4 in dz\structures\military\airfield\airfield_radar_tall.p3d:geometryFire
 2:56:58.459 Convex "component1163" selection faces are less then 4 in dz\structures\military\airfield\airfield_radar_tall.p3d:geometryFire
 2:56:58.459 Convex "component1164" selection faces are less then 4 in dz\structures\military\airfield\airfield_radar_tall.p3d:geometryFire
 2:56:58.459 Convex "component1165" selection faces are less then 4 in dz\structures\military\airfield\airfield_radar_tall.p3d:geometryFire
 2:56:58.459 Convex "component1166" selection faces are less then 4 in dz\structures\military\airfield\airfield_radar_tall.p3d:geometryFire
 2:56:58.459 Convex "component1167" selection faces are less then 4 in dz\structures\military\airfield\airfield_radar_tall.p3d:geometryFire
 2:56:58.459 Convex "component1168" selection faces are less then 4 in dz\structures\military\airfield\airfield_radar_tall.p3d:geometryFire
 2:56:58.459 Convex "component1169" selection faces are less then 4 in dz\structures\military\airfield\airfield_radar_tall.p3d:geometryFire
 2:56:58.459 Convex "component1170" selection faces are less then 4 in dz\structures\military\airfield\airfield_radar_tall.p3d:geometryFire
 2:56:58.459 Convex "component1171" selection faces are less then 4 in dz\structures\military\airfield\airfield_radar_tall.p3d:geometryFire
 2:56:58.459 Convex "component1172" selection faces are less then 4 in dz\structures\military\airfield\airfield_radar_tall.p3d:geometryFire
 2:56:58.459 Convex "component1173" selection faces are less then 4 in dz\structures\military\airfield\airfield_radar_tall.p3d:geometryFire
 2:56:58.459 Convex "component1174" selection faces are less then 4 in dz\structures\military\airfield\airfield_radar_tall.p3d:geometryFire
 2:56:58.459 Convex "component1175" selection faces are less then 4 in dz\structures\military\airfield\airfield_radar_tall.p3d:geometryFire
 2:56:58.459 Convex "component1176" selection faces are less then 4 in dz\structures\military\airfield\airfield_radar_tall.p3d:geometryFire
 2:56:58.459 Convex "component1177" selection faces are less then 4 in dz\structures\military\airfield\airfield_radar_tall.p3d:geometryFire
 2:56:58.459 Convex "component1178" selection faces are less then 4 in dz\structures\military\airfield\airfield_radar_tall.p3d:geometryFire
 2:56:58.459 Convex "component1179" selection faces are less then 4 in dz\structures\military\airfield\airfield_radar_tall.p3d:geometryFire
 2:56:58.459 Convex "component1180" selection faces are less then 4 in dz\structures\military\airfield\airfield_radar_tall.p3d:geometryFire
 2:56:58.459 Convex "component1181" selection faces are less then 4 in dz\structures\military\airfield\airfield_radar_tall.p3d:geometryFire
 2:56:58.459 Convex "component1182" selection faces are less then 4 in dz\structures\military\airfield\airfield_radar_tall.p3d:geometryFire
 2:56:58.459 Convex "component1183" selection faces are less then 4 in dz\structures\military\airfield\airfield_radar_tall.p3d:geometryFire
 2:56:58.459 Convex "component1184" selection faces are less then 4 in dz\structures\military\airfield\airfield_radar_tall.p3d:geometryFire
 2:56:58.459 Convex "component1185" selection faces are less then 4 in dz\structures\military\airfield\airfield_radar_tall.p3d:geometryFire
 2:56:58.459 Convex "component1186" selection faces are less then 4 in dz\structures\military\airfield\airfield_radar_tall.p3d:geometryFire
 2:56:58.459 Convex "component1187" selection faces are less then 4 in dz\structures\military\airfield\airfield_radar_tall.p3d:geometryFire
 2:56:58.459 Convex "component1188" selection faces are less then 4 in dz\structures\military\airfield\airfield_radar_tall.p3d:geometryFire
 2:56:58.459 Convex "component1189" selection faces are less then 4 in dz\structures\military\airfield\airfield_radar_tall.p3d:geometryFire
 2:56:58.459 Convex "component1190" selection faces are less then 4 in dz\structures\military\airfield\airfield_radar_tall.p3d:geometryFire
 2:56:58.459 Convex "component1191" selection faces are less then 4 in dz\structures\military\airfield\airfield_radar_tall.p3d:geometryFire
 2:56:58.459 Convex "component1192" selection faces are less then 4 in dz\structures\military\airfield\airfield_radar_tall.p3d:geometryFire
 2:56:58.459 Convex "component1193" selection faces are less then 4 in dz\structures\military\airfield\airfield_radar_tall.p3d:geometryFire
 2:56:58.459 Convex "component1194" selection faces are less then 4 in dz\structures\military\airfield\airfield_radar_tall.p3d:geometryFire
 2:56:58.459 Convex "component1195" selection faces are less then 4 in dz\structures\military\airfield\airfield_radar_tall.p3d:geometryFire
 2:56:58.459 Convex "component1196" selection faces are less then 4 in dz\structures\military\airfield\airfield_radar_tall.p3d:geometryFire
 2:56:58.459 Convex "component1197" selection faces are less then 4 in dz\structures\military\airfield\airfield_radar_tall.p3d:geometryFire
 2:56:58.459 Convex "component1198" selection faces are less then 4 in dz\structures\military\airfield\airfield_radar_tall.p3d:geometryFire
 2:56:58.459 PerfWarning: Way too much components (1116) in dz\structures\military\airfield\airfield_radar_tall.p3d:geometryFire
 2:56:58.476 PerfWarning: Way too much components (1046) in dz\structures\military\airfield\mil_reinforcedtank2.p3d:geometryFire
 2:56:58.494 Warning: No components in dz\structures\military\airfield\mil_aircraftshelter_grass_l.p3d:geometry
 2:56:58.494 Warning: No components in dz\structures\military\airfield\mil_aircraftshelter_grass_r.p3d:geometry
 2:56:58.497 Warning: No components in dz\structures\military\airfield\mil_blastcover1_grass.p3d:geometry
 2:56:58.498 Warning: No components in dz\structures\military\airfield\mil_blastcover2_grass.p3d:geometry
 2:56:58.500 Warning: No components in dz\structures\military\airfield\mil_blastcover3_grass.p3d:geometry
 2:56:58.502 Warning: No components in dz\structures\military\airfield\mil_blastcover4_grass_l.p3d:geometry
 2:56:58.502 Warning: No components in dz\structures\military\airfield\mil_blastcover4_grass_r.p3d:geometry
 2:56:58.502 Warning: No components in dz\structures\military\airfield\mil_reinforcedtank1_grass.p3d:geometry
 2:56:58.503 Warning: No components in dz\structures\military\airfield\mil_reinforcedtank2_grass_l.p3d:geometry
 2:56:58.503 Warning: No components in dz\structures\military\airfield\mil_reinforcedtank2_grass_r.p3d:geometry
 2:56:58.503 Warning: No components in dz\structures\military\airfield\mil_reinforcedtank2_grass_top.p3d:geometry
 2:56:58.513 Warning: No components in dz\structures\military\improvised\mil_camonet_big_east.p3d:geometryView
 2:56:58.514 Warning: No components in dz\structures\military\improvised\mil_camonet_big_nato.p3d:geometryView
 2:56:58.514 Warning: No components in dz\structures\military\improvised\mil_camonet_side_east.p3d:geometryView
 2:56:58.515 Warning: No components in dz\structures\military\improvised\mil_camonet_side_nato.p3d:geometryView
 2:56:58.529 Warning: No components in dz\structures\military\misc\misc_antenna.p3d:geometryView
 2:56:58.537 Warning: No components in dz\structures\military\misc\misc_cover_big.p3d:geometry
 2:56:58.538 Warning: No components in dz\structures\military\misc\misc_cover_small.p3d:geometry
 2:56:58.544 Warning: No components in dz\structures\military\misc\misc_obstacle_crawl.p3d:geometryView
 2:56:58.544 Warning: No components in dz\structures\military\misc\misc_obstacle_cross.p3d:geometryView
 2:56:58.545 Warning: No components in dz\structures\military\misc\misc_obstacle_runaround.p3d:geometryView
 2:56:58.551 Warning: No components in dz\structures\military\tisy\tisy_garages_grass_l.p3d:geometry
 2:56:58.551 Warning: No components in dz\structures\military\tisy\tisy_garages_grass_r.p3d:geometry
 2:56:58.661 PerfWarning: Way too much components (921) in dz\structures\residential\firedep\city_firestation.p3d:geometryFire
 2:56:58.675 PerfWarning: Way too much components (921) in dz\structures\residential\firedep\mil_firestation.p3d:geometryFire
 2:56:58.701 Convex "component69" selection faces are less then 4 in dz\structures\residential\houseblocks\houseblock_2f1.p3d:geometryView
 2:56:58.701 Convex "component84" selection faces are less then 4 in dz\structures\residential\houseblocks\houseblock_2f1.p3d:geometryView
 2:56:58.808 Convex "component117" selection faces are less then 4 in dz\structures\residential\houses\house_1w08.p3d:geometryView
 2:56:58.808 Convex "component120" selection faces are less then 4 in dz\structures\residential\houses\house_1w08.p3d:geometryView
 2:56:58.812 Convex "component117" selection faces are less then 4 in dz\structures\residential\houses\house_1w08_brown.p3d:geometryView
 2:56:58.812 Convex "component120" selection faces are less then 4 in dz\structures\residential\houses\house_1w08_brown.p3d:geometryView
 2:56:58.829 Convex "component34" selection faces are less then 4 in dz\structures\residential\houses\house_1w11.p3d:geometry
 2:56:58.835 PerfWarning: Way too much components (535) in dz\structures\residential\houses\house_1w12.p3d:geometryFire
 2:56:58.840 PerfWarning: Way too much components (535) in dz\structures\residential\houses\house_1w12_brown.p3d:geometryFire
 2:56:58.868 Convex "component81" selection faces are less then 4 in dz\structures\residential\houses\house_2w02.p3d:geometryView
 2:56:58.902 PerfWarning: Way too much components (677) in dz\structures\residential\medical\city_hospital.p3d:geometryFire
 2:56:58.913 PerfWarning: Way too much components (859) in dz\structures\residential\medical\village_healthcare.p3d:geometryFire
 2:56:58.921 PerfWarning: Way too much components (999) in dz\structures\residential\medical\medical_tent_big.p3d:geometryFire
 2:56:58.935 Warning: No components in dz\structures\residential\misc\lamp_city1_amp.p3d:geometryView
 2:56:58.942 PerfWarning: Way too much components (804) in dz\structures\residential\offices\office_municipal1.p3d:geometryFire
 2:56:58.958 PerfWarning: Way too much components (1212) in dz\structures\residential\offices\office_municipal2.p3d:geometryFire
 2:56:58.968 PerfWarning: Way too much components (1027) in dz\structures\residential\offices\office1.p3d:geometryFire
 2:56:58.979 PerfWarning: Way too much components (1200) in dz\structures\residential\offices\office2.p3d:geometryFire
 2:56:58.990 PerfWarning: Way too much components (742) in dz\structures\residential\police\village_policestation.p3d:geometryFire
 2:56:59.03  PerfWarning: Way too much components (804) in dz\structures\residential\police\city_policestation.p3d:geometryFire
 2:56:59.31  PerfWarning: Way too much components (777) in dz\structures\residential\schools\city_school.p3d:geometryFire
 2:56:59.49  PerfWarning: Way too much components (562) in dz\structures\residential\stores\city_store_withstairs.p3d:geometryFire
 2:56:59.62  PerfWarning: Way too much components (642) in dz\structures\residential\tenements\tenement_big.p3d:geometryFire
 2:56:59.69  PerfWarning: Way too much components (647) in dz\structures\residential\tenements\tenement_small.p3d:geometryFire
 2:56:59.75  Warning: No components in dz\structures\residential\misc\garbage_ground_6m.p3d:geometry
 2:56:59.75  Warning: No components in dz\structures\residential\misc\garbage_ground_6m_nolc.p3d:geometry
 2:56:59.76  Warning: No components in dz\structures\residential\misc\garbage_groundsq_3m.p3d:geometry
 2:56:59.76  Warning: No components in dz\structures\residential\misc\garbage_groundsq_3m_nolc.p3d:geometry
 2:56:59.76  Warning: No components in dz\structures\residential\misc\garbage_groundsq_5m.p3d:geometry
 2:56:59.76  Warning: No components in dz\structures\residential\misc\garbage_groundsq_5m_nolc.p3d:geometry
 2:56:59.76  Warning: No components in dz\structures\residential\misc\garbage_pile2.p3d:geometry
 2:56:59.77  Warning: No components in dz\structures\residential\misc\garbage_pile3.p3d:geometry
 2:56:59.83  Warning: No components in dz\structures\residential\misc\lamp_city1.p3d:geometryView
 2:56:59.84  Warning: No components in dz\structures\residential\misc\lamp_city2.p3d:geometryView
 2:56:59.85  Warning: No components in dz\structures\residential\misc\lamp_city3.p3d:geometryView
 2:56:59.89  Warning: No components in dz\structures\residential\misc\misc_boundarystone.p3d:geometry
 2:56:59.89  Warning: No components in dz\structures\residential\misc\misc_boundarystone_plastic.p3d:geometry
 2:56:59.89  Warning: No components in dz\structures\residential\misc\misc_boundarystone_tube.p3d:geometry
 2:56:59.91  Warning: No components in dz\structures\residential\misc\misc_carousel_small.p3d:geometryView
 2:56:59.93  Warning: No components in dz\structures\residential\misc\misc_football_gate.p3d:geometryView
 2:56:59.94  SW keep height animation used for dz\structures\residential\misc\misc_football_line.p3d
 2:56:59.94  Warning: No components in dz\structures\residential\misc\misc_football_line.p3d:geometry
 2:56:59.94  Warning: No components in dz\structures\residential\misc\misc_football_line_corner.p3d:geometry
 2:56:59.94  SW keep height animation used for dz\structures\residential\misc\misc_football_line_hcircle.p3d
 2:56:59.94  Warning: No components in dz\structures\residential\misc\misc_football_line_hcircle.p3d:geometry
 2:56:59.95  Warning: No components in dz\structures\residential\misc\misc_haystack.p3d:geometryFire
 2:56:59.95  Warning: No components in dz\structures\residential\misc\misc_haystack.p3d:geometryView
 2:56:59.97  Warning: No components in dz\structures\residential\misc\misc_sandbox.p3d:geometry
 2:56:59.97  Warning: No components in dz\structures\residential\misc\misc_seesaw.p3d:geometryFire
 2:56:59.97  Warning: No components in dz\structures\residential\misc\misc_seesaw.p3d:geometryView
 2:56:59.100 Warning: No components in dz\structures\residential\misc\misc_trafficlights.p3d:geometryView
 2:56:59.101 Warning: No components in dz\structures\residential\misc\misc_tree_protector.p3d:geometryFire
 2:56:59.118 Warning Message: Cannot open object dz\structures\residential\platforms\platform2_stairs_block.p3d
 2:56:59.136 Warning: No components in dz\structures\roads\decals\decal_concrete_panels.p3d:geometry
 2:56:59.136 Warning: No components in dz\structures\roads\decals\decal_concrete_panels_end1.p3d:geometry
 2:56:59.136 Warning: No components in dz\structures\roads\decals\decal_concrete_panels_end2.p3d:geometry
 2:56:59.136 Warning: No components in dz\structures\roads\decals\decal_crosswalk.p3d:geometry
 2:56:59.137 Warning: No components in dz\structures_bliss\roads\decals\decal_damage_long10.p3d:geometry
 2:56:59.137 Warning: No components in dz\structures\roads\decals\decal_damage_long2.p3d:geometry
 2:56:59.137 Warning: No components in dz\structures\roads\decals\decal_damage_long3.p3d:geometry
 2:56:59.137 Warning: No components in dz\structures\roads\decals\decal_damage_long4.p3d:geometry
 2:56:59.137 Warning: No components in dz\structures\roads\decals\decal_damage_long5.p3d:geometry
 2:56:59.137 Warning: No components in dz\structures\roads\decals\decal_damage_medium1.p3d:geometry
 2:56:59.137 Warning: No components in dz\structures\roads\decals\decal_damage_medium2.p3d:geometry
 2:56:59.137 Warning: No components in dz\structures\roads\decals\decal_damage_small1.p3d:geometry
 2:56:59.138 Warning: No components in dz\structures\roads\decals\decal_damage_small2.p3d:geometry
 2:56:59.138 Warning: No components in dz\structures\roads\decals\decal_heli_army.p3d:geometry
 2:56:59.138 Warning: No components in dz\structures\roads\decals\decal_manhole.p3d:geometry
 2:56:59.138 Warning: No components in dz\structures\roads\decals\decal_manhole2.p3d:geometry
 2:56:59.138 Warning: No components in dz\structures\roads\decals\decal_manhole3.p3d:geometry
 2:56:59.138 Fresnel n must be >0, given n=0,k=0.01
 2:56:59.142 Fresnel n must be >0, given n=0,k=0.01
 2:56:59.142 Fresnel n must be >0, given n=0,k=0.01
 2:56:59.142 Fresnel n must be >0, given n=0,k=0.01
 2:56:59.142 Fresnel n must be >0, given n=0,k=0.01
 2:56:59.142 Fresnel n must be >0, given n=0,k=0.01
 2:56:59.142 Fresnel n must be >0, given n=0,k=0.01
 2:56:59.144 Warning: No components in dz\structures\roads\panels\path_panels.p3d:geometry
 2:56:59.144 Warning: No components in dz\structures\roads\panels\path_panels.p3d:geometryFire
 2:56:59.144 Warning: No components in dz\structures\roads\panels\path_panels_damaged.p3d:geometry
 2:56:59.144 Warning: No components in dz\structures\roads\panels\path_panels_damaged.p3d:geometryFire
 2:56:59.146 Warning: No components in dz\structures\roads\parts\asf1_0 2000.p3d:geometry
 2:56:59.146 Warning: No components in dz\structures\roads\parts\asf1_1 1000.p3d:geometry
 2:56:59.146 Warning: No components in dz\structures\roads\parts\asf1_6.p3d:geometry
 2:56:59.146 Warning: No components in dz\structures\roads\parts\asf1_6_crosswalk.p3d:geometry
 2:56:59.146 Warning: No components in dz\structures\roads\parts\asf1_6konec.p3d:geometry
 2:56:59.146 Warning: No components in dz\structures\roads\parts\asf1_7 100.p3d:geometry
 2:56:59.147 Warning: No components in dz\structures\roads\parts\asf1_10 25.p3d:geometry
 2:56:59.147 Warning: No components in dz\structures\roads\parts\asf1_10 50.p3d:geometry
 2:56:59.147 Warning: No components in dz\structures\roads\parts\asf1_10 75.p3d:geometry
 2:56:59.147 Warning: No components in dz\structures\roads\parts\asf1_10 100.p3d:geometry
 2:56:59.147 Warning: No components in dz\structures\roads\parts\asf1_12.p3d:geometry
 2:56:59.147 Warning: No components in dz\structures\roads\parts\asf1_15 75.p3d:geometry
 2:56:59.147 Warning: No components in dz\structures\roads\parts\asf1_22 50.p3d:geometry
 2:56:59.147 Warning: No components in dz\structures\roads\parts\asf1_25.p3d:geometry
 2:56:59.147 Warning: No components in dz\structures\roads\parts\asf1_30 25.p3d:geometry
 2:56:59.147 Warning: No components in dz\structures\roads\parts\asf1_60 10.p3d:geometry
 2:56:59.147 Warning: No components in dz\structures\roads\parts\asf2_0 2000.p3d:geometry
 2:56:59.148 Warning: No components in dz\structures\roads\parts\asf2_1 1000.p3d:geometry
 2:56:59.148 Warning: No components in dz\structures\roads\parts\asf2_6.p3d:geometry
 2:56:59.149 Warning: No components in dz\structures\roads\parts\asf2_6_crosswalk.p3d:geometry
 2:56:59.149 Warning: No components in dz\structures\roads\parts\asf2_6konec.p3d:geometry
 2:56:59.149 Warning: No components in dz\structures\roads\parts\asf2_7 100.p3d:geometry
 2:56:59.149 Warning: No components in dz\structures\roads\parts\asf2_10 25.p3d:geometry
 2:56:59.149 Warning: No components in dz\structures\roads\parts\asf2_10 50.p3d:geometry
 2:56:59.149 Warning: No components in dz\structures\roads\parts\asf2_10 75.p3d:geometry
 2:56:59.149 Warning: No components in dz\structures\roads\parts\asf2_10 100.p3d:geometry
 2:56:59.149 Warning: No components in dz\structures\roads\parts\asf2_12.p3d:geometry
 2:56:59.149 Warning: No components in dz\structures\roads\parts\asf2_15 75.p3d:geometry
 2:56:59.149 Warning: No components in dz\structures\roads\parts\asf2_22 50.p3d:geometry
 2:56:59.149 Warning: No components in dz\structures\roads\parts\asf2_25.p3d:geometry
 2:56:59.149 Warning: No components in dz\structures\roads\parts\asf2_30 25.p3d:geometry
 2:56:59.149 Warning: No components in dz\structures\roads\parts\asf2_60 10.p3d:geometry
 2:56:59.150 Warning: No components in dz\structures\roads\parts\asf3_0 2000.p3d:geometry
 2:56:59.150 Warning: No components in dz\structures\roads\parts\asf3_1 1000.p3d:geometry
 2:56:59.150 Warning: No components in dz\structures\roads\parts\asf3_6.p3d:geometry
 2:56:59.150 Warning: No components in dz\structures\roads\parts\asf3_6konec.p3d:geometry
 2:56:59.150 Warning: No components in dz\structures\roads\parts\asf3_7 100.p3d:geometry
 2:56:59.151 Warning: No components in dz\structures\roads\parts\asf3_10 25.p3d:geometry
 2:56:59.151 Warning: No components in dz\structures\roads\parts\asf3_10 50.p3d:geometry
 2:56:59.151 Warning: No components in dz\structures\roads\parts\asf3_10 75.p3d:geometry
 2:56:59.151 Warning: No components in dz\structures\roads\parts\asf3_10 100.p3d:geometry
 2:56:59.151 Warning: No components in dz\structures\roads\parts\asf3_12.p3d:geometry
 2:56:59.151 Warning: No components in dz\structures\roads\parts\asf3_15 75.p3d:geometry
 2:56:59.151 Warning: No components in dz\structures\roads\parts\asf3_22 50.p3d:geometry
 2:56:59.151 Warning: No components in dz\structures\roads\parts\asf3_25.p3d:geometry
 2:56:59.151 Warning: No components in dz\structures\roads\parts\asf3_30 25.p3d:geometry
 2:56:59.151 Warning: No components in dz\structures\roads\parts\asf3_60 10.p3d:geometry
 2:56:59.152 Warning: No components in dz\structures\roads\parts\city_0 2000.p3d:geometry
 2:56:59.152 Warning: No components in dz\structures\roads\parts\city_1 1000.p3d:geometry
 2:56:59.152 Warning: No components in dz\structures\roads\parts\city_6.p3d:geometry
 2:56:59.152 Warning: No components in dz\structures\roads\parts\city_6konec.p3d:geometry
 2:56:59.152 Warning: No components in dz\structures\roads\parts\city_7 100.p3d:geometry
 2:56:59.152 Warning: No components in dz\structures\roads\parts\city_10 25.p3d:geometry
 2:56:59.153 Warning: No components in dz\structures\roads\parts\city_10 50.p3d:geometry
 2:56:59.153 Warning: No components in dz\structures\roads\parts\city_10 75.p3d:geometry
 2:56:59.153 Warning: No components in dz\structures\roads\parts\city_10 100.p3d:geometry
 2:56:59.153 Warning: No components in dz\structures\roads\parts\city_12.p3d:geometry
 2:56:59.153 Warning: No components in dz\structures\roads\parts\city_15 75.p3d:geometry
 2:56:59.153 Warning: No components in dz\structures\roads\parts\city_22 50.p3d:geometry
 2:56:59.153 Warning: No components in dz\structures\roads\parts\city_25.p3d:geometry
 2:56:59.153 Warning: No components in dz\structures\roads\parts\city_30 25.p3d:geometry
 2:56:59.154 Warning: No components in dz\structures\roads\parts\city_60 10.p3d:geometry
 2:56:59.154 Warning: No components in dz\structures\roads\parts\grav_0 2000.p3d:geometry
 2:56:59.155 Warning: No components in dz\structures\roads\parts\grav_1 1000.p3d:geometry
 2:56:59.155 Warning: No components in dz\structures\roads\parts\grav_6.p3d:geometry
 2:56:59.155 Warning: No components in dz\structures\roads\parts\grav_6konec.p3d:geometry
 2:56:59.155 Warning: No components in dz\structures\roads\parts\grav_7 100.p3d:geometry
 2:56:59.155 Warning: No components in dz\structures\roads\parts\grav_10 25.p3d:geometry
 2:56:59.155 Warning: No components in dz\structures\roads\parts\grav_10 50.p3d:geometry
 2:56:59.155 Warning: No components in dz\structures\roads\parts\grav_10 75.p3d:geometry
 2:56:59.155 Warning: No components in dz\structures\roads\parts\grav_10 100.p3d:geometry
 2:56:59.155 Warning: No components in dz\structures\roads\parts\grav_12.p3d:geometry
 2:56:59.155 Warning: No components in dz\structures\roads\parts\grav_15 75.p3d:geometry
 2:56:59.155 Warning: No components in dz\structures\roads\parts\grav_22 50.p3d:geometry
 2:56:59.155 Warning: No components in dz\structures\roads\parts\grav_25.p3d:geometry
 2:56:59.155 Warning: No components in dz\structures\roads\parts\grav_30 25.p3d:geometry
 2:56:59.155 Warning: No components in dz\structures\roads\parts\grav_60 10.p3d:geometry
 2:56:59.155 Warning: No components in dz\structures\roads\parts\kr_t_asf1_asf2.p3d:geometry
 2:56:59.155 Warning: No components in dz\structures\roads\parts\kr_t_asf1_asf3.p3d:geometry
 2:56:59.156 Warning: No components in dz\structures\roads\parts\kr_t_asf1_city.p3d:geometry
 2:56:59.156 Warning: No components in dz\structures\roads\parts\kr_t_asf2_asf2.p3d:geometry
 2:56:59.156 Warning: No components in dz\structures\roads\parts\kr_t_asf2_asf3.p3d:geometry
 2:56:59.156 Warning: No components in dz\structures\roads\parts\kr_t_asf3_asf2.p3d:geometry
 2:56:59.157 Warning: No components in dz\structures\roads\parts\kr_t_asf3_asf3.p3d:geometry
 2:56:59.157 Warning: No components in dz\structures\roads\parts\kr_t_asf3_mud.p3d:geometry
 2:56:59.157 Warning: No components in dz\structures\roads\parts\kr_t_city_asf3.p3d:geometry
 2:56:59.157 Warning: No components in dz\structures\roads\parts\kr_t_city_city.p3d:geometry
 2:56:59.157 Warning: No components in dz\structures\roads\parts\kr_t_mud_mud.p3d:geometry
 2:56:59.157 Warning: No components in dz\structures\roads\parts\kr_x_asf1_asf3.p3d:geometry
 2:56:59.157 Warning: No components in dz\structures\roads\parts\kr_x_asf1_city.p3d:geometry
 2:56:59.157 Warning: No components in dz\structures\roads\parts\kr_x_asf2_asf3.p3d:geometry
 2:56:59.158 Warning: No components in dz\structures\roads\parts\kr_x_city_city.p3d:geometry
 2:56:59.158 Warning: No components in dz\structures\roads\parts\kr_x_city_city_asf3.p3d:geometry
 2:56:59.158 Warning: No components in dz\structures\roads\parts\mud_0 2000.p3d:geometry
 2:56:59.158 Warning: No components in dz\structures\roads\parts\mud_1 1000.p3d:geometry
 2:56:59.159 Warning: No components in dz\structures\roads\parts\mud_6.p3d:geometry
 2:56:59.159 Warning: No components in dz\structures\roads\parts\mud_6konec.p3d:geometry
 2:56:59.159 Warning: No components in dz\structures\roads\parts\mud_7 100.p3d:geometry
 2:56:59.159 Warning: No components in dz\structures\roads\parts\mud_10 25.p3d:geometry
 2:56:59.159 Warning: No components in dz\structures\roads\parts\mud_10 50.p3d:geometry
 2:56:59.159 Warning: No components in dz\structures\roads\parts\mud_10 75.p3d:geometry
 2:56:59.159 Warning: No components in dz\structures\roads\parts\mud_10 100.p3d:geometry
 2:56:59.159 Warning: No components in dz\structures\roads\parts\mud_12.p3d:geometry
 2:56:59.159 Warning: No components in dz\structures\roads\parts\mud_15 75.p3d:geometry
 2:56:59.159 Warning: No components in dz\structures\roads\parts\mud_22 50.p3d:geometry
 2:56:59.159 Warning: No components in dz\structures\roads\parts\mud_25.p3d:geometry
 2:56:59.159 Warning: No components in dz\structures\roads\parts\mud_30 25.p3d:geometry
 2:56:59.159 Warning: No components in dz\structures\roads\parts\mud_60 10.p3d:geometry
 2:56:59.160 Warning: No components in dz\structures\roads\parts\path_dirt_10.p3d:geometry
 2:56:59.160 Warning: No components in dz\structures\roads\parts\path_dirt_30.p3d:geometry
 2:56:59.160 Warning: No components in dz\structures\roads\parts\path_dirt_curve.p3d:geometry
 2:56:59.160 Warning: No components in dz\structures\roads\parts\path_rock_10.p3d:geometry
 2:56:59.160 Warning: No components in dz\structures\roads\parts\path_rock_30.p3d:geometry
 2:56:59.160 Warning: No components in dz\structures\roads\parts\path_rock_curve.p3d:geometry
 2:56:59.160 Warning: No components in dz\structures\roads\parts\runway_beton.p3d:geometry
 2:56:59.161 Warning: No components in dz\structures\roads\parts\runway_beton_end1.p3d:geometry
 2:56:59.161 Warning: No components in dz\structures\roads\parts\runway_beton_end2.p3d:geometry
 2:56:59.161 Warning: No components in dz\structures\roads\parts\runway_dirt_1.p3d:geometry
 2:56:59.161 Warning: No components in dz\structures\roads\parts\runway_dirt_2.p3d:geometry
 2:56:59.161 Warning: No components in dz\structures\roads\parts\runway_dirt_3.p3d:geometry
 2:56:59.161 Warning: No components in dz\structures\roads\parts\runway_end15.p3d:geometry
 2:56:59.161 Warning: No components in dz\structures\roads\parts\runway_end33.p3d:geometry
 2:56:59.161 Warning: No components in dz\structures\roads\parts\runway_main.p3d:geometry
 2:56:59.161 Warning: No components in dz\structures\roads\parts\runway_main_40.p3d:geometry
 2:56:59.162 Warning: No components in dz\structures\roads\parts\runway_poj_draha.p3d:geometry
 2:56:59.162 Warning: No components in dz\structures\roads\parts\runway_poj_l_1.p3d:geometry
 2:56:59.162 Warning: No components in dz\structures\roads\parts\runway_poj_l_1_end.p3d:geometry
 2:56:59.162 Warning: No components in dz\structures\roads\parts\runway_poj_l_2.p3d:geometry
 2:56:59.162 Warning: No components in dz\structures\roads\parts\runway_poj_l_2_end.p3d:geometry
 2:56:59.162 Warning: No components in dz\structures\roads\parts\runway_poj_spoj.p3d:geometry
 2:56:59.162 Warning: No components in dz\structures\roads\parts\runway_poj_spoj_2.p3d:geometry
 2:56:59.162 Warning: No components in dz\structures\roads\parts\runway_poj_t_1.p3d:geometry
 2:56:59.162 Warning: No components in dz\structures\roads\parts\runway_poj_t_2.p3d:geometry
 2:56:59.162 Warning: No components in dz\structures\roads\parts\runwayold_40_main.p3d:geometry
 2:56:59.163 Warning: No components in dz\structures\roads\sidewalks\sidewalk1_1m.p3d:geometry
 2:56:59.163 Warning: No components in dz\structures\roads\sidewalks\sidewalk1_5m.p3d:geometry
 2:56:59.163 Warning: No components in dz\structures\roads\sidewalks\sidewalk1_10m.p3d:geometry
 2:56:59.164 Warning: No components in dz\structures\roads\sidewalks\sidewalk1_corner.p3d:geometry
 2:56:59.164 Warning: No components in dz\structures\roads\sidewalks\sidewalk1_end.p3d:geometry
 2:56:59.164 Warning: No components in dz\structures\roads\sidewalks\sidewalk1_tcross.p3d:geometry
 2:56:59.164 Warning: No components in dz\structures\roads\sidewalks\sidewalk1_turn_5deg.p3d:geometry
 2:56:59.164 Warning: No components in dz\structures\roads\sidewalks\sidewalk1_turn_10deg.p3d:geometry
 2:56:59.165 Warning: No components in dz\structures\roads\sidewalks\sidewalk1_turn_20deg.p3d:geometry
 2:56:59.165 Warning: No components in dz\structures\roads\sidewalks\sidewalk1_turn_30deg.p3d:geometry
 2:56:59.165 Warning: No components in dz\structures\roads\sidewalks\sidewalk2_1m.p3d:geometry
 2:56:59.165 Warning: No components in dz\structures\roads\sidewalks\sidewalk2_5m.p3d:geometry
 2:56:59.165 Warning: No components in dz\structures\roads\sidewalks\sidewalk3_narrow_4m.p3d:geometry
 2:56:59.166 Warning: No components in dz\structures\roads\sidewalks\sidewalk3_wide_corner.p3d:geometry
 2:56:59.167 Warning: No components in dz\structures\roads\tunnels\tunnel_biathlon_left_anthoxanthum.p3d:geometry
 2:56:59.167 Warning: No components in dz\structures\roads\tunnels\tunnel_biathlon_left_elytrigia.p3d:geometry
 2:56:59.167 Warning: No components in dz\structures\roads\tunnels\tunnel_biathlon_right_anthoxanthum.p3d:geometry
 2:56:59.168 Warning: No components in dz\structures\roads\tunnels\tunnel_biathlon_right_elytrigia.p3d:geometry
 2:56:59.168 Warning Message: Cannot open object dz\structures\roads\sidewalks\taxiway_0 2000.p3d
 2:56:59.168 Warning Message: Cannot open object dz\structures\roads\sidewalks\taxiway_1 1000.p3d
 2:56:59.168 Warning Message: Cannot open object dz\structures\roads\sidewalks\taxiway_6.p3d
 2:56:59.168 Warning Message: Cannot open object dz\structures\roads\sidewalks\taxiway_6konec.p3d
 2:56:59.168 Warning Message: Cannot open object dz\structures\roads\sidewalks\taxiway_7 100.p3d
 2:56:59.168 Warning Message: Cannot open object dz\structures\roads\sidewalks\taxiway_10 25.p3d
 2:56:59.168 Warning Message: Cannot open object dz\structures\roads\sidewalks\taxiway_10 50.p3d
 2:56:59.168 Warning Message: Cannot open object dz\structures\roads\sidewalks\taxiway_10 75.p3d
 2:56:59.168 Warning Message: Cannot open object dz\structures\roads\sidewalks\taxiway_10 100.p3d
 2:56:59.168 Warning Message: Cannot open object dz\structures\roads\sidewalks\taxiway_12.p3d
 2:56:59.168 Warning Message: Cannot open object dz\structures\roads\sidewalks\taxiway_15 75.p3d
 2:56:59.168 Warning Message: Cannot open object dz\structures\roads\sidewalks\taxiway_22 50.p3d
 2:56:59.168 Warning Message: Cannot open object dz\structures\roads\sidewalks\taxiway_25.p3d
 2:56:59.168 Warning Message: Cannot open object dz\structures\roads\sidewalks\taxiway_30 25.p3d
 2:56:59.168 Warning Message: Cannot open object dz\structures\roads\sidewalks\taxiway_60 10.p3d
 2:56:59.169 Warning: No components in dz\structures\roads\decals\decal_damage_long1.p3d:geometry
 2:56:59.170 Warning: No components in dz\structures\ruins\rubble_bricks1.p3d:geometry
 2:56:59.180 PerfWarning: Way too much components (628) in dz\structures\ruins\rubble_dirtpile_medium2.p3d:geometryFire
 2:56:59.181 Warning: No components in dz\structures\ruins\rubble_glass.p3d:geometry
 2:56:59.195 PerfWarning: Way too much components (889) in dz\structures\ruins\ruin_church.p3d:geometryFire
 2:56:59.251 PerfWarning: Way too much components (547) in dz\structures\specific\airfields\airfield_small_control.p3d:geometryFire
 2:56:59.372 PerfWarning: Way too much components (517) in dz\structures\specific\hotel\hotel.p3d:geometryFire
 2:56:59.385 PerfWarning: Way too much components (534) in dz\structures\specific\churches\church2_2.p3d:geometryFire
 2:56:59.406 PerfWarning: Way too much components (753) in dz\structures\specific\lunapark\lunapark_carousel_swan.p3d:geometryFire
 2:56:59.408 PerfWarning: Way too much components (595) in dz\structures\specific\lunapark\lunapark_carousel_swan.p3d:geometryView
 2:56:59.435 PerfWarning: Way too much components (797) in dz\structures\specific\prison\prison_main.p3d:geometryFire
 2:56:59.454 PerfWarning: Way too much components (948) in dz\structures\specific\prison\prison_wall_large.p3d:geometryFire
 2:56:59.461 Convex "component19" selection faces are less then 4 in dz\structures\specific\statues\monument_t34.p3d:geometry
 2:56:59.474 PerfWarning: Way too much components (744) in dz\structures\specific\towers\tower_tc2_base.p3d:geometryFire
 2:56:59.489 PerfWarning: Way too much components (548) in dz\structures\specific\cableway\cableway_cart.p3d:geometryFire
 2:56:59.493 PerfWarning: Way too much components (548) in dz\structures\specific\cableway\cableway_cart2.p3d:geometryFire
 2:56:59.498 PerfWarning: Way too much components (548) in dz\structures\specific\cableway\cableway_cart3.p3d:geometryFire
 2:56:59.499 Warning: No components in dz\structures\specific\airfields\airfield_light_navig.p3d:geometryView
 2:56:59.500 Warning Message: Cannot open object dz\structures\specific\airfields\airfield_light_control.p3d
 2:56:59.500 Warning Message: Cannot open object dz\structures\specific\airfields\airfield_light_hangar.p3d
 2:56:59.501 Warning: No components in dz\structures\specific\cableway\cableway_rope.p3d:geometry
 2:56:59.501 Warning: No components in dz\structures\specific\cableway\cableway_rope.p3d:geometryFire
 2:56:59.501 Warning: No components in dz\structures\specific\cableway\cableway_rope.p3d:geometryView
 2:56:59.513 Warning: No components in dz\structures\specific\cemeteries\cemetery_tombstone9.p3d:geometryView
 2:56:59.513 Warning: No components in dz\structures\specific\cemeteries\cemetery_tombstone10.p3d:geometryView
 2:56:59.513 Warning: No components in dz\structures\specific\cemeteries\cemetery_tombstone11.p3d:geometryView
 2:56:59.525 Warning: No components in dz\structures\specific\skilift\skilift_rope_end.p3d:geometry
 2:56:59.526 Warning: No components in dz\structures\specific\skilift\skilift_rope_middle.p3d:geometry
 2:56:59.526 Warning: No components in dz\structures\specific\skilift\skilift_rope_start.p3d:geometry
 2:56:59.534 Warning: No components in dz\structures\specific\statues\proxy\model_plane_mig21_lines.p3d:geometry
 2:56:59.536 Warning: No components in dz\structures\specific\statues\proxy\monument_plane_mig21_lines.p3d:geometry
 2:56:59.565 Warning: No components in dz\structures\walls\wall_fen2_6.p3d:geometryView
 2:56:59.565 Warning: No components in dz\structures\walls\wall_fen2_6_hole.p3d:geometryView
 2:56:59.567 Warning: No components in dz\structures\walls\wall_fenr_pole.p3d:geometryView
 2:56:59.587 Warning: No components in dz\structures\walls\wall_woodf_5.p3d:geometryView
 2:56:59.587 Warning: No components in dz\structures\walls\wall_woodf_5_2.p3d:geometryView
 2:56:59.587 Warning: No components in dz\structures\walls\wall_woodf_5_end.p3d:geometryView
 2:56:59.589 Warning: No components in dz\structures\walls\wall_railing_1.p3d:geometryView
 2:56:59.589 Warning: No components in dz\structures\walls\wall_railing_1_endl.p3d:geometryView
 2:56:59.589 Warning: No components in dz\structures\walls\wall_railing_1_endr.p3d:geometryView
 2:56:59.590 Warning: No components in dz\structures\walls\wall_railing_1_slope.p3d:geometryView
 2:56:59.590 Warning: No components in dz\structures\walls\wall_railing_2.p3d:geometryView
 2:56:59.590 Warning: No components in dz\structures\walls\wall_railing_2_slope.p3d:geometryView
 2:56:59.590 Warning: No components in dz\structures\walls\wall_railing_endl.p3d:geometryView
 2:56:59.590 Warning: No components in dz\structures\walls\wall_railing_endr.p3d:geometryView
 2:56:59.612 PerfWarning: Way too much components (832) in dz\structures\wrecks\ships\ship_big_fronta.p3d:geometryFire
 2:56:59.622 PerfWarning: Way too much components (1170) in dz\structures\wrecks\ships\ship_big_frontb.p3d:geometryFire
 2:56:59.629 PerfWarning: Way too much components (761) in dz\structures\wrecks\ships\ship_big_backa.p3d:geometryFire
 2:56:59.639 PerfWarning: Way too much components (1078) in dz\structures\wrecks\ships\ship_big_backb.p3d:geometryFire
 2:56:59.650 PerfWarning: Way too much components (603) in dz\structures\wrecks\ships\ship_big_castle.p3d:geometry
 2:56:59.652 PerfWarning: Way too much components (905) in dz\structures\wrecks\ships\ship_big_castle.p3d:geometryFire
 2:56:59.653 PerfWarning: Way too much components (504) in dz\structures\wrecks\ships\ship_big_castle.p3d:geometryView
 2:56:59.680 Convex "component02" selection faces are less then 4 in dz\structures\wrecks\vehicles\wreck_s1023_medic.p3d:geometryFire
 2:56:59.680 Convex "component03" selection faces are less then 4 in dz\structures\wrecks\vehicles\wreck_s1023_medic.p3d:geometryFire
 2:56:59.680 Convex "component04" selection faces are less then 4 in dz\structures\wrecks\vehicles\wreck_s1023_medic.p3d:geometryFire
 2:56:59.680 Convex "component05" selection faces are less then 4 in dz\structures\wrecks\vehicles\wreck_s1023_medic.p3d:geometryFire
 2:56:59.680 Convex "component38" selection faces are less then 4 in dz\structures\wrecks\vehicles\wreck_s1023_medic.p3d:geometryFire
 2:56:59.680 Convex "component39" selection faces are less then 4 in dz\structures\wrecks\vehicles\wreck_s1023_medic.p3d:geometryFire
 2:56:59.680 Convex "component73" selection faces are less then 4 in dz\structures\wrecks\vehicles\wreck_s1023_medic.p3d:geometryFire
 2:56:59.680 Convex "component77" selection faces are less then 4 in dz\structures\wrecks\vehicles\wreck_s1023_medic.p3d:geometryFire
 2:56:59.680 Convex "component88" selection faces are less then 4 in dz\structures\wrecks\vehicles\wreck_s1023_medic.p3d:geometryFire
 2:56:59.689 PerfWarning: Way too much components (501) in dz\structures\wrecks\vehicles\wreck_volha_grey.p3d:geometryFire
 2:56:59.690 Warning: No components in dz\structures\wrecks\vehicles\wreck_trailer_closed.p3d:geometryView
 2:56:59.702 PerfWarning: Way too much components (572) in dz\structures\wrecks\aircraft\wreck_c130j.p3d:geometryFire
 2:56:59.708 PerfWarning: Way too much components (547) in dz\structures\wrecks\aircraft\wreck_c130j_2.p3d:geometryFire
 2:56:59.715 PerfWarning: Way too much components (524) in dz\structures\wrecks\aircraft\wreck_c130j_cargo.p3d:geometryFire
 2:56:59.809 PerfWarning: Way too much components (1022) in dz\structures\wrecks\vehicles\wreck_bmp1.p3d:geometryFire
 2:56:59.821 Warning: No components in dz\structures\wrecks\vehicles\wreck_decal_big.p3d:geometry
 2:56:59.822 Warning: No components in dz\structures\wrecks\vehicles\wreck_decal_big_nolc.p3d:geometry
 2:56:59.822 Warning: No components in dz\structures\wrecks\vehicles\wreck_decal_small1.p3d:geometry
 2:56:59.822 Warning: No components in dz\structures\wrecks\vehicles\wreck_decal_small1_nolc.p3d:geometry
 2:56:59.822 Warning: No components in dz\structures\wrecks\vehicles\wreck_decal_small2.p3d:geometry
 2:56:59.822 Warning: No components in dz\structures\wrecks\vehicles\wreck_decal_small2_nolc.p3d:geometry
 2:56:59.836 PerfWarning: Way too much components (753) in dz\structures\wrecks\vehicles\wreck_t72_chassis.p3d:geometryFire
 2:56:59.857 PerfWarning: Way too much components (1022) in dz\structures\wrecks\vehicles\wreck_bmp1_noplacement.p3d:geometryFire
 2:56:59.866 PerfWarning: Way too much components (709) in dz\structures\wrecks\vehicles\wreck_mtvr_cargo.p3d:geometryFire
 2:56:59.884 PerfWarning: Way too much components (503) in dz\structures\wrecks\vehicles\wreck_offroad02_medic_tk.p3d:geometryFire
 2:56:59.899 Convex "component21" selection faces are less then 4 in dz\structures_bliss\industrial\houses\workshop_fuelstation.p3d:geometry
 2:56:59.899 Convex "component67" selection faces are less then 4 in dz\structures_bliss\industrial\houses\workshop_fuelstation.p3d:geometry
 2:56:59.902 Convex "component118" selection faces are less then 4 in dz\structures_bliss\industrial\sheds\shed_closed2.p3d:geometryView
 2:56:59.902 Convex "component119" selection faces are less then 4 in dz\structures_bliss\industrial\sheds\shed_closed2.p3d:geometryView
 2:56:59.965 Warning: No components in dz\structures_bliss\military\training\shellcrater1_decal.p3d:geometry
 2:56:59.965 Warning: No components in dz\structures_bliss\military\training\shellcrater2_debris.p3d:geometry
 2:56:59.966 Warning: No components in dz\structures_bliss\military\training\shellcrater2_decal.p3d:geometry
 2:56:59.988 PerfWarning: Way too much components (859) in dz\structures_bliss\residential\medical\village_healthcare_enoch.p3d:geometryFire
 2:57:00.01  PerfWarning: Way too much components (805) in dz\structures_bliss\residential\police\city_policestation_enoch.p3d:geometryFire
 2:57:00.12  PerfWarning: Way too much components (742) in dz\structures_bliss\residential\police\village_policestation_enoch.p3d:geometryFire
 2:57:00.33  Warning: No components in dz\structures_bliss\residential\misc\misc_sewercover.p3d:geometry
 2:57:00.49  Warning: No components in dz\structures_bliss\roads\decals\decal_oilstain2.p3d:geometry
 2:57:00.49  Warning: No components in dz\structures_bliss\roads\decals\decal_oilstain3.p3d:geometry
 2:57:00.49  Warning: No components in dz\structures_bliss\roads\decals\decal_oilstain4.p3d:geometry
 2:57:00.49  Warning: No components in dz\structures_bliss\roads\decals\decal_asphalt_fix1.p3d:geometry
 2:57:00.49  Warning: No components in dz\structures_bliss\roads\decals\decal_asphalt_fix2.p3d:geometry
 2:57:00.49  Warning: No components in dz\structures_bliss\roads\decals\decal_asphalt_fix3.p3d:geometry
 2:57:00.49  Warning: No components in dz\structures_bliss\roads\decals\decal_asphalt_fix4.p3d:geometry
 2:57:00.49  Warning: No components in dz\structures_bliss\roads\decals\decal_asphalt_fix5.p3d:geometry
 2:57:00.49  Warning: No components in dz\structures_bliss\roads\decals\decal_asphalt_fix6.p3d:geometry
 2:57:00.49  Warning: No components in dz\structures_bliss\roads\decals\decal_asphalt_patch01.p3d:geometry
 2:57:00.49  Warning: No components in dz\structures_bliss\roads\decals\decal_asphalt_patch02.p3d:geometry
 2:57:00.49  Warning: No components in dz\structures_bliss\roads\decals\decal_asphalt_patch03.p3d:geometry
 2:57:00.49  Warning: No components in dz\structures_bliss\roads\decals\decal_asphalt_patch04.p3d:geometry
 2:57:00.49  Warning: No components in dz\structures_bliss\roads\decals\decal_asphalt_patch05.p3d:geometry
 2:57:00.49  Warning: No components in dz\structures_bliss\roads\decals\decal_asphalt_patch06.p3d:geometry
 2:57:00.49  Warning: No components in dz\structures_bliss\roads\decals\decal_asphalt_patch07.p3d:geometry
 2:57:00.49  Warning: No components in dz\structures_bliss\roads\decals\decal_asphalt_patch08.p3d:geometry
 2:57:00.49  Warning: No components in dz\structures_bliss\roads\decals\decal_asphalt_patch09.p3d:geometry
 2:57:00.49  Warning: No components in dz\structures_bliss\roads\decals\decal_asphalt_patch10.p3d:geometry
 2:57:00.49  Warning: No components in dz\structures_bliss\roads\decals\decal_asphalt_patch11.p3d:geometry
 2:57:00.49  Warning: No components in dz\structures_bliss\roads\decals\decal_asphalt_patch12.p3d:geometry
 2:57:00.49  Warning: No components in dz\structures_bliss\roads\decals\decal_damage_long6.p3d:geometry
 2:57:00.49  Warning: No components in dz\structures_bliss\roads\decals\decal_damage_long7.p3d:geometry
 2:57:00.49  Warning: No components in dz\structures_bliss\roads\decals\decal_damage_long8.p3d:geometry
 2:57:00.49  Warning: No components in dz\structures_bliss\roads\decals\decal_damage_long9.p3d:geometry
 2:57:00.49  Warning: No components in dz\structures_bliss\roads\decals\decal_damage_medium4.p3d:geometry
 2:57:00.49  Warning: No components in dz\structures_bliss\roads\decals\decal_damage_medium5.p3d:geometry
 2:57:00.49  Warning: No components in dz\structures_bliss\roads\decals\decal_damage_medium6.p3d:geometry
 2:57:00.49  Warning: No components in dz\structures_bliss\roads\decals\decal_damage_medium7.p3d:geometry
 2:57:00.50  Warning: No components in dz\structures_bliss\roads\decals\decal_damage_medium8.p3d:geometry
 2:57:00.50  Warning: No components in dz\structures_bliss\roads\decals\decal_damage_medium9.p3d:geometry
 2:57:00.50  Warning: No components in dz\structures_bliss\roads\decals\decal_damage_medium10.p3d:geometry
 2:57:00.50  Warning: No components in dz\structures_bliss\roads\decals\decal_dirt_damage_long1.p3d:geometry
 2:57:00.50  Warning: No components in dz\structures_bliss\roads\decals\decal_dirt_damage_long2.p3d:geometry
 2:57:00.50  Warning: No components in dz\structures_bliss\roads\decals\decal_dirt_damage_long3.p3d:geometry
 2:57:00.50  Warning: No components in dz\structures_bliss\roads\decals\decal_dirt_rocks1.p3d:geometry
 2:57:00.50  Warning: No components in dz\structures_bliss\roads\decals\decal_dirt_rocks2.p3d:geometry
 2:57:00.50  Warning: No components in dz\structures_bliss\roads\decals\decal_oilstain1.p3d:geometry
 2:57:00.283 Convex "component129" selection faces are less then 4 in dz\structures_bliss\ruins\ruin_housebig3_half.p3d:geometryView
 2:57:00.291 Convex "component129" selection faces are less then 4 in dz\structures_bliss\ruins\ruin_housebig3_noivy_half.p3d:geometryView
 2:57:00.349 Warning: No components in dz\structures_bliss\ruins\proxy\bed_large_metal.p3d:geometryView
 2:57:00.349 Warning: No components in dz\structures_bliss\ruins\proxy\bed_large_metal_broken.p3d:geometryView
 2:57:00.350 Warning: No components in dz\structures_bliss\ruins\proxy\carpet_big_dirty.p3d:geometry
 2:57:00.350 Warning: No components in dz\structures_bliss\ruins\proxy\carpet_big_dirty.p3d:geometryView
 2:57:00.350 Warning: No components in dz\structures_bliss\ruins\proxy\carpet_big_dirty2.p3d:geometry
 2:57:00.350 Warning: No components in dz\structures_bliss\ruins\proxy\carpet_big_dirty2.p3d:geometryView
 2:57:00.352 Warning: No components in dz\structures_bliss\ruins\proxy\chair_crushed.p3d:geometry
 2:57:00.352 Warning: No components in dz\structures_bliss\ruins\proxy\chair_crushed.p3d:geometryView
 2:57:00.359 Warning: No components in dz\structures_bliss\ruins\proxy\ruin_church2_proxy_overgrowth.p3d:geometry
 2:57:00.362 Warning: No components in dz\structures_bliss\ruins\proxy\ruin_housebig1_half_proxy_01.p3d:geometry
 2:57:00.362 Warning: No components in dz\structures_bliss\ruins\proxy\ruin_housebig1_half_proxy_overgrowth.p3d:geometry
 2:57:00.363 Warning: No components in dz\structures_bliss\ruins\proxy\ruin_housebig1_proxy_01.p3d:geometry
 2:57:00.363 Warning: No components in dz\structures_bliss\ruins\proxy\ruin_housebig1_proxy_overgrowth.p3d:geometry
 2:57:00.364 Warning: No components in dz\structures_bliss\ruins\proxy\ruin_housebig1_proxy_overgrowth_02.p3d:geometry
 2:57:00.365 Warning: No components in dz\structures_bliss\ruins\proxy\ruin_housebig1_proxy_overgrowth_02_template.p3d:geometry
 2:57:00.365 Warning: No components in dz\structures_bliss\ruins\proxy\ruin_housebig1_proxy_overgrowth_02_template.p3d:geometryFire
 2:57:00.365 Warning: No components in dz\structures_bliss\ruins\proxy\ruin_housebig1_proxy_overgrowth_template.p3d:geometry
 2:57:00.365 Warning: No components in dz\structures_bliss\ruins\proxy\ruin_housebig1_proxy_overgrowth_template.p3d:geometryFire
 2:57:00.365 Warning: No components in dz\structures_bliss\ruins\proxy\ruin_housebig2_half_proxy_01.p3d:geometry
 2:57:00.366 Warning: No components in dz\structures_bliss\ruins\proxy\ruin_housebig2_half_proxy_overgrowth.p3d:geometry
 2:57:00.367 Warning: No components in dz\structures_bliss\ruins\proxy\ruin_housebig2_proxy_01.p3d:geometry
 2:57:00.367 Warning: No components in dz\structures_bliss\ruins\proxy\ruin_housebig2_proxy_02.p3d:geometry
 2:57:00.367 Warning: No components in dz\structures_bliss\ruins\proxy\ruin_housebig2_proxy_overgrowth.p3d:geometry
 2:57:00.368 Warning: No components in dz\structures_bliss\ruins\proxy\ruin_housebig3_half_proxy_01.p3d:geometry
 2:57:00.369 Warning: No components in dz\structures_bliss\ruins\proxy\ruin_housebig3_half_proxy_overgrowth.p3d:geometry
 2:57:00.369 Warning: No components in dz\structures_bliss\ruins\proxy\ruin_housebig3_proxy_01.p3d:geometry
 2:57:00.369 Warning: No components in dz\structures_bliss\ruins\proxy\ruin_housebig3_proxy_overgrowth.p3d:geometry
 2:57:00.370 Warning: No components in dz\structures_bliss\ruins\proxy\ruin_housesmall1_half_proxy_01.p3d:geometry
 2:57:00.370 Warning: No components in dz\structures_bliss\ruins\proxy\ruin_housesmall1_half_proxy_overgrowth.p3d:geometry
 2:57:00.371 Warning: No components in dz\structures_bliss\ruins\proxy\ruin_housesmall1_proxy_01.p3d:geometry
 2:57:00.372 Warning: No components in dz\structures_bliss\ruins\proxy\ruin_housesmall1_proxy_02.p3d:geometry
 2:57:00.372 Warning: No components in dz\structures_bliss\ruins\proxy\ruin_housesmall1_proxy_overgrowth.p3d:geometry
 2:57:00.373 Warning: No components in dz\structures_bliss\ruins\proxy\ruin_housesmall2_proxy.p3d:geometry
 2:57:00.373 Warning: No components in dz\structures_bliss\ruins\proxy\ruin_housesmall2_proxy_bricks.p3d:geometry
 2:57:00.373 Warning: No components in dz\structures_bliss\ruins\proxy\ruin_housesmall2_proxy_overgrowth.p3d:geometry
 2:57:00.443 Convex "component05" selection faces are less then 4 in dz\structures_bliss\specific\towers\transmitter_box.p3d:geometryFire
 2:57:00.447 Convex "component137" selection faces are less then 4 in dz\structures_bliss\underground\corridor\underground_corridor_main_both.p3d:geometryFire
 2:57:00.449 Convex "component51" selection faces are less then 4 in dz\structures_bliss\underground\corridor\underground_corridor_main_left.p3d:geometryFire
 2:57:00.449 Convex "component52" selection faces are less then 4 in dz\structures_bliss\underground\corridor\underground_corridor_main_left.p3d:geometryFire
 2:57:00.452 Convex "component110" selection faces are less then 4 in dz\structures_bliss\underground\corridor\underground_corridor_main_right.p3d:geometryFire
 2:57:00.452 Convex "component112" selection faces are less then 4 in dz\structures_bliss\underground\corridor\underground_corridor_main_right.p3d:geometryFire
 2:57:00.455 Unrecognized texture type '': 'dz\structures_bliss\underground\corridor\data\underground_corridor_connector_building_mc'
 2:57:00.456 Convex "component33" selection faces are less then 4 in dz\structures_bliss\underground\corridor\underground_corridor_connector.p3d:geometryFire
 2:57:00.459 Unrecognized texture type '': 'dz\structures_bliss\underground\corridor\data\underground_corridor_connector_building_mc'
 2:57:00.460 Convex "component33" selection faces are less then 4 in dz\structures_bliss\underground\corridor\underground_corridor_connector_inv.p3d:geometryFire
 2:57:00.462 Convex "component01" selection faces are less then 4 in dz\structures_bliss\underground\tunnel\underground_tunnel_single.p3d:geometry
 2:57:00.462 Convex "component02" selection faces are less then 4 in dz\structures_bliss\underground\tunnel\underground_tunnel_single.p3d:geometry
 2:57:00.462 Convex "component03" selection faces are less then 4 in dz\structures_bliss\underground\tunnel\underground_tunnel_single.p3d:geometry
 2:57:00.462 Convex "component04" selection faces are less then 4 in dz\structures_bliss\underground\tunnel\underground_tunnel_single.p3d:geometry
 2:57:00.462 Convex "component05" selection faces are less then 4 in dz\structures_bliss\underground\tunnel\underground_tunnel_single.p3d:geometry
 2:57:00.462 Convex "component06" selection faces are less then 4 in dz\structures_bliss\underground\tunnel\underground_tunnel_single.p3d:geometry
 2:57:00.462 Convex "component07" selection faces are less then 4 in dz\structures_bliss\underground\tunnel\underground_tunnel_single.p3d:geometry
 2:57:00.462 Convex "component08" selection faces are less then 4 in dz\structures_bliss\underground\tunnel\underground_tunnel_single.p3d:geometry
 2:57:00.462 Convex "component09" selection faces are less then 4 in dz\structures_bliss\underground\tunnel\underground_tunnel_single.p3d:geometry
 2:57:00.462 Convex "component10" selection faces are less then 4 in dz\structures_bliss\underground\tunnel\underground_tunnel_single.p3d:geometry
 2:57:00.462 Convex "component11" selection faces are less then 4 in dz\structures_bliss\underground\tunnel\underground_tunnel_single.p3d:geometry
 2:57:00.462 Convex "component12" selection faces are less then 4 in dz\structures_bliss\underground\tunnel\underground_tunnel_single.p3d:geometry
 2:57:00.462 Convex "component13" selection faces are less then 4 in dz\structures_bliss\underground\tunnel\underground_tunnel_single.p3d:geometry
 2:57:00.462 Convex "component14" selection faces are less then 4 in dz\structures_bliss\underground\tunnel\underground_tunnel_single.p3d:geometry
 2:57:00.469 Convex "component152" selection faces are less then 4 in dz\structures_bliss\underground\stairs\underground_stairs_block_corridor.p3d:geometryFire
 2:57:00.469 Convex "component153" selection faces are less then 4 in dz\structures_bliss\underground\stairs\underground_stairs_block_corridor.p3d:geometryFire
 2:57:00.472 Convex "component152" selection faces are less then 4 in dz\structures_bliss\underground\stairs\underground_stairs_block_corridor_nodoor.p3d:geometryFire
 2:57:00.472 Convex "component153" selection faces are less then 4 in dz\structures_bliss\underground\stairs\underground_stairs_block_corridor_nodoor.p3d:geometryFire
 2:57:00.472 Convex "component108" selection faces are less then 4 in dz\structures_bliss\underground\stairs\underground_stairs_block_terminator.p3d:geometryFire
 2:57:00.472 Convex "component109" selection faces are less then 4 in dz\structures_bliss\underground\stairs\underground_stairs_block_terminator.p3d:geometryFire
 2:57:00.475 Convex "component19" selection faces are less then 4 in dz\structures_bliss\underground\stairs\underground_stairs_exit.p3d:geometryFire
 2:57:00.475 Convex "component20" selection faces are less then 4 in dz\structures_bliss\underground\stairs\underground_stairs_exit.p3d:geometryFire
 2:57:00.478 Convex "component178" selection faces are less then 4 in dz\structures_bliss\underground\stairs\underground_stairs_start.p3d:geometryFire
 2:57:00.478 Convex "component179" selection faces are less then 4 in dz\structures_bliss\underground\stairs\underground_stairs_start.p3d:geometryFire
 2:57:00.480 Convex "component17" selection faces are less then 4 in dz\structures_bliss\underground\stairs\underground_stairs_collapsed.p3d:geometryFire
 2:57:00.480 Convex "component56" selection faces are less then 4 in dz\structures_bliss\underground\stairs\underground_stairs_collapsed.p3d:geometryFire
 2:57:00.480 Convex "component57" selection faces are less then 4 in dz\structures_bliss\underground\stairs\underground_stairs_collapsed.p3d:geometryFire
 2:57:00.499 PerfWarning: Way too much components (926) in dz\structures_bliss\underground\water\underground_waterreservoir.p3d:geometryFire
 2:57:00.503 Warning: No components in dz\structures_bliss\underground\water\underground_waterreservoir_water.p3d:geometry
 2:57:00.549 Warning: No components in dz\structures_bliss\underground\terrain\terrain_livonia_forestpatch.p3d:geometry
 2:57:00.549 Warning: No components in dz\structures_bliss\underground\terrain\terrain_livonia_grasspatch.p3d:geometry
 2:57:00.582 Warning: No components in dz\structures_bliss\walls\wall_polewall_5_1.p3d:geometryView
 2:57:00.582 Warning: No components in dz\structures_bliss\walls\wall_polewall_5_2.p3d:geometryView
 2:57:00.583 Warning: No components in dz\structures_bliss\walls\wall_polewall_end.p3d:geometryView
 2:57:00.603 PerfWarning: Way too much components (743) in dz\structures_sakhal\industrial\harbour\drydock_end.p3d:geometryFire
 2:57:00.607 PerfWarning: Way too much components (573) in dz\structures_sakhal\industrial\harbour\drydock_middle.p3d:geometryFire
 2:57:00.615 PerfWarning: Way too much components (729) in dz\structures_sakhal\industrial\harbour\pier_crane2_base.p3d:geometryFire
 2:57:00.621 Convex "component323" selection faces are less then 4 in dz\structures_sakhal\industrial\harbour\pier_crane2_top.p3d:geometryFire
 2:57:00.621 Convex "component324" selection faces are less then 4 in dz\structures_sakhal\industrial\harbour\pier_crane2_top.p3d:geometryFire
 2:57:00.621 Convex "component325" selection faces are less then 4 in dz\structures_sakhal\industrial\harbour\pier_crane2_top.p3d:geometryFire
 2:57:00.621 Convex "component519" selection faces are less then 4 in dz\structures_sakhal\industrial\harbour\pier_crane2_top.p3d:geometryFire
 2:57:00.621 Convex "component521" selection faces are less then 4 in dz\structures_sakhal\industrial\harbour\pier_crane2_top.p3d:geometryFire
 2:57:00.621 Convex "component523" selection faces are less then 4 in dz\structures_sakhal\industrial\harbour\pier_crane2_top.p3d:geometryFire
 2:57:00.621 Convex "component525" selection faces are less then 4 in dz\structures_sakhal\industrial\harbour\pier_crane2_top.p3d:geometryFire
 2:57:00.622 PerfWarning: Way too much components (779) in dz\structures_sakhal\industrial\harbour\pier_crane2_top.p3d:geometryFire
 2:57:00.638 PerfWarning: Way too much components (755) in dz\structures_sakhal\industrial\harbour\pier_crane_submarine.p3d:geometry
 2:57:00.644 PerfWarning: Way too much components (1924) in dz\structures_sakhal\industrial\harbour\pier_crane_submarine.p3d:geometryFire
 2:57:00.645 PerfWarning: Way too much components (665) in dz\structures_sakhal\industrial\harbour\pier_crane_submarine.p3d:geometryView
 2:57:00.648 Convex "component244" selection faces are less then 4 in dz\structures_sakhal\industrial\harbour\pier_floating_50m.p3d:geometryFire
 2:57:00.652 PerfWarning: Way too much components (590) in dz\structures_sakhal\industrial\harbour\pier_floating_bridge.p3d:geometryFire
 2:57:00.653 Convex "component07" selection faces are less then 4 in dz\structures_sakhal\industrial\harbour\buoy.p3d:geometryFire
 2:57:00.653 Convex "component09" selection faces are less then 4 in dz\structures_sakhal\industrial\harbour\buoy.p3d:geometryFire
 2:57:00.653 Convex "component11" selection faces are less then 4 in dz\structures_sakhal\industrial\harbour\buoy.p3d:geometryFire
 2:57:00.653 Convex "component13" selection faces are less then 4 in dz\structures_sakhal\industrial\harbour\buoy.p3d:geometryFire
 2:57:00.653 Convex "component42" selection faces are less then 4 in dz\structures_sakhal\industrial\harbour\buoy.p3d:geometryFire
 2:57:00.653 Convex "component43" selection faces are less then 4 in dz\structures_sakhal\industrial\harbour\buoy.p3d:geometryFire
 2:57:00.654 Convex "component08" selection faces are less then 4 in dz\structures_sakhal\industrial\harbour\mooringbuoy.p3d:geometry
 2:57:00.654 Convex "component39" selection faces are less then 4 in dz\structures_sakhal\industrial\harbour\mooringbuoy.p3d:geometry
 2:57:00.655 Convex "component02" selection faces are less then 4 in dz\structures_sakhal\industrial\harbour\mooringbuoy.p3d:geometryFire
 2:57:00.655 Convex "component75" selection faces are less then 4 in dz\structures_sakhal\industrial\harbour\mooringbuoy.p3d:geometryFire
 2:57:00.655 Convex "component76" selection faces are less then 4 in dz\structures_sakhal\industrial\harbour\mooringbuoy.p3d:geometryFire
 2:57:00.655 Convex "component77" selection faces are less then 4 in dz\structures_sakhal\industrial\harbour\mooringbuoy.p3d:geometryFire
 2:57:00.655 Convex "component78" selection faces are less then 4 in dz\structures_sakhal\industrial\harbour\mooringbuoy.p3d:geometryFire
 2:57:00.655 Convex "component79" selection faces are less then 4 in dz\structures_sakhal\industrial\harbour\mooringbuoy.p3d:geometryFire
 2:57:00.655 Convex "component80" selection faces are less then 4 in dz\structures_sakhal\industrial\harbour\mooringbuoy.p3d:geometryFire
 2:57:00.655 Convex "component81" selection faces are less then 4 in dz\structures_sakhal\industrial\harbour\mooringbuoy.p3d:geometryFire
 2:57:00.655 Convex "component82" selection faces are less then 4 in dz\structures_sakhal\industrial\harbour\mooringbuoy.p3d:geometryFire
 2:57:00.655 Convex "component83" selection faces are less then 4 in dz\structures_sakhal\industrial\harbour\mooringbuoy.p3d:geometryFire
 2:57:00.655 Convex "component84" selection faces are less then 4 in dz\structures_sakhal\industrial\harbour\mooringbuoy.p3d:geometryFire
 2:57:00.655 Convex "component85" selection faces are less then 4 in dz\structures_sakhal\industrial\harbour\mooringbuoy.p3d:geometryFire
 2:57:00.655 Convex "component86" selection faces are less then 4 in dz\structures_sakhal\industrial\harbour\mooringbuoy.p3d:geometryFire
 2:57:00.655 Convex "component87" selection faces are less then 4 in dz\structures_sakhal\industrial\harbour\mooringbuoy.p3d:geometryFire
 2:57:00.655 Convex "component88" selection faces are less then 4 in dz\structures_sakhal\industrial\harbour\mooringbuoy.p3d:geometryFire
 2:57:00.655 Convex "component89" selection faces are less then 4 in dz\structures_sakhal\industrial\harbour\mooringbuoy.p3d:geometryFire
 2:57:00.655 Convex "component90" selection faces are less then 4 in dz\structures_sakhal\industrial\harbour\mooringbuoy.p3d:geometryFire
 2:57:00.655 Convex "component39" selection faces are less then 4 in dz\structures_sakhal\industrial\harbour\mooringbuoy.p3d:geometryView
 2:57:00.662 Warning: No components in dz\structures_sakhal\industrial\misc\misc_through_static_frozen.p3d:geometry
 2:57:00.671 Warning: No components in dz\structures_sakhal\industrial\power\power_hv2_line_end.p3d:geometry
 2:57:00.675 PerfWarning: Way too much components (769) in dz\structures_sakhal\industrial\power\power_hv2_tower.p3d:geometryFire
 2:57:00.676 Warning: No components in dz\structures_sakhal\industrial\power\power_hv2_wire_main.p3d:geometry
 2:57:00.684 PerfWarning: Way too much components (562) in dz\structures_sakhal\industrial\powerplant\geoplant_coolingstack.p3d:geometry
 2:57:00.686 PerfWarning: Way too much components (1145) in dz\structures_sakhal\industrial\powerplant\geoplant_coolingstack.p3d:geometryFire
 2:57:00.694 Convex "component802" selection faces are less then 4 in dz\structures_sakhal\industrial\powerplant\geoplant_drilltower.p3d:geometryFire
 2:57:00.694 Convex "component803" selection faces are less then 4 in dz\structures_sakhal\industrial\powerplant\geoplant_drilltower.p3d:geometryFire
 2:57:00.694 Convex "component870" selection faces are less then 4 in dz\structures_sakhal\industrial\powerplant\geoplant_drilltower.p3d:geometryFire
 2:57:00.694 Convex "component871" selection faces are less then 4 in dz\structures_sakhal\industrial\powerplant\geoplant_drilltower.p3d:geometryFire
 2:57:00.694 Convex "component872" selection faces are less then 4 in dz\structures_sakhal\industrial\powerplant\geoplant_drilltower.p3d:geometryFire
 2:57:00.694 PerfWarning: Way too much components (874) in dz\structures_sakhal\industrial\powerplant\geoplant_drilltower.p3d:geometryFire
 2:57:00.699 PerfWarning: Way too much components (577) in dz\structures_sakhal\industrial\powerplant\geoplant_mainhall_left.p3d:geometryFire
 2:57:00.708 Convex "component643" selection faces are less then 4 in dz\structures_sakhal\industrial\powerplant\geoplant_mainhall_right.p3d:geometryFire
 2:57:00.708 PerfWarning: Way too much components (672) in dz\structures_sakhal\industrial\powerplant\geoplant_mainhall_right.p3d:geometryFire
 2:57:00.717 Convex "component03" selection faces are less then 4 in dz\structures_sakhal\industrial\powerplant\geoplant_maintenancehall.p3d:geometryFire
 2:57:00.717 Convex "component04" selection faces are less then 4 in dz\structures_sakhal\industrial\powerplant\geoplant_maintenancehall.p3d:geometryFire
 2:57:00.717 Convex "component129" selection faces are less then 4 in dz\structures_sakhal\industrial\powerplant\geoplant_maintenancehall.p3d:geometryFire
 2:57:00.719 PerfWarning: Way too much components (1046) in dz\structures_sakhal\industrial\powerplant\geoplant_maintenancehall.p3d:geometryFire
 2:57:00.719 Convex "component03" selection faces are less then 4 in dz\structures_sakhal\industrial\powerplant\geoplant_maintenancehall.p3d:geometryView
 2:57:00.719 Convex "component04" selection faces are less then 4 in dz\structures_sakhal\industrial\powerplant\geoplant_maintenancehall.p3d:geometryView
 2:57:00.719 Convex "component267" selection faces are less then 4 in dz\structures_sakhal\industrial\powerplant\geoplant_maintenancehall.p3d:geometryView
 2:57:00.729 PerfWarning: Way too much components (601) in dz\structures_sakhal\industrial\powerplant\geoplant_pipehall.p3d:geometryFire
 2:57:00.739 Convex "component1299" selection faces are less then 4 in dz\structures_sakhal\industrial\powerplant\geoplant_powerhall.p3d:geometryFire
 2:57:00.739 Convex "component1372" selection faces are less then 4 in dz\structures_sakhal\industrial\powerplant\geoplant_powerhall.p3d:geometryFire
 2:57:00.739 Convex "component1404" selection faces are less then 4 in dz\structures_sakhal\industrial\powerplant\geoplant_powerhall.p3d:geometryFire
 2:57:00.739 Convex "component1406" selection faces are less then 4 in dz\structures_sakhal\industrial\powerplant\geoplant_powerhall.p3d:geometryFire
 2:57:00.740 PerfWarning: Way too much components (1602) in dz\structures_sakhal\industrial\powerplant\geoplant_powerhall.p3d:geometryFire
 2:57:00.748 PerfWarning: Way too much components (736) in dz\structures_sakhal\industrial\powerplant\geoplant_powerhall_pole.p3d:geometryFire
 2:57:00.751 Warning Message: Cannot open object dz\structures_sakhal\powerplant\geoplant_powerhall_wire.p3d
 2:57:00.757 Convex "component416" selection faces are less then 4 in dz\structures_sakhal\industrial\stockyard\stockyard_crusher.p3d:geometryFire
 2:57:00.757 Convex "component421" selection faces are less then 4 in dz\structures_sakhal\industrial\stockyard\stockyard_crusher.p3d:geometryFire
 2:57:00.767 PerfWarning: Way too much components (565) in dz\structures_sakhal\industrial\stockyard\stockyard_shiploader.p3d:geometryFire
 2:57:00.795 PerfWarning: Way too much components (734) in dz\structures_sakhal\industrial\tanks\tank_big2.p3d:geometryFire
 2:57:00.816 PerfWarning: Way too much components (1046) in dz\structures_sakhal\military\airfield\mil_reinforcedtank2_sakhal.p3d:geometryFire
 2:57:00.826 Convex "component05" selection faces are less then 4 in dz\structures_sakhal\military\bunkers\bunker3_1.p3d:geometryFire
 2:57:00.826 Convex "component06" selection faces are less then 4 in dz\structures_sakhal\military\bunkers\bunker3_1.p3d:geometryFire
 2:57:00.826 Convex "component07" selection faces are less then 4 in dz\structures_sakhal\military\bunkers\bunker3_1.p3d:geometryFire
 2:57:00.826 Convex "component31" selection faces are less then 4 in dz\structures_sakhal\military\bunkers\bunker3_1.p3d:geometryFire
 2:57:00.826 Convex "component34" selection faces are less then 4 in dz\structures_sakhal\military\bunkers\bunker3_1.p3d:geometryFire
 2:57:00.826 Convex "component35" selection faces are less then 4 in dz\structures_sakhal\military\bunkers\bunker3_1.p3d:geometryFire
 2:57:00.826 Convex "component36" selection faces are less then 4 in dz\structures_sakhal\military\bunkers\bunker3_1.p3d:geometryFire
 2:57:00.826 Convex "component37" selection faces are less then 4 in dz\structures_sakhal\military\bunkers\bunker3_1.p3d:geometryFire
 2:57:00.826 Convex "component67" selection faces are less then 4 in dz\structures_sakhal\military\bunkers\bunker3_1.p3d:geometryFire
 2:57:00.826 Convex "component68" selection faces are less then 4 in dz\structures_sakhal\military\bunkers\bunker3_1.p3d:geometryFire
 2:57:00.835 PerfWarning: Way too much components (504) in dz\structures_sakhal\military\radar\mil_radome_big.p3d:geometryFire
 2:57:00.838 Convex "component02" selection faces are less then 4 in dz\structures_sakhal\military\radar\mil_radome_small.p3d:geometryView
 2:57:00.846 Convex "component81" selection faces are less then 4 in dz\structures_sakhal\military\storage\warheadstorage_entrance_roof.p3d:geometry
 2:57:00.846 Convex "component82" selection faces are less then 4 in dz\structures_sakhal\military\storage\warheadstorage_entrance_roof.p3d:geometry
 2:57:00.847 Convex "component64" selection faces are less then 4 in dz\structures_sakhal\military\storage\warheadstorage_entrance_roof.p3d:geometryView
 2:57:00.847 Convex "component65" selection faces are less then 4 in dz\structures_sakhal\military\storage\warheadstorage_entrance_roof.p3d:geometryView
 2:57:00.859 PerfWarning: Way too much components (985) in dz\structures_sakhal\military\storage\warheadstorage_main.p3d:geometryFire
 2:57:00.859 Convex "component80" selection faces are less then 4 in dz\structures_sakhal\military\storage\warheadstorage_main.p3d:geometryView
 2:57:00.859 Convex "component81" selection faces are less then 4 in dz\structures_sakhal\military\storage\warheadstorage_main.p3d:geometryView
 2:57:00.859 Convex "component82" selection faces are less then 4 in dz\structures_sakhal\military\storage\warheadstorage_main.p3d:geometryView
 2:57:00.859 Convex "component83" selection faces are less then 4 in dz\structures_sakhal\military\storage\warheadstorage_main.p3d:geometryView
 2:57:00.859 Convex "component84" selection faces are less then 4 in dz\structures_sakhal\military\storage\warheadstorage_main.p3d:geometryView
 2:57:00.859 Convex "component85" selection faces are less then 4 in dz\structures_sakhal\military\storage\warheadstorage_main.p3d:geometryView
 2:57:00.859 Convex "component86" selection faces are less then 4 in dz\structures_sakhal\military\storage\warheadstorage_main.p3d:geometryView
 2:57:00.859 Convex "component87" selection faces are less then 4 in dz\structures_sakhal\military\storage\warheadstorage_main.p3d:geometryView
 2:57:00.860 Convex "component88" selection faces are less then 4 in dz\structures_sakhal\military\storage\warheadstorage_main.p3d:geometryView
 2:57:00.860 Convex "component89" selection faces are less then 4 in dz\structures_sakhal\military\storage\warheadstorage_main.p3d:geometryView
 2:57:00.860 Convex "component90" selection faces are less then 4 in dz\structures_sakhal\military\storage\warheadstorage_main.p3d:geometryView
 2:57:00.860 Convex "component91" selection faces are less then 4 in dz\structures_sakhal\military\storage\warheadstorage_main.p3d:geometryView
 2:57:00.860 Convex "component92" selection faces are less then 4 in dz\structures_sakhal\military\storage\warheadstorage_main.p3d:geometryView
 2:57:00.860 Convex "component93" selection faces are less then 4 in dz\structures_sakhal\military\storage\warheadstorage_main.p3d:geometryView
 2:57:00.860 Convex "component94" selection faces are less then 4 in dz\structures_sakhal\military\storage\warheadstorage_main.p3d:geometryView
 2:57:00.860 Convex "component95" selection faces are less then 4 in dz\structures_sakhal\military\storage\warheadstorage_main.p3d:geometryView
 2:57:00.860 Convex "component96" selection faces are less then 4 in dz\structures_sakhal\military\storage\warheadstorage_main.p3d:geometryView
 2:57:00.860 Convex "component97" selection faces are less then 4 in dz\structures_sakhal\military\storage\warheadstorage_main.p3d:geometryView
 2:57:00.860 Convex "component98" selection faces are less then 4 in dz\structures_sakhal\military\storage\warheadstorage_main.p3d:geometryView
 2:57:00.860 Convex "component99" selection faces are less then 4 in dz\structures_sakhal\military\storage\warheadstorage_main.p3d:geometryView
 2:57:00.860 Convex "component100" selection faces are less then 4 in dz\structures_sakhal\military\storage\warheadstorage_main.p3d:geometryView
 2:57:00.860 Convex "component101" selection faces are less then 4 in dz\structures_sakhal\military\storage\warheadstorage_main.p3d:geometryView
 2:57:00.860 Convex "component102" selection faces are less then 4 in dz\structures_sakhal\military\storage\warheadstorage_main.p3d:geometryView
 2:57:00.860 Convex "component103" selection faces are less then 4 in dz\structures_sakhal\military\storage\warheadstorage_main.p3d:geometryView
 2:57:00.860 Convex "component104" selection faces are less then 4 in dz\structures_sakhal\military\storage\warheadstorage_main.p3d:geometryView
 2:57:00.860 Convex "component105" selection faces are less then 4 in dz\structures_sakhal\military\storage\warheadstorage_main.p3d:geometryView
 2:57:00.860 Convex "component106" selection faces are less then 4 in dz\structures_sakhal\military\storage\warheadstorage_main.p3d:geometryView
 2:57:00.860 Convex "component107" selection faces are less then 4 in dz\structures_sakhal\military\storage\warheadstorage_main.p3d:geometryView
 2:57:00.860 Convex "component108" selection faces are less then 4 in dz\structures_sakhal\military\storage\warheadstorage_main.p3d:geometryView
 2:57:00.860 Convex "component109" selection faces are less then 4 in dz\structures_sakhal\military\storage\warheadstorage_main.p3d:geometryView
 2:57:00.860 Convex "component110" selection faces are less then 4 in dz\structures_sakhal\military\storage\warheadstorage_main.p3d:geometryView
 2:57:00.860 Convex "component111" selection faces are less then 4 in dz\structures_sakhal\military\storage\warheadstorage_main.p3d:geometryView
 2:57:00.860 Convex "component112" selection faces are less then 4 in dz\structures_sakhal\military\storage\warheadstorage_main.p3d:geometryView
 2:57:00.860 Convex "component113" selection faces are less then 4 in dz\structures_sakhal\military\storage\warheadstorage_main.p3d:geometryView
 2:57:00.860 Convex "component114" selection faces are less then 4 in dz\structures_sakhal\military\storage\warheadstorage_main.p3d:geometryView
 2:57:00.860 Convex "component115" selection faces are less then 4 in dz\structures_sakhal\military\storage\warheadstorage_main.p3d:geometryView
 2:57:00.860 Convex "component116" selection faces are less then 4 in dz\structures_sakhal\military\storage\warheadstorage_main.p3d:geometryView
 2:57:00.860 Convex "component117" selection faces are less then 4 in dz\structures_sakhal\military\storage\warheadstorage_main.p3d:geometryView
 2:57:00.860 Convex "component118" selection faces are less then 4 in dz\structures_sakhal\military\storage\warheadstorage_main.p3d:geometryView
 2:57:00.860 Convex "component119" selection faces are less then 4 in dz\structures_sakhal\military\storage\warheadstorage_main.p3d:geometryView
 2:57:00.860 Convex "component120" selection faces are less then 4 in dz\structures_sakhal\military\storage\warheadstorage_main.p3d:geometryView
 2:57:00.860 Convex "component121" selection faces are less then 4 in dz\structures_sakhal\military\storage\warheadstorage_main.p3d:geometryView
 2:57:00.860 Convex "component122" selection faces are less then 4 in dz\structures_sakhal\military\storage\warheadstorage_main.p3d:geometryView
 2:57:00.860 Convex "component123" selection faces are less then 4 in dz\structures_sakhal\military\storage\warheadstorage_main.p3d:geometryView
 2:57:00.860 Convex "component124" selection faces are less then 4 in dz\structures_sakhal\military\storage\warheadstorage_main.p3d:geometryView
 2:57:00.860 Convex "component125" selection faces are less then 4 in dz\structures_sakhal\military\storage\warheadstorage_main.p3d:geometryView
 2:57:00.860 Convex "component126" selection faces are less then 4 in dz\structures_sakhal\military\storage\warheadstorage_main.p3d:geometryView
 2:57:00.860 Convex "component127" selection faces are less then 4 in dz\structures_sakhal\military\storage\warheadstorage_main.p3d:geometryView
 2:57:00.860 Convex "component128" selection faces are less then 4 in dz\structures_sakhal\military\storage\warheadstorage_main.p3d:geometryView
 2:57:00.860 Convex "component129" selection faces are less then 4 in dz\structures_sakhal\military\storage\warheadstorage_main.p3d:geometryView
 2:57:00.860 Convex "component130" selection faces are less then 4 in dz\structures_sakhal\military\storage\warheadstorage_main.p3d:geometryView
 2:57:00.860 Convex "component131" selection faces are less then 4 in dz\structures_sakhal\military\storage\warheadstorage_main.p3d:geometryView
 2:57:00.860 Convex "component132" selection faces are less then 4 in dz\structures_sakhal\military\storage\warheadstorage_main.p3d:geometryView
 2:57:00.860 Convex "component133" selection faces are less then 4 in dz\structures_sakhal\military\storage\warheadstorage_main.p3d:geometryView
 2:57:00.860 Convex "component134" selection faces are less then 4 in dz\structures_sakhal\military\storage\warheadstorage_main.p3d:geometryView
 2:57:00.860 Convex "component135" selection faces are less then 4 in dz\structures_sakhal\military\storage\warheadstorage_main.p3d:geometryView
 2:57:00.860 Convex "component136" selection faces are less then 4 in dz\structures_sakhal\military\storage\warheadstorage_main.p3d:geometryView
 2:57:00.860 Convex "component137" selection faces are less then 4 in dz\structures_sakhal\military\storage\warheadstorage_main.p3d:geometryView
 2:57:00.860 Convex "component138" selection faces are less then 4 in dz\structures_sakhal\military\storage\warheadstorage_main.p3d:geometryView
 2:57:00.860 Convex "component139" selection faces are less then 4 in dz\structures_sakhal\military\storage\warheadstorage_main.p3d:geometryView
 2:57:00.860 Convex "component140" selection faces are less then 4 in dz\structures_sakhal\military\storage\warheadstorage_main.p3d:geometryView
 2:57:00.860 Convex "component141" selection faces are less then 4 in dz\structures_sakhal\military\storage\warheadstorage_main.p3d:geometryView
 2:57:00.860 Convex "component142" selection faces are less then 4 in dz\structures_sakhal\military\storage\warheadstorage_main.p3d:geometryView
 2:57:00.860 Convex "component143" selection faces are less then 4 in dz\structures_sakhal\military\storage\warheadstorage_main.p3d:geometryView
 2:57:00.860 Convex "component144" selection faces are less then 4 in dz\structures_sakhal\military\storage\warheadstorage_main.p3d:geometryView
 2:57:00.860 Convex "component145" selection faces are less then 4 in dz\structures_sakhal\military\storage\warheadstorage_main.p3d:geometryView
 2:57:00.860 Convex "component146" selection faces are less then 4 in dz\structures_sakhal\military\storage\warheadstorage_main.p3d:geometryView
 2:57:00.860 Convex "component147" selection faces are less then 4 in dz\structures_sakhal\military\storage\warheadstorage_main.p3d:geometryView
 2:57:00.860 Convex "component148" selection faces are less then 4 in dz\structures_sakhal\military\storage\warheadstorage_main.p3d:geometryView
 2:57:00.860 Convex "component149" selection faces are less then 4 in dz\structures_sakhal\military\storage\warheadstorage_main.p3d:geometryView
 2:57:00.860 Convex "component150" selection faces are less then 4 in dz\structures_sakhal\military\storage\warheadstorage_main.p3d:geometryView
 2:57:00.860 Convex "component151" selection faces are less then 4 in dz\structures_sakhal\military\storage\warheadstorage_main.p3d:geometryView
 2:57:00.860 Convex "component152" selection faces are less then 4 in dz\structures_sakhal\military\storage\warheadstorage_main.p3d:geometryView
 2:57:00.860 Convex "component153" selection faces are less then 4 in dz\structures_sakhal\military\storage\warheadstorage_main.p3d:geometryView
 2:57:00.860 Convex "component154" selection faces are less then 4 in dz\structures_sakhal\military\storage\warheadstorage_main.p3d:geometryView
 2:57:00.860 Convex "component155" selection faces are less then 4 in dz\structures_sakhal\military\storage\warheadstorage_main.p3d:geometryView
 2:57:00.860 Convex "component156" selection faces are less then 4 in dz\structures_sakhal\military\storage\warheadstorage_main.p3d:geometryView
 2:57:00.860 Convex "component157" selection faces are less then 4 in dz\structures_sakhal\military\storage\warheadstorage_main.p3d:geometryView
 2:57:00.860 Convex "component158" selection faces are less then 4 in dz\structures_sakhal\military\storage\warheadstorage_main.p3d:geometryView
 2:57:00.860 Convex "component159" selection faces are less then 4 in dz\structures_sakhal\military\storage\warheadstorage_main.p3d:geometryView
 2:57:00.860 Convex "component160" selection faces are less then 4 in dz\structures_sakhal\military\storage\warheadstorage_main.p3d:geometryView
 2:57:00.860 Convex "component161" selection faces are less then 4 in dz\structures_sakhal\military\storage\warheadstorage_main.p3d:geometryView
 2:57:00.860 Convex "component162" selection faces are less then 4 in dz\structures_sakhal\military\storage\warheadstorage_main.p3d:geometryView
 2:57:00.873 PerfWarning: Way too much components (560) in dz\structures_sakhal\military\storage\warheadstorage_powerstation.p3d:geometryFire
 2:57:00.874 Convex "component04" selection faces are less then 4 in dz\structures_sakhal\military\storage\warheadstorage_powerstation_generator.p3d:geometryFire
 2:57:00.886 Convex "component421" selection faces are less then 4 in dz\structures_sakhal\military\storage\warheadstorage_bunker_facility.p3d:geometryFire
 2:57:00.888 Convex "component808" selection faces are less then 4 in dz\structures_sakhal\military\storage\warheadstorage_bunker_facility.p3d:geometryFire
 2:57:00.888 Convex "component809" selection faces are less then 4 in dz\structures_sakhal\military\storage\warheadstorage_bunker_facility.p3d:geometryFire
 2:57:00.888 Convex "component823" selection faces are less then 4 in dz\structures_sakhal\military\storage\warheadstorage_bunker_facility.p3d:geometryFire
 2:57:00.888 PerfWarning: Way too much components (1061) in dz\structures_sakhal\military\storage\warheadstorage_bunker_facility.p3d:geometryFire
 2:57:00.889 Convex "component122" selection faces are less then 4 in dz\structures_sakhal\military\storage\warheadstorage_bunker_facility.p3d:geometryView
 2:57:00.889 Convex "component123" selection faces are less then 4 in dz\structures_sakhal\military\storage\warheadstorage_bunker_facility.p3d:geometryView
 2:57:00.889 Convex "component124" selection faces are less then 4 in dz\structures_sakhal\military\storage\warheadstorage_bunker_facility.p3d:geometryView
 2:57:00.889 Convex "component125" selection faces are less then 4 in dz\structures_sakhal\military\storage\warheadstorage_bunker_facility.p3d:geometryView
 2:57:00.899 PerfWarning: Way too much components (1590) in dz\structures_sakhal\military\tisy\tisy_bighangar_a.p3d:geometryFire
 2:57:00.907 PerfWarning: Way too much components (1395) in dz\structures_sakhal\military\tisy\tisy_bighangar_b.p3d:geometryFire
 2:57:00.910 Convex "component38" selection faces are less then 4 in dz\structures_sakhal\military\tisy\tisy_garages3.p3d:geometry
 2:57:00.910 Convex "component180" selection faces are less then 4 in dz\structures_sakhal\military\tisy\tisy_garages3.p3d:geometryFire
 2:57:00.910 Convex "component36" selection faces are less then 4 in dz\structures_sakhal\military\tisy\tisy_garages3.p3d:geometryView
 2:57:00.918 Convex "component202" selection faces are less then 4 in dz\structures_sakhal\military\tisy\tisy_launchcontrol.p3d:geometry
 2:57:00.920 Convex "component775" selection faces are less then 4 in dz\structures_sakhal\military\tisy\tisy_launchcontrol.p3d:geometryFire
 2:57:00.920 PerfWarning: Way too much components (918) in dz\structures_sakhal\military\tisy\tisy_launchcontrol.p3d:geometryFire
 2:57:00.938 Convex "component81" selection faces are less then 4 in dz\structures_sakhal\residential\houses\house_1w02_blue.p3d:geometry
 2:57:00.940 Convex "component78" selection faces are less then 4 in dz\structures_sakhal\residential\houses\house_1w02_blue.p3d:geometryView
 2:57:00.949 Convex "component40" selection faces are less then 4 in dz\structures_sakhal\residential\houses\house_1w04_yellow.p3d:geometry
 2:57:00.949 Convex "component03" selection faces are less then 4 in dz\structures_sakhal\residential\houses\house_1w04_yellow.p3d:geometryView
 2:57:00.949 Convex "component04" selection faces are less then 4 in dz\structures_sakhal\residential\houses\house_1w04_yellow.p3d:geometryView
 2:57:00.949 Convex "component28" selection faces are less then 4 in dz\structures_sakhal\residential\houses\house_1w04_yellow.p3d:geometryView
 2:57:00.953 Convex "component67" selection faces are less then 4 in dz\structures_sakhal\residential\houses\house_1w06_blue.p3d:geometry
 2:57:00.953 Convex "component68" selection faces are less then 4 in dz\structures_sakhal\residential\houses\house_1w06_blue.p3d:geometry
 2:57:00.953 Convex "component69" selection faces are less then 4 in dz\structures_sakhal\residential\houses\house_1w06_blue.p3d:geometry
 2:57:00.953 Convex "component70" selection faces are less then 4 in dz\structures_sakhal\residential\houses\house_1w06_blue.p3d:geometry
 2:57:00.953 Convex "component71" selection faces are less then 4 in dz\structures_sakhal\residential\houses\house_1w06_blue.p3d:geometry
 2:57:00.953 Convex "component72" selection faces are less then 4 in dz\structures_sakhal\residential\houses\house_1w06_blue.p3d:geometry
 2:57:00.953 Convex "component73" selection faces are less then 4 in dz\structures_sakhal\residential\houses\house_1w06_blue.p3d:geometry
 2:57:00.953 Convex "component74" selection faces are less then 4 in dz\structures_sakhal\residential\houses\house_1w06_blue.p3d:geometry
 2:57:00.953 Convex "component75" selection faces are less then 4 in dz\structures_sakhal\residential\houses\house_1w06_blue.p3d:geometry
 2:57:00.953 Convex "component76" selection faces are less then 4 in dz\structures_sakhal\residential\houses\house_1w06_blue.p3d:geometry
 2:57:00.953 Convex "component77" selection faces are less then 4 in dz\structures_sakhal\residential\houses\house_1w06_blue.p3d:geometry
 2:57:00.963 Convex "component93" selection faces are less then 4 in dz\structures_sakhal\residential\houses\house_1w08_blue.p3d:geometry
 2:57:00.965 Convex "component117" selection faces are less then 4 in dz\structures_sakhal\residential\houses\house_1w08_blue.p3d:geometryView
 2:57:00.965 Convex "component120" selection faces are less then 4 in dz\structures_sakhal\residential\houses\house_1w08_blue.p3d:geometryView
 2:57:00.969 Convex "component34" selection faces are less then 4 in dz\structures_sakhal\residential\houses\house_1w11_blue.p3d:geometry
 2:57:01.00  Convex "component517" selection faces are less then 4 in dz\structures_sakhal\residential\houses\house_1w14_dam.p3d:geometryFire
 2:57:01.00  PerfWarning: Way too much components (554) in dz\structures_sakhal\residential\houses\house_1w14_dam.p3d:geometryFire
 2:57:01.06  Convex "component516" selection faces are less then 4 in dz\structures_sakhal\residential\houses\house_1w14_dam_snow.p3d:geometryFire
 2:57:01.06  PerfWarning: Way too much components (541) in dz\structures_sakhal\residential\houses\house_1w14_dam_snow.p3d:geometryFire
 2:57:01.24  PerfWarning: Way too much components (677) in dz\structures_sakhal\residential\medical\city_hospital_east.p3d:geometryFire
 2:57:01.34  PerfWarning: Way too much components (859) in dz\structures_sakhal\residential\medical\village_healthcare_east.p3d:geometryFire
 2:57:01.37  Warning: No components in dz\structures_sakhal\residential\misc\outsidethermometer.p3d:geometry
 2:57:01.37  Warning: No components in dz\structures_sakhal\residential\misc\outsidethermometer_1.p3d:geometry
 2:57:01.37  Warning: No components in dz\structures_sakhal\residential\misc\outsidethermometer_2.p3d:geometry
 2:57:01.38  Warning: No components in dz\structures_sakhal\residential\misc\outsidethermometer_2_wall.p3d:geometry
 2:57:01.49  PerfWarning: Way too much components (742) in dz\structures_sakhal\residential\police\village_policestation_east.p3d:geometryFire
 2:57:01.73  PerfWarning: Way too much components (777) in dz\structures_sakhal\residential\schools\city_school_east.p3d:geometryFire
 2:57:01.89  PerfWarning: Way too much components (660) in dz\structures_sakhal\residential\tenements\tenement_medium.p3d:geometryFire
 2:57:01.105 Convex "component1390" selection faces are less then 4 in dz\structures_sakhal\residential\tenements\tenement_small_brick.p3d:geometryFire
 2:57:01.105 Convex "component1391" selection faces are less then 4 in dz\structures_sakhal\residential\tenements\tenement_small_brick.p3d:geometryFire
 2:57:01.105 Convex "component1392" selection faces are less then 4 in dz\structures_sakhal\residential\tenements\tenement_small_brick.p3d:geometryFire
 2:57:01.105 Convex "component1393" selection faces are less then 4 in dz\structures_sakhal\residential\tenements\tenement_small_brick.p3d:geometryFire
 2:57:01.105 Convex "component1394" selection faces are less then 4 in dz\structures_sakhal\residential\tenements\tenement_small_brick.p3d:geometryFire
 2:57:01.105 Convex "component1395" selection faces are less then 4 in dz\structures_sakhal\residential\tenements\tenement_small_brick.p3d:geometryFire
 2:57:01.105 Convex "component1396" selection faces are less then 4 in dz\structures_sakhal\residential\tenements\tenement_small_brick.p3d:geometryFire
 2:57:01.105 Convex "component1397" selection faces are less then 4 in dz\structures_sakhal\residential\tenements\tenement_small_brick.p3d:geometryFire
 2:57:01.105 Convex "component1398" selection faces are less then 4 in dz\structures_sakhal\residential\tenements\tenement_small_brick.p3d:geometryFire
 2:57:01.105 Convex "component1399" selection faces are less then 4 in dz\structures_sakhal\residential\tenements\tenement_small_brick.p3d:geometryFire
 2:57:01.105 Convex "component1400" selection faces are less then 4 in dz\structures_sakhal\residential\tenements\tenement_small_brick.p3d:geometryFire
 2:57:01.105 Convex "component1401" selection faces are less then 4 in dz\structures_sakhal\residential\tenements\tenement_small_brick.p3d:geometryFire
 2:57:01.105 Convex "component1402" selection faces are less then 4 in dz\structures_sakhal\residential\tenements\tenement_small_brick.p3d:geometryFire
 2:57:01.105 Convex "component1403" selection faces are less then 4 in dz\structures_sakhal\residential\tenements\tenement_small_brick.p3d:geometryFire
 2:57:01.105 Convex "component1404" selection faces are less then 4 in dz\structures_sakhal\residential\tenements\tenement_small_brick.p3d:geometryFire
 2:57:01.105 Convex "component1405" selection faces are less then 4 in dz\structures_sakhal\residential\tenements\tenement_small_brick.p3d:geometryFire
 2:57:01.105 Convex "component1406" selection faces are less then 4 in dz\structures_sakhal\residential\tenements\tenement_small_brick.p3d:geometryFire
 2:57:01.105 Convex "component1407" selection faces are less then 4 in dz\structures_sakhal\residential\tenements\tenement_small_brick.p3d:geometryFire
 2:57:01.106 Convex "component1408" selection faces are less then 4 in dz\structures_sakhal\residential\tenements\tenement_small_brick.p3d:geometryFire
 2:57:01.106 Convex "component1409" selection faces are less then 4 in dz\structures_sakhal\residential\tenements\tenement_small_brick.p3d:geometryFire
 2:57:01.106 Convex "component1410" selection faces are less then 4 in dz\structures_sakhal\residential\tenements\tenement_small_brick.p3d:geometryFire
 2:57:01.106 Convex "component1411" selection faces are less then 4 in dz\structures_sakhal\residential\tenements\tenement_small_brick.p3d:geometryFire
 2:57:01.106 Convex "component1412" selection faces are less then 4 in dz\structures_sakhal\residential\tenements\tenement_small_brick.p3d:geometryFire
 2:57:01.106 Convex "component1413" selection faces are less then 4 in dz\structures_sakhal\residential\tenements\tenement_small_brick.p3d:geometryFire
 2:57:01.106 Convex "component1414" selection faces are less then 4 in dz\structures_sakhal\residential\tenements\tenement_small_brick.p3d:geometryFire
 2:57:01.106 Convex "component1415" selection faces are less then 4 in dz\structures_sakhal\residential\tenements\tenement_small_brick.p3d:geometryFire
 2:57:01.106 Convex "component1416" selection faces are less then 4 in dz\structures_sakhal\residential\tenements\tenement_small_brick.p3d:geometryFire
 2:57:01.106 Convex "component1417" selection faces are less then 4 in dz\structures_sakhal\residential\tenements\tenement_small_brick.p3d:geometryFire
 2:57:01.106 Convex "component1418" selection faces are less then 4 in dz\structures_sakhal\residential\tenements\tenement_small_brick.p3d:geometryFire
 2:57:01.106 Convex "component1419" selection faces are less then 4 in dz\structures_sakhal\residential\tenements\tenement_small_brick.p3d:geometryFire
 2:57:01.106 Convex "component1420" selection faces are less then 4 in dz\structures_sakhal\residential\tenements\tenement_small_brick.p3d:geometryFire
 2:57:01.106 Convex "component1421" selection faces are less then 4 in dz\structures_sakhal\residential\tenements\tenement_small_brick.p3d:geometryFire
 2:57:01.106 Convex "component1422" selection faces are less then 4 in dz\structures_sakhal\residential\tenements\tenement_small_brick.p3d:geometryFire
 2:57:01.106 Convex "component1423" selection faces are less then 4 in dz\structures_sakhal\residential\tenements\tenement_small_brick.p3d:geometryFire
 2:57:01.106 Convex "component1424" selection faces are less then 4 in dz\structures_sakhal\residential\tenements\tenement_small_brick.p3d:geometryFire
 2:57:01.106 Convex "component1425" selection faces are less then 4 in dz\structures_sakhal\residential\tenements\tenement_small_brick.p3d:geometryFire
 2:57:01.106 Convex "component1426" selection faces are less then 4 in dz\structures_sakhal\residential\tenements\tenement_small_brick.p3d:geometryFire
 2:57:01.106 Convex "component1427" selection faces are less then 4 in dz\structures_sakhal\residential\tenements\tenement_small_brick.p3d:geometryFire
 2:57:01.106 Convex "component1428" selection faces are less then 4 in dz\structures_sakhal\residential\tenements\tenement_small_brick.p3d:geometryFire
 2:57:01.106 Convex "component1429" selection faces are less then 4 in dz\structures_sakhal\residential\tenements\tenement_small_brick.p3d:geometryFire
 2:57:01.106 Convex "component1430" selection faces are less then 4 in dz\structures_sakhal\residential\tenements\tenement_small_brick.p3d:geometryFire
 2:57:01.106 Convex "component1431" selection faces are less then 4 in dz\structures_sakhal\residential\tenements\tenement_small_brick.p3d:geometryFire
 2:57:01.106 Convex "component1432" selection faces are less then 4 in dz\structures_sakhal\residential\tenements\tenement_small_brick.p3d:geometryFire
 2:57:01.106 Convex "component1433" selection faces are less then 4 in dz\structures_sakhal\residential\tenements\tenement_small_brick.p3d:geometryFire
 2:57:01.106 Convex "component1434" selection faces are less then 4 in dz\structures_sakhal\residential\tenements\tenement_small_brick.p3d:geometryFire
 2:57:01.106 Convex "component1435" selection faces are less then 4 in dz\structures_sakhal\residential\tenements\tenement_small_brick.p3d:geometryFire
 2:57:01.106 Convex "component1436" selection faces are less then 4 in dz\structures_sakhal\residential\tenements\tenement_small_brick.p3d:geometryFire
 2:57:01.106 Convex "component1437" selection faces are less then 4 in dz\structures_sakhal\residential\tenements\tenement_small_brick.p3d:geometryFire
 2:57:01.106 Convex "component1438" selection faces are less then 4 in dz\structures_sakhal\residential\tenements\tenement_small_brick.p3d:geometryFire
 2:57:01.106 Convex "component1439" selection faces are less then 4 in dz\structures_sakhal\residential\tenements\tenement_small_brick.p3d:geometryFire
 2:57:01.106 Convex "component1440" selection faces are less then 4 in dz\structures_sakhal\residential\tenements\tenement_small_brick.p3d:geometryFire
 2:57:01.106 Convex "component1441" selection faces are less then 4 in dz\structures_sakhal\residential\tenements\tenement_small_brick.p3d:geometryFire
 2:57:01.106 Convex "component1442" selection faces are less then 4 in dz\structures_sakhal\residential\tenements\tenement_small_brick.p3d:geometryFire
 2:57:01.106 Convex "component1443" selection faces are less then 4 in dz\structures_sakhal\residential\tenements\tenement_small_brick.p3d:geometryFire
 2:57:01.106 Convex "component1444" selection faces are less then 4 in dz\structures_sakhal\residential\tenements\tenement_small_brick.p3d:geometryFire
 2:57:01.106 Convex "component1445" selection faces are less then 4 in dz\structures_sakhal\residential\tenements\tenement_small_brick.p3d:geometryFire
 2:57:01.106 Convex "component1446" selection faces are less then 4 in dz\structures_sakhal\residential\tenements\tenement_small_brick.p3d:geometryFire
 2:57:01.106 Convex "component1447" selection faces are less then 4 in dz\structures_sakhal\residential\tenements\tenement_small_brick.p3d:geometryFire
 2:57:01.106 Convex "component1448" selection faces are less then 4 in dz\structures_sakhal\residential\tenements\tenement_small_brick.p3d:geometryFire
 2:57:01.106 Convex "component1449" selection faces are less then 4 in dz\structures_sakhal\residential\tenements\tenement_small_brick.p3d:geometryFire
 2:57:01.106 Convex "component1450" selection faces are less then 4 in dz\structures_sakhal\residential\tenements\tenement_small_brick.p3d:geometryFire
 2:57:01.106 Convex "component1451" selection faces are less then 4 in dz\structures_sakhal\residential\tenements\tenement_small_brick.p3d:geometryFire
 2:57:01.106 Convex "component1452" selection faces are less then 4 in dz\structures_sakhal\residential\tenements\tenement_small_brick.p3d:geometryFire
 2:57:01.106 Convex "component1453" selection faces are less then 4 in dz\structures_sakhal\residential\tenements\tenement_small_brick.p3d:geometryFire
 2:57:01.106 Convex "component1454" selection faces are less then 4 in dz\structures_sakhal\residential\tenements\tenement_small_brick.p3d:geometryFire
 2:57:01.106 Convex "component1455" selection faces are less then 4 in dz\structures_sakhal\residential\tenements\tenement_small_brick.p3d:geometryFire
 2:57:01.106 Convex "component1456" selection faces are less then 4 in dz\structures_sakhal\residential\tenements\tenement_small_brick.p3d:geometryFire
 2:57:01.106 Convex "component1457" selection faces are less then 4 in dz\structures_sakhal\residential\tenements\tenement_small_brick.p3d:geometryFire
 2:57:01.106 Convex "component1458" selection faces are less then 4 in dz\structures_sakhal\residential\tenements\tenement_small_brick.p3d:geometryFire
 2:57:01.106 Convex "component1459" selection faces are less then 4 in dz\structures_sakhal\residential\tenements\tenement_small_brick.p3d:geometryFire
 2:57:01.106 Convex "component1460" selection faces are less then 4 in dz\structures_sakhal\residential\tenements\tenement_small_brick.p3d:geometryFire
 2:57:01.106 Convex "component1461" selection faces are less then 4 in dz\structures_sakhal\residential\tenements\tenement_small_brick.p3d:geometryFire
 2:57:01.106 Convex "component1462" selection faces are less then 4 in dz\structures_sakhal\residential\tenements\tenement_small_brick.p3d:geometryFire
 2:57:01.106 Convex "component1463" selection faces are less then 4 in dz\structures_sakhal\residential\tenements\tenement_small_brick.p3d:geometryFire
 2:57:01.106 Convex "component1464" selection faces are less then 4 in dz\structures_sakhal\residential\tenements\tenement_small_brick.p3d:geometryFire
 2:57:01.106 Convex "component1465" selection faces are less then 4 in dz\structures_sakhal\residential\tenements\tenement_small_brick.p3d:geometryFire
 2:57:01.106 Convex "component1466" selection faces are less then 4 in dz\structures_sakhal\residential\tenements\tenement_small_brick.p3d:geometryFire
 2:57:01.106 Convex "component1467" selection faces are less then 4 in dz\structures_sakhal\residential\tenements\tenement_small_brick.p3d:geometryFire
 2:57:01.106 Convex "component1468" selection faces are less then 4 in dz\structures_sakhal\residential\tenements\tenement_small_brick.p3d:geometryFire
 2:57:01.106 Convex "component1469" selection faces are less then 4 in dz\structures_sakhal\residential\tenements\tenement_small_brick.p3d:geometryFire
 2:57:01.106 Convex "component1470" selection faces are less then 4 in dz\structures_sakhal\residential\tenements\tenement_small_brick.p3d:geometryFire
 2:57:01.106 Convex "component1471" selection faces are less then 4 in dz\structures_sakhal\residential\tenements\tenement_small_brick.p3d:geometryFire
 2:57:01.106 Convex "component1472" selection faces are less then 4 in dz\structures_sakhal\residential\tenements\tenement_small_brick.p3d:geometryFire
 2:57:01.106 Convex "component1473" selection faces are less then 4 in dz\structures_sakhal\residential\tenements\tenement_small_brick.p3d:geometryFire
 2:57:01.106 Convex "component1474" selection faces are less then 4 in dz\structures_sakhal\residential\tenements\tenement_small_brick.p3d:geometryFire
 2:57:01.106 Convex "component1475" selection faces are less then 4 in dz\structures_sakhal\residential\tenements\tenement_small_brick.p3d:geometryFire
 2:57:01.106 Convex "component1476" selection faces are less then 4 in dz\structures_sakhal\residential\tenements\tenement_small_brick.p3d:geometryFire
 2:57:01.106 Convex "component1477" selection faces are less then 4 in dz\structures_sakhal\residential\tenements\tenement_small_brick.p3d:geometryFire
 2:57:01.106 Convex "component1478" selection faces are less then 4 in dz\structures_sakhal\residential\tenements\tenement_small_brick.p3d:geometryFire
 2:57:01.106 Convex "component1479" selection faces are less then 4 in dz\structures_sakhal\residential\tenements\tenement_small_brick.p3d:geometryFire
 2:57:01.106 Convex "component1480" selection faces are less then 4 in dz\structures_sakhal\residential\tenements\tenement_small_brick.p3d:geometryFire
 2:57:01.106 Convex "component1481" selection faces are less then 4 in dz\structures_sakhal\residential\tenements\tenement_small_brick.p3d:geometryFire
 2:57:01.106 Convex "component1482" selection faces are less then 4 in dz\structures_sakhal\residential\tenements\tenement_small_brick.p3d:geometryFire
 2:57:01.106 Convex "component1483" selection faces are less then 4 in dz\structures_sakhal\residential\tenements\tenement_small_brick.p3d:geometryFire
 2:57:01.106 Convex "component1484" selection faces are less then 4 in dz\structures_sakhal\residential\tenements\tenement_small_brick.p3d:geometryFire
 2:57:01.106 Convex "component1485" selection faces are less then 4 in dz\structures_sakhal\residential\tenements\tenement_small_brick.p3d:geometryFire
 2:57:01.106 Convex "component1486" selection faces are less then 4 in dz\structures_sakhal\residential\tenements\tenement_small_brick.p3d:geometryFire
 2:57:01.106 Convex "component1487" selection faces are less then 4 in dz\structures_sakhal\residential\tenements\tenement_small_brick.p3d:geometryFire
 2:57:01.106 Convex "component1488" selection faces are less then 4 in dz\structures_sakhal\residential\tenements\tenement_small_brick.p3d:geometryFire
 2:57:01.106 Convex "component1489" selection faces are less then 4 in dz\structures_sakhal\residential\tenements\tenement_small_brick.p3d:geometryFire
 2:57:01.106 Convex "component1490" selection faces are less then 4 in dz\structures_sakhal\residential\tenements\tenement_small_brick.p3d:geometryFire
 2:57:01.106 PerfWarning: Way too much components (1437) in dz\structures_sakhal\residential\tenements\tenement_small_brick.p3d:geometryFire
 2:57:01.121 PerfWarning: Way too much components (1442) in dz\structures_sakhal\residential\tenements\tenement_small_brown.p3d:geometryFire
 2:57:01.135 PerfWarning: Way too much components (1459) in dz\structures_sakhal\residential\tenements\tenement_small_yellow.p3d:geometryFire
 2:57:01.144 Warning: No components in dz\structures_sakhal\roads\decals\decal_caveinterior_square.p3d:geometry
 2:57:01.144 Warning: No components in dz\structures_sakhal\roads\decals\decal_crosswalk_east.p3d:geometry
 2:57:01.144 Warning: No components in dz\structures_sakhal\roads\decals\decal_sakhal_snow_01.p3d:geometry
 2:57:01.144 Warning: No components in dz\structures_sakhal\roads\decals\decal_sakhal_snow_01_nolc.p3d:geometry
 2:57:01.144 Warning: No components in dz\structures_sakhal\roads\decals\decal_sakhal_snow_02.p3d:geometry
 2:57:01.144 Warning: No components in dz\structures_sakhal\roads\decals\decal_sakhal_snow_02_nolc.p3d:geometry
 2:57:01.144 Warning: No components in dz\structures_sakhal\roads\decals\decal_sakhal_snow_03.p3d:geometry
 2:57:01.145 Warning: No components in dz\structures_sakhal\roads\decals\decal_sakhal_snow_03_nolc.p3d:geometry
 2:57:01.145 Warning: No components in dz\structures_sakhal\roads\decals\decal_sakhal_snow_05.p3d:geometry
 2:57:01.145 Warning: No components in dz\structures_sakhal\roads\decals\decal_sakhal_snow_05_nolc.p3d:geometry
 2:57:01.145 Warning: No components in dz\structures_sakhal\roads\decals\decal_sakhal_snow_06.p3d:geometry
 2:57:01.145 Warning: No components in dz\structures_sakhal\roads\decals\decal_sakhal_snow_06_nolc.p3d:geometry
 2:57:01.145 Warning: No components in dz\structures_sakhal\roads\decals\decal_sakhal_snow_long1.p3d:geometry
 2:57:01.145 Warning: No components in dz\structures_sakhal\roads\decals\decal_sakhal_snow_long1_nolc.p3d:geometry
 2:57:01.145 Warning: No components in dz\structures_sakhal\roads\parts\asf1sakhal_dashedline_0 2000.p3d:geometry
 2:57:01.145 Warning: No components in dz\structures_sakhal\roads\parts\asf1sakhal_dashedline_1 1000.p3d:geometry
 2:57:01.145 Warning: No components in dz\structures_sakhal\roads\parts\asf1sakhal_dashedline_6.p3d:geometry
 2:57:01.146 Warning: No components in dz\structures_sakhal\roads\parts\asf1sakhal_dashedline_6konec.p3d:geometry
 2:57:01.146 Warning: No components in dz\structures_sakhal\roads\parts\asf1sakhal_dashedline_7 100.p3d:geometry
 2:57:01.146 Warning: No components in dz\structures_sakhal\roads\parts\asf1sakhal_dashedline_10 25.p3d:geometry
 2:57:01.146 Warning: No components in dz\structures_sakhal\roads\parts\asf1sakhal_dashedline_10 50.p3d:geometry
 2:57:01.146 Warning: No components in dz\structures_sakhal\roads\parts\asf1sakhal_dashedline_10 75.p3d:geometry
 2:57:01.146 Warning: No components in dz\structures_sakhal\roads\parts\asf1sakhal_dashedline_10 100.p3d:geometry
 2:57:01.146 Warning: No components in dz\structures_sakhal\roads\parts\asf1sakhal_dashedline_12.p3d:geometry
 2:57:01.147 Warning: No components in dz\structures_sakhal\roads\parts\asf1sakhal_dashedline_30 25.p3d:geometry
 2:57:01.147 Warning: No components in dz\structures_sakhal\roads\parts\asf1sakhal_dashedline_60 10.p3d:geometry
 2:57:01.147 Warning: No components in dz\structures_sakhal\roads\parts\asf1sakhal_fullline_0 2000.p3d:geometry
 2:57:01.147 Warning: No components in dz\structures_sakhal\roads\parts\asf1sakhal_fullline_1 1000.p3d:geometry
 2:57:01.148 Warning: No components in dz\structures_sakhal\roads\parts\asf1sakhal_fullline_6.p3d:geometry
 2:57:01.148 Warning: No components in dz\structures_sakhal\roads\parts\asf1sakhal_fullline_6konec.p3d:geometry
 2:57:01.148 Warning: No components in dz\structures_sakhal\roads\parts\asf1sakhal_fullline_7 100.p3d:geometry
 2:57:01.149 Warning: No components in dz\structures_sakhal\roads\parts\asf1sakhal_fullline_10 25.p3d:geometry
 2:57:01.149 Warning: No components in dz\structures_sakhal\roads\parts\asf1sakhal_fullline_10 50.p3d:geometry
 2:57:01.149 Warning: No components in dz\structures_sakhal\roads\parts\asf1sakhal_fullline_10 75.p3d:geometry
 2:57:01.149 Warning: No components in dz\structures_sakhal\roads\parts\asf1sakhal_fullline_10 100.p3d:geometry
 2:57:01.149 Warning: No components in dz\structures_sakhal\roads\parts\asf1sakhal_fullline_12.p3d:geometry
 2:57:01.149 Warning: No components in dz\structures_sakhal\roads\parts\asf1sakhal_fullline_30 25.p3d:geometry
 2:57:01.149 Warning: No components in dz\structures_sakhal\roads\parts\asf1sakhal_fullline_60 10.p3d:geometry
 2:57:01.149 Warning: No components in dz\structures_sakhal\roads\parts\asf2sakhal_0 2000.p3d:geometry
 2:57:01.149 Warning: No components in dz\structures_sakhal\roads\parts\asf2sakhal_1 1000.p3d:geometry
 2:57:01.149 Warning: No components in dz\structures_sakhal\roads\parts\asf2sakhal_6.p3d:geometry
 2:57:01.150 Warning: No components in dz\structures_sakhal\roads\parts\asf2sakhal_6konec1.p3d:geometry
 2:57:01.150 Warning: No components in dz\structures_sakhal\roads\parts\asf2sakhal_6konec2.p3d:geometry
 2:57:01.150 Warning: No components in dz\structures_sakhal\roads\parts\asf2sakhal_7 100.p3d:geometry
 2:57:01.150 Warning: No components in dz\structures_sakhal\roads\parts\asf2sakhal_10 25.p3d:geometry
 2:57:01.150 Warning: No components in dz\structures_sakhal\roads\parts\asf2sakhal_10 50.p3d:geometry
 2:57:01.150 Warning: No components in dz\structures_sakhal\roads\parts\asf2sakhal_10 75.p3d:geometry
 2:57:01.150 Warning: No components in dz\structures_sakhal\roads\parts\asf2sakhal_10 100.p3d:geometry
 2:57:01.151 Warning: No components in dz\structures_sakhal\roads\parts\asf2sakhal_12.p3d:geometry
 2:57:01.151 Warning: No components in dz\structures_sakhal\roads\parts\asf2sakhal_30 25.p3d:geometry
 2:57:01.151 Warning: No components in dz\structures_sakhal\roads\parts\asf2sakhal_60 10.p3d:geometry
 2:57:01.151 Warning: No components in dz\structures_sakhal\roads\parts\asf3sakhal_0 2000.p3d:geometry
 2:57:01.151 Warning: No components in dz\structures_sakhal\roads\parts\asf3sakhal_1 1000.p3d:geometry
 2:57:01.152 Warning: No components in dz\structures_sakhal\roads\parts\asf3sakhal_6.p3d:geometry
 2:57:01.152 Warning: No components in dz\structures_sakhal\roads\parts\asf3sakhal_6konec.p3d:geometry
 2:57:01.152 Warning: No components in dz\structures_sakhal\roads\parts\asf3sakhal_7 100.p3d:geometry
 2:57:01.152 Warning: No components in dz\structures_sakhal\roads\parts\asf3sakhal_10 25.p3d:geometry
 2:57:01.152 Warning: No components in dz\structures_sakhal\roads\parts\asf3sakhal_10 50.p3d:geometry
 2:57:01.152 Warning: No components in dz\structures_sakhal\roads\parts\asf3sakhal_10 75.p3d:geometry
 2:57:01.152 Warning: No components in dz\structures_sakhal\roads\parts\asf3sakhal_10 100.p3d:geometry
 2:57:01.152 Warning: No components in dz\structures_sakhal\roads\parts\asf3sakhal_12.p3d:geometry
 2:57:01.153 Warning: No components in dz\structures_sakhal\roads\parts\asf3sakhal_30 25.p3d:geometry
 2:57:01.153 Warning: No components in dz\structures_sakhal\roads\parts\asf3sakhal_60 10.p3d:geometry
 2:57:01.153 Warning: No components in dz\structures_sakhal\roads\parts\gravsakhal_0 2000.p3d:geometry
 2:57:01.153 Warning: No components in dz\structures_sakhal\roads\parts\gravsakhal_1 1000.p3d:geometry
 2:57:01.153 Warning: No components in dz\structures_sakhal\roads\parts\gravsakhal_6.p3d:geometry
 2:57:01.153 Warning: No components in dz\structures_sakhal\roads\parts\gravsakhal_6konec.p3d:geometry
 2:57:01.154 Warning: No components in dz\structures_sakhal\roads\parts\gravsakhal_7 100.p3d:geometry
 2:57:01.154 Warning: No components in dz\structures_sakhal\roads\parts\gravsakhal_10 25.p3d:geometry
 2:57:01.154 Warning: No components in dz\structures_sakhal\roads\parts\gravsakhal_10 50.p3d:geometry
 2:57:01.155 Warning: No components in dz\structures_sakhal\roads\parts\gravsakhal_10 75.p3d:geometry
 2:57:01.155 Warning: No components in dz\structures_sakhal\roads\parts\gravsakhal_10 100.p3d:geometry
 2:57:01.155 Warning: No components in dz\structures_sakhal\roads\parts\gravsakhal_12.p3d:geometry
 2:57:01.155 Warning: No components in dz\structures_sakhal\roads\parts\gravsakhal_30 25.p3d:geometry
 2:57:01.155 Warning: No components in dz\structures_sakhal\roads\parts\gravsakhal_60 10.p3d:geometry
 2:57:01.155 Warning: No components in dz\structures_sakhal\roads\parts\mudsakhal_0 2000.p3d:geometry
 2:57:01.155 Warning: No components in dz\structures_sakhal\roads\parts\mudsakhal_1 1000.p3d:geometry
 2:57:01.155 Warning: No components in dz\structures_sakhal\roads\parts\mudsakhal_6.p3d:geometry
 2:57:01.155 Warning: No components in dz\structures_sakhal\roads\parts\mudsakhal_6konec.p3d:geometry
 2:57:01.155 Warning: No components in dz\structures_sakhal\roads\parts\mudsakhal_7 100.p3d:geometry
 2:57:01.155 Warning: No components in dz\structures_sakhal\roads\parts\mudsakhal_10 25.p3d:geometry
 2:57:01.155 Warning: No components in dz\structures_sakhal\roads\parts\mudsakhal_10 50.p3d:geometry
 2:57:01.156 Warning: No components in dz\structures_sakhal\roads\parts\mudsakhal_10 75.p3d:geometry
 2:57:01.156 Warning: No components in dz\structures_sakhal\roads\parts\mudsakhal_10 100.p3d:geometry
 2:57:01.156 Warning: No components in dz\structures_sakhal\roads\parts\mudsakhal_12.p3d:geometry
 2:57:01.156 Warning: No components in dz\structures_sakhal\roads\parts\mudsakhal_30 25.p3d:geometry
 2:57:01.156 Warning: No components in dz\structures_sakhal\roads\parts\mudsakhal_60 10.p3d:geometry
 2:57:01.156 Warning: No components in dz\structures_sakhal\roads\parts\quarrysakhal_0 2000.p3d:geometry
 2:57:01.156 Warning: No components in dz\structures_sakhal\roads\parts\quarrysakhal_1 1000.p3d:geometry
 2:57:01.157 Warning: No components in dz\structures_sakhal\roads\parts\quarrysakhal_6.p3d:geometry
 2:57:01.157 Warning: No components in dz\structures_sakhal\roads\parts\quarrysakhal_6konec.p3d:geometry
 2:57:01.157 Warning: No components in dz\structures_sakhal\roads\parts\quarrysakhal_7 100.p3d:geometry
 2:57:01.157 Warning: No components in dz\structures_sakhal\roads\parts\quarrysakhal_10 25.p3d:geometry
 2:57:01.157 Warning: No components in dz\structures_sakhal\roads\parts\quarrysakhal_10 50.p3d:geometry
 2:57:01.158 Warning: No components in dz\structures_sakhal\roads\parts\quarrysakhal_10 75.p3d:geometry
 2:57:01.158 Warning: No components in dz\structures_sakhal\roads\parts\quarrysakhal_10 100.p3d:geometry
 2:57:01.158 Warning: No components in dz\structures_sakhal\roads\parts\quarrysakhal_12.p3d:geometry
 2:57:01.158 Warning: No components in dz\structures_sakhal\roads\parts\quarrysakhal_30 25.p3d:geometry
 2:57:01.158 Warning: No components in dz\structures_sakhal\roads\parts\quarrysakhal_60 10.p3d:geometry
 2:57:01.166 Convex "component167" selection faces are less then 4 in dz\structures_sakhal\specific\airport\airport_small_hangar.p3d:geometryView
 2:57:01.175 PerfWarning: Way too much components (717) in dz\structures_sakhal\specific\airport\airport_small_main.p3d:geometryFire
 2:57:01.180 Convex "component233" selection faces are less then 4 in dz\structures_sakhal\specific\monuments\monument_bears.p3d:geometryFire
 2:57:01.198 PerfWarning: Way too much components (524) in dz\structures_sakhal\walls\wall_tin8_lowblue_8.p3d:geometryFire
 2:57:01.216 Convex "component20" selection faces are less then 4 in dz\structures_sakhal\wrecks\submarine_front.p3d:geometryFire
 2:57:01.216 Convex "component69" selection faces are less then 4 in dz\structures_sakhal\wrecks\submarine_front.p3d:geometryFire
 2:57:01.217 Convex "component32" selection faces are less then 4 in dz\structures_sakhal\wrecks\submarine_middle.p3d:geometryFire
 2:57:01.243 PerfWarning: Way too much components (1519) in dz\structures_sakhal\wrecks\ship_medium2.p3d:geometryFire
 2:57:01.255 PerfWarning: Way too much components (865) in dz\structures_sakhal\wrecks\static_mi8_civilian.p3d:geometryFire
 2:57:01.255 Convex "component143" selection faces are less then 4 in dz\structures_sakhal\wrecks\static_mi8_civilian.p3d:geometryView
 2:57:01.265 Warning: No components in dz\structures_sakhal\wrecks\patrolboat_military.p3d:geometry
 2:57:01.266 Convex "component76" selection faces are less then 4 in dz\structures_sakhal\wrecks\patrolboat_military.p3d:geometryFire
 2:57:01.268 Warning: No components in dz\vehicles\parts\brake_fluid.p3d:geometry
 2:57:01.268 Warning: No components in dz\vehicles\parts\brake_fluid.p3d:geometryView
 2:57:01.269 Warning: No components in dz\vehicles\parts\oil_bottle.p3d:geometry
 2:57:01.273 Convex "component06" selection faces are less then 4 in dz\vehicles\water\boat_01\boat_01.p3d:geometry
 2:57:01.273 Convex "component08" selection faces are less then 4 in dz\vehicles\water\boat_01\boat_01.p3d:geometry
 2:57:01.281 Warning: No components in dz\vehicles\wheeled\civiliansedan\proxy\sedanwheel_destroyed.p3d:geometry
 2:57:01.328 Warning: No components in dz\water\ponds\pond_50x50.p3d:geometry
 2:57:01.343 Warning: No components in dz\weapons\firearms\ots14\ots14_barrel.p3d:geometry
 2:57:01.343 Warning: No components in dz\weapons\firearms\ots14\ots14_barrel.p3d:geometryFire
 2:57:01.343 Warning: No components in dz\weapons\firearms\ots14\ots14_barrel.p3d:geometryView
 2:57:01.344 Warning: No components in dz\weapons\firearms\ots14\ots14_barrel_grip.p3d:geometry
 2:57:01.344 Warning: No components in dz\weapons\firearms\ots14\ots14_barrel_grip.p3d:geometryFire
 2:57:01.344 Warning: No components in dz\weapons\firearms\ots14\ots14_barrel_grip.p3d:geometryView
 2:57:01.345 Warning: No components in dz\weapons\firearms\ots14\ots14_silencer.p3d:geometry
 2:57:01.345 Warning: No components in dz\weapons\firearms\ots14\ots14_silencer.p3d:geometryFire
 2:57:01.345 Warning: No components in dz\weapons\firearms\ots14\ots14_silencer.p3d:geometryView
 2:57:01.346 Warning: No components in dz\weapons\attachments\optics\optic_buis.p3d:geometryFire
 2:57:01.357 Warning: No components in dz\weapons\attachments\optics\optic_hunting.p3d:geometry
 2:57:01.357 Warning: No components in dz\weapons\attachments\optics\optic_hunting.p3d:geometryView
 2:57:01.385 Warning: No components in dz\weapons\firearms\ots14\ots14_grip.p3d:geometry
 2:57:01.385 Warning: No components in dz\weapons\firearms\ots14\ots14_grip.p3d:geometryFire
 2:57:01.385 Warning: No components in dz\weapons\firearms\ots14\ots14_grip.p3d:geometryView
 2:57:01.392 Warning: No components in dz\weapons\firearms\aug\proxy\scope.p3d:geometry
 2:57:01.395 Warning: No components in dz\weapons\firearms\trumpet\trumpet_parts.p3d:geometry
 2:57:01.395 Warning: No components in dz\weapons\launchers\m79\proxy\dummyscope.p3d:geometry
 2:57:01.396 Warning: No components in dz\weapons\pistols\magnum\proxy\magnum_cylinder.p3d:geometry
 2:57:01.396 Warning: No components in dz\weapons\pistols\magnum\proxy\magnum_ejector.p3d:geometry
 2:57:01.404 Fresnel k must be >0, given n=1,k=0
 2:57:01.404 Fresnel k must be >0, given n=1,k=0
 2:57:01.407 Fresnel k must be >0, given n=1,k=0
 2:57:01.407 Fresnel k must be >0, given n=1,k=0
 2:57:01.407 Fresnel k must be >0, given n=1,k=0
 2:57:01.439 PerfWarning: Way too much components (627) in nst\ns2\build\a3\a3_chamber_collision.p3d:geometry
 2:57:01.441 PerfWarning: Way too much components (696) in nst\ns2\build\a3\a3_chamber_collision.p3d:geometryFire
 2:57:01.442 PerfWarning: Way too much components (661) in nst\ns2\build\a3\a3_chamber_collision.p3d:geometryView
 2:57:01.466 PerfWarning: Way too much components (538) in nst\ns2\build\a3\a3_tube_sec_bottom.p3d:geometryFire
 2:57:01.475 Convex "component194" selection faces are less then 4 in nst\ns2\build\a3\a3_tube_main_bottom.p3d:geometry
 2:57:01.475 Convex "component195" selection faces are less then 4 in nst\ns2\build\a3\a3_tube_main_bottom.p3d:geometry
 2:57:01.475 Convex "component196" selection faces are less then 4 in nst\ns2\build\a3\a3_tube_main_bottom.p3d:geometry
 2:57:01.475 PerfWarning: Way too much components (632) in nst\ns2\build\a3\a3_tube_main_bottom.p3d:geometry
 2:57:01.490 Fresnel k must be >0, given n=1,k=0
 2:57:01.490 Fresnel k must be >0, given n=1,k=0
 2:57:01.496 Fresnel k must be >0, given n=1,k=0
 2:57:01.499 Fresnel k must be >0, given n=1,k=0
 2:57:01.499 Fresnel k must be >0, given n=1,k=0
 2:57:01.501 Fresnel k must be >0, given n=1,k=0
 2:57:01.501 Fresnel k must be >0, given n=1,k=0
 2:57:01.504 Fresnel k must be >0, given n=1,k=0
 2:57:01.504 Fresnel k must be >0, given n=1,k=0
 2:57:01.506 Fresnel k must be >0, given n=1,k=0
 2:57:01.506 Fresnel k must be >0, given n=1,k=0
 2:57:01.506 Fresnel k must be >0, given n=1,k=0
 2:57:01.547 Warning: No components in nst\ns2\build\sea\frozen_person.p3d:geometryFire
 2:57:01.553 PerfWarning: Way too much components (627) in nst\ns2\build\sea\sea_subb.p3d:geometry
 2:57:01.600 PerfWarning: Way too much components (686) in nst\ns3\structures\oilrig\sea_oilrig_derrick_tower.p3d:geometry
 2:57:01.601 PerfWarning: Way too much components (715) in nst\ns3\structures\oilrig\sea_oilrig_derrick_tower.p3d:geometryFire
 2:57:01.610 Warning: No components in nst\ns3\structures\probes\lanteran_probe.p3d:geometry
 2:57:01.694 Warning: No components in nst\ns\vfx\vfx_snowdust_fast.p3d:geometry
 2:57:01.694 !!! Shape vfx_snowdust_fast does not have defined min&max for loot's BBox.
 2:57:01.694 Warning: No components in nst\ns\vfx\vfx_snowdust_slow.p3d:geometry
 2:57:01.694 !!! Shape vfx_snowdust_slow does not have defined min&max for loot's BBox.
 2:57:01.695 Warning: No components in nst\ns\vfx\vfx_lantia_fog.p3d:geometry
 2:57:01.695 !!! Shape vfx_lantia_fog does not have defined min&max for loot's BBox.
 2:57:01.695 !!! Shape vfx_lantia_portal_atm does not have defined min&max for loot's BBox.
 2:57:01.695 !!! Shape vfx_lantia_sandstorm does not have defined min&max for loot's BBox.
 2:57:01.695 !!! Shape vfx_phoenix_gasflare does not have defined min&max for loot's BBox.
 2:57:01.695 Warning: No components in nst\ns_dayz\effects\visual\vfx_aurora_long_1.p3d:geometry
 2:57:01.696 Warning: No components in nst\ns_dayz\effects\visual\vfx_aurora_long_2.p3d:geometry
 2:57:01.697 Warning: No components in nst\ns_dayz\effects\visual\vfx_aurora_long_3.p3d:geometry
 2:57:01.697 Warning: No components in nst\ns_dayz\effects\visual\vfx_aurora_long_4.p3d:geometry
 2:57:01.698 Warning: No components in nst\ns_dayz\effects\visual\vfx_aurora_long_5.p3d:geometry
 2:57:01.699 Warning: No components in nst\ns_dayz\effects\visual\vfx_aurora_long_6.p3d:geometry
 2:57:01.699 Warning: No components in nst\ns_dayz\effects\visual\vfx_aurora_short_1.p3d:geometry
 2:57:01.699 Warning: No components in nst\ns_dayz\effects\visual\vfx_aurora_short_2.p3d:geometry
 2:57:01.699 Warning: No components in nst\ns_dayz\effects\visual\vfx_aurora_short_3.p3d:geometry
 2:57:01.700 Warning: No components in nst\ns_dayz\effects\visual\vfx_aurora_short_4.p3d:geometry
 2:57:01.701 Warning: No components in nst\ns_dayz\effects\visual\vfx_aurora_short_5.p3d:geometry
 2:57:01.702 Warning: No components in nst\ns_dayz\effects\visual\vfx_aurora_short_6.p3d:geometry
 2:57:01.702 Warning: No components in nst\ns_dayz\effects\visual\vfx_the_thing.p3d:geometry
 2:57:01.702 Warning: No components in nst\ns_dayz\gear\crafting\snowballs.p3d:geometryFire
 2:57:01.704 Warning: No components in nst\ns_dayz\gear\head\gorkahood_g.p3d:geometry
 2:57:01.705 Warning: No components in nst\ns_dayz\gear\head\milberet_specnaz_g.p3d:geometry
 2:57:01.705 Warning: No components in nst\ns_dayz\gear\head\milberet_specnaz_g.p3d:geometryFire
 2:57:01.706 Warning: No components in nst\ns_dayz\gear\head\apsi_g.p3d:geometry
 2:57:01.706 Warning: No components in nst\ns_dayz\gear\head\apsi_g.p3d:geometryView
 2:57:01.714 Warning: No components in nst\ns_dayz\gear\lore\paper_files.p3d:geometry
 2:57:01.717 Warning: No components in vppadmintools\assets\plane.p3d:geometry
 2:57:01.717 Warning: No components in dz\characters\backpacks\alicebackpack_f.p3d:geometry
 2:57:01.719 Warning: No components in dz\characters\backpacks\alicebackpack_m.p3d:geometry
 2:57:01.719 Warning: No components in dz\characters\backpacks\bag_leathersack_f.p3d:geometry
 2:57:01.719 Warning: No components in dz\characters\backpacks\bag_leathersack_m.p3d:geometry
 2:57:01.720 Warning: No components in dz\characters\backpacks\boulder_m53_f.p3d:geometry
 2:57:01.722 Warning: No components in dz\characters\backpacks\boulder_m53_m.p3d:geometry
 2:57:01.723 Warning: No components in dz\characters\backpacks\bp_improvisedfur_f.p3d:geometry
 2:57:01.724 Warning: No components in dz\characters\backpacks\bp_improvisedfur_m.p3d:geometry
 2:57:01.725 Warning: No components in dz\characters\backpacks\bp_improvised_f.p3d:geometry
 2:57:01.726 Warning: No components in dz\characters\backpacks\bp_improvised_m.p3d:geometry
 2:57:01.727 Warning: No components in dz\characters\backpacks\childs_f.p3d:geometry
 2:57:01.729 Warning: No components in dz\characters\backpacks\childs_m.p3d:geometry
 2:57:01.729 Warning: No components in dz\characters\backpacks\coyotesbp_f.p3d:geometry
 2:57:01.730 Warning: No components in dz\characters\backpacks\coyotesbp_m.p3d:geometry
 2:57:01.732 Warning: No components in dz\characters\backpacks\drybag_f.p3d:geometry
 2:57:01.732 Warning: No components in dz\characters\backpacks\drybag_m.p3d:geometry
 2:57:01.733 Warning: No components in dz\characters\backpacks\ghilliebushrag_g.p3d:geometry
 2:57:01.734 Warning: No components in dz\characters\backpacks\ghilliebushrag_m.p3d:geometry
 2:57:01.734 Warning: No components in dz\characters\backpacks\ghilliesuit_m.p3d:geometry
 2:57:01.734 Warning: No components in dz\characters\backpacks\ghillietop_m.p3d:geometry
 2:57:01.735 Warning: No components in dz\characters\backpacks\hunting_f.p3d:geometry
 2:57:01.736 Warning: No components in dz\characters\backpacks\hunting_m.p3d:geometry
 2:57:01.737 Warning: No components in dz\characters\backpacks\impcourierbagfur_f.p3d:geometry
 2:57:01.739 Warning: No components in dz\characters\backpacks\impcourierbagfur_m.p3d:geometry
 2:57:01.739 Warning: No components in dz\characters\backpacks\impcourierbag_f.p3d:geometry
 2:57:01.740 Warning: No components in dz\characters\backpacks\impcourierbag_m.p3d:geometry
 2:57:01.741 Warning: No components in dz\characters\backpacks\mountain_f.p3d:geometry
 2:57:01.742 Warning: No components in dz\characters\backpacks\mountain_m.p3d:geometry
 2:57:01.743 Warning: No components in dz\characters\backpacks\smershbag_f.p3d:geometry
 2:57:01.743 Warning: No components in dz\characters\backpacks\smershbag_m.p3d:geometry
 2:57:01.744 Warning: No components in dz\characters\backpacks\taloon.p3d:geometry
 2:57:01.746 Warning: No components in dz\characters\backpacks\taloon_f.p3d:geometry
 2:57:01.746 Warning: No components in dz\characters\backpacks\taloon_m.p3d:geometry
 2:57:01.746 Warning: No components in dz\characters\backpacks\tortilla_m.p3d:geometry
 2:57:01.748 Warning: No components in dz\characters\belts\belt_leather_f.p3d:geometry
 2:57:01.748 Warning: No components in dz\characters\belts\belt_leather_g.p3d:geometry
 2:57:01.749 Warning: No components in dz\characters\belts\belt_leather_m.p3d:geometry
 2:57:01.749 Warning: No components in dz\characters\belts\civ_belt_f.p3d:geometry
 2:57:01.749 Warning: No components in dz\characters\belts\civ_belt_m.p3d:geometry
 2:57:01.751 Warning: No components in dz\characters\belts\gun_holster_g.p3d:geometry
 2:57:01.752 Warning: No components in dz\characters\belts\gun_holster_m.p3d:geometry
 2:57:01.753 Warning: No components in dz\characters\belts\leather_quiver_f.p3d:geometry
 2:57:01.753 Warning: No components in dz\characters\belts\leather_quiver_g.p3d:geometry
 2:57:01.754 Warning: No components in dz\characters\belts\leather_quiver_m.p3d:geometry
 2:57:01.755 Warning: No components in dz\characters\belts\mil_belt_f.p3d:geometry
 2:57:01.755 Warning: No components in dz\characters\belts\mil_belt_m.p3d:geometry
 2:57:01.757 Warning: No components in dz\characters\glasses\aviator_glasses.p3d:geometry
 2:57:01.760 Warning: No components in dz\characters\glasses\nvg_headstrap.p3d:geometry
 2:57:01.760 Warning: No components in dz\characters\glasses\nvg_headstrap_g.p3d:geometry
 2:57:01.760 Warning: No components in dz\characters\glasses\nvg_headstrap_g.p3d:geometryView
 2:57:01.762 Warning: No components in dz\characters\glasses\sunglasses_designer.p3d:geometry
 2:57:01.762 Warning: No components in dz\characters\glasses\sunglasses_designer_g.p3d:geometry
 2:57:01.762 Warning: No components in dz\characters\glasses\tacgoggles_g.p3d:geometryFire
 2:57:01.763 Warning: No components in dz\characters\gloves\hands_f.p3d:geometry
 2:57:01.763 Warning: No components in dz\characters\gloves\hands_m_above0.p3d:geometry
 2:57:01.765 Warning: No components in dz\characters\gloves\hands_new_m.p3d:geometry
 2:57:01.765 Warning: No components in dz\characters\gloves\leather_gloves_f.p3d:geometry
 2:57:01.767 Warning: No components in dz\characters\gloves\leather_gloves_m.p3d:geometry
 2:57:01.767 Warning: No components in dz\characters\gloves\nbc_gloves_f.p3d:geometry
 2:57:01.768 Warning: No components in dz\characters\gloves\nbc_gloves_m.p3d:geometry
 2:57:01.769 Warning: No components in dz\characters\gloves\omno_gloves_f.p3d:geometry
 2:57:01.769 Warning: No components in dz\characters\gloves\omno_gloves_m.p3d:geometry
 2:57:01.770 Warning: No components in dz\characters\gloves\surgical_gloves_f.p3d:geometry
 2:57:01.771 Warning: No components in dz\characters\gloves\surgical_gloves_m.p3d:geometry
 2:57:01.771 Warning: No components in dz\characters\gloves\tactical_gloves_f.p3d:geometry
 2:57:01.771 Warning: No components in dz\characters\gloves\tactical_gloves_m.p3d:geometry
 2:57:01.772 Warning: No components in dz\characters\gloves\working_gloves_f.p3d:geometry
 2:57:01.773 Warning: No components in dz\characters\gloves\working_gloves_m.p3d:geometry
 2:57:01.773 Warning: No components in dz\characters\headgear\bandanahead_f.p3d:geometry
 2:57:01.773 Warning: No components in dz\characters\headgear\bandanahead_g.p3d:geometryFire
 2:57:01.773 Warning: No components in dz\characters\headgear\bandanahead_m.p3d:geometry
 2:57:01.774 Warning: No components in dz\characters\headgear\bandanahybrid_f.p3d:geometry
 2:57:01.774 Warning: No components in dz\characters\headgear\bandanahybrid_m.p3d:geometry
 2:57:01.774 Warning: No components in dz\characters\headgear\baseballcap_f.p3d:geometry
 2:57:01.775 Warning: No components in dz\characters\headgear\baseballcap_m.p3d:geometry
 2:57:01.775 Warning: No components in dz\characters\headgear\beaniehat_f.p3d:geometry
 2:57:01.776 Warning: No components in dz\characters\headgear\beaniehat_m.p3d:geometry
 2:57:01.776 Warning: No components in dz\characters\headgear\booniehat.p3d:geometry
 2:57:01.776 Warning: No components in dz\characters\headgear\constructionhelmet_f.p3d:geometry
 2:57:01.776 Warning: No components in dz\characters\headgear\constructionhelmet_m.p3d:geometry
 2:57:01.778 Warning: No components in dz\characters\headgear\cowboyhat.p3d:geometry
 2:57:01.779 Warning: No components in dz\characters\headgear\firehelmet.p3d:geometry
 2:57:01.779 Warning: No components in dz\characters\headgear\flatcap.p3d:geometry
 2:57:01.779 Warning: No components in dz\characters\headgear\ghilliehood.p3d:geometry
 2:57:01.780 Warning: No components in dz\characters\headgear\greathelm.p3d:geometry
 2:57:01.780 Warning: No components in dz\characters\headgear\hat_leather_f.p3d:geometry
 2:57:01.781 Warning: No components in dz\characters\headgear\hat_leather_m.p3d:geometry
 2:57:01.781 Warning: No components in dz\characters\headgear\headtorch_f.p3d:geometry
 2:57:01.782 Warning: No components in dz\characters\headgear\headtorch_m.p3d:geometry
 2:57:01.782 Warning: No components in dz\characters\headgear\head_sack.p3d:geometry
 2:57:01.782 Warning: No components in dz\characters\headgear\helmetmich_f.p3d:geometry
 2:57:01.782 Warning: No components in dz\characters\headgear\helmetmich_m.p3d:geometry
 2:57:01.783 Warning: No components in dz\characters\headgear\helohelmet.p3d:geometry
 2:57:01.783 Warning: No components in dz\characters\headgear\hockey_helmet.p3d:geometry
 2:57:01.784 Warning: No components in dz\characters\headgear\maska.p3d:geometry
 2:57:01.784 Warning: No components in dz\characters\headgear\maska_complete.p3d:geometry
 2:57:01.785 Warning: No components in dz\characters\headgear\medicalscrubs_hat_f.p3d:geometry
 2:57:01.785 Warning: No components in dz\characters\headgear\medicalscrubs_hat_m.p3d:geometry
 2:57:01.785 Warning: No components in dz\characters\headgear\mich2001.p3d:geometry
 2:57:01.786 Warning: No components in dz\characters\headgear\militaryberet_cdf_f.p3d:geometry
 2:57:01.787 Warning: No components in dz\characters\headgear\militaryberet_cdf_m.p3d:geometry
 2:57:01.787 Warning: No components in dz\characters\headgear\militaryberet_chdkz_f.p3d:geometry
 2:57:01.787 Warning: No components in dz\characters\headgear\militaryberet_chdkz_m.p3d:geometry
 2:57:01.788 Warning: No components in dz\characters\headgear\militaryberet_f.p3d:geometry
 2:57:01.788 Warning: No components in dz\characters\headgear\militaryberet_m.p3d:geometry
 2:57:01.789 Warning: No components in dz\characters\headgear\militaryberet_nz_f.p3d:geometry
 2:57:01.789 Warning: No components in dz\characters\headgear\militaryberet_nz_m.p3d:geometry
 2:57:01.789 Warning: No components in dz\characters\headgear\militaryberet_ranger_f.p3d:geometry
 2:57:01.789 Warning: No components in dz\characters\headgear\militaryberet_ranger_g.p3d:geometryFire
 2:57:01.789 Warning: No components in dz\characters\headgear\militaryberet_ranger_m.p3d:geometry
 2:57:01.789 Warning: No components in dz\characters\headgear\militaryberet_un_f.p3d:geometry
 2:57:01.790 Warning: No components in dz\characters\headgear\militaryberet_un_m.p3d:geometry
 2:57:01.790 Warning: No components in dz\characters\headgear\motohelmet.p3d:geometry
 2:57:01.791 Warning: No components in dz\characters\headgear\mxhelmet.p3d:geometry
 2:57:01.791 Warning: No components in dz\characters\headgear\nbc_hood_f.p3d:geometry
 2:57:01.792 Warning: No components in dz\characters\headgear\nbc_hood_m.p3d:geometry
 2:57:01.792 Warning: No components in dz\characters\headgear\officerhat_f.p3d:geometry
 2:57:01.792 Warning: No components in dz\characters\headgear\officerhat_m.p3d:geometry
 2:57:01.792 Warning: No components in dz\characters\headgear\pilotka_f.p3d:geometry
 2:57:01.792 Warning: No components in dz\characters\headgear\pilotka_m.p3d:geometry
 2:57:01.793 Warning: No components in dz\characters\headgear\policecap_f.p3d:geometry
 2:57:01.793 Warning: No components in dz\characters\headgear\policecap_m.p3d:geometry
 2:57:01.794 Warning: No components in dz\characters\headgear\prison_cap_f.p3d:geometry
 2:57:01.794 Warning: No components in dz\characters\headgear\prison_cap_m.p3d:geometry
 2:57:01.795 Warning: No components in dz\characters\headgear\protecskatehelmet2_f.p3d:geometry
 2:57:01.795 Warning: No components in dz\characters\headgear\pumpkinhelmet.p3d:geometry
 2:57:01.796 Warning: No components in dz\characters\headgear\radarcap_f.p3d:geometry
 2:57:01.797 Warning: No components in dz\characters\headgear\radarcap_m.p3d:geometry
 2:57:01.797 Warning: No components in dz\characters\headgear\santashat_f.p3d:geometry
 2:57:01.797 Warning: No components in dz\characters\headgear\santashat_m.p3d:geometry
 2:57:01.798 Warning: No components in dz\characters\headgear\ssh68helmet.p3d:geometry
 2:57:01.798 Warning: No components in dz\characters\headgear\tankerhelmet.p3d:geometry
 2:57:01.799 Warning: No components in dz\characters\headgear\ushanka_f.p3d:geometry
 2:57:01.799 Warning: No components in dz\characters\headgear\ushanka_m.p3d:geometry
 2:57:01.799 Warning: No components in dz\characters\headgear\zmijovkacap_f.p3d:geometry
 2:57:01.800 Warning: No components in dz\characters\headgear\zmijovkacap_m.p3d:geometry
 2:57:01.801 Warning: No components in dz\characters\masks\balaclava_3holes_f.p3d:geometry
 2:57:01.801 Warning: No components in dz\characters\masks\balaclava_3holes_f.p3d:geometryFire
 2:57:01.801 Warning: No components in dz\characters\masks\balaclava_3holes_f.p3d:geometryView
 2:57:01.801 Warning: No components in dz\characters\masks\balaclava_3holes_m.p3d:geometry
 2:57:01.801 Warning: No components in dz\characters\masks\balaclava_3holes_m.p3d:geometryFire
 2:57:01.801 Warning: No components in dz\characters\masks\balaclava_3holes_m.p3d:geometryView
 2:57:01.802 Warning: No components in dz\characters\masks\balaclava_f.p3d:geometry
 2:57:01.802 Warning: No components in dz\characters\masks\balaclava_f.p3d:geometryFire
 2:57:01.802 Warning: No components in dz\characters\masks\balaclava_f.p3d:geometryView
 2:57:01.802 Warning: No components in dz\characters\masks\balaclava_m.p3d:geometry
 2:57:01.802 Warning: No components in dz\characters\masks\balaclava_m.p3d:geometryFire
 2:57:01.802 Warning: No components in dz\characters\masks\balaclava_m.p3d:geometryView
 2:57:01.802 Warning: No components in dz\characters\masks\bandanaface_f.p3d:geometry
 2:57:01.802 Warning: No components in dz\characters\masks\bandanaface_f.p3d:geometryFire
 2:57:01.802 Warning: No components in dz\characters\masks\bandanaface_f.p3d:geometryView
 2:57:01.803 Warning: No components in dz\characters\masks\bandanaface_m.p3d:geometry
 2:57:01.803 Warning: No components in dz\characters\masks\bandanaface_m.p3d:geometryFire
 2:57:01.803 Warning: No components in dz\characters\masks\bandanaface_m.p3d:geometryView
 2:57:01.803 Warning: No components in dz\characters\masks\gasmask_f.p3d:geometry
 2:57:01.803 Warning: No components in dz\characters\masks\gasmask_f.p3d:geometryFire
 2:57:01.804 Warning: No components in dz\characters\masks\gasmask_m.p3d:geometry
 2:57:01.804 Warning: No components in dz\characters\masks\gasmask_m.p3d:geometryFire
 2:57:01.804 Warning: No components in dz\characters\masks\gp5gasmask_f.p3d:geometry
 2:57:01.804 Warning: No components in dz\characters\masks\gp5gasmask_f.p3d:geometryFire
 2:57:01.804 Warning: No components in dz\characters\masks\gp5gasmask_f.p3d:geometryView
 2:57:01.805 Warning: No components in dz\characters\masks\gp5gasmask_m.p3d:geometry
 2:57:01.805 Warning: No components in dz\characters\masks\gp5gasmask_m.p3d:geometryFire
 2:57:01.805 Warning: No components in dz\characters\masks\gp5gasmask_m.p3d:geometryView
 2:57:01.805 Warning: No components in dz\characters\masks\mouth_rags.p3d:geometry
 2:57:01.805 Warning: No components in dz\characters\masks\mouth_rags.p3d:geometryFire
 2:57:01.805 Warning: No components in dz\characters\masks\mouth_rags.p3d:geometryView
 2:57:01.806 Warning: No components in dz\characters\masks\nioshfacemask_f.p3d:geometry
 2:57:01.806 Warning: No components in dz\characters\masks\nioshfacemask_f.p3d:geometryFire
 2:57:01.806 Warning: No components in dz\characters\masks\nioshfacemask_f.p3d:geometryView
 2:57:01.806 Warning: No components in dz\characters\masks\nioshfacemask_m.p3d:geometry
 2:57:01.806 Warning: No components in dz\characters\masks\nioshfacemask_m.p3d:geometryFire
 2:57:01.806 Warning: No components in dz\characters\masks\nioshfacemask_m.p3d:geometryView
 2:57:01.807 Warning: No components in dz\characters\masks\santasbeard_f.p3d:geometry
 2:57:01.807 Warning: No components in dz\characters\masks\santasbeard_f.p3d:geometryFire
 2:57:01.807 Warning: No components in dz\characters\masks\santasbeard_f.p3d:geometryView
 2:57:01.807 Warning: No components in dz\characters\masks\santasbeard_m.p3d:geometry
 2:57:01.807 Warning: No components in dz\characters\masks\santasbeard_m.p3d:geometryFire
 2:57:01.807 Warning: No components in dz\characters\masks\santasbeard_m.p3d:geometryView
 2:57:01.808 Warning: No components in dz\characters\masks\surgical_mask_f.p3d:geometry
 2:57:01.808 Warning: No components in dz\characters\masks\surgical_mask_f.p3d:geometryFire
 2:57:01.808 Warning: No components in dz\characters\masks\surgical_mask_f.p3d:geometryView
 2:57:01.808 Warning: No components in dz\characters\masks\surgical_mask_m.p3d:geometry
 2:57:01.808 Warning: No components in dz\characters\masks\surgical_mask_m.p3d:geometryFire
 2:57:01.808 Warning: No components in dz\characters\masks\surgical_mask_m.p3d:geometryView
 2:57:01.809 Warning: No components in dz\characters\masks\vintagehockeymask_f.p3d:geometry
 2:57:01.809 Warning: No components in dz\characters\masks\vintagehockeymask_f.p3d:geometryFire
 2:57:01.809 Warning: No components in dz\characters\masks\vintagehockeymask_f.p3d:geometryView
 2:57:01.809 Warning: No components in dz\characters\masks\vintagehockeymask_m.p3d:geometry
 2:57:01.809 Warning: No components in dz\characters\masks\vintagehockeymask_m.p3d:geometryFire
 2:57:01.809 Warning: No components in dz\characters\masks\vintagehockeymask_m.p3d:geometryView
 2:57:01.810 Warning: No components in dz\characters\masks\welding_mask_f.p3d:geometry
 2:57:01.810 Warning: No components in dz\characters\masks\welding_mask_m.p3d:geometry
 2:57:01.810 Warning: No components in dz\characters\masks\proxy\mask_filter.p3d:geometry
 2:57:01.812 Warning: No components in dz\characters\pants\bdu_pants_f.p3d:geometry
 2:57:01.812 Warning: No components in dz\characters\pants\bdu_pants_m.p3d:geometry
 2:57:01.812 Warning: No components in dz\characters\pants\breechesf_f.p3d:geometry
 2:57:01.812 Warning: No components in dz\characters\pants\breechesf_m.p3d:geometry
 2:57:01.813 Warning: No components in dz\characters\pants\canvaspants_long_f.p3d:geometry
 2:57:01.813 Warning: No components in dz\characters\pants\canvaspants_long_m.p3d:geometry
 2:57:01.814 Warning: No components in dz\characters\pants\canvaspants_midi_f.p3d:geometry
 2:57:01.814 Warning: No components in dz\characters\pants\canvaspants_midi_m.p3d:geometry
 2:57:01.815 Warning: No components in dz\characters\pants\cargopants_f.p3d:geometry
 2:57:01.816 Warning: No components in dz\characters\pants\firefighter_pants_f.p3d:geometry
 2:57:01.816 Warning: No components in dz\characters\pants\firefighter_pants_f.p3d:geometryView
 2:57:01.817 Warning: No components in dz\characters\pants\firefighter_pants_m.p3d:geometry
 2:57:01.817 Warning: No components in dz\characters\pants\firefighter_pants_m.p3d:geometryView
 2:57:01.818 Warning: No components in dz\characters\pants\gorka_pants_f.p3d:geometry
 2:57:01.819 Warning: No components in dz\characters\pants\gorka_pants_m.p3d:geometry
 2:57:01.819 Warning: No components in dz\characters\pants\hunterpants_f.p3d:geometry
 2:57:01.819 Warning: No components in dz\characters\pants\hunterpants_m.p3d:geometry
 2:57:01.819 Warning: No components in dz\characters\pants\jeans_f.p3d:geometry
 2:57:01.821 Warning: No components in dz\characters\pants\jumpsuit_pants_f.p3d:geometry
 2:57:01.821 Warning: No components in dz\characters\pants\jumpsuit_pants_m.p3d:geometry
 2:57:01.822 Warning: No components in dz\characters\pants\legs_f.p3d:geometry
 2:57:01.822 Warning: No components in dz\characters\pants\legs_m.p3d:geometry
 2:57:01.822 Warning: No components in dz\characters\pants\legs_m_above0.p3d:geometry
 2:57:01.823 Warning: No components in dz\characters\pants\legs_new_m.p3d:geometry
 2:57:01.823 Warning: No components in dz\characters\pants\medicalscrubs_pants_f.p3d:geometry
 2:57:01.825 Warning: No components in dz\characters\pants\medicalscrubs_pants_m.p3d:geometry
 2:57:01.825 Warning: No components in dz\characters\pants\nbc_pants_f.p3d:geometry
 2:57:01.825 Warning: No components in dz\characters\pants\nbc_pants_m.p3d:geometry
 2:57:01.826 Warning: No components in dz\characters\pants\pants_leatherpants_f.p3d:geometry
 2:57:01.827 Warning: No components in dz\characters\pants\pants_leatherpants_m.p3d:geometry
 2:57:01.827 Warning: No components in dz\characters\pants\paramedic_pants_f.p3d:geometry
 2:57:01.828 Warning: No components in dz\characters\pants\paramedic_pants_m.p3d:geometry
 2:57:01.829 Warning: No components in dz\characters\pants\policepants_f.p3d:geometry
 2:57:01.830 Warning: No components in dz\characters\pants\policepants_m.p3d:geometry
 2:57:01.830 Warning: No components in dz\characters\pants\shortjeans_f.p3d:geometry
 2:57:01.830 Warning: No components in dz\characters\pants\shortjeans_m.p3d:geometry
 2:57:01.830 Warning: No components in dz\characters\pants\skirt_f.p3d:geometry
 2:57:01.831 Warning: No components in dz\characters\pants\skirt_m.p3d:geometry
 2:57:01.832 Warning: No components in dz\characters\pants\slacks_f.p3d:geometry
 2:57:01.833 Warning: No components in dz\characters\pants\slacks_m.p3d:geometry
 2:57:01.833 Warning: No components in dz\characters\pants\tracksuit_pants_f.p3d:geometry
 2:57:01.834 Warning: No components in dz\characters\pants\tracksuit_pants_m.p3d:geometry
 2:57:01.835 Warning: No components in dz\characters\pants\ttsko_pants_f.p3d:geometry
 2:57:01.836 Warning: No components in dz\characters\pants\ttsko_pants_m.p3d:geometry
 2:57:01.836 Warning: No components in dz\characters\pants\usmc_pants_f.p3d:geometry
 2:57:01.837 Warning: No components in dz\characters\pants\usmc_pants_m.p3d:geometry
 2:57:01.837 Warning: No components in dz\characters\proxies\armband_dz.p3d:geometry
 2:57:01.838 Warning: No components in dz\characters\proxies\backpack_dz.p3d:geometry
 2:57:01.838 Warning: No components in dz\characters\proxies\belt_dz.p3d:geometry
 2:57:01.840 Warning: No components in dz\characters\proxies\bow_dz.p3d:geometry
 2:57:01.840 Warning: No components in dz\characters\proxies\bysta.p3d:geometry
 2:57:01.840 Warning: No components in dz\characters\proxies\eyewear_dz.p3d:geometry
 2:57:01.845 Warning: No components in dz\characters\proxies\vest_dz.p3d:geometry
 2:57:01.845 Warning: No components in dz\characters\shoes\athleticshoes_f.p3d:geometry
 2:57:01.846 Warning: No components in dz\characters\shoes\athleticshoes_m.p3d:geometry
 2:57:01.846 Warning: No components in dz\characters\shoes\athleticshoes_m_above0.p3d:geometry
 2:57:01.846 Warning: No components in dz\characters\shoes\ballerinas_f.p3d:geometry
 2:57:01.846 Warning: No components in dz\characters\shoes\ballerinas_m.p3d:geometry
 2:57:01.848 Warning: No components in dz\characters\shoes\combatboots_f.p3d:geometry
 2:57:01.848 Warning: No components in dz\characters\shoes\combatboots_m.p3d:geometry
 2:57:01.849 Warning: No components in dz\characters\shoes\feet_f.p3d:geometry
 2:57:01.849 Warning: No components in dz\characters\shoes\feet_m.p3d:geometry
 2:57:01.849 Warning: No components in dz\characters\shoes\feet_m_above0.p3d:geometry
 2:57:01.850 Warning: No components in dz\characters\shoes\feet_new_m.p3d:geometry
 2:57:01.851 Warning: No components in dz\characters\shoes\hikingboots_f.p3d:geometry
 2:57:01.851 Warning: No components in dz\characters\shoes\hikingboots_low_f.p3d:geometry
 2:57:01.852 Warning: No components in dz\characters\shoes\hikingboots_low_m.p3d:geometry
 2:57:01.852 Warning: No components in dz\characters\shoes\hikingboots_m.p3d:geometry
 2:57:01.853 Warning: No components in dz\characters\shoes\joggingshoes_f.p3d:geometry
 2:57:01.853 Warning: No components in dz\characters\shoes\joggingshoes_m.p3d:geometry
 2:57:01.854 Warning: No components in dz\characters\shoes\jungleboots_f.p3d:geometry
 2:57:01.855 Warning: No components in dz\characters\shoes\jungleboots_m.p3d:geometry
 2:57:01.855 Warning: No components in dz\characters\shoes\leathershoes_f.p3d:geometry
 2:57:01.855 Warning: No components in dz\characters\shoes\leathershoes_m.p3d:geometry
 2:57:01.856 Warning: No components in dz\characters\shoes\militaryboots_f.p3d:geometry
 2:57:01.857 Warning: No components in dz\characters\shoes\militaryboots_m.p3d:geometry
 2:57:01.857 Warning: No components in dz\characters\shoes\nbc_boots_f.p3d:geometry
 2:57:01.857 Warning: No components in dz\characters\shoes\nbc_boots_m.p3d:geometry
 2:57:01.858 Warning: No components in dz\characters\shoes\shoes_leathermoccasins_f.p3d:geometry
 2:57:01.858 Warning: No components in dz\characters\shoes\shoes_leathermoccasins_m.p3d:geometry
 2:57:01.859 Warning: No components in dz\characters\shoes\sneakers_f.p3d:geometry
 2:57:01.859 Warning: No components in dz\characters\shoes\sneakers_m.p3d:geometry
 2:57:01.860 Warning: No components in dz\characters\shoes\ttsko_boots_f.p3d:geometry
 2:57:01.861 Warning: No components in dz\characters\shoes\ttsko_boots_m.p3d:geometry
 2:57:01.861 Warning: No components in dz\characters\shoes\wellies_f.p3d:geometry
 2:57:01.862 Warning: No components in dz\characters\shoes\wellies_m.p3d:geometry
 2:57:01.862 Warning: No components in dz\characters\shoes\workingboots_f.p3d:geometry
 2:57:01.862 Warning: No components in dz\characters\shoes\workingboots_m.p3d:geometry
 2:57:01.862 Warning: No components in dz\characters\tops\armbends.p3d:geometry
 2:57:01.863 Warning: No components in dz\characters\tops\armbends_g.p3d:geometry
 2:57:01.864 Warning: No components in dz\characters\tops\armbend_big_f.p3d:geometry
 2:57:01.864 Warning: No components in dz\characters\tops\armbend_big_m.p3d:geometry
 2:57:01.864 Warning: No components in dz\characters\tops\armbend_dynamic_f.p3d:geometry
 2:57:01.865 Warning: No components in dz\characters\tops\armbend_dynamic_m.p3d:geometry
 2:57:01.865 Warning: No components in dz\characters\tops\armbend_small_f.p3d:geometry
 2:57:01.865 Warning: No components in dz\characters\tops\armbend_small_m.p3d:geometry
 2:57:01.865 Warning: No components in dz\characters\tops\bdu_jacket_f.p3d:geometry
 2:57:01.866 Warning: No components in dz\characters\tops\bdu_jacket_m.p3d:geometry
 2:57:01.867 Warning: No components in dz\characters\tops\blouse_f.p3d:geometry
 2:57:01.867 Warning: No components in dz\characters\tops\blouse_m.p3d:geometry
 2:57:01.867 Warning: No components in dz\characters\tops\bomberjacket_f.p3d:geometry
 2:57:01.867 Warning: No components in dz\characters\tops\bomberjacket_m.p3d:geometry
 2:57:01.869 Warning: No components in dz\characters\tops\denim_jacket_f.p3d:geometry
 2:57:01.869 Warning: No components in dz\characters\tops\denim_jacket_m.p3d:geometry
 2:57:01.869 Warning: No components in dz\characters\tops\firefighter_f.p3d:geometry
 2:57:01.869 Warning: No components in dz\characters\tops\firefighter_m.p3d:geometry
 2:57:01.872 Warning: No components in dz\characters\tops\hoodie_f.p3d:geometry
 2:57:01.872 Warning: No components in dz\characters\tops\hoodie_m.p3d:geometry
 2:57:01.872 Warning: No components in dz\characters\tops\hunting_jacket_f.p3d:geometry
 2:57:01.873 Warning: No components in dz\characters\tops\hunting_jacket_m.p3d:geometry
 2:57:01.873 Warning: No components in dz\characters\tops\jumpsuit_top_f.p3d:geometry
 2:57:01.874 Warning: No components in dz\characters\tops\jumpsuit_top_m.p3d:geometry
 2:57:01.875 Warning: No components in dz\characters\tops\labcoat_f.p3d:geometry
 2:57:01.875 Warning: No components in dz\characters\tops\labcoat_m.p3d:geometry
 2:57:01.875 Warning: No components in dz\characters\tops\m65_jacket_f.p3d:geometry
 2:57:01.876 Warning: No components in dz\characters\tops\m65_jacket_m.p3d:geometry
 2:57:01.878 Warning: No components in dz\characters\tops\medicalscrubs_shirt_f.p3d:geometry
 2:57:01.878 Warning: No components in dz\characters\tops\medicalscrubs_shirt_m.p3d:geometry
 2:57:01.879 Warning: No components in dz\characters\tops\minidress_f.p3d:geometry
 2:57:01.879 Warning: No components in dz\characters\tops\minidress_m.p3d:geometry
 2:57:01.879 Warning: No components in dz\characters\tops\nbc_jacket_f.p3d:geometry
 2:57:01.879 Warning: No components in dz\characters\tops\nbc_jacket_m.p3d:geometry
 2:57:01.880 Warning: No components in dz\characters\tops\nursedress_f.p3d:geometry
 2:57:01.881 Warning: No components in dz\characters\tops\nursedress_m.p3d:geometry
 2:57:01.881 Warning: No components in dz\characters\tops\paramedic_jacket_f.p3d:geometry
 2:57:01.882 Warning: No components in dz\characters\tops\paramedic_jacket_m.p3d:geometry
 2:57:01.882 Warning: No components in dz\characters\tops\pcu5jacket_f.p3d:geometry
 2:57:01.883 Warning: No components in dz\characters\tops\pcu5jacket_f_nopatches.p3d:geometry
 2:57:01.885 Warning: No components in dz\characters\tops\policejacket_f.p3d:geometry
 2:57:01.885 Warning: No components in dz\characters\tops\policejacket_m.p3d:geometry
 2:57:01.885 Warning: No components in dz\characters\tops\quiltedjacket_f.p3d:geometry
 2:57:01.886 Warning: No components in dz\characters\tops\quiltedjacket_m.p3d:geometry
 2:57:01.886 Warning: No components in dz\characters\tops\raincoat_f.p3d:geometry
 2:57:01.887 Warning: No components in dz\characters\tops\riders_jacket_f.p3d:geometry
 2:57:01.887 Warning: No components in dz\characters\tops\riders_jacket_m.p3d:geometry
 2:57:01.888 Warning: No components in dz\characters\tops\shirt_f.p3d:geometry
 2:57:01.889 Warning: No components in dz\characters\tops\shirt_f_new_anim_system.p3d:geometry
 2:57:01.889 Warning: No components in dz\characters\tops\shirt_m.p3d:geometry
 2:57:01.890 Warning: No components in dz\characters\tops\shirt_m_new_anim_system.p3d:geometry
 2:57:01.890 Warning: No components in dz\characters\tops\suitshirt_m.p3d:geometry
 2:57:01.892 Warning: No components in dz\characters\tops\top_leatherjacket_f.p3d:geometry
 2:57:01.892 Warning: No components in dz\characters\tops\top_leatherjacket_m.p3d:geometry
 2:57:01.893 Warning: No components in dz\characters\tops\torso_f.p3d:geometry
 2:57:01.894 Warning: No components in dz\characters\tops\torso_m_above0.p3d:geometry
 2:57:01.895 Warning: No components in dz\characters\tops\torso_new_m.p3d:geometry
 2:57:01.896 Warning: No components in dz\characters\tops\tracksuit_jacket_f.p3d:geometry
 2:57:01.896 Warning: No components in dz\characters\tops\tracksuit_jacket_m.p3d:geometry
 2:57:01.896 Warning: No components in dz\characters\tops\tshirt_f.p3d:geometry
 2:57:01.896 Warning: No components in dz\characters\tops\ttsko_jacket_m.p3d:geometry
 2:57:01.898 Warning: No components in dz\characters\tops\usmc_jacket_f.p3d:geometry
 2:57:01.898 Warning: No components in dz\characters\tops\usmc_jacket_m.p3d:geometry
 2:57:01.900 Warning: No components in dz\characters\tops\woolcoat_f.p3d:geometry
 2:57:01.900 Warning: No components in dz\characters\tops\woolcoat_m.p3d:geometry
 2:57:01.901 Warning: No components in dz\characters\vests\chest_holster_f.p3d:geometry
 2:57:01.902 Warning: No components in dz\characters\vests\chest_holster_m.p3d:geometry
 2:57:01.903 Warning: No components in dz\characters\vests\hunter_vest_f.p3d:geometry
 2:57:01.903 Warning: No components in dz\characters\vests\hunter_vest_m.p3d:geometry
 2:57:01.903 Warning: No components in dz\characters\vests\orange_vest_f.p3d:geometry
 2:57:01.903 Warning: No components in dz\characters\vests\orange_vest_m.p3d:geometry
 2:57:01.905 Warning: No components in dz\characters\vests\plate_carrier_f.p3d:geometry
 2:57:01.905 Warning: No components in dz\characters\vests\plate_carrier_m.p3d:geometry
 2:57:01.906 Warning: No components in dz\characters\vests\policevest_f.p3d:geometry
 2:57:01.907 Warning: No components in dz\characters\vests\policevest_m.p3d:geometry
 2:57:01.908 Warning: No components in dz\characters\vests\pressvest_f.p3d:geometry
 2:57:01.909 Warning: No components in dz\characters\vests\pressvest_m.p3d:geometry
 2:57:01.910 Warning: No components in dz\characters\vests\smersh_buttpack.p3d:geometry
 2:57:01.913 Warning: No components in dz\characters\vests\tacticalvest2_f.p3d:geometry
 2:57:01.913 Warning: No components in dz\characters\vests\tacticalvest2_m.p3d:geometry
 2:57:01.914 Warning: No components in dz\characters\vests\ukassvest_f.p3d:geometry
 2:57:01.915 Warning: No components in dz\characters\vests\ukassvest_m.p3d:geometry
 2:57:01.915 Warning: No components in dz\characters\vests\vestholster.p3d:geometry
 2:57:01.916 Warning: No components in dz\characters\vests\vestholster_g.p3d:geometry
 2:57:01.916 Warning: No components in dz\characters\vests\vestholster_g.p3d:geometryFire
 2:57:01.916 Warning: No components in dz\characters\vests\vest_leatherstorage_f.p3d:geometry
 2:57:01.916 Warning: No components in dz\characters\vests\vest_leatherstorage_m.p3d:geometry
 2:57:01.916 Warning: No components in dz\characters\vests\proxy\proxy_grenade_a.p3d:geometry
 2:57:01.916 Warning: No components in dz\characters\vests\proxy\proxy_grenade_b.p3d:geometry
 2:57:01.916 Warning: No components in dz\characters\vests\proxy\proxy_grenade_c.p3d:geometry
 2:57:01.916 Warning: No components in dz\characters\vests\proxy\proxy_grenade_d.p3d:geometry
 2:57:01.916 Warning: No components in dz\characters\vests\proxy\smersh_buttpack.p3d:geometry
 2:57:01.917 Warning: No components in dz\data\cl_feathers2.p3d:geometryFire
 2:57:01.917 Warning: No components in dz\data\cl_feathers2.p3d:geometryView
 2:57:01.917 Warning: No components in dz\data\cl_grass1.p3d:geometryFire
 2:57:01.917 Warning: No components in dz\data\cl_grass1.p3d:geometryView
 2:57:01.917 Warning: No components in dz\data\cl_grass2.p3d:geometryFire
 2:57:01.917 Warning: No components in dz\data\cl_grass2.p3d:geometryView
 2:57:01.917 Warning: No components in dz\data\cl_leaf.p3d:geometryFire
 2:57:01.917 Warning: No components in dz\data\cl_leaf.p3d:geometryView
 2:57:01.917 Warning: No components in dz\data\cl_leaf2.p3d:geometryFire
 2:57:01.917 Warning: No components in dz\data\cl_leaf2.p3d:geometryView
 2:57:01.917 Warning: No components in dz\data\cl_leaf3.p3d:geometryFire
 2:57:01.917 Warning: No components in dz\data\cl_leaf3.p3d:geometryView
 2:57:01.917 Warning: No components in dz\data\cl_rock1.p3d:geometryFire
 2:57:01.917 Warning: No components in dz\data\cl_rock1.p3d:geometryView
 2:57:01.917 Warning: No components in dz\data\cr_leaf.p3d:geometryFire
 2:57:01.917 Warning: No components in dz\data\cr_leaf.p3d:geometryView
 2:57:01.918 Warning: No components in dz\data\cr_leaf2.p3d:geometryFire
 2:57:01.918 Warning: No components in dz\data\cr_leaf2.p3d:geometryView
 2:57:01.918 Warning: No components in dz\data\cr_leaf3.p3d:geometryFire
 2:57:01.918 Warning: No components in dz\data\cr_leaf3.p3d:geometryView
 2:57:01.919 Warning: No components in dz\data\data\cl_feathers2.p3d:geometryFire
 2:57:01.919 Warning: No components in dz\data\data\cl_feathers2.p3d:geometryView
 2:57:01.919 Warning: No components in dz\data\data\cl_grass1.p3d:geometryFire
 2:57:01.919 Warning: No components in dz\data\data\cl_grass1.p3d:geometryView
 2:57:01.919 Warning: No components in dz\data\data\cl_grass2.p3d:geometryFire
 2:57:01.919 Warning: No components in dz\data\data\cl_grass2.p3d:geometryView
 2:57:01.919 Warning: No components in dz\data\data\cl_leaf.p3d:geometryFire
 2:57:01.919 Warning: No components in dz\data\data\cl_leaf.p3d:geometryView
 2:57:01.920 Warning: No components in dz\data\data\cl_leaf2.p3d:geometryFire
 2:57:01.920 Warning: No components in dz\data\data\cl_leaf2.p3d:geometryView
 2:57:01.920 Warning: No components in dz\data\data\cl_leaf3.p3d:geometryFire
 2:57:01.920 Warning: No components in dz\data\data\cl_leaf3.p3d:geometryView
 2:57:01.920 Warning: No components in dz\data\data\cl_rock1.p3d:geometryFire
 2:57:01.920 Warning: No components in dz\data\data\cl_rock1.p3d:geometryView
 2:57:01.920 Warning: No components in dz\data\data\cr_leaf.p3d:geometryFire
 2:57:01.920 Warning: No components in dz\data\data\cr_leaf.p3d:geometryView
 2:57:01.920 Warning: No components in dz\data\data\cr_leaf2.p3d:geometryFire
 2:57:01.920 Warning: No components in dz\data\data\cr_leaf2.p3d:geometryView
 2:57:01.920 Warning: No components in dz\data\data\cr_leaf3.p3d:geometryFire
 2:57:01.920 Warning: No components in dz\data\data\cr_leaf3.p3d:geometryView
 2:57:01.924 Warning: No components in dz\data\data\training_ring_30.p3d:geometry
 2:57:01.933 Warning: No components in dz\gear\camping\fence_kit_folded.p3d:geometryFire
 2:57:01.934 Warning: No components in dz\gear\camping\hbox.p3d:geometryView
 2:57:01.936 Warning: No components in dz\gear\camping\largetentcluttercutter.p3d:geometry
 2:57:01.937 Warning: No components in dz\gear\camping\mediumtentcluttercutter.p3d:geometry
 2:57:01.938 Warning: No components in dz\gear\camping\string_lights_p.p3d:geometry
 2:57:01.938 Warning: No components in dz\gear\camping\string_lights_p.p3d:geometryFire
 2:57:01.938 Warning: No components in dz\gear\camping\tent_cluttercutter.p3d:geometry
 2:57:01.938 Warning: No components in dz\gear\camping\tent_large_cluttercutter.p3d:geometry
 2:57:01.941 Warning: No components in dz\gear\camping\watchtower_kit_folded.p3d:geometryFire
 2:57:01.943 Warning: No components in dz\gear\camping\proxies\barbedwire_mounted.p3d:geometry
 2:57:01.944 Warning: No components in dz\gear\camping\proxies\barbedwire_mounted.p3d:geometryView
 2:57:01.944 Warning: No components in dz\gear\camping\proxies\barbedwire_mounted_up.p3d:geometryView
 2:57:01.944 Warning: No components in dz\gear\camping\proxies\camonet.p3d:geometry
 2:57:01.944 Warning: No components in dz\gear\camping\proxies\camonet.p3d:geometryFire
 2:57:01.945 Warning: No components in dz\gear\camping\proxies\fence_gate_left.p3d:geometry
 2:57:01.945 Warning: No components in dz\gear\camping\proxies\fence_gate_left.p3d:geometryView
 2:57:01.945 Warning: No components in dz\gear\camping\proxies\fence_gate_right.p3d:geometry
 2:57:01.945 Warning: No components in dz\gear\camping\proxies\fence_gate_right.p3d:geometryView
 2:57:01.946 Warning: No components in dz\gear\camping\proxies\gate.p3d:geometry
 2:57:01.946 Warning: No components in dz\gear\camping\proxies\gate.p3d:geometryView
 2:57:01.946 Warning: No components in dz\gear\camping\proxies\lock_3digits.p3d:geometry
 2:57:01.946 Warning: No components in dz\gear\camping\proxies\lock_3digits.p3d:geometryView
 2:57:01.946 Warning: No components in dz\gear\camping\proxies\lock_4digits.p3d:geometry
 2:57:01.946 Warning: No components in dz\gear\camping\proxies\lock_4digits.p3d:geometryView
 2:57:01.949 Warning: No components in dz\gear\camping\proxies\roof.p3d:geometryFire
 2:57:01.949 Warning: No components in dz\gear\camping\proxies\xmass_lights.p3d:geometry
 2:57:01.949 Warning: No components in dz\gear\camping\proxies\xmass_lights.p3d:geometryView
 2:57:01.949 Warning: No components in dz\gear\consumables\bait_hook.p3d:geometry
 2:57:01.950 Warning: No components in dz\gear\consumables\bait_hook2.p3d:geometry
 2:57:01.950 Warning: No components in dz\gear\consumables\bait_worm_pinned.p3d:geometry
 2:57:01.961 Warning: No components in dz\gear\consumables\pile_of_planks.p3d:geometry
 2:57:01.961 Warning: No components in dz\gear\consumables\pile_of_planks.p3d:geometryFire
 2:57:01.966 Convex "component02" selection faces are less then 4 in dz\gear\cooking\fireplace.p3d:geometry
 2:57:01.966 Convex "component03" selection faces are less then 4 in dz\gear\cooking\fireplace.p3d:geometry
 2:57:01.969 Warning: No components in dz\gear\cooking\fireplace_cluttercutter.p3d:geometry
 2:57:01.974 Warning: No components in dz\gear\cooking\petrol_lighter.p3d:geometryView
 2:57:01.977 Warning: No components in dz\gear\crafting\grass.p3d:geometry
 2:57:01.978 Warning: No components in dz\gear\cultivation\clutter_cutter_2m_x_2m.p3d:geometry
 2:57:01.978 Warning: No components in dz\gear\cultivation\clutter_cutter_6m_x_6m.p3d:geometry
 2:57:01.978 Warning: No components in dz\gear\cultivation\compost.p3d:geometry
 2:57:01.979 Warning: No components in dz\gear\cultivation\soil_cultivated.p3d:geometry
 2:57:01.979 Warning: No components in dz\gear\cultivation\soil_cultivated.p3d:geometryFire
 2:57:01.979 Warning: No components in dz\gear\food\apple_fresh.p3d:geometry
 2:57:01.979 Warning: No components in dz\gear\food\apple_rotten.p3d:geometry
 2:57:01.982 Warning: No components in dz\gear\food\food_can_proxied.p3d:geometry
 2:57:01.982 Warning: No components in dz\gear\food\food_can_proxied.p3d:geometryFire
 2:57:01.982 Warning: No components in dz\gear\food\food_can_proxied.p3d:geometryView
 2:57:01.985 Warning: No components in dz\gear\food\pile_of_bones.p3d:geometry
 2:57:01.987 Warning: No components in dz\gear\food\pumpkin_rotten.p3d:geometry
 2:57:01.988 Warning: No components in dz\gear\food\sardines.p3d:geometryFire
 2:57:01.988 Warning: No components in dz\gear\food\sardines_open.p3d:geometryFire
 2:57:01.988 Warning Message: Cannot open object dz\gear\food\sardines_raw.p3d
 2:57:01.989 Warning: No components in dz\gear\food\spaghetti.p3d:geometryFire
 2:57:01.989 Warning: No components in dz\gear\food\spaghetti_open.p3d:geometryFire
 2:57:01.992 Warning: No components in dz\gear\navigation\map_chernarus_open.p3d:geometry
 2:57:01.994 Warning: No components in dz\gear\radio\base_radio_station_f.p3d:geometry
 2:57:01.994 Warning: No components in dz\gear\radio\base_radio_station_m.p3d:geometry
 2:57:01.995 Warning: No components in dz\gear\radio\cassette.p3d:geometryView
 2:57:01.996 Warning: No components in dz\gear\tools\cassette.p3d:geometryView
 2:57:02.04  Warning: No components in dz\gear\tools\handcuffs.p3d:geometry
 2:57:02.04  Warning: No components in dz\gear\tools\handcuff_keys.p3d:geometry
 2:57:02.06  Warning: No components in dz\gear\tools\hay_hook.p3d:geometry
 2:57:02.07  Warning: No components in dz\gear\tools\improvisedfishingrod.p3d:geometry
 2:57:02.09  Warning: No components in dz\gear\tools\mess_tin.p3d:geometry
 2:57:02.10  Warning: No components in dz\gear\tools\metal_pipe.p3d:geometry
 2:57:02.10  Warning: No components in dz\gear\tools\pen.p3d:geometry
 2:57:02.10  Warning: No components in dz\gear\tools\pressure_monitor.p3d:geometry
 2:57:02.12  Warning: No components in dz\gear\tools\sickle.p3d:geometry
 2:57:02.13  Warning: No components in dz\gear\tools\walkietalkie.p3d:geometryFire
 2:57:02.14  Warning: No components in dz\gear\tools\wrench.p3d:geometry
 2:57:02.15  Warning: No components in dz\gear\traps\fishnettrap_g.p3d:geometry
 2:57:02.16  Warning: No components in dz\gear\traps\tripwire_g.p3d:geometry
 2:57:02.22  Warning: No components in dz\plants\clutter\c_anthoxanthum.p3d:geometry
 2:57:02.22  Warning: No components in dz\plants\clutter\c_anthoxanthum_bended.p3d:geometry
 2:57:02.22  Warning: No components in dz\plants\clutter\c_broadleaf_sprouts.p3d:geometry
 2:57:02.22  Warning: No components in dz\plants\clutter\c_broadleaf_sprouts_tall.p3d:geometry
 2:57:02.22  Warning: No components in dz\plants\clutter\c_calamagrostis.p3d:geometry
 2:57:02.22  Warning: No components in dz\plants\clutter\c_carduus.p3d:geometry
 2:57:02.22  Warning: No components in dz\plants\clutter\c_carduus_f.p3d:geometry
 2:57:02.22  Warning: No components in dz\plants\clutter\c_concretegrass_bunch.p3d:geometry
 2:57:02.22  Warning: No components in dz\plants\clutter\c_cones.p3d:geometry
 2:57:02.22  Warning: No components in dz\plants\clutter\c_dirtgrass_bunch.p3d:geometry
 2:57:02.22  Warning: No components in dz\plants\clutter\c_elytrigia.p3d:geometry
 2:57:02.22  Warning: No components in dz\plants\clutter\c_elytrigiadirt.p3d:geometry
 2:57:02.22  Warning: No components in dz\plants\clutter\c_elytrigiaforest.p3d:geometry
 2:57:02.23  Warning: No components in dz\plants\clutter\c_elytrigiatall.p3d:geometry
 2:57:02.23  Warning: No components in dz\plants\clutter\c_elytrigia_green.p3d:geometry
 2:57:02.23  Warning: No components in dz\plants\clutter\c_hypericum.p3d:geometry
 2:57:02.23  Warning: No components in dz\plants\clutter\c_hypericum_f.p3d:geometry
 2:57:02.23  Warning: No components in dz\plants\clutter\c_leafs_spread.p3d:geometry
 2:57:02.23  Warning: No components in dz\plants\clutter\c_lolium.p3d:geometry
 2:57:02.23  Warning: No components in dz\plants\clutter\c_pines.p3d:geometry
 2:57:02.23  Warning: No components in dz\plants\clutter\c_polypodiophyta.p3d:geometry
 2:57:02.23  Warning: No components in dz\plants\clutter\c_polypodiophyta_b.p3d:geometry
 2:57:02.23  Warning: No components in dz\plants\clutter\c_polypodiophyta_c.p3d:geometry
 2:57:02.24  Warning: No components in dz\plants\clutter\c_polypodiophyta_tall.p3d:geometry
 2:57:02.24  Warning: No components in dz\plants\clutter\c_taraxacum.p3d:geometry
 2:57:02.24  Warning: No components in dz\plants\clutter\c_twigs.p3d:geometry
 2:57:02.24  Warning: No components in dz\plants\clutter\c_twigs_b.p3d:geometry
 2:57:02.24  Warning: No components in dz\plants\clutter\c_undergrowth.p3d:geometry
 2:57:02.24  Warning: No components in dz\plants\clutter\c_undergrowth_red.p3d:geometry
 2:57:02.24  Warning: No components in dz\plants\clutter\c_vaccinium.p3d:geometry
 2:57:02.24  Warning: No components in dz\plants\clutter\c_vaccinium_green.p3d:geometry
 2:57:02.24  Warning: No components in dz\plants\clutter\c_vaccinium_red.p3d:geometry
 2:57:02.24  Warning: No components in dz\plants\clutter\c_vaccinium_tall.p3d:geometry
 2:57:02.25  Warning: No components in dz\plants\clutter\l_large_pile.p3d:geometry
 2:57:02.25  Warning: No components in dz\plants\clutter\l_long_pile_a.p3d:geometry
 2:57:02.25  Warning: No components in dz\plants\clutter\l_long_pile_b.p3d:geometry
 2:57:02.25  Warning: No components in dz\plants\clutter\l_plane.p3d:geometry
 2:57:02.25  Warning: No components in dz\plants\clutter\l_plane_long.p3d:geometry
 2:57:02.25  Warning: No components in dz\plants\clutter\p_articum.p3d:geometry
 2:57:02.25  Warning: No components in dz\plants\clutter\p_helianthus.p3d:geometry
 2:57:02.25  Warning: No components in dz\plants\clutter\p_heracleum.p3d:geometry
 2:57:02.26  Warning: No components in dz\plants\clutter\p_urtica.p3d:geometry
 2:57:02.257 Warning: No components in dz\plants_bliss\building\ivy_a.p3d:geometry
 2:57:02.257 Warning: No components in dz\plants_bliss\building\ivy_b.p3d:geometry
 2:57:02.257 Warning: No components in dz\plants_bliss\building\ivy_c.p3d:geometry
 2:57:02.257 Warning: No components in dz\plants_bliss\building\ivy_c2.p3d:geometry
 2:57:02.258 Warning: No components in dz\plants_bliss\building\ivy_d.p3d:geometry
 2:57:02.258 Warning: No components in dz\plants_bliss\building\ivy_dry_a.p3d:geometry
 2:57:02.258 Warning: No components in dz\plants_bliss\building\ivy_dry_b.p3d:geometry
 2:57:02.258 Warning: No components in dz\plants_bliss\building\ivy_dry_c.p3d:geometry
 2:57:02.258 Warning: No components in dz\plants_bliss\building\ivy_dry_d.p3d:geometry
 2:57:02.258 Warning: No components in dz\plants_bliss\building\ivy_dry_e.p3d:geometry
 2:57:02.258 Warning: No components in dz\plants_bliss\building\ivy_dry_f.p3d:geometry
 2:57:02.258 Warning: No components in dz\plants_bliss\building\ivy_dry_g.p3d:geometry
 2:57:02.258 Warning: No components in dz\plants_bliss\building\ivy_dry_h.p3d:geometry
 2:57:02.258 Warning: No components in dz\plants_bliss\building\ivy_dry_i.p3d:geometry
 2:57:02.258 Warning: No components in dz\plants_bliss\building\ivy_dry_j.p3d:geometry
 2:57:02.258 Warning: No components in dz\plants_bliss\building\ivy_f.p3d:geometry
 2:57:02.259 Warning: No components in dz\plants_bliss\building\ivy_g.p3d:geometry
 2:57:02.259 Warning: No components in dz\plants_bliss\building\ivy_h.p3d:geometry
 2:57:02.259 Warning: No components in dz\plants_bliss\building\ivy_i.p3d:geometry
 2:57:02.259 Warning: No components in dz\plants_bliss\building\ivy_j.p3d:geometry
 2:57:02.259 Warning: No components in dz\plants_bliss\building\ivy_k.p3d:geometry
 2:57:02.259 Warning: No components in dz\plants_bliss\building\ivy_l.p3d:geometry
 2:57:02.259 Warning: No components in dz\plants_bliss\building\ivy_m.p3d:geometry
 2:57:02.259 Warning: No components in dz\plants_bliss\building\ivy_n.p3d:geometry
 2:57:02.260 Warning: No components in dz\plants_bliss\building\ivy_o.p3d:geometry
 2:57:02.260 Warning: No components in dz\plants_bliss\building\ivy_p.p3d:geometry
 2:57:02.260 Warning: No components in dz\plants_bliss\building\ivy_r.p3d:geometry
 2:57:02.260 Warning: No components in dz\plants_bliss\building\ivy_roof_a.p3d:geometry
 2:57:02.260 Warning: No components in dz\plants_bliss\building\ivy_roof_b.p3d:geometry
 2:57:02.260 Warning: No components in dz\plants_bliss\building\ivy_s.p3d:geometry
 2:57:02.260 Warning: No components in dz\plants_bliss\building\ivy_special_a.p3d:geometry
 2:57:02.260 Warning: No components in dz\plants_bliss\building\ivy_special_b.p3d:geometry
 2:57:02.260 Warning: No components in dz\plants_bliss\building\ivy_special_c.p3d:geometry
 2:57:02.260 Warning: No components in dz\plants_bliss\building\ivy_special_d.p3d:geometry
 2:57:02.260 Warning: No components in dz\plants_bliss\building\ivy_special_e.p3d:geometry
 2:57:02.260 Warning: No components in dz\plants_bliss\building\ivy_special_f.p3d:geometry
 2:57:02.261 Warning: No components in dz\plants_bliss\building\ivy_t.p3d:geometry
 2:57:02.261 Warning: No components in dz\plants_bliss\building\ivy_u.p3d:geometry
 2:57:02.261 Warning: No components in dz\plants_bliss\building\ivy_v.p3d:geometry
 2:57:02.261 Warning: No components in dz\plants_bliss\building\ivy_x.p3d:geometry
 2:57:02.261 Warning: No components in dz\plants_bliss\building\poison_ivy.p3d:geometry
 2:57:02.265 Warning: No components in dz\plants_bliss\clutter\c_beech_big_summer.p3d:geometry
 2:57:02.265 Warning: No components in dz\plants_bliss\clutter\c_beech_mid_summer.p3d:geometry
 2:57:02.265 Warning: No components in dz\plants_bliss\clutter\c_beech_small_summer.p3d:geometry
 2:57:02.266 Warning: No components in dz\plants_bliss\clutter\c_branchesbig_picea_summer.p3d:geometry
 2:57:02.266 Warning: No components in dz\plants_bliss\clutter\c_branches_deciduous_summer.p3d:geometry
 2:57:02.266 Warning: No components in dz\plants_bliss\clutter\c_branches_picea_summer.p3d:geometry
 2:57:02.266 Warning: No components in dz\plants_bliss\clutter\c_concretegrass_bunch_summer.p3d:geometry
 2:57:02.266 Warning: No components in dz\plants_bliss\clutter\c_cones_summer.p3d:geometry
 2:57:02.266 Warning: No components in dz\plants_bliss\clutter\c_dirtgrass_bunch_summer.p3d:geometry
 2:57:02.266 Warning: No components in dz\plants_bliss\clutter\c_elytrigiadirt_summer.p3d:geometry
 2:57:02.266 Warning: No components in dz\plants_bliss\clutter\c_elytrigiatall2_summer.p3d:geometry
 2:57:02.266 Warning: No components in dz\plants_bliss\clutter\c_elytrigiatall_summer.p3d:geometry
 2:57:02.266 Warning: No components in dz\plants_bliss\clutter\c_elytrigia_green_summer.p3d:geometry
 2:57:02.266 Warning: No components in dz\plants_bliss\clutter\c_elytrigia_summer.p3d:geometry
 2:57:02.266 Warning: No components in dz\plants_bliss\clutter\c_ferntall_summer.p3d:geometry
 2:57:02.266 Warning: No components in dz\plants_bliss\clutter\c_fern_summer.p3d:geometry
 2:57:02.266 Warning: No components in dz\plants_bliss\clutter\c_grassanthoxanthum_bended_summer.p3d:geometry
 2:57:02.266 Warning: No components in dz\plants_bliss\clutter\c_grassanthoxanthum_summer.p3d:geometry
 2:57:02.266 Warning: No components in dz\plants_bliss\clutter\c_grassbasecarduus_f_summer.p3d:geometry
 2:57:02.267 Warning: No components in dz\plants_bliss\clutter\c_grassbasehypericum_summer.p3d:geometry
 2:57:02.267 Warning: No components in dz\plants_bliss\clutter\c_grasscropcarduus_f_summer.p3d:geometry
 2:57:02.267 Warning: No components in dz\plants_bliss\clutter\c_grasscrophypericum_summer.p3d:geometry
 2:57:02.267 Warning: No components in dz\plants_bliss\clutter\c_grassdry2_summer.p3d:geometry
 2:57:02.267 Warning: No components in dz\plants_bliss\clutter\c_grassdry3_summer.p3d:geometry
 2:57:02.267 Warning: No components in dz\plants_bliss\clutter\c_grassdrycarduus_f_summer.p3d:geometry
 2:57:02.267 Warning: No components in dz\plants_bliss\clutter\c_grassdryhypericum_summer.p3d:geometry
 2:57:02.268 Warning: No components in dz\plants_bliss\clutter\c_grassdryplant1_summer.p3d:geometry
 2:57:02.268 Warning: No components in dz\plants_bliss\clutter\c_grassdrytall2_summer.p3d:geometry
 2:57:02.268 Warning: No components in dz\plants_bliss\clutter\c_grassdrytall3_summer.p3d:geometry
 2:57:02.268 Warning: No components in dz\plants_bliss\clutter\c_grassdrytall_summer.p3d:geometry
 2:57:02.268 Warning: No components in dz\plants_bliss\clutter\c_grassdry_summer.p3d:geometry
 2:57:02.268 Warning: No components in dz\plants_bliss\clutter\c_grassflowerspurpleshort_summer.p3d:geometry
 2:57:02.268 Warning: No components in dz\plants_bliss\clutter\c_grassflowerspurpletall_summer.p3d:geometry
 2:57:02.268 Warning: No components in dz\plants_bliss\clutter\c_grassflowerspurple_summer.p3d:geometry
 2:57:02.268 Warning: No components in dz\plants_bliss\clutter\c_grassflowerswhiteshort_summer.p3d:geometry
 2:57:02.268 Warning: No components in dz\plants_bliss\clutter\c_grassflowerswhitetall_summer.p3d:geometry
 2:57:02.268 Warning: No components in dz\plants_bliss\clutter\c_grassflowerswhite_summer.p3d:geometry
 2:57:02.269 Warning: No components in dz\plants_bliss\clutter\c_grassflowersyellowshort_summer.p3d:geometry
 2:57:02.269 Warning: No components in dz\plants_bliss\clutter\c_grassflowersyellowtall_summer.p3d:geometry
 2:57:02.269 Warning: No components in dz\plants_bliss\clutter\c_grassflowersyellow_summer.p3d:geometry
 2:57:02.269 Warning: No components in dz\plants_bliss\clutter\c_grasslow_summer.p3d:geometry
 2:57:02.269 Warning: No components in dz\plants_bliss\clutter\c_grassplant1_summer.p3d:geometry
 2:57:02.269 Warning: No components in dz\plants_bliss\clutter\c_grassplant2_summer.p3d:geometry
 2:57:02.270 Warning: No components in dz\plants_bliss\clutter\c_grasssmallconc_summer.p3d:geometry
 2:57:02.270 Warning: No components in dz\plants_bliss\clutter\c_grasssmall_summer.p3d:geometry
 2:57:02.270 Warning: No components in dz\plants_bliss\clutter\c_grasstall2_summer.p3d:geometry
 2:57:02.270 Warning: No components in dz\plants_bliss\clutter\c_grasstall3_summer.p3d:geometry
 2:57:02.270 Warning: No components in dz\plants_bliss\clutter\c_grasstinyconc_summer.p3d:geometry
 2:57:02.270 Warning: No components in dz\plants_bliss\clutter\c_grasstiny_summer.p3d:geometry
 2:57:02.270 Warning: No components in dz\plants_bliss\clutter\c_grass_flower1_summer.p3d:geometry
 2:57:02.270 Warning: No components in dz\plants_bliss\clutter\c_grass_summer.p3d:geometry
 2:57:02.270 Warning: No components in dz\plants_bliss\clutter\c_leaves_dead_half_summer.p3d:geometry
 2:57:02.270 Warning: No components in dz\plants_bliss\clutter\c_leaves_dead_summer.p3d:geometry
 2:57:02.270 Warning: No components in dz\plants_bliss\clutter\c_pines_summer.p3d:geometry
 2:57:02.270 Warning: No components in dz\plants_bliss\clutter\c_plantssmall1_summer.p3d:geometry
 2:57:02.270 Warning: No components in dz\plants_bliss\clutter\c_plantssmall2_summer.p3d:geometry
 2:57:02.270 Warning: No components in dz\plants_bliss\clutter\c_stubble_summer.p3d:geometry
 2:57:02.270 Warning: No components in dz\plants_bliss\clutter\c_vaccinium_summer.p3d:geometry
 2:57:02.271 Warning: No components in dz\plants_bliss\clutter\c_wheat1_summer.p3d:geometry
 2:57:02.271 Warning: No components in dz\plants_bliss\clutter\c_wheat2.p3d:geometry
 2:57:02.272 Warning: No components in dz\plants_bliss\clutter\c_wheattall_summer.p3d:geometry
 2:57:02.272 Warning: No components in dz\plants_bliss\clutter\c_wheat_summer.p3d:geometry
 2:57:02.441 Convex "component04" selection faces are less then 4 in dz\rocks\rock_bright_spike3.p3d:geometry
 2:57:02.443 Convex "component04" selection faces are less then 4 in dz\rocks\rock_bright_spike3.p3d:geometryFire
 2:57:02.574 Warning: No components in dz\structures\furniture\bathroom\bathroom_sign_m.p3d:geometry
 2:57:02.574 Warning: No components in dz\structures\furniture\bathroom\bathroom_sign_w.p3d:geometry
 2:57:02.586 Warning: No components in dz\structures\industrial\cementworks\proxy\cementworks_milla_bricks.p3d:geometry
 2:57:02.589 PerfWarning: Way too much components (636) in dz\structures\industrial\cementworks\proxy\cementworks_milla_bricks.p3d:geometryFire
 2:57:02.589 Warning: No components in dz\structures\industrial\cementworks\proxy\cementworks_milla_bricks.p3d:geometryView
 2:57:02.592 Warning: No components in dz\structures\industrial\cementworks\proxy\cementworks_milla_metal.p3d:geometry
 2:57:02.595 Convex "component851" selection faces are less then 4 in dz\structures\industrial\cementworks\proxy\cementworks_milla_metal.p3d:geometryFire
 2:57:02.596 PerfWarning: Way too much components (844) in dz\structures\industrial\cementworks\proxy\cementworks_milla_metal.p3d:geometryFire
 2:57:02.596 Warning: No components in dz\structures\industrial\cementworks\proxy\cementworks_milla_metal.p3d:geometryView
 2:57:02.619 Warning: No components in dz\structures\industrial\cementworks\proxy\ground_garbage_long_fix.p3d:geometry
 2:57:02.619 Warning: No components in dz\structures\industrial\cementworks\proxy\ground_garbage_square7_fix.p3d:geometry
 2:57:02.620 Warning: No components in dz\structures\industrial\cementworks\proxy\misc_pallet.p3d:geometryFire
 2:57:02.641 Warning: No components in dz\structures\industrial\farms\proxy\barn_metal_lod1_proxy.p3d:geometry
 2:57:02.642 Warning: No components in dz\structures\industrial\farms\proxy\barn_metal_lod1_proxy.p3d:geometryView
 2:57:02.643 Warning: No components in dz\structures\industrial\farms\proxy\boxy_c.p3d:geometry
 2:57:02.643 Warning: No components in dz\structures\industrial\farms\proxy\boxy_c.p3d:geometryFire
 2:57:02.643 Warning: No components in dz\structures\industrial\farms\proxy\boxy_c.p3d:geometryView
 2:57:02.649 Warning: No components in dz\structures\industrial\houses\proxy\housev2_03_int.p3d:geometry
 2:57:02.650 PerfWarning: Way too much components (633) in dz\structures\industrial\houses\proxy\housev2_03_int.p3d:geometryFire
 2:57:02.650 Warning: No components in dz\structures\industrial\houses\proxy\housev2_03_int.p3d:geometryView
 2:57:02.654 Warning: No components in dz\structures\industrial\power\power_hv_line_turn.p3d:geometry
 2:57:02.667 PerfWarning: Way too much components (1336) in dz\structures\military\airfield\proxy\mainframe.p3d:geometryFire
 2:57:02.691 PerfWarning: Way too much components (513) in dz\structures\military\airfield\proxy\wires.p3d:geometryFire
 2:57:02.694 Warning: No components in dz\structures\military\improvised\mil_camonet_roof_nato.p3d:geometryView
 2:57:02.698 Warning: No components in dz\structures\military\improvised\proxy\tent_big2.p3d:geometry
 2:57:02.706 Warning: No components in dz\structures\military\tisy\proxy\garbage.p3d:geometry
 2:57:02.712 PerfWarning: Way too much components (574) in dz\structures\military\tisy\proxy\pipes.p3d:geometryFire
 2:57:02.721 Warning: No components in dz\structures\military\tisy\proxy\radarplatform_20m_railing.p3d:geometry
 2:57:02.723 Warning: No components in dz\structures\military\tisy\proxy\radar_extra_parts.p3d:geometry
 2:57:02.724 Warning: No components in dz\structures\military\tisy\proxy\radar_extra_parts_02.p3d:geometry
 2:57:02.736 Convex "component317" selection faces are less then 4 in dz\structures\military\tisy\proxy\tisy_barracks_windows.p3d:geometryFire
 2:57:02.736 Convex "component321" selection faces are less then 4 in dz\structures\military\tisy\proxy\tisy_barracks_windows.p3d:geometryFire
 2:57:02.736 Convex "component358" selection faces are less then 4 in dz\structures\military\tisy\proxy\tisy_barracks_windows.p3d:geometryFire
 2:57:02.736 Convex "component455" selection faces are less then 4 in dz\structures\military\tisy\proxy\tisy_barracks_windows.p3d:geometryFire
 2:57:02.737 Convex "component488" selection faces are less then 4 in dz\structures\military\tisy\proxy\tisy_barracks_windows.p3d:geometryFire
 2:57:02.737 Convex "component649" selection faces are less then 4 in dz\structures\military\tisy\proxy\tisy_barracks_windows.p3d:geometryFire
 2:57:02.737 Convex "component650" selection faces are less then 4 in dz\structures\military\tisy\proxy\tisy_barracks_windows.p3d:geometryFire
 2:57:02.737 Convex "component653" selection faces are less then 4 in dz\structures\military\tisy\proxy\tisy_barracks_windows.p3d:geometryFire
 2:57:02.737 Convex "component655" selection faces are less then 4 in dz\structures\military\tisy\proxy\tisy_barracks_windows.p3d:geometryFire
 2:57:02.737 Convex "component657" selection faces are less then 4 in dz\structures\military\tisy\proxy\tisy_barracks_windows.p3d:geometryFire
 2:57:02.737 Convex "component659" selection faces are less then 4 in dz\structures\military\tisy\proxy\tisy_barracks_windows.p3d:geometryFire
 2:57:02.737 PerfWarning: Way too much components (764) in dz\structures\military\tisy\proxy\tisy_barracks_windows.p3d:geometryFire
 2:57:02.740 Warning: No components in dz\structures\military\tisy\proxy\tisy_barracks_windows2.p3d:geometryFire
 2:57:02.742 Warning: No components in dz\structures\military\tisy\proxy\windows.p3d:geometry
 2:57:02.744 Warning: No components in dz\structures\proxy_buildingparts\barricading\door_planks_01.p3d:geometry
 2:57:02.744 Warning: No components in dz\structures\proxy_buildingparts\barricading\door_planks_01.p3d:geometryView
 2:57:02.744 Warning: No components in dz\structures\proxy_buildingparts\house\housev2_02_window.p3d:geometry
 2:57:02.744 Warning: No components in dz\structures\proxy_buildingparts\ladders\ladder_long_proxy.p3d:geometry
 2:57:02.744 Warning: No components in dz\structures\proxy_buildingparts\ladders\ladder_medium_proxy.p3d:geometry
 2:57:02.744 Warning: No components in dz\structures\proxy_buildingparts\ladders\ladder_short_proxy.p3d:geometry
 2:57:02.744 Warning: No components in dz\structures\proxy_buildingparts\ladders\ladder_top_proxy.p3d:geometry
 2:57:02.744 Warning: No components in dz\structures\proxy_buildingparts\lightningcond\lightningconductorbottom\lightningconductorbottom.p3d:geometryView
 2:57:02.744 Warning: No components in dz\structures\proxy_buildingparts\lightningcond\lightningconductorconnection\lightningconductorconnection.p3d:geometryFire
 2:57:02.744 Warning: No components in dz\structures\proxy_buildingparts\lightningcond\lightningconductorconnection\lightningconductorconnection.p3d:geometryView
 2:57:02.744 Warning: No components in dz\structures\proxy_buildingparts\lightningcond\lightningconductorcorner\lightningconductorcorner.p3d:geometryFire
 2:57:02.744 Warning: No components in dz\structures\proxy_buildingparts\lightningcond\lightningconductorcorner\lightningconductorcorner.p3d:geometryView
 2:57:02.744 Warning: No components in dz\structures\proxy_buildingparts\lightningcond\lightningconductormiddle\lightningconductormiddle.p3d:geometryFire
 2:57:02.744 Warning: No components in dz\structures\proxy_buildingparts\lightningcond\lightningconductormiddle\lightningconductormiddle.p3d:geometryView
 2:57:02.745 Warning: No components in dz\structures\proxy_buildingparts\lightningcond\lightningconductormiddle\lightningconductormiddleshort.p3d:geometryFire
 2:57:02.745 Warning: No components in dz\structures\proxy_buildingparts\lightningcond\lightningconductormiddle\lightningconductormiddleshort.p3d:geometryView
 2:57:02.750 Warning: No components in dz\structures\residential\firedep\proxy\city_firestation_int.p3d:geometry
 2:57:02.750 Warning: No components in dz\structures\residential\firedep\proxy\windows.p3d:geometry
 2:57:02.754 Warning: No components in dz\structures\residential\medical\proxy\lightningcond_a_hospital.p3d:geometryFire
 2:57:02.754 Warning: No components in dz\structures\residential\medical\proxy\lightningcond_a_hospital.p3d:geometryView
 2:57:02.754 Warning: No components in dz\structures\residential\medical\proxy\medical_tent_frame.p3d:geometryFire
 2:57:02.754 Warning: No components in dz\structures\residential\medical\proxy\showertent_furniture.p3d:geometry
 2:57:02.763 PerfWarning: Way too much components (506) in dz\structures\residential\offices\proxy\a_office02_metalbars.p3d:geometryFire
 2:57:02.769 Warning: No components in dz\structures\residential\offices\proxy\municipaloffice2_details_proxy.p3d:geometry
 2:57:02.772 PerfWarning: Way too much components (1024) in dz\structures\residential\offices\proxy\municipaloffice2_details_proxy.p3d:geometryFire
 2:57:02.772 Warning: No components in dz\structures\residential\offices\proxy\municipaloffice2_details_proxy.p3d:geometryView
 2:57:02.775 Warning: No components in dz\structures\residential\offices\proxy\municipaloffice2_int.p3d:geometry
 2:57:02.776 PerfWarning: Way too much components (707) in dz\structures\residential\offices\proxy\municipaloffice2_int.p3d:geometryFire
 2:57:02.776 Warning: No components in dz\structures\residential\offices\proxy\municipaloffice2_int.p3d:geometryView
 2:57:02.777 Warning: No components in dz\structures\residential\offices\proxy\windowhall.p3d:geometryView
 2:57:02.778 Warning: No components in dz\structures\residential\offices\proxy\zarivky.p3d:geometry
 2:57:02.779 Warning: No components in dz\structures\residential\schools\proxy\school_details.p3d:geometry
 2:57:02.780 Warning: No components in dz\structures\residential\schools\proxy\school_details.p3d:geometryView
 2:57:02.788 PerfWarning: Way too much components (1187) in dz\structures\residential\schools\proxy\school_exterior_proxy.p3d:geometryFire
 2:57:02.789 Warning: No components in dz\structures\residential\schools\proxy\school_interior.p3d:geometry
 2:57:02.789 Warning: No components in dz\structures\residential\schools\proxy\school_sign.p3d:geometry
 2:57:02.789 Warning: No components in dz\structures\residential\schools\proxy\school_sign.p3d:geometryView
 2:57:02.790 Warning: No components in dz\structures\residential\schools\proxy\windows.p3d:geometry
 2:57:02.792 Warning: No components in dz\structures\residential\tenements\proxy\balcony_rail.p3d:geometry
 2:57:02.792 Warning: No components in dz\structures\residential\tenements\proxy\balcony_rail.p3d:geometryView
 2:57:02.794 Warning: No components in dz\structures\residential\tenements\proxy\tb_big_doorsframe_extract.p3d:geometry
 2:57:02.796 Warning: No components in dz\structures\residential\tenements\proxy\tb_big_ladders.p3d:geometryView
 2:57:02.801 Warning: No components in dz\structures\residential\tenements\proxy\tenement_big_win.p3d:geometryView
 2:57:02.802 Warning: No components in dz\structures\residential\tenements\proxy\tenement_big_win_single.p3d:geometryView
 2:57:02.802 Warning: No components in dz\structures\roads\decals\decal_concrete_panel.p3d:geometry
 2:57:02.803 Warning: No components in dz\structures\roads\parts\city_6_crosswalk.p3d:geometry
 2:57:02.803 Warning Message: Cannot open object dz\structures\roads\parts\city_circle.p3d
 2:57:02.805 Warning: No components in dz\structures\ruins\rubble_dirtpile_small.p3d:geometry
 2:57:02.807 PerfWarning: Way too much components (660) in dz\structures\ruins\rubble_dirtpile_small.p3d:geometryFire
 2:57:02.880 Warning: No components in dz\structures\signs\misc\sign_areoclub.p3d:geometry
 2:57:02.894 Warning: No components in dz\structures\signs\misc\sign_decal_gov1.p3d:geometry
 2:57:02.894 Warning: No components in dz\structures\signs\misc\sign_decal_govschool.p3d:geometry
 2:57:02.894 Warning: No components in dz\structures\signs\misc\sign_decal_pubcz1.p3d:geometry
 2:57:02.895 Warning: No components in dz\structures\signs\misc\sign_decal_pubcz2.p3d:geometry
 2:57:02.895 Warning: No components in dz\structures\signs\misc\sign_decal_pubcz3.p3d:geometry
 2:57:02.895 Warning: No components in dz\structures\signs\misc\sign_decal_pubru1.p3d:geometry
 2:57:02.896 Warning: No components in dz\structures\signs\misc\sign_decal_pubru2.p3d:geometry
 2:57:02.896 Warning: No components in dz\structures\signs\misc\sign_decal_pubru3.p3d:geometry
 2:57:02.896 Warning: No components in dz\structures\signs\misc\sign_pub_village.p3d:geometry
 2:57:02.910 Warning: No components in dz\structures\signs\misc\sign_roof_crr.p3d:geometryView
 2:57:02.973 Warning: No components in dz\structures\signs\tourist\trailmap_youarehere.p3d:geometry
 2:57:03.30  Warning: No components in dz\structures\specific\hotel\proxy\houseb_tenement_dayz_proxy.p3d:geometry
 2:57:03.36  Warning: No components in dz\structures\specific\lunapark\proxy\lunapark_autodrome_roof_lod1_lod2.p3d:geometry
 2:57:03.36  Warning: No components in dz\structures\specific\lunapark\proxy\lunapark_autodrome_scafolding_lod1.p3d:geometry
 2:57:03.36  Warning: No components in dz\structures\specific\lunapark\proxy\swan_carousel_spindle.p3d:geometry
 2:57:03.36  Warning: No components in dz\structures\specific\lunapark\proxy\swan_carousel_stairs.p3d:geometry
 2:57:03.36  Warning: No components in dz\structures\specific\lunapark\proxy\swan_carousel_stairs.p3d:geometryFire
 2:57:03.36  Warning: No components in dz\structures\specific\lunapark\proxy\swan_carousel_stairs.p3d:geometryView
 2:57:03.38  Warning: No components in dz\structures\specific\lunapark\proxy\swan_carousel_trailer.p3d:geometry
 2:57:03.38  Warning: No components in dz\structures\specific\lunapark\proxy\swan_carousel_trailer.p3d:geometryFire
 2:57:03.38  Warning: No components in dz\structures\specific\lunapark\proxy\swan_carousel_trailer.p3d:geometryView
 2:57:03.45  PerfWarning: Way too much components (656) in dz\structures\specific\prison\proxy\prison_maincastle_bars.p3d:geometry
 2:57:03.47  PerfWarning: Way too much components (656) in dz\structures\specific\prison\proxy\prison_maincastle_bars.p3d:geometryFire
 2:57:03.55  Warning: No components in dz\structures\specific\prison\proxy\prison_maincastle_windows.p3d:geometry
 2:57:03.56  PerfWarning: Way too much components (904) in dz\structures\specific\prison\proxy\prison_maincastle_windows.p3d:geometryFire
 2:57:03.56  Warning: No components in dz\structures\specific\prison\proxy\prison_maincastle_windows.p3d:geometryView
 2:57:03.59  Warning: No components in dz\structures\specific\prison\proxy\prison_maincastle_windows_02.p3d:geometry
 2:57:03.60  PerfWarning: Way too much components (624) in dz\structures\specific\prison\proxy\prison_maincastle_windows_02.p3d:geometryFire
 2:57:03.70  PerfWarning: Way too much components (626) in dz\structures\specific\prison\proxy\prison_main_int_stairs.p3d:geometry
 2:57:03.72  PerfWarning: Way too much components (834) in dz\structures\specific\prison\proxy\prison_main_int_stairs.p3d:geometryFire
 2:57:03.73  PerfWarning: Way too much components (626) in dz\structures\specific\prison\proxy\prison_main_int_stairs.p3d:geometryView
 2:57:03.83  PerfWarning: Way too much components (810) in dz\structures\specific\prison\proxy\prison_shadow_interior.p3d:geometry
 2:57:03.85  PerfWarning: Way too much components (781) in dz\structures\specific\prison\proxy\prison_shadow_interior.p3d:geometryView
 2:57:03.97  Warning: No components in dz\structures\specific\prison\proxy\prison_sidebuilding_windowsmall.p3d:geometry
 2:57:03.106 Warning: No components in dz\structures\wrecks\ships\proxy\abandoned_ship_lifebuoy.p3d:geometry
 2:57:03.116 PerfWarning: Way too much components (897) in dz\structures\wrecks\ships\proxy\aship_int_piping_1.p3d:geometry
 2:57:03.123 PerfWarning: Way too much components (937) in dz\structures\wrecks\ships\proxy\aship_int_piping_2.p3d:geometry
 2:57:03.130 PerfWarning: Way too much components (749) in dz\structures\wrecks\ships\proxy\beams_back_a.p3d:geometryFire
 2:57:03.136 PerfWarning: Way too much components (778) in dz\structures\wrecks\ships\proxy\beams_back_b.p3d:geometryFire
 2:57:03.136 Warning: No components in dz\structures\wrecks\ships\proxy\beams_castle.p3d:geometry
 2:57:03.143 PerfWarning: Way too much components (688) in dz\structures\wrecks\ships\proxy\beams_front_a.p3d:geometryFire
 2:57:03.155 PerfWarning: Way too much components (1253) in dz\structures\wrecks\ships\proxy\beams_front_b.p3d:geometryFire
 2:57:03.156 Warning: No components in dz\structures\wrecks\ships\proxy\covers_back_a.p3d:geometry
 2:57:03.161 PerfWarning: Way too much components (682) in dz\structures\wrecks\ships\proxy\covers_front_b.p3d:geometryFire
 2:57:03.175 Warning: No components in dz\structures\wrecks\vehicles\proxy\police_beacon.p3d:geometry
 2:57:03.196 Warning: No components in dz\structures_bliss\residential\houses\proxy\house_1w13_dam_proxy_overgrowth.p3d:geometry
 2:57:03.202 Warning: No components in dz\structures_bliss\roads\panels\panels_concrete_small.p3d:geometry
 2:57:03.203 Warning: No components in dz\structures_bliss\roads\panels\panel_concrete_small_1.p3d:geometry
 2:57:03.203 Warning: No components in dz\structures_bliss\roads\panels\panel_concrete_small_2.p3d:geometry
 2:57:03.203 Warning: No components in dz\structures_bliss\roads\panels\panel_concrete_small_dam.p3d:geometry
 2:57:03.203 Warning: No components in dz\structures_bliss\roads\parts\asf1enoch_12.p3d:geometry
 2:57:03.203 Warning: No components in dz\structures_bliss\roads\parts\asf1enoch_25.p3d:geometry
 2:57:03.204 Warning: No components in dz\structures_bliss\roads\parts\asf1enoch_6.p3d:geometry
 2:57:03.204 Warning: No components in dz\structures_bliss\roads\parts\asf1enoch_6konec.p3d:geometry
 2:57:03.205 Warning: No components in dz\structures_bliss\roads\parts\asf2enoch_12.p3d:geometry
 2:57:03.205 Warning: No components in dz\structures_bliss\roads\parts\asf2enoch_25.p3d:geometry
 2:57:03.205 Warning: No components in dz\structures_bliss\roads\parts\asf2enoch_6.p3d:geometry
 2:57:03.205 Warning: No components in dz\structures_bliss\roads\parts\asf2enoch_6konec.p3d:geometry
 2:57:03.206 Warning: No components in dz\structures_bliss\roads\parts\mudenoch_12.p3d:geometry
 2:57:03.206 Warning: No components in dz\structures_bliss\roads\parts\mudenoch_25.p3d:geometry
 2:57:03.206 Warning: No components in dz\structures_bliss\roads\parts\mudenoch_6.p3d:geometry
 2:57:03.206 Warning: No components in dz\structures_bliss\roads\parts\mudenoch_6konec.p3d:geometry
 2:57:03.206 Warning: No components in dz\structures_bliss\roads\parts\pathenoch_dirt_10.p3d:geometry
 2:57:03.206 Warning: No components in dz\structures_bliss\roads\parts\pathenoch_dirt_30.p3d:geometry
 2:57:03.206 Warning: No components in dz\structures_bliss\roads\parts\pathenoch_dirt_curve.p3d:geometry
 2:57:03.206 Warning: No components in dz\structures_bliss\roads\parts\pathenoch_rock_10.p3d:geometry
 2:57:03.207 Warning: No components in dz\structures_bliss\roads\parts\pathenoch_rock_30.p3d:geometry
 2:57:03.207 Warning: No components in dz\structures_bliss\roads\parts\pathenoch_rock_curve.p3d:geometry
 2:57:03.287 Warning Message: Cannot open object dz\structures_bliss\wrecks\vehicles\proxies\wheels.p3d
 2:57:03.288 Warning: No components in dz\vehicles\parts\aircraft_battery.p3d:geometry
 2:57:03.289 Warning: No components in dz\vehicles\parts\air_oil_bottle.p3d:geometry
 2:57:03.289 Warning: No components in dz\vehicles\parts\aviator_spark_plug.p3d:geometry
 2:57:03.290 Warning: No components in dz\vehicles\parts\belt.p3d:geometry
 2:57:03.290 Warning: No components in dz\vehicles\parts\belt.p3d:geometryView
 2:57:03.292 Warning: No components in dz\vehicles\parts\helicopter_battery.p3d:geometry
 2:57:03.293 Warning: No components in dz\vehicles\parts\hydraulic_fluid_bottle.p3d:geometry
 2:57:03.293 Warning: No components in dz\vehicles\parts\hydraulic_hoses.p3d:geometry
 2:57:03.293 Warning: No components in dz\vehicles\parts\hydraulic_hoses.p3d:geometryFire
 2:57:03.293 Warning: No components in dz\vehicles\parts\igniter_plug.p3d:geometry
 2:57:03.294 Warning: No components in dz\vehicles\parts\windscreen_box.p3d:geometry
 2:57:03.294 Warning: No components in dz\vehicles\wheeled\civiliansedan\proxy\prox_int.p3d:geometry
 2:57:03.294 Warning: No components in dz\vehicles\wheeled\civiliansedan\proxy\prox_int.p3d:geometryFire
 2:57:03.294 Warning: No components in dz\vehicles\wheeled\civiliansedan\proxy\prox_int.p3d:geometryView
 2:57:03.295 Warning: No components in dz\vehicles\wheeled\civiliansedan\proxy\prox_int_aban_1.p3d:geometry
 2:57:03.295 Warning: No components in dz\vehicles\wheeled\civiliansedan\proxy\prox_int_aban_2.p3d:geometry
 2:57:03.295 Warning: No components in dz\vehicles\wheeled\civiliansedan\proxy\prox_int_aban_3.p3d:geometry
 2:57:03.296 Warning: No components in dz\vehicles\wheeled\civiliansedan\proxy\sedan_engine.p3d:geometry
 2:57:03.296 Warning: No components in dz\vehicles\wheeled\civiliansedan\proxy\sedan_engine.p3d:geometryFire
 2:57:03.296 Warning: No components in dz\vehicles\wheeled\civiliansedan\proxy\sedan_engine.p3d:geometryView
 2:57:03.296 Warning: No components in dz\vehicles\wheeled\civiliansedan\proxy\sedan_engine_aban.p3d:geometry
 2:57:03.296 Warning: No components in dz\vehicles\wheeled\civiliansedan\proxy\sedan_engine_aban.p3d:geometryFire
 2:57:03.296 Warning: No components in dz\vehicles\wheeled\civiliansedan\proxy\sedan_engine_aban.p3d:geometryView
 2:57:03.303 Warning: No components in dz\vehicles\wheeled\hatchback_02\proxy\hatchback_02_engine.p3d:geometry
 2:57:03.303 Warning: No components in dz\vehicles\wheeled\hatchback_02\proxy\hatchback_02_engine.p3d:geometryFire
 2:57:03.303 Warning: No components in dz\vehicles\wheeled\hatchback_02\proxy\hatchback_02_engine.p3d:geometryView
 2:57:03.303 Warning: No components in dz\vehicles\wheeled\hatchback_02\proxy\hatchback_02_engine_aban.p3d:geometry
 2:57:03.303 Warning: No components in dz\vehicles\wheeled\hatchback_02\proxy\hatchback_02_engine_aban.p3d:geometryFire
 2:57:03.303 Warning: No components in dz\vehicles\wheeled\hatchback_02\proxy\hatchback_02_engine_aban.p3d:geometryView
 2:57:03.303 Warning: No components in dz\vehicles\wheeled\hatchback_02\proxy\hatchback_02_interior.p3d:geometry
 2:57:03.304 Warning: No components in dz\vehicles\wheeled\hatchback_02\proxy\hatchback_02_interior_aban.p3d:geometry
 2:57:03.304 Warning: No components in dz\vehicles\wheeled\offroadhatchback\proxy\nivaengine.p3d:geometry
 2:57:03.304 Warning: No components in dz\vehicles\wheeled\offroadhatchback\proxy\nivaengine.p3d:geometryView
 2:57:03.305 Warning: No components in dz\vehicles\wheeled\offroadhatchback\proxy\nivaengine_aban.p3d:geometry
 2:57:03.305 Warning: No components in dz\vehicles\wheeled\offroadhatchback\proxy\nivaengine_aban.p3d:geometryView
 2:57:03.306 Warning: No components in dz\vehicles\wheeled\offroadhatchback\proxy\nivainterior.p3d:geometry
 2:57:03.306 Warning: No components in dz\vehicles\wheeled\offroadhatchback\proxy\niva_interior_aban.p3d:geometry
 2:57:03.308 Warning: No components in dz\vehicles\wheeled\sedan_02\proxy\sedan_02_glass2.p3d:geometryFire
 2:57:03.308 Warning: No components in dz\vehicles\wheeled\sedan_02\proxy\sedan_02_interior.p3d:geometryFire
 2:57:03.308 Warning: No components in dz\vehicles\wheeled\sedan_02\proxy\sedan_02_interior.p3d:geometryView
 2:57:03.309 Warning: No components in dz\vehicles\wheeled\sedan_02\proxy\sedan_02_interior_old.p3d:geometryFire
 2:57:03.309 Warning: No components in dz\vehicles\wheeled\sedan_02\proxy\sedan_02_interior_old.p3d:geometryView
 2:57:03.320 Warning: No components in dz\vehicles\wheeled\transitbus\proxy\ikarusdetails.p3d:geometry
 2:57:03.320 Warning: No components in dz\vehicles\wheeled\transitbus\proxy\ikarusdetails.p3d:geometryFire
 2:57:03.320 Warning: No components in dz\vehicles\wheeled\transitbus\proxy\ikarusdetails.p3d:geometryView
 2:57:03.320 Warning: No components in dz\vehicles\wheeled\transitbus\proxy\ikarusinterior.p3d:geometry
 2:57:03.320 Warning: No components in dz\vehicles\wheeled\transitbus\proxy\ikarusinterior.p3d:geometryFire
 2:57:03.320 Warning: No components in dz\vehicles\wheeled\transitbus\proxy\ikarusinterior.p3d:geometryView
 2:57:03.323 Warning: No components in dz\vehicles\wheeled\transitbus\proxy\transitbus_glass1.p3d:geometry
 2:57:03.323 Warning: No components in dz\vehicles\wheeled\transitbus\proxy\transitbus_glass1.p3d:geometryFire
 2:57:03.323 Warning: No components in dz\vehicles\wheeled\transitbus\proxy\transitbus_glass1.p3d:geometryView
 2:57:03.323 Warning: No components in dz\vehicles\wheeled\transitbus\proxy\transitbus_glass2.p3d:geometry
 2:57:03.323 Warning: No components in dz\vehicles\wheeled\transitbus\proxy\transitbus_glass2.p3d:geometryFire
 2:57:03.323 Warning: No components in dz\vehicles\wheeled\transitbus\proxy\transitbus_glass2.p3d:geometryView
 2:57:03.324 Warning: No components in dz\vehicles\wheeled\transitbus\proxy\transitbus_glassparts.p3d:geometry
 2:57:03.324 Warning: No components in dz\vehicles\wheeled\transitbus\proxy\transitbus_glassparts.p3d:geometryFire
 2:57:03.324 Warning: No components in dz\vehicles\wheeled\transitbus\proxy\transitbus_glassparts.p3d:geometryView
 2:57:03.325 Warning: No components in dz\vehicles\wheeled\transitbus\proxy_big\ikarusdetails.p3d:geometry
 2:57:03.325 Warning: No components in dz\vehicles\wheeled\transitbus\proxy_big\ikarusdetails.p3d:geometryFire
 2:57:03.325 Warning: No components in dz\vehicles\wheeled\transitbus\proxy_big\ikarusdetails.p3d:geometryView
 2:57:03.326 Warning: No components in dz\vehicles\wheeled\transitbus\proxy_big\ikarusinterior.p3d:geometry
 2:57:03.326 Warning: No components in dz\vehicles\wheeled\transitbus\proxy_big\ikarusinterior.p3d:geometryFire
 2:57:03.326 Warning: No components in dz\vehicles\wheeled\transitbus\proxy_big\ikarusinterior.p3d:geometryView
 2:57:03.329 Warning: No components in dz\vehicles\wheeled\transitbus\proxy_big\transitbus_glass1.p3d:geometry
 2:57:03.329 Warning: No components in dz\vehicles\wheeled\transitbus\proxy_big\transitbus_glass1.p3d:geometryFire
 2:57:03.329 Warning: No components in dz\vehicles\wheeled\transitbus\proxy_big\transitbus_glass1.p3d:geometryView
 2:57:03.329 Warning: No components in dz\vehicles\wheeled\transitbus\proxy_big\transitbus_glass2.p3d:geometry
 2:57:03.329 Warning: No components in dz\vehicles\wheeled\transitbus\proxy_big\transitbus_glass2.p3d:geometryFire
 2:57:03.329 Warning: No components in dz\vehicles\wheeled\transitbus\proxy_big\transitbus_glass2.p3d:geometryView
 2:57:03.329 Warning: No components in dz\vehicles\wheeled\transitbus\proxy_big\transitbus_glassparts.p3d:geometry
 2:57:03.329 Warning: No components in dz\vehicles\wheeled\transitbus\proxy_big\transitbus_glassparts.p3d:geometryFire
 2:57:03.329 Warning: No components in dz\vehicles\wheeled\transitbus\proxy_big\transitbus_glassparts.p3d:geometryView
 2:57:03.332 Warning: No components in dz\vehicles\wheeled\truck_01\proxy\truck_01_engine.p3d:geometry
 2:57:03.332 Warning: No components in dz\vehicles\wheeled\truck_01\proxy\truck_01_engine.p3d:geometryView
 2:57:03.332 Warning: No components in dz\vehicles\wheeled\truck_01\proxy\truck_01_glass_1.p3d:geometry
 2:57:03.332 Warning: No components in dz\vehicles\wheeled\truck_01\proxy\truck_01_glass_1.p3d:geometryView
 2:57:03.333 Warning: No components in dz\vehicles\wheeled\truck_01\proxy\truck_01_glass_2.p3d:geometry
 2:57:03.333 Warning: No components in dz\vehicles\wheeled\truck_01\proxy\truck_01_glass_2.p3d:geometryView
 2:57:03.333 Warning: No components in dz\vehicles\wheeled\truck_01\proxy\truck_01_glass_details.p3d:geometry
 2:57:03.333 Warning: No components in dz\vehicles\wheeled\truck_01\proxy\truck_01_glass_details.p3d:geometryView
 2:57:03.336 Warning: No components in dz\vehicles\wheeled\truck_02\proxy\truck_02_cabin.p3d:geometry
 2:57:03.339 Warning: No components in dz\vehicles\wheeled\truck_02\proxy\truck_02_interior.p3d:geometry
 2:57:03.344 Warning: No components in dz\vehicles\wheeled\van_01\proxy\van_01_door_1_1.p3d:geometry
 2:57:03.345 Warning: No components in dz\vehicles\wheeled\van_01\proxy\van_01_interior.p3d:geometry
 2:57:03.346 Warning: No components in dz\water\ponds\pond_big_29_01.p3d:geometry
 2:57:03.346 Warning: No components in dz\water\ponds\pond_big_29_02.p3d:geometry
 2:57:03.346 Warning: No components in dz\water\ponds\pond_big_29_03.p3d:geometry
 2:57:03.347 Warning: No components in dz\water\ponds\pond_big_29_04.p3d:geometry
 2:57:03.347 Warning: No components in dz\water\ponds\pond_big_30_01.p3d:geometry
 2:57:03.347 Warning: No components in dz\water\ponds\pond_big_30_02.p3d:geometry
 2:57:03.347 Warning: No components in dz\water\ponds\pond_big_30_03.p3d:geometry
 2:57:03.347 Warning: No components in dz\water\ponds\pond_big_30_04.p3d:geometry
 2:57:03.347 Warning: No components in dz\water\ponds\pond_big_31_01.p3d:geometry
 2:57:03.347 Warning: No components in dz\water\ponds\pond_big_31_02.p3d:geometry
 2:57:03.347 Warning: No components in dz\water\ponds\pond_big_31_03.p3d:geometry
 2:57:03.348 Warning: No components in dz\water\ponds\pond_big_31_04.p3d:geometry
 2:57:03.348 Warning: No components in dz\water\ponds\pond_big_33_01.p3d:geometry
 2:57:03.348 Warning: No components in dz\water\ponds\pond_big_33_02.p3d:geometry
 2:57:03.349 Warning: No components in dz\water\ponds\pond_big_33_03.p3d:geometry
 2:57:03.349 Warning: No components in dz\water\ponds\pond_big_34_01.p3d:geometry
 2:57:03.349 Warning: No components in dz\water\ponds\pond_big_34_02.p3d:geometry
 2:57:03.349 Warning: No components in dz\water\ponds\pond_big_34_03.p3d:geometry
 2:57:03.349 Warning: No components in dz\water\ponds\pond_big_34_04.p3d:geometry
 2:57:03.349 Warning: No components in dz\water\ponds\pond_big_35_01.p3d:geometry
 2:57:03.349 Warning: No components in dz\water\ponds\pond_big_35_02.p3d:geometry
 2:57:03.350 Warning: No components in dz\water\ponds\pond_big_36_01.p3d:geometry
 2:57:03.350 Warning: No components in dz\water\ponds\pond_big_36_02.p3d:geometry
 2:57:03.350 Warning: No components in dz\water\ponds\pond_big_36_03.p3d:geometry
 2:57:03.350 Warning: No components in dz\water\ponds\pond_big_36_04.p3d:geometry
 2:57:03.350 Warning: No components in dz\water\ponds\pond_big_37_01.p3d:geometry
 2:57:03.350 Warning: No components in dz\water\ponds\pond_big_37_02.p3d:geometry
 2:57:03.351 Warning: No components in dz\water\ponds\pond_big_37_03.p3d:geometry
 2:57:03.351 Warning: No components in dz\water\ponds\pond_big_37_04.p3d:geometry
 2:57:03.351 Warning: No components in dz\water\ponds\pond_big_38_01.p3d:geometry
 2:57:03.352 Warning: No components in dz\water\ponds\pond_big_38_02.p3d:geometry
 2:57:03.352 Warning: No components in dz\water\ponds\pond_big_38_03.p3d:geometry
 2:57:03.352 Warning: No components in dz\water\ponds\pond_big_38_04.p3d:geometry
 2:57:03.352 Warning: No components in dz\water\ponds\pond_big_39_01.p3d:geometry
 2:57:03.352 Warning: No components in dz\water\ponds\pond_big_39_02.p3d:geometry
 2:57:03.352 Warning: No components in dz\water\ponds\pond_big_39_03.p3d:geometry
 2:57:03.352 Warning: No components in dz\water\ponds\pond_big_39_04.p3d:geometry
 2:57:03.352 Warning: No components in dz\water\ponds\pond_big_40_01.p3d:geometry
 2:57:03.352 Warning: No components in dz\water\ponds\pond_big_40_02.p3d:geometry
 2:57:03.352 Warning: No components in dz\water\ponds\pond_big_40_03.p3d:geometry
 2:57:03.352 Warning: No components in dz\water\ponds\pond_big_40_04.p3d:geometry
 2:57:03.353 Warning: No components in dz\water\ponds\pond_big_41_01.p3d:geometry
 2:57:03.353 Warning: No components in dz\water\ponds\pond_big_41_02.p3d:geometry
 2:57:03.353 Warning: No components in dz\water\ponds\pond_big_41_03.p3d:geometry
 2:57:03.354 Warning: No components in dz\water\ponds\pond_big_41_04.p3d:geometry
 2:57:03.354 Warning: No components in dz\water\ponds\pond_big_41_05.p3d:geometry
 2:57:03.354 Warning: No components in dz\water\ponds\pond_big_42_01.p3d:geometry
 2:57:03.354 Warning: No components in dz\water\ponds\pond_big_42_02.p3d:geometry
 2:57:03.354 Warning: No components in dz\water\ponds\pond_big_42_03.p3d:geometry
 2:57:03.355 Warning: No components in dz\water\ponds\pond_big_42_04.p3d:geometry
 2:57:03.355 Warning: No components in dz\water\ponds\pond_big_42_05.p3d:geometry
 2:57:03.355 Warning: No components in dz\water\ponds\pond_big_42_06.p3d:geometry
 2:57:03.355 Warning: No components in dz\water\ponds\pond_big_42_07.p3d:geometry
 2:57:03.355 Warning: No components in dz\water\ponds\pond_big_42_08.p3d:geometry
 2:57:03.355 Warning: No components in dz\water\ponds\pond_big_42_09.p3d:geometry
 2:57:03.355 Warning: No components in dz\water\ponds\pond_big_42_10.p3d:geometry
 2:57:03.355 Warning: No components in dz\water\ponds\pond_big_42_11.p3d:geometry
 2:57:03.355 Warning: No components in dz\water\ponds\pond_big_42_12.p3d:geometry
 2:57:03.356 Warning: No components in dz\water\ponds\pond_big_42_13.p3d:geometry
 2:57:03.356 Warning: No components in dz\water\ponds\pond_big_42_14.p3d:geometry
 2:57:03.356 Warning: No components in dz\water\ponds\pond_big_42_15.p3d:geometry
 2:57:03.356 Warning: No components in dz\water\ponds\pond_big_42_16.p3d:geometry
 2:57:03.356 Warning: No components in dz\water\ponds\pond_big_42_17.p3d:geometry
 2:57:03.357 Warning: No components in dz\water\ponds\pond_big_42_18.p3d:geometry
 2:57:03.357 Warning: No components in dz\water\ponds\pond_big_42_19.p3d:geometry
 2:57:03.357 Warning: No components in dz\water\ponds\pond_big_42_20.p3d:geometry
 2:57:03.357 Warning: No components in dz\water\ponds\pond_big_44.p3d:geometry
 2:57:03.358 Warning: No components in dz\water\ponds\pond_big_ly_1.p3d:geometry
 2:57:03.358 Warning: No components in dz\water\ponds\pond_big_ly_10.p3d:geometry
 2:57:03.358 Warning: No components in dz\water\ponds\pond_big_ly_11.p3d:geometry
 2:57:03.358 Warning: No components in dz\water\ponds\pond_big_ly_2.p3d:geometry
 2:57:03.358 Warning: No components in dz\water\ponds\pond_big_ly_3.p3d:geometry
 2:57:03.358 Warning: No components in dz\water\ponds\pond_big_ly_4.p3d:geometry
 2:57:03.358 Warning: No components in dz\water\ponds\pond_big_ly_5.p3d:geometry
 2:57:03.358 Warning: No components in dz\water\ponds\pond_big_ly_6.p3d:geometry
 2:57:03.359 Warning: No components in dz\water\ponds\pond_big_ly_7.p3d:geometry
 2:57:03.359 Warning: No components in dz\water\ponds\pond_big_ly_8.p3d:geometry
 2:57:03.359 Warning: No components in dz\water\ponds\pond_big_ly_9.p3d:geometry
 2:57:03.359 Warning: No components in dz\water\ponds\pond_severogd_novo_down.p3d:geometry
 2:57:03.359 Warning: No components in dz\water\ponds\pond_small_01.p3d:geometry
 2:57:03.359 Warning: No components in dz\water\ponds\pond_small_02.p3d:geometry
 2:57:03.359 Warning: No components in dz\water\ponds\pond_small_03.p3d:geometry
 2:57:03.359 Warning: No components in dz\water\ponds\pond_small_04.p3d:geometry
 2:57:03.359 Warning: No components in dz\water\ponds\pond_small_05.p3d:geometry
 2:57:03.359 Warning: No components in dz\water\ponds\pond_small_06.p3d:geometry
 2:57:03.359 Warning: No components in dz\water\ponds\pond_small_08.p3d:geometry
 2:57:03.359 Warning: No components in dz\water\ponds\pond_small_09.p3d:geometry
 2:57:03.360 Warning: No components in dz\water\ponds\pond_small_10.p3d:geometry
 2:57:03.360 Warning: No components in dz\water\ponds\pond_small_11.p3d:geometry
 2:57:03.360 Warning: No components in dz\water\ponds\pond_small_12.p3d:geometry
 2:57:03.360 Warning: No components in dz\water\ponds\pond_small_13.p3d:geometry
 2:57:03.360 Warning: No components in dz\water\ponds\pond_small_14.p3d:geometry
 2:57:03.361 Warning: No components in dz\water\ponds\pond_small_15.p3d:geometry
 2:57:03.361 Warning: No components in dz\water\ponds\pond_small_16.p3d:geometry
 2:57:03.361 Warning: No components in dz\water\ponds\pond_small_17.p3d:geometry
 2:57:03.362 Warning: No components in dz\water\ponds\pond_small_18.p3d:geometry
 2:57:03.362 Warning: No components in dz\water\ponds\pond_small_19.p3d:geometry
 2:57:03.362 Warning: No components in dz\water\ponds\pond_small_20.p3d:geometry
 2:57:03.362 Warning: No components in dz\water\ponds\pond_small_21.p3d:geometry
 2:57:03.362 Warning: No components in dz\water\ponds\pond_small_22.p3d:geometry
 2:57:03.362 Warning: No components in dz\water\ponds\pond_small_23.p3d:geometry
 2:57:03.362 Warning: No components in dz\water\ponds\pond_small_24.p3d:geometry
 2:57:03.362 Warning: No components in dz\water\ponds\pond_small_25.p3d:geometry
 2:57:03.362 Warning: No components in dz\water\ponds\pond_small_26.p3d:geometry
 2:57:03.362 Warning: No components in dz\water\ponds\pond_small_27.p3d:geometry
 2:57:03.363 Warning: No components in dz\water\ponds\moss\pond_50x50_moss.p3d:geometry
 2:57:03.363 Warning: No components in dz\water\ponds\moss\pond_big_28_01_moss.p3d:geometry
 2:57:03.363 Warning: No components in dz\water\ponds\moss\pond_big_28_02_moss.p3d:geometry
 2:57:03.364 Warning: No components in dz\water\ponds\moss\pond_big_28_03_moss.p3d:geometry
 2:57:03.364 Warning: No components in dz\water\ponds\moss\pond_big_28_04_moss.p3d:geometry
 2:57:03.364 Warning: No components in dz\water\ponds\moss\pond_big_29_01_moss.p3d:geometry
 2:57:03.364 Warning: No components in dz\water\ponds\moss\pond_big_29_02_moss.p3d:geometry
 2:57:03.365 Warning: No components in dz\water\ponds\moss\pond_big_29_03_moss.p3d:geometry
 2:57:03.365 Warning: No components in dz\water\ponds\moss\pond_big_29_04_moss.p3d:geometry
 2:57:03.365 Warning: No components in dz\water\ponds\moss\pond_big_30_01_moss.p3d:geometry
 2:57:03.365 Warning: No components in dz\water\ponds\moss\pond_big_30_02_moss.p3d:geometry
 2:57:03.365 Warning: No components in dz\water\ponds\moss\pond_big_30_03_moss.p3d:geometry
 2:57:03.365 Warning: No components in dz\water\ponds\moss\pond_big_30_04_moss.p3d:geometry
 2:57:03.365 Warning: No components in dz\water\ponds\moss\pond_big_31_01_moss.p3d:geometry
 2:57:03.365 Warning: No components in dz\water\ponds\moss\pond_big_31_02_moss.p3d:geometry
 2:57:03.366 Warning: No components in dz\water\ponds\moss\pond_big_31_03_moss.p3d:geometry
 2:57:03.366 Warning: No components in dz\water\ponds\moss\pond_big_31_04_moss.p3d:geometry
 2:57:03.366 Warning: No components in dz\water\ponds\moss\pond_big_32_01_moss.p3d:geometry
 2:57:03.366 Warning: No components in dz\water\ponds\moss\pond_big_32_02_moss.p3d:geometry
 2:57:03.367 Warning: No components in dz\water\ponds\moss\pond_big_32_03_moss.p3d:geometry
 2:57:03.367 Warning: No components in dz\water\ponds\moss\pond_big_33_01_moss.p3d:geometry
 2:57:03.367 Warning: No components in dz\water\ponds\moss\pond_big_33_02_moss.p3d:geometry
 2:57:03.367 Warning: No components in dz\water\ponds\moss\pond_big_33_03_moss.p3d:geometry
 2:57:03.367 Warning: No components in dz\water\ponds\moss\pond_big_34_01_moss.p3d:geometry
 2:57:03.368 Warning: No components in dz\water\ponds\moss\pond_big_34_02_moss.p3d:geometry
 2:57:03.368 Warning: No components in dz\water\ponds\moss\pond_big_34_03_moss.p3d:geometry
 2:57:03.368 Warning: No components in dz\water\ponds\moss\pond_big_34_04_moss.p3d:geometry
 2:57:03.368 Warning: No components in dz\water\ponds\moss\pond_big_35_02_moss.p3d:geometry
 2:57:03.368 Warning: No components in dz\water\ponds\moss\pond_big_36_01_moss.p3d:geometry
 2:57:03.368 Warning: No components in dz\water\ponds\moss\pond_big_36_02_moss.p3d:geometry
 2:57:03.369 Warning: No components in dz\water\ponds\moss\pond_big_36_03_moss.p3d:geometry
 2:57:03.369 Warning: No components in dz\water\ponds\moss\pond_big_36_04_moss.p3d:geometry
 2:57:03.369 Warning: No components in dz\water\ponds\moss\pond_big_37_01_moss.p3d:geometry
 2:57:03.369 Warning: No components in dz\water\ponds\moss\pond_big_37_02_moss.p3d:geometry
 2:57:03.369 Warning: No components in dz\water\ponds\moss\pond_big_37_03_moss.p3d:geometry
 2:57:03.369 Warning: No components in dz\water\ponds\moss\pond_big_37_04_moss.p3d:geometry
 2:57:03.369 Warning: No components in dz\water\ponds\moss\pond_big_38_01_moss.p3d:geometry
 2:57:03.370 Warning: No components in dz\water\ponds\moss\pond_big_38_02_moss.p3d:geometry
 2:57:03.370 Warning: No components in dz\water\ponds\moss\pond_big_38_03_moss.p3d:geometry
 2:57:03.370 Warning: No components in dz\water\ponds\moss\pond_big_38_04_moss.p3d:geometry
 2:57:03.370 Warning: No components in dz\water\ponds\moss\pond_big_40_01_moss.p3d:geometry
 2:57:03.370 Warning: No components in dz\water\ponds\moss\pond_big_40_02_moss.p3d:geometry
 2:57:03.370 Warning: No components in dz\water\ponds\moss\pond_big_40_03_moss.p3d:geometry
 2:57:03.371 Warning: No components in dz\water\ponds\moss\pond_big_40_04_moss.p3d:geometry
 2:57:03.371 Warning: No components in dz\water\ponds\moss\pond_big_41_01_moss.p3d:geometry
 2:57:03.372 Warning: No components in dz\water\ponds\moss\pond_big_41_02_moss.p3d:geometry
 2:57:03.372 Warning: No components in dz\water\ponds\moss\pond_big_41_03_moss.p3d:geometry
 2:57:03.372 Warning: No components in dz\water\ponds\moss\pond_big_41_04_moss.p3d:geometry
 2:57:03.372 Warning: No components in dz\water\ponds\moss\pond_big_41_05_moss.p3d:geometry
 2:57:03.372 Warning: No components in dz\water\ponds\moss\pond_big_42_01_moss.p3d:geometry
 2:57:03.372 Warning: No components in dz\water\ponds\moss\pond_big_42_02_moss.p3d:geometry
 2:57:03.372 Warning: No components in dz\water\ponds\moss\pond_big_42_03_moss.p3d:geometry
 2:57:03.372 Warning: No components in dz\water\ponds\moss\pond_big_42_04_moss.p3d:geometry
 2:57:03.372 Warning: No components in dz\water\ponds\moss\pond_big_43_30_moss.p3d:geometry
 2:57:03.372 Warning: No components in dz\water\ponds\moss\pond_big_43_31_moss.p3d:geometry
 2:57:03.372 Warning: No components in dz\water\ponds\moss\pond_small_01_moss.p3d:geometry
 2:57:03.373 Warning: No components in dz\water\ponds\moss\pond_small_02_moss.p3d:geometry
 2:57:03.373 Warning: No components in dz\water\ponds\moss\pond_small_03_moss.p3d:geometry
 2:57:03.373 Warning: No components in dz\water\ponds\moss\pond_small_04_moss.p3d:geometry
 2:57:03.373 Warning: No components in dz\water\ponds\moss\pond_small_05_moss.p3d:geometry
 2:57:03.373 Warning: No components in dz\water\ponds\moss\pond_small_06_moss.p3d:geometry
 2:57:03.374 Warning: No components in dz\water\ponds\moss\pond_small_08_moss.p3d:geometry
 2:57:03.374 Warning: No components in dz\water\ponds\moss\pond_small_09_moss.p3d:geometry
 2:57:03.374 Warning: No components in dz\water\ponds\moss\pond_small_15_moss.p3d:geometry
 2:57:03.374 Warning: No components in dz\water\ponds\moss\pond_small_16_moss.p3d:geometry
 2:57:03.375 Warning: No components in dz\water\ponds\moss\pond_small_17_moss.p3d:geometry
 2:57:03.375 Warning: No components in dz\water\ponds\moss\pond_small_18_moss.p3d:geometry
 2:57:03.375 Warning: No components in dz\water\ponds\moss\pond_small_19_moss.p3d:geometry
 2:57:03.375 Warning: No components in dz\water\ponds\moss\pond_small_20_moss.p3d:geometry
 2:57:03.375 Warning: No components in dz\water\ponds\moss\pond_small_21_moss.p3d:geometry
 2:57:03.375 Warning: No components in dz\water\ponds\moss\pond_small_22_moss.p3d:geometry
 2:57:03.375 Warning: No components in dz\water\ponds\moss\pond_small_24_moss.p3d:geometry
 2:57:03.375 Warning: No components in dz\water\ponds\moss\pond_small_25_moss.p3d:geometry
 2:57:03.375 Warning: No components in dz\water\ponds\moss\pond_small_26_moss.p3d:geometry
 2:57:03.375 Warning: No components in dz\water\ponds\moss\pond_small_27_moss.p3d:geometry
 2:57:03.379 Warning: No components in dz\water\streambed\misc\stones_leaf_group_3.p3d:geometryFire
 2:57:03.383 Warning: No components in dz\water\streambed\misc\stones_moss_group_3.p3d:geometryFire
 2:57:03.387 Warning: No components in dz\water\streambed\misc\stones_sand_group_3.p3d:geometryFire
 2:57:03.389 Warning: No components in dz\water_bliss\ponds\enoch_50x50.p3d:geometry
 2:57:03.389 Warning: No components in dz\water_bliss\ponds\enoch_50x50_moss.p3d:geometry
 2:57:03.389 Warning: No components in dz\water_bliss\ponds\enoch_grabinskie_0.p3d:geometry
 2:57:03.389 Warning: No components in dz\water_bliss\ponds\enoch_grabinskie_1.p3d:geometry
 2:57:03.390 Warning: No components in dz\water_bliss\ponds\enoch_grabinskie_10.p3d:geometry
 2:57:03.390 Warning: No components in dz\water_bliss\ponds\enoch_grabinskie_11.p3d:geometry
 2:57:03.390 Warning: No components in dz\water_bliss\ponds\enoch_grabinskie_12.p3d:geometry
 2:57:03.390 Warning: No components in dz\water_bliss\ponds\enoch_grabinskie_13.p3d:geometry
 2:57:03.390 Warning: No components in dz\water_bliss\ponds\enoch_grabinskie_14.p3d:geometry
 2:57:03.390 Warning: No components in dz\water_bliss\ponds\enoch_grabinskie_15.p3d:geometry
 2:57:03.390 Warning: No components in dz\water_bliss\ponds\enoch_grabinskie_16.p3d:geometry
 2:57:03.390 Warning: No components in dz\water_bliss\ponds\enoch_grabinskie_17.p3d:geometry
 2:57:03.390 Warning: No components in dz\water_bliss\ponds\enoch_grabinskie_18.p3d:geometry
 2:57:03.390 Warning: No components in dz\water_bliss\ponds\enoch_grabinskie_19.p3d:geometry
 2:57:03.391 Warning: No components in dz\water_bliss\ponds\enoch_grabinskie_2.p3d:geometry
 2:57:03.391 Warning: No components in dz\water_bliss\ponds\enoch_grabinskie_20.p3d:geometry
 2:57:03.391 Warning: No components in dz\water_bliss\ponds\enoch_grabinskie_21.p3d:geometry
 2:57:03.391 Warning: No components in dz\water_bliss\ponds\enoch_grabinskie_22.p3d:geometry
 2:57:03.391 Warning: No components in dz\water_bliss\ponds\enoch_grabinskie_23.p3d:geometry
 2:57:03.391 Warning: No components in dz\water_bliss\ponds\enoch_grabinskie_24.p3d:geometry
 2:57:03.391 Warning: No components in dz\water_bliss\ponds\enoch_grabinskie_25.p3d:geometry
 2:57:03.391 Warning: No components in dz\water_bliss\ponds\enoch_grabinskie_26.p3d:geometry
 2:57:03.391 Warning: No components in dz\water_bliss\ponds\enoch_grabinskie_27.p3d:geometry
 2:57:03.391 Warning: No components in dz\water_bliss\ponds\enoch_grabinskie_28.p3d:geometry
 2:57:03.391 Warning: No components in dz\water_bliss\ponds\enoch_grabinskie_29.p3d:geometry
 2:57:03.391 Warning: No components in dz\water_bliss\ponds\enoch_grabinskie_3.p3d:geometry
 2:57:03.392 Warning: No components in dz\water_bliss\ponds\enoch_grabinskie_30.p3d:geometry
 2:57:03.392 Warning: No components in dz\water_bliss\ponds\enoch_grabinskie_31.p3d:geometry
 2:57:03.392 Warning: No components in dz\water_bliss\ponds\enoch_grabinskie_32.p3d:geometry
 2:57:03.392 Warning: No components in dz\water_bliss\ponds\enoch_grabinskie_33.p3d:geometry
 2:57:03.392 Warning: No components in dz\water_bliss\ponds\enoch_grabinskie_34.p3d:geometry
 2:57:03.392 Warning: No components in dz\water_bliss\ponds\enoch_grabinskie_35.p3d:geometry
 2:57:03.392 Warning: No components in dz\water_bliss\ponds\enoch_grabinskie_36.p3d:geometry
 2:57:03.392 Warning: No components in dz\water_bliss\ponds\enoch_grabinskie_37.p3d:geometry
 2:57:03.392 Warning: No components in dz\water_bliss\ponds\enoch_grabinskie_38.p3d:geometry
 2:57:03.392 Warning: No components in dz\water_bliss\ponds\enoch_grabinskie_39.p3d:geometry
 2:57:03.392 Warning: No components in dz\water_bliss\ponds\enoch_grabinskie_4.p3d:geometry
 2:57:03.392 Warning: No components in dz\water_bliss\ponds\enoch_grabinskie_40.p3d:geometry
 2:57:03.392 Warning: No components in dz\water_bliss\ponds\enoch_grabinskie_41.p3d:geometry
 2:57:03.392 Warning: No components in dz\water_bliss\ponds\enoch_grabinskie_42.p3d:geometry
 2:57:03.392 Warning: No components in dz\water_bliss\ponds\enoch_grabinskie_43.p3d:geometry
 2:57:03.392 Warning: No components in dz\water_bliss\ponds\enoch_grabinskie_44.p3d:geometry
 2:57:03.392 Warning: No components in dz\water_bliss\ponds\enoch_grabinskie_45.p3d:geometry
 2:57:03.392 Warning: No components in dz\water_bliss\ponds\enoch_grabinskie_46.p3d:geometry
 2:57:03.393 Warning: No components in dz\water_bliss\ponds\enoch_grabinskie_47.p3d:geometry
 2:57:03.393 Warning: No components in dz\water_bliss\ponds\enoch_grabinskie_48.p3d:geometry
 2:57:03.393 Warning: No components in dz\water_bliss\ponds\enoch_grabinskie_49.p3d:geometry
 2:57:03.393 Warning: No components in dz\water_bliss\ponds\enoch_grabinskie_5.p3d:geometry
 2:57:03.393 Warning: No components in dz\water_bliss\ponds\enoch_grabinskie_6.p3d:geometry
 2:57:03.393 Warning: No components in dz\water_bliss\ponds\enoch_grabinskie_7.p3d:geometry
 2:57:03.393 Warning: No components in dz\water_bliss\ponds\enoch_grabinskie_8.p3d:geometry
 2:57:03.393 Warning: No components in dz\water_bliss\ponds\enoch_grabinskie_9.p3d:geometry
 2:57:03.393 Warning: No components in dz\water_bliss\ponds\enoch_jantar_0.p3d:geometry
 2:57:03.393 Warning: No components in dz\water_bliss\ponds\enoch_jantar_1.p3d:geometry
 2:57:03.394 Warning: No components in dz\water_bliss\ponds\enoch_jantar_10.p3d:geometry
 2:57:03.394 Warning: No components in dz\water_bliss\ponds\enoch_jantar_11.p3d:geometry
 2:57:03.394 Warning: No components in dz\water_bliss\ponds\enoch_jantar_12.p3d:geometry
 2:57:03.394 Warning: No components in dz\water_bliss\ponds\enoch_jantar_13.p3d:geometry
 2:57:03.394 Warning: No components in dz\water_bliss\ponds\enoch_jantar_14.p3d:geometry
 2:57:03.394 Warning: No components in dz\water_bliss\ponds\enoch_jantar_15.p3d:geometry
 2:57:03.394 Warning: No components in dz\water_bliss\ponds\enoch_jantar_16.p3d:geometry
 2:57:03.394 Warning: No components in dz\water_bliss\ponds\enoch_jantar_17.p3d:geometry
 2:57:03.394 Warning: No components in dz\water_bliss\ponds\enoch_jantar_18.p3d:geometry
 2:57:03.394 Warning: No components in dz\water_bliss\ponds\enoch_jantar_19.p3d:geometry
 2:57:03.394 Warning: No components in dz\water_bliss\ponds\enoch_jantar_2.p3d:geometry
 2:57:03.394 Warning: No components in dz\water_bliss\ponds\enoch_jantar_20.p3d:geometry
 2:57:03.394 Warning: No components in dz\water_bliss\ponds\enoch_jantar_21.p3d:geometry
 2:57:03.395 Warning: No components in dz\water_bliss\ponds\enoch_jantar_22.p3d:geometry
 2:57:03.395 Warning: No components in dz\water_bliss\ponds\enoch_jantar_3.p3d:geometry
 2:57:03.395 Warning: No components in dz\water_bliss\ponds\enoch_jantar_4.p3d:geometry
 2:57:03.395 Warning: No components in dz\water_bliss\ponds\enoch_jantar_5.p3d:geometry
 2:57:03.395 Warning: No components in dz\water_bliss\ponds\enoch_jantar_6.p3d:geometry
 2:57:03.395 Warning: No components in dz\water_bliss\ponds\enoch_jantar_7.p3d:geometry
 2:57:03.395 Warning: No components in dz\water_bliss\ponds\enoch_jantar_8.p3d:geometry
 2:57:03.395 Warning: No components in dz\water_bliss\ponds\enoch_jantar_9.p3d:geometry
 2:57:03.395 Warning: No components in dz\water_bliss\ponds\enoch_male_0.p3d:geometry
 2:57:03.395 Warning: No components in dz\water_bliss\ponds\enoch_male_1.p3d:geometry
 2:57:03.395 Warning: No components in dz\water_bliss\ponds\enoch_male_2.p3d:geometry
 2:57:03.395 Warning: No components in dz\water_bliss\ponds\enoch_male_3.p3d:geometry
 2:57:03.395 Warning: No components in dz\water_bliss\ponds\enoch_sitnicke_0.p3d:geometry
 2:57:03.395 Warning: No components in dz\water_bliss\ponds\enoch_sitnicke_1.p3d:geometry
 2:57:03.395 Warning: No components in dz\water_bliss\ponds\enoch_sitnicke_10.p3d:geometry
 2:57:03.395 Warning: No components in dz\water_bliss\ponds\enoch_sitnicke_11.p3d:geometry
 2:57:03.395 Warning: No components in dz\water_bliss\ponds\enoch_sitnicke_12.p3d:geometry
 2:57:03.396 Warning: No components in dz\water_bliss\ponds\enoch_sitnicke_13.p3d:geometry
 2:57:03.396 Warning: No components in dz\water_bliss\ponds\enoch_sitnicke_14.p3d:geometry
 2:57:03.396 Warning: No components in dz\water_bliss\ponds\enoch_sitnicke_15.p3d:geometry
 2:57:03.396 Warning: No components in dz\water_bliss\ponds\enoch_sitnicke_16.p3d:geometry
 2:57:03.396 Warning: No components in dz\water_bliss\ponds\enoch_sitnicke_17.p3d:geometry
 2:57:03.396 Warning: No components in dz\water_bliss\ponds\enoch_sitnicke_18.p3d:geometry
 2:57:03.396 Warning: No components in dz\water_bliss\ponds\enoch_sitnicke_19.p3d:geometry
 2:57:03.396 Warning: No components in dz\water_bliss\ponds\enoch_sitnicke_2.p3d:geometry
 2:57:03.396 Warning: No components in dz\water_bliss\ponds\enoch_sitnicke_20.p3d:geometry
 2:57:03.397 Warning: No components in dz\water_bliss\ponds\enoch_sitnicke_21.p3d:geometry
 2:57:03.397 Warning: No components in dz\water_bliss\ponds\enoch_sitnicke_22.p3d:geometry
 2:57:03.397 Warning: No components in dz\water_bliss\ponds\enoch_sitnicke_23.p3d:geometry
 2:57:03.397 Warning: No components in dz\water_bliss\ponds\enoch_sitnicke_24.p3d:geometry
 2:57:03.397 Warning: No components in dz\water_bliss\ponds\enoch_sitnicke_25.p3d:geometry
 2:57:03.397 Warning: No components in dz\water_bliss\ponds\enoch_sitnicke_26.p3d:geometry
 2:57:03.397 Warning: No components in dz\water_bliss\ponds\enoch_sitnicke_27.p3d:geometry
 2:57:03.397 Warning: No components in dz\water_bliss\ponds\enoch_sitnicke_28.p3d:geometry
 2:57:03.397 Warning: No components in dz\water_bliss\ponds\enoch_sitnicke_29.p3d:geometry
 2:57:03.397 Warning: No components in dz\water_bliss\ponds\enoch_sitnicke_3.p3d:geometry
 2:57:03.397 Warning: No components in dz\water_bliss\ponds\enoch_sitnicke_30.p3d:geometry
 2:57:03.397 Warning: No components in dz\water_bliss\ponds\enoch_sitnicke_31.p3d:geometry
 2:57:03.397 Warning: No components in dz\water_bliss\ponds\enoch_sitnicke_32.p3d:geometry
 2:57:03.397 Warning: No components in dz\water_bliss\ponds\enoch_sitnicke_33.p3d:geometry
 2:57:03.398 Warning: No components in dz\water_bliss\ponds\enoch_sitnicke_34.p3d:geometry
 2:57:03.398 Warning: No components in dz\water_bliss\ponds\enoch_sitnicke_35.p3d:geometry
 2:57:03.398 Warning: No components in dz\water_bliss\ponds\enoch_sitnicke_36.p3d:geometry
 2:57:03.398 Warning: No components in dz\water_bliss\ponds\enoch_sitnicke_37.p3d:geometry
 2:57:03.398 Warning: No components in dz\water_bliss\ponds\enoch_sitnicke_38.p3d:geometry
 2:57:03.398 Warning: No components in dz\water_bliss\ponds\enoch_sitnicke_39.p3d:geometry
 2:57:03.398 Warning: No components in dz\water_bliss\ponds\enoch_sitnicke_4.p3d:geometry
 2:57:03.398 Warning: No components in dz\water_bliss\ponds\enoch_sitnicke_40.p3d:geometry
 2:57:03.398 Warning: No components in dz\water_bliss\ponds\enoch_sitnicke_41.p3d:geometry
 2:57:03.398 Warning: No components in dz\water_bliss\ponds\enoch_sitnicke_42.p3d:geometry
 2:57:03.399 Warning: No components in dz\water_bliss\ponds\enoch_sitnicke_43.p3d:geometry
 2:57:03.399 Warning: No components in dz\water_bliss\ponds\enoch_sitnicke_44.p3d:geometry
 2:57:03.399 Warning: No components in dz\water_bliss\ponds\enoch_sitnicke_45.p3d:geometry
 2:57:03.399 Warning: No components in dz\water_bliss\ponds\enoch_sitnicke_46.p3d:geometry
 2:57:03.399 Warning: No components in dz\water_bliss\ponds\enoch_sitnicke_47.p3d:geometry
 2:57:03.399 Warning: No components in dz\water_bliss\ponds\enoch_sitnicke_48.p3d:geometry
 2:57:03.399 Warning: No components in dz\water_bliss\ponds\enoch_sitnicke_49.p3d:geometry
 2:57:03.399 Warning: No components in dz\water_bliss\ponds\enoch_sitnicke_5.p3d:geometry
 2:57:03.399 Warning: No components in dz\water_bliss\ponds\enoch_sitnicke_50.p3d:geometry
 2:57:03.399 Warning: No components in dz\water_bliss\ponds\enoch_sitnicke_51.p3d:geometry
 2:57:03.399 Warning: No components in dz\water_bliss\ponds\enoch_sitnicke_52.p3d:geometry
 2:57:03.399 Warning: No components in dz\water_bliss\ponds\enoch_sitnicke_53.p3d:geometry
 2:57:03.399 Warning: No components in dz\water_bliss\ponds\enoch_sitnicke_54.p3d:geometry
 2:57:03.399 Warning: No components in dz\water_bliss\ponds\enoch_sitnicke_55.p3d:geometry
 2:57:03.399 Warning: No components in dz\water_bliss\ponds\enoch_sitnicke_56.p3d:geometry
 2:57:03.399 Warning: No components in dz\water_bliss\ponds\enoch_sitnicke_57.p3d:geometry
 2:57:03.399 Warning: No components in dz\water_bliss\ponds\enoch_sitnicke_58.p3d:geometry
 2:57:03.399 Warning: No components in dz\water_bliss\ponds\enoch_sitnicke_59.p3d:geometry
 2:57:03.399 Warning: No components in dz\water_bliss\ponds\enoch_sitnicke_6.p3d:geometry
 2:57:03.399 Warning: No components in dz\water_bliss\ponds\enoch_sitnicke_60.p3d:geometry
 2:57:03.400 Warning: No components in dz\water_bliss\ponds\enoch_sitnicke_61.p3d:geometry
 2:57:03.400 Warning: No components in dz\water_bliss\ponds\enoch_sitnicke_62.p3d:geometry
 2:57:03.400 Warning: No components in dz\water_bliss\ponds\enoch_sitnicke_7.p3d:geometry
 2:57:03.400 Warning: No components in dz\water_bliss\ponds\enoch_sitnicke_8.p3d:geometry
 2:57:03.400 Warning: No components in dz\water_bliss\ponds\enoch_sitnicke_9.p3d:geometry
 2:57:03.400 Warning: No components in dz\water_bliss\ponds\enoch_wolisko_1.p3d:geometry
 2:57:03.401 Warning: No components in dz\water_bliss\ponds\enoch_wolisko_10.p3d:geometry
 2:57:03.401 Warning: No components in dz\water_bliss\ponds\enoch_wolisko_11.p3d:geometry
 2:57:03.401 Warning: No components in dz\water_bliss\ponds\enoch_wolisko_12.p3d:geometry
 2:57:03.401 Warning: No components in dz\water_bliss\ponds\enoch_wolisko_13.p3d:geometry
 2:57:03.401 Warning: No components in dz\water_bliss\ponds\enoch_wolisko_14.p3d:geometry
 2:57:03.401 Warning: No components in dz\water_bliss\ponds\enoch_wolisko_15.p3d:geometry
 2:57:03.401 Warning: No components in dz\water_bliss\ponds\enoch_wolisko_16.p3d:geometry
 2:57:03.401 Warning: No components in dz\water_bliss\ponds\enoch_wolisko_17.p3d:geometry
 2:57:03.401 Warning: No components in dz\water_bliss\ponds\enoch_wolisko_18.p3d:geometry
 2:57:03.401 Warning: No components in dz\water_bliss\ponds\enoch_wolisko_19.p3d:geometry
 2:57:03.401 Warning: No components in dz\water_bliss\ponds\enoch_wolisko_2.p3d:geometry
 2:57:03.401 Warning: No components in dz\water_bliss\ponds\enoch_wolisko_20.p3d:geometry
 2:57:03.402 Warning: No components in dz\water_bliss\ponds\enoch_wolisko_21.p3d:geometry
 2:57:03.402 Warning: No components in dz\water_bliss\ponds\enoch_wolisko_22.p3d:geometry
 2:57:03.402 Warning: No components in dz\water_bliss\ponds\enoch_wolisko_23.p3d:geometry
 2:57:03.402 Warning: No components in dz\water_bliss\ponds\enoch_wolisko_24.p3d:geometry
 2:57:03.402 Warning: No components in dz\water_bliss\ponds\enoch_wolisko_25.p3d:geometry
 2:57:03.402 Warning: No components in dz\water_bliss\ponds\enoch_wolisko_26.p3d:geometry
 2:57:03.402 Warning: No components in dz\water_bliss\ponds\enoch_wolisko_27.p3d:geometry
 2:57:03.402 Warning: No components in dz\water_bliss\ponds\enoch_wolisko_28.p3d:geometry
 2:57:03.402 Warning: No components in dz\water_bliss\ponds\enoch_wolisko_29.p3d:geometry
 2:57:03.402 Warning: No components in dz\water_bliss\ponds\enoch_wolisko_3.p3d:geometry
 2:57:03.402 Warning: No components in dz\water_bliss\ponds\enoch_wolisko_30.p3d:geometry
 2:57:03.402 Warning: No components in dz\water_bliss\ponds\enoch_wolisko_31.p3d:geometry
 2:57:03.402 Warning: No components in dz\water_bliss\ponds\enoch_wolisko_32.p3d:geometry
 2:57:03.402 Warning: No components in dz\water_bliss\ponds\enoch_wolisko_33.p3d:geometry
 2:57:03.402 Warning: No components in dz\water_bliss\ponds\enoch_wolisko_34.p3d:geometry
 2:57:03.402 Warning: No components in dz\water_bliss\ponds\enoch_wolisko_35.p3d:geometry
 2:57:03.402 Warning: No components in dz\water_bliss\ponds\enoch_wolisko_36.p3d:geometry
 2:57:03.402 Warning: No components in dz\water_bliss\ponds\enoch_wolisko_38.p3d:geometry
 2:57:03.402 Warning: No components in dz\water_bliss\ponds\enoch_wolisko_39.p3d:geometry
 2:57:03.402 Warning: No components in dz\water_bliss\ponds\enoch_wolisko_4.p3d:geometry
 2:57:03.402 Warning: No components in dz\water_bliss\ponds\enoch_wolisko_40.p3d:geometry
 2:57:03.402 Warning: No components in dz\water_bliss\ponds\enoch_wolisko_41.p3d:geometry
 2:57:03.402 Warning: No components in dz\water_bliss\ponds\enoch_wolisko_42.p3d:geometry
 2:57:03.402 Warning: No components in dz\water_bliss\ponds\enoch_wolisko_43.p3d:geometry
 2:57:03.403 Warning: No components in dz\water_bliss\ponds\enoch_wolisko_5.p3d:geometry
 2:57:03.403 Warning: No components in dz\water_bliss\ponds\enoch_wolisko_6.p3d:geometry
 2:57:03.403 Warning: No components in dz\water_bliss\ponds\enoch_wolisko_7.p3d:geometry
 2:57:03.403 Warning: No components in dz\water_bliss\ponds\enoch_wolisko_8.p3d:geometry
 2:57:03.403 Warning: No components in dz\water_bliss\ponds\enoch_wolisko_9.p3d:geometry
 2:57:03.404 Warning: No components in dz\water_bliss\river\enoch_river_0.p3d:geometry
 2:57:03.404 Warning: No components in dz\water_bliss\river\enoch_river_1.p3d:geometry
 2:57:03.404 Warning: No components in dz\water_bliss\river\enoch_river_10.p3d:geometry
 2:57:03.404 Warning: No components in dz\water_bliss\river\enoch_river_100.p3d:geometry
 2:57:03.404 Warning: No components in dz\water_bliss\river\enoch_river_101.p3d:geometry
 2:57:03.404 Warning: No components in dz\water_bliss\river\enoch_river_102.p3d:geometry
 2:57:03.404 Warning: No components in dz\water_bliss\river\enoch_river_103.p3d:geometry
 2:57:03.404 Warning: No components in dz\water_bliss\river\enoch_river_104.p3d:geometry
 2:57:03.404 Warning: No components in dz\water_bliss\river\enoch_river_105.p3d:geometry
 2:57:03.405 Warning: No components in dz\water_bliss\river\enoch_river_106.p3d:geometry
 2:57:03.405 Warning: No components in dz\water_bliss\river\enoch_river_107.p3d:geometry
 2:57:03.405 Warning: No components in dz\water_bliss\river\enoch_river_108.p3d:geometry
 2:57:03.405 Warning: No components in dz\water_bliss\river\enoch_river_109.p3d:geometry
 2:57:03.405 Warning: No components in dz\water_bliss\river\enoch_river_11.p3d:geometry
 2:57:03.405 Warning: No components in dz\water_bliss\river\enoch_river_110.p3d:geometry
 2:57:03.405 Warning: No components in dz\water_bliss\river\enoch_river_111.p3d:geometry
 2:57:03.405 Warning: No components in dz\water_bliss\river\enoch_river_112.p3d:geometry
 2:57:03.405 Warning: No components in dz\water_bliss\river\enoch_river_113.p3d:geometry
 2:57:03.405 Warning: No components in dz\water_bliss\river\enoch_river_114.p3d:geometry
 2:57:03.405 Warning: No components in dz\water_bliss\river\enoch_river_115.p3d:geometry
 2:57:03.405 Warning: No components in dz\water_bliss\river\enoch_river_116.p3d:geometry
 2:57:03.405 Warning: No components in dz\water_bliss\river\enoch_river_117.p3d:geometry
 2:57:03.405 Warning: No components in dz\water_bliss\river\enoch_river_118.p3d:geometry
 2:57:03.405 Warning: No components in dz\water_bliss\river\enoch_river_119.p3d:geometry
 2:57:03.405 Warning: No components in dz\water_bliss\river\enoch_river_12.p3d:geometry
 2:57:03.405 Warning: No components in dz\water_bliss\river\enoch_river_120.p3d:geometry
 2:57:03.405 Warning: No components in dz\water_bliss\river\enoch_river_121.p3d:geometry
 2:57:03.405 Warning: No components in dz\water_bliss\river\enoch_river_122.p3d:geometry
 2:57:03.405 Warning: No components in dz\water_bliss\river\enoch_river_123.p3d:geometry
 2:57:03.405 Warning: No components in dz\water_bliss\river\enoch_river_124.p3d:geometry
 2:57:03.405 Warning: No components in dz\water_bliss\river\enoch_river_125.p3d:geometry
 2:57:03.405 Warning: No components in dz\water_bliss\river\enoch_river_126.p3d:geometry
 2:57:03.405 Warning: No components in dz\water_bliss\river\enoch_river_127.p3d:geometry
 2:57:03.406 Warning: No components in dz\water_bliss\river\enoch_river_128.p3d:geometry
 2:57:03.406 Warning: No components in dz\water_bliss\river\enoch_river_129.p3d:geometry
 2:57:03.406 Warning: No components in dz\water_bliss\river\enoch_river_13.p3d:geometry
 2:57:03.406 Warning: No components in dz\water_bliss\river\enoch_river_130.p3d:geometry
 2:57:03.406 Warning: No components in dz\water_bliss\river\enoch_river_131.p3d:geometry
 2:57:03.406 Warning: No components in dz\water_bliss\river\enoch_river_132.p3d:geometry
 2:57:03.406 Warning: No components in dz\water_bliss\river\enoch_river_133.p3d:geometry
 2:57:03.406 Warning: No components in dz\water_bliss\river\enoch_river_134.p3d:geometry
 2:57:03.406 Warning: No components in dz\water_bliss\river\enoch_river_135.p3d:geometry
 2:57:03.406 Warning: No components in dz\water_bliss\river\enoch_river_136.p3d:geometry
 2:57:03.406 Warning: No components in dz\water_bliss\river\enoch_river_137.p3d:geometry
 2:57:03.407 Warning: No components in dz\water_bliss\river\enoch_river_138.p3d:geometry
 2:57:03.407 Warning: No components in dz\water_bliss\river\enoch_river_139.p3d:geometry
 2:57:03.407 Warning: No components in dz\water_bliss\river\enoch_river_14.p3d:geometry
 2:57:03.407 Warning: No components in dz\water_bliss\river\enoch_river_140.p3d:geometry
 2:57:03.407 Warning: No components in dz\water_bliss\river\enoch_river_141.p3d:geometry
 2:57:03.407 Warning: No components in dz\water_bliss\river\enoch_river_142.p3d:geometry
 2:57:03.407 Warning: No components in dz\water_bliss\river\enoch_river_143.p3d:geometry
 2:57:03.407 Warning: No components in dz\water_bliss\river\enoch_river_144.p3d:geometry
 2:57:03.407 Warning: No components in dz\water_bliss\river\enoch_river_145.p3d:geometry
 2:57:03.407 Warning: No components in dz\water_bliss\river\enoch_river_146.p3d:geometry
 2:57:03.407 Warning: No components in dz\water_bliss\river\enoch_river_147.p3d:geometry
 2:57:03.407 Warning: No components in dz\water_bliss\river\enoch_river_148.p3d:geometry
 2:57:03.408 Warning: No components in dz\water_bliss\river\enoch_river_149.p3d:geometry
 2:57:03.408 Warning: No components in dz\water_bliss\river\enoch_river_15.p3d:geometry
 2:57:03.408 Warning: No components in dz\water_bliss\river\enoch_river_150.p3d:geometry
 2:57:03.408 Warning: No components in dz\water_bliss\river\enoch_river_151.p3d:geometry
 2:57:03.408 Warning: No components in dz\water_bliss\river\enoch_river_152.p3d:geometry
 2:57:03.408 Warning: No components in dz\water_bliss\river\enoch_river_153.p3d:geometry
 2:57:03.408 Warning: No components in dz\water_bliss\river\enoch_river_154.p3d:geometry
 2:57:03.409 Warning: No components in dz\water_bliss\river\enoch_river_155.p3d:geometry
 2:57:03.409 Warning: No components in dz\water_bliss\river\enoch_river_156.p3d:geometry
 2:57:03.409 Warning: No components in dz\water_bliss\river\enoch_river_157.p3d:geometry
 2:57:03.409 Warning: No components in dz\water_bliss\river\enoch_river_158.p3d:geometry
 2:57:03.409 Warning: No components in dz\water_bliss\river\enoch_river_159.p3d:geometry
 2:57:03.409 Warning: No components in dz\water_bliss\river\enoch_river_16.p3d:geometry
 2:57:03.409 Warning: No components in dz\water_bliss\river\enoch_river_160.p3d:geometry
 2:57:03.409 Warning: No components in dz\water_bliss\river\enoch_river_161.p3d:geometry
 2:57:03.409 Warning: No components in dz\water_bliss\river\enoch_river_162.p3d:geometry
 2:57:03.409 Warning: No components in dz\water_bliss\river\enoch_river_163.p3d:geometry
 2:57:03.409 Warning: No components in dz\water_bliss\river\enoch_river_164.p3d:geometry
 2:57:03.409 Warning: No components in dz\water_bliss\river\enoch_river_165.p3d:geometry
 2:57:03.409 Warning: No components in dz\water_bliss\river\enoch_river_166.p3d:geometry
 2:57:03.409 Warning: No components in dz\water_bliss\river\enoch_river_167.p3d:geometry
 2:57:03.409 Warning: No components in dz\water_bliss\river\enoch_river_168.p3d:geometry
 2:57:03.409 Warning: No components in dz\water_bliss\river\enoch_river_169.p3d:geometry
 2:57:03.409 Warning: No components in dz\water_bliss\river\enoch_river_17.p3d:geometry
 2:57:03.410 Warning: No components in dz\water_bliss\river\enoch_river_170.p3d:geometry
 2:57:03.410 Warning: No components in dz\water_bliss\river\enoch_river_171.p3d:geometry
 2:57:03.410 Warning: No components in dz\water_bliss\river\enoch_river_172.p3d:geometry
 2:57:03.410 Warning: No components in dz\water_bliss\river\enoch_river_173.p3d:geometry
 2:57:03.410 Warning: No components in dz\water_bliss\river\enoch_river_174.p3d:geometry
 2:57:03.410 Warning: No components in dz\water_bliss\river\enoch_river_175.p3d:geometry
 2:57:03.410 Warning: No components in dz\water_bliss\river\enoch_river_176.p3d:geometry
 2:57:03.410 Warning: No components in dz\water_bliss\river\enoch_river_177.p3d:geometry
 2:57:03.410 Warning: No components in dz\water_bliss\river\enoch_river_178.p3d:geometry
 2:57:03.410 Warning: No components in dz\water_bliss\river\enoch_river_179.p3d:geometry
 2:57:03.410 Warning: No components in dz\water_bliss\river\enoch_river_18.p3d:geometry
 2:57:03.410 Warning: No components in dz\water_bliss\river\enoch_river_180.p3d:geometry
 2:57:03.411 Warning: No components in dz\water_bliss\river\enoch_river_181.p3d:geometry
 2:57:03.411 Warning: No components in dz\water_bliss\river\enoch_river_182.p3d:geometry
 2:57:03.411 Warning: No components in dz\water_bliss\river\enoch_river_183.p3d:geometry
 2:57:03.411 Warning: No components in dz\water_bliss\river\enoch_river_184.p3d:geometry
 2:57:03.411 Warning: No components in dz\water_bliss\river\enoch_river_185.p3d:geometry
 2:57:03.411 Warning: No components in dz\water_bliss\river\enoch_river_186.p3d:geometry
 2:57:03.411 Warning: No components in dz\water_bliss\river\enoch_river_187.p3d:geometry
 2:57:03.411 Warning: No components in dz\water_bliss\river\enoch_river_188.p3d:geometry
 2:57:03.411 Warning: No components in dz\water_bliss\river\enoch_river_189.p3d:geometry
 2:57:03.412 Warning: No components in dz\water_bliss\river\enoch_river_19.p3d:geometry
 2:57:03.412 Warning: No components in dz\water_bliss\river\enoch_river_190.p3d:geometry
 2:57:03.412 Warning: No components in dz\water_bliss\river\enoch_river_191.p3d:geometry
 2:57:03.412 Warning: No components in dz\water_bliss\river\enoch_river_192.p3d:geometry
 2:57:03.412 Warning: No components in dz\water_bliss\river\enoch_river_193.p3d:geometry
 2:57:03.412 Warning: No components in dz\water_bliss\river\enoch_river_194.p3d:geometry
 2:57:03.412 Warning: No components in dz\water_bliss\river\enoch_river_195.p3d:geometry
 2:57:03.412 Warning: No components in dz\water_bliss\river\enoch_river_196.p3d:geometry
 2:57:03.412 Warning: No components in dz\water_bliss\river\enoch_river_197.p3d:geometry
 2:57:03.412 Warning: No components in dz\water_bliss\river\enoch_river_198.p3d:geometry
 2:57:03.412 Warning: No components in dz\water_bliss\river\enoch_river_199.p3d:geometry
 2:57:03.412 Warning: No components in dz\water_bliss\river\enoch_river_2.p3d:geometry
 2:57:03.412 Warning: No components in dz\water_bliss\river\enoch_river_20.p3d:geometry
 2:57:03.412 Warning: No components in dz\water_bliss\river\enoch_river_200.p3d:geometry
 2:57:03.412 Warning: No components in dz\water_bliss\river\enoch_river_201.p3d:geometry
 2:57:03.412 Warning: No components in dz\water_bliss\river\enoch_river_202.p3d:geometry
 2:57:03.412 Warning: No components in dz\water_bliss\river\enoch_river_203.p3d:geometry
 2:57:03.412 Warning: No components in dz\water_bliss\river\enoch_river_204.p3d:geometry
 2:57:03.412 Warning: No components in dz\water_bliss\river\enoch_river_205.p3d:geometry
 2:57:03.412 Warning: No components in dz\water_bliss\river\enoch_river_206.p3d:geometry
 2:57:03.412 Warning: No components in dz\water_bliss\river\enoch_river_207.p3d:geometry
 2:57:03.412 Warning: No components in dz\water_bliss\river\enoch_river_208.p3d:geometry
 2:57:03.413 Warning: No components in dz\water_bliss\river\enoch_river_209.p3d:geometry
 2:57:03.413 Warning: No components in dz\water_bliss\river\enoch_river_21.p3d:geometry
 2:57:03.413 Warning: No components in dz\water_bliss\river\enoch_river_210.p3d:geometry
 2:57:03.413 Warning: No components in dz\water_bliss\river\enoch_river_211.p3d:geometry
 2:57:03.413 Warning: No components in dz\water_bliss\river\enoch_river_212.p3d:geometry
 2:57:03.413 Warning: No components in dz\water_bliss\river\enoch_river_213.p3d:geometry
 2:57:03.413 Warning: No components in dz\water_bliss\river\enoch_river_214.p3d:geometry
 2:57:03.413 Warning: No components in dz\water_bliss\river\enoch_river_215.p3d:geometry
 2:57:03.413 Warning: No components in dz\water_bliss\river\enoch_river_216.p3d:geometry
 2:57:03.413 Warning: No components in dz\water_bliss\river\enoch_river_217.p3d:geometry
 2:57:03.413 Warning: No components in dz\water_bliss\river\enoch_river_218.p3d:geometry
 2:57:03.413 Warning: No components in dz\water_bliss\river\enoch_river_219.p3d:geometry
 2:57:03.414 Warning: No components in dz\water_bliss\river\enoch_river_22.p3d:geometry
 2:57:03.414 Warning: No components in dz\water_bliss\river\enoch_river_220.p3d:geometry
 2:57:03.414 Warning: No components in dz\water_bliss\river\enoch_river_221.p3d:geometry
 2:57:03.414 Warning: No components in dz\water_bliss\river\enoch_river_222.p3d:geometry
 2:57:03.415 Warning: No components in dz\water_bliss\river\enoch_river_223.p3d:geometry
 2:57:03.415 Warning: No components in dz\water_bliss\river\enoch_river_224.p3d:geometry
 2:57:03.415 Warning: No components in dz\water_bliss\river\enoch_river_225.p3d:geometry
 2:57:03.415 Warning: No components in dz\water_bliss\river\enoch_river_226.p3d:geometry
 2:57:03.415 Warning: No components in dz\water_bliss\river\enoch_river_227.p3d:geometry
 2:57:03.415 Warning: No components in dz\water_bliss\river\enoch_river_228.p3d:geometry
 2:57:03.415 Warning: No components in dz\water_bliss\river\enoch_river_229.p3d:geometry
 2:57:03.415 Warning: No components in dz\water_bliss\river\enoch_river_23.p3d:geometry
 2:57:03.415 Warning: No components in dz\water_bliss\river\enoch_river_230.p3d:geometry
 2:57:03.415 Warning: No components in dz\water_bliss\river\enoch_river_231.p3d:geometry
 2:57:03.415 Warning: No components in dz\water_bliss\river\enoch_river_232.p3d:geometry
 2:57:03.415 Warning: No components in dz\water_bliss\river\enoch_river_233.p3d:geometry
 2:57:03.415 Warning: No components in dz\water_bliss\river\enoch_river_234.p3d:geometry
 2:57:03.415 Warning: No components in dz\water_bliss\river\enoch_river_235.p3d:geometry
 2:57:03.415 Warning: No components in dz\water_bliss\river\enoch_river_236.p3d:geometry
 2:57:03.415 Warning: No components in dz\water_bliss\river\enoch_river_237.p3d:geometry
 2:57:03.415 Warning: No components in dz\water_bliss\river\enoch_river_238.p3d:geometry
 2:57:03.415 Warning: No components in dz\water_bliss\river\enoch_river_239.p3d:geometry
 2:57:03.415 Warning: No components in dz\water_bliss\river\enoch_river_24.p3d:geometry
 2:57:03.416 Warning: No components in dz\water_bliss\river\enoch_river_240.p3d:geometry
 2:57:03.416 Warning: No components in dz\water_bliss\river\enoch_river_241.p3d:geometry
 2:57:03.416 Warning: No components in dz\water_bliss\river\enoch_river_242.p3d:geometry
 2:57:03.416 Warning: No components in dz\water_bliss\river\enoch_river_243.p3d:geometry
 2:57:03.416 Warning: No components in dz\water_bliss\river\enoch_river_244.p3d:geometry
 2:57:03.416 Warning: No components in dz\water_bliss\river\enoch_river_245.p3d:geometry
 2:57:03.416 Warning: No components in dz\water_bliss\river\enoch_river_246.p3d:geometry
 2:57:03.416 Warning: No components in dz\water_bliss\river\enoch_river_247.p3d:geometry
 2:57:03.416 Warning: No components in dz\water_bliss\river\enoch_river_248.p3d:geometry
 2:57:03.416 Warning: No components in dz\water_bliss\river\enoch_river_249.p3d:geometry
 2:57:03.416 Warning: No components in dz\water_bliss\river\enoch_river_25.p3d:geometry
 2:57:03.416 Warning: No components in dz\water_bliss\river\enoch_river_250.p3d:geometry
 2:57:03.417 Warning: No components in dz\water_bliss\river\enoch_river_251.p3d:geometry
 2:57:03.417 Warning: No components in dz\water_bliss\river\enoch_river_252.p3d:geometry
 2:57:03.417 Warning: No components in dz\water_bliss\river\enoch_river_253.p3d:geometry
 2:57:03.417 Warning: No components in dz\water_bliss\river\enoch_river_254.p3d:geometry
 2:57:03.417 Warning: No components in dz\water_bliss\river\enoch_river_255.p3d:geometry
 2:57:03.417 Warning: No components in dz\water_bliss\river\enoch_river_256.p3d:geometry
 2:57:03.417 Warning: No components in dz\water_bliss\river\enoch_river_257.p3d:geometry
 2:57:03.417 Warning: No components in dz\water_bliss\river\enoch_river_258.p3d:geometry
 2:57:03.417 Warning: No components in dz\water_bliss\river\enoch_river_259.p3d:geometry
 2:57:03.417 Warning: No components in dz\water_bliss\river\enoch_river_26.p3d:geometry
 2:57:03.418 Warning: No components in dz\water_bliss\river\enoch_river_260.p3d:geometry
 2:57:03.418 Warning: No components in dz\water_bliss\river\enoch_river_261.p3d:geometry
 2:57:03.418 Warning: No components in dz\water_bliss\river\enoch_river_262.p3d:geometry
 2:57:03.418 Warning: No components in dz\water_bliss\river\enoch_river_263.p3d:geometry
 2:57:03.418 Warning: No components in dz\water_bliss\river\enoch_river_264.p3d:geometry
 2:57:03.418 Warning: No components in dz\water_bliss\river\enoch_river_265.p3d:geometry
 2:57:03.418 Warning: No components in dz\water_bliss\river\enoch_river_266.p3d:geometry
 2:57:03.418 Warning: No components in dz\water_bliss\river\enoch_river_267.p3d:geometry
 2:57:03.418 Warning: No components in dz\water_bliss\river\enoch_river_268.p3d:geometry
 2:57:03.418 Warning: No components in dz\water_bliss\river\enoch_river_269.p3d:geometry
 2:57:03.418 Warning: No components in dz\water_bliss\river\enoch_river_27.p3d:geometry
 2:57:03.418 Warning: No components in dz\water_bliss\river\enoch_river_270.p3d:geometry
 2:57:03.418 Warning: No components in dz\water_bliss\river\enoch_river_271.p3d:geometry
 2:57:03.419 Warning: No components in dz\water_bliss\river\enoch_river_272.p3d:geometry
 2:57:03.419 Warning: No components in dz\water_bliss\river\enoch_river_273.p3d:geometry
 2:57:03.419 Warning: No components in dz\water_bliss\river\enoch_river_274.p3d:geometry
 2:57:03.419 Warning: No components in dz\water_bliss\river\enoch_river_275.p3d:geometry
 2:57:03.419 Warning: No components in dz\water_bliss\river\enoch_river_276.p3d:geometry
 2:57:03.419 Warning: No components in dz\water_bliss\river\enoch_river_277.p3d:geometry
 2:57:03.419 Warning: No components in dz\water_bliss\river\enoch_river_278.p3d:geometry
 2:57:03.419 Warning: No components in dz\water_bliss\river\enoch_river_279.p3d:geometry
 2:57:03.419 Warning: No components in dz\water_bliss\river\enoch_river_28.p3d:geometry
 2:57:03.419 Warning: No components in dz\water_bliss\river\enoch_river_280.p3d:geometry
 2:57:03.419 Warning: No components in dz\water_bliss\river\enoch_river_281.p3d:geometry
 2:57:03.419 Warning: No components in dz\water_bliss\river\enoch_river_282.p3d:geometry
 2:57:03.419 Warning: No components in dz\water_bliss\river\enoch_river_283.p3d:geometry
 2:57:03.419 Warning: No components in dz\water_bliss\river\enoch_river_284.p3d:geometry
 2:57:03.419 Warning: No components in dz\water_bliss\river\enoch_river_285.p3d:geometry
 2:57:03.420 Warning: No components in dz\water_bliss\river\enoch_river_286.p3d:geometry
 2:57:03.420 Warning: No components in dz\water_bliss\river\enoch_river_287.p3d:geometry
 2:57:03.420 Warning: No components in dz\water_bliss\river\enoch_river_288.p3d:geometry
 2:57:03.420 Warning: No components in dz\water_bliss\river\enoch_river_289.p3d:geometry
 2:57:03.420 Warning: No components in dz\water_bliss\river\enoch_river_29.p3d:geometry
 2:57:03.420 Warning: No components in dz\water_bliss\river\enoch_river_290.p3d:geometry
 2:57:03.420 Warning: No components in dz\water_bliss\river\enoch_river_291.p3d:geometry
 2:57:03.420 Warning: No components in dz\water_bliss\river\enoch_river_292.p3d:geometry
 2:57:03.420 Warning: No components in dz\water_bliss\river\enoch_river_293.p3d:geometry
 2:57:03.420 Warning: No components in dz\water_bliss\river\enoch_river_294.p3d:geometry
 2:57:03.420 Warning: No components in dz\water_bliss\river\enoch_river_295.p3d:geometry
 2:57:03.420 Warning: No components in dz\water_bliss\river\enoch_river_296.p3d:geometry
 2:57:03.420 Warning: No components in dz\water_bliss\river\enoch_river_297.p3d:geometry
 2:57:03.420 Warning: No components in dz\water_bliss\river\enoch_river_298.p3d:geometry
 2:57:03.420 Warning: No components in dz\water_bliss\river\enoch_river_299.p3d:geometry
 2:57:03.420 Warning: No components in dz\water_bliss\river\enoch_river_3.p3d:geometry
 2:57:03.420 Warning: No components in dz\water_bliss\river\enoch_river_30.p3d:geometry
 2:57:03.420 Warning: No components in dz\water_bliss\river\enoch_river_300.p3d:geometry
 2:57:03.420 Warning: No components in dz\water_bliss\river\enoch_river_301.p3d:geometry
 2:57:03.420 Warning: No components in dz\water_bliss\river\enoch_river_302.p3d:geometry
 2:57:03.421 Warning: No components in dz\water_bliss\river\enoch_river_303.p3d:geometry
 2:57:03.421 Warning: No components in dz\water_bliss\river\enoch_river_304.p3d:geometry
 2:57:03.421 Warning: No components in dz\water_bliss\river\enoch_river_305.p3d:geometry
 2:57:03.421 Warning: No components in dz\water_bliss\river\enoch_river_306.p3d:geometry
 2:57:03.421 Warning: No components in dz\water_bliss\river\enoch_river_307.p3d:geometry
 2:57:03.421 Warning: No components in dz\water_bliss\river\enoch_river_308.p3d:geometry
 2:57:03.421 Warning: No components in dz\water_bliss\river\enoch_river_309.p3d:geometry
 2:57:03.421 Warning: No components in dz\water_bliss\river\enoch_river_31.p3d:geometry
 2:57:03.421 Warning: No components in dz\water_bliss\river\enoch_river_310.p3d:geometry
 2:57:03.421 Warning: No components in dz\water_bliss\river\enoch_river_311.p3d:geometry
 2:57:03.421 Warning: No components in dz\water_bliss\river\enoch_river_312.p3d:geometry
 2:57:03.421 Warning: No components in dz\water_bliss\river\enoch_river_313.p3d:geometry
 2:57:03.421 Warning: No components in dz\water_bliss\river\enoch_river_314.p3d:geometry
 2:57:03.421 Warning: No components in dz\water_bliss\river\enoch_river_315.p3d:geometry
 2:57:03.422 Warning: No components in dz\water_bliss\river\enoch_river_316.p3d:geometry
 2:57:03.422 Warning: No components in dz\water_bliss\river\enoch_river_317.p3d:geometry
 2:57:03.422 Warning: No components in dz\water_bliss\river\enoch_river_318.p3d:geometry
 2:57:03.422 Warning: No components in dz\water_bliss\river\enoch_river_319.p3d:geometry
 2:57:03.422 Warning: No components in dz\water_bliss\river\enoch_river_32.p3d:geometry
 2:57:03.422 Warning: No components in dz\water_bliss\river\enoch_river_320.p3d:geometry
 2:57:03.422 Warning: No components in dz\water_bliss\river\enoch_river_321.p3d:geometry
 2:57:03.422 Warning: No components in dz\water_bliss\river\enoch_river_322.p3d:geometry
 2:57:03.422 Warning: No components in dz\water_bliss\river\enoch_river_323.p3d:geometry
 2:57:03.422 Warning: No components in dz\water_bliss\river\enoch_river_324.p3d:geometry
 2:57:03.422 Warning: No components in dz\water_bliss\river\enoch_river_325.p3d:geometry
 2:57:03.422 Warning: No components in dz\water_bliss\river\enoch_river_326.p3d:geometry
 2:57:03.422 Warning: No components in dz\water_bliss\river\enoch_river_327.p3d:geometry
 2:57:03.422 Warning: No components in dz\water_bliss\river\enoch_river_328.p3d:geometry
 2:57:03.422 Warning: No components in dz\water_bliss\river\enoch_river_329.p3d:geometry
 2:57:03.422 Warning: No components in dz\water_bliss\river\enoch_river_33.p3d:geometry
 2:57:03.422 Warning: No components in dz\water_bliss\river\enoch_river_330.p3d:geometry
 2:57:03.422 Warning: No components in dz\water_bliss\river\enoch_river_331.p3d:geometry
 2:57:03.422 Warning: No components in dz\water_bliss\river\enoch_river_332.p3d:geometry
 2:57:03.422 Warning: No components in dz\water_bliss\river\enoch_river_333.p3d:geometry
 2:57:03.423 Warning: No components in dz\water_bliss\river\enoch_river_334.p3d:geometry
 2:57:03.423 Warning: No components in dz\water_bliss\river\enoch_river_335.p3d:geometry
 2:57:03.423 Warning: No components in dz\water_bliss\river\enoch_river_336.p3d:geometry
 2:57:03.423 Warning: No components in dz\water_bliss\river\enoch_river_337.p3d:geometry
 2:57:03.423 Warning: No components in dz\water_bliss\river\enoch_river_338.p3d:geometry
 2:57:03.423 Warning: No components in dz\water_bliss\river\enoch_river_339.p3d:geometry
 2:57:03.423 Warning: No components in dz\water_bliss\river\enoch_river_34.p3d:geometry
 2:57:03.423 Warning: No components in dz\water_bliss\river\enoch_river_340.p3d:geometry
 2:57:03.423 Warning: No components in dz\water_bliss\river\enoch_river_341.p3d:geometry
 2:57:03.423 Warning: No components in dz\water_bliss\river\enoch_river_342.p3d:geometry
 2:57:03.423 Warning: No components in dz\water_bliss\river\enoch_river_343.p3d:geometry
 2:57:03.423 Warning: No components in dz\water_bliss\river\enoch_river_344.p3d:geometry
 2:57:03.423 Warning: No components in dz\water_bliss\river\enoch_river_345.p3d:geometry
 2:57:03.424 Warning: No components in dz\water_bliss\river\enoch_river_346.p3d:geometry
 2:57:03.424 Warning: No components in dz\water_bliss\river\enoch_river_347.p3d:geometry
 2:57:03.424 Warning: No components in dz\water_bliss\river\enoch_river_348.p3d:geometry
 2:57:03.424 Warning: No components in dz\water_bliss\river\enoch_river_349.p3d:geometry
 2:57:03.424 Warning: No components in dz\water_bliss\river\enoch_river_35.p3d:geometry
 2:57:03.424 Warning: No components in dz\water_bliss\river\enoch_river_350.p3d:geometry
 2:57:03.424 Warning: No components in dz\water_bliss\river\enoch_river_351.p3d:geometry
 2:57:03.424 Warning: No components in dz\water_bliss\river\enoch_river_352.p3d:geometry
 2:57:03.424 Warning: No components in dz\water_bliss\river\enoch_river_353.p3d:geometry
 2:57:03.424 Warning: No components in dz\water_bliss\river\enoch_river_354.p3d:geometry
 2:57:03.424 Warning: No components in dz\water_bliss\river\enoch_river_355.p3d:geometry
 2:57:03.424 Warning: No components in dz\water_bliss\river\enoch_river_356.p3d:geometry
 2:57:03.424 Warning: No components in dz\water_bliss\river\enoch_river_357.p3d:geometry
 2:57:03.425 Warning: No components in dz\water_bliss\river\enoch_river_358.p3d:geometry
 2:57:03.425 Warning: No components in dz\water_bliss\river\enoch_river_359.p3d:geometry
 2:57:03.425 Warning: No components in dz\water_bliss\river\enoch_river_36.p3d:geometry
 2:57:03.425 Warning: No components in dz\water_bliss\river\enoch_river_360.p3d:geometry
 2:57:03.425 Warning: No components in dz\water_bliss\river\enoch_river_361.p3d:geometry
 2:57:03.425 Warning: No components in dz\water_bliss\river\enoch_river_362.p3d:geometry
 2:57:03.425 Warning: No components in dz\water_bliss\river\enoch_river_363.p3d:geometry
 2:57:03.425 Warning: No components in dz\water_bliss\river\enoch_river_364.p3d:geometry
 2:57:03.425 Warning: No components in dz\water_bliss\river\enoch_river_365.p3d:geometry
 2:57:03.425 Warning: No components in dz\water_bliss\river\enoch_river_366.p3d:geometry
 2:57:03.425 Warning: No components in dz\water_bliss\river\enoch_river_367.p3d:geometry
 2:57:03.425 Warning: No components in dz\water_bliss\river\enoch_river_368.p3d:geometry
 2:57:03.425 Warning: No components in dz\water_bliss\river\enoch_river_369.p3d:geometry
 2:57:03.425 Warning: No components in dz\water_bliss\river\enoch_river_37.p3d:geometry
 2:57:03.426 Warning: No components in dz\water_bliss\river\enoch_river_370.p3d:geometry
 2:57:03.426 Warning: No components in dz\water_bliss\river\enoch_river_371.p3d:geometry
 2:57:03.426 Warning: No components in dz\water_bliss\river\enoch_river_372.p3d:geometry
 2:57:03.426 Warning: No components in dz\water_bliss\river\enoch_river_373.p3d:geometry
 2:57:03.426 Warning: No components in dz\water_bliss\river\enoch_river_374.p3d:geometry
 2:57:03.426 Warning: No components in dz\water_bliss\river\enoch_river_375.p3d:geometry
 2:57:03.426 Warning: No components in dz\water_bliss\river\enoch_river_376.p3d:geometry
 2:57:03.426 Warning: No components in dz\water_bliss\river\enoch_river_377.p3d:geometry
 2:57:03.426 Warning: No components in dz\water_bliss\river\enoch_river_378.p3d:geometry
 2:57:03.426 Warning: No components in dz\water_bliss\river\enoch_river_379.p3d:geometry
 2:57:03.426 Warning: No components in dz\water_bliss\river\enoch_river_38.p3d:geometry
 2:57:03.426 Warning: No components in dz\water_bliss\river\enoch_river_380.p3d:geometry
 2:57:03.426 Warning: No components in dz\water_bliss\river\enoch_river_381.p3d:geometry
 2:57:03.427 Warning: No components in dz\water_bliss\river\enoch_river_382.p3d:geometry
 2:57:03.427 Warning: No components in dz\water_bliss\river\enoch_river_383.p3d:geometry
 2:57:03.427 Warning: No components in dz\water_bliss\river\enoch_river_384.p3d:geometry
 2:57:03.427 Warning: No components in dz\water_bliss\river\enoch_river_385.p3d:geometry
 2:57:03.427 Warning: No components in dz\water_bliss\river\enoch_river_386.p3d:geometry
 2:57:03.427 Warning: No components in dz\water_bliss\river\enoch_river_387.p3d:geometry
 2:57:03.427 Warning: No components in dz\water_bliss\river\enoch_river_388.p3d:geometry
 2:57:03.427 Warning: No components in dz\water_bliss\river\enoch_river_389.p3d:geometry
 2:57:03.427 Warning: No components in dz\water_bliss\river\enoch_river_39.p3d:geometry
 2:57:03.427 Warning: No components in dz\water_bliss\river\enoch_river_390.p3d:geometry
 2:57:03.427 Warning: No components in dz\water_bliss\river\enoch_river_391.p3d:geometry
 2:57:03.427 Warning: No components in dz\water_bliss\river\enoch_river_392.p3d:geometry
 2:57:03.428 Warning: No components in dz\water_bliss\river\enoch_river_393.p3d:geometry
 2:57:03.428 Warning: No components in dz\water_bliss\river\enoch_river_394.p3d:geometry
 2:57:03.428 Warning: No components in dz\water_bliss\river\enoch_river_395.p3d:geometry
 2:57:03.428 Warning: No components in dz\water_bliss\river\enoch_river_396.p3d:geometry
 2:57:03.428 Warning: No components in dz\water_bliss\river\enoch_river_397.p3d:geometry
 2:57:03.429 Warning: No components in dz\water_bliss\river\enoch_river_398.p3d:geometry
 2:57:03.429 Warning: No components in dz\water_bliss\river\enoch_river_399.p3d:geometry
 2:57:03.429 Warning: No components in dz\water_bliss\river\enoch_river_4.p3d:geometry
 2:57:03.429 Warning: No components in dz\water_bliss\river\enoch_river_40.p3d:geometry
 2:57:03.429 Warning: No components in dz\water_bliss\river\enoch_river_400.p3d:geometry
 2:57:03.429 Warning: No components in dz\water_bliss\river\enoch_river_401.p3d:geometry
 2:57:03.429 Warning: No components in dz\water_bliss\river\enoch_river_402.p3d:geometry
 2:57:03.429 Warning: No components in dz\water_bliss\river\enoch_river_403.p3d:geometry
 2:57:03.430 Warning: No components in dz\water_bliss\river\enoch_river_404.p3d:geometry
 2:57:03.430 Warning: No components in dz\water_bliss\river\enoch_river_405.p3d:geometry
 2:57:03.430 Warning: No components in dz\water_bliss\river\enoch_river_406.p3d:geometry
 2:57:03.430 Warning: No components in dz\water_bliss\river\enoch_river_407.p3d:geometry
 2:57:03.430 Warning: No components in dz\water_bliss\river\enoch_river_408.p3d:geometry
 2:57:03.430 Warning: No components in dz\water_bliss\river\enoch_river_409.p3d:geometry
 2:57:03.430 Warning: No components in dz\water_bliss\river\enoch_river_41.p3d:geometry
 2:57:03.430 Warning: No components in dz\water_bliss\river\enoch_river_410.p3d:geometry
 2:57:03.430 Warning: No components in dz\water_bliss\river\enoch_river_411.p3d:geometry
 2:57:03.430 Warning: No components in dz\water_bliss\river\enoch_river_412.p3d:geometry
 2:57:03.430 Warning: No components in dz\water_bliss\river\enoch_river_413.p3d:geometry
 2:57:03.430 Warning: No components in dz\water_bliss\river\enoch_river_414.p3d:geometry
 2:57:03.430 Warning: No components in dz\water_bliss\river\enoch_river_415.p3d:geometry
 2:57:03.430 Warning: No components in dz\water_bliss\river\enoch_river_416.p3d:geometry
 2:57:03.430 Warning: No components in dz\water_bliss\river\enoch_river_417.p3d:geometry
 2:57:03.430 Warning: No components in dz\water_bliss\river\enoch_river_418.p3d:geometry
 2:57:03.430 Warning: No components in dz\water_bliss\river\enoch_river_419.p3d:geometry
 2:57:03.430 Warning: No components in dz\water_bliss\river\enoch_river_42.p3d:geometry
 2:57:03.430 Warning: No components in dz\water_bliss\river\enoch_river_420.p3d:geometry
 2:57:03.430 Warning: No components in dz\water_bliss\river\enoch_river_421.p3d:geometry
 2:57:03.430 Warning: No components in dz\water_bliss\river\enoch_river_422.p3d:geometry
 2:57:03.430 Warning: No components in dz\water_bliss\river\enoch_river_423.p3d:geometry
 2:57:03.431 Warning: No components in dz\water_bliss\river\enoch_river_424.p3d:geometry
 2:57:03.431 Warning: No components in dz\water_bliss\river\enoch_river_425.p3d:geometry
 2:57:03.431 Warning: No components in dz\water_bliss\river\enoch_river_426.p3d:geometry
 2:57:03.431 Warning: No components in dz\water_bliss\river\enoch_river_427.p3d:geometry
 2:57:03.431 Warning: No components in dz\water_bliss\river\enoch_river_428.p3d:geometry
 2:57:03.432 Warning: No components in dz\water_bliss\river\enoch_river_429.p3d:geometry
 2:57:03.432 Warning: No components in dz\water_bliss\river\enoch_river_43.p3d:geometry
 2:57:03.432 Warning: No components in dz\water_bliss\river\enoch_river_430.p3d:geometry
 2:57:03.433 Warning: No components in dz\water_bliss\river\enoch_river_431.p3d:geometry
 2:57:03.433 Warning: No components in dz\water_bliss\river\enoch_river_432.p3d:geometry
 2:57:03.433 Warning: No components in dz\water_bliss\river\enoch_river_433.p3d:geometry
 2:57:03.433 Warning: No components in dz\water_bliss\river\enoch_river_434.p3d:geometry
 2:57:03.433 Warning: No components in dz\water_bliss\river\enoch_river_435.p3d:geometry
 2:57:03.433 Warning: No components in dz\water_bliss\river\enoch_river_436.p3d:geometry
 2:57:03.433 Warning: No components in dz\water_bliss\river\enoch_river_437.p3d:geometry
 2:57:03.433 Warning: No components in dz\water_bliss\river\enoch_river_438.p3d:geometry
 2:57:03.433 Warning: No components in dz\water_bliss\river\enoch_river_439.p3d:geometry
 2:57:03.433 Warning: No components in dz\water_bliss\river\enoch_river_44.p3d:geometry
 2:57:03.433 Warning: No components in dz\water_bliss\river\enoch_river_440.p3d:geometry
 2:57:03.433 Warning: No components in dz\water_bliss\river\enoch_river_441.p3d:geometry
 2:57:03.433 Warning: No components in dz\water_bliss\river\enoch_river_442.p3d:geometry
 2:57:03.433 Warning: No components in dz\water_bliss\river\enoch_river_443.p3d:geometry
 2:57:03.433 Warning: No components in dz\water_bliss\river\enoch_river_444.p3d:geometry
 2:57:03.433 Warning: No components in dz\water_bliss\river\enoch_river_445.p3d:geometry
 2:57:03.433 Warning: No components in dz\water_bliss\river\enoch_river_446.p3d:geometry
 2:57:03.433 Warning: No components in dz\water_bliss\river\enoch_river_447.p3d:geometry
 2:57:03.433 Warning: No components in dz\water_bliss\river\enoch_river_448.p3d:geometry
 2:57:03.434 Warning: No components in dz\water_bliss\river\enoch_river_449.p3d:geometry
 2:57:03.434 Warning: No components in dz\water_bliss\river\enoch_river_45.p3d:geometry
 2:57:03.434 Warning: No components in dz\water_bliss\river\enoch_river_450.p3d:geometry
 2:57:03.434 Warning: No components in dz\water_bliss\river\enoch_river_451.p3d:geometry
 2:57:03.434 Warning: No components in dz\water_bliss\river\enoch_river_452.p3d:geometry
 2:57:03.434 Warning: No components in dz\water_bliss\river\enoch_river_453.p3d:geometry
 2:57:03.434 Warning: No components in dz\water_bliss\river\enoch_river_454.p3d:geometry
 2:57:03.434 Warning: No components in dz\water_bliss\river\enoch_river_455.p3d:geometry
 2:57:03.434 Warning: No components in dz\water_bliss\river\enoch_river_456.p3d:geometry
 2:57:03.434 Warning: No components in dz\water_bliss\river\enoch_river_457.p3d:geometry
 2:57:03.434 Warning: No components in dz\water_bliss\river\enoch_river_458.p3d:geometry
 2:57:03.435 Warning: No components in dz\water_bliss\river\enoch_river_459.p3d:geometry
 2:57:03.435 Warning: No components in dz\water_bliss\river\enoch_river_46.p3d:geometry
 2:57:03.435 Warning: No components in dz\water_bliss\river\enoch_river_460.p3d:geometry
 2:57:03.435 Warning: No components in dz\water_bliss\river\enoch_river_461.p3d:geometry
 2:57:03.435 Warning: No components in dz\water_bliss\river\enoch_river_462.p3d:geometry
 2:57:03.436 Warning: No components in dz\water_bliss\river\enoch_river_463.p3d:geometry
 2:57:03.436 Warning: No components in dz\water_bliss\river\enoch_river_464.p3d:geometry
 2:57:03.436 Warning: No components in dz\water_bliss\river\enoch_river_465.p3d:geometry
 2:57:03.436 Warning: No components in dz\water_bliss\river\enoch_river_466.p3d:geometry
 2:57:03.436 Warning: No components in dz\water_bliss\river\enoch_river_467.p3d:geometry
 2:57:03.436 Warning: No components in dz\water_bliss\river\enoch_river_468.p3d:geometry
 2:57:03.436 Warning: No components in dz\water_bliss\river\enoch_river_469.p3d:geometry
 2:57:03.436 Warning: No components in dz\water_bliss\river\enoch_river_47.p3d:geometry
 2:57:03.436 Warning: No components in dz\water_bliss\river\enoch_river_470.p3d:geometry
 2:57:03.436 Warning: No components in dz\water_bliss\river\enoch_river_471.p3d:geometry
 2:57:03.436 Warning: No components in dz\water_bliss\river\enoch_river_472.p3d:geometry
 2:57:03.436 Warning: No components in dz\water_bliss\river\enoch_river_473.p3d:geometry
 2:57:03.436 Warning: No components in dz\water_bliss\river\enoch_river_474.p3d:geometry
 2:57:03.436 Warning: No components in dz\water_bliss\river\enoch_river_475.p3d:geometry
 2:57:03.436 Warning: No components in dz\water_bliss\river\enoch_river_476.p3d:geometry
 2:57:03.436 Warning: No components in dz\water_bliss\river\enoch_river_477.p3d:geometry
 2:57:03.436 Warning: No components in dz\water_bliss\river\enoch_river_478.p3d:geometry
 2:57:03.436 Warning: No components in dz\water_bliss\river\enoch_river_479.p3d:geometry
 2:57:03.436 Warning: No components in dz\water_bliss\river\enoch_river_48.p3d:geometry
 2:57:03.436 Warning: No components in dz\water_bliss\river\enoch_river_480.p3d:geometry
 2:57:03.437 Warning: No components in dz\water_bliss\river\enoch_river_481.p3d:geometry
 2:57:03.437 Warning: No components in dz\water_bliss\river\enoch_river_482.p3d:geometry
 2:57:03.437 Warning: No components in dz\water_bliss\river\enoch_river_483.p3d:geometry
 2:57:03.437 Warning: No components in dz\water_bliss\river\enoch_river_484.p3d:geometry
 2:57:03.437 Warning: No components in dz\water_bliss\river\enoch_river_485.p3d:geometry
 2:57:03.437 Warning: No components in dz\water_bliss\river\enoch_river_486.p3d:geometry
 2:57:03.437 Warning: No components in dz\water_bliss\river\enoch_river_487.p3d:geometry
 2:57:03.437 Warning: No components in dz\water_bliss\river\enoch_river_488.p3d:geometry
 2:57:03.437 Warning: No components in dz\water_bliss\river\enoch_river_489.p3d:geometry
 2:57:03.437 Warning: No components in dz\water_bliss\river\enoch_river_49.p3d:geometry
 2:57:03.437 Warning: No components in dz\water_bliss\river\enoch_river_490.p3d:geometry
 2:57:03.437 Warning: No components in dz\water_bliss\river\enoch_river_491.p3d:geometry
 2:57:03.437 Warning: No components in dz\water_bliss\river\enoch_river_492.p3d:geometry
 2:57:03.438 Warning: No components in dz\water_bliss\river\enoch_river_493.p3d:geometry
 2:57:03.438 Warning: No components in dz\water_bliss\river\enoch_river_494.p3d:geometry
 2:57:03.438 Warning: No components in dz\water_bliss\river\enoch_river_495.p3d:geometry
 2:57:03.438 Warning: No components in dz\water_bliss\river\enoch_river_496.p3d:geometry
 2:57:03.438 Warning: No components in dz\water_bliss\river\enoch_river_497.p3d:geometry
 2:57:03.438 Warning: No components in dz\water_bliss\river\enoch_river_498.p3d:geometry
 2:57:03.439 Warning: No components in dz\water_bliss\river\enoch_river_499.p3d:geometry
 2:57:03.439 Warning: No components in dz\water_bliss\river\enoch_river_5.p3d:geometry
 2:57:03.439 Warning: No components in dz\water_bliss\river\enoch_river_50.p3d:geometry
 2:57:03.439 Warning: No components in dz\water_bliss\river\enoch_river_500.p3d:geometry
 2:57:03.439 Warning: No components in dz\water_bliss\river\enoch_river_501.p3d:geometry
 2:57:03.439 Warning: No components in dz\water_bliss\river\enoch_river_502.p3d:geometry
 2:57:03.439 Warning: No components in dz\water_bliss\river\enoch_river_503.p3d:geometry
 2:57:03.439 Warning: No components in dz\water_bliss\river\enoch_river_504.p3d:geometry
 2:57:03.439 Warning: No components in dz\water_bliss\river\enoch_river_505.p3d:geometry
 2:57:03.439 Warning: No components in dz\water_bliss\river\enoch_river_506.p3d:geometry
 2:57:03.439 Warning: No components in dz\water_bliss\river\enoch_river_507.p3d:geometry
 2:57:03.439 Warning: No components in dz\water_bliss\river\enoch_river_508.p3d:geometry
 2:57:03.440 Warning: No components in dz\water_bliss\river\enoch_river_509.p3d:geometry
 2:57:03.440 Warning: No components in dz\water_bliss\river\enoch_river_51.p3d:geometry
 2:57:03.440 Warning: No components in dz\water_bliss\river\enoch_river_510.p3d:geometry
 2:57:03.440 Warning: No components in dz\water_bliss\river\enoch_river_511.p3d:geometry
 2:57:03.440 Warning: No components in dz\water_bliss\river\enoch_river_512.p3d:geometry
 2:57:03.440 Warning: No components in dz\water_bliss\river\enoch_river_513.p3d:geometry
 2:57:03.440 Warning: No components in dz\water_bliss\river\enoch_river_514.p3d:geometry
 2:57:03.440 Warning: No components in dz\water_bliss\river\enoch_river_515.p3d:geometry
 2:57:03.440 Warning: No components in dz\water_bliss\river\enoch_river_516.p3d:geometry
 2:57:03.440 Warning: No components in dz\water_bliss\river\enoch_river_517.p3d:geometry
 2:57:03.440 Warning: No components in dz\water_bliss\river\enoch_river_518.p3d:geometry
 2:57:03.440 Warning: No components in dz\water_bliss\river\enoch_river_519.p3d:geometry
 2:57:03.440 Warning: No components in dz\water_bliss\river\enoch_river_52.p3d:geometry
 2:57:03.440 Warning: No components in dz\water_bliss\river\enoch_river_520.p3d:geometry
 2:57:03.440 Warning: No components in dz\water_bliss\river\enoch_river_521.p3d:geometry
 2:57:03.440 Warning: No components in dz\water_bliss\river\enoch_river_522.p3d:geometry
 2:57:03.440 Warning: No components in dz\water_bliss\river\enoch_river_523.p3d:geometry
 2:57:03.440 Warning: No components in dz\water_bliss\river\enoch_river_524.p3d:geometry
 2:57:03.440 Warning: No components in dz\water_bliss\river\enoch_river_525.p3d:geometry
 2:57:03.440 Warning: No components in dz\water_bliss\river\enoch_river_526.p3d:geometry
 2:57:03.440 Warning: No components in dz\water_bliss\river\enoch_river_527.p3d:geometry
 2:57:03.440 Warning: No components in dz\water_bliss\river\enoch_river_528.p3d:geometry
 2:57:03.441 Warning: No components in dz\water_bliss\river\enoch_river_529.p3d:geometry
 2:57:03.441 Warning: No components in dz\water_bliss\river\enoch_river_53.p3d:geometry
 2:57:03.441 Warning: No components in dz\water_bliss\river\enoch_river_530.p3d:geometry
 2:57:03.441 Warning: No components in dz\water_bliss\river\enoch_river_531.p3d:geometry
 2:57:03.441 Warning: No components in dz\water_bliss\river\enoch_river_532.p3d:geometry
 2:57:03.441 Warning: No components in dz\water_bliss\river\enoch_river_533.p3d:geometry
 2:57:03.442 Warning: No components in dz\water_bliss\river\enoch_river_534.p3d:geometry
 2:57:03.442 Warning: No components in dz\water_bliss\river\enoch_river_535.p3d:geometry
 2:57:03.442 Warning: No components in dz\water_bliss\river\enoch_river_536.p3d:geometry
 2:57:03.442 Warning: No components in dz\water_bliss\river\enoch_river_537.p3d:geometry
 2:57:03.442 Warning: No components in dz\water_bliss\river\enoch_river_538.p3d:geometry
 2:57:03.442 Warning: No components in dz\water_bliss\river\enoch_river_539.p3d:geometry
 2:57:03.442 Warning: No components in dz\water_bliss\river\enoch_river_54.p3d:geometry
 2:57:03.442 Warning: No components in dz\water_bliss\river\enoch_river_540.p3d:geometry
 2:57:03.442 Warning: No components in dz\water_bliss\river\enoch_river_541.p3d:geometry
 2:57:03.442 Warning: No components in dz\water_bliss\river\enoch_river_542.p3d:geometry
 2:57:03.442 Warning: No components in dz\water_bliss\river\enoch_river_543.p3d:geometry
 2:57:03.443 Warning: No components in dz\water_bliss\river\enoch_river_544.p3d:geometry
 2:57:03.443 Warning: No components in dz\water_bliss\river\enoch_river_545.p3d:geometry
 2:57:03.443 Warning: No components in dz\water_bliss\river\enoch_river_546.p3d:geometry
 2:57:03.443 Warning: No components in dz\water_bliss\river\enoch_river_547.p3d:geometry
 2:57:03.443 Warning: No components in dz\water_bliss\river\enoch_river_548.p3d:geometry
 2:57:03.443 Warning: No components in dz\water_bliss\river\enoch_river_549.p3d:geometry
 2:57:03.443 Warning: No components in dz\water_bliss\river\enoch_river_55.p3d:geometry
 2:57:03.443 Warning: No components in dz\water_bliss\river\enoch_river_550.p3d:geometry
 2:57:03.443 Warning: No components in dz\water_bliss\river\enoch_river_551.p3d:geometry
 2:57:03.443 Warning: No components in dz\water_bliss\river\enoch_river_552.p3d:geometry
 2:57:03.443 Warning: No components in dz\water_bliss\river\enoch_river_553.p3d:geometry
 2:57:03.443 Warning: No components in dz\water_bliss\river\enoch_river_554.p3d:geometry
 2:57:03.443 Warning: No components in dz\water_bliss\river\enoch_river_555.p3d:geometry
 2:57:03.443 Warning: No components in dz\water_bliss\river\enoch_river_556.p3d:geometry
 2:57:03.443 Warning: No components in dz\water_bliss\river\enoch_river_557.p3d:geometry
 2:57:03.443 Warning: No components in dz\water_bliss\river\enoch_river_558.p3d:geometry
 2:57:03.443 Warning: No components in dz\water_bliss\river\enoch_river_559.p3d:geometry
 2:57:03.443 Warning: No components in dz\water_bliss\river\enoch_river_56.p3d:geometry
 2:57:03.443 Warning: No components in dz\water_bliss\river\enoch_river_560.p3d:geometry
 2:57:03.443 Warning: No components in dz\water_bliss\river\enoch_river_561.p3d:geometry
 2:57:03.444 Warning: No components in dz\water_bliss\river\enoch_river_562.p3d:geometry
 2:57:03.444 Warning: No components in dz\water_bliss\river\enoch_river_563.p3d:geometry
 2:57:03.444 Warning: No components in dz\water_bliss\river\enoch_river_564.p3d:geometry
 2:57:03.444 Warning: No components in dz\water_bliss\river\enoch_river_565.p3d:geometry
 2:57:03.444 Warning: No components in dz\water_bliss\river\enoch_river_566.p3d:geometry
 2:57:03.444 Warning: No components in dz\water_bliss\river\enoch_river_567.p3d:geometry
 2:57:03.444 Warning: No components in dz\water_bliss\river\enoch_river_568.p3d:geometry
 2:57:03.444 Warning: No components in dz\water_bliss\river\enoch_river_569.p3d:geometry
 2:57:03.444 Warning: No components in dz\water_bliss\river\enoch_river_57.p3d:geometry
 2:57:03.444 Warning: No components in dz\water_bliss\river\enoch_river_570.p3d:geometry
 2:57:03.445 Warning: No components in dz\water_bliss\river\enoch_river_571.p3d:geometry
 2:57:03.445 Warning: No components in dz\water_bliss\river\enoch_river_572.p3d:geometry
 2:57:03.445 Warning: No components in dz\water_bliss\river\enoch_river_573.p3d:geometry
 2:57:03.445 Warning: No components in dz\water_bliss\river\enoch_river_574.p3d:geometry
 2:57:03.445 Warning: No components in dz\water_bliss\river\enoch_river_575.p3d:geometry
 2:57:03.445 Warning: No components in dz\water_bliss\river\enoch_river_576.p3d:geometry
 2:57:03.445 Warning: No components in dz\water_bliss\river\enoch_river_577.p3d:geometry
 2:57:03.445 Warning: No components in dz\water_bliss\river\enoch_river_578.p3d:geometry
 2:57:03.445 Warning: No components in dz\water_bliss\river\enoch_river_579.p3d:geometry
 2:57:03.445 Warning: No components in dz\water_bliss\river\enoch_river_58.p3d:geometry
 2:57:03.445 Warning: No components in dz\water_bliss\river\enoch_river_580.p3d:geometry
 2:57:03.445 Warning: No components in dz\water_bliss\river\enoch_river_581.p3d:geometry
 2:57:03.445 Warning: No components in dz\water_bliss\river\enoch_river_582.p3d:geometry
 2:57:03.446 Warning: No components in dz\water_bliss\river\enoch_river_583.p3d:geometry
 2:57:03.446 Warning: No components in dz\water_bliss\river\enoch_river_584.p3d:geometry
 2:57:03.446 Warning: No components in dz\water_bliss\river\enoch_river_585.p3d:geometry
 2:57:03.446 Warning: No components in dz\water_bliss\river\enoch_river_586.p3d:geometry
 2:57:03.446 Warning: No components in dz\water_bliss\river\enoch_river_587.p3d:geometry
 2:57:03.446 Warning: No components in dz\water_bliss\river\enoch_river_588.p3d:geometry
 2:57:03.446 Warning: No components in dz\water_bliss\river\enoch_river_589.p3d:geometry
 2:57:03.446 Warning: No components in dz\water_bliss\river\enoch_river_59.p3d:geometry
 2:57:03.446 Warning: No components in dz\water_bliss\river\enoch_river_590.p3d:geometry
 2:57:03.446 Warning: No components in dz\water_bliss\river\enoch_river_591.p3d:geometry
 2:57:03.446 Warning: No components in dz\water_bliss\river\enoch_river_592.p3d:geometry
 2:57:03.446 Warning: No components in dz\water_bliss\river\enoch_river_593.p3d:geometry
 2:57:03.446 Warning: No components in dz\water_bliss\river\enoch_river_594.p3d:geometry
 2:57:03.446 Warning: No components in dz\water_bliss\river\enoch_river_595.p3d:geometry
 2:57:03.446 Warning: No components in dz\water_bliss\river\enoch_river_596.p3d:geometry
 2:57:03.446 Warning: No components in dz\water_bliss\river\enoch_river_597.p3d:geometry
 2:57:03.446 Warning: No components in dz\water_bliss\river\enoch_river_598.p3d:geometry
 2:57:03.446 Warning: No components in dz\water_bliss\river\enoch_river_599.p3d:geometry
 2:57:03.446 Warning: No components in dz\water_bliss\river\enoch_river_6.p3d:geometry
 2:57:03.446 Warning: No components in dz\water_bliss\river\enoch_river_60.p3d:geometry
 2:57:03.446 Warning: No components in dz\water_bliss\river\enoch_river_600.p3d:geometry
 2:57:03.446 Warning: No components in dz\water_bliss\river\enoch_river_601.p3d:geometry
 2:57:03.446 Warning: No components in dz\water_bliss\river\enoch_river_602.p3d:geometry
 2:57:03.446 Warning: No components in dz\water_bliss\river\enoch_river_603.p3d:geometry
 2:57:03.446 Warning: No components in dz\water_bliss\river\enoch_river_604.p3d:geometry
 2:57:03.446 Warning: No components in dz\water_bliss\river\enoch_river_605.p3d:geometry
 2:57:03.446 Warning: No components in dz\water_bliss\river\enoch_river_606.p3d:geometry
 2:57:03.446 Warning: No components in dz\water_bliss\river\enoch_river_607.p3d:geometry
 2:57:03.446 Warning: No components in dz\water_bliss\river\enoch_river_608.p3d:geometry
 2:57:03.446 Warning: No components in dz\water_bliss\river\enoch_river_609.p3d:geometry
 2:57:03.446 Warning: No components in dz\water_bliss\river\enoch_river_61.p3d:geometry
 2:57:03.446 Warning: No components in dz\water_bliss\river\enoch_river_610.p3d:geometry
 2:57:03.446 Warning: No components in dz\water_bliss\river\enoch_river_611.p3d:geometry
 2:57:03.446 Warning: No components in dz\water_bliss\river\enoch_river_612.p3d:geometry
 2:57:03.448 Warning: No components in dz\water_bliss\river\enoch_river_613.p3d:geometry
 2:57:03.448 Warning: No components in dz\water_bliss\river\enoch_river_614.p3d:geometry
 2:57:03.448 Warning: No components in dz\water_bliss\river\enoch_river_615.p3d:geometry
 2:57:03.448 Warning: No components in dz\water_bliss\river\enoch_river_616.p3d:geometry
 2:57:03.448 Warning: No components in dz\water_bliss\river\enoch_river_617.p3d:geometry
 2:57:03.448 Warning: No components in dz\water_bliss\river\enoch_river_618.p3d:geometry
 2:57:03.448 Warning: No components in dz\water_bliss\river\enoch_river_619.p3d:geometry
 2:57:03.448 Warning: No components in dz\water_bliss\river\enoch_river_62.p3d:geometry
 2:57:03.448 Warning: No components in dz\water_bliss\river\enoch_river_620.p3d:geometry
 2:57:03.448 Warning: No components in dz\water_bliss\river\enoch_river_621.p3d:geometry
 2:57:03.448 Warning: No components in dz\water_bliss\river\enoch_river_622.p3d:geometry
 2:57:03.448 Warning: No components in dz\water_bliss\river\enoch_river_623.p3d:geometry
 2:57:03.449 Warning: No components in dz\water_bliss\river\enoch_river_624.p3d:geometry
 2:57:03.449 Warning: No components in dz\water_bliss\river\enoch_river_625.p3d:geometry
 2:57:03.449 Warning: No components in dz\water_bliss\river\enoch_river_626.p3d:geometry
 2:57:03.449 Warning: No components in dz\water_bliss\river\enoch_river_627.p3d:geometry
 2:57:03.449 Warning: No components in dz\water_bliss\river\enoch_river_628.p3d:geometry
 2:57:03.449 Warning: No components in dz\water_bliss\river\enoch_river_629.p3d:geometry
 2:57:03.449 Warning: No components in dz\water_bliss\river\enoch_river_63.p3d:geometry
 2:57:03.449 Warning: No components in dz\water_bliss\river\enoch_river_630.p3d:geometry
 2:57:03.449 Warning: No components in dz\water_bliss\river\enoch_river_631.p3d:geometry
 2:57:03.449 Warning: No components in dz\water_bliss\river\enoch_river_632.p3d:geometry
 2:57:03.449 Warning: No components in dz\water_bliss\river\enoch_river_633.p3d:geometry
 2:57:03.449 Warning: No components in dz\water_bliss\river\enoch_river_634.p3d:geometry
 2:57:03.449 Warning: No components in dz\water_bliss\river\enoch_river_635.p3d:geometry
 2:57:03.449 Warning: No components in dz\water_bliss\river\enoch_river_636.p3d:geometry
 2:57:03.449 Warning: No components in dz\water_bliss\river\enoch_river_637.p3d:geometry
 2:57:03.449 Warning: No components in dz\water_bliss\river\enoch_river_638.p3d:geometry
 2:57:03.449 Warning: No components in dz\water_bliss\river\enoch_river_639.p3d:geometry
 2:57:03.449 Warning: No components in dz\water_bliss\river\enoch_river_64.p3d:geometry
 2:57:03.450 Warning: No components in dz\water_bliss\river\enoch_river_640.p3d:geometry
 2:57:03.450 Warning: No components in dz\water_bliss\river\enoch_river_641.p3d:geometry
 2:57:03.450 Warning: No components in dz\water_bliss\river\enoch_river_642.p3d:geometry
 2:57:03.450 Warning: No components in dz\water_bliss\river\enoch_river_643.p3d:geometry
 2:57:03.450 Warning: No components in dz\water_bliss\river\enoch_river_644.p3d:geometry
 2:57:03.450 Warning: No components in dz\water_bliss\river\enoch_river_645.p3d:geometry
 2:57:03.450 Warning: No components in dz\water_bliss\river\enoch_river_646.p3d:geometry
 2:57:03.450 Warning: No components in dz\water_bliss\river\enoch_river_647.p3d:geometry
 2:57:03.450 Warning: No components in dz\water_bliss\river\enoch_river_648.p3d:geometry
 2:57:03.450 Warning: No components in dz\water_bliss\river\enoch_river_649.p3d:geometry
 2:57:03.450 Warning: No components in dz\water_bliss\river\enoch_river_65.p3d:geometry
 2:57:03.450 Warning: No components in dz\water_bliss\river\enoch_river_650.p3d:geometry
 2:57:03.450 Warning: No components in dz\water_bliss\river\enoch_river_651.p3d:geometry
 2:57:03.451 Warning: No components in dz\water_bliss\river\enoch_river_652.p3d:geometry
 2:57:03.451 Warning: No components in dz\water_bliss\river\enoch_river_653.p3d:geometry
 2:57:03.451 Warning: No components in dz\water_bliss\river\enoch_river_654.p3d:geometry
 2:57:03.451 Warning: No components in dz\water_bliss\river\enoch_river_655.p3d:geometry
 2:57:03.451 Warning: No components in dz\water_bliss\river\enoch_river_656.p3d:geometry
 2:57:03.451 Warning: No components in dz\water_bliss\river\enoch_river_657.p3d:geometry
 2:57:03.451 Warning: No components in dz\water_bliss\river\enoch_river_658.p3d:geometry
 2:57:03.451 Warning: No components in dz\water_bliss\river\enoch_river_659.p3d:geometry
 2:57:03.451 Warning: No components in dz\water_bliss\river\enoch_river_66.p3d:geometry
 2:57:03.451 Warning: No components in dz\water_bliss\river\enoch_river_660.p3d:geometry
 2:57:03.451 Warning: No components in dz\water_bliss\river\enoch_river_661.p3d:geometry
 2:57:03.451 Warning: No components in dz\water_bliss\river\enoch_river_662.p3d:geometry
 2:57:03.451 Warning: No components in dz\water_bliss\river\enoch_river_663.p3d:geometry
 2:57:03.452 Warning: No components in dz\water_bliss\river\enoch_river_664.p3d:geometry
 2:57:03.452 Warning: No components in dz\water_bliss\river\enoch_river_665.p3d:geometry
 2:57:03.452 Warning: No components in dz\water_bliss\river\enoch_river_666.p3d:geometry
 2:57:03.452 Warning: No components in dz\water_bliss\river\enoch_river_667.p3d:geometry
 2:57:03.452 Warning: No components in dz\water_bliss\river\enoch_river_668.p3d:geometry
 2:57:03.452 Warning: No components in dz\water_bliss\river\enoch_river_669.p3d:geometry
 2:57:03.452 Warning: No components in dz\water_bliss\river\enoch_river_67.p3d:geometry
 2:57:03.452 Warning: No components in dz\water_bliss\river\enoch_river_670.p3d:geometry
 2:57:03.452 Warning: No components in dz\water_bliss\river\enoch_river_671.p3d:geometry
 2:57:03.452 Warning: No components in dz\water_bliss\river\enoch_river_672.p3d:geometry
 2:57:03.452 Warning: No components in dz\water_bliss\river\enoch_river_673.p3d:geometry
 2:57:03.452 Warning: No components in dz\water_bliss\river\enoch_river_674.p3d:geometry
 2:57:03.452 Warning: No components in dz\water_bliss\river\enoch_river_675.p3d:geometry
 2:57:03.452 Warning: No components in dz\water_bliss\river\enoch_river_676.p3d:geometry
 2:57:03.452 Warning: No components in dz\water_bliss\river\enoch_river_677.p3d:geometry
 2:57:03.452 Warning: No components in dz\water_bliss\river\enoch_river_678.p3d:geometry
 2:57:03.452 Warning: No components in dz\water_bliss\river\enoch_river_679.p3d:geometry
 2:57:03.452 Warning: No components in dz\water_bliss\river\enoch_river_68.p3d:geometry
 2:57:03.452 Warning: No components in dz\water_bliss\river\enoch_river_680.p3d:geometry
 2:57:03.452 Warning: No components in dz\water_bliss\river\enoch_river_681.p3d:geometry
 2:57:03.452 Warning: No components in dz\water_bliss\river\enoch_river_682.p3d:geometry
 2:57:03.452 Warning: No components in dz\water_bliss\river\enoch_river_683.p3d:geometry
 2:57:03.453 Warning: No components in dz\water_bliss\river\enoch_river_684.p3d:geometry
 2:57:03.453 Warning: No components in dz\water_bliss\river\enoch_river_685.p3d:geometry
 2:57:03.453 Warning: No components in dz\water_bliss\river\enoch_river_686.p3d:geometry
 2:57:03.453 Warning: No components in dz\water_bliss\river\enoch_river_687.p3d:geometry
 2:57:03.453 Warning: No components in dz\water_bliss\river\enoch_river_688.p3d:geometry
 2:57:03.453 Warning: No components in dz\water_bliss\river\enoch_river_689.p3d:geometry
 2:57:03.453 Warning: No components in dz\water_bliss\river\enoch_river_69.p3d:geometry
 2:57:03.453 Warning: No components in dz\water_bliss\river\enoch_river_690.p3d:geometry
 2:57:03.453 Warning: No components in dz\water_bliss\river\enoch_river_691.p3d:geometry
 2:57:03.453 Warning: No components in dz\water_bliss\river\enoch_river_692.p3d:geometry
 2:57:03.453 Warning: No components in dz\water_bliss\river\enoch_river_693.p3d:geometry
 2:57:03.453 Warning: No components in dz\water_bliss\river\enoch_river_694.p3d:geometry
 2:57:03.453 Warning: No components in dz\water_bliss\river\enoch_river_695.p3d:geometry
 2:57:03.454 Warning: No components in dz\water_bliss\river\enoch_river_696.p3d:geometry
 2:57:03.454 Warning: No components in dz\water_bliss\river\enoch_river_697.p3d:geometry
 2:57:03.454 Warning: No components in dz\water_bliss\river\enoch_river_698.p3d:geometry
 2:57:03.454 Warning: No components in dz\water_bliss\river\enoch_river_699.p3d:geometry
 2:57:03.454 Warning: No components in dz\water_bliss\river\enoch_river_7.p3d:geometry
 2:57:03.454 Warning: No components in dz\water_bliss\river\enoch_river_70.p3d:geometry
 2:57:03.454 Warning: No components in dz\water_bliss\river\enoch_river_700.p3d:geometry
 2:57:03.455 Warning: No components in dz\water_bliss\river\enoch_river_701.p3d:geometry
 2:57:03.455 Warning: No components in dz\water_bliss\river\enoch_river_702.p3d:geometry
 2:57:03.455 Warning: No components in dz\water_bliss\river\enoch_river_703.p3d:geometry
 2:57:03.455 Warning: No components in dz\water_bliss\river\enoch_river_704.p3d:geometry
 2:57:03.455 Warning: No components in dz\water_bliss\river\enoch_river_705.p3d:geometry
 2:57:03.455 Warning: No components in dz\water_bliss\river\enoch_river_706.p3d:geometry
 2:57:03.455 Warning: No components in dz\water_bliss\river\enoch_river_707.p3d:geometry
 2:57:03.455 Warning: No components in dz\water_bliss\river\enoch_river_708.p3d:geometry
 2:57:03.455 Warning: No components in dz\water_bliss\river\enoch_river_709.p3d:geometry
 2:57:03.455 Warning: No components in dz\water_bliss\river\enoch_river_71.p3d:geometry
 2:57:03.455 Warning: No components in dz\water_bliss\river\enoch_river_710.p3d:geometry
 2:57:03.455 Warning: No components in dz\water_bliss\river\enoch_river_711.p3d:geometry
 2:57:03.455 Warning: No components in dz\water_bliss\river\enoch_river_712.p3d:geometry
 2:57:03.455 Warning: No components in dz\water_bliss\river\enoch_river_713.p3d:geometry
 2:57:03.455 Warning: No components in dz\water_bliss\river\enoch_river_714.p3d:geometry
 2:57:03.455 Warning: No components in dz\water_bliss\river\enoch_river_715.p3d:geometry
 2:57:03.455 Warning: No components in dz\water_bliss\river\enoch_river_716.p3d:geometry
 2:57:03.455 Warning: No components in dz\water_bliss\river\enoch_river_717.p3d:geometry
 2:57:03.455 Warning: No components in dz\water_bliss\river\enoch_river_718.p3d:geometry
 2:57:03.455 Warning: No components in dz\water_bliss\river\enoch_river_719.p3d:geometry
 2:57:03.455 Warning: No components in dz\water_bliss\river\enoch_river_72.p3d:geometry
 2:57:03.455 Warning: No components in dz\water_bliss\river\enoch_river_720.p3d:geometry
 2:57:03.455 Warning: No components in dz\water_bliss\river\enoch_river_721.p3d:geometry
 2:57:03.455 Warning: No components in dz\water_bliss\river\enoch_river_722.p3d:geometry
 2:57:03.455 Warning: No components in dz\water_bliss\river\enoch_river_723.p3d:geometry
 2:57:03.456 Warning: No components in dz\water_bliss\river\enoch_river_724.p3d:geometry
 2:57:03.456 Warning: No components in dz\water_bliss\river\enoch_river_725.p3d:geometry
 2:57:03.456 Warning: No components in dz\water_bliss\river\enoch_river_726.p3d:geometry
 2:57:03.456 Warning: No components in dz\water_bliss\river\enoch_river_727.p3d:geometry
 2:57:03.456 Warning: No components in dz\water_bliss\river\enoch_river_728.p3d:geometry
 2:57:03.456 Warning: No components in dz\water_bliss\river\enoch_river_729.p3d:geometry
 2:57:03.456 Warning: No components in dz\water_bliss\river\enoch_river_73.p3d:geometry
 2:57:03.456 Warning: No components in dz\water_bliss\river\enoch_river_730.p3d:geometry
 2:57:03.457 Warning: No components in dz\water_bliss\river\enoch_river_731.p3d:geometry
 2:57:03.457 Warning: No components in dz\water_bliss\river\enoch_river_732.p3d:geometry
 2:57:03.457 Warning: No components in dz\water_bliss\river\enoch_river_733.p3d:geometry
 2:57:03.457 Warning: No components in dz\water_bliss\river\enoch_river_734.p3d:geometry
 2:57:03.457 Warning: No components in dz\water_bliss\river\enoch_river_735.p3d:geometry
 2:57:03.457 Warning: No components in dz\water_bliss\river\enoch_river_736.p3d:geometry
 2:57:03.457 Warning: No components in dz\water_bliss\river\enoch_river_737.p3d:geometry
 2:57:03.457 Warning: No components in dz\water_bliss\river\enoch_river_738.p3d:geometry
 2:57:03.457 Warning: No components in dz\water_bliss\river\enoch_river_739.p3d:geometry
 2:57:03.457 Warning: No components in dz\water_bliss\river\enoch_river_74.p3d:geometry
 2:57:03.457 Warning: No components in dz\water_bliss\river\enoch_river_740.p3d:geometry
 2:57:03.457 Warning: No components in dz\water_bliss\river\enoch_river_741.p3d:geometry
 2:57:03.457 Warning: No components in dz\water_bliss\river\enoch_river_742.p3d:geometry
 2:57:03.457 Warning: No components in dz\water_bliss\river\enoch_river_743.p3d:geometry
 2:57:03.457 Warning: No components in dz\water_bliss\river\enoch_river_744.p3d:geometry
 2:57:03.457 Warning: No components in dz\water_bliss\river\enoch_river_745.p3d:geometry
 2:57:03.458 Warning: No components in dz\water_bliss\river\enoch_river_746.p3d:geometry
 2:57:03.458 Warning: No components in dz\water_bliss\river\enoch_river_747.p3d:geometry
 2:57:03.458 Warning: No components in dz\water_bliss\river\enoch_river_748.p3d:geometry
 2:57:03.458 Warning: No components in dz\water_bliss\river\enoch_river_749.p3d:geometry
 2:57:03.458 Warning: No components in dz\water_bliss\river\enoch_river_75.p3d:geometry
 2:57:03.458 Warning: No components in dz\water_bliss\river\enoch_river_750.p3d:geometry
 2:57:03.458 Warning: No components in dz\water_bliss\river\enoch_river_751.p3d:geometry
 2:57:03.458 Warning: No components in dz\water_bliss\river\enoch_river_752.p3d:geometry
 2:57:03.458 Warning: No components in dz\water_bliss\river\enoch_river_753.p3d:geometry
 2:57:03.458 Warning: No components in dz\water_bliss\river\enoch_river_754.p3d:geometry
 2:57:03.458 Warning: No components in dz\water_bliss\river\enoch_river_755.p3d:geometry
 2:57:03.458 Warning: No components in dz\water_bliss\river\enoch_river_756.p3d:geometry
 2:57:03.458 Warning: No components in dz\water_bliss\river\enoch_river_757.p3d:geometry
 2:57:03.459 Warning: No components in dz\water_bliss\river\enoch_river_758.p3d:geometry
 2:57:03.459 Warning: No components in dz\water_bliss\river\enoch_river_759.p3d:geometry
 2:57:03.459 Warning: No components in dz\water_bliss\river\enoch_river_76.p3d:geometry
 2:57:03.459 Warning: No components in dz\water_bliss\river\enoch_river_760.p3d:geometry
 2:57:03.459 Warning: No components in dz\water_bliss\river\enoch_river_761.p3d:geometry
 2:57:03.459 Warning: No components in dz\water_bliss\river\enoch_river_762.p3d:geometry
 2:57:03.459 Warning: No components in dz\water_bliss\river\enoch_river_763.p3d:geometry
 2:57:03.459 Warning: No components in dz\water_bliss\river\enoch_river_764.p3d:geometry
 2:57:03.459 Warning: No components in dz\water_bliss\river\enoch_river_765.p3d:geometry
 2:57:03.459 Warning: No components in dz\water_bliss\river\enoch_river_766.p3d:geometry
 2:57:03.459 Warning: No components in dz\water_bliss\river\enoch_river_767.p3d:geometry
 2:57:03.459 Warning: No components in dz\water_bliss\river\enoch_river_768.p3d:geometry
 2:57:03.459 Warning: No components in dz\water_bliss\river\enoch_river_769.p3d:geometry
 2:57:03.459 Warning: No components in dz\water_bliss\river\enoch_river_77.p3d:geometry
 2:57:03.459 Warning: No components in dz\water_bliss\river\enoch_river_770.p3d:geometry
 2:57:03.459 Warning: No components in dz\water_bliss\river\enoch_river_771.p3d:geometry
 2:57:03.459 Warning: No components in dz\water_bliss\river\enoch_river_772.p3d:geometry
 2:57:03.459 Warning: No components in dz\water_bliss\river\enoch_river_773.p3d:geometry
 2:57:03.459 Warning: No components in dz\water_bliss\river\enoch_river_774.p3d:geometry
 2:57:03.459 Warning: No components in dz\water_bliss\river\enoch_river_775.p3d:geometry
 2:57:03.459 Warning: No components in dz\water_bliss\river\enoch_river_776.p3d:geometry
 2:57:03.460 Warning: No components in dz\water_bliss\river\enoch_river_777.p3d:geometry
 2:57:03.460 Warning: No components in dz\water_bliss\river\enoch_river_778.p3d:geometry
 2:57:03.460 Warning: No components in dz\water_bliss\river\enoch_river_779.p3d:geometry
 2:57:03.460 Warning: No components in dz\water_bliss\river\enoch_river_78.p3d:geometry
 2:57:03.460 Warning: No components in dz\water_bliss\river\enoch_river_780.p3d:geometry
 2:57:03.460 Warning: No components in dz\water_bliss\river\enoch_river_781.p3d:geometry
 2:57:03.460 Warning: No components in dz\water_bliss\river\enoch_river_782.p3d:geometry
 2:57:03.460 Warning: No components in dz\water_bliss\river\enoch_river_783.p3d:geometry
 2:57:03.460 Warning: No components in dz\water_bliss\river\enoch_river_784.p3d:geometry
 2:57:03.460 Warning: No components in dz\water_bliss\river\enoch_river_785.p3d:geometry
 2:57:03.460 Warning: No components in dz\water_bliss\river\enoch_river_786.p3d:geometry
 2:57:03.461 Warning: No components in dz\water_bliss\river\enoch_river_787.p3d:geometry
 2:57:03.461 Warning: No components in dz\water_bliss\river\enoch_river_788.p3d:geometry
 2:57:03.461 Warning: No components in dz\water_bliss\river\enoch_river_789.p3d:geometry
 2:57:03.461 Warning: No components in dz\water_bliss\river\enoch_river_79.p3d:geometry
 2:57:03.461 Warning: No components in dz\water_bliss\river\enoch_river_790.p3d:geometry
 2:57:03.461 Warning: No components in dz\water_bliss\river\enoch_river_791.p3d:geometry
 2:57:03.461 Warning: No components in dz\water_bliss\river\enoch_river_792.p3d:geometry
 2:57:03.461 Warning: No components in dz\water_bliss\river\enoch_river_793.p3d:geometry
 2:57:03.461 Warning: No components in dz\water_bliss\river\enoch_river_794.p3d:geometry
 2:57:03.462 Warning: No components in dz\water_bliss\river\enoch_river_795.p3d:geometry
 2:57:03.462 Warning: No components in dz\water_bliss\river\enoch_river_796.p3d:geometry
 2:57:03.462 Warning: No components in dz\water_bliss\river\enoch_river_797.p3d:geometry
 2:57:03.462 Warning: No components in dz\water_bliss\river\enoch_river_798.p3d:geometry
 2:57:03.462 Warning: No components in dz\water_bliss\river\enoch_river_799.p3d:geometry
 2:57:03.462 Warning: No components in dz\water_bliss\river\enoch_river_8.p3d:geometry
 2:57:03.462 Warning: No components in dz\water_bliss\river\enoch_river_80.p3d:geometry
 2:57:03.462 Warning: No components in dz\water_bliss\river\enoch_river_800.p3d:geometry
 2:57:03.462 Warning: No components in dz\water_bliss\river\enoch_river_801.p3d:geometry
 2:57:03.462 Warning: No components in dz\water_bliss\river\enoch_river_802.p3d:geometry
 2:57:03.462 Warning: No components in dz\water_bliss\river\enoch_river_803.p3d:geometry
 2:57:03.462 Warning: No components in dz\water_bliss\river\enoch_river_81.p3d:geometry
 2:57:03.462 Warning: No components in dz\water_bliss\river\enoch_river_82.p3d:geometry
 2:57:03.462 Warning: No components in dz\water_bliss\river\enoch_river_83.p3d:geometry
 2:57:03.462 Warning: No components in dz\water_bliss\river\enoch_river_84.p3d:geometry
 2:57:03.462 Warning: No components in dz\water_bliss\river\enoch_river_85.p3d:geometry
 2:57:03.462 Warning: No components in dz\water_bliss\river\enoch_river_86.p3d:geometry
 2:57:03.462 Warning: No components in dz\water_bliss\river\enoch_river_87.p3d:geometry
 2:57:03.462 Warning: No components in dz\water_bliss\river\enoch_river_88.p3d:geometry
 2:57:03.463 Warning: No components in dz\water_bliss\river\enoch_river_89.p3d:geometry
 2:57:03.463 Warning: No components in dz\water_bliss\river\enoch_river_9.p3d:geometry
 2:57:03.469 Warning: No components in dz\water_bliss\river\enoch_river_90.p3d:geometry
 2:57:03.469 Warning: No components in dz\water_bliss\river\enoch_river_91.p3d:geometry
 2:57:03.469 Warning: No components in dz\water_bliss\river\enoch_river_92.p3d:geometry
 2:57:03.469 Warning: No components in dz\water_bliss\river\enoch_river_93.p3d:geometry
 2:57:03.469 Warning: No components in dz\water_bliss\river\enoch_river_94.p3d:geometry
 2:57:03.469 Warning: No components in dz\water_bliss\river\enoch_river_95.p3d:geometry
 2:57:03.469 Warning: No components in dz\water_bliss\river\enoch_river_96.p3d:geometry
 2:57:03.469 Warning: No components in dz\water_bliss\river\enoch_river_97.p3d:geometry
 2:57:03.469 Warning: No components in dz\water_bliss\river\enoch_river_98.p3d:geometry
 2:57:03.469 Warning: No components in dz\water_bliss\river\enoch_river_99.p3d:geometry
 2:57:03.470 Warning: No components in dz\weapons\ammunition\12ga_00buck.p3d:geometry
 2:57:03.470 Warning: No components in dz\weapons\ammunition\12ga_beanbag.p3d:geometry
 2:57:03.472 Warning: No components in dz\weapons\ammunition\12ga_rifled_slug.p3d:geometry
 2:57:03.472 Warning: No components in dz\weapons\ammunition\12ga_rubberrifled_slug.p3d:geometry
 2:57:03.472 Warning: No components in dz\weapons\ammunition\22lr_looseround.p3d:geometry
 2:57:03.472 Warning: No components in dz\weapons\ammunition\22_looserounds.p3d:geometry
 2:57:03.473 Warning: No components in dz\weapons\ammunition\308win_looserounds.p3d:geometry
 2:57:03.474 Warning: No components in dz\weapons\ammunition\357_looserounds.p3d:geometry
 2:57:03.474 Warning: No components in dz\weapons\ammunition\380auto_looserounds.p3d:geometry
 2:57:03.475 Warning: No components in dz\weapons\ammunition\380auto_singleround.p3d:geometry
 2:57:03.475 Warning: No components in dz\weapons\ammunition\45acp_looserounds.p3d:geometry
 2:57:03.476 Warning: No components in dz\weapons\ammunition\545x39_looserounds.p3d:geometry
 2:57:03.477 Warning: No components in dz\weapons\ammunition\556_looserounds.p3d:geometry
 2:57:03.478 Warning: No components in dz\weapons\ammunition\762x39_box.p3d:geometry
 2:57:03.479 Warning: No components in dz\weapons\ammunition\762x39_looserounds.p3d:geometry
 2:57:03.479 Warning: No components in dz\weapons\ammunition\762_looserounds.p3d:geometry
 2:57:03.479 Warning: No components in dz\weapons\ammunition\9mm_looserounds.p3d:geometry
 2:57:03.480 Warning: No components in dz\weapons\ammunition\9x39_looserounds.p3d:geometry
 2:57:03.481 Warning: No components in dz\weapons\ammunition\flare_singleround.p3d:geometry
 2:57:03.481 Warning: No components in dz\weapons\ammunition\rocket_rpg7.p3d:geometry
 2:57:03.481 Warning: No components in dz\weapons\ammunition\rocket_rpg7_inflight.p3d:geometry
 2:57:03.482 Warning: No components in dz\weapons\ammunition\vog25.p3d:geometry
 2:57:03.484 Warning: No components in dz\weapons\archery\crossbow\crossbow.p3d:geometry
 2:57:03.484 Warning: No components in dz\weapons\attachments\light\weaponlight_tlr_mich2001_slothelper.p3d:geometry
 2:57:03.493 Warning: No components in dz\weapons\attachments\magazine\magazine_mk2.p3d:geometryFire
 2:57:03.498 Warning: No components in dz\weapons\attachments\magazine\magazine_ruger1022_15.p3d:geometry
 2:57:03.498 Warning: No components in dz\weapons\attachments\magazine\magazine_ruger1022_30.p3d:geometry
 2:57:03.498 Warning: No components in dz\weapons\attachments\magazine\magazine_saiga_drum.p3d:geometryFire
 2:57:03.498 Warning: No components in dz\weapons\attachments\magazine\magazine_saiga_drum.p3d:geometryView
 2:57:03.505 Warning: No components in dz\weapons\attachments\optics\bow_sights.p3d:geometry
 2:57:03.509 Warning: No components in dz\weapons\attachments\support\universal_rail.p3d:geometryFire
 2:57:03.512 Warning: No components in dz\weapons\explosives\fakeexplosion.p3d:geometry
 2:57:03.512 Warning: No components in dz\weapons\explosives\fakeexplosion.p3d:geometryFire
 2:57:03.512 Warning: No components in dz\weapons\explosives\fakeexplosion.p3d:geometryView
 2:57:03.515 Warning: No components in dz\weapons\firearms\aug\proxy\long_barrel.p3d:geometry
 2:57:03.516 Warning: No components in dz\weapons\firearms\aug\proxy\mid_barrel.p3d:geometry
 2:57:03.516 Warning: No components in dz\weapons\firearms\aug\proxy\rails.p3d:geometry
 2:57:03.517 Warning: No components in dz\weapons\firearms\aug\proxy\short_barrel.p3d:geometry
 2:57:03.528 Warning: No components in dz\weapons\firearms\ots14\ots14.p3d:geometryFire
 2:57:03.528 Warning: No components in dz\weapons\firearms\ots14\ots14.p3d:geometryView
 2:57:03.538 Warning: No components in dz\weapons\launchers\gp25\ubgl_gp25.p3d:geometry
 2:57:03.540 Warning: No components in dz\weapons\launchers\m203\m203.p3d:geometry
 2:57:03.540 Warning: No components in dz\weapons\launchers\rpg7\rpg7.p3d:geometry
 2:57:03.543 Warning: No components in dz\weapons\melee\blade\machete.p3d:geometry
 2:57:03.547 Warning: No components in dz\weapons\melee\blunt\brassknuckles.p3d:geometry
 2:57:03.548 Warning: No components in dz\weapons\melee\blunt\hockey_stick.p3d:geometry
 2:57:03.550 Warning: No components in dz\weapons\melee\blunt\telescopingbaton_retracted.p3d:geometry
 2:57:03.551 Warning: No components in dz\weapons\melee\powered\stun_baton.p3d:geometry
 2:57:03.552 Warning: No components in dz\weapons\nonlethal\dartgun\dartgun.p3d:geometry
 2:57:03.553 Warning: No components in dz\weapons\nonlethal\shockpistol\shockpistol.p3d:geometry
 2:57:03.554 Warning: No components in dz\weapons\pistols\derringer\derringer.p3d:geometry
 2:57:03.561 Warning: No components in dz\weapons\projectiles\arrow_composite.p3d:geometryFire
 2:57:03.561 Warning: No components in dz\weapons\projectiles\arrow_composite_flying.p3d:geometry
 2:57:03.561 Warning Message: Cannot open object dz\weapons\projectiles\arrow_crafted_advanced.p3d
 2:57:03.562 Warning: No components in dz\weapons\projectiles\arrow_crafted_simple.p3d:geometry
 2:57:03.562 Warning Message: Cannot open object dz\weapons\projectiles\arrow_hunting.p3d
 2:57:03.562 Warning Message: Cannot open object dz\weapons\projectiles\arrow_hunting_flying.p3d
 2:57:03.562 Warning Message: Cannot open object dz\weapons\projectiles\arrow_target.p3d
 2:57:03.563 Warning: No components in dz\weapons\projectiles\dart_syringe.p3d:geometry
 2:57:03.563 Warning: No components in dz\weapons\projectiles\flare_singleround.p3d:geometry
 2:57:03.566 Warning: No components in dz\weapons\projectiles\speargun_spear.p3d:geometry
 2:57:03.566 Warning: No components in dz\weapons\projectiles\vog25_singleround.p3d:geometry
 2:57:03.567 Warning: No components in dz\weapons\proxies\muzzle_flash_pistol_fnp.p3d:geometry
 2:57:03.567 Warning: No components in dz\weapons\proxies\muzzle_flash_rifle_m4.p3d:geometry
 2:57:03.567 Warning: No components in dz\weapons\proxies\muzzle_flash_rifle_silencer.p3d:geometry
 2:57:03.568 Warning: No components in dz\weapons\proxies\zasleh1_pilot_proxy.p3d:geometry
 2:57:03.568 Warning: No components in dz\weapons\proxies\zasleh1_proxy.p3d:geometry
 2:57:03.569 Warning: No components in dz\weapons\proxies\zasleh2_pilot_proxy.p3d:geometry
 2:57:03.569 Warning: No components in dz\weapons\proxies\zasleh2_proxy.p3d:geometry
 2:57:03.569 Warning: No components in dz\weapons\proxies\zasleh3_proxy.p3d:geometry
 2:57:03.569 Warning: No components in dz\weapons\proxies\zasleh_pistol_pilot_proxy.p3d:geometry
 2:57:03.569 Warning: No components in dz\weapons\proxies\zasleh_pistol_proxy.p3d:geometry
 2:57:03.570 Warning: No components in dz\weapons\shotguns\izh43\izh43.p3d:geometry
 2:57:03.570 Warning: No components in dz\weapons\shotguns\izh43\izh43_sawedoff.p3d:geometry
 2:57:03.572 Warning Message: Cannot open object dz\weapons\shotguns\remington_r12\remington_r12.p3d
 2:57:03.586 Warning: No components in dz\characters\backpacks\slingbag_g.p3d:geometryView
 2:57:03.587 Warning: No components in dz\characters\backpacks\armypouch_g.p3d:geometryView
 2:57:03.589 Warning: No components in dz\characters\backpacks\duffelbagsmall_g.p3d:geometry
 2:57:03.589 Warning: No components in dz\characters\backpacks\duffelbagsmall_g.p3d:geometryView
 2:57:03.590 Warning: No components in dz\characters\backpacks\canvasbag_g.p3d:geometryView
 2:57:03.624 Warning: No components in nst\ns_sounds\entities\sfx_athena1.p3d:geometry
 2:57:03.624 Warning: No components in nst\ns_sounds\entities\sfx_playground.p3d:geometry
 2:57:03.632 Warning: No components in dz\gear\cooking\fireplace_spot_snow.p3d:geometry
 2:57:03.641 Warning: No components in dz\gear\tools\shippingcontainerkeys.p3d:geometry
 2:57:03.650 FireworksLauncher_Skeleton: Invalid parent bone 'inventory' for 'cover'
 2:57:03.650 FireworksLauncher_Skeleton: Invalid parent bone 'placing' for ''
 2:57:03.660 Warning: No components in nst\ns_dayz\gear\tools\stash_namalsk_snow.p3d:geometryFire
 2:57:03.670 Warning: No components in dz\weapons\firearms\b95\b95_sawn.p3d:geometry
 2:57:03.678 Convex "component05" selection faces are less then 4 in dz\weapons\firearms\m16a2\m16a2.p3d:geometryFire
 2:57:03.678 Convex "component06" selection faces are less then 4 in dz\weapons\firearms\m16a2\m16a2.p3d:geometryFire
 2:57:03.678 Convex "component07" selection faces are less then 4 in dz\weapons\firearms\m16a2\m16a2.p3d:geometryFire
 2:57:03.678 Convex "component10" selection faces are less then 4 in dz\weapons\firearms\m16a2\m16a2.p3d:geometryFire
 2:57:03.678 Convex "component11" selection faces are less then 4 in dz\weapons\firearms\m16a2\m16a2.p3d:geometryFire
 2:57:03.696 Warning: No components in dz\weapons\launchers\m79\m79.p3d:geometryView
 2:57:03.730 Warning: No components in dz\weapons\projectiles\bolt_biggame.p3d:geometryFire
 2:57:03.731 Warning: No components in dz\weapons\projectiles\bolt_crude.p3d:geometryFire
 2:57:03.732 Warning: No components in dz\weapons\projectiles\bolt_crafted.p3d:geometryFire
 2:57:03.732 Warning: No components in dz\weapons\projectiles\bolt_cupids.p3d:geometryFire
 2:57:03.732 Warning: No components in dz\weapons\ammunition\flare_singleround_red.p3d:geometry
 2:57:03.733 Warning: No components in dz\weapons\ammunition\flare_singleround_green.p3d:geometry
 2:57:03.734 Warning: No components in dz\weapons\ammunition\flare_singleround_blue.p3d:geometry
 2:57:03.744 [CE][TypeSetup] :: 601 classes setuped...
 2:57:06.552 [CE][RegisterBind] :: 0 classes binded...
 2:57:06.552 [CE][RegisterConfig] :: 11950 config classes registered, 0 sub-counters...
 2:57:06.552 [CE][Hive] :: Loading map data ... 
 2:57:06.633 [CE][LoadPrototype] :: loaded 256 prototypes
 2:57:06.633   404 containers, 7415 points
 2:57:06.633   1 dispatches, 1 proxies
 2:57:06.633 !!! [CE][LoadPrototype] 1 groups have wrong points...
 2:57:06.633 [CE][LoadPrototype] :: last group name: land_frozen_person...
 2:57:06.636 [CE][LoadPrototype] :: loaded 0 prototypes
 2:57:06.636   38 containers, 66 points
 2:57:06.636   0 dispatches, 0 proxies
 2:57:06.636 [CE][LoadPrototype] :: last group name: StoneLoc38...
 2:57:06.673 [CE][LoadMap] "Group" :: loaded 1445 groups, groups failed: 0, largest group range: 36.4
 2:57:06.674 [CE][LoadMap] "Dirt" :: loaded 0 groups, groups failed: 0, largest group range: 36.4
 2:57:06.682 [CE][Links] found 472 total links between groups, of 1445
 2:57:06.682 [CE][LoadClusters] "Cluster" :: Loading files...
 2:57:06.696 [CE][LoadClusters] :: file: "mapgroupcluster.xml", 1 types, 2418 instances
 2:57:06.698 [CE][Storage] ver:21 stamp:95, valid:yes, name:"G:\SteamLibrary\steamapps\common\DayZServer\mpmissions\regular.namalsk\storage_1\data\types.bin"
 2:57:06.699 [CE][Storage] ver:0 stamp:0, valid:NO, name:"G:\SteamLibrary\steamapps\common\DayZServer\mpmissions\regular.namalsk\storage_1\data\types.001"
 2:57:06.700 [CE][Storage] ver:21 stamp:80, valid:yes, name:"G:\SteamLibrary\steamapps\common\DayZServer\mpmissions\regular.namalsk\storage_1\data\types.002"
 2:57:06.700 [CE][Storage] Restoring file "G:\SteamLibrary\steamapps\common\DayZServer\mpmissions\regular.namalsk\storage_1\data\types.bin".
 2:57:06.829 [CE][offlineDB] :: Loaded 23 dynamic events 177 total types.
 2:57:06.847 !!! [CE][offlineDB] :: Type 'ChristmasTree' will be ignored. (Not spawnable. (Scope is not public?))
 2:57:06.855 [CE][DE][SPAWNS] :: Total positions: 711
 2:57:06.855 [CE][DE][GROUPS] :: Total eventgroups defined: 0, Eventgroups in use: 0
 2:57:06.855 [CE][Storage] ver:25 stamp:95, valid:yes, name:"G:\SteamLibrary\steamapps\common\DayZServer\mpmissions\regular.namalsk\storage_1\data\events.bin"
 2:57:06.855 [CE][Storage] ver:0 stamp:0, valid:NO, name:"G:\SteamLibrary\steamapps\common\DayZServer\mpmissions\regular.namalsk\storage_1\data\events.001"
 2:57:06.856 [CE][Storage] ver:25 stamp:80, valid:yes, name:"G:\SteamLibrary\steamapps\common\DayZServer\mpmissions\regular.namalsk\storage_1\data\events.002"
 2:57:06.856 [CE][Storage] Restoring file "G:\SteamLibrary\steamapps\common\DayZServer\mpmissions\regular.namalsk\storage_1\data\events.bin".
 2:57:06.856 [CE][DynamicEvent] Load  Events:[23] Primary spawners: 23 Secondary spawners: 0
 2:57:06.856 
 2:57:06.856 [CE][DE] Scaling Spawner: 4
 2:57:06.856 100 % == 1600 pcs
 2:57:06.856 
 2:57:06.856 [0] InfectedSanta :: dmax: 0.0, 1.0 % == 16 pcs
 2:57:06.856 ZmbM_Santa :: 100 % min: 16, max: 16
 2:57:06.856   pcs: 16
 2:57:06.856 
 2:57:06.856 [1] InfectedArmy :: dmax: 574.0, 59.1 % == 945 pcs
 2:57:06.856 ZmbM_PatrolNormal_Autumn :: 5 % min: 47, max: 47
 2:57:06.856 ZmbM_PatrolNormal_Flat :: 5 % min: 48, max: 48
 2:57:06.856 ZmbM_PatrolNormal_PautRev :: 5 % min: 47, max: 47
 2:57:06.856 ZmbM_PatrolNormal_Summer :: 5 % min: 47, max: 47
 2:57:06.856 ZmbM_SoldierNormal :: 5 % min: 47, max: 47
 2:57:06.856 ZmbM_usSoldier_Officer_Desert :: 5 % min: 48, max: 48
 2:57:06.856 ZmbM_ruSoldier_normal_Woodland1 :: 15 % min: 141, max: 141
 2:57:06.856 ZmbM_ruSoldier_normal_Woodland2 :: 15 % min: 142, max: 142
 2:57:06.857 ZmbM_usSoldier_normal_Woodland :: 20 % min: 189, max: 189
 2:57:06.857 ZmbM_nacSoldier_normal :: 20 % min: 189, max: 189
 2:57:06.857   pcs: 945
 2:57:06.857 
 2:57:06.857 [2] InfectedIndustrial :: dmax: 257.0, 26.5 % == 423 pcs
 2:57:06.857 ZmbF_BlueCollarFat_Blue :: 3 % min: 13, max: 13
 2:57:06.857 ZmbF_BlueCollarFat_Green :: 3 % min: 12, max: 12
 2:57:06.857 ZmbF_BlueCollarFat_Red :: 3 % min: 13, max: 13
 2:57:06.857 ZmbF_BlueCollarFat_White :: 3 % min: 13, max: 13
 2:57:06.857 ZmbF_MechanicNormal_Beige :: 4 % min: 17, max: 17
 2:57:06.857 ZmbF_MechanicNormal_Green :: 4 % min: 17, max: 17
 2:57:06.857 ZmbF_MechanicNormal_Grey :: 4 % min: 17, max: 17
 2:57:06.857 ZmbF_MechanicNormal_Orange :: 4 % min: 16, max: 16
 2:57:06.857 ZmbM_ConstrWorkerNormal_Beige :: 3 % min: 13, max: 13
 2:57:06.857 ZmbM_ConstrWorkerNormal_Black :: 3 % min: 13, max: 13
 2:57:06.857 ZmbM_ConstrWorkerNormal_Green :: 3 % min: 13, max: 13
 2:57:06.857 ZmbM_ConstrWorkerNormal_Grey :: 3 % min: 12, max: 12
 2:57:06.857 ZmbM_HandymanNormal_Beige :: 4 % min: 17, max: 17
 2:57:06.857 ZmbM_HandymanNormal_Blue :: 4 % min: 17, max: 17
 2:57:06.857 ZmbM_HandymanNormal_Green :: 4 % min: 17, max: 17
 2:57:06.857 ZmbM_HandymanNormal_Grey :: 2 % min: 8, max: 8
 2:57:06.857 ZmbM_HandymanNormal_White :: 2 % min: 9, max: 9
 2:57:06.857 ZmbM_HeavyIndustryWorker :: 6 % min: 25, max: 25
 2:57:06.857 ZmbM_MechanicSkinny_Blue :: 4 % min: 17, max: 17
 2:57:06.857 ZmbM_MechanicSkinny_Green :: 4 % min: 17, max: 17
 2:57:06.857 ZmbM_MechanicSkinny_Grey :: 4 % min: 17, max: 17
 2:57:06.857 ZmbM_MechanicSkinny_Red :: 4 % min: 17, max: 17
 2:57:06.857 ZmbM_OffshoreWorker_Green :: 4 % min: 17, max: 17
 2:57:06.857 ZmbM_OffshoreWorker_Orange :: 4 % min: 17, max: 17
 2:57:06.857 ZmbM_OffshoreWorker_Red :: 4 % min: 17, max: 17
 2:57:06.857 ZmbM_OffshoreWorker_Yellow :: 4 % min: 17, max: 17
 2:57:06.857 ZmbM_FirefighterNormal :: 2 % min: 8, max: 8
 2:57:06.857 ZmbM_NBC_Grey :: 4 % min: 17, max: 17
 2:57:06.857   pcs: 423
 2:57:06.857 
 2:57:06.857 [3] InfectedCivil :: dmax: 124.0, 12.8 % == 204 pcs
 2:57:06.857 ZmbF_JoggerSkinny_Blue :: 1 % min: 2, max: 2
 2:57:06.857 ZmbF_JoggerSkinny_Brown :: 1 % min: 2, max: 2
 2:57:06.857 ZmbF_JoggerSkinny_Green :: 1 % min: 2, max: 2
 2:57:06.857 ZmbF_JoggerSkinny_Red :: 1 % min: 2, max: 2
 2:57:06.857 ZmbF_MilkMaidOld_Beige :: 1 % min: 2, max: 2
 2:57:06.857 ZmbF_MilkMaidOld_Black :: 1 % min: 2, max: 2
 2:57:06.857 ZmbF_MilkMaidOld_Green :: 1 % min: 2, max: 2
 2:57:06.857 ZmbF_MilkMaidOld_Grey :: 1 % min: 2, max: 2
 2:57:06.857 ZmbF_VillagerOld_Blue :: 1 % min: 2, max: 2
 2:57:06.857 ZmbF_VillagerOld_Green :: 1 % min: 2, max: 2
 2:57:06.857 ZmbF_VillagerOld_Red :: 1 % min: 2, max: 2
 2:57:06.857 ZmbF_VillagerOld_White :: 1 % min: 2, max: 2
 2:57:06.857 ZmbM_FarmerFat_Beige :: 1 % min: 3, max: 3
 2:57:06.857 ZmbM_FarmerFat_Blue :: 1 % min: 2, max: 2
 2:57:06.857 ZmbM_FarmerFat_Brown :: 1 % min: 2, max: 2
 2:57:06.857 ZmbM_FarmerFat_Green :: 1 % min: 2, max: 2
 2:57:06.857 ZmbM_JoggerSkinny_Blue :: 1 % min: 2, max: 2
 2:57:06.857 ZmbM_JoggerSkinny_Green :: 1 % min: 2, max: 2
 2:57:06.857 ZmbM_JoggerSkinny_Red :: 1 % min: 2, max: 2
 2:57:06.857 ZmbM_VillagerOld_Blue :: 1 % min: 2, max: 2
 2:57:06.857 ZmbM_VillagerOld_Green :: 1 % min: 2, max: 2
 2:57:06.857 ZmbM_VillagerOld_White :: 1 % min: 2, max: 2
 2:57:06.857 ZmbF_HikerSkinny_Blue :: 1 % min: 2, max: 2
 2:57:06.857 ZmbF_HikerSkinny_Green :: 1 % min: 2, max: 2
 2:57:06.857 ZmbF_HikerSkinny_Grey :: 1 % min: 2, max: 2
 2:57:06.857 ZmbF_HikerSkinny_Red :: 1 % min: 2, max: 2
 2:57:06.857 ZmbM_FishermanOld_Blue :: 1 % min: 2, max: 2
 2:57:06.857 ZmbM_FishermanOld_Green :: 1 % min: 2, max: 2
 2:57:06.857 ZmbM_FishermanOld_Grey :: 1 % min: 2, max: 2
 2:57:06.857 ZmbM_FishermanOld_Red :: 1 % min: 2, max: 2
 2:57:06.857 ZmbM_HermitSkinny_Beige :: 1 % min: 2, max: 2
 2:57:06.857 ZmbM_HermitSkinny_Black :: 1 % min: 2, max: 2
 2:57:06.857 ZmbM_HermitSkinny_Green :: 1 % min: 2, max: 2
 2:57:06.857 ZmbM_HermitSkinny_Red :: 1 % min: 2, max: 2
 2:57:06.857 ZmbM_HikerSkinny_Blue :: 1 % min: 2, max: 2
 2:57:06.857 ZmbM_HikerSkinny_Green :: 1 % min: 2, max: 2
 2:57:06.857 ZmbM_HikerSkinny_Yellow :: 1 % min: 2, max: 2
 2:57:06.857 ZmbM_HunterOld_Autumn :: 1 % min: 3, max: 3
 2:57:06.857 ZmbM_HunterOld_Spring :: 1 % min: 2, max: 2
 2:57:06.857 ZmbM_HunterOld_Summer :: 1 % min: 2, max: 2
 2:57:06.857 ZmbM_HunterOld_Winter :: 1 % min: 2, max: 2
 2:57:06.857 ZmbM_priestPopSkinny :: 1 % min: 2, max: 2
 2:57:06.857 ZmbM_PrisonerSkinny :: 1 % min: 2, max: 2
 2:57:06.857 ZmbF_PoliceWomanNormal :: 1 % min: 2, max: 2
 2:57:06.857 ZmbM_PolicemanFat :: 1 % min: 2, max: 2
 2:57:06.857 ZmbM_PolicemanSpecForce :: 1 % min: 2, max: 2
 2:57:06.857 ZmbF_CitizenANormal_Beige :: 1 % min: 2, max: 2
 2:57:06.857 ZmbF_CitizenANormal_Brown :: 1 % min: 2, max: 2
 2:57:06.857 ZmbF_CitizenBSkinny :: 1 % min: 2, max: 2
 2:57:06.857 ZmbF_Clerk_Normal_Blue :: 1 % min: 2, max: 2
 2:57:06.857 ZmbF_Clerk_Normal_Green :: 1 % min: 2, max: 2
 2:57:06.857 ZmbF_Clerk_Normal_Red :: 1 % min: 2, max: 2
 2:57:06.857 ZmbF_Clerk_Normal_White :: 1 % min: 2, max: 2
 2:57:06.857 ZmbF_JournalistNormal_Blue :: 1 % min: 2, max: 2
 2:57:06.857 ZmbF_JournalistNormal_Green :: 1 % min: 2, max: 2
 2:57:06.857 ZmbF_JournalistNormal_Red :: 1 % min: 2, max: 2
 2:57:06.857 ZmbF_JournalistNormal_White :: 1 % min: 2, max: 2
 2:57:06.857 ZmbF_ShortSkirt_beige :: 1 % min: 2, max: 2
 2:57:06.857 ZmbF_ShortSkirt_Black :: 1 % min: 2, max: 2
 2:57:06.857 ZmbF_ShortSkirt_checks :: 1 % min: 2, max: 2
 2:57:06.857 ZmbF_ShortSkirt_green :: 1 % min: 2, max: 2
 2:57:06.857 ZmbF_ShortSkirt_red :: 1 % min: 2, max: 2
 2:57:06.857 ZmbF_ShortSkirt_white :: 1 % min: 3, max: 3
 2:57:06.857 ZmbF_ShortSkirt_yellow :: 1 % min: 2, max: 2
 2:57:06.857 ZmbF_SkaterYoung_Brown :: 1 % min: 2, max: 2
 2:57:06.857 ZmbF_SkaterYoung_Striped :: 1 % min: 2, max: 2
 2:57:06.857 ZmbF_SkaterYoung_Violet :: 1 % min: 2, max: 2
 2:57:06.857 ZmbF_SurvivorNormal_Blue :: 1 % min: 2, max: 2
 2:57:06.857 ZmbF_SurvivorNormal_Orange :: 1 % min: 2, max: 2
 2:57:06.857 ZmbF_SurvivorNormal_Red :: 1 % min: 2, max: 2
 2:57:06.857 ZmbF_SurvivorNormal_White :: 1 % min: 2, max: 2
 2:57:06.857 ZmbM_CitizenASkinny_Blue :: 1 % min: 2, max: 2
 2:57:06.857 ZmbM_CitizenASkinny_Brown :: 1 % min: 2, max: 2
 2:57:06.857 ZmbM_CitizenASkinny_Grey :: 1 % min: 2, max: 2
 2:57:06.857 ZmbM_CitizenASkinny_Red :: 1 % min: 2, max: 2
 2:57:06.857 ZmbM_CitizenBFat_Blue :: 1 % min: 2, max: 2
 2:57:06.857 ZmbM_CitizenBFat_Green :: 1 % min: 2, max: 2
 2:57:06.857 ZmbM_CitizenBFat_Red :: 1 % min: 2, max: 2
 2:57:06.857 ZmbM_ClerkFat_Brown :: 1 % min: 2, max: 2
 2:57:06.857 ZmbM_ClerkFat_Grey :: 1 % min: 2, max: 2
 2:57:06.857 ZmbM_ClerkFat_Khaki :: 1 % min: 2, max: 2
 2:57:06.857 ZmbM_ClerkFat_White :: 1 % min: 2, max: 2
 2:57:06.857 ZmbM_CommercialPilotOld_Blue :: 1 % min: 2, max: 2
 2:57:06.857 ZmbM_CommercialPilotOld_Brown :: 1 % min: 2, max: 2
 2:57:06.857 ZmbM_CommercialPilotOld_Grey :: 1 % min: 2, max: 2
 2:57:06.857 ZmbM_CommercialPilotOld_Olive :: 1 % min: 2, max: 2
 2:57:06.857 ZmbM_Jacket_beige :: 1 % min: 2, max: 2
 2:57:06.857 ZmbM_Jacket_black :: 1 % min: 3, max: 3
 2:57:06.857 ZmbM_Jacket_blue :: 1 % min: 2, max: 2
 2:57:06.857 ZmbM_Jacket_brown :: 1 % min: 2, max: 2
 2:57:06.857 ZmbM_Jacket_grey :: 1 % min: 2, max: 2
 2:57:06.857 ZmbM_Jacket_khaki :: 1 % min: 2, max: 2
 2:57:06.857 ZmbM_JournalistSkinny :: 1 % min: 2, max: 2
 2:57:06.857 ZmbM_MotobikerFat_Beige :: 1 % min: 2, max: 2
 2:57:06.857 ZmbM_MotobikerFat_Black :: 1 % min: 2, max: 2
 2:57:06.857 ZmbM_MotobikerFat_Blue :: 1 % min: 10, max: 10
 2:57:06.857   pcs: 204
 2:57:06.857 
 2:57:06.857 [4] InfectedMedic :: dmax: 16.0, 1.6 % == 26 pcs
 2:57:06.857 ZmbF_DoctorSkinny :: 8 % min: 2, max: 2
 2:57:06.857 ZmbF_NurseFat_Winter :: 8 % min: 2, max: 2
 2:57:06.857 ZmbF_ParamedicNormal_Blue :: 8 % min: 2, max: 2
 2:57:06.857 ZmbF_ParamedicNormal_Green :: 8 % min: 2, max: 2
 2:57:06.857 ZmbF_ParamedicNormal_Red :: 8 % min: 2, max: 2
 2:57:06.857 ZmbF_PatientOld_Winter :: 8 % min: 2, max: 2
 2:57:06.857 ZmbM_DoctorFat_Winter :: 8 % min: 3, max: 3
 2:57:06.857 ZmbM_ParamedicNormal_Black :: 8 % min: 2, max: 2
 2:57:06.857 ZmbM_ParamedicNormal_Blue :: 8 % min: 2, max: 2
 2:57:06.857 ZmbM_ParamedicNormal_Green :: 6 % min: 1, max: 1
 2:57:06.857 ZmbM_ParamedicNormal_Red :: 6 % min: 2, max: 2
 2:57:06.857 ZmbM_PatientSkinny_Winter :: 8 % min: 2, max: 2
 2:57:06.857 ZmbM_NBC_Yellow :: 8 % min: 2, max: 2
 2:57:06.857   pcs: 26
 2:57:06.857 
 2:57:06.857   total pcs: 1614
 2:57:06.857 
 2:57:06.857 [CE][Storage] ver:26 stamp:95, valid:yes, name:"G:\SteamLibrary\steamapps\common\DayZServer\mpmissions\regular.namalsk\storage_1\data\dynamic_000.bin"
 2:57:06.857 [CE][Storage] ver:0 stamp:0, valid:NO, name:"G:\SteamLibrary\steamapps\common\DayZServer\mpmissions\regular.namalsk\storage_1\data\dynamic_000.001"
 2:57:06.857 [CE][Storage] ver:26 stamp:80, valid:yes, name:"G:\SteamLibrary\steamapps\common\DayZServer\mpmissions\regular.namalsk\storage_1\data\dynamic_000.002"
 2:57:06.858 [CE][Storage] Restoring file "G:\SteamLibrary\steamapps\common\DayZServer\mpmissions\regular.namalsk\storage_1\data\dynamic_000.bin" 1 items.
 2:57:06.859   1 items loaded. (0 failed)
 2:57:06.860 [CE][Storage] ver:26 stamp:95, valid:yes, name:"G:\SteamLibrary\steamapps\common\DayZServer\mpmissions\regular.namalsk\storage_1\data\dynamic_001.bin"
 2:57:06.860 [CE][Storage] ver:0 stamp:0, valid:NO, name:"G:\SteamLibrary\steamapps\common\DayZServer\mpmissions\regular.namalsk\storage_1\data\dynamic_001.001"
 2:57:06.861 [CE][Storage] ver:26 stamp:80, valid:yes, name:"G:\SteamLibrary\steamapps\common\DayZServer\mpmissions\regular.namalsk\storage_1\data\dynamic_001.002"
 2:57:06.861 [CE][Storage] Restoring file "G:\SteamLibrary\steamapps\common\DayZServer\mpmissions\regular.namalsk\storage_1\data\dynamic_001.bin" 29 items.
 2:57:06.862 Warning: No components in dz\characters\backpacks\alicebackpack_m.p3d:geometry
 2:57:06.862 Warning: No components in dz\characters\backpacks\alicebackpack_f.p3d:geometry
 2:57:06.866 Warning: No components in dz\weapons\attachments\magazine\magazine_saiga_drum.p3d:geometryFire
 2:57:06.866 Warning: No components in dz\weapons\attachments\magazine\magazine_saiga_drum.p3d:geometryView
 2:57:06.872 Warning: No components in dz\characters\belts\hippack_m.p3d:geometry
 2:57:06.872 Warning: No components in dz\characters\belts\hippack_f.p3d:geometry
 2:57:06.876 ProxyMagazine_STANAG30: bullets - unknown animation source revolving
 2:57:06.885 Warning Message: No entry 'bin\config.bin/CfgNonAIVehicles/ProxyOptic_PSO1.AnimationSources'.
 2:57:06.885 Warning Message: Animation source hide not found in bin\config.bin/CfgNonAIVehicles/ProxyOptic_PSO1/
 2:57:06.890 Warning: No components in dz\characters\tops\tshirt_f.p3d:geometry
 2:57:06.891 Warning: No components in dz\characters\masks\balaclava_m.p3d:geometry
 2:57:06.891 Warning: No components in dz\characters\masks\balaclava_m.p3d:geometryFire
 2:57:06.891 Warning: No components in dz\characters\masks\balaclava_m.p3d:geometryView
 2:57:06.891 Warning: No components in dz\characters\masks\balaclava_f.p3d:geometry
 2:57:06.891 Warning: No components in dz\characters\masks\balaclava_f.p3d:geometryFire
 2:57:06.891 Warning: No components in dz\characters\masks\balaclava_f.p3d:geometryView
 2:57:06.892 Mag_STANAG_30Rnd: bullets - unknown animation source revolving
 2:57:06.894 Warning: No components in nst\ns_dayz\gear\head\gorkahood_g.p3d:geometry
 2:57:06.894 Warning: No components in nst\ns_dayz\gear\head\gorkahood_m.p3d:geometry
 2:57:06.895 Warning: No components in nst\ns_dayz\gear\head\gorkahood_f.p3d:geometry
 2:57:06.898 Warning: No components in dz\characters\shoes\jungleboots_m.p3d:geometry
 2:57:06.899 Warning: No components in dz\characters\shoes\jungleboots_f.p3d:geometry
 2:57:06.907 Warning: No components in dz\characters\backpacks\ghilliebushrag_g.p3d:geometry
 2:57:06.908 Warning: No components in dz\characters\backpacks\ghillietop_m.p3d:geometry
 2:57:06.913 Warning: No components in dz\characters\pants\jeans_f.p3d:geometry
 2:57:06.921   29 items loaded. (0 failed)
 2:57:06.921 [CE][Storage] ver:26 stamp:95, valid:yes, name:"G:\SteamLibrary\steamapps\common\DayZServer\mpmissions\regular.namalsk\storage_1\data\dynamic_002.bin"
 2:57:06.922 [CE][Storage] ver:0 stamp:0, valid:NO, name:"G:\SteamLibrary\steamapps\common\DayZServer\mpmissions\regular.namalsk\storage_1\data\dynamic_002.001"
 2:57:06.924 [CE][Storage] ver:26 stamp:80, valid:yes, name:"G:\SteamLibrary\steamapps\common\DayZServer\mpmissions\regular.namalsk\storage_1\data\dynamic_002.002"
 2:57:06.924 [CE][Storage] Restoring file "G:\SteamLibrary\steamapps\common\DayZServer\mpmissions\regular.namalsk\storage_1\data\dynamic_002.bin" 64 items.
 2:57:06.931 Warning: No components in dz\characters\tops\tracksuit_jacket_m.p3d:geometry
 2:57:06.931 Warning: No components in dz\characters\tops\tracksuit_jacket_f.p3d:geometry
 2:57:06.934 Warning: No components in dz\characters\headgear\booniehat.p3d:geometry
 2:57:06.934 Warning: No components in dz\gear\consumables\bait_hook.p3d:geometry
 2:57:06.934 Warning: No components in dz\gear\food\bait_worm.p3d:geometry
 2:57:06.934 Warning Message: No entry 'bin\config.bin/CfgNonAIVehicles/Proxybait_worm.AnimationSources'.
 2:57:06.934 Warning Message: Animation source Bait_Hooked not found in bin\config.bin/CfgNonAIVehicles/Proxybait_worm/
 2:57:06.934 Warning Message: No entry 'bin\config.bin/CfgNonAIVehicles/Proxybait_worm.AnimationSources'.
 2:57:06.934 Warning Message: Animation source Bait_Unhooked not found in bin\config.bin/CfgNonAIVehicles/Proxybait_worm/
 2:57:06.937 Warning: No components in dz\characters\headgear\bandanahybrid_m.p3d:geometry
 2:57:06.938 Warning: No components in dz\characters\headgear\bandanahybrid_f.p3d:geometry
 2:57:06.940 Warning: No components in dz\weapons\proxies\muzzle_flash_rifle_m4.p3d:geometry
 2:57:06.951 Warning: No components in dz\characters\glasses\aviator_glasses.p3d:geometry
 2:57:06.952 Warning: No components in dz\characters\vests\chest_holster_m.p3d:geometry
 2:57:06.953 Warning: No components in dz\characters\vests\chest_holster_f.p3d:geometry
 2:57:06.955 Warning Message: No entry 'bin\config.bin/CfgNonAIVehicles/ProxyOptic_PUScope.AnimationSources'.
 2:57:06.955 Warning Message: Animation source hide not found in bin\config.bin/CfgNonAIVehicles/ProxyOptic_PUScope/
 2:57:06.965 Warning: No components in dz\characters\shoes\wellies_m.p3d:geometry
 2:57:06.966 Warning: No components in dz\characters\shoes\wellies_f.p3d:geometry
 2:57:06.983 Warning: No components in dz\characters\gloves\woolglovesfingerless_m.p3d:geometry
 2:57:06.984 Warning: No components in dz\characters\gloves\woolglovesfingerless_f.p3d:geometry
 2:57:06.986 Warning: No components in dz\characters\headgear\zmijovkacap_m.p3d:geometry
 2:57:06.986 Warning: No components in dz\characters\headgear\zmijovkacap_f.p3d:geometry
 2:57:06.989 Warning: No components in dz\characters\tops\pcu5jacket_f.p3d:geometry
 2:57:06.999 Warning: No components in dz\characters\tops\raincoat_f.p3d:geometry
 2:57:07.02  Warning: No components in dz\characters\headgear\beaniehat_m.p3d:geometry
 2:57:07.03  Warning: No components in dz\characters\headgear\beaniehat_f.p3d:geometry
 2:57:07.12  Warning: No components in dz\gear\cooking\petrol_lighter.p3d:geometryView
 2:57:07.15  Warning: No components in dz\characters\backpacks\taloon_m.p3d:geometry
 2:57:07.16  Warning: No components in dz\characters\backpacks\taloon_f.p3d:geometry
 2:57:07.23  Warning: No components in dz\characters\backpacks\drybag_m.p3d:geometry
 2:57:07.23  Warning: No components in dz\characters\backpacks\drybag_f.p3d:geometry
 2:57:07.26  Warning: No components in dz\characters\tops\blouse_m.p3d:geometry
 2:57:07.26  Warning: No components in dz\characters\tops\blouse_f.p3d:geometry
 2:57:07.28   WORLD        : Create entity type 'Megaphone'
 2:57:07.28    ENTITY    (E): Type 'Inventory_BaseType' must be inherited from class 'ItemMegaphoneType'
 2:57:07.29    64 items loaded. (0 failed)
 2:57:07.29  [CE][Storage] ver:26 stamp:95, valid:yes, name:"G:\SteamLibrary\steamapps\common\DayZServer\mpmissions\regular.namalsk\storage_1\data\dynamic_003.bin"
 2:57:07.29  [CE][Storage] ver:0 stamp:0, valid:NO, name:"G:\SteamLibrary\steamapps\common\DayZServer\mpmissions\regular.namalsk\storage_1\data\dynamic_003.001"
 2:57:07.30  [CE][Storage] ver:26 stamp:80, valid:yes, name:"G:\SteamLibrary\steamapps\common\DayZServer\mpmissions\regular.namalsk\storage_1\data\dynamic_003.002"
 2:57:07.30  [CE][Storage] Restoring file "G:\SteamLibrary\steamapps\common\DayZServer\mpmissions\regular.namalsk\storage_1\data\dynamic_003.bin" 868 items.
 2:57:07.32  Warning: No components in dz\gear\camping\camo_net_p.p3d:geometryFire
 2:57:07.52  Warning: No components in dz\characters\headgear\tankerhelmet.p3d:geometry
 2:57:07.52   WORLD        : Create entity type 'Headtorch_Black'
 2:57:07.52    ENTITY    (E): Type 'Inventory_BaseType' must be inherited from class 'ClothingType'
 2:57:07.53  Warning: No components in dz\characters\headgear\headtorch_ground.p3d:geometry
 2:57:07.53  Warning Message: No entry 'bin\config.bin/CfgVehicles/Headtorch_ColorBase/Reflectors/Beam.color'.
 2:57:07.53  Warning Message: Size: '/' not an array
 2:57:07.53  Warning Message: Size: '/' not an array
 2:57:07.53  Warning Message: No entry 'bin\config.bin/CfgVehicles/Headtorch_ColorBase/Reflectors/Beam.radius'.
 2:57:07.53  Warning Message: Trying to access error value.
 2:57:07.53  Warning Message: No entry 'bin\config.bin/CfgVehicles/Headtorch_ColorBase/Reflectors/Beam.position'.
 2:57:07.53  Warning Message: Trying to access error value.
 2:57:07.53  Warning Message: No entry 'bin\config.bin/CfgVehicles/Headtorch_ColorBase/Reflectors/Beam.direction'.
 2:57:07.53  Warning Message: Trying to access error value.
 2:57:07.54  Warning: No components in dz\characters\headgear\headtorch_m.p3d:geometry
 2:57:07.54  Warning Message: No entry 'bin\config.bin/CfgVehicles/Headtorch_ColorBase/Reflectors/Beam.color'.
 2:57:07.54  Warning Message: Size: '/' not an array
 2:57:07.54  Warning Message: Size: '/' not an array
 2:57:07.54  Warning Message: No entry 'bin\config.bin/CfgVehicles/Headtorch_ColorBase/Reflectors/Beam.radius'.
 2:57:07.54  Warning Message: Trying to access error value.
 2:57:07.54  Warning Message: No entry 'bin\config.bin/CfgVehicles/Headtorch_ColorBase/Reflectors/Beam.position'.
 2:57:07.54  Warning Message: Trying to access error value.
 2:57:07.54  Warning Message: No entry 'bin\config.bin/CfgVehicles/Headtorch_ColorBase/Reflectors/Beam.direction'.
 2:57:07.54  Warning Message: Trying to access error value.
 2:57:07.55  Warning: No components in dz\characters\headgear\headtorch_f.p3d:geometry
 2:57:07.55  Warning Message: No entry 'bin\config.bin/CfgVehicles/Headtorch_ColorBase/Reflectors/Beam.color'.
 2:57:07.55  Warning Message: Size: '/' not an array
 2:57:07.55  Warning Message: Size: '/' not an array
 2:57:07.55  Warning Message: No entry 'bin\config.bin/CfgVehicles/Headtorch_ColorBase/Reflectors/Beam.radius'.
 2:57:07.55  Warning Message: Trying to access error value.
 2:57:07.55  Warning Message: No entry 'bin\config.bin/CfgVehicles/Headtorch_ColorBase/Reflectors/Beam.position'.
 2:57:07.55  Warning Message: Trying to access error value.
 2:57:07.55  Warning Message: No entry 'bin\config.bin/CfgVehicles/Headtorch_ColorBase/Reflectors/Beam.direction'.
 2:57:07.55  Warning Message: Trying to access error value.
 2:57:07.62  Warning: No components in dz\characters\tops\gorka_up_g.p3d:geometry
 2:57:07.65  Warning: No components in dz\characters\headgear\militaryberet_g.p3d:geometryFire
 2:57:07.65  Warning: No components in dz\characters\headgear\militaryberet_m.p3d:geometry
 2:57:07.65  Warning: No components in dz\characters\headgear\militaryberet_f.p3d:geometry
 2:57:07.69  Warning: No components in dz\gear\tools\handcuffs.p3d:geometry
 2:57:07.73  Warning: No components in dz\characters\tops\ttsko_jacket_g.p3d:geometry
 2:57:07.73  Warning: No components in dz\characters\tops\ttsko_jacket_m.p3d:geometry
 2:57:07.75  Warning: No components in dz\characters\tops\bomberjacket_m.p3d:geometry
 2:57:07.76  Warning: No components in dz\characters\tops\bomberjacket_f.p3d:geometry
 2:57:07.79  Warning: No components in dz\characters\pants\bdu_pants_m.p3d:geometry
 2:57:07.80  Warning: No components in dz\characters\pants\bdu_pants_f.p3d:geometry
 2:57:07.81  Warning: No components in dz\weapons\projectiles\bolt_biggame.p3d:geometryFire
 2:57:07.81  Warning: No components in dz\weapons\projectiles\bolt_flying.p3d:geometry
 2:57:07.87  Warning: No components in dz\characters\pants\gorka_pants_m.p3d:geometry
 2:57:07.87  Warning: No components in dz\characters\pants\gorka_pants_f.p3d:geometry
 2:57:07.89  Warning: No components in dz\characters\tops\woolcoat_m.p3d:geometry
 2:57:07.89  Warning: No components in dz\characters\tops\woolcoat_f.p3d:geometry
 2:57:07.90  Warning: No components in dz\characters\shoes\combatboots_m.p3d:geometry
 2:57:07.90  Warning: No components in dz\characters\shoes\combatboots_f.p3d:geometry
 2:57:07.95  Warning: No components in dz\characters\headgear\protecskatehelmet2_f.p3d:geometry
 2:57:07.97  Warning: No components in dz\characters\gloves\omno_gloves_m.p3d:geometry
 2:57:07.97  Warning: No components in dz\characters\gloves\omno_gloves_f.p3d:geometry
 2:57:07.106 Warning: No components in dz\characters\headgear\flatcap.p3d:geometry
 2:57:07.110 Warning: No components in dz\characters\shoes\militaryboots_m.p3d:geometry
 2:57:07.110 Warning: No components in dz\characters\shoes\militaryboots_f.p3d:geometry
 2:57:07.111 Warning: No components in dz\gear\consumables\pile_of_planks.p3d:geometry
 2:57:07.111 Warning: No components in dz\gear\consumables\pile_of_planks.p3d:geometryFire
 2:57:07.113 Warning: No components in dz\characters\gloves\paddedgloves_g.p3d:geometry
 2:57:07.113 Warning: No components in dz\characters\gloves\paddedgloves_m.p3d:geometry
 2:57:07.116 Warning: No components in dz\characters\gloves\paddedgloves_f.p3d:geometry
 2:57:07.118 Warning: No components in dz\characters\belts\mil_belt_m.p3d:geometry
 2:57:07.118 Warning: No components in dz\characters\belts\mil_belt_f.p3d:geometry
 2:57:07.125 Warning: No components in dz\characters\headgear\mxhelmet.p3d:geometry
 2:57:07.125 Warning: No components in dz\characters\headgear\mxhelmet_visor.p3d:geometry
 2:57:07.135 Warning: No components in dz\characters\headgear\pilotka_m.p3d:geometry
 2:57:07.135 Warning: No components in dz\characters\headgear\pilotka_f.p3d:geometry
 2:57:07.136 Warning: No components in dz\gear\crafting\bp_rope.p3d:geometry
 2:57:07.142 Warning: No components in dz\characters\pants\usmc_pants_m.p3d:geometry
 2:57:07.142 Warning: No components in dz\characters\pants\usmc_pants_f.p3d:geometry
 2:57:07.142 Warning: No components in dz\characters\glasses\tacgoggles_g.p3d:geometryFire
 2:57:07.146 Warning: No components in dz\weapons\ammunition\308win_looserounds.p3d:geometry
 2:57:07.152 Warning Message: No entry 'bin\config.bin/CfgVehicles/NylonKnifeSheath.ClothingTypes'.
 2:57:07.153 Warning: No components in dz\characters\pants\tracksuit_pants_m.p3d:geometry
 2:57:07.154 Warning: No components in dz\characters\pants\tracksuit_pants_f.p3d:geometry
 2:57:07.160 Warning: No components in dz\characters\headgear\policecap_m.p3d:geometry
 2:57:07.165 Warning: No components in dz\characters\headgear\policecap_f.p3d:geometry
 2:57:07.167 Warning: No components in dz\characters\gloves\tactical_gloves_m.p3d:geometry
 2:57:07.167 Warning: No components in dz\characters\gloves\tactical_gloves_f.p3d:geometry
 2:57:07.180 Warning: No components in dz\characters\backpacks\ghilliebushrag_m.p3d:geometry
 2:57:07.189 Warning: No components in dz\characters\masks\gasmask_m.p3d:geometry
 2:57:07.189 Warning: No components in dz\characters\masks\gasmask_m.p3d:geometryFire
 2:57:07.190 Warning: No components in dz\characters\masks\gasmask_f.p3d:geometry
 2:57:07.190 Warning: No components in dz\characters\masks\gasmask_f.p3d:geometryFire
 2:57:07.203 Warning: No components in dz\characters\headgear\snowstormushanka_m.p3d:geometry
 2:57:07.203 Warning: No components in dz\characters\headgear\snowstormushanka_f.p3d:geometry
 2:57:07.206 Warning: No components in dz\gear\tools\handcuff_keys.p3d:geometry
 2:57:07.210 Warning: No components in dz\characters\headgear\okzkcap_m.p3d:geometry
 2:57:07.210 Warning: No components in dz\characters\headgear\okzkcap_f.p3d:geometry
 2:57:07.211 Warning: No components in dz\characters\tops\jumpsuit_top_m.p3d:geometry
 2:57:07.211 Warning: No components in dz\characters\tops\jumpsuit_top_f.p3d:geometry
 2:57:07.213 Warning: No components in dz\weapons\attachments\magazine\magazine_ruger1022_15.p3d:geometry
 2:57:07.216 Warning: No components in dz\characters\shoes\leathershoes_m.p3d:geometry
 2:57:07.216 Warning: No components in dz\characters\shoes\leathershoes_f.p3d:geometry
 2:57:07.220 Warning: No components in dz\weapons\ammunition\12ga_rubberrifled_slug.p3d:geometry
 2:57:07.222 Warning: No components in dz\characters\vests\proxy\proxy_grenade_a.p3d:geometry
 2:57:07.222 Warning: No components in dz\characters\vests\proxy\proxy_grenade_b.p3d:geometry
 2:57:07.222 Warning: No components in dz\characters\vests\proxy\proxy_grenade_c.p3d:geometry
 2:57:07.222 Warning: No components in dz\characters\vests\proxy\proxy_grenade_d.p3d:geometry
 2:57:07.222 Warning: No components in dz\characters\vests\proxy\smersh_buttpack.p3d:geometry
 2:57:07.228 Warning: No components in dz\characters\backpacks\smershbag_m.p3d:geometry
 2:57:07.228 Warning: No components in dz\characters\backpacks\smershbag_f.p3d:geometry
 2:57:07.230 Warning: No components in dz\characters\backpacks\boulder_m53_m.p3d:geometry
 2:57:07.230 Warning: No components in dz\characters\backpacks\boulder_m53_f.p3d:geometry
 2:57:07.244 Warning: No components in dz\characters\headgear\maska.p3d:geometry
 2:57:07.245 Warning: No components in dz\characters\tops\m65_jacket_g.p3d:geometry
 2:57:07.245 Warning: No components in dz\characters\tops\bdu_jacket_m.p3d:geometry
 2:57:07.245 Warning: No components in dz\characters\tops\bdu_jacket_f.p3d:geometry
 2:57:07.258 Warning: No components in dz\characters\masks\balaclava_3holes_m.p3d:geometry
 2:57:07.258 Warning: No components in dz\characters\masks\balaclava_3holes_m.p3d:geometryFire
 2:57:07.258 Warning: No components in dz\characters\masks\balaclava_3holes_m.p3d:geometryView
 2:57:07.259 Warning: No components in dz\characters\masks\balaclava_3holes_f.p3d:geometry
 2:57:07.259 Warning: No components in dz\characters\masks\balaclava_3holes_f.p3d:geometryFire
 2:57:07.259 Warning: No components in dz\characters\masks\balaclava_3holes_f.p3d:geometryView
 2:57:07.262 Warning: No components in dz\weapons\attachments\magazine\magazine_mk2.p3d:geometryFire
 2:57:07.267 Warning: No components in dz\characters\shoes\ttsko_boots_g.p3d:geometryView
 2:57:07.267 Warning: No components in dz\characters\shoes\ttsko_boots_m.p3d:geometry
 2:57:07.268 Warning: No components in dz\characters\shoes\ttsko_boots_f.p3d:geometry
 2:57:07.269 Warning: No components in dz\characters\tops\m65_jacket_m.p3d:geometry
 2:57:07.270 Warning: No components in dz\characters\tops\m65_jacket_f.p3d:geometry
 2:57:07.272 Warning: No components in dz\characters\backpacks\tortilla_m.p3d:geometry
 2:57:07.276 Warning: No components in dz\weapons\attachments\optics\optic_hunting.p3d:geometry
 2:57:07.276 Warning: No components in dz\weapons\attachments\optics\optic_hunting.p3d:geometryView
 2:57:07.276 Warning Message: No entry 'bin\config.bin/CfgNonAIVehicles/ProxyOptic_Hunting.AnimationSources'.
 2:57:07.276 Warning Message: Animation source hide not found in bin\config.bin/CfgNonAIVehicles/ProxyOptic_Hunting/
 2:57:07.276 Warning Message: No entry 'bin\config.bin/CfgNonAIVehicles/ProxyOptic_Hunting.AnimationSources'.
 2:57:07.276 Warning Message: Animation source rings_ris not found in bin\config.bin/CfgNonAIVehicles/ProxyOptic_Hunting/
 2:57:07.276 Warning Message: No entry 'bin\config.bin/CfgNonAIVehicles/ProxyOptic_Hunting.AnimationSources'.
 2:57:07.276 Warning Message: Animation source rings_ris_pilot not found in bin\config.bin/CfgNonAIVehicles/ProxyOptic_Hunting/
 2:57:07.276 Warning Message: No entry 'bin\config.bin/CfgNonAIVehicles/ProxyOptic_Hunting.AnimationSources'.
 2:57:07.276 Warning Message: Animation source rings_winchester not found in bin\config.bin/CfgNonAIVehicles/ProxyOptic_Hunting/
 2:57:07.276 Warning Message: No entry 'bin\config.bin/CfgNonAIVehicles/ProxyOptic_Hunting.AnimationSources'.
 2:57:07.276 Warning Message: Animation source rings_winchester_pilot not found in bin\config.bin/CfgNonAIVehicles/ProxyOptic_Hunting/
 2:57:07.295 Warning: No components in dz\characters\masks\nioshfacemask_m.p3d:geometry
 2:57:07.295 Warning: No components in dz\characters\masks\nioshfacemask_m.p3d:geometryFire
 2:57:07.295 Warning: No components in dz\characters\masks\nioshfacemask_m.p3d:geometryView
 2:57:07.296 Warning: No components in dz\characters\masks\nioshfacemask_f.p3d:geometry
 2:57:07.296 Warning: No components in dz\characters\masks\nioshfacemask_f.p3d:geometryFire
 2:57:07.296 Warning: No components in dz\characters\masks\nioshfacemask_f.p3d:geometryView
 2:57:07.299 Warning: No components in dz\weapons\attachments\optics\optic_hunting.p3d:geometry
 2:57:07.299 Warning: No components in dz\weapons\attachments\optics\optic_hunting.p3d:geometryView
 2:57:07.303 Warning: No components in dz\characters\shoes\sneakers_m.p3d:geometry
 2:57:07.303 Warning: No components in dz\characters\shoes\sneakers_f.p3d:geometry
 2:57:07.309 Warning: No components in dz\characters\tops\hoodie_m.p3d:geometry
 2:57:07.309 Warning: No components in dz\characters\tops\hoodie_f.p3d:geometry
 2:57:07.315 Warning: No components in dz\characters\tops\pcu5jacket_f_nopatches.p3d:geometry
 2:57:07.315 Warning: No components in dz\weapons\ammunition\762_looserounds.p3d:geometry
 2:57:07.316 Warning: No components in dz\weapons\ammunition\545x39_looserounds.p3d:geometry
 2:57:07.320 Warning: No components in dz\characters\backpacks\slingbag_g.p3d:geometryView
 2:57:07.320 Warning: No components in dz\characters\backpacks\slingbag_m.p3d:geometry
 2:57:07.320 Warning: No components in dz\characters\backpacks\slingbag_f.p3d:geometry
 2:57:07.336 Warning: No components in dz\characters\vests\ukassvest_m.p3d:geometry
 2:57:07.338 Warning: No components in dz\characters\vests\ukassvest_f.p3d:geometry
 2:57:07.339 Warning: No components in dz\characters\vests\orange_vest_m.p3d:geometry
 2:57:07.340 Warning: No components in dz\characters\vests\orange_vest_f.p3d:geometry
 2:57:07.342 Warning: No components in dz\characters\pants\jumpsuit_pants_m.p3d:geometry
 2:57:07.343 Warning: No components in dz\characters\pants\jumpsuit_pants_f.p3d:geometry
 2:57:07.356 Warning: No components in dz\characters\headgear\wintercoif_m.p3d:geometry
 2:57:07.357 Warning: No components in dz\characters\headgear\wintercoif_f.p3d:geometry
 2:57:07.361 Mag_Scout_5Rnd: bullets - unknown animation source revolving
 2:57:07.375 Warning: No components in dz\characters\headgear\budenovka_m.p3d:geometry
 2:57:07.375 Warning: No components in dz\characters\headgear\budenovka_f.p3d:geometry
 2:57:07.383 Warning: No components in dz\characters\backpacks\duffelbagsmall_g.p3d:geometry
 2:57:07.383 Warning: No components in dz\characters\backpacks\duffelbagsmall_g.p3d:geometryView
 2:57:07.383 Warning: No components in dz\characters\backpacks\duffelbagsmall_m.p3d:geometry
 2:57:07.384 Warning: No components in dz\characters\backpacks\duffelbagsmall_f.p3d:geometry
 2:57:07.386 Warning: No components in dz\weapons\ammunition\9x39_looserounds.p3d:geometry
 2:57:07.390 Warning: No components in dz\weapons\ammunition\flare_singleround_red.p3d:geometry
 2:57:07.390 Warning: No components in dz\weapons\projectiles\flare_projectile.p3d:geometry
 2:57:07.390 Warning: No components in dz\weapons\projectiles\flare_singleround_red.p3d:geometry
 2:57:07.390 Warning: No components in dz\weapons\projectiles\flare_singleround_red.p3d:geometry
 2:57:07.391 Warning: No components in dz\characters\gloves\working_gloves_m.p3d:geometry
 2:57:07.392 Warning: No components in dz\characters\gloves\working_gloves_f.p3d:geometry
 2:57:07.398 Warning: No components in dz\characters\headgear\petushokhat_m.p3d:geometry
 2:57:07.398 Warning: No components in dz\characters\headgear\petushokhat_f.p3d:geometry
 2:57:07.402 Warning: No components in dz\characters\headgear\prison_cap_g.p3d:geometryView
 2:57:07.402 Warning: No components in dz\characters\headgear\prison_cap_m.p3d:geometry
 2:57:07.403 Warning: No components in dz\characters\headgear\prison_cap_f.p3d:geometry
 2:57:07.405 Warning: No components in dz\weapons\ammunition\762x39_looserounds.p3d:geometry
 2:57:07.406 Warning: No components in dz\characters\tops\quiltedjacket_m.p3d:geometry
 2:57:07.406 Warning: No components in dz\characters\tops\quiltedjacket_f.p3d:geometry
 2:57:07.409 Convex "component05" selection faces are less then 4 in dz\weapons\firearms\m16a2\m16a2.p3d:geometryFire
 2:57:07.409 Convex "component06" selection faces are less then 4 in dz\weapons\firearms\m16a2\m16a2.p3d:geometryFire
 2:57:07.409 Convex "component07" selection faces are less then 4 in dz\weapons\firearms\m16a2\m16a2.p3d:geometryFire
 2:57:07.409 Convex "component10" selection faces are less then 4 in dz\weapons\firearms\m16a2\m16a2.p3d:geometryFire
 2:57:07.409 Convex "component11" selection faces are less then 4 in dz\weapons\firearms\m16a2\m16a2.p3d:geometryFire
 2:57:07.415 Warning: No components in dz\characters\vests\plate_carrier_m.p3d:geometry
 2:57:07.415 Warning: No components in dz\characters\vests\plate_carrier_f.p3d:geometry
 2:57:07.426 Warning: No components in nst\ns_dayz\gear\head\apsi_g.p3d:geometry
 2:57:07.426 Warning: No components in nst\ns_dayz\gear\head\apsi_g.p3d:geometryView
 2:57:07.426 Warning: No components in nst\ns_dayz\gear\head\apsi.p3d:geometry
 2:57:07.426 Warning: No components in nst\ns_dayz\gear\head\apsi.p3d:geometryFire
 2:57:07.426 Warning: No components in nst\ns_dayz\gear\head\apsi.p3d:geometryView
 2:57:07.440 Warning: No components in dz\characters\shoes\nbc_boots_m.p3d:geometry
 2:57:07.440 Warning: No components in dz\characters\shoes\nbc_boots_f.p3d:geometry
 2:57:07.447 Warning Message: Animation source Visibility not found in bin\config.bin/CfgVehicles/ClaymoreMine/
 2:57:07.447 Accessing static object outside landscape (Obj-1048575,1048575:8388607 in 256,256)
 2:57:07.450 Warning: No components in dz\characters\masks\gp5gasmask_m.p3d:geometry
 2:57:07.450 Warning: No components in dz\characters\masks\gp5gasmask_m.p3d:geometryFire
 2:57:07.450 Warning: No components in dz\characters\masks\gp5gasmask_m.p3d:geometryView
 2:57:07.450 Warning: No components in dz\characters\masks\proxy\mask_filter.p3d:geometry
 2:57:07.451 Warning: No components in dz\characters\masks\gp5gasmask_f.p3d:geometry
 2:57:07.451 Warning: No components in dz\characters\masks\gp5gasmask_f.p3d:geometryFire
 2:57:07.451 Warning: No components in dz\characters\masks\gp5gasmask_f.p3d:geometryView
 2:57:07.452 Warning: No components in dz\characters\gloves\woolgloves_m.p3d:geometry
 2:57:07.453 Warning: No components in dz\characters\gloves\woolgloves_f.p3d:geometry
 2:57:07.459 Warning: No components in dz\characters\headgear\pasgt_m.p3d:geometry
 2:57:07.460 Warning: No components in dz\characters\headgear\pasgt_f.p3d:geometry
 2:57:07.466 Warning: No components in dz\characters\backpacks\armypouch_g.p3d:geometryView
 2:57:07.466 Warning: No components in dz\characters\backpacks\armypouch_m.p3d:geometry
 2:57:07.467 Warning: No components in dz\characters\backpacks\armypouch_f.p3d:geometry
 2:57:07.493 Warning: No components in dz\weapons\attachments\optics\optic_buis.p3d:geometryFire
 2:57:07.496 Warning: No components in dz\characters\headgear\ssh68helmet.p3d:geometry
 2:57:07.497 Warning: No components in dz\characters\pants\ttsko_pants_m.p3d:geometry
 2:57:07.498 Warning: No components in dz\characters\pants\ttsko_pants_f.p3d:geometry
 2:57:07.499 Warning: No components in dz\weapons\ammunition\9mm_looserounds.p3d:geometry
 2:57:07.507 Warning: No components in dz\characters\masks\welding_mask_m.p3d:geometry
 2:57:07.508 Warning: No components in dz\characters\masks\welding_mask_f.p3d:geometry
 2:57:07.510 Warning: No components in dz\characters\headgear\nbc_hood_m.p3d:geometry
 2:57:07.510 Warning: No components in dz\characters\headgear\nbc_hood_f.p3d:geometry
 2:57:07.520 Warning: No components in dz\characters\tops\bushlatpolicejacket_m.p3d:geometry
 2:57:07.520 Warning: No components in dz\characters\tops\bushlatpolicejacket_m.p3d:geometryView
 2:57:07.520 Warning: No components in dz\characters\tops\bushlatpolicejacket_f.p3d:geometry
 2:57:07.520 Warning: No components in dz\characters\tops\bushlatpolicejacket_f.p3d:geometryView
 2:57:07.539 Warning: No components in dz\weapons\ammunition\556_looserounds.p3d:geometry
 2:57:07.542 Warning: No components in dz\weapons\melee\blunt\brassknuckles.p3d:geometry
 2:57:07.548 Warning: No components in dz\characters\glasses\nvg_headstrap_g.p3d:geometry
 2:57:07.549 Warning: No components in dz\characters\glasses\nvg_headstrap_g.p3d:geometryView
 2:57:07.549 Warning: No components in dz\characters\glasses\nvg_headstrap.p3d:geometry
 2:57:07.549 Warning Message: No entry 'bin\config.bin/CfgNonAIVehicles/ProxyNVG.AnimationSources'.
 2:57:07.549 Warning Message: Animation source rotate not found in bin\config.bin/CfgNonAIVehicles/ProxyNVG/
 2:57:07.549 Warning Message: No entry 'bin\config.bin/CfgNonAIVehicles/ProxyNVG.AnimationSources'.
 2:57:07.549 Warning Message: Animation source hide not found in bin\config.bin/CfgNonAIVehicles/ProxyNVG/
 2:57:07.549 Warning: No components in dz\characters\glasses\nvg_headstrap_f.p3d:geometry
 2:57:07.570 Warning: No components in dz\characters\gloves\skigloves_m.p3d:geometry
 2:57:07.571 Warning: No components in dz\characters\gloves\skigloves_f.p3d:geometry
 2:57:07.584 Warning: No components in dz\characters\headgear\shemaghybrid_m.p3d:geometry
 2:57:07.585 Warning: No components in dz\characters\headgear\shemaghybrid_f.p3d:geometry
 2:57:07.586 Warning: No components in dz\characters\headgear\officerhat_m.p3d:geometry
 2:57:07.587 Warning: No components in dz\characters\headgear\officerhat_f.p3d:geometry
 2:57:07.593 Warning: No components in dz\characters\vests\policevest_m.p3d:geometry
 2:57:07.593 Warning: No components in dz\characters\vests\policevest_f.p3d:geometry
 2:57:07.597 Warning: No components in dz\characters\headgear\constructionhelmet_m.p3d:geometry
 2:57:07.597 Warning: No components in dz\characters\headgear\constructionhelmet_f.p3d:geometry
 2:57:07.613 Warning: No components in dz\characters\glasses\sunglasses_designer_g.p3d:geometry
 2:57:07.613 Warning: No components in dz\characters\glasses\sunglasses_designer.p3d:geometry
 2:57:07.615 Warning: No components in dz\characters\tops\downjacket_m.p3d:geometry
 2:57:07.616 Warning: No components in dz\characters\tops\downjacket_f.p3d:geometry
 2:57:07.619 Warning: No components in dz\gear\tools\wrench.p3d:geometry
 2:57:07.647 Warning: No components in dz\characters\gloves\nbc_gloves_m.p3d:geometry
 2:57:07.647 Warning: No components in dz\characters\gloves\nbc_gloves_f.p3d:geometry
 2:57:07.649 Warning: No components in dz\weapons\ammunition\12ga_00buck.p3d:geometry
 2:57:07.649 : Invalid parent bone 'inventory' for 'cover'
 2:57:07.649 : Invalid parent bone 'placing' for ''
 2:57:07.657 Warning: No components in dz\weapons\ammunition\12ga_rifled_slug.p3d:geometry
 2:57:07.676 Warning: No components in dz\characters\backpacks\hunting_m.p3d:geometry
 2:57:07.676 Warning: No components in dz\characters\backpacks\hunting_f.p3d:geometry
 2:57:07.704 Warning: No components in nst\ns_dayz\gear\head\milberet_specnaz_g.p3d:geometry
 2:57:07.704 Warning: No components in nst\ns_dayz\gear\head\milberet_specnaz_g.p3d:geometryFire
 2:57:07.705 Warning: No components in nst\ns_dayz\gear\head\milberet_specnaz_m.p3d:geometry
 2:57:07.705 Warning: No components in nst\ns_dayz\gear\head\milberet_specnaz_m.p3d:geometryFire
 2:57:07.705 Warning: No components in nst\ns_dayz\gear\head\milberet_specnaz_m.p3d:geometryView
 2:57:07.705 Warning: No components in nst\ns_dayz\gear\head\milberet_specnaz_f.p3d:geometry
 2:57:07.705 Warning: No components in nst\ns_dayz\gear\head\milberet_specnaz_f.p3d:geometryFire
 2:57:07.705 Warning: No components in nst\ns_dayz\gear\head\milberet_specnaz_f.p3d:geometryView
 2:57:07.710 Warning Message: Animation source Trigger not found in bin\config.bin/CfgVehicles/RemoteDetonator/
 2:57:07.710 Warning Message: Animation source Receiver not found in bin\config.bin/CfgVehicles/RemoteDetonator/
 2:57:07.716 Warning: No components in dz\characters\pants\slacks_m.p3d:geometry
 2:57:07.716 Warning: No components in dz\characters\pants\slacks_f.p3d:geometry
 2:57:07.720 Warning: No components in dz\characters\backpacks\ghilliesuit_m.p3d:geometry
 2:57:07.721 Warning: No components in dz\characters\headgear\ghilliehood.p3d:geometry
 2:57:07.726 Accessing static object outside landscape (Obj-1048575,1048575:8388607 in 256,256)
 2:57:07.727 Warning: No components in dz\gear\containers\waterproofbag.p3d:geometryView
 2:57:07.728 Warning: No components in dz\characters\tops\usmc_jacket_m.p3d:geometry
 2:57:07.728 Warning: No components in dz\characters\tops\usmc_jacket_f.p3d:geometry
 2:57:07.736 Warning: No components in dz\gear\tools\metal_pipe.p3d:geometry
 2:57:07.743 Warning: No components in dz\characters\tops\policejacket_m.p3d:geometry
 2:57:07.743 Warning: No components in dz\characters\tops\policejacket_f.p3d:geometry
 2:57:07.746 PM73Rak: trigger_reload_rot - unknown animation source reload
 2:57:07.746 PM73Rak: magazine_eject - unknown animation source reloadmagazine
 2:57:07.746 PM73Rak: trigger_reload_rot - unknown animation source reload
 2:57:07.746 PM73Rak: magazine_eject - unknown animation source reloadmagazine
 2:57:07.760 Warning: No components in dz\characters\headgear\medicalscrubs_hat_f.p3d:geometry
 2:57:07.774 Warning: No components in dz\characters\headgear\mich2001.p3d:geometry
 2:57:07.791 Warning: No components in dz\characters\headgear\helmetmich_g.p3d:geometry
 2:57:07.791 Warning: No components in dz\characters\headgear\helmetmich_m.p3d:geometry
 2:57:07.792 Warning: No components in dz\characters\headgear\helmetmich_f.p3d:geometry
 2:57:07.809 Warning: No components in dz\characters\pants\nbc_pants_m.p3d:geometry
 2:57:07.810 Warning: No components in dz\characters\pants\nbc_pants_f.p3d:geometry
 2:57:07.819 Warning: No components in dz\characters\belts\civ_belt_m.p3d:geometry
 2:57:07.820 Warning: No components in dz\characters\belts\civ_belt_f.p3d:geometry
 2:57:07.822 Warning: No components in dz\characters\tops\minidress_m.p3d:geometry
 2:57:07.822 Warning: No components in dz\characters\tops\minidress_f.p3d:geometry
 2:57:07.829 Warning: No components in dz\characters\pants\cargopants_f.p3d:geometry
 2:57:07.830 Warning: No components in dz\weapons\ammunition\380auto_looserounds.p3d:geometry
 2:57:07.840 Warning: No components in dz\weapons\ammunition\45acp_looserounds.p3d:geometry
 2:57:07.846 Warning: No components in dz\characters\shoes\workingboots_m.p3d:geometry
 2:57:07.847 Warning: No components in dz\characters\shoes\workingboots_f.p3d:geometry
 2:57:07.869   868 items loaded. (0 failed)
 2:57:07.870 [CE][Storage] ver:26 stamp:95, valid:yes, name:"G:\SteamLibrary\steamapps\common\DayZServer\mpmissions\regular.namalsk\storage_1\data\dynamic_004.bin"
 2:57:07.870 [CE][Storage] ver:0 stamp:0, valid:NO, name:"G:\SteamLibrary\steamapps\common\DayZServer\mpmissions\regular.namalsk\storage_1\data\dynamic_004.001"
 2:57:07.870 [CE][Storage] ver:26 stamp:80, valid:yes, name:"G:\SteamLibrary\steamapps\common\DayZServer\mpmissions\regular.namalsk\storage_1\data\dynamic_004.002"
 2:57:07.870 [CE][Storage] Restoring file "G:\SteamLibrary\steamapps\common\DayZServer\mpmissions\regular.namalsk\storage_1\data\dynamic_004.bin" 1836 items.
 2:57:07.876 Magnum: Cylinder_rot - unknown animation source cylinder_rotate
 2:57:07.877 Magnum: Cylinder_rot - unknown animation source cylinder_rotate
 2:57:07.877 Warning: No components in dz\weapons\pistols\magnum\proxy\magnum_ejector.p3d:geometry
 2:57:07.877 Warning: No components in dz\weapons\pistols\magnum\proxy\magnum_cylinder.p3d:geometry
 2:57:07.884 Warning: No components in dz\characters\shoes\joggingshoes_m.p3d:geometry
 2:57:07.884 Warning: No components in dz\characters\shoes\joggingshoes_f.p3d:geometry
 2:57:07.886 Warning: No components in dz\characters\headgear\baseballcap_m.p3d:geometry
 2:57:07.886 Warning: No components in dz\characters\headgear\baseballcap_f.p3d:geometry
 2:57:07.892 Warning: No components in dz\characters\headgear\radarcap_m.p3d:geometry
 2:57:07.893 Warning: No components in dz\characters\headgear\radarcap_f.p3d:geometry
 2:57:07.899 Warning: No components in dz\characters\shoes\hikingboots_m.p3d:geometry
 2:57:07.900 Warning: No components in dz\characters\shoes\hikingboots_f.p3d:geometry
 2:57:07.904 Warning: No components in dz\characters\headgear\hockey_helmet.p3d:geometry
 2:57:07.939 Warning: No components in dz\gear\tools\sickle.p3d:geometry
 2:57:07.940 Warning: No components in dz\weapons\attachments\magazine\magazine_ruger1022_30.p3d:geometry
 2:57:07.945 Warning: No components in dz\characters\headgear\motohelmet.p3d:geometry
 2:57:07.971 Warning: No components in dz\characters\pants\hunterpants_m.p3d:geometry
 2:57:07.971 Warning: No components in dz\characters\pants\hunterpants_f.p3d:geometry
 2:57:07.985 Warning: No components in dz\characters\shoes\hikingboots_low_m.p3d:geometry
 2:57:07.985 Warning: No components in dz\characters\shoes\hikingboots_low_f.p3d:geometry
 2:57:07.999 Warning: No components in dz\characters\tops\nursedress_m.p3d:geometry
 2:57:07.999 Warning: No components in dz\characters\tops\nursedress_f.p3d:geometry
 2:57:08.10  Warning: No components in dz\weapons\ammunition\357_looserounds.p3d:geometry
 2:57:08.26   INVENTORY    : StreamLoad entity JumpsuitJacket_Green:1371
 2:57:08.26    WORLD        : Create entity type 'Headtorch_Grey'
 2:57:08.26     ENTITY    (E): Type 'Inventory_BaseType' must be inherited from class 'ClothingType'
 2:57:08.26  Warning Message: No entry 'bin\config.bin/CfgVehicles/Headtorch_ColorBase/Reflectors/Beam.color'.
 2:57:08.26  Warning Message: Size: '/' not an array
 2:57:08.26  Warning Message: Size: '/' not an array
 2:57:08.26  Warning Message: No entry 'bin\config.bin/CfgVehicles/Headtorch_ColorBase/Reflectors/Beam.radius'.
 2:57:08.26  Warning Message: Trying to access error value.
 2:57:08.26  Warning Message: No entry 'bin\config.bin/CfgVehicles/Headtorch_ColorBase/Reflectors/Beam.position'.
 2:57:08.26  Warning Message: Trying to access error value.
 2:57:08.26  Warning Message: No entry 'bin\config.bin/CfgVehicles/Headtorch_ColorBase/Reflectors/Beam.direction'.
 2:57:08.26  Warning Message: Trying to access error value.
 2:57:08.26  Warning Message: No entry 'bin\config.bin/CfgVehicles/Headtorch_ColorBase/Reflectors/Beam.color'.
 2:57:08.26  Warning Message: Size: '/' not an array
 2:57:08.26  Warning Message: Size: '/' not an array
 2:57:08.26  Warning Message: No entry 'bin\config.bin/CfgVehicles/Headtorch_ColorBase/Reflectors/Beam.radius'.
 2:57:08.26  Warning Message: Trying to access error value.
 2:57:08.26  Warning Message: No entry 'bin\config.bin/CfgVehicles/Headtorch_ColorBase/Reflectors/Beam.position'.
 2:57:08.26  Warning Message: Trying to access error value.
 2:57:08.26  Warning Message: No entry 'bin\config.bin/CfgVehicles/Headtorch_ColorBase/Reflectors/Beam.direction'.
 2:57:08.26  Warning Message: Trying to access error value.
 2:57:08.26  Warning Message: No entry 'bin\config.bin/CfgVehicles/Headtorch_ColorBase/Reflectors/Beam.color'.
 2:57:08.26  Warning Message: Size: '/' not an array
 2:57:08.26  Warning Message: Size: '/' not an array
 2:57:08.26  Warning Message: No entry 'bin\config.bin/CfgVehicles/Headtorch_ColorBase/Reflectors/Beam.radius'.
 2:57:08.26  Warning Message: Trying to access error value.
 2:57:08.26  Warning Message: No entry 'bin\config.bin/CfgVehicles/Headtorch_ColorBase/Reflectors/Beam.position'.
 2:57:08.26  Warning Message: Trying to access error value.
 2:57:08.26  Warning Message: No entry 'bin\config.bin/CfgVehicles/Headtorch_ColorBase/Reflectors/Beam.direction'.
 2:57:08.26  Warning Message: Trying to access error value.
 2:57:08.30  Warning: No components in dz\characters\backpacks\coyotesbp_m.p3d:geometry
 2:57:08.31  Warning: No components in dz\characters\backpacks\coyotesbp_f.p3d:geometry
 2:57:08.53  Warning: No components in dz\characters\headgear\firehelmet.p3d:geometry
 2:57:08.89  Warning: No components in dz\characters\pants\firefighter_pants_m.p3d:geometry
 2:57:08.89  Warning: No components in dz\characters\pants\firefighter_pants_m.p3d:geometryView
 2:57:08.89  Warning: No components in dz\characters\pants\firefighter_pants_f.p3d:geometry
 2:57:08.89  Warning: No components in dz\characters\pants\firefighter_pants_f.p3d:geometryView
 2:57:08.136 Warning: No components in dz\characters\backpacks\mountain_m.p3d:geometry
 2:57:08.136 Warning: No components in dz\characters\backpacks\mountain_f.p3d:geometry
 2:57:08.155 Warning: No components in dz\weapons\firearms\aug\proxy\scope.p3d:geometry
 2:57:08.164 Warning Message: No entry 'bin\config.bin/CfgNonAIVehicles/ProxyOptic_Pistol.AnimationSources'.
 2:57:08.164 Warning Message: Animation source hide not found in bin\config.bin/CfgNonAIVehicles/ProxyOptic_Pistol/
 2:57:08.170 Accessing static object outside landscape (Obj-1048575,1048575:8388607 in 256,256)
 2:57:08.173 Warning: No components in dz\weapons\shotguns\izh43\izh43.p3d:geometry
 2:57:08.175 Warning: No components in dz\characters\pants\paramedic_pants_m.p3d:geometry
 2:57:08.176 Warning: No components in dz\characters\pants\paramedic_pants_f.p3d:geometry
 2:57:08.179 Warning: No components in dz\characters\gloves\surgical_gloves_g.p3d:geometry
 2:57:08.179 Warning: No components in dz\characters\gloves\surgical_gloves_m.p3d:geometry
 2:57:08.180 Warning: No components in dz\characters\gloves\surgical_gloves_f.p3d:geometry
 2:57:08.182 Warning: No components in dz\characters\vests\hunter_vest_m.p3d:geometry
 2:57:08.183 Warning: No components in dz\characters\vests\hunter_vest_f.p3d:geometry
 2:57:08.219 Warning: No components in dz\characters\headgear\helohelmet.p3d:geometry
 2:57:08.294 Warning: No components in dz\characters\headgear\sherpahat_m.p3d:geometry
 2:57:08.295 Warning: No components in dz\characters\headgear\sherpahat_f.p3d:geometry
 2:57:08.443 Warning: No components in dz\weapons\ammunition\22_looserounds.p3d:geometry
 2:57:08.505 Warning: No components in dz\weapons\launchers\m79\m79.p3d:geometryView
 2:57:08.505 Warning Message: Cannot open object dz\weapons\firearms\aug\proxy\dummyscope.p3d
 2:57:08.507 Warning: No components in dz\weapons\launchers\m79\proxy\dummyscope.p3d:geometry
 2:57:08.554 Warning: No components in dz\characters\tops\riders_jacket_m.p3d:geometry
 2:57:08.555 Warning: No components in dz\characters\tops\riders_jacket_f.p3d:geometry
 2:57:08.560 Warning: No components in dz\characters\tops\hunting_jacket_m.p3d:geometry
 2:57:08.561 Warning: No components in dz\characters\tops\hunting_jacket_f.p3d:geometry
 2:57:08.563 Warning: No components in dz\characters\headgear\ushanka_m.p3d:geometry
 2:57:08.563 Warning: No components in dz\characters\headgear\ushanka_f.p3d:geometry
 2:57:08.613 Warning: No components in dz\characters\tops\nbc_jacket_m.p3d:geometry
 2:57:08.613 Warning: No components in dz\characters\tops\nbc_jacket_f.p3d:geometry
 2:57:08.650 Engraved1911: bolt_fire_begin - unknown animation source reload
 2:57:08.650 Engraved1911: bolt_empty - unknown animation source isempty
 2:57:08.650 Engraved1911: bolt_reload_begin - unknown animation source reloadmagazine
 2:57:08.650 Engraved1911: bolt_fire_begin - unknown animation source reload
 2:57:08.650 Engraved1911: bolt_empty - unknown animation source isempty
 2:57:08.650 Engraved1911: bolt_reload_begin - unknown animation source reloadmagazine
 2:57:08.677 Warning: No components in dz\characters\masks\airborne_mask_m.p3d:geometry
 2:57:08.677 Warning: No components in dz\characters\masks\airborne_mask_m.p3d:geometryFire
 2:57:08.678 Warning: No components in dz\characters\masks\airborne_mask_f.p3d:geometry
 2:57:08.678 Warning: No components in dz\characters\masks\airborne_mask_f.p3d:geometryFire
 2:57:08.680 Warning: No components in dz\characters\vests\pressvest_m.p3d:geometry
 2:57:08.681 Warning: No components in dz\characters\vests\pressvest_f.p3d:geometry
 2:57:08.836 Warning: No components in dz\gear\food\can_sardines.p3d:geometryFire
 2:57:08.987 Warning: No components in dz\characters\pants\policepants_m.p3d:geometry
 2:57:08.987 Warning: No components in dz\characters\pants\policepants_f.p3d:geometry
 2:57:09.21    1836 items loaded. (0 failed)
 2:57:09.23  [CE][Storage] ver:26 stamp:95, valid:yes, name:"G:\SteamLibrary\steamapps\common\DayZServer\mpmissions\regular.namalsk\storage_1\data\dynamic_005.bin"
 2:57:09.23  [CE][Storage] ver:0 stamp:0, valid:NO, name:"G:\SteamLibrary\steamapps\common\DayZServer\mpmissions\regular.namalsk\storage_1\data\dynamic_005.001"
 2:57:09.23  [CE][Storage] ver:26 stamp:80, valid:yes, name:"G:\SteamLibrary\steamapps\common\DayZServer\mpmissions\regular.namalsk\storage_1\data\dynamic_005.002"
 2:57:09.23  [CE][Storage] Restoring file "G:\SteamLibrary\steamapps\common\DayZServer\mpmissions\regular.namalsk\storage_1\data\dynamic_005.bin" 648 items.
 2:57:09.38  Warning: No components in dz\characters\glasses\skigoggles_m.p3d:geometry
 2:57:09.40  Colt1911: bolt_fire_begin - unknown animation source reload
 2:57:09.40  Colt1911: bolt_empty - unknown animation source isempty
 2:57:09.40  Colt1911: bolt_reload_begin - unknown animation source reloadmagazine
 2:57:09.40  Colt1911: bolt_fire_begin - unknown animation source reload
 2:57:09.40  Colt1911: bolt_empty - unknown animation source isempty
 2:57:09.40  Colt1911: bolt_reload_begin - unknown animation source reloadmagazine
 2:57:09.55  Warning: No components in dz\weapons\archery\crossbow\crossbow.p3d:geometry
 2:57:09.228 Warning: No components in dz\characters\backpacks\canvasbag_g.p3d:geometryView
 2:57:09.229 Warning: No components in dz\characters\backpacks\canvasbag_m.p3d:geometry
 2:57:09.229 Warning: No components in dz\characters\backpacks\canvasbag_f.p3d:geometry
 2:57:09.392   648 items loaded. (0 failed)
 2:57:09.394 [CE][Storage] ver:26 stamp:95, valid:yes, name:"G:\SteamLibrary\steamapps\common\DayZServer\mpmissions\regular.namalsk\storage_1\data\dynamic_006.bin"
 2:57:09.394 [CE][Storage] ver:0 stamp:0, valid:NO, name:"G:\SteamLibrary\steamapps\common\DayZServer\mpmissions\regular.namalsk\storage_1\data\dynamic_006.001"
 2:57:09.395 [CE][Storage] ver:26 stamp:80, valid:yes, name:"G:\SteamLibrary\steamapps\common\DayZServer\mpmissions\regular.namalsk\storage_1\data\dynamic_006.002"
 2:57:09.395 [CE][Storage] Restoring file "G:\SteamLibrary\steamapps\common\DayZServer\mpmissions\regular.namalsk\storage_1\data\dynamic_006.bin" 2121 items.
 2:57:09.421 Warning: No components in dz\characters\tops\medicalscrubs_shirt_m.p3d:geometry
 2:57:09.421 Warning: No components in dz\characters\tops\medicalscrubs_shirt_f.p3d:geometry
 2:57:09.437 Warning: No components in dz\characters\pants\medicalscrubs_pants_m.p3d:geometry
 2:57:09.437 Warning: No components in dz\characters\pants\medicalscrubs_pants_f.p3d:geometry
 2:57:09.473 Warning: No components in dz\characters\masks\surgical_mask_m.p3d:geometry
 2:57:09.473 Warning: No components in dz\characters\masks\surgical_mask_m.p3d:geometryFire
 2:57:09.473 Warning: No components in dz\characters\masks\surgical_mask_m.p3d:geometryView
 2:57:09.474 Warning: No components in dz\characters\masks\surgical_mask_f.p3d:geometry
 2:57:09.474 Warning: No components in dz\characters\masks\surgical_mask_f.p3d:geometryFire
 2:57:09.474 Warning: No components in dz\characters\masks\surgical_mask_f.p3d:geometryView
 2:57:09.533 Warning: No components in dz\characters\tops\firefighter_m.p3d:geometry
 2:57:09.533 Warning: No components in dz\characters\tops\firefighter_f.p3d:geometry
 2:57:09.588 Warning: No components in dz\weapons\melee\blade\machete.p3d:geometry
 2:57:09.599 Warning: No components in dz\characters\tops\denim_jacket_m.p3d:geometry
 2:57:09.599 Warning: No components in dz\characters\tops\denim_jacket_f.p3d:geometry
 2:57:09.606 Warning: No components in dz\characters\tops\paramedic_jacket_m.p3d:geometry
 2:57:09.606 Warning: No components in dz\characters\tops\paramedic_jacket_f.p3d:geometry
 2:57:09.627 Warning: No components in dz\characters\tops\labcoat_m.p3d:geometry
 2:57:09.627 Warning: No components in dz\characters\tops\labcoat_f.p3d:geometry
 2:57:09.659 Warning: No components in dz\weapons\pistols\derringer\derringer.p3d:geometry
 2:57:09.667 Warning: No components in dz\characters\masks\vintagehockeymask_m.p3d:geometry
 2:57:09.667 Warning: No components in dz\characters\masks\vintagehockeymask_m.p3d:geometryFire
 2:57:09.667 Warning: No components in dz\characters\masks\vintagehockeymask_m.p3d:geometryView
 2:57:09.667 Warning: No components in dz\characters\masks\vintagehockeymask_f.p3d:geometry
 2:57:09.667 Warning: No components in dz\characters\masks\vintagehockeymask_f.p3d:geometryFire
 2:57:09.667 Warning: No components in dz\characters\masks\vintagehockeymask_f.p3d:geometryView
 2:57:09.686 Warning: No components in dz\characters\backpacks\childs_m.p3d:geometry
 2:57:09.687 Warning: No components in dz\characters\backpacks\childs_f.p3d:geometry
 2:57:10.801   2121 items loaded. (0 failed)
 2:57:10.803 [CE][Storage] ver:26 stamp:95, valid:yes, name:"G:\SteamLibrary\steamapps\common\DayZServer\mpmissions\regular.namalsk\storage_1\data\dynamic_007.bin"
 2:57:10.803 [CE][Storage] ver:0 stamp:0, valid:NO, name:"G:\SteamLibrary\steamapps\common\DayZServer\mpmissions\regular.namalsk\storage_1\data\dynamic_007.001"
 2:57:10.803 [CE][Storage] ver:26 stamp:80, valid:yes, name:"G:\SteamLibrary\steamapps\common\DayZServer\mpmissions\regular.namalsk\storage_1\data\dynamic_007.002"
 2:57:10.803 [CE][Storage] Restoring file "G:\SteamLibrary\steamapps\common\DayZServer\mpmissions\regular.namalsk\storage_1\data\dynamic_007.bin" 649 items.
 2:57:10.938 Accessing static object outside landscape (Obj-1048575,1048575:8388607 in 256,256)
 2:57:10.962 Accessing static object outside landscape (Obj-1048575,1048575:8388607 in 256,256)
 2:57:11.249   649 items loaded. (0 failed)
 2:57:11.250 [CE][Storage] ver:26 stamp:95, valid:yes, name:"G:\SteamLibrary\steamapps\common\DayZServer\mpmissions\regular.namalsk\storage_1\data\dynamic_008.bin"
 2:57:11.251 [CE][Storage] ver:0 stamp:0, valid:NO, name:"G:\SteamLibrary\steamapps\common\DayZServer\mpmissions\regular.namalsk\storage_1\data\dynamic_008.001"
 2:57:11.251 [CE][Storage] ver:26 stamp:80, valid:yes, name:"G:\SteamLibrary\steamapps\common\DayZServer\mpmissions\regular.namalsk\storage_1\data\dynamic_008.002"
 2:57:11.252 [CE][Storage] Restoring file "G:\SteamLibrary\steamapps\common\DayZServer\mpmissions\regular.namalsk\storage_1\data\dynamic_008.bin" 136 items.
 2:57:11.364   136 items loaded. (0 failed)
 2:57:11.364 [CE][Storage] ver:26 stamp:95, valid:yes, name:"G:\SteamLibrary\steamapps\common\DayZServer\mpmissions\regular.namalsk\storage_1\data\dynamic_009.bin"
 2:57:11.365 [CE][Storage] ver:0 stamp:0, valid:NO, name:"G:\SteamLibrary\steamapps\common\DayZServer\mpmissions\regular.namalsk\storage_1\data\dynamic_009.001"
 2:57:11.365 [CE][Storage] ver:26 stamp:80, valid:yes, name:"G:\SteamLibrary\steamapps\common\DayZServer\mpmissions\regular.namalsk\storage_1\data\dynamic_009.002"
 2:57:11.365 [CE][Storage] Restoring file "G:\SteamLibrary\steamapps\common\DayZServer\mpmissions\regular.namalsk\storage_1\data\dynamic_009.bin" 0 items.
 2:57:11.365   0 items loaded. (0 failed)
 2:57:11.366 [CE][Storage] ver:26 stamp:95, valid:yes, name:"G:\SteamLibrary\steamapps\common\DayZServer\mpmissions\regular.namalsk\storage_1\data\dynamic_010.bin"
 2:57:11.366 [CE][Storage] ver:0 stamp:0, valid:NO, name:"G:\SteamLibrary\steamapps\common\DayZServer\mpmissions\regular.namalsk\storage_1\data\dynamic_010.001"
 2:57:11.366 [CE][Storage] ver:26 stamp:80, valid:yes, name:"G:\SteamLibrary\steamapps\common\DayZServer\mpmissions\regular.namalsk\storage_1\data\dynamic_010.002"
 2:57:11.366 [CE][Storage] Restoring file "G:\SteamLibrary\steamapps\common\DayZServer\mpmissions\regular.namalsk\storage_1\data\dynamic_010.bin" 44 items.
 2:57:11.409 Warning Message: Cannot open object dz\weapons\attachments\magazine\magazine_m14.p3d
 2:57:11.412   44 items loaded. (0 failed)
 2:57:11.414 [CE][Storage] ver:26 stamp:95, valid:yes, name:"G:\SteamLibrary\steamapps\common\DayZServer\mpmissions\regular.namalsk\storage_1\data\dynamic_011.bin"
 2:57:11.415 [CE][Storage] ver:0 stamp:0, valid:NO, name:"G:\SteamLibrary\steamapps\common\DayZServer\mpmissions\regular.namalsk\storage_1\data\dynamic_011.001"
 2:57:11.416 [CE][Storage] ver:26 stamp:80, valid:yes, name:"G:\SteamLibrary\steamapps\common\DayZServer\mpmissions\regular.namalsk\storage_1\data\dynamic_011.002"
 2:57:11.416 [CE][Storage] Restoring file "G:\SteamLibrary\steamapps\common\DayZServer\mpmissions\regular.namalsk\storage_1\data\dynamic_011.bin" 49 items.
 2:57:11.447 Accessing static object outside landscape (Obj-1048575,1048575:8388607 in 256,256)
 2:57:11.473   49 items loaded. (0 failed)
 2:57:11.473 [CE][Storage] ver:26 stamp:95, valid:yes, name:"G:\SteamLibrary\steamapps\common\DayZServer\mpmissions\regular.namalsk\storage_1\data\building.bin"
 2:57:11.474 [CE][Storage] ver:0 stamp:0, valid:NO, name:"G:\SteamLibrary\steamapps\common\DayZServer\mpmissions\regular.namalsk\storage_1\data\building.001"
 2:57:11.475 [CE][Storage] ver:26 stamp:80, valid:yes, name:"G:\SteamLibrary\steamapps\common\DayZServer\mpmissions\regular.namalsk\storage_1\data\building.002"
 2:57:11.476 [CE][Storage] Restoring file "G:\SteamLibrary\steamapps\common\DayZServer\mpmissions\regular.namalsk\storage_1\data\building.bin" 0 items.
 2:57:11.476   0 items loaded. (0 failed)
 2:57:11.476 [CE][Storage] ver:26 stamp:95, valid:yes, name:"G:\SteamLibrary\steamapps\common\DayZServer\mpmissions\regular.namalsk\storage_1\data\vehicles.bin"
 2:57:11.476 [CE][Storage] ver:0 stamp:0, valid:NO, name:"G:\SteamLibrary\steamapps\common\DayZServer\mpmissions\regular.namalsk\storage_1\data\vehicles.001"
 2:57:11.477 [CE][Storage] ver:26 stamp:80, valid:yes, name:"G:\SteamLibrary\steamapps\common\DayZServer\mpmissions\regular.namalsk\storage_1\data\vehicles.002"
 2:57:11.478 [CE][Storage] Restoring file "G:\SteamLibrary\steamapps\common\DayZServer\mpmissions\regular.namalsk\storage_1\data\vehicles.bin" 61 items.
 2:57:11.482  ENTITY    (W): Unknown object class 'pond' (dz\water_sakhal\ice_lake\sakhal_50x50_ice_lake_clear.p3d)
 2:57:11.515 Convex "component06" selection faces are less then 4 in dz\vehicles\water\boat_01\boat_01.p3d:geometry
 2:57:11.515 Convex "component08" selection faces are less then 4 in dz\vehicles\water\boat_01\boat_01.p3d:geometry
 2:57:11.601  ENTITY       : Load entity type 'Land_Garage_Row_Big'
 2:57:11.601   ENTITY    (W): Door 'DoorsTwin1' is missing geometry components for selection 'DoorsTwin1', check model+config
 2:57:11.601   ENTITY    (W): Door 'DoorsTwin2' is missing geometry components for selection 'DoorsTwin2', check model+config
 2:57:11.601   ENTITY    (W): Door 'DoorsTwin3' is missing geometry components for selection 'DoorsTwin3', check model+config
 2:57:11.601   ENTITY    (W): Door 'DoorsTwin4' is missing geometry components for selection 'DoorsTwin4', check model+config
 2:57:11.627  WORLD        : Create entity type 'PersonalRadio'
 2:57:11.627   ENTITY    (E): Type 'Inventory_BaseType' must be inherited from class 'ItemTransmitterType'
 2:57:11.643  WORLD        : Create entity type 'BaseRadio'
 2:57:11.643   ENTITY    (E): Type 'Inventory_BaseType' must be inherited from class 'ItemTransmitterType'
 2:57:11.644 Warning: No components in dz\gear\radio\base_radio_station_m.p3d:geometry
 2:57:11.646 Warning: No components in dz\gear\radio\base_radio_station_f.p3d:geometry
 2:57:11.699   61 items loaded. (0 failed)
 2:57:11.738 [CE][Hive] :: Storage load took:4.89 seconds, recovery stamp:95
 2:57:11.738   entity: 7143, building: 0
 2:57:11.738   no lifetime: 14
 2:57:11.738   pathgraph's: 121
 2:57:11.738 [CE][Hive] :: Initializing ... 
 2:57:11.769 [CE][InitializeMap] :: initialized: 0
 2:57:11.769 [CE][Hive] :: Initializing spawners ... 
 2:57:11.770 [CE][LootRespawner] (PRIDummy) :: Initially (re)spawned:0, Nominal:6415, Total in Map: 6532 at 0 (sec)
 2:57:11.770   tests:0, repeats:0 fails:0, overtime:0
 2:57:11.772  WORLD        : Create entity type 'ZmbM_usSoldier_normal_Woodland'
 2:57:11.772   MATERIAL  (E): Object dz/characters/zombies/z_hermit_m.xob - cannot load material Material_1.emat
 2:57:11.774  WORLD        : Create entity type 'ZmbM_usSoldier_normal_Woodland'
 2:57:11.774   ANIMATION    : AnimGraph load @"{1D694C38EDA9D861}dz/anims/workspaces/infected/infected_main/infected.agr"
 2:57:11.774    ANIMATION    : Loading graph file @"dz/anims/workspaces/infected/infected_main/Locomotion.agr"
 2:57:11.775    ANIMATION    : Loading graph file @"dz/anims/workspaces/infected/infected_main/Combat.agr"
 2:57:11.775    ANIMATION    : Loading graph file @"dz/anims/workspaces/infected/infected_main/Interaction.agr"
 2:57:11.776    ANIMATION    : load of the graph ended with: Success
 2:57:11.776 Warning Message: No entry 'bin\config.bin/CfgAIBehaviours/InfectedMale/BehaviourHLZombie/SlotCalm/BehaviourZombieCalm/SoundsDuring/Sound1.sounds'.
 2:57:11.776 Warning Message: No entry 'bin\config.bin/CfgAIBehaviours/InfectedMale/BehaviourHLZombie/SlotAlerted/BehaviourZombieAlerted/SoundsEntering/Sound1.sounds'.
 2:57:11.776 Warning Message: No entry 'bin\config.bin/CfgAIBehaviours/InfectedMale/BehaviourHLZombie/SlotAlerted/BehaviourZombieAlerted/SoundsDuring/Sound1.sounds'.
 2:57:11.789 Warning: No components in dz\characters\vests\tacticalvest2_m.p3d:geometry
 2:57:11.789 Warning: No components in dz\characters\vests\tacticalvest2_f.p3d:geometry
 2:57:11.792 Warning: No components in dz\characters\proxies\eyewear_dz.p3d:geometry
 2:57:11.792 Warning: No components in dz\characters\proxies\backpack_dz.p3d:geometry
 2:57:11.792 Warning: No components in dz\characters\proxies\vest_dz.p3d:geometry
 2:57:11.797 Warning Message: No entry 'bin\config.bin/CfgAIBehaviours/InfectedMale/BehaviourHLZombie/SlotCalm/BehaviourZombieCalm/SoundsDuring/Sound1.sounds'.
 2:57:11.797 Warning Message: No entry 'bin\config.bin/CfgAIBehaviours/InfectedMale/BehaviourHLZombie/SlotAlerted/BehaviourZombieAlerted/SoundsEntering/Sound1.sounds'.
 2:57:11.797 Warning Message: No entry 'bin\config.bin/CfgAIBehaviours/InfectedMale/BehaviourHLZombie/SlotAlerted/BehaviourZombieAlerted/SoundsDuring/Sound1.sounds'.
 2:57:11.933 Warning Message: No entry 'bin\config.bin/CfgAIBehaviours/InfectedMale/BehaviourHLZombie/SlotCalm/BehaviourZombieCalm/SoundsDuring/Sound1.sounds'.
 2:57:11.933 Warning Message: No entry 'bin\config.bin/CfgAIBehaviours/InfectedMale/BehaviourHLZombie/SlotAlerted/BehaviourZombieAlerted/SoundsEntering/Sound1.sounds'.
 2:57:11.933 Warning Message: No entry 'bin\config.bin/CfgAIBehaviours/InfectedMale/BehaviourHLZombie/SlotAlerted/BehaviourZombieAlerted/SoundsDuring/Sound1.sounds'.
 2:57:11.950 Warning Message: No entry 'bin\config.bin/CfgAIBehaviours/InfectedFemale/BehaviourHLZombie/SlotCalm/BehaviourZombieCalm/SoundsDuring/Sound1.sounds'.
 2:57:11.951 Warning Message: No entry 'bin\config.bin/CfgAIBehaviours/InfectedFemale/BehaviourHLZombie/SlotAlerted/BehaviourZombieAlerted/SoundsEntering/Sound1.sounds'.
 2:57:11.951 Warning Message: No entry 'bin\config.bin/CfgAIBehaviours/InfectedFemale/BehaviourHLZombie/SlotAlerted/BehaviourZombieAlerted/SoundsDuring/Sound1.sounds'.
 2:57:11.966 Warning Message: No entry 'bin\config.bin/CfgAIBehaviours/InfectedMale/BehaviourHLZombie/SlotCalm/BehaviourZombieCalm/SoundsDuring/Sound1.sounds'.
 2:57:11.966 Warning Message: No entry 'bin\config.bin/CfgAIBehaviours/InfectedMale/BehaviourHLZombie/SlotAlerted/BehaviourZombieAlerted/SoundsEntering/Sound1.sounds'.
 2:57:11.966 Warning Message: No entry 'bin\config.bin/CfgAIBehaviours/InfectedMale/BehaviourHLZombie/SlotAlerted/BehaviourZombieAlerted/SoundsDuring/Sound1.sounds'.
 2:57:12.22  Warning Message: No entry 'bin\config.bin/CfgAIBehaviours/InfectedMale/BehaviourHLZombie/SlotCalm/BehaviourZombieCalm/SoundsDuring/Sound1.sounds'.
 2:57:12.22  Warning Message: No entry 'bin\config.bin/CfgAIBehaviours/InfectedMale/BehaviourHLZombie/SlotAlerted/BehaviourZombieAlerted/SoundsEntering/Sound1.sounds'.
 2:57:12.22  Warning Message: No entry 'bin\config.bin/CfgAIBehaviours/InfectedMale/BehaviourHLZombie/SlotAlerted/BehaviourZombieAlerted/SoundsDuring/Sound1.sounds'.
 2:57:12.56  Warning Message: No entry 'bin\config.bin/CfgAIBehaviours/InfectedMale/BehaviourHLZombie/SlotCalm/BehaviourZombieCalm/SoundsDuring/Sound1.sounds'.
 2:57:12.56  Warning Message: No entry 'bin\config.bin/CfgAIBehaviours/InfectedMale/BehaviourHLZombie/SlotAlerted/BehaviourZombieAlerted/SoundsEntering/Sound1.sounds'.
 2:57:12.56  Warning Message: No entry 'bin\config.bin/CfgAIBehaviours/InfectedMale/BehaviourHLZombie/SlotAlerted/BehaviourZombieAlerted/SoundsDuring/Sound1.sounds'.
 2:57:12.79  Warning Message: No entry 'bin\config.bin/CfgAIBehaviours/InfectedFemale/BehaviourHLZombie/SlotCalm/BehaviourZombieCalm/SoundsDuring/Sound1.sounds'.
 2:57:12.79  Warning Message: No entry 'bin\config.bin/CfgAIBehaviours/InfectedFemale/BehaviourHLZombie/SlotAlerted/BehaviourZombieAlerted/SoundsEntering/Sound1.sounds'.
 2:57:12.79  Warning Message: No entry 'bin\config.bin/CfgAIBehaviours/InfectedFemale/BehaviourHLZombie/SlotAlerted/BehaviourZombieAlerted/SoundsDuring/Sound1.sounds'.
 2:57:12.86  Warning Message: No entry 'bin\config.bin/CfgAIBehaviours/InfectedMale/BehaviourHLZombie/SlotCalm/BehaviourZombieCalm/SoundsDuring/Sound1.sounds'.
 2:57:12.86  Warning Message: No entry 'bin\config.bin/CfgAIBehaviours/InfectedMale/BehaviourHLZombie/SlotAlerted/BehaviourZombieAlerted/SoundsEntering/Sound1.sounds'.
 2:57:12.86  Warning Message: No entry 'bin\config.bin/CfgAIBehaviours/InfectedMale/BehaviourHLZombie/SlotAlerted/BehaviourZombieAlerted/SoundsDuring/Sound1.sounds'.
 2:57:12.152 Warning Message: No entry 'bin\config.bin/CfgAIBehaviours/InfectedMale/BehaviourHLZombie/SlotCalm/BehaviourZombieCalm/SoundsDuring/Sound1.sounds'.
 2:57:12.152 Warning Message: No entry 'bin\config.bin/CfgAIBehaviours/InfectedMale/BehaviourHLZombie/SlotAlerted/BehaviourZombieAlerted/SoundsEntering/Sound1.sounds'.
 2:57:12.152 Warning Message: No entry 'bin\config.bin/CfgAIBehaviours/InfectedMale/BehaviourHLZombie/SlotAlerted/BehaviourZombieAlerted/SoundsDuring/Sound1.sounds'.
 2:57:12.166 Warning Message: No entry 'bin\config.bin/CfgAIBehaviours/InfectedFemale/BehaviourHLZombie/SlotCalm/BehaviourZombieCalm/SoundsDuring/Sound1.sounds'.
 2:57:12.166 Warning Message: No entry 'bin\config.bin/CfgAIBehaviours/InfectedFemale/BehaviourHLZombie/SlotAlerted/BehaviourZombieAlerted/SoundsEntering/Sound1.sounds'.
 2:57:12.166 Warning Message: No entry 'bin\config.bin/CfgAIBehaviours/InfectedFemale/BehaviourHLZombie/SlotAlerted/BehaviourZombieAlerted/SoundsDuring/Sound1.sounds'.
 2:57:12.169 Warning Message: No entry 'bin\config.bin/CfgAIBehaviours/InfectedMale/BehaviourHLZombie/SlotCalm/BehaviourZombieCalm/SoundsDuring/Sound1.sounds'.
 2:57:12.169 Warning Message: No entry 'bin\config.bin/CfgAIBehaviours/InfectedMale/BehaviourHLZombie/SlotAlerted/BehaviourZombieAlerted/SoundsEntering/Sound1.sounds'.
 2:57:12.169 Warning Message: No entry 'bin\config.bin/CfgAIBehaviours/InfectedMale/BehaviourHLZombie/SlotAlerted/BehaviourZombieAlerted/SoundsDuring/Sound1.sounds'.
 2:57:12.185  WORLD        : Create entity type 'Animal_CapraHircusF'
 2:57:12.185   ENTITY    (E): Type 'ManType' must be inherited from class 'DayZAnimalType'
 2:57:12.187  WORLD        : Create entity type 'Animal_CapraHircusF'
 2:57:12.187   ANIMATION    : AnimGraph load @"{3F2F32D104EA5971}dz/animals/animations/!graph_files/Herbivores/Herbivores_Graph.agr"
 2:57:12.187    ANIMATION    : Loading graph file @"dz/animals/animations/!graph_files/herbivores/Herbivores_MainGraph.agr"
 2:57:12.189    ANIMATION    : load of the graph ended with: Success
 2:57:12.189 Warning Message: No entry 'bin\config.bin/CfgVehicles/Animal_CapraHircusF.P3DAttachments'.
 2:57:12.189 Warning Message: No entry '.P3DProxies'.
 2:57:12.189 Warning Message: No entry '.BoneNames'.
 2:57:12.189 Warning Message: Size: '/' not an array
 2:57:12.189 Warning Message: Size: '/' not an array
 2:57:12.189 Warning Message: Size: '/' not an array
 2:57:12.192  WORLD        : Create entity type 'Animal_OvisAries'
 2:57:12.192   ENTITY    (E): Type 'ManType' must be inherited from class 'DayZAnimalType'
 2:57:12.193 Warning Message: No entry 'bin\config.bin/CfgVehicles/Animal_OvisAries.P3DAttachments'.
 2:57:12.193 Warning Message: No entry '.P3DProxies'.
 2:57:12.193 Warning Message: No entry '.BoneNames'.
 2:57:12.193 Warning Message: Size: '/' not an array
 2:57:12.193 Warning Message: Size: '/' not an array
 2:57:12.193 Warning Message: Size: '/' not an array
 2:57:12.195  WORLD        : Create entity type 'Animal_OvisAriesF'
 2:57:12.195   ENTITY    (E): Type 'ManType' must be inherited from class 'DayZAnimalType'
 2:57:12.196 Warning Message: No entry 'bin\config.bin/CfgVehicles/Animal_OvisAriesF.P3DAttachments'.
 2:57:12.196 Warning Message: No entry '.P3DProxies'.
 2:57:12.196 Warning Message: No entry '.BoneNames'.
 2:57:12.196 Warning Message: Size: '/' not an array
 2:57:12.196 Warning Message: Size: '/' not an array
 2:57:12.196 Warning Message: Size: '/' not an array
 2:57:12.198  WORLD        : Create entity type 'Animal_RangiferTarandus'
 2:57:12.198   ENTITY    (E): Type 'ManType' must be inherited from class 'DayZAnimalType'
 2:57:12.199 Warning Message: No entry 'bin\config.bin/CfgVehicles/Animal_RangiferTarandus.P3DAttachments'.
 2:57:12.199 Warning Message: No entry '.P3DProxies'.
 2:57:12.199 Warning Message: No entry '.BoneNames'.
 2:57:12.199 Warning Message: Size: '/' not an array
 2:57:12.199 Warning Message: Size: '/' not an array
 2:57:12.199 Warning Message: Size: '/' not an array
 2:57:12.200  WORLD        : Create entity type 'Animal_RangiferTarandusF'
 2:57:12.200   ENTITY    (E): Type 'ManType' must be inherited from class 'DayZAnimalType'
 2:57:12.201 Warning Message: No entry 'bin\config.bin/CfgVehicles/Animal_RangiferTarandusF.P3DAttachments'.
 2:57:12.201 Warning Message: No entry '.P3DProxies'.
 2:57:12.201 Warning Message: No entry '.BoneNames'.
 2:57:12.201 Warning Message: Size: '/' not an array
 2:57:12.201 Warning Message: Size: '/' not an array
 2:57:12.201 Warning Message: Size: '/' not an array
 2:57:12.203  WORLD        : Create entity type 'Animal_SusScrofa'
 2:57:12.203   ENTITY    (E): Type 'ManType' must be inherited from class 'DayZAnimalType'
 2:57:12.204 Warning Message: No entry 'bin\config.bin/CfgVehicles/Animal_SusScrofa.P3DAttachments'.
 2:57:12.204 Warning Message: No entry '.P3DProxies'.
 2:57:12.204 Warning Message: No entry '.BoneNames'.
 2:57:12.204 Warning Message: Size: '/' not an array
 2:57:12.204 Warning Message: Size: '/' not an array
 2:57:12.204 Warning Message: Size: '/' not an array
 2:57:12.209  WORLD        : Create entity type 'Animal_CanisLupus_Grey'
 2:57:12.209   ENTITY    (E): Type 'ManType' must be inherited from class 'DayZAnimalType'
 2:57:12.209  WORLD        : Create entity type 'Animal_CanisLupus_Grey'
 2:57:12.209   ANIMATION    : AnimGraph load @"{089BA307C066511E}dz/animals/animations/!graph_files/Wolf/Wolf_Graph.agr"
 2:57:12.209    ANIMATION    : Loading graph file @"dz/animals/animations/!graph_files/Wolf/Wolf_MainGraph.agr"
 2:57:12.211    ANIMATION    : load of the graph ended with: Success
 2:57:12.212 Warning Message: No entry 'bin\config.bin/CfgVehicles/Animal_CanisLupus_Grey.P3DAttachments'.
 2:57:12.212 Warning Message: No entry '.P3DProxies'.
 2:57:12.212 Warning Message: No entry '.BoneNames'.
 2:57:12.212 Warning Message: Size: '/' not an array
 2:57:12.212 Warning Message: Size: '/' not an array
 2:57:12.212 Warning Message: Size: '/' not an array
 2:57:12.219  WORLD        : Create entity type 'Animal_UrsusArctos'
 2:57:12.219   ENTITY    (E): Type 'ManType' must be inherited from class 'DayZAnimalType'
 2:57:12.221  WORLD        : Create entity type 'Animal_UrsusArctos'
 2:57:12.221   ANIMATION    : AnimGraph load @"{50965216E3F87C83}DZ/animals_bliss/animations/!graph_files/bear/Bear_Graph.agr"
 2:57:12.221    ANIMATION    : Loading graph file @"DZ/animals_bliss/animations/!graph_files/bear/Bear_MainGraph.agr"
 2:57:12.223    ANIMATION    : load of the graph ended with: Success
 2:57:12.224 Warning Message: No entry 'bin\config.bin/CfgVehicles/Animal_UrsusArctos.P3DAttachments'.
 2:57:12.224 Warning Message: No entry '.P3DProxies'.
 2:57:12.224 Warning Message: No entry '.BoneNames'.
 2:57:12.224 Warning Message: Size: '/' not an array
 2:57:12.224 Warning Message: Size: '/' not an array
 2:57:12.224 Warning Message: Size: '/' not an array
 2:57:12.226  WORLD        : Create entity type 'Animal_UrsusMaritimus'
 2:57:12.226   ENTITY    (E): Type 'ManType' must be inherited from class 'DayZAnimalType'
 2:57:12.227 Warning Message: No entry 'bin\config.bin/CfgVehicles/Animal_UrsusMaritimus.P3DAttachments'.
 2:57:12.227 Warning Message: No entry '.P3DProxies'.
 2:57:12.227 Warning Message: No entry '.BoneNames'.
 2:57:12.227 Warning Message: Size: '/' not an array
 2:57:12.227 Warning Message: Size: '/' not an array
 2:57:12.227 Warning Message: Size: '/' not an array
 2:57:12.229 [CE][DynEvent] :: 23 types
 2:57:12.229 [00] Loot
 2:57:12.229   Primary Spawner: "Loot", active: yes, repeat: 2
 2:57:12.229 [01] StaticMedDrop
 2:57:12.229   Primary Spawner: "Static", active: yes, repeat: 1
 2:57:12.229 [02] StaticLifeboat
 2:57:12.229   Primary Spawner: "Static", active: yes, repeat: 1
 2:57:12.229 [03] ItemWoodenPlanks
 2:57:12.229   Primary Spawner: "Item", active: yes, repeat: 1
 2:57:12.229 [04] TrajectoryStones
 2:57:12.229   Primary Spawner: "Trajectory", active: yes, repeat: 1
 2:57:12.229 [05] InfectedSanta
 2:57:12.229   Primary Spawner: "Infected", active: yes, repeat: 1
 2:57:12.229 [06] InfectedArmy
 2:57:12.229   Primary Spawner: "Infected", active: yes, repeat: 1
 2:57:12.229 [07] InfectedIndustrial
 2:57:12.229   Primary Spawner: "Infected", active: yes, repeat: 1
 2:57:12.229 [08] InfectedCivil
 2:57:12.229   Primary Spawner: "Infected", active: yes, repeat: 1
 2:57:12.229 [09] InfectedMedic
 2:57:12.229   Primary Spawner: "Infected", active: yes, repeat: 1
 2:57:12.229 [10] AnimalGoat
 2:57:12.229   Primary Spawner: "Animal", active: yes, repeat: 1
 2:57:12.229 [11] AnimalSheep
 2:57:12.229   Primary Spawner: "Animal", active: yes, repeat: 1
 2:57:12.229 [12] AnimalReindeer
 2:57:12.229   Primary Spawner: "Animal", active: yes, repeat: 1
 2:57:12.229 [13] AnimalWildBoar
 2:57:12.229   Primary Spawner: "Animal", active: yes, repeat: 1
 2:57:12.229 [14] AnimalWolf
 2:57:12.229   Primary Spawner: "Animal", active: yes, repeat: 1
 2:57:12.229 [15] AnimalBrownBear
 2:57:12.229   Primary Spawner: "Animal", active: yes, repeat: 1
 2:57:12.229 [16] AnimalPolarBear
 2:57:12.229   Primary Spawner: "Animal", active: yes, repeat: 1
 2:57:12.229 [17] AmbientFox
 2:57:12.229   Primary Spawner: "Ambient", active: yes, repeat: 1
 2:57:12.229 [18] AmbientHare
 2:57:12.229   Primary Spawner: "Ambient", active: yes, repeat: 1
 2:57:12.229 [19] VehicleRubberBoats
 2:57:12.229   Primary Spawner: "Vehicle", active: yes, repeat: 1
 2:57:12.229 [20] VehicleCivilianCars
 2:57:12.229   Primary Spawner: "Vehicle", active: yes, repeat: 1
 2:57:12.229 [21] VehicleTrucks
 2:57:12.229   Primary Spawner: "Vehicle", active: yes, repeat: 1
 2:57:12.229 [22] VehicleMilitary
 2:57:12.229   Primary Spawner: "Vehicle", active: yes, repeat: 1
 2:57:12.229 [CE][Hive] :: Initializing of spawners done.
 2:57:12.232 [CE][Hive] :: Init sequence finished.
 2:57:12.233 Player connect enabled
 2:57:12.275 ENTITY    (W): Unknown object class 'pond' (nst\ns\water\lakewater.p3d)
 2:57:12.275 ENTITY    (W): Unknown object class 'pond' (nst\ns\water\lakewater.p3d)
 2:57:12.275 ENTITY    (W): Unknown object class 'pond' (nst\ns\water\lakewater.p3d)
 2:57:12.276 ENTITY    (W): Unknown object class 'pond' (nst\ns\water\lakewater.p3d)
 2:57:12.276 ENTITY    (W): Unknown object class 'pond' (nst\ns\water\lakewater.p3d)
 2:57:12.277 ENTITY    (W): Unknown object class 'pond' (nst\ns\water\lakewater.p3d)
 2:57:12.277 ENTITY    (W): Unknown object class 'pond' (nst\ns\water\lakewater.p3d)
 2:57:12.278 ENTITY    (W): Unknown object class 'pond' (nst\ns\water\lakewater.p3d)
 2:57:12.282 ENTITY    (W): Unknown object class 'pond' (nst\ns\water\lakewater.p3d)
 2:57:12.282 ENTITY    (W): Unknown object class 'pond' (nst\ns\water\lakewater.p3d)
 2:57:12.283 ENTITY    (W): Unknown object class 'pond' (nst\ns\water\lakewater.p3d)
 2:57:12.283 ENTITY    (W): Unknown object class 'pond' (nst\ns\water\lakewater.p3d)
 2:57:12.284 ENTITY    (W): Unknown object class 'pond' (nst\ns\water\lakewater.p3d)
 2:57:12.285 ENTITY    (W): Unknown object class 'pond' (nst\ns\water\lakewater.p3d)
 2:57:12.285 ENTITY    (W): Unknown object class 'pond' (nst\ns\water\lakewater.p3d)
 2:57:12.285 ENTITY    (W): Unknown object class 'pond' (nst\ns\water\lakewater.p3d)
 2:57:12.285 ENTITY    (W): Unknown object class 'pond' (nst\ns\water\lakewater.p3d)
 2:57:12.286 ENTITY    (W): Unknown object class 'pond' (nst\ns\water\lakewater.p3d)
 2:57:12.292 PerfWarning: Way too much components (753) in dz\structures\wrecks\vehicles\wreck_t72_chassis.p3d:geometryFire
 2:57:12.295 ENTITY    (W): Unknown object class 'pond' (dz\water_sakhal\ice_lake\sakhal_50x50_ice_lake_clear.p3d)
 2:57:12.295 ENTITY    (W): Unknown object class 'pond' (dz\water_sakhal\ice_lake\sakhal_50x50_ice_lake_clear.p3d)
 2:57:12.588 [IdleMode] Entering IN - save processed
 2:57:12.617 Warning: No components in dz\structures\military\improvised\mil_tent_big2_5.p3d:geometryFire
 2:57:12.617 Warning: No components in dz\structures\military\improvised\mil_tent_big2_5.p3d:geometryView
 2:57:12.619 Warning: No components in dz\structures\military\improvised\mil_tent_big2_2.p3d:geometryFire
 2:57:12.619 Warning: No components in dz\structures\military\improvised\mil_tent_big2_2.p3d:geometryView
 2:57:12.621 Warning: No components in dz\structures\military\improvised\mil_tent_big2_3.p3d:geometryFire
 2:57:12.621 Warning: No components in dz\structures\military\improvised\mil_tent_big2_3.p3d:geometryView
 2:57:12.622 Warning: No components in dz\structures\military\improvised\mil_tent_big2_4.p3d:geometryFire
 2:57:12.622 Warning: No components in dz\structures\military\improvised\mil_tent_big2_4.p3d:geometryView
 2:57:12.667 ENTITY    (W): Unknown object class 'pond' (dz\water_sakhal\ice_lake\sakhal_50x50_ice_lake_clear.p3d)
 2:57:12.667 ENTITY    (W): Unknown object class 'pond' (dz\water_sakhal\ice_lake\sakhal_50x50_ice_lake_clear.p3d)
 2:57:12.701 ENTITY    (W): Unknown object class 'pond' (dz\water_sakhal\ice_lake\sakhal_50x50_ice_lake_clear.p3d)
 2:57:12.722 ENTITY    (W): Unknown object class 'pond' (nst\ns\water\lakewater.p3d)
 2:57:12.722 ENTITY    (W): Unknown object class 'pond' (nst\ns\water\lakewater.p3d)
 2:57:12.725 Warning: No components in nst\ns2\build\seb\seb_powerline_hv_cables_long.p3d:geometry
 2:57:12.725 ENTITY    (W): Unknown object class 'pond' (nst\ns\water\lakewater.p3d)
 2:57:12.726 ENTITY    (W): Unknown object class 'pond' (nst\ns\water\lakewater.p3d)
 2:57:12.726 ENTITY    (W): Unknown object class 'pond' (nst\ns\water\lakewater.p3d)
 2:57:12.726 ENTITY    (W): Unknown object class 'pond' (nst\ns\water\lakewater.p3d)
 2:57:12.726 ENTITY    (W): Unknown object class 'pond' (nst\ns\water\lakewater.p3d)
 2:57:12.727 ENTITY    (W): Unknown object class 'pond' (nst\ns\water\lakewater.p3d)
 2:57:12.727 ENTITY    (W): Unknown object class 'pond' (nst\ns\water\lakewater.p3d)
 2:57:12.728 ENTITY    (W): Unknown object class 'pond' (nst\ns\water\lakewater.p3d)
 2:57:12.729 ENTITY    (W): Unknown object class 'pond' (nst\ns\water\lakewater.p3d)
 2:57:12.729 ENTITY    (W): Unknown object class 'pond' (nst\ns\water\lakewater.p3d)
 2:57:12.752 Warning: No components in dz\structures\industrial\misc\misc_through_static.p3d:geometry
 2:57:12.760 Fresnel k must be >0, given n=1,k=0
 2:57:12.760 Fresnel k must be >0, given n=1,k=0
 2:57:12.770 ENTITY    (W): Unknown object class 'pond' (nst\ns\water\lakewater.p3d)
 2:57:12.770 ENTITY    (W): Unknown object class 'pond' (nst\ns\water\lakewater.p3d)
 2:57:12.770 ENTITY    (W): Unknown object class 'pond' (nst\ns\water\lakewater.p3d)
 2:57:12.770 ENTITY    (W): Unknown object class 'pond' (nst\ns\water\lakewater.p3d)
 2:57:12.770 ENTITY    (W): Unknown object class 'pond' (nst\ns\water\lakewater.p3d)
 2:57:12.797 Warn: Shape '???' contains water texture however it does not carry a property "class=pond". Consider creating one to speed up the detection!
 2:57:12.802 Warn: Shape '???' contains water texture however it does not carry a property "class=pond". Consider creating one to speed up the detection!
 2:57:12.855 ENTITY    (W): Unknown object class 'pond' (dz\water_sakhal\ice_lake\sakhal_50x50_ice_lake_clear.p3d)
 2:57:12.858 ENTITY    (W): Unknown object class 'pond' (nst\ns\water\lakewater.p3d)
 2:57:12.859 ENTITY    (W): Unknown object class 'pond' (nst\ns\water\lakewater.p3d)
 2:57:12.860 ENTITY    (W): Unknown object class 'pond' (nst\ns\water\lakewater.p3d)
 2:57:12.867 ENTITY    (W): Unknown object class 'pond' (dz\water_sakhal\ice_lake\sakhal_50x50_ice_lake_clear.p3d)
 2:57:12.908 ENTITY    (W): Unknown object class 'pond' (nst\ns\water\lakewater.p3d)
 2:57:12.917 PerfWarning: Way too much components (572) in dz\structures\wrecks\aircraft\wreck_c130j.p3d:geometryFire
 2:57:13.18  PerfWarning: Way too much components (1497) in dz\structures\industrial\construction\construction_building.p3d:geometryFire
 2:57:13.60  Convex "component98" selection faces are less then 4 in dz\structures\industrial\sawmills\sawmill_building.p3d:geometry
 2:57:13.63  PerfWarning: Way too much components (541) in dz\structures\industrial\sawmills\sawmill_building.p3d:geometryFire
 2:57:13.63  Convex "component97" selection faces are less then 4 in dz\structures\industrial\sawmills\sawmill_building.p3d:geometryView
 2:57:13.63  Convex "component98" selection faces are less then 4 in dz\structures\industrial\sawmills\sawmill_building.p3d:geometryView
 2:57:13.97  ENTITY    (W): Unknown object class 'pond' (dz\water_sakhal\ice_lake\sakhal_50x50_ice_lake_clear.p3d)
 2:57:13.104 PerfWarning: Way too much components (564) in dz\structures\industrial\farms\barn_wood1.p3d:geometryFire
 2:57:13.114 ENTITY       : Load entity type 'Land_Rail_Warehouse_Small'
 2:57:13.114  ENTITY    (W): Door 'DoorsTwin1' is missing geometry components for selection 'DoorsTwin1', check model+config
 2:57:13.114  ENTITY    (W): Door 'DoorsTwin2' is missing geometry components for selection 'DoorsTwin2', check model+config
 2:57:13.124 ENTITY       : Load entity type 'land_seb_near_fac7'
 2:57:13.124  ENTITY    (W): Door 'doorstwin1' is missing geometry components for selection 'doorstwin1', check model+config
 2:57:13.130 ENTITY    (W): Unknown object class 'pond' (nst\ns\water\lakewater.p3d)
 2:57:13.160 Fresnel k must be >0, given n=1,k=0
 2:57:13.160 Fresnel k must be >0, given n=1,k=0
 2:57:13.166 ENTITY    (W): Unknown object class 'pond' (dz\water_sakhal\ice_lake\sakhal_50x50_ice_lake_clear.p3d)
 2:57:13.182 PerfWarning: Way too much components (715) in dz\structures\industrial\houses\factory_lathes.p3d:geometryFire
 2:57:13.185 Warning: No components in dz\structures\industrial\houses\proxy\housev2_03_int.p3d:geometry
 2:57:13.187 PerfWarning: Way too much components (633) in dz\structures\industrial\houses\proxy\housev2_03_int.p3d:geometryFire
 2:57:13.187 Warning: No components in dz\structures\industrial\houses\proxy\housev2_03_int.p3d:geometryView
 2:57:13.216 Warning: No components in dz\structures\wrecks\vehicles\wreck_decal_big.p3d:geometry
 2:57:13.251 PerfWarning: Way too much components (777) in dz\structures\residential\schools\city_school.p3d:geometryFire
 2:57:13.258 Warning: No components in dz\structures\proxy_buildingparts\lightningcond\lightningconductormiddle\lightningconductormiddle.p3d:geometryFire
 2:57:13.258 Warning: No components in dz\structures\proxy_buildingparts\lightningcond\lightningconductormiddle\lightningconductormiddle.p3d:geometryView
 2:57:13.259 Warning: No components in dz\structures\proxy_buildingparts\lightningcond\lightningconductorcorner\lightningconductorcorner.p3d:geometryFire
 2:57:13.259 Warning: No components in dz\structures\proxy_buildingparts\lightningcond\lightningconductorcorner\lightningconductorcorner.p3d:geometryView
 2:57:13.259 Warning: No components in dz\structures\proxy_buildingparts\lightningcond\lightningconductorconnection\lightningconductorconnection.p3d:geometryFire
 2:57:13.259 Warning: No components in dz\structures\proxy_buildingparts\lightningcond\lightningconductorconnection\lightningconductorconnection.p3d:geometryView
 2:57:13.259 Warning: No components in dz\structures\furniture\school_equipment\school_ringbell.p3d:geometry
 2:57:13.260 Warning: No components in dz\structures\furniture\school_equipment\tac_board_posters_level1.p3d:geometry
 2:57:13.261 Warning: No components in dz\structures\furniture\school_equipment\anatomy_poster_1.p3d:geometry
 2:57:13.261 Warning: No components in dz\structures\furniture\school_equipment\anatomy_poster_2.p3d:geometry
 2:57:13.261 Warning: No components in dz\structures\furniture\school_equipment\flag_chernarus_wall.p3d:geometry
 2:57:13.262 Warning: No components in dz\structures\furniture\school_equipment\yellow_star.p3d:geometry
 2:57:13.271 PerfWarning: Way too much components (1187) in dz\structures\residential\schools\proxy\school_exterior_proxy.p3d:geometryFire
 2:57:13.272 Warning: No components in dz\structures\furniture\school_equipment\periodic_table.p3d:geometry
 2:57:13.272 Warning: No components in dz\structures\furniture\school_equipment\tac_board_posters_level2.p3d:geometry
 2:57:13.275 Warning: No components in dz\structures\residential\schools\proxy\school_details.p3d:geometry
 2:57:13.276 Warning: No components in dz\structures\residential\schools\proxy\school_details.p3d:geometryView
 2:57:13.295 Warning: No components in dz\structures\residential\schools\proxy\school_interior.p3d:geometry
 2:57:13.303 ENTITY       : Load entity type 'Land_City_School'
 2:57:13.303  ENTITY    (W): Door 'DoorsTwin1' is missing geometry components for selection 'DoorsTwin1', check model+config
 2:57:13.304  ENTITY    (W): Door 'DoorsTwin3' is missing geometry components for selection 'DoorsTwin3', check model+config
 2:57:13.304  ENTITY    (W): Door 'DoorsTwin4' is missing geometry components for selection 'DoorsTwin4', check model+config
 2:57:13.304  ENTITY    (W): Door 'DoorsTwin5' is missing geometry components for selection 'DoorsTwin5', check model+config
 2:57:13.304  ENTITY    (W): Door 'DoorsTwin6' is missing geometry components for selection 'DoorsTwin6', check model+config
 2:57:13.304  ENTITY    (W): Door 'DoorsTwin7' is missing geometry components for selection 'DoorsTwin7', check model+config
 2:57:13.310  ENTITY    (W): Unknown object class 'thing' (dz\structures\proxy_buildingparts\lightningcond\lightningconductormiddle\lightningconductormiddle.p3d)
 2:57:13.310  ENTITY    (W): Unknown object class 'thing' (dz\structures\proxy_buildingparts\lightningcond\lightningconductormiddle\lightningconductormiddle.p3d)
 2:57:13.310  ENTITY    (W): Unknown object class 'thing' (dz\structures\proxy_buildingparts\lightningcond\lightningconductormiddle\lightningconductormiddle.p3d)
 2:57:13.310  ENTITY    (W): Unknown object class 'thing' (dz\structures\proxy_buildingparts\lightningcond\lightningconductormiddle\lightningconductormiddle.p3d)
 2:57:13.311  ENTITY    (W): Unknown object class 'thing' (dz\structures\proxy_buildingparts\lightningcond\lightningconductormiddle\lightningconductormiddle.p3d)
 2:57:13.311  ENTITY    (W): Unknown object class 'thing' (dz\structures\proxy_buildingparts\lightningcond\lightningconductormiddle\lightningconductormiddle.p3d)
 2:57:13.311  ENTITY    (W): Unknown object class 'thing' (dz\structures\proxy_buildingparts\lightningcond\lightningconductormiddle\lightningconductormiddle.p3d)
 2:57:13.311  ENTITY    (W): Unknown object class 'thing' (dz\structures\proxy_buildingparts\lightningcond\lightningconductormiddle\lightningconductormiddle.p3d)
 2:57:13.311  ENTITY    (W): Unknown object class 'thing' (dz\structures\proxy_buildingparts\lightningcond\lightningconductormiddle\lightningconductormiddle.p3d)
 2:57:13.311  ENTITY    (W): Unknown object class 'thing' (dz\structures\proxy_buildingparts\lightningcond\lightningconductormiddle\lightningconductormiddle.p3d)
 2:57:13.311  ENTITY    (W): Unknown object class 'thing' (dz\structures\proxy_buildingparts\lightningcond\lightningconductormiddle\lightningconductormiddle.p3d)
 2:57:13.311  ENTITY    (W): Unknown object class 'thing' (dz\structures\proxy_buildingparts\lightningcond\lightningconductormiddle\lightningconductormiddle.p3d)
 2:57:13.311  ENTITY    (W): Unknown object class 'thing' (dz\structures\proxy_buildingparts\lightningcond\lightningconductormiddle\lightningconductormiddle.p3d)
 2:57:13.311  ENTITY    (W): Unknown object class 'thing' (dz\structures\proxy_buildingparts\lightningcond\lightningconductormiddle\lightningconductormiddle.p3d)
 2:57:13.311  ENTITY    (W): Unknown object class 'thing' (dz\structures\proxy_buildingparts\lightningcond\lightningconductormiddle\lightningconductormiddle.p3d)
 2:57:13.311  ENTITY    (W): Unknown object class 'thing' (dz\structures\proxy_buildingparts\lightningcond\lightningconductormiddle\lightningconductormiddle.p3d)
 2:57:13.311  ENTITY    (W): Unknown object class 'thing' (dz\structures\proxy_buildingparts\lightningcond\lightningconductormiddle\lightningconductormiddle.p3d)
 2:57:13.311  ENTITY    (W): Unknown object class 'thing' (dz\structures\proxy_buildingparts\lightningcond\lightningconductormiddle\lightningconductormiddle.p3d)
 2:57:13.311  ENTITY    (W): Unknown object class 'thing' (dz\structures\proxy_buildingparts\lightningcond\lightningconductormiddle\lightningconductormiddle.p3d)
 2:57:13.311  ENTITY    (W): Unknown object class 'thing' (dz\structures\proxy_buildingparts\lightningcond\lightningconductormiddle\lightningconductormiddle.p3d)
 2:57:13.311  ENTITY    (W): Unknown object class 'thing' (dz\structures\proxy_buildingparts\lightningcond\lightningconductormiddle\lightningconductormiddle.p3d)
 2:57:13.311  ENTITY    (W): Unknown object class 'thing' (dz\structures\proxy_buildingparts\lightningcond\lightningconductormiddle\lightningconductormiddle.p3d)
 2:57:13.311  ENTITY    (W): Unknown object class 'thing' (dz\structures\proxy_buildingparts\lightningcond\lightningconductormiddle\lightningconductormiddle.p3d)
 2:57:13.311  ENTITY    (W): Unknown object class 'thing' (dz\structures\proxy_buildingparts\lightningcond\lightningconductormiddle\lightningconductormiddle.p3d)
 2:57:13.311  ENTITY    (W): Unknown object class 'thing' (dz\structures\proxy_buildingparts\lightningcond\lightningconductormiddle\lightningconductormiddle.p3d)
 2:57:13.311  ENTITY    (W): Unknown object class 'thing' (dz\structures\proxy_buildingparts\lightningcond\lightningconductormiddle\lightningconductormiddle.p3d)
 2:57:13.311  ENTITY    (W): Unknown object class 'thing' (dz\structures\proxy_buildingparts\lightningcond\lightningconductormiddle\lightningconductormiddle.p3d)
 2:57:13.311  ENTITY    (W): Unknown object class 'thing' (dz\structures\proxy_buildingparts\lightningcond\lightningconductormiddle\lightningconductormiddle.p3d)
 2:57:13.311  ENTITY    (W): Unknown object class 'thing' (dz\structures\proxy_buildingparts\lightningcond\lightningconductormiddle\lightningconductormiddle.p3d)
 2:57:13.311  ENTITY    (W): Unknown object class 'thing' (dz\structures\proxy_buildingparts\lightningcond\lightningconductormiddle\lightningconductormiddle.p3d)
 2:57:13.311  ENTITY    (W): Unknown object class 'thing' (dz\structures\proxy_buildingparts\lightningcond\lightningconductormiddle\lightningconductormiddle.p3d)
 2:57:13.311  ENTITY    (W): Unknown object class 'thing' (dz\structures\proxy_buildingparts\lightningcond\lightningconductormiddle\lightningconductormiddle.p3d)
 2:57:13.311  ENTITY    (W): Unknown object class 'thing' (dz\structures\proxy_buildingparts\lightningcond\lightningconductormiddle\lightningconductormiddle.p3d)
 2:57:13.311  ENTITY    (W): Unknown object class 'thing' (dz\structures\proxy_buildingparts\lightningcond\lightningconductormiddle\lightningconductormiddle.p3d)
 2:57:13.311  ENTITY    (W): Unknown object class 'thing' (dz\structures\proxy_buildingparts\lightningcond\lightningconductormiddle\lightningconductormiddle.p3d)
 2:57:13.311  ENTITY    (W): Unknown object class 'thing' (dz\structures\proxy_buildingparts\lightningcond\lightningconductormiddle\lightningconductormiddle.p3d)
 2:57:13.311  ENTITY    (W): Unknown object class 'thing' (dz\structures\proxy_buildingparts\lightningcond\lightningconductormiddle\lightningconductormiddle.p3d)
 2:57:13.312  ENTITY    (W): Unknown object class 'thing' (dz\structures\proxy_buildingparts\lightningcond\lightningconductormiddle\lightningconductormiddle.p3d)
 2:57:13.312  ENTITY    (W): Unknown object class 'thing' (dz\structures\proxy_buildingparts\lightningcond\lightningconductormiddle\lightningconductormiddle.p3d)
 2:57:13.312  ENTITY    (W): Unknown object class 'thing' (dz\structures\proxy_buildingparts\lightningcond\lightningconductormiddle\lightningconductormiddle.p3d)
 2:57:13.312  ENTITY    (W): Unknown object class 'thing' (dz\structures\proxy_buildingparts\lightningcond\lightningconductormiddle\lightningconductormiddle.p3d)
 2:57:13.312  ENTITY    (W): Unknown object class 'thing' (dz\structures\proxy_buildingparts\lightningcond\lightningconductormiddle\lightningconductormiddle.p3d)
 2:57:13.312  ENTITY    (W): Unknown object class 'thing' (dz\structures\proxy_buildingparts\lightningcond\lightningconductormiddle\lightningconductormiddle.p3d)
 2:57:13.312  ENTITY    (W): Unknown object class 'thing' (dz\structures\proxy_buildingparts\lightningcond\lightningconductormiddle\lightningconductormiddle.p3d)
 2:57:13.312  ENTITY    (W): Unknown object class 'thing' (dz\structures\proxy_buildingparts\lightningcond\lightningconductormiddle\lightningconductormiddle.p3d)
 2:57:13.312  ENTITY    (W): Unknown object class 'thing' (dz\structures\proxy_buildingparts\lightningcond\lightningconductormiddle\lightningconductormiddle.p3d)
 2:57:13.312  ENTITY    (W): Unknown object class 'thing' (dz\structures\proxy_buildingparts\lightningcond\lightningconductormiddle\lightningconductormiddle.p3d)
 2:57:13.312  ENTITY    (W): Unknown object class 'thing' (dz\structures\proxy_buildingparts\lightningcond\lightningconductormiddle\lightningconductormiddle.p3d)
 2:57:13.312  ENTITY    (W): Unknown object class 'thing' (dz\structures\proxy_buildingparts\lightningcond\lightningconductormiddle\lightningconductormiddle.p3d)
 2:57:13.312  ENTITY    (W): Unknown object class 'thing' (dz\structures\proxy_buildingparts\lightningcond\lightningconductormiddle\lightningconductormiddle.p3d)
 2:57:13.312  ENTITY    (W): Unknown object class 'thing' (dz\structures\proxy_buildingparts\lightningcond\lightningconductormiddle\lightningconductormiddle.p3d)
 2:57:13.367 Warn: Shape '???' contains water texture however it does not carry a property "class=pond". Consider creating one to speed up the detection!
 2:57:13.373 PerfWarning: Way too much components (535) in dz\structures\residential\houses\house_1w12.p3d:geometryFire
 2:57:13.375 Warn: Shape '???' contains water texture however it does not carry a property "class=pond". Consider creating one to speed up the detection!
 2:57:13.376 Warn: Shape '???' contains water texture however it does not carry a property "class=pond". Consider creating one to speed up the detection!
 2:57:13.430 PerfWarning: Way too much components (658) in dz\structures\industrial\harbour\boathouse.p3d:geometryFire
 2:57:13.432 ENTITY       : Load entity type 'Land_Boathouse'
 2:57:13.432  ENTITY    (W): Door 'DoorsTwin1' is missing geometry components for selection 'DoorsTwin1', check model+config
 2:57:13.472 Warning: No components in dz\structures_bliss\ruins\proxy\chair_crushed.p3d:geometry
 2:57:13.472 Warning: No components in dz\structures_bliss\ruins\proxy\chair_crushed.p3d:geometryView
 2:57:13.473 Warning: No components in dz\structures_bliss\ruins\proxy\bed_large_metal_broken.p3d:geometryView
 2:57:13.473 Warning: No components in dz\structures_bliss\ruins\proxy\carpet_big_dirty.p3d:geometry
 2:57:13.473 Warning: No components in dz\structures_bliss\ruins\proxy\carpet_big_dirty.p3d:geometryView
 2:57:13.474 Warning: No components in dz\structures_bliss\ruins\proxy\ruin_housebig1_half_proxy_01.p3d:geometry
 2:57:13.483 ENTITY       : Load entity type 'Land_Ruin_HouseBig1_NoIvy_Half'
 2:57:13.483  ENTITY    (W): Door 'DoorsTwin1' is missing geometry components for selection 'DoorsTwin1', check model+config
 2:57:13.490 Warning: No components in dz\structures\specific\cemeteries\cemetery_tombstone11.p3d:geometryView
 2:57:13.517 SCRIPT       : m_LoginTimeMs: 16200
 2:57:13.540 Warning: No components in dz\structures_bliss\ruins\proxy\ruin_housebig2_proxy_01.p3d:geometry
 2:57:13.540 Warning: No components in dz\structures_bliss\ruins\proxy\ruin_housebig2_proxy_02.p3d:geometry
 2:57:13.547 ENTITY       : Load entity type 'Land_Ruin_HouseBig1_NoIvy'
 2:57:13.547  ENTITY    (W): Door 'DoorsTwin1' is missing geometry components for selection 'DoorsTwin1', check model+config
 2:57:13.583 Convex "component129" selection faces are less then 4 in dz\structures_bliss\ruins\ruin_housebig3_noivy_half.p3d:geometryView
 2:57:13.597 ENTITY       : Load entity type 'Land_Ruin_HouseBig2_NoIvy'
 2:57:13.597  ENTITY    (W): Door 'DoorsTwin1' is missing geometry components for selection 'DoorsTwin1', check model+config
 2:57:13.597  ENTITY    (W): Door 'DoorsTwin2' is missing geometry components for selection 'DoorsTwin2', check model+config
 2:57:13.603 ENTITY       : Load entity type 'Land_Ruin_HouseBig3_NoIvy'
 2:57:13.603  ENTITY    (W): Door 'DoorsTwin1' is missing geometry components for selection 'DoorsTwin1', check model+config
 2:57:13.609 ENTITY       : Load entity type 'Land_Ruin_HouseBig3_NoIvy_Half'
 2:57:13.609  ENTITY    (W): Door 'DoorsTwin1' is missing geometry components for selection 'DoorsTwin1', check model+config
 2:57:13.677 DamageSystem Warning: Selection doors2 doesn't exists in fire geometry for entity land_camp_house_winter
 2:57:13.677 ENTITY       : Load entity type 'land_camp_house_winter'
 2:57:13.677  ENTITY    (W): Door 'Doors2' is missing geometry components for selection 'Doors2', check model+config
 2:57:15.603 Warn: Shape '???' contains water texture however it does not carry a property "class=pond". Consider creating one to speed up the detection!
 2:57:18.21  Convex "component194" selection faces are less then 4 in nst\ns2\build\a3\a3_tube_main_bottom.p3d:geometry
 2:57:18.21  Convex "component195" selection faces are less then 4 in nst\ns2\build\a3\a3_tube_main_bottom.p3d:geometry
 2:57:18.21  Convex "component196" selection faces are less then 4 in nst\ns2\build\a3\a3_tube_main_bottom.p3d:geometry
 2:57:18.22  PerfWarning: Way too much components (632) in nst\ns2\build\a3\a3_tube_main_bottom.p3d:geometry
 2:57:18.47  PerfWarning: Way too much components (627) in nst\ns2\build\a3\a3_chamber_collision.p3d:geometry
 2:57:18.49  PerfWarning: Way too much components (696) in nst\ns2\build\a3\a3_chamber_collision.p3d:geometryFire
 2:57:18.50  PerfWarning: Way too much components (661) in nst\ns2\build\a3\a3_chamber_collision.p3d:geometryView
 2:57:18.70  ENTITY    (W): Unknown object class 'pond' (nst\ns\water\lakewater_still.p3d)
 2:57:18.87  ENTITY    (W): Unknown object class 'pond' (nst\ns\water\lakewater_still.p3d)
 2:57:27.138 PerfWarning: Way too much components (538) in nst\ns2\build\a3\a3_tube_sec_bottom.p3d:geometryFire
 2:57:34.798 PerfWarning: Way too much components (686) in nst\ns3\structures\oilrig\sea_oilrig_derrick_tower.p3d:geometry
 2:57:34.799 PerfWarning: Way too much components (715) in nst\ns3\structures\oilrig\sea_oilrig_derrick_tower.p3d:geometryFire
 2:57:34.869 PerfWarning: Way too much components (1286) in nst\ns3\structures\oilrig\proxy\hull_walkways.p3d:geometry
 2:57:34.875 PerfWarning: Way too much components (580) in nst\ns3\structures\oilrig\proxy\railings.p3d:geometry
 2:57:38.544 ENTITY    (W): Unknown object class 'pond' (dz\water_sakhal\ice_lake\sakhal_50x50_ice_lake_clear.p3d)
 2:57:42.591 ENTITY    (W): Unknown object class 'pond' (dz\water_sakhal\ice_lake\sakhal_50x50_ice_lake_clear.p3d)
 2:57:42.591 ENTITY    (W): Unknown object class 'pond' (dz\water_sakhal\ice_lake\sakhal_50x50_ice_lake_clear.p3d)
 2:57:45.229 ENTITY    (W): Unknown object class 'pond' (dz\water_sakhal\ice_lake\sakhal_50x50_ice_lake_clear.p3d)
 2:57:52.785 ENTITY    (W): Unknown object class 'pond' (dz\water_sakhal\ice_lake\sakhal_50x50_ice_lake_clear.p3d)
 2:57:53.608 Warning: No components in nst\ns_sounds\entities\sfx_athena1.p3d:geometry
 2:58:01.916 ENTITY    (W): Unknown object class 'pond' (nst\ns\water\lakewater.p3d)
 2:58:01.916 ENTITY    (W): Unknown object class 'pond' (nst\ns\water\lakewater.p3d)
 2:58:02.301 ENTITY    (W): Unknown object class 'pond' (nst\ns\water\lakewater.p3d)
 2:58:02.301 ENTITY    (W): Unknown object class 'pond' (nst\ns\water\lakewater.p3d)
 2:58:02.301 ENTITY    (W): Unknown object class 'pond' (nst\ns\water\lakewater.p3d)
 2:58:02.301 ENTITY    (W): Unknown object class 'pond' (nst\ns\water\lakewater.p3d)
 2:58:02.301 ENTITY    (W): Unknown object class 'pond' (nst\ns\water\lakewater.p3d)
 2:58:02.301 ENTITY    (W): Unknown object class 'pond' (nst\ns\water\lakewater.p3d)
 2:58:02.302 ENTITY    (W): Unknown object class 'pond' (nst\ns\water\lakewater.p3d)
 2:58:02.580 ENTITY    (W): Unknown object class 'pond' (nst\ns\water\lakewater.p3d)
 2:58:02.580 ENTITY    (W): Unknown object class 'pond' (nst\ns\water\lakewater.p3d)
 2:58:02.580 ENTITY    (W): Unknown object class 'pond' (nst\ns\water\lakewater.p3d)
 2:58:02.580 ENTITY    (W): Unknown object class 'pond' (nst\ns\water\lakewater.p3d)
 2:58:02.580 ENTITY    (W): Unknown object class 'pond' (nst\ns\water\lakewater.p3d)
 2:58:02.990 ENTITY    (W): Unknown object class 'pond' (nst\ns\water\lakewater.p3d)
 2:58:02.990 ENTITY    (W): Unknown object class 'pond' (nst\ns\water\lakewater.p3d)
 2:58:02.990 ENTITY    (W): Unknown object class 'pond' (nst\ns\water\lakewater.p3d)
 2:58:02.990 ENTITY    (W): Unknown object class 'pond' (nst\ns\water\lakewater.p3d)
 2:58:02.990 ENTITY    (W): Unknown object class 'pond' (nst\ns\water\lakewater.p3d)
 2:58:02.990 ENTITY    (W): Unknown object class 'pond' (nst\ns\water\lakewater.p3d)
 2:58:02.990 ENTITY    (W): Unknown object class 'pond' (nst\ns\water\lakewater.p3d)
 2:58:02.990 ENTITY    (W): Unknown object class 'pond' (nst\ns\water\lakewater.p3d)
 2:58:02.990 ENTITY    (W): Unknown object class 'pond' (nst\ns\water\lakewater.p3d)
 2:58:02.991 ENTITY    (W): Unknown object class 'pond' (nst\ns\water\lakewater.p3d)
 2:58:05.709 ENTITY    (W): Unknown object class 'pond' (dz\water_sakhal\ice_lake\sakhal_50x50_ice_lake_clear.p3d)
 2:58:05.710 ENTITY    (W): Unknown object class 'pond' (dz\water_sakhal\ice_lake\sakhal_50x50_ice_lake_clear.p3d)
 2:58:05.710 ENTITY    (W): Unknown object class 'pond' (dz\water_sakhal\ice_lake\sakhal_50x50_ice_lake_clear.p3d)
 2:58:06.564 Warning: No components in dz\structures\residential\misc\misc_haystack.p3d:geometryFire
 2:58:06.564 Warning: No components in dz\structures\residential\misc\misc_haystack.p3d:geometryView
 2:58:06.850 Warn: Shape '???' contains water texture however it does not carry a property "class=pond". Consider creating one to speed up the detection!
 2:58:11.276 ENTITY    (W): Unknown object class 'pond' (dz\water_sakhal\ice_lake\sakhal_50x50_ice_lake_clear.p3d)
 2:58:31.286 [Login]: Adding player misteeec (104353989) to login queue at position 0
 2:58:31.286 [LoginMachine]: Add player misteeec (104353989 192.168.0.103:54212)
 2:58:31.286 [StateMachine]: Player misteeec (dpnid 104353989 uid ) Entering AuthPlayerLoginState
 2:58:31.286 NETWORK      : Network simulation
 2:58:31.286  NETWORK      : Server: SetClientState dpid=104353989 id=0 name=misteeec CREATED -> CONNECTED
 2:58:31.437 [StateMachine]: Player misteeec (dpnid 104353989 uid ) Entering WaitAuthPlayerLoginState
 2:58:33.154 [IdleMode] Leaving OUT
 2:58:34.89  NETWORK      : Network simulation
 2:58:34.89   LOGINQUEUE   : Player 104353989 updated with device type ''
 2:58:34.89   NETWORK      : Notified of player 104353989 using device '' (not headless)
 2:58:34.89  Игрок misteeec соединяется.
 2:58:34.157 [StateMachine]: Player misteeec (dpnid 104353989 uid ) Entering WaitPlayerAssignedLoginState
 2:58:35.21  [StateMachine]: Player misteeec (dpnid 104353989 uid ) Entering PlayerAssignedLoginState
 2:58:35.22  [StateMachine]: Player misteeec (dpnid 104353989 uid x_MJ2w6DZznhQeYHMWeX7_S9NuAxgYSiQqpLVIMNfrA=) Entering DBGetLoginTimeLoginState
 2:58:35.24  [StateMachine]: Player misteeec (dpnid 104353989 uid x_MJ2w6DZznhQeYHMWeX7_S9NuAxgYSiQqpLVIMNfrA=) Entering DBWaitLoginTimeLoginState
 2:58:41.694 PerfWarning: Way too much components (921) in dz\structures\residential\firedep\city_firestation.p3d:geometryFire
 2:58:50.24  [StateMachine]: Player misteeec (dpnid 104353989 uid x_MJ2w6DZznhQeYHMWeX7_S9NuAxgYSiQqpLVIMNfrA=) Entering DBGetCharacterLoginState
 2:58:50.26  [StateMachine]: Player misteeec (dpnid 104353989 uid x_MJ2w6DZznhQeYHMWeX7_S9NuAxgYSiQqpLVIMNfrA=) Entering CreateNetObjectsLoginState
 2:58:50.26  [CE][PlayerSpawnPoints][GRP_DBG] :: Selected: { no group } | idx: 0 (ut: 132172 | lt: 0 | ctr: 0)
 2:58:50.26  [CE][PlayerSpawnPoints][GRP_DBG] :: Current: { no group } | idx: 0 (ct: 132172 | ut: 132172 | lt: 0 | ctr: 0)
 2:58:50.26  [CE][PlayerSpawnPoints][GRP_DBG] :: Current: { no group } index: 0 (lt: 0 | ctr: 0)
 2:58:50.26  [CE][PlayerSpawnPoints][GRP_DBG] :: Selected: { no group } | idx: 0 (ut: 132172 | lt: 0 | ctr: 0)
 2:58:50.28  NETWORK      : Network simulation
 2:58:50.28   NETWORK      : Server: SetClientState dpid=104353989 id=0 name=misteeec PLAYER ASSIGNED -> MISSION RECEIVED
 2:58:50.28   NETWORK      : server: Player dpid=104353989 added at playerIndex=1
 2:58:50.29   NETWORK      : server: sending World state to remote player... id=104353989
 2:58:50.29   NETWORK      : Server: SetClientState dpid=104353989 id=0 name=misteeec MISSION RECEIVED -> GAME LOADED
 2:58:50.29  [StateMachine]: Player misteeec (dpnid 104353989 uid x_MJ2w6DZznhQeYHMWeX7_S9NuAxgYSiQqpLVIMNfrA=) Entering PreloadCamLoginState
 2:58:50.30  NETWORK      : Network simulation
 2:58:50.30   NETWORK      : Login: Player misteeec (104353989) preloading at: 4975.819336 0.000000 11378.180664, yaw: 0.000000, new: 1
 2:58:50.30  [StateMachine]: Player misteeec (dpnid 104353989 uid x_MJ2w6DZznhQeYHMWeX7_S9NuAxgYSiQqpLVIMNfrA=) Entering WaitPreloadCamLoginState
 2:58:59.406 [StateMachine]: Player misteeec (dpnid 104353989 uid x_MJ2w6DZznhQeYHMWeX7_S9NuAxgYSiQqpLVIMNfrA=) Entering GetNewCharLoginState
 2:58:59.453 NETWORK      : Network simulation
 2:58:59.453  WORLD        : Create entity type 'SurvivorM_Lewis'
 2:58:59.453   MATERIAL  (E): Object dz/characters/bodies/player_testing.xob - cannot load material cross_red.emat
 2:58:59.458 NETWORK      : Network simulation
 2:58:59.458  WORLD        : Create entity type 'SurvivorM_Lewis'
 2:58:59.458   ANIMATION    : AnimGraph load @"{E23437DEB9E1712D}dz/anims/workspaces/player/player_main/player_main.agr"
 2:58:59.458    ANIMATION    : Loading graph file @"DZ/anims/workspaces/player/player_main/Locomotion.agr"
 2:58:59.461    ANIMATION    : Loading graph file @"DZ/anims/workspaces/player/player_main/Combat.agr"
 2:58:59.463    ANIMATION    : Loading graph file @"DZ/anims/workspaces/player/player_main/Weapons.agr"
 2:58:59.464    ANIMATION    : Loading graph file @"DZ/anims/workspaces/player/player_main/Gestures.agr"
 2:58:59.465    ANIMATION    : Loading graph file @"DZ/anims/workspaces/player/player_main/Vehicles.agr"
 2:58:59.468    ANIMATION    : Loading graph file @"DZ/anims/workspaces/player/player_main/Actions.agr"
 2:58:59.471    ANIMATION    : Loading graph file @"DZ/anims/workspaces/player/player_main/Master.agr"
 2:58:59.472    ANIMATION    : Loading graph file @"DZ/anims/workspaces/player/player_main/Tests.agr"
 2:58:59.483    ANIMATION    : load of the graph ended with: Success
 2:59:01.986 Warning Message: No entry 'bin\config.bin/CfgSoundShaders.Drowning_male_2_gag_SoundVoice_Char_SoundShader'.
 2:59:01.986 Warning Message: No entry '.samples'.
 2:59:01.986 Warning Message: Size: '/' not an array
 2:59:01.986 Warning Message: Size: '/' not an array
 2:59:01.987 Warning Message: No entry 'bin\config.bin/CfgSoundShaders.UnderwaterBreathHold_male_2_gag_SoundVoice_Char_SoundShader'.
 2:59:01.987 Warning Message: No entry '.samples'.
 2:59:01.987 Warning Message: Size: '/' not an array
 2:59:01.987 Warning Message: Size: '/' not an array
 2:59:01.987 Warning Message: No entry 'bin\config.bin/CfgSoundShaders.pushHeavy_female_1_motohelmet_SoundVoice_Char_SoundShader'.
 2:59:01.987 Warning Message: No entry '.samples'.
 2:59:01.987 Warning Message: Size: '/' not an array
 2:59:01.987 Warning Message: Size: '/' not an array
 2:59:01.996 Warning: No components in dz\characters\proxies\armband_dz.p3d:geometry
 2:59:01.997 Warning: No components in dz\characters\proxies\bow_dz.p3d:geometry
 2:59:01.997 Warning: No components in dz\weapons\projectiles\arrow_composite.p3d:geometryFire
 2:59:01.999 Warning: No components in dz\characters\proxies\splintright_dz.p3d:geometry
 2:59:01.999 Warning: No components in dz\characters\proxies\splintleft_dz.p3d:geometry
 2:59:02.02  Warning: No components in nst\ns_dayz\gear\lehs\lehs_suit_m.p3d:geometry
 2:59:02.02  Warning Message: Cannot open object dz\characters\pants\placeholder_splint.p3d
 2:59:02.20  Warning: No components in dz\characters\gloves\hands3_m.p3d:geometry
 2:59:02.21  Warning: No components in dz\characters\tops\torso3_m.p3d:geometry
 2:59:02.22  Warning: No components in dz\characters\shoes\feet3_m.p3d:geometry
 2:59:02.22  Warning: No components in dz\characters\heads\m_lewis.p3d:geometry
 2:59:02.25  Warning: No components in dz\characters\pants\legs3_m.p3d:geometry
 2:59:02.29  Подключился игрок misteeec (id=x_MJ2w6DZznhQeYHMWeX7_S9NuAxgYSiQqpLVIMNfrA=).
 2:59:02.29  Player "misteeec" (steamID=76561199587900842 pos=<4975.8, 11378.2, 1.9>) is connected
 2:59:02.30  Warning: No components in dz\characters\tops\shirt_m.p3d:geometry
 2:59:02.31  Warning: No components in dz\characters\tops\shirt_f.p3d:geometry
 2:59:02.32  Warning: No components in dz\characters\pants\canvaspants_long_m.p3d:geometry
 2:59:02.33  Warning: No components in dz\characters\pants\canvaspants_long_f.p3d:geometry
 2:59:02.36  Warning: No components in dz\characters\shoes\athleticshoes_m.p3d:geometry
 2:59:02.36  Warning: No components in dz\characters\shoes\athleticshoes_f.p3d:geometry
 2:59:02.40   SCRIPT       : [VPPAT] Player "misteeec" (steamId=76561199587900842) connected to server!
 2:59:02.40  <CREATE NEW CHAR>:
    charID 1
    playerID 1
    dpnid 104353989
    uid x_MJ2w6DZznhQeYHMWeX7_S9NuAxgYSiQqpLVIMNfrA=
 2:59:35.94  NETWORK      : Network simulation
 2:59:35.94   NETWORK      : BattlEye kicked player 104353989 for 'Game restart required'
 2:59:35.94  Player misteeec (104353989) kicked from server: 240 ( (Game restart required))
 2:59:35.95  [Disconnect]: Client 104353989 early disconnect
 2:59:35.95  [Disconnect]: Start script disconnect 104353989 (dbCharacterId 1 dbPlayerId 1) logoutTime 15
 2:59:35.95  NETWORK      : Network simulation
 2:59:35.95   SCRIPT       : [Logout]: New player x_MJ2w6DZznhQeYHMWeX7_S9NuAxgYSiQqpLVIMNfrA= with logout time 15
 2:59:35.95   SCRIPT       : Player "misteeec" (steamid=76561199587900842) initiated disconnect process...
 2:59:36.39  [Disconnect]: Remove player info 104353989
 2:59:36.41  [Disconnect]: Player destroy 104353989 
 2:59:36.42  NETWORK      : Network simulation
 2:59:36.42   NETWORK      : Server: Player info removed - name misteeec, id 104353989 (total 1 identities, 1 players)
 2:59:36.42   NETWORK      : server: Player dpid=104353989 removed from index=1
 2:59:36.42   NETWORK      : Server: Identity removed - name misteeec, id 104353989 (total 0 identities, 1 players)
 2:59:50.96  SCRIPT       : [Logout]: Player x_MJ2w6DZznhQeYHMWeX7_S9NuAxgYSiQqpLVIMNfrA= finished
 2:59:50.96  CHAR_DEBUG - SAVE
 2:59:50.96      player  null  (dpnid = -1)
 2:59:50.96      Identity: playerID = -1 , charID = -1
 2:59:50.96      Person  : playerID = 1 , charID = 1
 2:59:50.97  CHAR_DEBUG - EXIT
 2:59:50.97      player  null  (dpnid = -1)
 2:59:50.97      Person  : playerID = 1 , charID = 1
 2:59:50.97  [Disconnect]: Finish script disconnect -1 (x_MJ2w6DZznhQeYHMWeX7_S9NuAxgYSiQqpLVIMNfrA=)
 2:59:50.97  SCRIPT       : PlayerDisconnected -> PlayerListManager.RemoveEntry ► x_MJ2w6DZznhQeYHMWeX7_S9NuAxgYSiQqpLVIMNfrA=
 2:59:52.315 ENGINE       : Destroying game
 2:59:52.315  SCRIPT       : [MissionServer] OnMissionFinish - Server
 2:59:52.323  SCRIPT       : ~DayZGame()
 2:59:54.104  --- Termination successfully completed --- 
