=====================================================================
== G:\SteamLibrary\steamapps\common\DayZServer\DayZServer_x64.exe
== "DayZServer_x64.exe" -config=serverDZ.cfg -port=2302 "-mod=@CF;@Dabs Framework;@Namalsk Survival;@Namalsk Island;@VPPAdminTools;@VPPAdminTools RU Translate" -profiles=profiles -nosteam -localmode -noBattlEye -freezeCheck -cpuCount=4 -dologs -adminlog
=====================================================================
Exe timestamp: 2026/08/17 02:12:09
Current time:  2026/08/17 02:30:08
Version 1.29.163709
=====================================================================

 2:30:08.735 ENGINE    (W): Process affinity forced to f
 2:30:08.787 String "STR_nam_mod_terrain_name" not found (not in localization table)
 2:30:08.789 String "STR_nam_mod_surv_name" not found (not in localization table)
 2:30:09.110 String "STR_server_shutdown" listed twice in "Global"
 2:30:09.131 Localization not present: STR_DATE_FORMAT_SHORT
 2:30:09.131 Localization not present: STR_TIME_FORMAT
 2:30:09.131 Localization not present: STR_CONFIG_CONTROLLER_NORMAL_LOOK
 2:30:09.131 Localization not present: STR_CONFIG_CONTROLLER_REVERSED_LOOK
 2:30:09.131 Localization not present: STR_MP_VALIDERROR
 2:30:09.131 Localization not present: STR_MP_CONNECTION_LOOSING
 2:30:09.131 Localization not present: STR_MSG_MP_NO_PASSWORD
 2:30:09.131 Localization not present: STR_MSG_LAUNCH_GAME
 2:30:09.131 Localization not present: STR_LOAD_INIT
 2:30:09.131 Localization not present: STR_LOAD_WORLD
 2:30:09.131 Localization not present: STR_LOAD_GAME
 2:30:09.131 Localization not present: STR_SAVE_GAME
 2:30:09.131 Localization not present: STR_MP_CONNECT
 2:30:09.131 Localization not present: STR_MP_DISCONNECT
 2:30:09.131 Localization not present: STR_MP_CONNECTING
 2:30:09.131 Localization not present: STR_MP_TIMEOUT
 2:30:09.131 Localization not present: STR_DISP_CLIENT_TEXT_EDIT
 2:30:09.131 Localization not present: STR_MP_LOGIN_QUEUE_FULL
 2:30:09.133 Localization not present: STR_DATE_FORMAT_SHORT
 2:30:09.133 Localization not present: STR_TIME_FORMAT
 2:30:09.133 Localization not present: STR_CONFIG_CONTROLLER_NORMAL_LOOK
 2:30:09.133 Localization not present: STR_CONFIG_CONTROLLER_REVERSED_LOOK
 2:30:09.133 Localization not present: STR_MP_VALIDERROR
 2:30:09.133 Localization not present: STR_MP_CONNECTION_LOOSING
 2:30:09.133 Localization not present: STR_MSG_MP_NO_PASSWORD
 2:30:09.133 Localization not present: STR_MSG_LAUNCH_GAME
 2:30:09.133 Localization not present: STR_LOAD_INIT
 2:30:09.133 Localization not present: STR_LOAD_WORLD
 2:30:09.133 Localization not present: STR_LOAD_GAME
 2:30:09.133 Localization not present: STR_SAVE_GAME
 2:30:09.133 Localization not present: STR_MP_CONNECT
 2:30:09.133 Localization not present: STR_MP_DISCONNECT
 2:30:09.133 Localization not present: STR_MP_CONNECTING
 2:30:09.133 Localization not present: STR_MP_TIMEOUT
 2:30:09.133 Localization not present: STR_DISP_CLIENT_TEXT_EDIT
 2:30:09.133 Localization not present: STR_MP_LOGIN_QUEUE_FULL
 2:30:09.143 Initializing stats manager.
 2:30:09.145 Stats config disabled.
 2:30:09.745 String "VSTR_TOOLTIP_TITLE_NOTICE" listed twice in "Global"
 2:30:09.773 String "STR_VPPAT_NAME" listed twice in "Global"
 2:30:09.773 String "VSTR_SESSION_DISCONNECT" listed twice in "Global"
 2:30:09.773 String "VSTR_ERROR_UPDATE_BUILDINGSET" listed twice in "Global"
 2:30:09.773 String "VSTR_ERROR_DELETE_BUILDINGSET" listed twice in "Global"
 2:30:09.773 String "VSTR_MISSING_PERM" listed twice in "Global"
 2:30:09.773 String "VSTR_UPDATED_PERM_SETTING" listed twice in "Global"
 2:30:09.773 String "VSTR_PERMS_REMOVE_USER" listed twice in "Global"
 2:30:09.773 String "VSTR_FROM_GROUP" listed twice in "Global"
 2:30:09.773 String "VSTR_ERROR_USER_SUPERADMIN" listed twice in "Global"
 2:30:09.773 String "VSTR_ERROR_INVALID_GROUP" listed twice in "Global"
 2:30:09.773 String "VSTR_PERMS_USER_INGTROUP" listed twice in "Global"
 2:30:09.773 String "VSTR_ERROR_UNKOWN_PERM" listed twice in "Global"
 2:30:09.773 String "VSTR_ERROR_NAME_MISMATCH" listed twice in "Global"
 2:30:09.773 String "VSTR_ERROR_NOT_ADMIN" listed twice in "Global"
 2:30:09.773 String "VSTR_ERROR_CANT_TARGET" listed twice in "Global"
 2:30:09.773 String "VSTR_ERROR_NO_PERM" listed twice in "Global"
 2:30:09.773 String "VSTR_PERM_LVL_LOW" listed twice in "Global"
 2:30:09.773 String "VSTR_BANNED" listed twice in "Global"
 2:30:09.773 String "VSTR_BAN_REASON" listed twice in "Global"
 2:30:09.773 String "VSTR_ERROR_BAN_PLAYER" listed twice in "Global"
 2:30:09.773 String "VSTR_KICK_PLAYER" listed twice in "Global"
 2:30:09.773 String "VSTR_NOTIFY_SPECTATE" listed twice in "Global"
 2:30:09.773 String "VSTR_NOTIFY_GODMODE_OFF" listed twice in "Global"
 2:30:09.773 String "VSTR_NOTIFY_GODMODE_ON" listed twice in "Global"
 2:30:09.773 String "VSTR_NOTIFY_REVOKE_GODMODE" listed twice in "Global"
 2:30:09.773 String "VSTR_NOTIFY_REVOKE_GODMODE_ADMIN" listed twice in "Global"
 2:30:09.773 String "VSTR_NOTIFY_GIVE_GODMODE" listed twice in "Global"
 2:30:09.773 String "VSTR_NOTIFY_GIVE_GODMODE_ADMIN" listed twice in "Global"
 2:30:09.773 String "VSTR_NOTIFY_REVOKE_AMMO" listed twice in "Global"
 2:30:09.773 String "VSTR_NOTIFY_REVOKE_AMMO_ADMIN" listed twice in "Global"
 2:30:09.773 String "VSTR_NOTIFY_GIVE_AMMO" listed twice in "Global"
 2:30:09.773 String "VSTR_NOTIFY_GIVE_AMMO_ADMIN" listed twice in "Global"
 2:30:09.773 String "VSTR_NOTIFY_RESTART_ERROR" listed twice in "Global"
 2:30:09.773 String "VSTR_NOTIFY_RESTART_IN" listed twice in "Global"
 2:30:09.773 String "VSTR_NOTIFY_TP_BRINGSELF_ERR" listed twice in "Global"
 2:30:09.773 String "VSTR_NOTIFY_ERR_TP_NORETURN" listed twice in "Global"
 2:30:09.773 String "VSTR_NOTIFY_ERR_TPSELF" listed twice in "Global"
 2:30:09.773 String "VSTR_TP_ERR_INVALID" listed twice in "Global"
 2:30:09.773 String "VSTR_DEL_SUCESS" listed twice in "Global"
 2:30:09.773 String "VSTR_ADD_SUCESS" listed twice in "Global"
 2:30:09.773 String "VSTR_EDIT_SUCESS" listed twice in "Global"
 2:30:09.773 String "VSTR_NOT_DEFINED" listed twice in "Global"
 2:30:09.773 String "VSTR_NOTIFY_TOOLS_TOGGLE_ON" listed twice in "Global"
 2:30:09.773 String "VSTR_NOTIFY_TOOLS_TOGGLE_OFF" listed twice in "Global"
 2:30:09.773 String "VSTR_NOTIFY_ERR_NOTTOGGLE" listed twice in "Global"
 2:30:09.773 String "VSTR_NOTIFY_DEL_OBJ" listed twice in "Global"
 2:30:09.773 String "VSTR_NOTIFY_Q_DEL" listed twice in "Global"
 2:30:09.773 String "VSTR_NOTIFY_COPY_CLIPBOARD" listed twice in "Global"
 2:30:09.773 String "VSTR_NOTIFY_COPY_POS" listed twice in "Global"
 2:30:09.773 String "VSTR_NOTIFY_SERVER_LOCK_OFF" listed twice in "Global"
 2:30:09.773 String "VSTR_NOTIFY_SERVER_LOCK_ON" listed twice in "Global"
 2:30:09.773 String "VSTR_NOTIFY_SERVER_LOCKED" listed twice in "Global"
 2:30:09.773 String "VSTR_NOTIFY_LOGGED_IN_ADMIN" listed twice in "Global"
 2:30:09.773 String "VSTR_NOTIFY_LOGGED_OUT_ADMIN" listed twice in "Global"
 2:30:09.773 String "VSTR_TOOLTIP_PLAYERMANAGER" listed twice in "Global"
 2:30:09.773 String "VSTR_TOOLTIP_ITEMMANAGER" listed twice in "Global"
 2:30:09.773 String "VSTR_TOOLTIP_TELEPORTMANAGER" listed twice in "Global"
 2:30:09.773 String "VSTR_TOOLTIP_COMMANDSMENU" listed twice in "Global"
 2:30:09.773 String "VSTR_TOOLTIP_SERVERMANAGER" listed twice in "Global"
 2:30:09.773 String "VSTR_TOOLTIP_WEATHERMANAGER" listed twice in "Global"
 2:30:09.773 String "VSTR_TOOLTIP_OBJMANAGER" listed twice in "Global"
 2:30:09.773 String "VSTR_TOOLTIP_BANSMANAGER" listed twice in "Global"
 2:30:09.773 String "VSTR_TOOLTIP_PERMSEDITOR" listed twice in "Global"
 2:30:09.773 String "VSTR_TOOLTIP_WEBHOOKS" listed twice in "Global"
 2:30:09.773 String "VSTR_TOOLTIP_XMLEDITOR" listed twice in "Global"
 2:30:09.773 String "VSTR_TOOLTIP_TITLE" listed twice in "Global"
 2:30:09.773 String "VSTR_TOOLTIP_BAN_TIP" listed twice in "Global"
 2:30:09.773 String "VSTR_TOOLTIP_BANS_DETIALS" listed twice in "Global"
 2:30:09.774 String "VSTR_Q_UNBAN" listed twice in "Global"
 2:30:09.774 String "VSTR_UNBAN" listed twice in "Global"
 2:30:09.774 String "VSTR_NOTIFIY_UPDATE_BAN_REASON" listed twice in "Global"
 2:30:09.774 String "VSTR_NOTIFIY_ERR_BAN_NOSELECT" listed twice in "Global"
 2:30:09.774 String "VSTR_NOTIFIY_UPDATE_BAN_TIME" listed twice in "Global"
 2:30:09.774 String "VSTR_TOOLTIP_SPH" listed twice in "Global"
 2:30:09.774 String "VSTR_TOOLTIP_SPG" listed twice in "Global"
 2:30:09.774 String "VSTR_TOOLTIP_SPAWNCAR" listed twice in "Global"
 2:30:09.774 String "VSTR_TOOLTIP_REFUEL" listed twice in "Global"
 2:30:09.774 String "VSTR_TOOLTIP_SPI" listed twice in "Global"
 2:30:09.774 String "VSTR_TOOLTIP_AMMO" listed twice in "Global"
 2:30:09.774 String "VSTR_TOOLTIP_TPP" listed twice in "Global"
 2:30:09.774 String "VSTR_TOOLTIP_TPT" listed twice in "Global"
 2:30:09.774 String "VSTR_TOOLTIP_GOTO" listed twice in "Global"
 2:30:09.774 String "VSTR_TOOLTIP_RETURN" listed twice in "Global"
 2:30:09.774 String "VSTR_TOOLTIP_BRING" listed twice in "Global"
 2:30:09.774 String "VSTR_TOOLTIP_HEAL" listed twice in "Global"
 2:30:09.774 String "VSTR_TOOLTIP_KILL" listed twice in "Global"
 2:30:09.774 String "VSTR_TOOLTIP_STRIP" listed twice in "Global"
 2:30:09.774 String "VSTR_TOOLTIP_CLEAR" listed twice in "Global"
 2:30:09.774 String "VSTR_TOOLTIP_COMMANDCONSOLE_KEYS" listed twice in "Global"
 2:30:09.774 String "VSTR_ESP_FILTER_RESTORE_TITLE" listed twice in "Global"
 2:30:09.774 String "VSTR_ESP_FILTER_RESTORE" listed twice in "Global"
 2:30:09.774 String "VSTR_ESP_CREATE_FILTER" listed twice in "Global"
 2:30:09.774 String "VSTR_ESP_FILTER_INFO" listed twice in "Global"
 2:30:09.774 String "VSTR_ESP_TITLE_DELETE" listed twice in "Global"
 2:30:09.774 String "VSTR_ESP_DEL_CONFIRM" listed twice in "Global"
 2:30:09.774 String "VSTR_ESP_TOOLTIP" listed twice in "Global"
 2:30:09.774 String "VSTR_ESP_Q_REMOVE" listed twice in "Global"
 2:30:09.774 String "VSTR_ESP_Q_REMOVE_2" listed twice in "Global"
 2:30:09.774 String "VSTR_ESP_DEL_CONFIRM_2" listed twice in "Global"
 2:30:09.774 String "VSTR_ESP_DEL_CONFIRM_3" listed twice in "Global"
 2:30:09.774 String "VSTR_NOTIFY_ERR_UNIQUE" listed twice in "Global"
 2:30:09.774 String "VSTR_DISPLAY_PARENT" listed twice in "Global"
 2:30:09.774 String "VSTR_TOOLTIP_ITEMMGR" listed twice in "Global"
 2:30:09.774 String "VSTR_TITLE_SAVEDPRESETS" listed twice in "Global"
 2:30:09.774 String "VSTR_NOTIFY_ERR_NOPRESET" listed twice in "Global"
 2:30:09.774 String "VSTR_NOTIFY_ERR_NOTSELECTPRESET" listed twice in "Global"
 2:30:09.774 String "VSTR_NOTIFY_ERR_SPAWN_PRESET" listed twice in "Global"
 2:30:09.774 String "VSTR_NOTIFY_ERR_SPAWN_PRESET_NOPLAYER" listed twice in "Global"
 2:30:09.774 String "VSTR_ALERT_ENABLE_PHYSICS" listed twice in "Global"
 2:30:09.774 String "VSTR_TOOLTIP_PHYSICS" listed twice in "Global"
 2:30:09.774 String "VSTR_TOOLTIP_EXPORT_SET" listed twice in "Global"
 2:30:09.774 String "VSTR_NOTIFY_ERR_DUPENAME" listed twice in "Global"
 2:30:09.774 String "VSTR_TITLE_WARNING" listed twice in "Global"
 2:30:09.774 String "VSTR_TOOLTIP_SELECT_SET" listed twice in "Global"
 2:30:09.774 String "VSTR_NOTIFY_OBJ_DESELECT" listed twice in "Global"
 2:30:09.774 String "VSTR_NOTIFY_OB_SELECTED" listed twice in "Global"
 2:30:09.774 String "VSTR_NOTIFY_ERR_ATTS_SHOWING" listed twice in "Global"
 2:30:09.774 String "VSTR_NOTIFY_ERR_NOSET_SELECTED" listed twice in "Global"
 2:30:09.774 String "VSTR_NOTIFY_ERR_SET_INACTIVE" listed twice in "Global"
 2:30:09.774 String "VSTR_TOOLTIP_HELP_OBJMANAGER" listed twice in "Global"
 2:30:09.774 String "VSTR_TILE_DEL_USER" listed twice in "Global"
 2:30:09.774 String "VSTR_Q_REMOVE_USER_FROMGROUP" listed twice in "Global"
 2:30:09.774 String "VSTR_Q_REMOVE_USER_FROMGROUP_2" listed twice in "Global"
 2:30:09.774 String "VSTR_TITLE_EDIT_PERMS" listed twice in "Global"
 2:30:09.774 String "VSTR_TOOLTIP_PERMSLEVEL" listed twice in "Global"
 2:30:09.774 String "VSTR_NOTIFY_PERMLVL_UPDATED" listed twice in "Global"
 2:30:09.774 String "VSTR_TOOLTIPE_TITLE_DELGROUP" listed twice in "Global"
 2:30:09.774 String "VSTR_TOOLTIPE_DELGROUP" listed twice in "Global"
 2:30:09.774 String "VSTR_TOOLTIP_TITLE_CREATEGROUP" listed twice in "Global"
 2:30:09.774 String "VSTR_TOOLTIP_CREATEGROUP" listed twice in "Global"
 2:30:09.774 String "VSTR_TOOLTIP_TITLE_UPDATE_PERMSGRP" listed twice in "Global"
 2:30:09.774 String "VSTR_TOOLTIP_UPDATE_PERMSGRP" listed twice in "Global"
 2:30:09.774 String "VSTR_NOTIFY_PERMS_REQUSTADD" listed twice in "Global"
 2:30:09.774 String "VSTR_NOTIFY_ERR_ADD_PLAYERSPERMS" listed twice in "Global"
 2:30:09.774 String "VSTR_NOTIFY_PERMS_UPD_GRP" listed twice in "Global"
 2:30:09.774 String "VSTR_NOTIFY_PERMS_UPD_GRP_2" listed twice in "Global"
 2:30:09.774 String "VSTR_NOTIFY_GRPNAME" listed twice in "Global"
 2:30:09.774 String "VSTR_NOTIFY_ALREADY_EXISTS" listed twice in "Global"
 2:30:09.774 String "VSTR_NOTIFY_USER_GRP_CREATED" listed twice in "Global"
 2:30:09.774 String "VSTR_NOTIFY_SUCCESS_COPY_TOCLIPBOARD" listed twice in "Global"
 2:30:09.774 String "VSTR_TOOLTIP_TITLE_NOTICE" listed twice in "Global"
 2:30:09.774 String "VSTR_TOOLTIP_WRN_ADDPLAYERTOGRP" listed twice in "Global"
 2:30:09.774 String "VSTR_TOOLTIP_TITLE_VOMIT" listed twice in "Global"
 2:30:09.774 String "VSTR_TOOLTIP_VOMIT" listed twice in "Global"
 2:30:09.774 String "VSTR_TOOLTIP_TITLE_KICK" listed twice in "Global"
 2:30:09.774 String "VSTR_TOOLTIP_KICK_REASON" listed twice in "Global"
 2:30:09.774 String "VSTR_TOOLTIP_TITLE_KILL_PLAYERS" listed twice in "Global"
 2:30:09.774 String "VSTR_TOOLTIP_KILL_PLAYERS" listed twice in "Global"
 2:30:09.774 String "VSTR_TOOLTIP_TITLE_SEND_MSG" listed twice in "Global"
 2:30:09.774 String "VSTR_TOOLTIP_SEND_MSG" listed twice in "Global"
 2:30:09.774 String "VSTR_TOOLTIP_TITLE_BAN_PLAYER" listed twice in "Global"
 2:30:09.774 String "VSTR_TOOLTIP_TITLE_RET_PLAYER" listed twice in "Global"
 2:30:09.774 String "VSTR_TOOLTIP_BAN_PLAYER" listed twice in "Global"
 2:30:09.774 String "VSTR_TOOLTIP_RET_PLAYER" listed twice in "Global"
 2:30:09.774 String "VSTR_NOTIFY_APPLY_HEALTH" listed twice in "Global"
 2:30:09.774 String "VSTR_NOTIFY_APPLY_BLOOD" listed twice in "Global"
 2:30:09.774 String "VSTR_NOTIFY_APPLY_SHOCK" listed twice in "Global"
 2:30:09.774 String "VSTR_NOTIFY_APPLY_WATER" listed twice in "Global"
 2:30:09.774 String "VSTR_NOTIFY_APPLY_ENERGY" listed twice in "Global"
 2:30:09.774 String "VSTR_NOTIFY_KICK_MESSAGE_PLAYER" listed twice in "Global"
 2:30:09.774 String "VSTR_NOTIFY_SPECTATE_REQ" listed twice in "Global"
 2:30:09.774 String "VSTR_TOOLTIP_TITLE_RESTARTSERVER" listed twice in "Global"
 2:30:09.774 String "VSTR_TOOLTIP_RESTARTSERVER" listed twice in "Global"
 2:30:09.774 String "VSTR_TOOLTIP_TITLE_LOCKSERVER" listed twice in "Global"
 2:30:09.774 String "VSTR_TOOLTIP_LOCKSERVER" listed twice in "Global"
 2:30:09.774 String "VSTR_TOOLTIP_TITLE_KICKALLPLAYERS" listed twice in "Global"
 2:30:09.774 String "VSTR_TOOLTIP_KICKALLPLAYERS" listed twice in "Global"
 2:30:09.774 String "VSTR_NOTIFY_KICKINGPLAYERS" listed twice in "Global"
 2:30:09.774 String "VSTR_TOOLTIP_TP_MENU_INFO" listed twice in "Global"
 2:30:09.774 String "VSTR_TOOLTIP_TITLE_DEL_PRESET_TP" listed twice in "Global"
 2:30:09.774 String "VSTR_TOOLTIP_DEL_PRESET_TP" listed twice in "Global"
 2:30:09.774 String "VSTR_NOTIFY_ERR_TP_PLAYER" listed twice in "Global"
 2:30:09.774 String "VSTR_NOTIFY_ERR_TP_PLAYERS_NOTSELECT" listed twice in "Global"
 2:30:09.774 String "VSTR_NOTIFY_ERR_INVALIDPOS" listed twice in "Global"
 2:30:09.774 String "VSTR_NOTIFY_ERR_TP_NAME_UNIQUE" listed twice in "Global"
 2:30:09.774 String "VSTR_TOOLTIP_WEATHER_MNU" listed twice in "Global"
 2:30:09.774 String "VSTR_TOOLTIP_WEATHER_PRST" listed twice in "Global"
 2:30:09.774 String "VSTR_TOOLTIP_SELECT_PRST_WEATHER" listed twice in "Global"
 2:30:09.774 String "VSTR_NOTIFY_ERR_WEATHERSETTING" listed twice in "Global"
 2:30:09.774 String "VSTR_NOTIFY_DEL_WEATHER_PRST" listed twice in "Global"
 2:30:09.774 String "VSTR_NOTIFY_INCRR_PRESET" listed twice in "Global"
 2:30:09.775 String "VSTR_NOTIFY_NAME_INUSE" listed twice in "Global"
 2:30:09.775 String "VSTR_NOTIFY_ERR_INVALID_WEATHERDATA" listed twice in "Global"
 2:30:09.775 String "VSTR_NOTIFY_SAVING_WEATHER" listed twice in "Global"
 2:30:09.775 String "VSTR_NOTIFY_ERR_WEATHER_SELECT_PRST" listed twice in "Global"
 2:30:09.775 String "VSTR_NOTIFY_APPLY_WEATHERPREST" listed twice in "Global"
 2:30:09.775 String "VSTR_NOTIFY_SELECT_PRST_WEATHER_DEL" listed twice in "Global"
 2:30:09.775 String "VSTR_NOTIFY_ERR_TIME_PRST" listed twice in "Global"
 2:30:09.775 String "VSTR_NOTIFY_REMOVE_DATE_PRST" listed twice in "Global"
 2:30:09.775 String "VSTR_NOTIFY_ERR_MISSING_DATE" listed twice in "Global"
 2:30:09.775 String "VSTR_NOTIFY_ERR_DUPE_TIME_PRST" listed twice in "Global"
 2:30:09.775 String "VSTR_NOTIFY_SAVE_PRST_DATE" listed twice in "Global"
 2:30:09.775 String "VSTR_NOTIFY_ERR_DATE_MISSING" listed twice in "Global"
 2:30:09.775 String "VSTR_NOTIFY_WTH_APPLYING" listed twice in "Global"
 2:30:09.775 String "VSTR_NOTIFY_SELECT_TIME_PRST" listed twice in "Global"
 2:30:09.775 String "VSTR_NOTIFY_APPLY_TIME_PRST" listed twice in "Global"
 2:30:09.775 String "VSTR_NOTIFY_UPDATED_TIME_PRST" listed twice in "Global"
 2:30:09.775 String "VSTR_TOOLTIP_TITLE_SAVE_CHANGE" listed twice in "Global"
 2:30:09.775 String "VSTR_TOOLTIP_SAVE_CHANGE" listed twice in "Global"
 2:30:09.775 String "VSTR_NOTIFY_WBHOOKS_CONFG" listed twice in "Global"
 2:30:09.775 String "VSTR_NOTIFY_ERR_NOWEBHOOK" listed twice in "Global"
 2:30:09.775 String "VSTR_NOTIFY_ERR_WBHOOK_NAMESHORT" listed twice in "Global"
 2:30:09.775 String "VSTR_NOTIFY_ERR_NAMEINUSE_WEBHOOK" listed twice in "Global"
 2:30:09.775 String "VSTR_NOTIFY_ERR_DEL_WEBHOOK" listed twice in "Global"
 2:30:09.775 String "VSTR_TOOLTIP_TITLE_WBHOOK_DEL" listed twice in "Global"
 2:30:09.775 String "VSTR_TOOLTIP_WBHOOK_DEL" listed twice in "Global"
 2:30:09.775 String "VSTR_TOOLTIP_TITLE_WBHOOK_SELC" listed twice in "Global"
 2:30:09.775 String "VSTR_TOOLTIP_WBHOOK_SELC" listed twice in "Global"
 2:30:09.775 String "VSTR_TOOLTIP_XML_EDITORCHN" listed twice in "Global"
 2:30:09.775 String "VSTR_TOOLTIP_XML_SCAN" listed twice in "Global"
 2:30:09.775 String "VSTR_XML_TITLE_NOMINAL" listed twice in "Global"
 2:30:09.775 String "VSTR_XML_TITLE_LIFETIME" listed twice in "Global"
 2:30:09.775 String "VSTR_XML_TITLE_RESTOCK" listed twice in "Global"
 2:30:09.775 String "VSTR_XML_TITLE_MIN" listed twice in "Global"
 2:30:09.775 String "VSTR_XML_TITLE_QUANTMIN" listed twice in "Global"
 2:30:09.775 String "VSTR_XML_TITLE_QUANTMAX" listed twice in "Global"
 2:30:09.775 String "VSTR_XML_TITLE_COST" listed twice in "Global"
 2:30:09.775 String "VSTR_XML_NOMINAL" listed twice in "Global"
 2:30:09.775 String "VSTR_XML_LIFETIME" listed twice in "Global"
 2:30:09.775 String "VSTR_XML_RESTOCK" listed twice in "Global"
 2:30:09.775 String "VSTR_XML_MIN" listed twice in "Global"
 2:30:09.775 String "VSTR_XML_QUANTMIN" listed twice in "Global"
 2:30:09.775 String "VSTR_XML_QUNATMAX" listed twice in "Global"
 2:30:09.775 String "VSTR_XML_COST" listed twice in "Global"
 2:30:09.775 String "VSTR_NOTIFY_ERR_XML_NOITEM" listed twice in "Global"
 2:30:09.775 String "VSTR_NOTIFY_WAIT_INFO" listed twice in "Global"
 2:30:09.775 String "VSTR_NOTIFY_TOTALSCANNED" listed twice in "Global"
 2:30:09.775 String "VSTR_XML_ERR_NOT_DEF" listed twice in "Global"
 2:30:09.775 String "VSTR_XML_SUCCESS_RETRIVE" listed twice in "Global"
 2:30:09.775 String "VSTR_XML_NOTIFY_ERR" listed twice in "Global"
 2:30:09.775 String "VSTR_XML_ERR_SELECTFIRST" listed twice in "Global"
 2:30:09.775 String "VSTR_YEAR" listed twice in "Global"
 2:30:09.775 String "VSTR_MONTH" listed twice in "Global"
 2:30:09.775 String "VSTR_DAY" listed twice in "Global"
 2:30:09.775 String "VSTR_HOUR" listed twice in "Global"
 2:30:09.775 String "VSTR_MINUTE" listed twice in "Global"
 2:30:09.775 String "VSTR_CANCEL" listed twice in "Global"
 2:30:09.775 String "VSTR_APPLY" listed twice in "Global"
 2:30:09.775 String "VSTR_BAN_PERMA" listed twice in "Global"
 2:30:09.775 String "VSTR_EDIT_DURATION" listed twice in "Global"
 2:30:09.775 String "VSTR_SEARCH" listed twice in "Global"
 2:30:09.775 String "VSTR_BAN_LIST_MANAGER_TITLE" listed twice in "Global"
 2:30:09.775 String "VSTR_REFRESH" listed twice in "Global"
 2:30:09.775 String "VSTR_BAN_LIST" listed twice in "Global"
 2:30:09.775 String "VSTR_DETALIS" listed twice in "Global"
 2:30:09.775 String "VSTR_LBL_NAME" listed twice in "Global"
 2:30:09.775 String "VSTR_LBL_STEAMID" listed twice in "Global"
 2:30:09.775 String "VSTR_LBL_GUID" listed twice in "Global"
 2:30:09.775 String "VSTR_LBL_REASON" listed twice in "Global"
 2:30:09.775 String "VSTR_LBL_EXPERIY_DATE" listed twice in "Global"
 2:30:09.775 String "VSTR_LBL_ISSUED_BY" listed twice in "Global"
 2:30:09.775 String "VSTR_LBL_REMOVE_SEL_PLAYERS" listed twice in "Global"
 2:30:09.775 String "VSTR_LBL_CMD_TITLE" listed twice in "Global"
 2:30:09.775 String "VSTR_LBL_CLEAR_LIST" listed twice in "Global"
 2:30:09.775 String "VSTR_LBL_DELETE_ALL" listed twice in "Global"
 2:30:09.775 String "VSTR_LBL_SELECTED_ITEMS" listed twice in "Global"
 2:30:09.775 String "VSTR_TITLE_ESP_TOOLS" listed twice in "Global"
 2:30:09.775 String "VSTR_LBL_ACTIONS" listed twice in "Global"
 2:30:09.775 String "VSTR_LBL_CLEAR" listed twice in "Global"
 2:30:09.775 String "VSTR_LBL_TOGGLE" listed twice in "Global"
 2:30:09.775 String "VSTR_LBL_SHOW_CLASSNAME" listed twice in "Global"
 2:30:09.775 String "VSTR_LBL_DEL_RADIUS" listed twice in "Global"
 2:30:09.775 String "VSTR_LBL_CLASS_NAME" listed twice in "Global"
 2:30:09.775 String "VSTR_LBL_UPDATE_INTERVAL" listed twice in "Global"
 2:30:09.775 String "VSTR_LBL_SHOW_DETAILED_ESP" listed twice in "Global"
 2:30:09.775 String "VSTR_LBL_FILTERS" listed twice in "Global"
 2:30:09.775 String "VSTR_LBL_DEFAULTS" listed twice in "Global"
 2:30:09.775 String "VSTR_LBL_DISTANCE" listed twice in "Global"
 2:30:09.775 String "VSTR_ITEM_MANAGER_TITLE" listed twice in "Global"
 2:30:09.775 String "VSTR_LBL_ITEM_SETS" listed twice in "Global"
 2:30:09.775 String "VSTR_LBL_RELOAD" listed twice in "Global"
 2:30:09.775 String "VSTR_LBL_ITEMS" listed twice in "Global"
 2:30:09.775 String "VSTR_LBL_ITEMS_LIST" listed twice in "Global"
 2:30:09.775 String "VSTR_LBL_ITEM_PREVIEW" listed twice in "Global"
 2:30:09.775 String "VSTR_ENABLE_PREVIEW" listed twice in "Global"
 2:30:09.775 String "VSTR_ENABLE_NO_CLIP" listed twice in "Global"
 2:30:09.775 String "VSTR_SPAWN_OPTIONS" listed twice in "Global"
 2:30:09.775 String "VSTR_LBL_QUANTITY" listed twice in "Global"
 2:30:09.775 String "VSTR_LBL_CONDITION" listed twice in "Global"
 2:30:09.775 String "VSTR_LBL_SPAWN_IN" listed twice in "Global"
 2:30:09.775 String "VSTR_LBL_OTHER" listed twice in "Global"
 2:30:09.775 String "VSTR_LBL_PRISTINE" listed twice in "Global"
 2:30:09.775 String "VSTR_LBL_WORN" listed twice in "Global"
 2:30:09.775 String "VSTR_LBL_DAMAGED" listed twice in "Global"
 2:30:09.775 String "VSTR_LBL_BADLY_DAMAGED" listed twice in "Global"
 2:30:09.775 String "VSTR_LBL_RUIEND" listed twice in "Global"
 2:30:09.775 String "VSTR_LBL_IN_INENTORY" listed twice in "Global"
 2:30:09.775 String "VSTR_LBL_ON_GROUND" listed twice in "Global"
 2:30:09.775 String "VSTR_LBL_AT_CROSSHAIRS" listed twice in "Global"
 2:30:09.775 String "VSTR_LBL_ON_SELECTED_PLAYERS" listed twice in "Global"
 2:30:09.775 String "VSTR_LBL_SAVED_ITEM_SETS" listed twice in "Global"
 2:30:09.775 String "VSTR_LBL_PRESET_ACTIONS" listed twice in "Global"
 2:30:09.775 String "VSTR_LBL_SPAWN_PRESET" listed twice in "Global"
 2:30:09.775 String "VSTR_LBL_CREATE_PRESET" listed twice in "Global"
 2:30:09.775 String "VSTR_LBL_DELETE_PRESET" listed twice in "Global"
 2:30:09.775 String "VSTR_LBL_SAVE_CHANGES" listed twice in "Global"
 2:30:09.775 String "VSTR_LBL_NEW_PRESET_ATTS_ITEMMANAGER" listed twice in "Global"
 2:30:09.775 String "VSTR_LBL_PRESET_NAME" listed twice in "Global"
 2:30:09.775 String "VSTR_LBL_SAVE" listed twice in "Global"
 2:30:09.775 String "VSTR_LBL_SELECT" listed twice in "Global"
 2:30:09.775 String "VSTR_LBL_TYPE" listed twice in "Global"
 2:30:09.775 String "VSTR_LBL_YAW" listed twice in "Global"
 2:30:09.775 String "VSTR_LBL_PITCH" listed twice in "Global"
 2:30:09.775 String "VSTR_LBL_ROLL" listed twice in "Global"
 2:30:09.775 String "VSTR_LBL_BUILDING_SET_ATTS" listed twice in "Global"
 2:30:09.775 String "VSTR_LBL_BUILDING_SET_NAME" listed twice in "Global"
 2:30:09.775 String "VSTR_LBL_BLD_SET_ACTIVE" listed twice in "Global"
 2:30:09.775 String "VSTR_LBL_EXPORT_RAW" listed twice in "Global"
 2:30:09.775 String "VSTR_LBL_OK" listed twice in "Global"
 2:30:09.775 String "VSTR_BUILDING_ATTS" listed twice in "Global"
 2:30:09.775 String "VSTR_LBL_BLD_SET_ACTIVE_S" listed twice in "Global"
 2:30:09.775 String "VSTR_BUILDING_MANAGER_TITLE" listed twice in "Global"
 2:30:09.775 String "VSTR_LBL_NEW_OBJ_ATT" listed twice in "Global"
 2:30:09.775 String "VSTR_LBL_SEARCH_KEYWORD" listed twice in "Global"
 2:30:09.775 String "VSTR_LBL_HELP" listed twice in "Global"
 2:30:09.775 String "VSTR_LBL_OPTIONS" listed twice in "Global"
 2:30:09.775 String "VSTR_LBL_FREE_CAM" listed twice in "Global"
 2:30:09.775 String "VSTR_LBL_TOP_DOWN_VIEW" listed twice in "Global"
 2:30:09.775 String "VSTR_LBL_FOV" listed twice in "Global"
 2:30:09.775 String "VSTR_LBL_SNAP_ON_MOVE" listed twice in "Global"
 2:30:09.775 String "VSTR_ENABLE_OBJ_SNAP" listed twice in "Global"
 2:30:09.775 String "VSTR_LBL_BUILDING_SETS" listed twice in "Global"
 2:30:09.775 String "VSTR_LBL_CREATE_NEW_BUILD_SET" listed twice in "Global"
 2:30:09.775 String "VSTR_LBL_SAVE_EDITS" listed twice in "Global"
 2:30:09.775 String "VSTR_PERMISSIONS_MANAGER_TITLE" listed twice in "Global"
 2:30:09.775 String "VSTR_LBL_AVA_PERMS" listed twice in "Global"
 2:30:09.775 String "VSTR_LBL_USER_GROUPS" listed twice in "Global"
 2:30:09.775 String "VSTR_LBL_ADD_MEMEBER" listed twice in "Global"
 2:30:09.775 String "VSTR_LBL_UPDATE_PERMISSIONS" listed twice in "Global"
 2:30:09.775 String "VSTR_LBL_CREATE_GROUP" listed twice in "Global"
 2:30:09.775 String "VSTR_LBL_DELETE_GROUP" listed twice in "Global"
 2:30:09.775 String "VSTR_LBL_UPDATE_GROUP_ATTS" listed twice in "Global"
 2:30:09.775 String "VSTR_LBL_GROUP_NAME_FORCE" listed twice in "Global"
 2:30:09.775 String "VSTR_LBL_GROUP_NAME" listed twice in "Global"
 2:30:09.775 String "VSTR_LBL_GROUP_TOTAL_MEMBERS" listed twice in "Global"
 2:30:09.775 String "VSTR_LBL_GROUP_PERMS_LVL" listed twice in "Global"
 2:30:09.775 String "VSTR_PLAYER_MANAGER_TITLE" listed twice in "Global"
 2:30:09.776 String "VSTR_LBL_PLAYERS_LIST" listed twice in "Global"
 2:30:09.776 String "VSTR_LBL_PLAYERS_DETAILS" listed twice in "Global"
 2:30:09.776 String "VSTR_LBL_MODIFIERS" listed twice in "Global"
 2:30:09.776 String "VSTR_LBL_HEAL_PLAYERS" listed twice in "Global"
 2:30:09.776 String "VSTR_LBL_KILL_PLAYERS" listed twice in "Global"
 2:30:09.776 String "VSTR_LBL_TP_TO_ME" listed twice in "Global"
 2:30:09.776 String "VSTR_LBL_SEND_MESSAGE" listed twice in "Global"
 2:30:09.776 String "VSTR_LBL_TP_ME_TO" listed twice in "Global"
 2:30:09.776 String "VSTR_LBL_KICK_PLAYERS" listed twice in "Global"
 2:30:09.776 String "VSTR_LBL_BAN_PLAYERS" listed twice in "Global"
 2:30:09.776 String "VSTR_LBL_SPECTATE_PLAYER" listed twice in "Global"
 2:30:09.776 String "VSTR_LBL_MAKE_VOMIT" listed twice in "Global"
 2:30:09.776 String "VSTR_LBL_GODMODE" listed twice in "Global"
 2:30:09.776 String "VSTR_LBL_UNLIM_AMMO" listed twice in "Global"
 2:30:09.776 String "VSTR_LBL_SET_INVIS" listed twice in "Global"
 2:30:09.776 String "VSTR_LBL_FREEZE_PLAYER" listed twice in "Global"
 2:30:09.776 String "VSTR_LBL_USER_GROUP" listed twice in "Global"
 2:30:09.776 String "VSTR_LBL_COPY_INFO" listed twice in "Global"
 2:30:09.776 String "VSTR_SERVER_MANAGER_TITLE" listed twice in "Global"
 2:30:09.776 String "VSTR_LBL_ACTIVVITY_MAP" listed twice in "Global"
 2:30:09.776 String "VSTR_LBL_SCRIPT_LOADER" listed twice in "Global"
 2:30:09.776 String "VSTR_LBL_REFRESH_LIST" listed twice in "Global"
 2:30:09.776 String "VSTR_LBL_WRITE" listed twice in "Global"
 2:30:09.776 String "VSTR_LBL_VIEW" listed twice in "Global"
 2:30:09.776 String "VSTR_LBL_LOAD" listed twice in "Global"
 2:30:09.776 String "VSTR_LBL_RELEASE" listed twice in "Global"
 2:30:09.776 String "VSTR_LBL_ADMIN_LOGIN" listed twice in "Global"
 2:30:09.776 String "VSTR_LBL_PASSWORD" listed twice in "Global"
 2:30:09.776 String "VSTR_LBL_SERVER_MONITOR" listed twice in "Global"
 2:30:09.776 String "VSTR_LBL_SERVER_FPS" listed twice in "Global"
 2:30:09.776 String "VSTR_LBL_ONLINE_PLAYERS" listed twice in "Global"
 2:30:09.776 String "VSTR_LBL_SERVER_UPTIME" listed twice in "Global"
 2:30:09.776 String "VSTR_LBL_MEM_USED" listed twice in "Global"
 2:30:09.776 String "VSTR_LBL_NETWORK_TRAFFIC" listed twice in "Global"
 2:30:09.776 String "VSTR_LBL_NETWORK_TRAFFIC2" listed twice in "Global"
 2:30:09.776 String "VSTR_LBL_ACTIVE_AI" listed twice in "Global"
 2:30:09.776 String "VSTR_LBL_REFRESH_ACTIVITY" listed twice in "Global"
 2:30:09.776 String "VSTR_LBL_AUTO_UPDATE_ACTIVITY" listed twice in "Global"
 2:30:09.776 String "VSTR_LBL_RESTART_SERVER" listed twice in "Global"
 2:30:09.776 String "VSTR_LBL_LOCKSERVER" listed twice in "Global"
 2:30:09.776 String "VSTR_LBL_KILL_ALL_PLAYERS" listed twice in "Global"
 2:30:09.776 String "VSTR_LBL_RETURN_PLAYERS" listed twice in "Global"
 2:30:09.776 String "VSTR_TELEPORT_MANAGER_TITLE" listed twice in "Global"
 2:30:09.776 String "VSTR_LBL_SAVED_POSITIONS" listed twice in "Global"
 2:30:09.776 String "VSTR_LBL_ADD_NEW_POS" listed twice in "Global"
 2:30:09.776 String "VSTR_LBL_EDIT_SEL_POS" listed twice in "Global"
 2:30:09.776 String "VSTR_LBL_DEL_SEL_POS" listed twice in "Global"
 2:30:09.776 String "VSTR_LBL_TP_TO_SEL_PLAYERS" listed twice in "Global"
 2:30:09.776 String "VSTR_LBL_TP_TO_POS" listed twice in "Global"
 2:30:09.776 String "VSTR_LBL_NEW_TP_POS_ATTS" listed twice in "Global"
 2:30:09.776 String "VSTR_LBL_POS" listed twice in "Global"
 2:30:09.776 String "VSTR_WEATHER_MANAGER" listed twice in "Global"
 2:30:09.776 String "VSTR_LBL_PRESETS" listed twice in "Global"
 2:30:09.776 String "VSTR_LBL_INFORMATION" listed twice in "Global"
 2:30:09.776 String "VSTR_LBL_TIME" listed twice in "Global"
 2:30:09.776 String "VSTR_LBL_DATE" listed twice in "Global"
 2:30:09.776 String "VSTR_LBL_RAIN" listed twice in "Global"
 2:30:09.776 String "VSTR_LBL_OVERCAST" listed twice in "Global"
 2:30:09.776 String "VSTR_LBL_FOG" listed twice in "Global"
 2:30:09.776 String "VSTR_LBL_WIND_FORCE" listed twice in "Global"
 2:30:09.776 String "VSTR_LBL_WORLD_TIME" listed twice in "Global"
 2:30:09.776 String "VSTR_LBL_HOUR" listed twice in "Global"
 2:30:09.776 String "VSTR_LBL_MINUTE" listed twice in "Global"
 2:30:09.776 String "VSTR_LBL_DAY" listed twice in "Global"
 2:30:09.776 String "VSTR_LBL_MONTH" listed twice in "Global"
 2:30:09.776 String "VSTR_LBL_YEAR" listed twice in "Global"
 2:30:09.776 String "VSTR_LBL_APPLY_PRESET" listed twice in "Global"
 2:30:09.776 String "VSTR_LBL_USE_CURRENT_TIME" listed twice in "Global"
 2:30:09.776 String "VSTR_LBL_DELETE_W_PRESET" listed twice in "Global"
 2:30:09.776 String "VSTR_LBL_ENTER_NAME" listed twice in "Global"
 2:30:09.776 String "VSTR_LBL_WEATHER_CONFG" listed twice in "Global"
 2:30:09.776 String "VSTR_LBL_RATE_OF_CHANGE" listed twice in "Global"
 2:30:09.776 String "VSTR_LBL_DURATION" listed twice in "Global"
 2:30:09.776 String "VSTR_WEB_HOOKS_MANAGER_TITLE" listed twice in "Global"
 2:30:09.776 String "VSTR_LBL_WEBHOOKS" listed twice in "Global"
 2:30:09.776 String "VSTR_LBL_WEBHOOKS_ATTS" listed twice in "Global"
 2:30:09.776 String "VSTR_LBL_SEND_DEATH_LOGS" listed twice in "Global"
 2:30:09.776 String "VSTR_LBL_SIMPLIFIED_LOGS" listed twice in "Global"
 2:30:09.776 String "VSTR_LBL_SEND_ADMIN_LOGS" listed twice in "Global"
 2:30:09.776 String "VSTR_LBL_SEND_HIT_LOGS" listed twice in "Global"
 2:30:09.776 String "VSTR_LBL_SEND_PLAYER_LEAVE_JOIN_LOGS" listed twice in "Global"
 2:30:09.776 String "VSTR_LBL_URL" listed twice in "Global"
 2:30:09.776 String "VSTR_LBL_WEBHOOKS_TIP" listed twice in "Global"
 2:30:09.776 String "VSTR_LBL_CREATE_NEW_PRESET" listed twice in "Global"
 2:30:09.776 String "VSTR_LBL_PLEASE_WAIT" listed twice in "Global"
 2:30:09.776 String "VSTR_LBL_APPLY_CHANGES" listed twice in "Global"
 2:30:09.776 String "VSTR_LBL_LOAD_SELECTED" listed twice in "Global"
 2:30:09.776 String "VSTR_LBL_GET_ITEM_STATS" listed twice in "Global"
 2:30:09.776 String "VSTR_XML_EDITOR_TITLE" listed twice in "Global"
 2:30:09.776 String "VSTR_XML_MENU_TOOLTIP" listed twice in "Global"
 2:30:09.780 String "vpp_focus_on_game" listed twice in "Global"
 2:30:09.780 String "vpp_settings_collapseesp" listed twice in "Global"
 2:30:09.780 String "vpp_settings_toggleplayerdetail" listed twice in "Global"
 2:30:09.780 String "vpp_settings_openadmintools" listed twice in "Global"
 2:30:09.780 String "vpp_settings_toggleadmintools" listed twice in "Global"
 2:30:09.780 String "vpp_settings_teleporttocrosshair" listed twice in "Global"
 2:30:09.780 String "vpp_settings_deleteobjectatcrosshair" listed twice in "Global"
 2:30:09.780 String "vpp_settings_togglegodmode" listed twice in "Global"
 2:30:09.780 String "vpp_settings_copyposition" listed twice in "Global"
 2:30:09.780 String "vpp_settings_repairvehicle" listed twice in "Global"
 2:30:09.781 String "vpp_settings_togglefreecam" listed twice in "Global"
 2:30:09.781 String "vpp_settings_exitspectate" listed twice in "Global"
 2:30:09.781 String "vpp_settings_selectobject" listed twice in "Global"
 2:30:09.781 String "vpp_settings_deselectobject" listed twice in "Global"
 2:30:09.781 String "vpp_settings_incrementaxis" listed twice in "Global"
 2:30:09.781 String "vpp_settings_decrementaxis" listed twice in "Global"
 2:30:09.781 String "vpp_settings_healtarget" listed twice in "Global"
 2:30:09.781 String "vpp_settings_surprise" listed twice in "Global"
 2:30:09.781 String "vpp_settings_cmdconsole" listed twice in "Global"
 2:30:09.781 String "vpp_settings_skeletons" listed twice in "Global"
 2:30:09.781 String "vpp_settings_invisibility" listed twice in "Global"
 2:30:09.781 String "vpp_settings_camforward" listed twice in "Global"
 2:30:09.781 String "vpp_settings_cambackward" listed twice in "Global"
 2:30:09.781 String "vpp_settings_camright" listed twice in "Global"
 2:30:09.781 String "vpp_settings_camleft" listed twice in "Global"
 2:30:09.781 String "vpp_settings_camup" listed twice in "Global"
 2:30:09.781 String "vpp_settings_camdown" listed twice in "Global"
 2:30:09.781 String "vpp_settings_camturbo" listed twice in "Global"
 2:30:09.781 String "vpp_settings_rotateleft" listed twice in "Global"
 2:30:09.781 String "vpp_settings_rotateright" listed twice in "Global"
 2:30:09.781 String "vpp_settings_camshiftleft" listed twice in "Global"
 2:30:09.781 String "vpp_settings_camshiftright" listed twice in "Global"
 2:30:09.781 String "vpp_settings_camshiftup" listed twice in "Global"
 2:30:09.781 String "vpp_settings_camshiftdown" listed twice in "Global"
 2:30:09.781 String "vpp_settings_camspeedadd" listed twice in "Global"
 2:30:09.781 String "vpp_settings_camspeeddeduct" listed twice in "Global"
 2:30:09.781 String "vpp_settings_camfov" listed twice in "Global"
 2:30:09.781 String "vpp_settings_toggleesp" listed twice in "Global"
 2:30:09.781 String "vpp_menu_vpp" listed twice in "Global"
 2:30:09.781 String "vpp_bind_unfocus" listed twice in "Global"
 2:30:11.363 Updating base class All->AllVehicles, by DZ\data\config.bin/CfgVehicles/Man/
 2:30:11.415 Updating base class Name->NameIcon, by DZ\gear\navigation\config.bin/CfgLocationTypes/Hill/
 2:30:11.415 Updating base class Hill->NameIcon, by DZ\gear\navigation\config.bin/CfgLocationTypes/ViewPoint/
 2:30:11.415 Updating base class Hill->NameIcon, by DZ\gear\navigation\config.bin/CfgLocationTypes/RockArea/
 2:30:11.415 Updating base class Hill->NameIcon, by DZ\gear\navigation\config.bin/CfgLocationTypes/BorderCrossing/
 2:30:11.415 Updating base class Hill->NameIcon, by DZ\gear\navigation\config.bin/CfgLocationTypes/VegetationBroadleaf/
 2:30:11.415 Updating base class Hill->NameIcon, by DZ\gear\navigation\config.bin/CfgLocationTypes/VegetationFir/
 2:30:11.415 Updating base class Hill->NameIcon, by DZ\gear\navigation\config.bin/CfgLocationTypes/VegetationPalm/
 2:30:11.415 Updating base class Hill->NameIcon, by DZ\gear\navigation\config.bin/CfgLocationTypes/VegetationVineyard/
 2:30:11.607 Updating base class ->Rifle_Base, by DZ\weapons\firearms\m4\config.bin/cfgWeapons/M4A1_Base/
 2:30:11.607 Updating base class ->M4A1_Base, by DZ\weapons\firearms\m4\config.bin/cfgWeapons/M4A1/
 2:30:11.614 Updating base class Weather->, by DZ\worlds\chernarusplus\world\config.bin/CfgWorlds/CAWorld/Weather/
 2:30:11.614 Updating base class Overcast->, by DZ\worlds\chernarusplus\world\config.bin/CfgWorlds/CAWorld/Weather/Overcast/
 2:30:11.638 Updating base class MapDefaults->, by VPPAdminTools\assets\config.bin/RscMapControl/
 2:30:12.793 Updating base class ->Bullet_Base, by DZ\weapons\melee\config.bin/CfgAmmo/MeleeDamage/
 2:30:13.392 ENGINE       : Enfusion engine version 0.1
 2:30:13.400 ENGINE       : FileSystem: Adding relative directory 'G:\SteamLibrary\steamapps\common\DayZServer' to RV filesystem under name CurrentDir
 2:30:13.400 ENGINE       : Loading config '$CurrentDir:DayZSetting.xml'
 2:30:13.411 ENGINE       : FileSystem: Adding package 'G:\SteamLibrary\steamapps\common\DayZServer\addons\structures_proxy_parts.pbo' to RV filesystem
 2:30:13.412 ENGINE       : FileSystem: Adding package 'G:\SteamLibrary\steamapps\common\DayZServer\addons\weapon_underslung.pbo' to RV filesystem
 2:30:13.412 ENGINE       : FileSystem: Adding package 'G:\SteamLibrary\steamapps\common\DayZServer\addons\structures_underground_bliss.pbo' to RV filesystem
 2:30:13.413 ENGINE       : FileSystem: Adding package 'G:\SteamLibrary\steamapps\common\DayZServer\addons\weapon_magazines.pbo' to RV filesystem
 2:30:13.413 ENGINE       : FileSystem: Adding package 'G:\SteamLibrary\steamapps\common\DayZServer\addons\worlds_chernarusplus_nav.pbo' to RV filesystem
 2:30:13.413 ENGINE       : FileSystem: Adding package 'G:\SteamLibrary\steamapps\common\DayZServer\addons\structures_residential_bliss.pbo' to RV filesystem
 2:30:13.413 ENGINE       : FileSystem: Adding package 'G:\SteamLibrary\steamapps\common\DayZServer\addons\structures_industrial_bliss.pbo' to RV filesystem
 2:30:13.414 ENGINE       : FileSystem: Adding package 'G:\SteamLibrary\steamapps\common\DayZServer\addons\weapon_supports.pbo' to RV filesystem
 2:30:13.414 ENGINE       : FileSystem: Adding package 'G:\SteamLibrary\steamapps\common\DayZServer\addons\worlds_chernarusplus.pbo' to RV filesystem
 2:30:13.415 ENGINE       : FileSystem: Adding package 'G:\SteamLibrary\steamapps\common\DayZServer\addons\weapon_muzzles.pbo' to RV filesystem
 2:30:13.416 ENGINE       : FileSystem: Adding package 'G:\SteamLibrary\steamapps\common\DayZServer\addons\weapon_optics.pbo' to RV filesystem
 2:30:13.416 ENGINE       : FileSystem: Adding package 'G:\SteamLibrary\steamapps\common\DayZServer\addons\structures_military_bliss.pbo' to RV filesystem
 2:30:13.416 ENGINE       : FileSystem: Adding package 'G:\SteamLibrary\steamapps\common\DayZServer\addons\weapon_lights.pbo' to RV filesystem
 2:30:13.416 ENGINE       : FileSystem: Adding package 'G:\SteamLibrary\steamapps\common\DayZServer\addons\worlds_chernarusplus_data.pbo' to RV filesystem
 2:30:13.417 ENGINE       : FileSystem: Adding package 'G:\SteamLibrary\steamapps\common\DayZServer\addons\structures_specific_bliss.pbo' to RV filesystem
 2:30:13.417 ENGINE       : FileSystem: Adding package 'G:\SteamLibrary\steamapps\common\DayZServer\addons\weapon_attachments_textures.pbo' to RV filesystem
 2:30:13.418 ENGINE       : FileSystem: Adding package 'G:\SteamLibrary\steamapps\common\DayZServer\addons\structures_wrecks_bliss.pbo' to RV filesystem
 2:30:13.418 ENGINE       : FileSystem: Adding package 'G:\SteamLibrary\steamapps\common\DayZServer\addons\worlds_chernarusplus_ce.pbo' to RV filesystem
 2:30:13.419 ENGINE       : FileSystem: Adding package 'G:\SteamLibrary\steamapps\common\DayZServer\addons\structures_signs_bliss.pbo' to RV filesystem
 2:30:13.419 ENGINE       : FileSystem: Adding package 'G:\SteamLibrary\steamapps\common\DayZServer\addons\structures_walls_bliss.pbo' to RV filesystem
 2:30:13.419 ENGINE       : FileSystem: Adding package 'G:\SteamLibrary\steamapps\common\DayZServer\addons\structures_residential.pbo' to RV filesystem
 2:30:13.420 ENGINE       : FileSystem: Adding package 'G:\SteamLibrary\steamapps\common\DayZServer\addons\structures_roads_bliss.pbo' to RV filesystem
 2:30:13.420 ENGINE       : FileSystem: Adding package 'G:\SteamLibrary\steamapps\common\DayZServer\addons\structures_ruins_bliss.pbo' to RV filesystem
 2:30:13.420 ENGINE       : FileSystem: Adding package 'G:\SteamLibrary\steamapps\common\DayZServer\addons\structures_industrial.pbo' to RV filesystem
 2:30:13.420 ENGINE       : FileSystem: Adding package 'G:\SteamLibrary\steamapps\common\DayZServer\addons\structures_data_bliss.pbo' to RV filesystem
 2:30:13.421 ENGINE       : FileSystem: Adding package 'G:\SteamLibrary\steamapps\common\DayZServer\sakhal\addons\worlds_sakhal_nav.pbo' to RV filesystem
 2:30:13.421 ENGINE       : FileSystem: Adding package 'G:\SteamLibrary\steamapps\common\DayZServer\addons\structures_rail_bliss.pbo' to RV filesystem
 2:30:13.422 ENGINE       : FileSystem: Adding package 'G:\SteamLibrary\steamapps\common\DayZServer\addons\structures_furniture.pbo' to RV filesystem
 2:30:13.422 ENGINE       : FileSystem: Adding package 'G:\SteamLibrary\steamapps\common\DayZServer\addons\worlds_enoch_nav.pbo' to RV filesystem
 2:30:13.423 ENGINE       : FileSystem: Adding package 'G:\SteamLibrary\steamapps\common\DayZServer\addons\characters_backpacks.pbo' to RV filesystem
 2:30:13.423 ENGINE       : FileSystem: Adding package 'G:\SteamLibrary\steamapps\common\DayZServer\addons\structures_military.pbo' to RV filesystem
 2:30:13.423 ENGINE       : FileSystem: Adding package 'G:\SteamLibrary\steamapps\common\DayZServer\addons\structures_specific.pbo' to RV filesystem
 2:30:13.423 ENGINE       : FileSystem: Adding package 'G:\SteamLibrary\steamapps\common\DayZServer\sakhal\addons\worlds_sakhal.ebo' to RV filesystem
 2:30:13.424 ENGINE       : FileSystem: Adding package 'G:\SteamLibrary\steamapps\common\DayZServer\addons\weapons_projectiles.pbo' to RV filesystem
 2:30:13.424 ENGINE       : FileSystem: Adding package 'G:\SteamLibrary\steamapps\common\DayZServer\addons\characters_headgear.pbo' to RV filesystem
 2:30:13.424 ENGINE       : FileSystem: Adding package 'G:\SteamLibrary\steamapps\common\DayZServer\sakhal\addons\worlds_sakhal_data.pbo' to RV filesystem
 2:30:13.425 ENGINE       : FileSystem: Adding package 'G:\SteamLibrary\steamapps\common\DayZServer\addons\characters_proxies.pbo' to RV filesystem
 2:30:13.425 ENGINE       : FileSystem: Adding package 'G:\SteamLibrary\steamapps\common\DayZServer\addons\weapons_explosives.pbo' to RV filesystem
 2:30:13.426 ENGINE       : FileSystem: Adding package 'G:\SteamLibrary\steamapps\common\DayZServer\addons\weapons_animations.pbo' to RV filesystem
 2:30:13.426 ENGINE       : FileSystem: Adding package 'G:\SteamLibrary\steamapps\common\DayZServer\addons\characters_zombies.pbo' to RV filesystem
 2:30:13.426 ENGINE       : FileSystem: Adding package 'G:\SteamLibrary\steamapps\common\DayZServer\addons\sounds_environment.pbo' to RV filesystem
 2:30:13.426 ENGINE       : FileSystem: Adding package 'G:\SteamLibrary\steamapps\common\DayZServer\addons\anims_anm_infected.pbo' to RV filesystem
 2:30:13.426 ENGINE       : FileSystem: Adding package 'G:\SteamLibrary\steamapps\common\DayZServer\addons\characters_glasses.pbo' to RV filesystem
 2:30:13.426 ENGINE       : FileSystem: Adding package 'G:\SteamLibrary\steamapps\common\DayZServer\addons\worlds_enoch.pbo' to RV filesystem
 2:30:13.427 ENGINE       : FileSystem: Adding package 'G:\SteamLibrary\steamapps\common\DayZServer\addons\weapons_ammunition.pbo' to RV filesystem
 2:30:13.427 ENGINE       : FileSystem: Adding package 'G:\SteamLibrary\steamapps\common\DayZServer\@Dabs Framework\addons\Scripts.pbo' to RV filesystem
 2:30:13.428 ENGINE       : FileSystem: Adding package 'G:\SteamLibrary\steamapps\common\DayZServer\addons\weapons_nonlethal.pbo' to RV filesystem
 2:30:13.428 ENGINE       : FileSystem: Adding package 'G:\SteamLibrary\steamapps\common\DayZServer\addons\characters_bodies.pbo' to RV filesystem
 2:30:13.429 ENGINE       : FileSystem: Adding package 'G:\SteamLibrary\steamapps\common\DayZServer\addons\sounds_characters.pbo' to RV filesystem
 2:30:13.429 ENGINE       : FileSystem: Adding package 'G:\SteamLibrary\steamapps\common\DayZServer\addons\structures_wrecks.pbo' to RV filesystem
 2:30:13.430 ENGINE       : FileSystem: Adding package 'G:\SteamLibrary\steamapps\common\DayZServer\addons\characters_gloves.pbo' to RV filesystem
 2:30:13.430 ENGINE       : FileSystem: Adding package 'G:\SteamLibrary\steamapps\common\DayZServer\@VPPAdminTools\addons\assets.pbo' to RV filesystem
 2:30:13.430 ENGINE       : FileSystem: Adding package 'G:\SteamLibrary\steamapps\common\DayZServer\addons\weapons_launchers.pbo' to RV filesystem
 2:30:13.430 ENGINE       : FileSystem: Adding package 'G:\SteamLibrary\steamapps\common\DayZServer\sakhal\addons\structures_sakhal.pbo' to RV filesystem
 2:30:13.431 ENGINE       : FileSystem: Adding package 'G:\SteamLibrary\steamapps\common\DayZServer\addons\worlds_enoch_data.pbo' to RV filesystem
 2:30:13.431 ENGINE       : FileSystem: Adding package 'G:\SteamLibrary\steamapps\common\DayZServer\sakhal\addons\worlds_sakhal_ce.pbo' to RV filesystem
 2:30:13.432 ENGINE       : FileSystem: Adding package 'G:\SteamLibrary\steamapps\common\DayZServer\addons\characters_shoes.pbo' to RV filesystem
 2:30:13.432 ENGINE       : FileSystem: Adding package 'G:\SteamLibrary\steamapps\common\DayZServer\addons\structures_ruins.pbo' to RV filesystem
 2:30:13.433 ENGINE       : FileSystem: Adding package 'G:\SteamLibrary\steamapps\common\DayZServer\addons\characters_vests.pbo' to RV filesystem
 2:30:13.433 ENGINE       : FileSystem: Adding package 'G:\SteamLibrary\steamapps\common\DayZServer\addons\characters_masks.pbo' to RV filesystem
 2:30:13.433 ENGINE       : FileSystem: Adding package 'G:\SteamLibrary\steamapps\common\DayZServer\addons\characters_heads.pbo' to RV filesystem
 2:30:13.433 ENGINE       : FileSystem: Adding package 'G:\SteamLibrary\steamapps\common\DayZServer\addons\weapons_firearms.pbo' to RV filesystem
 2:30:13.433 ENGINE       : FileSystem: Adding package 'G:\SteamLibrary\steamapps\common\DayZServer\addons\structures_signs.pbo' to RV filesystem
 2:30:13.434 ENGINE       : FileSystem: Adding package 'G:\SteamLibrary\steamapps\common\DayZServer\addons\weapons_shotguns.pbo' to RV filesystem
 2:30:13.434 ENGINE       : FileSystem: Adding package 'G:\SteamLibrary\steamapps\common\DayZServer\addons\gear_consumables.pbo' to RV filesystem
 2:30:13.435 ENGINE       : FileSystem: Adding package 'G:\SteamLibrary\steamapps\common\DayZServer\@Namalsk Island\addons\namalsk_terrain.pbo' to RV filesystem
 2:30:13.435 ENGINE       : FileSystem: Adding package 'G:\SteamLibrary\steamapps\common\DayZServer\@Namalsk Island\addons\namalsk_scripts.pbo' to RV filesystem
 2:30:13.436 ENGINE       : FileSystem: Adding package 'G:\SteamLibrary\steamapps\common\DayZServer\@Namalsk Island\addons\namalsk_navmesh.pbo' to RV filesystem
 2:30:13.436 ENGINE       : FileSystem: Adding package 'G:\SteamLibrary\steamapps\common\DayZServer\addons\gear_cultivation.pbo' to RV filesystem
 2:30:13.437 ENGINE       : FileSystem: Adding package 'G:\SteamLibrary\steamapps\common\DayZServer\addons\structures_walls.pbo' to RV filesystem
 2:30:13.437 ENGINE       : FileSystem: Adding package 'G:\SteamLibrary\steamapps\common\DayZServer\addons\structures_roads.pbo' to RV filesystem
 2:30:13.437 ENGINE       : FileSystem: Adding package 'G:\SteamLibrary\steamapps\common\DayZServer\addons\anims_anm_player.pbo' to RV filesystem
 2:30:13.437 ENGINE       : FileSystem: Adding package 'G:\SteamLibrary\steamapps\common\DayZServer\addons\anims_workspaces.pbo' to RV filesystem
 2:30:13.438 ENGINE       : FileSystem: Adding package 'G:\SteamLibrary\steamapps\common\DayZServer\addons\vehicles_wheeled.pbo' to RV filesystem
 2:30:13.438 ENGINE       : FileSystem: Adding package 'G:\SteamLibrary\steamapps\common\DayZServer\addons\characters_pants.pbo' to RV filesystem
 2:30:13.438 ENGINE       : FileSystem: Adding package 'G:\SteamLibrary\steamapps\common\DayZServer\addons\characters_belts.pbo' to RV filesystem
 2:30:13.438 ENGINE       : FileSystem: Adding package 'G:\SteamLibrary\steamapps\common\DayZServer\addons\weapons_archery.pbo' to RV filesystem
 2:30:13.438 ENGINE       : FileSystem: Adding package 'G:\SteamLibrary\steamapps\common\DayZServer\addons\worlds_enoch_ce.pbo' to RV filesystem
 2:30:13.440 ENGINE       : FileSystem: Adding package 'G:\SteamLibrary\steamapps\common\DayZServer\addons\weapons_proxies.pbo' to RV filesystem
 2:30:13.440 ENGINE       : FileSystem: Adding package 'G:\SteamLibrary\steamapps\common\DayZServer\sakhal\addons\surfaces_sakhal.pbo' to RV filesystem
 2:30:13.440 ENGINE       : FileSystem: Adding package 'G:\SteamLibrary\steamapps\common\DayZServer\addons\weapons_pistols.pbo' to RV filesystem
 2:30:13.440 ENGINE       : FileSystem: Adding package 'G:\SteamLibrary\steamapps\common\DayZServer\addons\characters_data.pbo' to RV filesystem
 2:30:13.440 ENGINE       : FileSystem: Adding package 'G:\SteamLibrary\steamapps\common\DayZServer\addons\structures_rail.pbo' to RV filesystem
 2:30:13.441 ENGINE       : FileSystem: Adding package 'G:\SteamLibrary\steamapps\common\DayZServer\addons\characters_tops.pbo' to RV filesystem
 2:30:13.441 ENGINE       : FileSystem: Adding package 'G:\SteamLibrary\steamapps\common\DayZServer\addons\gear_containers.pbo' to RV filesystem
 2:30:13.442 ENGINE       : FileSystem: Adding package 'G:\SteamLibrary\steamapps\common\DayZServer\addons\gear_navigation.pbo' to RV filesystem
 2:30:13.443 ENGINE       : FileSystem: Adding package 'G:\SteamLibrary\steamapps\common\DayZServer\addons\structures_data.pbo' to RV filesystem
 2:30:13.443 ENGINE       : FileSystem: Adding package 'G:\SteamLibrary\steamapps\common\DayZServer\addons\sounds_vehicles.pbo' to RV filesystem
 2:30:13.443 ENGINE       : FileSystem: Adding package 'G:\SteamLibrary\steamapps\common\DayZServer\addons\surfaces_bliss.pbo' to RV filesystem
 2:30:13.443 ENGINE       : FileSystem: Adding package 'G:\SteamLibrary\steamapps\common\DayZServer\addons\vehicles_parts.pbo' to RV filesystem
 2:30:13.444 ENGINE       : FileSystem: Adding package 'G:\SteamLibrary\steamapps\common\DayZServer\addons\sounds_weapons.pbo' to RV filesystem
 2:30:13.444 ENGINE       : FileSystem: Adding package 'G:\SteamLibrary\steamapps\common\DayZServer\addons\vehicles_water.pbo' to RV filesystem
 2:30:13.445 ENGINE       : FileSystem: Adding package 'G:\SteamLibrary\steamapps\common\DayZServer\@Dabs Framework\addons\GUI.pbo' to RV filesystem
 2:30:13.446 ENGINE       : FileSystem: Adding package 'G:\SteamLibrary\steamapps\common\DayZServer\@VPPAdminTools RU Translate\addons\VPPATRUTranslate.pbo' to RV filesystem
 2:30:13.446 ENGINE       : FileSystem: Adding package 'G:\SteamLibrary\steamapps\common\DayZServer\sakhal\addons\plants_sakhal.pbo' to RV filesystem
 2:30:13.446 ENGINE       : FileSystem: Adding package 'G:\SteamLibrary\steamapps\common\DayZServer\addons\animals_bliss.pbo' to RV filesystem
 2:30:13.446 ENGINE       : FileSystem: Adding package 'G:\SteamLibrary\steamapps\common\DayZServer\addons\weapons_melee.pbo' to RV filesystem
 2:30:13.447 ENGINE       : FileSystem: Adding package 'G:\SteamLibrary\steamapps\common\DayZServer\addons\vehicles_data.pbo' to RV filesystem
 2:30:13.447 ENGINE       : FileSystem: Adding package 'G:\SteamLibrary\steamapps\common\DayZServer\addons\gear_crafting.pbo' to RV filesystem
 2:30:13.447 ENGINE       : FileSystem: Adding package 'G:\SteamLibrary\steamapps\common\DayZServer\@Namalsk Island\addons\namalsk_data.pbo' to RV filesystem
 2:30:13.448 ENGINE       : FileSystem: Adding package 'G:\SteamLibrary\steamapps\common\DayZServer\addons\gear_cooking.pbo' to RV filesystem
 2:30:13.448 ENGINE       : FileSystem: Adding package 'G:\SteamLibrary\steamapps\common\DayZServer\addons\gear_camping.pbo' to RV filesystem
 2:30:13.449 ENGINE       : FileSystem: Adding package 'G:\SteamLibrary\steamapps\common\DayZServer\addons\sounds_bliss.pbo' to RV filesystem
 2:30:13.449 ENGINE       : FileSystem: Adding package 'G:\SteamLibrary\steamapps\common\DayZServer\addons\weapons_misc.pbo' to RV filesystem
 2:30:13.449 ENGINE       : FileSystem: Adding package 'G:\SteamLibrary\steamapps\common\DayZServer\addons\gear_medical.pbo' to RV filesystem
 2:30:13.450 ENGINE       : FileSystem: Adding package 'G:\SteamLibrary\steamapps\common\DayZServer\sakhal\addons\water_sakhal.pbo' to RV filesystem
 2:30:13.450 ENGINE       : FileSystem: Adding package 'G:\SteamLibrary\steamapps\common\DayZServer\addons\plants_bliss.pbo' to RV filesystem
 2:30:13.450 ENGINE       : FileSystem: Adding package 'G:\SteamLibrary\steamapps\common\DayZServer\sakhal\addons\rocks_sakhal.pbo' to RV filesystem
 2:30:13.450 ENGINE       : FileSystem: Adding package 'G:\SteamLibrary\steamapps\common\DayZServer\addons\sounds_music.pbo' to RV filesystem
 2:30:13.450 ENGINE       : FileSystem: Adding package 'G:\SteamLibrary\steamapps\common\DayZServer\addons\weapons_data.pbo' to RV filesystem
 2:30:13.450 ENGINE       : FileSystem: Adding package 'G:\SteamLibrary\steamapps\common\DayZServer\addons\gear_drinks.pbo' to RV filesystem
 2:30:13.451 ENGINE       : FileSystem: Adding package 'G:\SteamLibrary\steamapps\common\DayZServer\sakhal\addons\data_sakhal.pbo' to RV filesystem
 2:30:13.451 ENGINE       : FileSystem: Adding package 'G:\SteamLibrary\steamapps\common\DayZServer\@VPPAdminTools\addons\VPPStaticItems.pbo' to RV filesystem
 2:30:13.452 ENGINE       : FileSystem: Adding package 'G:\SteamLibrary\steamapps\common\DayZServer\addons\gear_optics.pbo' to RV filesystem
 2:30:13.452 ENGINE       : FileSystem: Adding package 'G:\SteamLibrary\steamapps\common\DayZServer\addons\modules_dayz.pbo' to RV filesystem
 2:30:13.452 ENGINE       : FileSystem: Adding package 'G:\SteamLibrary\steamapps\common\DayZServer\addons\rocks_bliss.pbo' to RV filesystem
 2:30:13.453 ENGINE       : FileSystem: Adding package 'G:\SteamLibrary\steamapps\common\DayZServer\addons\water_bliss.pbo' to RV filesystem
 2:30:13.453 ENGINE       : FileSystem: Adding package 'G:\SteamLibrary\steamapps\common\DayZServer\addons\gear_tools.pbo' to RV filesystem
 2:30:13.453 ENGINE       : FileSystem: Adding package 'G:\SteamLibrary\steamapps\common\DayZServer\@CF\addons\legacy.pbo' to RV filesystem
 2:30:13.453 ENGINE       : FileSystem: Adding package 'G:\SteamLibrary\steamapps\common\DayZServer\addons\sounds_hpp.pbo' to RV filesystem
 2:30:13.453 ENGINE       : FileSystem: Adding package 'G:\SteamLibrary\steamapps\common\DayZServer\addons\data_bliss.pbo' to RV filesystem
 2:30:13.453 ENGINE       : FileSystem: Adding package 'G:\SteamLibrary\steamapps\common\DayZServer\@VPPAdminTools\addons\VPPAdminTools.pbo' to RV filesystem
 2:30:13.454 ENGINE       : FileSystem: Adding package 'G:\SteamLibrary\steamapps\common\DayZServer\@Namalsk Island\addons\ns_plants.pbo' to RV filesystem
 2:30:13.455 ENGINE       : FileSystem: Adding package 'G:\SteamLibrary\steamapps\common\DayZServer\@Namalsk Island\addons\ns_sounds.pbo' to RV filesystem
 2:30:13.455 ENGINE       : FileSystem: Adding package 'G:\SteamLibrary\steamapps\common\DayZServer\addons\gear_books.pbo' to RV filesystem
 2:30:13.456 ENGINE       : FileSystem: Adding package 'G:\SteamLibrary\steamapps\common\DayZServer\addons\gear_traps.pbo' to RV filesystem
 2:30:13.456 ENGINE       : FileSystem: Adding package 'G:\SteamLibrary\steamapps\common\DayZServer\@CF\addons\scripts.pbo' to RV filesystem
 2:30:13.456 ENGINE       : FileSystem: Adding package 'G:\SteamLibrary\steamapps\common\DayZServer\addons\gear_radio.pbo' to RV filesystem
 2:30:13.456 ENGINE       : FileSystem: Adding package 'G:\SteamLibrary\steamapps\common\DayZServer\dta\languagecore.pbo' to RV filesystem
 2:30:13.456 ENGINE       : FileSystem: Adding package 'G:\SteamLibrary\steamapps\common\DayZServer\@Namalsk Survival\addons\ns_music.pbo' to RV filesystem
 2:30:13.457 ENGINE       : FileSystem: Adding package 'G:\SteamLibrary\steamapps\common\DayZServer\addons\sounds_ai.pbo' to RV filesystem
 2:30:13.457 ENGINE       : FileSystem: Adding package 'G:\SteamLibrary\steamapps\common\DayZServer\addons\anims_cfg.pbo' to RV filesystem
 2:30:13.458 ENGINE       : FileSystem: Adding package 'G:\SteamLibrary\steamapps\common\DayZServer\addons\gear_food.pbo' to RV filesystem
 2:30:13.458 ENGINE       : FileSystem: Adding package 'G:\SteamLibrary\steamapps\common\DayZServer\addons\ai_bliss.pbo' to RV filesystem
 2:30:13.459 ENGINE       : FileSystem: Adding package 'G:\SteamLibrary\steamapps\common\DayZServer\addons\surfaces.pbo' to RV filesystem
 2:30:13.459 ENGINE       : FileSystem: Adding package 'G:\SteamLibrary\steamapps\common\DayZServer\@Namalsk Survival\addons\ns_dayz.pbo' to RV filesystem
 2:30:13.460 ENGINE       : FileSystem: Adding package 'G:\SteamLibrary\steamapps\common\DayZServer\addons\animals.pbo' to RV filesystem
 2:30:13.460 ENGINE       : FileSystem: Adding package 'G:\SteamLibrary\steamapps\common\DayZServer\@CF\addons\gui.pbo' to RV filesystem
 2:30:13.460 ENGINE       : FileSystem: Adding package 'G:\SteamLibrary\steamapps\common\DayZServer\addons\plants.pbo' to RV filesystem
 2:30:13.460 ENGINE       : FileSystem: Adding package 'G:\SteamLibrary\steamapps\common\DayZServer\addons\server_data.pbo' to RV filesystem
 2:30:13.460 ENGINE       : FileSystem: Adding package 'G:\SteamLibrary\steamapps\common\DayZServer\addons\rocks.pbo' to RV filesystem
 2:30:13.461 ENGINE       : FileSystem: Adding package 'G:\SteamLibrary\steamapps\common\DayZServer\addons\water.pbo' to RV filesystem
 2:30:13.462 ENGINE       : FileSystem: Adding package 'G:\SteamLibrary\steamapps\common\DayZServer\dta\graphics.pbo' to RV filesystem
 2:30:13.462 ENGINE       : FileSystem: Adding package 'G:\SteamLibrary\steamapps\common\DayZServer\@Namalsk Island\addons\ns2.pbo' to RV filesystem
 2:30:13.462 ENGINE       : FileSystem: Adding package 'G:\SteamLibrary\steamapps\common\DayZServer\dta\scripts.pbo' to RV filesystem
 2:30:13.462 ENGINE       : FileSystem: Adding package 'G:\SteamLibrary\steamapps\common\DayZServer\@Namalsk Island\addons\ns3.pbo' to RV filesystem
 2:30:13.462 ENGINE       : FileSystem: Adding package 'G:\SteamLibrary\steamapps\common\DayZServer\addons\dz.pbo' to RV filesystem
 2:30:13.463 ENGINE       : FileSystem: Adding package 'G:\SteamLibrary\steamapps\common\DayZServer\@Namalsk Island\addons\ns.pbo' to RV filesystem
 2:30:13.463 ENGINE       : FileSystem: Adding package 'G:\SteamLibrary\steamapps\common\DayZServer\dta\system.pbo' to RV filesystem
 2:30:13.464 ENGINE       : FileSystem: Adding package 'G:\SteamLibrary\steamapps\common\DayZServer\addons\ai.pbo' to RV filesystem
 2:30:13.464 ENGINE       : FileSystem: Adding package 'G:\SteamLibrary\steamapps\common\DayZServer\addons\ui.pbo' to RV filesystem
 2:30:13.464 ENGINE       : FileSystem: Adding package 'G:\SteamLibrary\steamapps\common\DayZServer\dta\core.pbo' to RV filesystem
 2:30:13.464 ENGINE       : FileSystem: Adding package 'G:\SteamLibrary\steamapps\common\DayZServer\dta\bin.pbo' to RV filesystem
 2:30:13.465 ENGINE       : FileSystem: Adding package 'G:\SteamLibrary\steamapps\common\DayZServer\dta\gui.pbo' to RV filesystem
 2:30:13.465 ENGINE       : FileSystem: Added 154 RV banks
 2:30:13.465 ENGINE    (W): No module info used, trying to identify -> 0x37E00000
 2:30:13.466 ENGINE       : CPU vendor         : GenuineIntel
 2:30:13.466 ENGINE       : CPU type           : 1
 2:30:13.466 ENGINE       : CPU name           : 11th Gen Intel(R) Core(TM) i5-11400H @ 2.70GHz
 2:30:13.466 ENGINE       : CPU cache info     : L1 [Inst 32KB, Data 48KB], L2 [Unif 1280KB], L3 [Unif 12288KB]
 2:30:13.466 ENGINE       : CPU count logical  : 12
 2:30:13.466 ENGINE       : CPU count physical : 6
 2:30:13.466 ENGINE       : CPU features       : mmx sse sse2 sse3 ssse3 sse4_1 sse4_2 aesni pclmulqdq osxsave avx sha avx2 avx512f
 2:30:13.466 ENGINE    (W): Adjusting job system settings to have at least one job worker thread.
 2:30:13.487 ENGINE       : FileSystem: Adding relative directory 'G:\SteamLibrary\steamapps\common\DayZServer\profiles' to RV filesystem under name profile
 2:30:13.487 ENGINE       : FileSystem: Adding relative directory 'G:\SteamLibrary\steamapps\common\DayZServer\profiles\Users\Server' to RV filesystem under name saves
 2:30:13.631 SCRIPT       : Module: GameLib; loaded 19x files; 29x classes; used 41/2097 kB (1) of static memory; defines: "DAYZ_1_29,SERVER_FOR_WINDOWS,SERVER,PLATFORM_WINDOWS,RELEASE,NO_GUI,NO_GUI_INGAME,DabsFramework,sakhal,JM_CommunityFramework,CF_MODULE_CONFIG,CF_EXPRESSION,CF_TRACE_STACK_NAME_ASSUMPTION_FIX,CF_GHOSTICONS,CF_MODSTORAGE,CF_SURFACES,CF_MODULES,CF_REF_FIX,CF_BUGFIX_REF,CF_BUGFIX_XML,CF_VIRTUALSTORAGE_FIX,CF_DOUBLYLINKEDNODES,CF_ONUPDATE_RATE_LIMIT,CF_LOG_TIMESTAMP,NAMALSK_ISLAND,NAMALSK_SURVIVAL,AVPPAdminTools,AVPPAdminToolsTranslate,DayZ,FEATURE_CURSOR,FEATURE_NETWORK_RECONCILIATION,FEATURE_NETWORK_RECONCILATION"; CRC32: 00000000
 2:30:13.632 [Inputs] Loading inputs default "bin/constants.xml"
 2:30:13.635 [Inputs] Loading inputs default "bin/specific.xml"
 2:30:13.636 [Inputs] Loading inputs default "nst/ns_dayz/scripts/Data/Inputs.xml"
 2:30:13.637 [Inputs] Loading inputs default "VPPAdminTools/data/modded_Inputs.xml"
 2:30:13.638 [Inputs] Loading inputs cfg "profiles\Users\Survivor\Server.core.xml"
 2:30:13.638 !!! [Inputs] Cannot read inputs cfg "profiles\Users\Survivor\Server.core.xml", parser error
 2:30:13.638 [Inputs] Loading inputs cfg "bin/core.xml"
 2:30:13.638 !!! [Inputs] Cannot load input preset "#STR_USER", file does not exist
 2:30:13.640 [Inputs] Exporting inputs cfg "profiles\Users\Survivor\Server.core.xml"
 2:30:13.650 SCRIPT       : Registered 352 temporary action enum(s), UAN==352
 2:30:14.549 SCRIPT       : Module: Game; loaded 715x files; 2011x classes; used 5134/33554 kB (15) of static memory; defines: "DAYZ_1_29,SERVER_FOR_WINDOWS,SERVER,PLATFORM_WINDOWS,RELEASE,NO_GUI,NO_GUI_INGAME,DabsFramework,sakhal,JM_CommunityFramework,CF_MODULE_CONFIG,CF_EXPRESSION,CF_TRACE_STACK_NAME_ASSUMPTION_FIX,CF_GHOSTICONS,CF_MODSTORAGE,CF_SURFACES,CF_MODULES,CF_REF_FIX,CF_BUGFIX_REF,CF_BUGFIX_XML,CF_VIRTUALSTORAGE_FIX,CF_DOUBLYLINKEDNODES,CF_ONUPDATE_RATE_LIMIT,CF_LOG_TIMESTAMP,NAMALSK_ISLAND,NAMALSK_SURVIVAL,AVPPAdminTools,AVPPAdminToolsTranslate,DayZ,FEATURE_CURSOR,FEATURE_NETWORK_RECONCILIATION,FEATURE_NETWORK_RECONCILATION,DABSFRAMEWORK_1_51,VPPADMINTOOLS,VPPAT_NOTIFICATIONS"; CRC32: 00000000
 2:30:14.623 SCRIPT       : ... Backlit Effects Enabled
 2:30:16.00  SCRIPT       : VPPNotificationManager()
 2:30:16.00  SCRIPT       : [VPPAT] Internal VPPNotifications module loaded!
 2:30:16.00  SCRIPT       : [DayZ Game]:: DayZGame(): Initializing V++ Admin Tools.
 2:30:16.00  ANIMATION (E): Can't load @VPPAdminTools RU Translate/Anims/cfg/skeletons.anim.xml
 2:30:16.01  ANIMATION (E): Failed to open file, line 0, column 0
 2:30:16.01  ANIMATION (E): Can't load @VPPAdminTools/Anims/cfg/skeletons.anim.xml
 2:30:16.01  ANIMATION (E): Failed to open file, line 0, column 0
 2:30:16.01  ANIMATION (E): Can't load @Namalsk Island/Anims/cfg/skeletons.anim.xml
 2:30:16.01  ANIMATION (E): Failed to open file, line 0, column 0
 2:30:16.01  ANIMATION (E): Can't load @Namalsk Survival/Anims/cfg/skeletons.anim.xml
 2:30:16.01  ANIMATION (E): Failed to open file, line 0, column 0
 2:30:16.01  ANIMATION (E): Can't load @Dabs Framework/Anims/cfg/skeletons.anim.xml
 2:30:16.40  ANIMATION (E): Failed to open file, line 0, column 0
 2:30:16.40  ANIMATION (E): Can't load @CF/Anims/cfg/skeletons.anim.xml
 2:30:16.40  ANIMATION (E): Failed to open file, line 0, column 0
 2:30:16.40  ANIMATION (E): Can't load sakhal/Anims/cfg/skeletons.anim.xml
 2:30:16.40  ANIMATION (E): Failed to open file, line 0, column 0
 2:30:16.42  ENGINE       : Skeleton definition successfully loaded (DZ/Anims/cfg/skeletons.anim.xml)
 2:30:16.42  ENGINE       : Enfusion engine successfully created
 2:30:16.179 Warning Message: No entry 'bin\config.bin/CfgWorlds/DefaultWorld/Weather/Overcast/Weather1.farCloud'.
 2:30:16.179 Warning Message: Trying to access error value.
 2:30:16.179 Warning Message: No entry 'bin\config.bin/CfgWorlds/DefaultWorld/Weather/Overcast/Weather1.cloud'.
 2:30:16.179 Warning Message: Trying to access error value.
 2:30:16.179 Warning Message: No entry 'bin\config.bin/CfgWorlds/DefaultWorld/Weather/Overcast/Weather2.farCloud'.
 2:30:16.179 Warning Message: Trying to access error value.
 2:30:16.179 Warning Message: No entry 'bin\config.bin/CfgWorlds/DefaultWorld/Weather/Overcast/Weather2.cloud'.
 2:30:16.179 Warning Message: Trying to access error value.
 2:30:16.179 Warning Message: No entry 'bin\config.bin/CfgWorlds/DefaultWorld/Weather/Overcast/Weather3.farCloud'.
 2:30:16.179 Warning Message: Trying to access error value.
 2:30:16.179 Warning Message: No entry 'bin\config.bin/CfgWorlds/DefaultWorld/Weather/Overcast/Weather3.cloud'.
 2:30:16.179 Warning Message: Trying to access error value.
 2:30:16.179 Warning Message: No entry 'bin\config.bin/CfgWorlds/DefaultWorld/Weather/Overcast/Weather4.farCloud'.
 2:30:16.179 Warning Message: Trying to access error value.
 2:30:16.179 Warning Message: No entry 'bin\config.bin/CfgWorlds/DefaultWorld/Weather/Overcast/Weather4.cloud'.
 2:30:16.179 Warning Message: Trying to access error value.
 2:30:16.179 Warning Message: No entry 'bin\config.bin/CfgWorlds/DefaultWorld/Weather/Overcast/Weather5.farCloud'.
 2:30:16.179 Warning Message: Trying to access error value.
 2:30:16.179 Warning Message: No entry 'bin\config.bin/CfgWorlds/DefaultWorld/Weather/Overcast/Weather5.cloud'.
 2:30:16.179 Warning Message: Trying to access error value.
 2:30:16.179 Warning Message: No entry 'bin\config.bin/CfgWorlds/DefaultWorld/Weather/LightingNew/C_Day60.spaceIntensity'.
 2:30:16.179 Warning Message: Trying to access error value.
 2:30:16.179 Warning Message: No entry 'bin\config.bin/CfgWorlds/DefaultWorld/Weather/LightingNew/C_Day60.starsIntensity'.
 2:30:16.179 Warning Message: Trying to access error value.
 2:30:16.179 Warning Message: No entry 'bin\config.bin/CfgWorlds/DefaultWorld/Weather/LightingNew/C_Day60.atmosphereIntensity'.
 2:30:16.179 Warning Message: Trying to access error value.
 2:30:16.179 Warning Message: No entry 'bin\config.bin/CfgWorlds/DefaultWorld/Weather/LightingNew/C_Day60.NearCloud'.
 2:30:16.180 Warning Message: No entry 'bin\config.bin/CfgWorlds/DefaultWorld/Weather/Overcast/Weather1.farCloud'.
 2:30:16.180 Warning Message: Trying to access error value.
 2:30:16.180 Warning Message: No entry 'bin\config.bin/CfgWorlds/DefaultWorld/Weather/Overcast/Weather1.cloud'.
 2:30:16.180 Warning Message: Trying to access error value.
 2:30:16.180 Warning Message: No entry 'bin\config.bin/CfgWorlds/DefaultWorld/Weather/Overcast/Weather2.farCloud'.
 2:30:16.180 Warning Message: Trying to access error value.
 2:30:16.180 Warning Message: No entry 'bin\config.bin/CfgWorlds/DefaultWorld/Weather/Overcast/Weather2.cloud'.
 2:30:16.180 Warning Message: Trying to access error value.
 2:30:16.180 Warning Message: No entry 'bin\config.bin/CfgWorlds/DefaultWorld/Weather/Overcast/Weather3.farCloud'.
 2:30:16.180 Warning Message: Trying to access error value.
 2:30:16.180 Warning Message: No entry 'bin\config.bin/CfgWorlds/DefaultWorld/Weather/Overcast/Weather3.cloud'.
 2:30:16.180 Warning Message: Trying to access error value.
 2:30:16.180 Warning Message: No entry 'bin\config.bin/CfgWorlds/DefaultWorld/Weather/Overcast/Weather4.farCloud'.
 2:30:16.180 Warning Message: Trying to access error value.
 2:30:16.180 Warning Message: No entry 'bin\config.bin/CfgWorlds/DefaultWorld/Weather/Overcast/Weather4.cloud'.
 2:30:16.180 Warning Message: Trying to access error value.
 2:30:16.180 Warning Message: No entry 'bin\config.bin/CfgWorlds/DefaultWorld/Weather/Overcast/Weather5.farCloud'.
 2:30:16.180 Warning Message: Trying to access error value.
 2:30:16.180 Warning Message: No entry 'bin\config.bin/CfgWorlds/DefaultWorld/Weather/Overcast/Weather5.cloud'.
 2:30:16.180 Warning Message: Trying to access error value.
 2:30:16.180 Warning Message: No entry 'bin\config.bin/CfgWorlds/DefaultWorld/Weather/LightingNew/C_Day60.spaceIntensity'.
 2:30:16.180 Warning Message: Trying to access error value.
 2:30:16.180 Warning Message: No entry 'bin\config.bin/CfgWorlds/DefaultWorld/Weather/LightingNew/C_Day60.starsIntensity'.
 2:30:16.180 Warning Message: Trying to access error value.
 2:30:16.180 Warning Message: No entry 'bin\config.bin/CfgWorlds/DefaultWorld/Weather/LightingNew/C_Day60.atmosphereIntensity'.
 2:30:16.180 Warning Message: Trying to access error value.
 2:30:16.180 Warning Message: No entry 'bin\config.bin/CfgWorlds/DefaultWorld/Weather/LightingNew/C_Day60.NearCloud'.
 2:30:16.180 Warning Message: No entry 'bin\config.bin/CfgWorlds/DefaultWorld.volFogOffset'.
 2:30:16.180 Warning Message: Trying to access error value.
 2:30:16.180 Warning Message: No entry 'bin\config.bin/CfgWorlds/DefaultWorld.spaceObject'.
 2:30:16.180 Warning Message: Trying to access error value.
 2:30:16.180 Warning Message: No entry 'bin\config.bin/CfgWorlds/DefaultWorld.atmosphereObject'.
 2:30:16.180 Warning Message: Trying to access error value.
 2:30:16.180 Atmosphere not loaded, using old 'sky'.
 2:30:16.181 Warning Message: No entry 'bin\config.bin/CfgWorlds/DefaultWorld.nearCloudObject'.
 2:30:16.181 Warning Message: Trying to access error value.
 2:30:16.181 Warning Message: No entry 'bin\config.bin/CfgWorlds/DefaultWorld.cloudObject'.
 2:30:16.181 Warning Message: Trying to access error value.
 2:30:16.181 Warning Message: No entry 'bin\config.bin/CfgWorlds/DefaultWorld.horizonObject'.
 2:30:16.181 Warning Message: Trying to access error value.
 2:30:16.182 WORLD        : PreloadVehicles
 2:30:16.188 PROFILING    : PreloadVehicles took: 5.992500 ms
 2:30:19.252 SCRIPT       : Module: World; loaded 2395x files; 6177x classes; used 10097/33554 kB (30) of static memory; defines: "DAYZ_1_29,SERVER_FOR_WINDOWS,SERVER,PLATFORM_WINDOWS,RELEASE,NO_GUI,NO_GUI_INGAME,DabsFramework,sakhal,JM_CommunityFramework,CF_MODULE_CONFIG,CF_EXPRESSION,CF_TRACE_STACK_NAME_ASSUMPTION_FIX,CF_GHOSTICONS,CF_MODSTORAGE,CF_SURFACES,CF_MODULES,CF_REF_FIX,CF_BUGFIX_REF,CF_BUGFIX_XML,CF_VIRTUALSTORAGE_FIX,CF_DOUBLYLINKEDNODES,CF_ONUPDATE_RATE_LIMIT,CF_LOG_TIMESTAMP,NAMALSK_ISLAND,NAMALSK_SURVIVAL,AVPPAdminTools,AVPPAdminToolsTranslate,DayZ,FEATURE_CURSOR,FEATURE_NETWORK_RECONCILIATION,FEATURE_NETWORK_RECONCILATION,VPPADMINTOOLS,VPPAT_NOTIFICATIONS"; CRC32: 00000000
 2:30:19.366 Warning: CfgWeapons missing in PreloadConfig - may slow down vehicle creation
 2:30:19.366 Warning: CfgMagazines missing in PreloadConfig - may slow down vehicle creation
 2:30:19.366 String "STR_DN_UNKNOWN" not found (not in localization table)
 2:30:19.366 String "STR_DN_TRANSPORT" not found (not in localization table)
 2:30:19.366 String "STR_DN_CAR" not found (not in localization table)
 2:30:19.366 String "STR_DN_BOAT" not found (not in localization table)
 2:30:19.366 String "STR_DN_HELICOPTER" not found (not in localization table)
 2:30:19.366 String "STR_DN_HELICOPTER" not found (not in localization table)
 2:30:19.367 String "STR_DN_UNKNOWN" not found (not in localization table)
 2:30:19.367 String "STR_DN_MAN" not found (not in localization table)
 2:30:19.367 String "STR_DN_ANIMAL" not found (not in localization table)
 2:30:19.367 String "STR_DN_UNKNOWN" not found (not in localization table)
 2:30:19.367 String "STR_DN_BUNKER" not found (not in localization table)
 2:30:19.367 String "STR_DN_UNKNOWN" not found (not in localization table)
 2:30:19.367 String "STR_DN_UNKNOWN" not found (not in localization table)
 2:30:19.367 String "STR_DN_UNKNOWN" not found (not in localization table)
 2:30:19.367 String "STR_DN_UNKNOWN" not found (not in localization table)
 2:30:19.367 String "STR_DN_MAN" not found (not in localization table)
 2:30:19.367 String "STR_DN_MAN" not found (not in localization table)
 2:30:19.367 String "STR_DN_MAN" not found (not in localization table)
 2:30:19.368 String "STR_DN_ANIMAL" not found (not in localization table)
 2:30:19.368 String "STR_DN_ANIMAL" not found (not in localization table)
 2:30:19.383 String "STR_DN_MAN" not found (not in localization table)
 2:30:19.394 String "STR_DN_BOAT" not found (not in localization table)
 2:30:19.394 String "STR_DN_CAR" not found (not in localization table)
 2:30:19.394 String "STR_DN_CAR" not found (not in localization table)
 2:30:19.394 String "STR_DN_CAR" not found (not in localization table)
 2:30:19.394 String "STR_DN_CAR" not found (not in localization table)
 2:30:19.394 String "STR_DN_CAR" not found (not in localization table)
 2:30:19.499 Warning Message: No entry 'bin\config.bin/CfgVehicles/SmershVestBackpack.scope'.
 2:30:19.499 Warning Message: Trying to access error value.
 2:30:19.499 Warning Message: No entry 'bin\config.bin/CfgVehicles/SmershVestBackpack.model'.
 2:30:19.499 Warning Message: Trying to access error value.
 2:30:19.499 Warning Message: No entry 'bin\config.bin/CfgVehicles/SmershVestBackpack.simulation'.
 2:30:19.499 Warning Message: Trying to access error value.
 2:30:19.499 Warning Message: No entry 'bin\config.bin/CfgVehicles/SmershVestBackpack.displayName'.
 2:30:19.499 Warning Message: Trying to access error value.
 2:30:19.499 Warning Message: No entry 'bin\config.bin/CfgVehicles/SmershVestBackpack.destrType'.
 2:30:19.499 Warning Message: Trying to access error value.
 2:30:19.499 Warning Message: No entry 'bin\config.bin/CfgVehicles/SmershVestBackpack.itemsCargoSize'.
 2:30:19.499 Warning Message: No entry 'bin\config.bin/CfgVehicles/SmershVestBackpack.clothingType'.
 2:30:19.499 Warning Message: Trying to access error value.
 2:30:19.499 Warning Message: No entry 'bin\config.bin/CfgVehicles/SmershVestBackpack.soundEngine'.
 2:30:19.499 Warning Message: Size: '/' not an array
 2:30:19.499 Warning Message: No entry 'bin\config.bin/CfgVehicles/SmershVestBackpack.soundCrash'.
 2:30:19.499 Warning Message: Size: '/' not an array
 2:30:19.499 Warning Message: No entry 'bin\config.bin/CfgVehicles/SmershVestBackpack.soundLandCrash'.
 2:30:19.499 Warning Message: Size: '/' not an array
 2:30:19.499 Warning Message: No entry 'bin\config.bin/CfgVehicles/SmershVestBackpack.soundWaterCrash'.
 2:30:19.499 Warning Message: Size: '/' not an array
 2:30:19.499 Warning Message: No entry 'bin\config.bin/CfgVehicles/SmershVestBackpack.reversed'.
 2:30:19.499 Warning Message: Trying to access error value.
 2:30:19.911 Unrecognized CfgNonAIVehicles simulation seagull in bin\config.bin/CfgNonAIVehicles/Bird/
 2:30:19.911 Unrecognized CfgNonAIVehicles simulation seagull in bin\config.bin/CfgNonAIVehicles/Insect/
 2:30:19.915 Warning Message: No entry 'bin\config.bin/CfgNonAIVehicles/ProxyCrew.simulation'.
 2:30:19.915 Warning Message: Trying to access error value.
 2:30:19.915 Unrecognized CfgNonAIVehicles simulation  in bin\config.bin/CfgNonAIVehicles/ProxyCrew/
 2:30:19.915 Warning Message: No entry 'bin\config.bin/CfgNonAIVehicles/ProxyCrew.model'.
 2:30:19.915 Warning Message: Trying to access error value.
 2:30:19.915 Warning Message: No entry 'bin\config.bin/CfgNonAIVehicles/ProxyCrew.simulation'.
 2:30:19.915 Warning Message: Trying to access error value.
 2:30:19.939 String "STR_CfgMagazines_Mag_CZ550_4rnd0" not found (not in localization table)
 2:30:20.05  Warning Message: No entry 'bin\config.bin/CfgSoundShaders.IZH18_Closure_SoundShader'.
 2:30:20.05  Warning Message: No entry '.samples'.
 2:30:20.05  Warning Message: Size: '/' not an array
 2:30:20.05  Warning Message: Size: '/' not an array
 2:30:20.44  ANIMATION    : PreloadAnimationSets
 2:30:20.44  Warning Message: 'access/' is not a class ('EnfAnimSys' accessed)
 2:30:22.530 PROFILING    : PreloadAnimationSets took: 2486.108500 ms
 2:30:22.533 Warning: No components in dz\gear\camping\mediumtent.p3d:geometryView
 2:30:22.535 Warning: No components in dz\gear\camping\proxies\mediumtentcamonetproxy.p3d:geometry
 2:30:22.535 Warning: No components in dz\gear\camping\proxies\mediumtentcamonetproxy.p3d:geometryFire
 2:30:22.535 Warning: No components in dz\gear\camping\proxies\mediumtentcamonetproxy.p3d:geometryView
 2:30:22.542 Convex "component01" selection faces are less then 4 in dz\gear\camping\largetent.p3d:geometry
 2:30:22.542 Convex "component02" selection faces are less then 4 in dz\gear\camping\largetent.p3d:geometry
 2:30:22.542 Convex "component01" selection faces are less then 4 in dz\gear\camping\largetent.p3d:geometryFire
 2:30:22.542 Convex "component02" selection faces are less then 4 in dz\gear\camping\largetent.p3d:geometryFire
 2:30:22.542 Convex "component01" selection faces are less then 4 in dz\gear\camping\largetent.p3d:geometryView
 2:30:22.542 Convex "component02" selection faces are less then 4 in dz\gear\camping\largetent.p3d:geometryView
 2:30:22.542 Warning: No components in dz\gear\camping\largetent.p3d:geometryView
 2:30:22.542 DamageSystem Warning: Selection  doesn't exists in fire geometry for entity LargeTent
 2:30:22.555 Warning: No components in dz\gear\camping\cartent.p3d:geometryView
 2:30:22.555 Warning: No components in dz\gear\camping\proxies\cartentcamonetproxy.p3d:geometry
 2:30:22.555 Warning: No components in dz\gear\camping\proxies\cartentcamonetproxy.p3d:geometryFire
 2:30:22.555 Warning: No components in dz\gear\camping\proxies\cartentcamonetproxy.p3d:geometryView
 2:30:22.558 Warning: No components in dz\gear\camping\party_tent.p3d:geometryView
 2:30:22.558 DamageSystem Warning: Selection  doesn't exists in fire geometry for entity PartyTent
 2:30:22.561 Warning: No components in dz\gear\camping\proxies\partytentpackproxy.p3d:geometry
 2:30:22.561 Warning: No components in dz\gear\camping\proxies\partytentpackproxy.p3d:geometryFire
 2:30:22.562 Warning: No components in dz\gear\camping\proxies\partytentcamo1closedproxy.p3d:geometry
 2:30:22.562 Warning: No components in dz\gear\camping\proxies\partytentcamo2closedproxy.p3d:geometry
 2:30:22.562 Warning: No components in dz\gear\camping\proxies\partytentcamo3closedproxy.p3d:geometry
 2:30:22.563 Warning: No components in dz\gear\camping\proxies\partytentcamo4closedproxy.p3d:geometry
 2:30:22.563 Warning: No components in dz\gear\camping\proxies\partytentcamo5closedproxy.p3d:geometry
 2:30:22.563 Warning: No components in dz\gear\camping\proxies\partytentcamo6closedproxy.p3d:geometry
 2:30:22.564 Warning: No components in dz\gear\camping\proxies\partytentcamoroofproxy.p3d:geometry
 2:30:22.564 Warning: No components in dz\gear\camping\proxies\partytentcamo1openedproxy.p3d:geometry
 2:30:22.564 Warning: No components in dz\gear\camping\proxies\partytentcamo2openedproxy.p3d:geometry
 2:30:22.564 Warning: No components in dz\gear\camping\proxies\partytentcamo3openedproxy.p3d:geometry
 2:30:22.564 Warning: No components in dz\gear\camping\proxies\partytentcamo4openedproxy.p3d:geometry
 2:30:22.564 Warning: No components in dz\gear\camping\proxies\partytentcamo5openedproxy.p3d:geometry
 2:30:22.564 Warning: No components in dz\gear\camping\proxies\partytentcamo6openedproxy.p3d:geometry
 2:30:22.565 DamageSystem Warning: Selection  doesn't exists in fire geometry for entity PartyTent_Blue
 2:30:22.567 DamageSystem Warning: Selection  doesn't exists in fire geometry for entity PartyTent_Brown
 2:30:22.568 DamageSystem Warning: Selection  doesn't exists in fire geometry for entity PartyTent_Lunapark
 2:30:22.590 Warning: No components in dz\gear\camping\proxies\roof.p3d:geometryFire
 2:30:22.592 Warning: No components in dz\gear\camping\proxies\camonet.p3d:geometry
 2:30:22.592 Warning: No components in dz\gear\camping\proxies\camonet.p3d:geometryFire
 2:30:22.600 Warning: No components in dz\gear\camping\proxies\barbedwire_mounted.p3d:geometry
 2:30:22.600 Warning: No components in dz\gear\camping\proxies\barbedwire_mounted.p3d:geometryView
 2:30:22.600 Warning: No components in dz\gear\camping\proxies\barbedwire_mounted_up.p3d:geometryView
 2:30:22.670 DamageSystem Warning: Selection wall_gate doesn't exists in fire geometry for entity Fence
 2:30:22.673 Warning: No components in dz\gear\camping\proxies\gate.p3d:geometry
 2:30:22.673 Warning: No components in dz\gear\camping\proxies\gate.p3d:geometryView
 2:30:22.687 Warning: No components in dz\vehicles\wheeled\sedan_02\proxy\sedan_02_interior.p3d:geometryFire
 2:30:22.687 Warning: No components in dz\vehicles\wheeled\sedan_02\proxy\sedan_02_interior.p3d:geometryView
 2:30:22.687 Warning Message: No entry 'bin\config.bin/CfgNonAIVehicles/ProxyCrew_Driver.simulation'.
 2:30:22.687 Warning Message: Trying to access error value.
 2:30:22.687 Unrecognized CfgNonAIVehicles simulation  in bin\config.bin/CfgNonAIVehicles/ProxyCrew_Driver/
 2:30:22.687 Warning Message: No entry 'bin\config.bin/CfgNonAIVehicles/ProxyCrew_Driver.simulation'.
 2:30:22.687 Warning Message: Trying to access error value.
 2:30:22.688 Warning Message: No entry 'bin\config.bin/CfgNonAIVehicles/ProxyCrew_Cargo.simulation'.
 2:30:22.688 Warning Message: Trying to access error value.
 2:30:22.688 Unrecognized CfgNonAIVehicles simulation  in bin\config.bin/CfgNonAIVehicles/ProxyCrew_Cargo/
 2:30:22.688 Warning Message: No entry 'bin\config.bin/CfgNonAIVehicles/ProxyCrew_Cargo.simulation'.
 2:30:22.688 Warning Message: Trying to access error value.
 2:30:22.696 Warning: No components in dz\vehicles\wheeled\sedan_02\proxy\sedan_02_glass2.p3d:geometryFire
 2:30:22.714 Warning: No components in dz\vehicles\wheeled\offroadhatchback\proxy\nivaengine.p3d:geometry
 2:30:22.714 Warning: No components in dz\vehicles\wheeled\offroadhatchback\proxy\nivaengine.p3d:geometryView
 2:30:22.764 Warning: No components in dz\vehicles\wheeled\hatchback_02\proxy\hatchback_02_interior.p3d:geometry
 2:30:22.765 Warning: No components in dz\vehicles\wheeled\hatchback_02\proxy\hatchback_02_engine.p3d:geometry
 2:30:22.765 Warning: No components in dz\vehicles\wheeled\hatchback_02\proxy\hatchback_02_engine.p3d:geometryFire
 2:30:22.765 Warning: No components in dz\vehicles\wheeled\hatchback_02\proxy\hatchback_02_engine.p3d:geometryView
 2:30:22.796 Warning: No components in dz\vehicles\wheeled\civiliansedan\proxy\prox_int.p3d:geometry
 2:30:22.796 Warning: No components in dz\vehicles\wheeled\civiliansedan\proxy\prox_int.p3d:geometryFire
 2:30:22.796 Warning: No components in dz\vehicles\wheeled\civiliansedan\proxy\prox_int.p3d:geometryView
 2:30:22.797 Warning: No components in dz\vehicles\wheeled\civiliansedan\proxy\sedan_engine.p3d:geometry
 2:30:22.797 Warning: No components in dz\vehicles\wheeled\civiliansedan\proxy\sedan_engine.p3d:geometryFire
 2:30:22.797 Warning: No components in dz\vehicles\wheeled\civiliansedan\proxy\sedan_engine.p3d:geometryView
 2:30:22.836 Truck_01_Covered: Engine_Rotate - unknown animation source rpmspeed
 2:30:22.842 Warning: No components in dz\vehicles\wheeled\truck_01\proxy\truck_01_engine.p3d:geometry
 2:30:22.842 Warning: No components in dz\vehicles\wheeled\truck_01\proxy\truck_01_engine.p3d:geometryView
 2:30:22.843 Warning: No components in dz\vehicles\wheeled\truck_01\proxy\truck_01_engine_rotate_1.p3d:geometry
 2:30:22.922 Truck_01_Covered_Blue: Engine_Rotate - unknown animation source rpmspeed
 2:30:22.988 Truck_01_Covered_Orange: Engine_Rotate - unknown animation source rpmspeed
 2:30:23.62  DamageSystem Warning: Selection dmgZone_bumper_1 doesn't exists in fire geometry for entity Offroad_02
 2:30:23.70  Warning: No components in dz\vehicles\wheeled\offroad_02\proxy\offroad_02_body.p3d:geometry
 2:30:23.70  Warning: No components in dz\vehicles\wheeled\offroad_02\proxy\offroad_02_body.p3d:geometryFire
 2:30:23.70  Warning: No components in dz\vehicles\wheeled\offroad_02\proxy\offroad_02_body.p3d:geometryView
 2:30:23.71  Warning: No components in dz\vehicles\wheeled\offroad_02\proxy\offroad_02_roof.p3d:geometry
 2:30:23.77  NETWORK      : server: Player dpid=2 added at playerIndex=0
 2:30:23.169 SUCCESS: SteamGameServer_Init(0,8766,2302,27016,3,1.29.163709)
 2:30:23.169 Hostname of server: "SVOBODA DayZ"
 2:30:23.172 NETWORK      : Server: SetClientState dpid=2 id=0 name=__SERVER__ CREATED -> CONNECTED
 2:30:23.193 NETWORK      : Network simulation
 2:30:23.193  ENGINE       : FileSystem: Adding relative directory 'G:\SteamLibrary\steamapps\common\DayZServer\mpmissions\regular.namalsk' to RV filesystem under name mission
 2:30:23.195 NETWORK      : Network simulation
 2:30:23.195  NETWORK      : Server: SetClientState dpid=2 id=0 name=__SERVER__ MISSION SELECTED -> PLAYER ASSIGNED
 2:30:23.195  NETWORK      : server: Player dpid=2 already at assigned index=0
 2:30:23.195  NETWORK      : Server: SetClientState dpid=2 id=0 name=__SERVER__ PLAYER ASSIGNED -> MISSION RECEIVED
 2:30:23.198 NETWORK      : Network simulation
 2:30:23.198  WORLD        : Loading landscape 'namalsk'
 2:30:23.198 Warning Message: No entry 'bin\config.bin/CfgWorlds/namalsk/Weather/LightingNew/C_Night.NearCloud'.
 2:30:23.198 Warning Message: No entry 'bin\config.bin/CfgWorlds/namalsk/Weather/LightingNew/C_Astro1.NearCloud'.
 2:30:23.198 Warning Message: No entry 'bin\config.bin/CfgWorlds/namalsk/Weather/LightingNew/C_Astro2.NearCloud'.
 2:30:23.198 Warning Message: No entry 'bin\config.bin/CfgWorlds/namalsk/Weather/LightingNew/C_Astro3.NearCloud'.
 2:30:23.198 Warning Message: No entry 'bin\config.bin/CfgWorlds/namalsk/Weather/LightingNew/C_Nautical1.NearCloud'.
 2:30:23.198 Warning Message: No entry 'bin\config.bin/CfgWorlds/namalsk/Weather/LightingNew/C_Nautical2.NearCloud'.
 2:30:23.198 Warning Message: No entry 'bin\config.bin/CfgWorlds/namalsk/Weather/LightingNew/C_Nautical3.NearCloud'.
 2:30:23.198 Warning Message: No entry 'bin\config.bin/CfgWorlds/namalsk/Weather/LightingNew/C_Civil1.NearCloud'.
 2:30:23.198 Warning Message: No entry 'bin\config.bin/CfgWorlds/namalsk/Weather/LightingNew/C_Civil2.NearCloud'.
 2:30:23.198 Warning Message: No entry 'bin\config.bin/CfgWorlds/namalsk/Weather/LightingNew/C_Civil3.NearCloud'.
 2:30:23.198 Warning Message: No entry 'bin\config.bin/CfgWorlds/namalsk/Weather/LightingNew/C_Day0.NearCloud'.
 2:30:23.198 Warning Message: No entry 'bin\config.bin/CfgWorlds/namalsk/Weather/LightingNew/C_Day4.NearCloud'.
 2:30:23.198 Warning Message: No entry 'bin\config.bin/CfgWorlds/namalsk/Weather/LightingNew/C_Day8.NearCloud'.
 2:30:23.198 Warning Message: No entry 'bin\config.bin/CfgWorlds/namalsk/Weather/LightingNew/C_Day12.NearCloud'.
 2:30:23.198 Warning Message: No entry 'bin\config.bin/CfgWorlds/namalsk/Weather/LightingNew/C_Day16.NearCloud'.
 2:30:23.198 Warning Message: No entry 'bin\config.bin/CfgWorlds/namalsk/Weather/LightingNew/C_Day35.NearCloud'.
 2:30:23.198 Warning Message: No entry 'bin\config.bin/CfgWorlds/namalsk/Weather/LightingNew/C_Day60.NearCloud'.
 2:30:23.198 Warning Message: No entry 'bin\config.bin/CfgWorlds/namalsk/Weather/LightingNew/O_Night.NearCloud'.
 2:30:23.198 Warning Message: No entry 'bin\config.bin/CfgWorlds/namalsk/Weather/LightingNew/O_Astro1.NearCloud'.
 2:30:23.198 Warning Message: No entry 'bin\config.bin/CfgWorlds/namalsk/Weather/LightingNew/O_Nautical1.NearCloud'.
 2:30:23.198 Warning Message: No entry 'bin\config.bin/CfgWorlds/namalsk/Weather/LightingNew/O_Civil1.NearCloud'.
 2:30:23.198 Warning Message: No entry 'bin\config.bin/CfgWorlds/namalsk/Weather/LightingNew/O_Civil2.NearCloud'.
 2:30:23.198 Warning Message: No entry 'bin\config.bin/CfgWorlds/namalsk/Weather/LightingNew/O_Day0.NearCloud'.
 2:30:23.198 Warning Message: No entry 'bin\config.bin/CfgWorlds/namalsk/Weather/LightingNew/O_Day4.NearCloud'.
 2:30:23.198 Warning Message: No entry 'bin\config.bin/CfgWorlds/namalsk/Weather/LightingNew/O_Day8.NearCloud'.
 2:30:23.198 Warning Message: No entry 'bin\config.bin/CfgWorlds/namalsk/Weather/LightingNew/O_Day12.NearCloud'.
 2:30:23.198 Warning Message: No entry 'bin\config.bin/CfgWorlds/namalsk/Weather/LightingNew/O_Day35.NearCloud'.
 2:30:23.198 Warning Message: No entry 'bin\config.bin/CfgWorlds/namalsk/Weather/LightingNew/O_Day60.NearCloud'.
 2:30:23.202 Terrain normal texture loaded (nst\namalsk\data\nam_global_nohq.paa)...
 2:30:23.203 Warning: No components in nst\ns_plants\clutter\forest_piceas.p3d:geometry
 2:30:23.204 Warning: No components in nst\ns_plants\clutter\forest_branch.p3d:geometry
 2:30:23.205 Warning: No components in nst\ns_plants\clutter\forest_branches.p3d:geometry
 2:30:23.205 Warning: No components in nst\ns_plants\clutter\grass_bunch.p3d:geometry
 2:30:23.207 Warning: No components in nst\ns_plants\clutter\grass_reed.p3d:geometry
 2:30:23.207 Warning: No components in nst\ns_plants\clutter\grass_main.p3d:geometry
 2:30:23.207 Warning: No components in nst\ns_plants\clutter\grass_thistle.p3d:geometry
 2:30:23.208 Warning: No components in nst\ns_plants\clutter\grass_thistle2.p3d:geometry
 2:30:23.230 Warning Message: No entry 'bin\config.bin/CfgWorlds/namalsk.nearCloudObject'.
 2:30:23.230 Warning Message: Trying to access error value.
 2:30:23.750 Warning: No components in nst\ns\roads\namasf3_25.p3d:geometry
 2:30:23.750 Warning: No components in nst\ns\roads\namasf3_10 100.p3d:geometry
 2:30:23.750 Warning: No components in nst\ns\roads\namasf3_10 50.p3d:geometry
 2:30:23.750 Warning: No components in nst\ns\roads\namasf3_10 25.p3d:geometry
 2:30:23.751 Warning: No components in nst\ns\roads\namasf3_10 75.p3d:geometry
 2:30:23.752 Warning: No components in dz\structures\roads\decals\decal_concrete_panels.p3d:geometry
 2:30:23.753 Warning: No components in dz\structures\roads\decals\decal_concrete_panels_end2.p3d:geometry
 2:30:23.753 Warning: No components in dz\structures\roads\decals\decal_concrete_panels_end1.p3d:geometry
 2:30:23.753 Warning: No components in nst\ns\roads\namgrav_10 25.p3d:geometry
 2:30:23.753 Warning: No components in nst\ns\roads\namgrav_6konec.p3d:geometry
 2:30:23.753 Warning: No components in nst\ns\roads\namgrav_30 25.p3d:geometry
 2:30:23.753 Warning: No components in nst\ns\roads\namgrav_60 10.p3d:geometry
 2:30:23.753 Warning: No components in nst\ns\roads\namgrav_10 100.p3d:geometry
 2:30:23.753 Warning: No components in nst\ns\roads\namgrav_1 1000.p3d:geometry
 2:30:23.753 Warning: No components in nst\ns\roads\namgrav_7 100.p3d:geometry
 2:30:23.753 Warning: No components in nst\ns\roads\namgrav_6.p3d:geometry
 2:30:23.754 Warning: No components in nst\ns\roads\namgrav_12.p3d:geometry
 2:30:23.754 Warning: No components in nst\ns\roads\namgrav_25.p3d:geometry
 2:30:23.754 Warning: No components in nst\ns\roads\namgrav_22 50.p3d:geometry
 2:30:23.754 Warning: No components in nst\ns\roads\namgrav_15 75.p3d:geometry
 2:30:23.754 Warning: No components in nst\ns\roads\namasf3_6.p3d:geometry
 2:30:23.754 Warning: No components in nst\ns\roads\namasf3_12.p3d:geometry
 2:30:23.755 Warning: No components in nst\ns\roads\namasf3_6konec.p3d:geometry
 2:30:23.755 Warning: No components in nst\ns\roads\namasf3_60 10.p3d:geometry
 2:30:23.755 Warning: No components in nst\ns\roads\namasf3_15 75.p3d:geometry
 2:30:23.758 Warning: No components in nst\ns\roads\namasf3_30 25.p3d:geometry
 2:30:23.758 Warning: No components in nst\ns\roads\namasf3_22 50.p3d:geometry
 2:30:23.759 Warning: No components in nst\ns\roads\nammud_12.p3d:geometry
 2:30:23.759 Warning: No components in nst\ns\roads\nammud_6konec.p3d:geometry
 2:30:23.760 Warning: No components in nst\ns\roads\nammud_10 25.p3d:geometry
 2:30:23.760 Warning: No components in nst\ns\roads\nammud_25.p3d:geometry
 2:30:23.760 Warning: No components in nst\ns\roads\nammud_10 100.p3d:geometry
 2:30:23.762 Warning: No components in nst\ns\roads\nammud_6.p3d:geometry
 2:30:23.763 Warning: No components in nst\ns\roads\nammud_10 50.p3d:geometry
 2:30:23.763 Warning: No components in nst\ns\roads\namasf3_1 1000.p3d:geometry
 2:30:23.765 Warning: No components in nst\ns\roads\nammud_10 75.p3d:geometry
 2:30:23.766 Warning: No components in nst\ns\roads\namasf3_0 2000.p3d:geometry
 2:30:23.768 Warning: No components in nst\ns\roads\namgrav_10 50.p3d:geometry
 2:30:23.769 Warning: No components in nst\ns\roads\namgrav_10 75.p3d:geometry
 2:30:23.778 Warning: No components in dz\structures\roads\parts\path_dirt_curve.p3d:geometry
 2:30:23.786 NETWORK      : Network simulation
 2:30:23.786  Loading landscape 'namalsk'
 2:30:23.786   WORLD        : Create entity type 'Land_pas_amps_solo'
 2:30:23.786    ENTITY    (E): Type 'HouseType' must be inherited from class 'PASReceiverType'
 2:30:23.787 Warning Message: unable to load doorWoodRattle from CfgActionSounds
 2:30:23.792 Warning: No components in nst\ns_plants\bush\reed_dark.p3d:geometry
 2:30:23.792 Warning: No components in nst\ns_plants\bush\reed_dark.p3d:geometryFire
 2:30:23.871 Warning: No components in dz\structures\industrial\misc\misc_pallets1.p3d:geometry
 2:30:23.875 Warning: No components in nst\ns2\misc\decals\road_damage_long_01.p3d:geometry
 2:30:23.875 Warning: No components in nst\ns2\misc\decals\road_damage_long_04.p3d:geometry
 2:30:23.883   ENTITY       : Load entity type 'land_seb_garage'
 2:30:23.883    ENTITY    (W): Door 'doorstwin1' is missing geometry components for selection 'doorstwin1', check model+config
 2:30:23.887 Warning: No components in nst\ns_plants\bush\grass_bunch_s.p3d:geometry
 2:30:23.887   ENTITY       : Load entity type 'Land_Container_1Aoh'
 2:30:23.887    ENTITY    (W): Door 'DoorsTwin1' is missing geometry components for selection 'DoorsTwin1', check model+config
 2:30:23.889   WORLD        : Create entity type 'Land_radio_panelpas'
 2:30:23.889    ENTITY    (E): Type 'HouseType' must be inherited from class 'PASBroadcasterType'
 2:30:23.896 PerfWarning: Way too much components (982) in dz\structures\industrial\houses\factory_small.p3d:geometryFire
 2:30:23.897 Warning: No components in dz\structures\residential\misc\garbage_pile2.p3d:geometry
 2:30:23.897 Warning: No components in dz\structures\roads\decals\decal_concrete_panel.p3d:geometry
 2:30:23.900   ENTITY       : Load entity type 'Land_Factory_Small'
 2:30:23.900    ENTITY    (W): Door 'DoorsTwin1' is missing geometry components for selection 'DoorsTwin1', check model+config
 2:30:23.900    ENTITY    (W): Door 'DoorsTwin2' is missing geometry components for selection 'DoorsTwin2', check model+config
 2:30:23.902 Warning: No components in dz\structures\wrecks\vehicles\wreck_decal_small2.p3d:geometry
 2:30:23.917 Warning: No components in dz\structures\furniture\school_equipment\tac_board.p3d:geometry
 2:30:23.917 Warning: No components in dz\structures\furniture\school_equipment\intercom_speaker.p3d:geometry
 2:30:23.918 Warning: No components in dz\structures\furniture\lighting\fluor_lamp\fluor_lamp.p3d:geometry
 2:30:23.919   ENTITY       : Load entity type 'Land_Container_1Bo'
 2:30:23.919    ENTITY    (W): Door 'DoorsTwin1' is missing geometry components for selection 'DoorsTwin1', check model+config
 2:30:23.919    ENTITY    (W): Door 'DoorsTwin2' is missing geometry components for selection 'DoorsTwin2', check model+config
 2:30:23.920 DamageSystem Warning: Selection doors7 doesn't exists in fire geometry for entity land_budova2_winter
 2:30:23.920   ENTITY       : Load entity type 'land_budova2_winter'
 2:30:23.920    ENTITY    (W): Door 'DoorsTwin1' is missing geometry components for selection 'DoorsTwin1', check model+config
 2:30:23.944   ENTITY       : Load entity type 'Land_Container_1Mo'
 2:30:23.944    ENTITY    (W): Door 'DoorsTwin1' is missing geometry components for selection 'DoorsTwin1', check model+config
 2:30:23.944    ENTITY    (W): Door 'DoorsTwin2' is missing geometry components for selection 'DoorsTwin2', check model+config
 2:30:23.946 DamageSystem Warning: Selection doors3 doesn't exists in fire geometry for entity land_budova3_winter
 2:30:23.947 DamageSystem Warning: Selection doors3 doesn't exists in fire geometry for entity land_budova1_winter
 2:30:23.947   ENTITY       : Load entity type 'land_budova1_winter'
 2:30:23.947    ENTITY    (W): Door 'DoorsTwin1' is missing geometry components for selection 'DoorsTwin1', check model+config
 2:30:23.951 Unknown hit sound type in dz\data\data\penetration\weaponLift.bisurf.soundHit
 2:30:23.958 Warning: No components in nst\ns2\build\arma2\snowman.p3d:geometryView
 2:30:23.963   WORLD        : Create entity type 'Land_radio_panelbig'
 2:30:23.963    ENTITY    (E): Type 'HouseType' must be inherited from class 'StaticTransmitterType'
 2:30:23.965 Warning: No components in dz\structures\roads\sidewalks\sidewalk3_narrow_4m.p3d:geometry
 2:30:23.978 Warning: No components in dz\structures\furniture\lighting\light_kitchen_03\light_kitchen_03.p3d:geometry
 2:30:23.983 DamageSystem Warning: Selection doors6 doesn't exists in fire geometry for entity land_vys_budova_p1
 2:30:23.983 DamageSystem Warning: Selection doors7 doesn't exists in fire geometry for entity land_vys_budova_p1
 2:30:23.984   ENTITY       : Load entity type 'land_vys_budova_p1'
 2:30:23.984    ENTITY    (W): Unknown object class 'thing' (dz\structures\furniture\eletrical_appliances\washing_machine\washing_machine.p3d)
 2:30:23.985    ENTITY    (W): Unknown object class 'thing' (dz\structures\furniture\eletrical_appliances\washing_machine\washing_machine.p3d)
 2:30:23.985    ENTITY    (W): Unknown object class 'thing' (dz\structures\furniture\eletrical_appliances\washing_machine\washing_machine.p3d)
 2:30:24.02  DamageSystem Warning: Selection doors7 doesn't exists in fire geometry for entity Land_Mil_Barracks3
 2:30:24.02    ENTITY       : Load entity type 'Land_Mil_Barracks3'
 2:30:24.02     ENTITY    (W): Door 'DoorsTwin1' is missing geometry components for selection 'DoorsTwin1', check model+config
 2:30:24.03  DamageSystem Warning: Selection doors3 doesn't exists in fire geometry for entity land_budova3
 2:30:24.03    ENTITY       : Load entity type 'land_budova3'
 2:30:24.04     ENTITY    (W): Door 'doorstwin1' is missing geometry components for selection 'doorstwin1', check model+config
 2:30:24.05  Warning: No components in nst\ns2\misc\decals\road_damage_long_03.p3d:geometry
 2:30:24.09  Warning: No components in nst\ns2\build\tunnel\tunnel_grass.p3d:geometry
 2:30:24.10  Warning: No components in nst\ns_plants\bush\reed_dark_f.p3d:geometry
 2:30:24.10  Warning: No components in nst\ns_plants\bush\reed_dark_f.p3d:geometryFire
 2:30:24.10  DamageSystem Warning: Selection doors3 doesn't exists in fire geometry for entity Land_Mil_Barracks1
 2:30:24.10    ENTITY       : Load entity type 'Land_Mil_Barracks1'
 2:30:24.10     ENTITY    (W): Door 'DoorsTwin1' is missing geometry components for selection 'DoorsTwin1', check model+config
 2:30:24.18  Warning: No components in dz\structures\walls\wall_fen2_6.p3d:geometryView
 2:30:24.18  Warning: No components in nst\ns2\misc\decals\road_damage_medium_01.p3d:geometry
 2:30:24.21  DamageSystem Warning: Selection doors5 doesn't exists in fire geometry for entity Land_Mil_Barracks4
 2:30:24.50  Fresnel k must be >0, given n=1,k=0
 2:30:24.50  Fresnel k must be >0, given n=1,k=0
 2:30:24.52  Fresnel k must be >0, given n=1,k=0
 2:30:24.52  Fresnel k must be >0, given n=1,k=0
 2:30:24.52  Fresnel k must be >0, given n=1,k=0
 2:30:24.57  Warning: No components in dz\structures\furniture\various\vise.p3d:geometry
 2:30:24.73  Warning: No components in nst\ns2\misc\decals\road_damage_medium_02.p3d:geometry
 2:30:24.75  Warning: No components in nst\ns2\misc\decals\road_damage_long_05.p3d:geometry
 2:30:24.80    ENTITY       : Load entity type 'Land_Garage_Small'
 2:30:24.80     ENTITY    (W): Door 'DoorsTwin1' is missing geometry components for selection 'DoorsTwin1', check model+config
 2:30:24.90  PerfWarning: Way too much components (564) in dz\structures\military\houses\mil_barracks5.p3d:geometryFire
 2:30:24.94  Warning: No components in dz\structures\industrial\cementworks\proxy\misc_pallet.p3d:geometryFire
 2:30:24.96    ENTITY       : Load entity type 'Land_Mil_Barracks5'
 2:30:24.96     ENTITY    (W): Door 'DoorsTwin1' is missing geometry components for selection 'DoorsTwin1', check model+config
 2:30:24.100 Warning: No components in dz\structures\military\improvised\mil_camonet_side_east.p3d:geometryView
 2:30:24.118 Warning Message: No entry 'bin\config.bin/CfgVehicles/land_nor_watchtower/Doors/Door1.soundOpenABit'.
 2:30:24.118 Warning Message: Trying to access error value.
 2:30:24.193 PerfWarning: Way too much components (628) in dz\structures\ruins\rubble_dirtpile_medium2.p3d:geometryFire
 2:30:24.195   ENTITY       : Load entity type 'Land_Workshop2'
 2:30:24.195    ENTITY    (W): Door 'DoorsTwin1' is missing geometry components for selection 'DoorsTwin1', check model+config
 2:30:24.201 Warning: No components in nst\ns2\misc\decals\road_damage_long_02.p3d:geometry
 2:30:24.202 Warning: No components in dz\structures\residential\misc\misc_boundarystone_plastic.p3d:geometry
 2:30:24.204 Warning Message: unable to load doorCarSmallRattle from CfgActionSounds
 2:30:24.210 Fresnel k must be >0, given n=1,k=0
 2:30:24.210 Fresnel k must be >0, given n=1,k=0
 2:30:24.212   ENTITY       : Load entity type 'Land_Wreck_S1023_Beige'
 2:30:24.212    ENTITY    (W): Door 'DoorsTwin1' is missing geometry components for selection 'DoorsTwin1', check model+config
 2:30:24.215 Warning: No components in dz\structures\walls\wall_railing_2.p3d:geometryView
 2:30:24.222 PerfWarning: Way too much components (501) in dz\structures\wrecks\vehicles\wreck_volha_grey.p3d:geometryFire
 2:30:24.225 Warning: No components in dz\structures\ruins\rubble_glass.p3d:geometry
 2:30:24.236 Fresnel k must be >0, given n=1,k=0
 2:30:24.252 Fresnel k must be >0, given n=1,k=0
 2:30:24.252 Fresnel k must be >0, given n=1,k=0
 2:30:24.253 Warning: No components in nst\ns\water\lakewater_still.p3d:geometry
 2:30:24.255   ENTITY       : Load entity type 'Land_Wreck_S1023_Blue'
 2:30:24.255    ENTITY    (W): Door 'DoorsTwin1' is missing geometry components for selection 'DoorsTwin1', check model+config
 2:30:24.255   ENTITY    (W): Unknown object class 'pond' (nst\ns\water\lakewater_still.p3d)
 2:30:24.262 Warning: No components in nst\ns2\build\tunnel\tunnel_forest.p3d:geometry
 2:30:24.265 Fresnel k must be >0, given n=1,k=0
 2:30:24.267 Fresnel k must be >0, given n=1,k=0
 2:30:24.267 Fresnel k must be >0, given n=1,k=0
 2:30:24.267 Fresnel k must be >0, given n=1,k=0
 2:30:24.272 Warning: No components in dz\structures\roads\sidewalks\sidewalk3_wide_corner.p3d:geometry
 2:30:24.274 Warning: No components in dz\structures\walls\wall_railing_endr.p3d:geometryView
 2:30:24.292 PerfWarning: Way too much components (1020) in dz\structures\industrial\cementworks\cementworks_expeditiona.p3d:geometryFire
 2:30:24.293 Warning: No components in dz\structures\industrial\cementworks\proxy\ground_garbage_long_fix.p3d:geometry
 2:30:24.323   ENTITY       : Load entity type 'Land_CementWorks_Hall2_Brick'
 2:30:24.323    ENTITY    (W): Door 'DoorsTwin1' is missing geometry components for selection 'DoorsTwin1', check model+config
 2:30:24.336   ENTITY       : Load entity type 'Land_Workshop3'
 2:30:24.336    ENTITY    (W): Door 'DoorsTwin1' is missing geometry components for selection 'DoorsTwin1', check model+config
 2:30:24.336    ENTITY    (W): Door 'DoorsTwin2' is missing geometry components for selection 'DoorsTwin2', check model+config
 2:30:24.352   ENTITY       : Load entity type 'Land_Workshop4'
 2:30:24.352    ENTITY    (W): Door 'DoorsTwin1' is missing geometry components for selection 'DoorsTwin1', check model+config
 2:30:24.371 PerfWarning: Way too much components (700) in dz\structures\industrial\mines\mine_building.p3d:geometryFire
 2:30:24.382   ENTITY       : Load entity type 'Land_Workshop1'
 2:30:24.382    ENTITY    (W): Door 'DoorsTwin1' is missing geometry components for selection 'DoorsTwin1', check model+config
 2:30:24.393 Warning: No components in dz\structures\roads\panels\path_panels.p3d:geometry
 2:30:24.393 Warning: No components in dz\structures\roads\panels\path_panels.p3d:geometryFire
 2:30:24.404 PerfWarning: Way too much components (547) in dz\structures\specific\airfields\airfield_small_control.p3d:geometryFire
 2:30:24.406 Warning: No components in dz\structures\furniture\various\carpet_2_dz.p3d:geometry
 2:30:24.408 Warning: No components in dz\structures\furniture\various\sawhorse_dz.p3d:geometryView
 2:30:24.411   ENTITY       : Load entity type 'Land_Airfield_Small_Control'
 2:30:24.412    ENTITY    (W): Unknown object class 'thing' (dz\structures\furniture\eletrical_appliances\washing_machine\washing_machine.p3d)
 2:30:24.412    ENTITY    (W): Unknown object class 'thing' (dz\structures\furniture\eletrical_appliances\washing_machine\washing_machine.p3d)
 2:30:24.413    ENTITY    (W): Unknown object class 'thing' (dz\structures\furniture\eletrical_appliances\washing_machine\washing_machine.p3d)
 2:30:24.413    ENTITY    (W): Unknown object class 'thing' (dz\structures\furniture\eletrical_appliances\washing_machine\washing_machine.p3d)
 2:30:24.420 Warning: No components in dz\water_sakhal\ice_lake\sakhal_50x50_ice_underlayer.p3d:geometry
 2:30:24.423   ENTITY    (W): Unknown object class 'pond' (dz\water_sakhal\ice_lake\sakhal_50x50_ice_lake_clear.p3d)
 2:30:24.433 DamageSystem Warning: Selection doors2 doesn't exists in fire geometry for entity land_seb_bouda1
 2:30:24.437 Warning: No components in dz\structures\industrial\harbour\pier_crane_rails.p3d:geometry
 2:30:24.472 PerfWarning: Way too much components (1200) in dz\structures\residential\offices\office2.p3d:geometryFire
 2:30:24.480 PerfWarning: Way too much components (506) in dz\structures\residential\offices\proxy\a_office02_metalbars.p3d:geometryFire
 2:30:24.483   ENTITY       : Load entity type 'Land_Office2'
 2:30:24.483    ENTITY    (W): Door 'DoorsTwin1' is missing geometry components for selection 'DoorsTwin1', check model+config
 2:30:24.483    ENTITY    (W): Door 'DoorsTwin2' is missing geometry components for selection 'DoorsTwin2', check model+config
 2:30:24.483    ENTITY    (W): Door 'DoorsTwin3' is missing geometry components for selection 'DoorsTwin3', check model+config
 2:30:24.483    ENTITY    (W): Door 'DoorsTwin4' is missing geometry components for selection 'DoorsTwin4', check model+config
 2:30:24.483    ENTITY    (W): Door 'DoorsTwin5' is missing geometry components for selection 'DoorsTwin5', check model+config
 2:30:24.494 PerfWarning: Way too much components (677) in dz\structures\residential\medical\city_hospital.p3d:geometryFire
 2:30:24.497 Warning: No components in dz\structures\proxy_buildingparts\lightningcond\lightningconductorbottom\lightningconductorbottom.p3d:geometryView
 2:30:24.500   ENTITY       : Load entity type 'Land_City_Hospital'
 2:30:24.500    ENTITY    (W): Door 'DoorsTwin1' is missing geometry components for selection 'DoorsTwin1', check model+config
 2:30:24.507 PerfWarning: Way too much components (601) in dz\structures\industrial\construction\construction_crane.p3d:geometryFire
 2:30:24.522 PerfWarning: Way too much components (1027) in dz\structures\residential\offices\office1.p3d:geometryFire
 2:30:24.524 Warning: No components in dz\structures\residential\offices\proxy\zarivky.p3d:geometry
 2:30:24.525 Warning: No components in dz\structures\furniture\various\flagholder.p3d:geometryView
 2:30:24.530   ENTITY       : Load entity type 'Land_Office1'
 2:30:24.531    ENTITY    (W): Door 'DoorsTwin1' is missing geometry components for selection 'DoorsTwin1', check model+config
 2:30:24.531    ENTITY    (W): Door 'DoorsTwin2' is missing geometry components for selection 'DoorsTwin2', check model+config
 2:30:24.531    ENTITY    (W): Door 'DoorsTwin3' is missing geometry components for selection 'DoorsTwin3', check model+config
 2:30:24.531    ENTITY    (W): Door 'DoorsTwin4' is missing geometry components for selection 'DoorsTwin4', check model+config
 2:30:24.531    ENTITY    (W): Door 'DoorsTwin5' is missing geometry components for selection 'DoorsTwin5', check model+config
 2:30:24.531    ENTITY    (W): Door 'DoorsTwin6' is missing geometry components for selection 'DoorsTwin6', check model+config
 2:30:24.531    ENTITY    (W): Door 'DoorsTwin7' is missing geometry components for selection 'DoorsTwin7', check model+config
 2:30:24.552   ENTITY       : Load entity type 'Land_Container_1Moh'
 2:30:24.552    ENTITY    (W): Door 'DoorsTwin1' is missing geometry components for selection 'DoorsTwin1', check model+config
 2:30:24.556 DamageSystem Warning: Selection doors2 doesn't exists in fire geometry for entity Land_Wall_Gate_FenG_Open
 2:30:24.573 Warning: No components in dz\structures\military\improvised\mil_tent_big2_1.p3d:geometryFire
 2:30:24.573 Warning: No components in dz\structures\military\improvised\mil_tent_big2_1.p3d:geometryView
 2:30:24.575 Warning: No components in nst\ns\water\lakewater.p3d:geometry
 2:30:24.576 Warning: No components in dz\structures\military\improvised\proxy\tent_big2.p3d:geometry
 2:30:24.579   ENTITY    (W): Unknown object class 'pond' (nst\ns\water\lakewater.p3d)
 2:30:24.587 Warning: No components in dz\structures\industrial\misc\misc_timbers_log1.p3d:geometry
 2:30:24.587 Warning: No components in dz\structures\industrial\misc\misc_timbers_log2.p3d:geometry
 2:30:24.587 Warning: No components in dz\structures\industrial\misc\misc_timbers_log3.p3d:geometry
 2:30:24.596 Warning: No components in nst\ns2\build\arma2\heli_h_army.p3d:geometry
 2:30:24.630 Warning: No components in nst\ns\misc\lamps\town_lamp_2.p3d:geometryView
 2:30:24.631   ENTITY       : Load entity type 'Land_Garage_Row_Small'
 2:30:24.632    ENTITY    (W): Door 'DoorsTwin1' is missing geometry components for selection 'DoorsTwin1', check model+config
 2:30:24.632    ENTITY    (W): Door 'DoorsTwin2' is missing geometry components for selection 'DoorsTwin2', check model+config
 2:30:24.632    ENTITY    (W): Door 'DoorsTwin3' is missing geometry components for selection 'DoorsTwin3', check model+config
 2:30:24.634 Warning: No components in dz\structures\walls\wall_railing_endl.p3d:geometryView
 2:30:24.636 Warning: No components in dz\structures\residential\misc\misc_seesaw.p3d:geometryFire
 2:30:24.636 Warning: No components in dz\structures\residential\misc\misc_seesaw.p3d:geometryView
 2:30:24.651 Warning: No components in dz\structures\roads\decals\decal_crosswalk.p3d:geometry
 2:30:24.741 PerfWarning: Way too much components (562) in dz\structures\residential\stores\city_store_withstairs.p3d:geometryFire
 2:30:24.744   ENTITY       : Load entity type 'Land_City_Store_WithStairs'
 2:30:24.744    ENTITY    (W): Door 'DoorsTwin1' is missing geometry components for selection 'DoorsTwin1', check model+config
 2:30:24.744    ENTITY    (W): Door 'DoorsTwin2' is missing geometry components for selection 'DoorsTwin2', check model+config
 2:30:24.744    ENTITY    (W): Door 'DoorsTwin3' is missing geometry components for selection 'DoorsTwin3', check model+config
 2:30:24.744    ENTITY    (W): Door 'DoorsTwin4' is missing geometry components for selection 'DoorsTwin4', check model+config
 2:30:24.744    ENTITY    (W): Door 'DoorsTwin5' is missing geometry components for selection 'DoorsTwin5', check model+config
 2:30:24.748   ENTITY       : Load entity type 'land_vor_apartment_high_2'
 2:30:24.748    ENTITY    (W): Door 'doorstwin1' is missing geometry components for selection 'doorstwin1', check model+config
 2:30:24.756 PerfWarning: Way too much components (647) in dz\structures\residential\tenements\tenement_small.p3d:geometryFire
 2:30:24.762   ENTITY       : Load entity type 'Land_Tenement_Small'
 2:30:24.762    ENTITY    (W): Unknown object class 'thing' (dz\structures\furniture\eletrical_appliances\washing_machine\washing_machine.p3d)
 2:30:24.762    ENTITY    (W): Unknown object class 'thing' (dz\structures\furniture\eletrical_appliances\washing_machine\washing_machine.p3d)
 2:30:24.762    ENTITY    (W): Unknown object class 'thing' (dz\structures\furniture\eletrical_appliances\washing_machine\washing_machine.p3d)
 2:30:24.763    ENTITY    (W): Unknown object class 'thing' (dz\structures\furniture\eletrical_appliances\washing_machine\washing_machine.p3d)
 2:30:24.763    ENTITY    (W): Unknown object class 'thing' (dz\structures\furniture\eletrical_appliances\washing_machine\washing_machine.p3d)
 2:30:24.763    ENTITY    (W): Unknown object class 'thing' (dz\structures\furniture\eletrical_appliances\washing_machine\washing_machine.p3d)
 2:30:24.763    ENTITY    (W): Unknown object class 'thing' (dz\structures\furniture\eletrical_appliances\washing_machine\washing_machine.p3d)
 2:30:24.766 Warning: No components in dz\structures\walls\wall_fenr_pole.p3d:geometryView
 2:30:24.770 Warning: No components in dz\structures\residential\misc\misc_sandbox.p3d:geometry
 2:30:24.770 Warning: No components in dz\structures\wrecks\vehicles\wreck_decal_small1.p3d:geometry
 2:30:24.770 Warning: No components in nst\ns_sounds\entities\sfx_playground.p3d:geometry
 2:30:24.776 Warning: No components in dz\structures\military\misc\misc_obstacle_runaround.p3d:geometryView
 2:30:24.787 Warning: No components in dz\structures\residential\misc\misc_boundarystone_tube.p3d:geometry
 2:30:24.787 Warning: No components in dz\structures\walls\wall_fen2_6_hole.p3d:geometryView
 2:30:24.800 Warning: No components in dz\structures\residential\misc\misc_boundarystone.p3d:geometry
 2:30:24.811 Warning: No components in dz\structures\wrecks\vehicles\wreck_trailer_closed.p3d:geometryView
 2:30:24.831   ENTITY       : Load entity type 'Land_House_2W04'
 2:30:24.831    ENTITY    (W): Door 'DoorsTwin1' is missing geometry components for selection 'DoorsTwin1', check model+config
 2:30:24.837 Convex "component117" selection faces are less then 4 in dz\structures\residential\houses\house_1w08_brown.p3d:geometryView
 2:30:24.837 Convex "component120" selection faces are less then 4 in dz\structures\residential\houses\house_1w08_brown.p3d:geometryView
 2:30:24.838 Warning: No components in dz\structures_bliss\ruins\proxy\bed_large_metal.p3d:geometryView
 2:30:24.838 Warning: No components in dz\structures_bliss\ruins\proxy\carpet_big_dirty2.p3d:geometry
 2:30:24.838 Warning: No components in dz\structures_bliss\ruins\proxy\carpet_big_dirty2.p3d:geometryView
 2:30:24.842   ENTITY       : Load entity type 'Land_House_1W08_Brown'
 2:30:24.842    ENTITY    (W): Unknown object class 'thing' (dz\structures\furniture\eletrical_appliances\washing_machine\washing_machine.p3d)
 2:30:24.842    ENTITY    (W): Unknown object class 'thing' (dz\structures\furniture\eletrical_appliances\washing_machine\washing_machine.p3d)
 2:30:24.842    ENTITY    (W): Unknown object class 'thing' (dz\structures\furniture\eletrical_appliances\washing_machine\washing_machine.p3d)
 2:30:24.847 Convex "component34" selection faces are less then 4 in dz\structures\residential\houses\house_1w11.p3d:geometry
 2:30:24.880 Warning: No components in dz\structures\furniture\various\debris_small_house.p3d:geometry
 2:30:24.880 Warning: No components in dz\structures\furniture\various\debris_small_house.p3d:geometryView
 2:30:24.880 Warning: No components in dz\structures\furniture\school_equipment\wall_hanger.p3d:geometry
 2:30:24.899 Warning: No components in dz\structures\signs\misc\sign_decal_govschool.p3d:geometry
 2:30:24.900   ENTITY    (W): Unknown object class 'pond' (dz\water_sakhal\ice_lake\sakhal_50x50_ice_lake_clear.p3d)
 2:30:24.916 PerfWarning: Way too much components (560) in dz\structures\industrial\power\power_station.p3d:geometryFire
 2:30:24.919 Warning: No components in dz\structures\industrial\cementworks\proxy\ground_garbage_square7_fix.p3d:geometry
 2:30:24.930 PerfWarning: Way too much components (642) in dz\structures\residential\tenements\tenement_big.p3d:geometryFire
 2:30:24.932 Warning: No components in dz\structures\residential\tenements\proxy\tb_big_ladders.p3d:geometryView
 2:30:24.935 Warning: No components in dz\structures\residential\tenements\proxy\tenement_big_win_single.p3d:geometryView
 2:30:24.936 Warning: No components in dz\structures\residential\tenements\proxy\tenement_big_win.p3d:geometryView
 2:30:24.937 Warning: No components in dz\structures\residential\tenements\proxy\balcony_rail.p3d:geometry
 2:30:24.938 Warning: No components in dz\structures\residential\tenements\proxy\balcony_rail.p3d:geometryView
 2:30:24.938 Warning: No components in dz\structures\residential\tenements\proxy\tb_big_doorsframe_extract.p3d:geometry
 2:30:24.944   ENTITY       : Load entity type 'Land_Tenement_Big'
 2:30:24.944    ENTITY    (W): Unknown object class 'thing' (dz\structures\furniture\eletrical_appliances\washing_machine\washing_machine.p3d)
 2:30:24.944    ENTITY    (W): Unknown object class 'thing' (dz\structures\furniture\eletrical_appliances\washing_machine\washing_machine.p3d)
 2:30:24.945    ENTITY    (W): Unknown object class 'thing' (dz\structures\furniture\eletrical_appliances\washing_machine\washing_machine.p3d)
 2:30:24.945    ENTITY    (W): Unknown object class 'thing' (dz\structures\furniture\eletrical_appliances\washing_machine\washing_machine.p3d)
 2:30:24.945    ENTITY    (W): Unknown object class 'thing' (dz\structures\furniture\eletrical_appliances\washing_machine\washing_machine.p3d)
 2:30:24.945    ENTITY    (W): Unknown object class 'thing' (dz\structures\furniture\eletrical_appliances\washing_machine\washing_machine.p3d)
 2:30:24.946    ENTITY    (W): Unknown object class 'thing' (dz\structures\furniture\eletrical_appliances\washing_machine\washing_machine.p3d)
 2:30:24.946    ENTITY    (W): Unknown object class 'thing' (dz\structures\furniture\eletrical_appliances\washing_machine\washing_machine.p3d)
 2:30:24.946    ENTITY    (W): Unknown object class 'thing' (dz\structures\furniture\eletrical_appliances\washing_machine\washing_machine.p3d)
 2:30:24.966 Warning: No components in dz\structures\ruins\rubble_dirtpile_small.p3d:geometry
 2:30:24.967 PerfWarning: Way too much components (660) in dz\structures\ruins\rubble_dirtpile_small.p3d:geometryFire
 2:30:25.216  PROFILING    : Loading landscape took: 2017.719700 ms
 2:30:27.455  SCRIPT       : Module: Mission; loaded 315x files; 629x classes; used 4065/33554 kB (12) of static memory; defines: "DAYZ_1_29,SERVER_FOR_WINDOWS,SERVER,PLATFORM_WINDOWS,RELEASE,NO_GUI,NO_GUI_INGAME,DabsFramework,sakhal,JM_CommunityFramework,CF_MODULE_CONFIG,CF_EXPRESSION,CF_TRACE_STACK_NAME_ASSUMPTION_FIX,CF_GHOSTICONS,CF_MODSTORAGE,CF_SURFACES,CF_MODULES,CF_REF_FIX,CF_BUGFIX_REF,CF_BUGFIX_XML,CF_VIRTUALSTORAGE_FIX,CF_DOUBLYLINKEDNODES,CF_ONUPDATE_RATE_LIMIT,CF_LOG_TIMESTAMP,NAMALSK_ISLAND,NAMALSK_SURVIVAL,AVPPAdminTools,AVPPAdminToolsTranslate,DayZ,FEATURE_CURSOR,FEATURE_NETWORK_RECONCILIATION,FEATURE_NETWORK_RECONCILATION,ENABLE_CAROUSEL,VPPADMINTOOLS,VPPAT_NOTIFICATIONS"; CRC32: 00000000
 2:30:27.505  SCRIPT       : Module: $CurrentDir:mpmissions\regular.namalsk\init.c; loaded 1x files; 1x classes; used 4/1048 kB (0) of static memory; defines: "DAYZ_1_29,SERVER_FOR_WINDOWS,SERVER,PLATFORM_WINDOWS,RELEASE,NO_GUI,NO_GUI_INGAME,DabsFramework,sakhal,JM_CommunityFramework,CF_MODULE_CONFIG,CF_EXPRESSION,CF_TRACE_STACK_NAME_ASSUMPTION_FIX,CF_GHOSTICONS,CF_MODSTORAGE,CF_SURFACES,CF_MODULES,CF_REF_FIX,CF_BUGFIX_REF,CF_BUGFIX_XML,CF_VIRTUALSTORAGE_FIX,CF_DOUBLYLINKEDNODES,CF_ONUPDATE_RATE_LIMIT,CF_LOG_TIMESTAMP,NAMALSK_ISLAND,NAMALSK_SURVIVAL,AVPPAdminTools,AVPPAdminToolsTranslate,DayZ,FEATURE_CURSOR,FEATURE_NETWORK_RECONCILIATION,FEATURE_NETWORK_RECONCILATION"; CRC32: 00000000
 2:30:27.505  SCRIPT       : [SERVER :: Vanilla++ AdminTools Plugins Registering]
 2:30:27.697  SCRIPT       : [VPPAdminTools] Error parsing credentials.txt! Please input a valid password, with no // at the start of the line!
 2:30:27.732 DamageSystem Warning: Missing GlobalHealth subclass in DamageSystem class for entity type land_a3_flaxbt_panel
 2:30:27.740 DamageSystem Warning: Missing GlobalHealth subclass in DamageSystem class for entity type land_sea_oilrig_printer
 2:30:27.741  SCRIPT    (W): scripts/3_Game/undergroundarealoader.c:138 | SpawnAllTriggerCarriers | [WARNING] :: [UndergroundAreaLoader GetData()] :: file not found in MISSION folder, your path is $mission:cfgundergroundtriggers.json Attempting DATA folder
 2:30:27.741  SCRIPT    (W): scripts/3_Game/undergroundarealoader.c:138 | SpawnAllTriggerCarriers | [WARNING] :: [UndergroundAreaLoader GetData()] ::file not found in DATA folder, your path is dz/worlds/namalsk/ce/cfgundergroundtriggers.json
 2:30:27.741 String "STR_DN_UNKNOWN" not found (not in localization table)
 2:30:27.742 String "STR_DN_UNKNOWN" not found (not in localization table)
 2:30:27.742 String "STR_DN_UNKNOWN" not found (not in localization table)
 2:30:27.744 Warning: No components in nst\ns_dayz\gear\lore\paper_files.p3d:geometry
 2:30:27.746  SCRIPT       : [MissionServer] OnInit - Server
 2:30:27.746  SCRIPT       : [Namalsk][NamEventManager]: Next selection will occur in 978 seconds
 2:30:27.746  SCRIPT       : [Namalsk][NamEventManager]: NamEventManager is now running
 2:30:27.747 Warning Message: Cannot open object bmp.p3d
 2:30:27.748  SCRIPT       : [MissionServer] OnMissionStart - Server
 2:30:27.798  SCRIPT       : string dirtyName = 'SVOBODADayZ'
 2:30:27.798 [CE][Hive] :: Initializing OFFLINE
 2:30:27.798 [StorageDirs] :: Selected storage directory: G:\SteamLibrary\steamapps\common\DayZServer\mpmissions\regular.namalsk\storage_1\
 2:30:27.798  ENGINE       : FileSystem: Adding relative directory 'G:\SteamLibrary\steamapps\common\DayZServer\mpmissions\regular.namalsk\storage_1' to RV filesystem under name storage
 2:30:27.800 [CE][Hive] :: Loading core data ... 
 2:30:27.800 [CE][CoreData] :: 8 root classes, 0 defaults, 0 updaters...
 2:30:27.889 Warning: No components in dz\structures\industrial\misc\misc_timbers_log4.p3d:geometry
 2:30:27.898 Convex "component81" selection faces are less then 4 in dz\structures\residential\houses\house_2w02.p3d:geometryView
 2:30:27.898  ENTITY       : Load entity type 'Land_House_2W02'
 2:30:27.898   ENTITY    (W): Door 'DoorsTwin1' is missing geometry components for selection 'DoorsTwin1', check model+config
 2:30:27.900 Warning: No components in dz\structures\furniture\decoration\carpet_big\carpet_big.p3d:geometry
 2:30:27.921  ENTITY    (W): Unknown object class 'pond' (dz\water_sakhal\ice_lake\sakhal_50x50_ice_lake_clear.p3d)
 2:30:27.944 [CE][Hive] :: Loading map data ... 
 2:30:27.973 Warning: No components in dz\characters\gloves\hands3_m.p3d:geometry
 2:30:27.974 Warning: No components in dz\characters\gloves\hands3_f.p3d:geometry
 2:30:27.978 Warning: No components in dz\characters\gloves\surgical_gloves_g.p3d:geometry
 2:30:27.982 Warning: No components in dz\characters\gloves\paddedgloves_g.p3d:geometry
 2:30:27.984 Warning: No components in dz\characters\headgear\helmetmich_g.p3d:geometry
 2:30:27.987 Warning: No components in dz\characters\headgear\head_sack_g.p3d:geometryFire
 2:30:27.987 Warning: No components in dz\characters\headgear\head_sack_g.p3d:geometryView
 2:30:27.988 Warning: No components in dz\characters\headgear\pumpkinhelmet_g.p3d:geometry
 2:30:27.990 Warning: No components in dz\characters\headgear\headtorch_ground.p3d:geometry
 2:30:27.992 Warning: No components in dz\characters\headgear\militaryberet_g.p3d:geometryFire
 2:30:27.993 Warning: No components in dz\characters\headgear\militaryberet_un_g.p3d:geometryFire
 2:30:27.993 Warning: No components in dz\characters\headgear\militaryberet_nz_g.p3d:geometryFire
 2:30:27.993 Warning: No components in dz\characters\headgear\militaryberet_chdkz_g.p3d:geometryFire
 2:30:27.994 Warning: No components in dz\characters\headgear\militaryberet_cdf_g.p3d:geometryFire
 2:30:28.04  Warning: No components in dz\characters\headgear\prison_cap_g.p3d:geometryView
 2:30:28.08  Warning: No components in dz\characters\headgear\mxhelmet_visor.p3d:geometry
 2:30:28.10  Warning: No components in dz\characters\headgear\santashat_g.p3d:geometryView
 2:30:28.10  Warning: No components in dz\characters\headgear\witchhood_g.p3d:geometryView
 2:30:28.18  Warning: No components in dz\characters\headgear\wolfheaddress_g.p3d:geometry
 2:30:28.23  Warning: No components in dz\characters\heads\m_adam.p3d:geometry
 2:30:28.24  Warning: No components in dz\characters\heads\f_frida_2.p3d:geometry
 2:30:28.25  Warning: No components in dz\characters\heads\f_gabi_2.p3d:geometry
 2:30:28.25  Warning: No components in dz\characters\heads\f_helga.p3d:geometry
 2:30:28.26  Warning: No components in dz\characters\heads\f_irena_2.p3d:geometry
 2:30:28.26  Warning: No components in dz\characters\heads\f_judy.p3d:geometry
 2:30:28.26  Warning: No components in dz\characters\heads\f_keiko.p3d:geometry
 2:30:28.27  Warning: No components in dz\characters\heads\f_linda_2.p3d:geometry
 2:30:28.28  Warning: No components in dz\characters\heads\f_maria_2.p3d:geometry
 2:30:28.28  Warning: No components in dz\characters\heads\f_naomi.p3d:geometry
 2:30:28.29  Warning: No components in dz\characters\heads\f_eva_2.p3d:geometry
 2:30:28.29  Warning: No components in dz\characters\heads\f_baty.p3d:geometry
 2:30:28.30  Warning: No components in dz\characters\heads\m_boris.p3d:geometry
 2:30:28.31  Warning: No components in dz\characters\heads\m_cyril.p3d:geometry
 2:30:28.32  Warning: No components in dz\characters\heads\m_denis_2.p3d:geometry
 2:30:28.32  Warning: No components in dz\characters\heads\m_elias.p3d:geometry
 2:30:28.33  Warning: No components in dz\characters\heads\m_francis.p3d:geometry
 2:30:28.34  Warning: No components in dz\characters\heads\m_guo.p3d:geometry
 2:30:28.35  Warning: No components in dz\characters\heads\m_hassan.p3d:geometry
 2:30:28.35  Warning: No components in dz\characters\heads\m_indar.p3d:geometry
 2:30:28.36  Warning: No components in dz\characters\heads\m_jose.p3d:geometry
 2:30:28.37  Warning: No components in dz\characters\heads\m_kaito.p3d:geometry
 2:30:28.38  Warning: No components in dz\characters\heads\m_lewis.p3d:geometry
 2:30:28.38  Warning: No components in dz\characters\heads\m_manua.p3d:geometry
 2:30:28.40  Warning: No components in dz\characters\heads\m_niki_2.p3d:geometry
 2:30:28.40  Warning: No components in dz\characters\heads\m_oliver.p3d:geometry
 2:30:28.41  Warning: No components in dz\characters\heads\m_peter.p3d:geometry
 2:30:28.41  Warning: No components in dz\characters\heads\m_quinn.p3d:geometry
 2:30:28.42  Warning: No components in dz\characters\heads\m_rolf.p3d:geometry
 2:30:28.43  Warning: No components in dz\characters\heads\m_seth.p3d:geometry
 2:30:28.43  Warning: No components in dz\characters\heads\m_taiki.p3d:geometry
 2:30:28.54  Warning: No components in dz\characters\pants\legs3_m.p3d:geometry
 2:30:28.56  Warning: No components in dz\characters\pants\legs3_f.p3d:geometry
 2:30:28.71  Warning: No components in dz\characters\shoes\feet3_m.p3d:geometry
 2:30:28.73  Warning: No components in dz\characters\shoes\feet3_f.p3d:geometry
 2:30:28.80  Warning: No components in dz\characters\shoes\shoes_leathermoccasins_g.p3d:geometry
 2:30:28.83  Warning: No components in dz\characters\shoes\ttsko_boots_g.p3d:geometryView
 2:30:28.85  Warning: No components in dz\characters\tops\torso3_m.p3d:geometry
 2:30:28.86  Warning: No components in dz\characters\tops\torso3_f.p3d:geometry
 2:30:28.92  Warning: No components in dz\characters\tops\torsocover_improvised_g.p3d:geometry
 2:30:28.93  Warning: No components in dz\characters\tops\m65_jacket_g.p3d:geometry
 2:30:28.94  Warning: No components in dz\characters\tops\ttsko_jacket_g.p3d:geometry
 2:30:28.95  Warning: No components in dz\characters\tops\gorka_up_g.p3d:geometry
 2:30:28.191 Warning: No components in dz\gear\camping\mediumtent.p3d:geometryView
 2:30:28.191 Warning: No components in dz\gear\camping\mediumtentplacing.p3d:geometry
 2:30:28.191 Warning: No components in dz\gear\camping\mediumtentplacing.p3d:geometryFire
 2:30:28.192 Convex "component01" selection faces are less then 4 in dz\gear\camping\largetent.p3d:geometry
 2:30:28.192 Convex "component02" selection faces are less then 4 in dz\gear\camping\largetent.p3d:geometry
 2:30:28.192 Convex "component01" selection faces are less then 4 in dz\gear\camping\largetent.p3d:geometryFire
 2:30:28.192 Convex "component02" selection faces are less then 4 in dz\gear\camping\largetent.p3d:geometryFire
 2:30:28.192 Convex "component01" selection faces are less then 4 in dz\gear\camping\largetent.p3d:geometryView
 2:30:28.192 Convex "component02" selection faces are less then 4 in dz\gear\camping\largetent.p3d:geometryView
 2:30:28.192 Warning: No components in dz\gear\camping\largetent.p3d:geometryView
 2:30:28.192 Warning: No components in dz\gear\camping\largetentplacing.p3d:geometry
 2:30:28.192 Warning: No components in dz\gear\camping\largetentplacing.p3d:geometryFire
 2:30:28.194 Warning: No components in dz\gear\camping\cartent.p3d:geometryView
 2:30:28.194 Warning: No components in dz\gear\camping\cartentplacing.p3d:geometry
 2:30:28.194 Warning: No components in dz\gear\camping\cartentplacing.p3d:geometryFire
 2:30:28.195 Warning: No components in dz\gear\camping\party_tent.p3d:geometryView
 2:30:28.195 Warning: No components in dz\gear\camping\party_tentplacing.p3d:geometry
 2:30:28.195 Warning: No components in dz\gear\camping\party_tentplacing.p3d:geometryFire
 2:30:28.197 Warning: No components in dz\gear\camping\fence_kit.p3d:geometry
 2:30:28.197 Warning: No components in dz\gear\camping\fence_kit.p3d:geometryFire
 2:30:28.197 Warning: No components in dz\gear\camping\fence_kit.p3d:geometryView
 2:30:28.198 Warning: No components in dz\gear\camping\fence_kit_placing.p3d:geometryFire
 2:30:28.198 Warning: No components in dz\gear\camping\watchtower_kit.p3d:geometry
 2:30:28.198 Warning: No components in dz\gear\camping\watchtower_kit.p3d:geometryFire
 2:30:28.198 Warning: No components in dz\gear\camping\watchtower_kit.p3d:geometryView
 2:30:28.198 Warning: No components in dz\gear\camping\watchtower_kit_placing.p3d:geometryFire
 2:30:28.207 Warning: No components in dz\gear\camping\camo_net_p.p3d:geometryFire
 2:30:28.209 Warning: No components in dz\gear\camping\underground_stash.p3d:geometryFire
 2:30:28.209 Warning: No components in dz\gear\camping\underground_stash_snow.p3d:geometryFire
 2:30:28.213 Warning: No components in dz\gear\camping\hbox_base.p3d:geometry
 2:30:28.213 Warning: No components in dz\gear\camping\hbox_base.p3d:geometryFire
 2:30:28.214 Warning: No components in dz\gear\camping\shelter_kit_placing.p3d:geometryFire
 2:30:28.219 Warning: No components in dz\gear\camping\territory_flag_kit.p3d:geometry
 2:30:28.219 Warning: No components in dz\gear\camping\territory_flag_kit.p3d:geometryFire
 2:30:28.219 Warning: No components in dz\gear\camping\territory_flag_kit.p3d:geometryView
 2:30:28.219 Warning: No components in dz\gear\camping\territory_flag_kit_placing.p3d:geometryFire
 2:30:28.219 Warning: No components in dz\gear\camping\territory_flag_kit_placing.p3d:geometryView
 2:30:28.223 Warning: No components in dz\gear\containers\waterproofbag.p3d:geometryView
 2:30:28.226 Warning: No components in dz\gear\crafting\bp_rope.p3d:geometry
 2:30:28.231 Warning: No components in dz\gear\crafting\gasmask_filter_improvised.p3d:geometry
 2:30:28.232 Warning: No components in dz\gear\cultivation\tomato_seeds.p3d:geometryFire
 2:30:28.232 Warning: No components in dz\gear\cultivation\pepper_seeds.p3d:geometryFire
 2:30:28.233 Warning: No components in dz\gear\cultivation\pumpkin_seeds.p3d:geometryFire
 2:30:28.233 Warning: No components in dz\gear\cultivation\zucchini_seeds.p3d:geometryFire
 2:30:28.233 Warning: No components in dz\gear\cultivation\cannabis_seeds.p3d:geometryFire
 2:30:28.235 Warning: No components in dz\gear\cultivation\plant_material.p3d:geometry
 2:30:28.236 Warning: No components in dz\gear\cultivation\tomato_plant.p3d:geometryFire
 2:30:28.237 Warning: No components in dz\gear\cultivation\pepper_plant.p3d:geometryFire
 2:30:28.238 Warning: No components in dz\gear\cultivation\potato_plant.p3d:geometryFire
 2:30:28.238 Warning: No components in dz\gear\cultivation\pumpkin_plant.p3d:geometryFire
 2:30:28.238 Warning: No components in dz\gear\cultivation\zucchini_plant.p3d:geometryFire
 2:30:28.238 Warning: No components in dz\gear\cultivation\cannabis_plant.p3d:geometryFire
 2:30:28.239 Warning: No components in dz\gear\cultivation\garden_plot_greenhouse.p3d:geometryFire
 2:30:28.240 Warning: No components in dz\gear\cultivation\garden_plot_polytunnel.p3d:geometry
 2:30:28.250 Warning: No components in dz\gear\food\can_sardines.p3d:geometryFire
 2:30:28.250 Warning: No components in dz\gear\food\can_sardines_open.p3d:geometryFire
 2:30:28.253 Warning: No components in dz\gear\food\plum.p3d:geometry
 2:30:28.256 Warning: No components in dz\gear\food\pumpkin_fresh.p3d:geometry
 2:30:28.257 Warning: No components in dz\gear\food\sambucus_nigra.p3d:geometry
 2:30:28.258 Warning: No components in dz\gear\food\human_meat.p3d:geometryFire
 2:30:28.258 Warning: No components in dz\gear\food\human_meat.p3d:geometryView
 2:30:28.261 Warning: No components in dz\gear\food\mackerel_fillet.p3d:geometry
 2:30:28.261 Warning: No components in dz\gear\food\walleye_pollock_fillet.p3d:geometry
 2:30:28.263 Warning: No components in dz\gear\food\bitterlings.p3d:geometry
 2:30:28.264 Warning: No components in dz\gear\food\shrimp.p3d:geometry
 2:30:28.265 Warning: No components in dz\gear\food\bait_worm.p3d:geometry
 2:30:28.267 Warning: No components in dz\gear\food\vulpes_vulpes_dead.p3d:geometry
 2:30:28.267 Warning: No components in dz\gear\food\vulpes_vulpes_dead.p3d:geometryView
 2:30:28.270 Warning: No components in dz\gear\food\mushroom_pleurotus.p3d:geometry
 2:30:28.270 Warning: No components in dz\gear\food\mushroom_craterellus.p3d:geometry
 2:30:28.276 Warning: No components in dz\gear\medical\improvised_fixture.p3d:geometryFire
 2:30:28.300 Warning: No components in dz\structures\furniture\decoration\carpet_big\carpet_big.p3d:geometry
 2:30:28.307 Warning: No components in dz\structures\furniture\decoration\bucket\plasticbucket.p3d:geometryFire
 2:30:28.316 Warning: No components in dz\structures\furniture\lighting\fluor_lamp\fluor_lamp.p3d:geometry
 2:30:28.316 Warning: No components in dz\structures\furniture\lighting\hangar_lamp\hangar_lamp.p3d:geometry
 2:30:28.317 Warning: No components in dz\structures\furniture\lighting\light_kitchen_03\light_kitchen_03.p3d:geometry
 2:30:28.319 Warning: No components in dz\structures\furniture\medical\medical_garbage\medicalgarbage_bandage.p3d:geometry
 2:30:28.320 Warning: No components in dz\structures\furniture\prison\prison_sink.p3d:geometry
 2:30:28.320 Warning: No components in dz\structures\furniture\prison\prison_toilet.p3d:geometry
 2:30:28.320 Warning Message: Cannot open object dz\structures\furniture\bathroom\toilet_b_02\toilet_b_02_v2.p3d
 2:30:28.321 Warning: No components in dz\structures\furniture\school_equipment\anatomy_poster_1.p3d:geometry
 2:30:28.321 Warning: No components in dz\structures\furniture\school_equipment\anatomy_poster_2.p3d:geometry
 2:30:28.324 Warning: No components in dz\structures\furniture\school_equipment\flag_chernarus_wall.p3d:geometry
 2:30:28.324 Warning: No components in dz\structures\furniture\school_equipment\intercom_speaker.p3d:geometry
 2:30:28.328 Warning: No components in dz\structures\furniture\school_equipment\periodic_table.p3d:geometry
 2:30:28.331 Warning: No components in dz\structures\furniture\school_equipment\school_ringbell.p3d:geometry
 2:30:28.332 Warning: No components in dz\structures\furniture\school_equipment\tac_board.p3d:geometry
 2:30:28.332 Warning: No components in dz\structures\furniture\school_equipment\tac_board_posters_level1.p3d:geometry
 2:30:28.332 Warning: No components in dz\structures\furniture\school_equipment\tac_board_posters_level2.p3d:geometry
 2:30:28.333 Warning: No components in dz\structures\furniture\school_equipment\wall_hanger.p3d:geometry
 2:30:28.334 Warning: No components in dz\structures\furniture\school_equipment\yellow_star.p3d:geometry
 2:30:28.338 Warning: No components in dz\structures\furniture\various\boots_dz.p3d:geometry
 2:30:28.338 Warning: No components in dz\structures\furniture\various\carpet_2_dz.p3d:geometry
 2:30:28.339 Warning: No components in dz\structures\furniture\various\debris_small_house.p3d:geometry
 2:30:28.339 Warning: No components in dz\structures\furniture\various\debris_small_house.p3d:geometryView
 2:30:28.340 Warning: No components in dz\structures\furniture\various\dirtpile_small_house.p3d:geometry
 2:30:28.340 Warning: No components in dz\structures\furniture\various\dirtpile_small_house.p3d:geometryView
 2:30:28.340 Warning: No components in dz\structures\furniture\various\flagholder.p3d:geometryView
 2:30:28.342 Warning: No components in dz\structures\furniture\various\sawhorse_dz.p3d:geometryView
 2:30:28.344 Warning: No components in dz\structures\furniture\various\vise.p3d:geometry
 2:30:28.365 PerfWarning: Way too much components (1133) in dz\structures\industrial\cementworks\cementworks_silobig1b.p3d:geometryFire
 2:30:28.372 PerfWarning: Way too much components (1020) in dz\structures\industrial\cementworks\cementworks_expeditiona.p3d:geometryFire
 2:30:28.393 PerfWarning: Way too much components (954) in dz\structures\industrial\cementworks\cementworks_millb.p3d:geometryFire
 2:30:28.425 PerfWarning: Way too much components (1497) in dz\structures\industrial\construction\construction_building.p3d:geometryFire
 2:30:28.428 PerfWarning: Way too much components (601) in dz\structures\industrial\construction\construction_crane.p3d:geometryFire
 2:30:28.438 Convex "component09" selection faces are less then 4 in dz\structures\industrial\containers\containerlocked.p3d:geometryView
 2:30:28.449 PerfWarning: Way too much components (564) in dz\structures\industrial\farms\barn_wood1.p3d:geometryFire
 2:30:28.459 PerfWarning: Way too much components (1041) in dz\structures\industrial\farms\barn_metal_big.p3d:geometryFire
 2:30:28.466 PerfWarning: Way too much components (1041) in dz\structures\industrial\farms\barn_metal_big_grey.p3d:geometryFire
 2:30:28.502 PerfWarning: Way too much components (658) in dz\structures\industrial\harbour\boathouse.p3d:geometryFire
 2:30:28.518 PerfWarning: Way too much components (715) in dz\structures\industrial\houses\factory_lathes.p3d:geometryFire
 2:30:28.525 PerfWarning: Way too much components (982) in dz\structures\industrial\houses\factory_small.p3d:geometryFire
 2:30:28.540 PerfWarning: Way too much components (700) in dz\structures\industrial\mines\mine_building.p3d:geometryFire
 2:30:28.545 PerfWarning: Way too much components (558) in dz\structures\industrial\misc\misc_scaffolding.p3d:geometryFire
 2:30:28.545 Warning: No components in dz\structures\industrial\misc\misc_through_static.p3d:geometry
 2:30:28.559 PerfWarning: Way too much components (560) in dz\structures\industrial\power\power_station.p3d:geometryFire
 2:30:28.573 Convex "component98" selection faces are less then 4 in dz\structures\industrial\sawmills\sawmill_building.p3d:geometry
 2:30:28.575 PerfWarning: Way too much components (541) in dz\structures\industrial\sawmills\sawmill_building.p3d:geometryFire
 2:30:28.576 Convex "component97" selection faces are less then 4 in dz\structures\industrial\sawmills\sawmill_building.p3d:geometryView
 2:30:28.576 Convex "component98" selection faces are less then 4 in dz\structures\industrial\sawmills\sawmill_building.p3d:geometryView
 2:30:28.640 Warning: No components in dz\structures\industrial\harbour\pier_crane_rails.p3d:geometry
 2:30:28.644 Convex "component02" selection faces are less then 4 in dz\structures\industrial\harbour\pier_wooden1_end.p3d:geometryFire
 2:30:28.644 Convex "component05" selection faces are less then 4 in dz\structures\industrial\harbour\pier_wooden1_end.p3d:geometryFire
 2:30:28.644 Convex "component07" selection faces are less then 4 in dz\structures\industrial\harbour\pier_wooden1_end.p3d:geometryFire
 2:30:28.644 Convex "component11" selection faces are less then 4 in dz\structures\industrial\harbour\pier_wooden1_end.p3d:geometryFire
 2:30:28.644 Convex "component14" selection faces are less then 4 in dz\structures\industrial\harbour\pier_wooden1_end.p3d:geometryFire
 2:30:28.644 Convex "component17" selection faces are less then 4 in dz\structures\industrial\harbour\pier_wooden1_end.p3d:geometryFire
 2:30:28.644 Convex "component20" selection faces are less then 4 in dz\structures\industrial\harbour\pier_wooden1_end.p3d:geometryFire
 2:30:28.644 Convex "component21" selection faces are less then 4 in dz\structures\industrial\harbour\pier_wooden1_end.p3d:geometryFire
 2:30:28.644 Convex "component23" selection faces are less then 4 in dz\structures\industrial\harbour\pier_wooden1_end.p3d:geometryFire
 2:30:28.644 Convex "component24" selection faces are less then 4 in dz\structures\industrial\harbour\pier_wooden1_end.p3d:geometryFire
 2:30:28.644 Convex "component25" selection faces are less then 4 in dz\structures\industrial\harbour\pier_wooden1_end.p3d:geometryFire
 2:30:28.644 Convex "component26" selection faces are less then 4 in dz\structures\industrial\harbour\pier_wooden1_end.p3d:geometryFire
 2:30:28.644 Convex "component28" selection faces are less then 4 in dz\structures\industrial\harbour\pier_wooden1_end.p3d:geometryFire
 2:30:28.644 Convex "component29" selection faces are less then 4 in dz\structures\industrial\harbour\pier_wooden1_end.p3d:geometryFire
 2:30:28.644 Convex "component31" selection faces are less then 4 in dz\structures\industrial\harbour\pier_wooden1_end.p3d:geometryFire
 2:30:28.644 Convex "component32" selection faces are less then 4 in dz\structures\industrial\harbour\pier_wooden1_end.p3d:geometryFire
 2:30:28.644 Convex "component33" selection faces are less then 4 in dz\structures\industrial\harbour\pier_wooden1_end.p3d:geometryFire
 2:30:28.644 Convex "component34" selection faces are less then 4 in dz\structures\industrial\harbour\pier_wooden1_end.p3d:geometryFire
 2:30:28.644 Convex "component35" selection faces are less then 4 in dz\structures\industrial\harbour\pier_wooden1_end.p3d:geometryFire
 2:30:28.644 Convex "component36" selection faces are less then 4 in dz\structures\industrial\harbour\pier_wooden1_end.p3d:geometryFire
 2:30:28.644 Convex "component37" selection faces are less then 4 in dz\structures\industrial\harbour\pier_wooden1_end.p3d:geometryFire
 2:30:28.663 Warning: No components in dz\structures\industrial\misc\lamp_ind.p3d:geometryView
 2:30:28.663 Warning: No components in dz\structures\industrial\misc\lamp_rail.p3d:geometryView
 2:30:28.669 Warning: No components in dz\structures\industrial\misc\misc_pallets1.p3d:geometry
 2:30:28.674 Warning: No components in dz\structures\industrial\misc\misc_timbers_log1.p3d:geometry
 2:30:28.674 Warning: No components in dz\structures\industrial\misc\misc_timbers_log2.p3d:geometry
 2:30:28.674 Warning: No components in dz\structures\industrial\misc\misc_timbers_log3.p3d:geometry
 2:30:28.674 Warning: No components in dz\structures\industrial\misc\misc_timbers_log4.p3d:geometry
 2:30:28.701 Warning: No components in dz\structures\industrial\power\power_hv_line.p3d:geometry
 2:30:28.702 Warning: No components in dz\structures\industrial\power\power_hv_line_80m_damaged.p3d:geometryFire
 2:30:28.702 Warning: No components in dz\structures\industrial\power\power_hv_line_80m_damaged.p3d:geometryView
 2:30:28.702 Warning: No components in dz\structures\industrial\power\power_hv_line_damaged.p3d:geometry
 2:30:28.702 Warning: No components in dz\structures\industrial\power\power_hv_line_turnl.p3d:geometry
 2:30:28.702 Warning: No components in dz\structures\industrial\power\power_hv_line_turnr.p3d:geometry
 2:30:28.710 Warning: No components in dz\structures\industrial\power\power_transformerstation_cables.p3d:geometry
 2:30:28.718 Warning: No components in dz\structures\military\improvised\mil_camonet_roof_east.p3d:geometryView
 2:30:28.726 PerfWarning: Way too much components (660) in dz\structures\military\airfield\mil_airfield_hq.p3d:geometryFire
 2:30:28.733 PerfWarning: Way too much components (732) in dz\structures\military\airfield\mil_atc_small.p3d:geometryFire
 2:30:28.746 Convex "component634" selection faces are less then 4 in dz\structures\military\airfield\mil_atc_big.p3d:geometryFire
 2:30:28.746 Convex "component635" selection faces are less then 4 in dz\structures\military\airfield\mil_atc_big.p3d:geometryFire
 2:30:28.746 Convex "component638" selection faces are less then 4 in dz\structures\military\airfield\mil_atc_big.p3d:geometryFire
 2:30:28.746 Convex "component639" selection faces are less then 4 in dz\structures\military\airfield\mil_atc_big.p3d:geometryFire
 2:30:28.746 PerfWarning: Way too much components (635) in dz\structures\military\airfield\mil_atc_big.p3d:geometryFire
 2:30:28.747 PerfWarning: Way too much components (635) in dz\structures\military\airfield\mil_atc_big.p3d:geometryView
 2:30:28.764 PerfWarning: Way too much components (564) in dz\structures\military\houses\mil_barracks5.p3d:geometryFire
 2:30:28.772 PerfWarning: Way too much components (804) in dz\structures\military\houses\mil_barracks5_basement.p3d:geometryFire
 2:30:28.801 PerfWarning: Way too much components (592) in dz\structures\military\houses\mil_guardtower.p3d:geometryFire
 2:30:28.808 Warning: No components in dz\structures\military\improvised\mil_tent_big1_1.p3d:geometryFire
 2:30:28.808 Warning: No components in dz\structures\military\improvised\mil_tent_big1_1.p3d:geometryView
 2:30:28.809 Warning: No components in dz\structures\military\improvised\mil_tent_big1_2.p3d:geometryFire
 2:30:28.809 Warning: No components in dz\structures\military\improvised\mil_tent_big1_2.p3d:geometryView
 2:30:28.809 Warning: No components in dz\structures\military\improvised\mil_tent_big1_3.p3d:geometryFire
 2:30:28.809 Warning: No components in dz\structures\military\improvised\mil_tent_big1_3.p3d:geometryView
 2:30:28.810 Warning: No components in dz\structures\military\improvised\mil_tent_big1_4.p3d:geometryFire
 2:30:28.810 Warning: No components in dz\structures\military\improvised\mil_tent_big1_4.p3d:geometryView
 2:30:28.810 Warning: No components in dz\structures\military\improvised\mil_tent_big1_5.p3d:geometryFire
 2:30:28.810 Warning: No components in dz\structures\military\improvised\mil_tent_big1_5.p3d:geometryView
 2:30:28.810 Warning: No components in dz\structures\military\improvised\mil_tent_big2_1.p3d:geometryFire
 2:30:28.810 Warning: No components in dz\structures\military\improvised\mil_tent_big2_1.p3d:geometryView
 2:30:28.811 Warning: No components in dz\structures\military\improvised\mil_tent_big2_2.p3d:geometryFire
 2:30:28.811 Warning: No components in dz\structures\military\improvised\mil_tent_big2_2.p3d:geometryView
 2:30:28.811 Warning: No components in dz\structures\military\improvised\mil_tent_big2_3.p3d:geometryFire
 2:30:28.811 Warning: No components in dz\structures\military\improvised\mil_tent_big2_3.p3d:geometryView
 2:30:28.812 Warning: No components in dz\structures\military\improvised\mil_tent_big2_4.p3d:geometryFire
 2:30:28.812 Warning: No components in dz\structures\military\improvised\mil_tent_big2_4.p3d:geometryView
 2:30:28.812 Warning: No components in dz\structures\military\improvised\mil_tent_big2_5.p3d:geometryFire
 2:30:28.812 Warning: No components in dz\structures\military\improvised\mil_tent_big2_5.p3d:geometryView
 2:30:28.835 PerfWarning: Way too much components (912) in dz\structures\military\tisy\tisy_hq.p3d:geometryFire
 2:30:28.853 PerfWarning: Way too much components (839) in dz\structures\military\tisy\tisy_radarb_base.p3d:geometryView
 2:30:28.864 PerfWarning: Way too much components (601) in dz\structures\military\tisy\tisy_radarb_antenna.p3d:geometryFire
 2:30:28.884 Convex "component839" selection faces are less then 4 in dz\structures\military\tisy\tisy_barracks.p3d:geometryFire
 2:30:28.884 Convex "component843" selection faces are less then 4 in dz\structures\military\tisy\tisy_barracks.p3d:geometryFire
 2:30:28.885 Convex "component880" selection faces are less then 4 in dz\structures\military\tisy\tisy_barracks.p3d:geometryFire
 2:30:28.885 Convex "component977" selection faces are less then 4 in dz\structures\military\tisy\tisy_barracks.p3d:geometryFire
 2:30:28.885 Convex "component1010" selection faces are less then 4 in dz\structures\military\tisy\tisy_barracks.p3d:geometryFire
 2:30:28.885 Convex "component1171" selection faces are less then 4 in dz\structures\military\tisy\tisy_barracks.p3d:geometryFire
 2:30:28.885 Convex "component1172" selection faces are less then 4 in dz\structures\military\tisy\tisy_barracks.p3d:geometryFire
 2:30:28.885 Convex "component1175" selection faces are less then 4 in dz\structures\military\tisy\tisy_barracks.p3d:geometryFire
 2:30:28.885 Convex "component1177" selection faces are less then 4 in dz\structures\military\tisy\tisy_barracks.p3d:geometryFire
 2:30:28.885 Convex "component1179" selection faces are less then 4 in dz\structures\military\tisy\tisy_barracks.p3d:geometryFire
 2:30:28.885 Convex "component1181" selection faces are less then 4 in dz\structures\military\tisy\tisy_barracks.p3d:geometryFire
 2:30:28.886 Convex "component1516" selection faces are less then 4 in dz\structures\military\tisy\tisy_barracks.p3d:geometryFire
 2:30:28.888 PerfWarning: Way too much components (1908) in dz\structures\military\tisy\tisy_barracks.p3d:geometryFire
 2:30:28.892 PerfWarning: Way too much components (634) in dz\structures\military\airfield\airfield_hangar_green.p3d:geometryFire
 2:30:28.900 PerfWarning: Way too much components (627) in dz\structures\military\airfield\airfield_servicehangar_r.p3d:geometryFire
 2:30:28.908 PerfWarning: Way too much components (566) in dz\structures\military\airfield\airfield_servicehangar_l.p3d:geometryFire
 2:30:28.925 Convex "component1102" selection faces are less then 4 in dz\structures\military\airfield\airfield_radar_tall.p3d:geometryFire
 2:30:28.925 Convex "component1106" selection faces are less then 4 in dz\structures\military\airfield\airfield_radar_tall.p3d:geometryFire
 2:30:28.925 Convex "component1110" selection faces are less then 4 in dz\structures\military\airfield\airfield_radar_tall.p3d:geometryFire
 2:30:28.925 Convex "component1113" selection faces are less then 4 in dz\structures\military\airfield\airfield_radar_tall.p3d:geometryFire
 2:30:28.925 Convex "component1114" selection faces are less then 4 in dz\structures\military\airfield\airfield_radar_tall.p3d:geometryFire
 2:30:28.925 Convex "component1118" selection faces are less then 4 in dz\structures\military\airfield\airfield_radar_tall.p3d:geometryFire
 2:30:28.925 Convex "component1121" selection faces are less then 4 in dz\structures\military\airfield\airfield_radar_tall.p3d:geometryFire
 2:30:28.925 Convex "component1122" selection faces are less then 4 in dz\structures\military\airfield\airfield_radar_tall.p3d:geometryFire
 2:30:28.925 Convex "component1123" selection faces are less then 4 in dz\structures\military\airfield\airfield_radar_tall.p3d:geometryFire
 2:30:28.925 Convex "component1124" selection faces are less then 4 in dz\structures\military\airfield\airfield_radar_tall.p3d:geometryFire
 2:30:28.925 Convex "component1125" selection faces are less then 4 in dz\structures\military\airfield\airfield_radar_tall.p3d:geometryFire
 2:30:28.925 Convex "component1126" selection faces are less then 4 in dz\structures\military\airfield\airfield_radar_tall.p3d:geometryFire
 2:30:28.925 Convex "component1127" selection faces are less then 4 in dz\structures\military\airfield\airfield_radar_tall.p3d:geometryFire
 2:30:28.925 Convex "component1128" selection faces are less then 4 in dz\structures\military\airfield\airfield_radar_tall.p3d:geometryFire
 2:30:28.925 Convex "component1129" selection faces are less then 4 in dz\structures\military\airfield\airfield_radar_tall.p3d:geometryFire
 2:30:28.925 Convex "component1130" selection faces are less then 4 in dz\structures\military\airfield\airfield_radar_tall.p3d:geometryFire
 2:30:28.925 Convex "component1131" selection faces are less then 4 in dz\structures\military\airfield\airfield_radar_tall.p3d:geometryFire
 2:30:28.925 Convex "component1132" selection faces are less then 4 in dz\structures\military\airfield\airfield_radar_tall.p3d:geometryFire
 2:30:28.925 Convex "component1133" selection faces are less then 4 in dz\structures\military\airfield\airfield_radar_tall.p3d:geometryFire
 2:30:28.925 Convex "component1134" selection faces are less then 4 in dz\structures\military\airfield\airfield_radar_tall.p3d:geometryFire
 2:30:28.925 Convex "component1135" selection faces are less then 4 in dz\structures\military\airfield\airfield_radar_tall.p3d:geometryFire
 2:30:28.925 Convex "component1136" selection faces are less then 4 in dz\structures\military\airfield\airfield_radar_tall.p3d:geometryFire
 2:30:28.925 Convex "component1137" selection faces are less then 4 in dz\structures\military\airfield\airfield_radar_tall.p3d:geometryFire
 2:30:28.925 Convex "component1138" selection faces are less then 4 in dz\structures\military\airfield\airfield_radar_tall.p3d:geometryFire
 2:30:28.925 Convex "component1139" selection faces are less then 4 in dz\structures\military\airfield\airfield_radar_tall.p3d:geometryFire
 2:30:28.925 Convex "component1140" selection faces are less then 4 in dz\structures\military\airfield\airfield_radar_tall.p3d:geometryFire
 2:30:28.925 Convex "component1141" selection faces are less then 4 in dz\structures\military\airfield\airfield_radar_tall.p3d:geometryFire
 2:30:28.925 Convex "component1142" selection faces are less then 4 in dz\structures\military\airfield\airfield_radar_tall.p3d:geometryFire
 2:30:28.925 Convex "component1143" selection faces are less then 4 in dz\structures\military\airfield\airfield_radar_tall.p3d:geometryFire
 2:30:28.925 Convex "component1144" selection faces are less then 4 in dz\structures\military\airfield\airfield_radar_tall.p3d:geometryFire
 2:30:28.925 Convex "component1145" selection faces are less then 4 in dz\structures\military\airfield\airfield_radar_tall.p3d:geometryFire
 2:30:28.925 Convex "component1146" selection faces are less then 4 in dz\structures\military\airfield\airfield_radar_tall.p3d:geometryFire
 2:30:28.925 Convex "component1147" selection faces are less then 4 in dz\structures\military\airfield\airfield_radar_tall.p3d:geometryFire
 2:30:28.925 Convex "component1148" selection faces are less then 4 in dz\structures\military\airfield\airfield_radar_tall.p3d:geometryFire
 2:30:28.925 Convex "component1149" selection faces are less then 4 in dz\structures\military\airfield\airfield_radar_tall.p3d:geometryFire
 2:30:28.925 Convex "component1150" selection faces are less then 4 in dz\structures\military\airfield\airfield_radar_tall.p3d:geometryFire
 2:30:28.925 Convex "component1151" selection faces are less then 4 in dz\structures\military\airfield\airfield_radar_tall.p3d:geometryFire
 2:30:28.925 Convex "component1152" selection faces are less then 4 in dz\structures\military\airfield\airfield_radar_tall.p3d:geometryFire
 2:30:28.925 Convex "component1153" selection faces are less then 4 in dz\structures\military\airfield\airfield_radar_tall.p3d:geometryFire
 2:30:28.925 Convex "component1154" selection faces are less then 4 in dz\structures\military\airfield\airfield_radar_tall.p3d:geometryFire
 2:30:28.925 Convex "component1155" selection faces are less then 4 in dz\structures\military\airfield\airfield_radar_tall.p3d:geometryFire
 2:30:28.925 Convex "component1156" selection faces are less then 4 in dz\structures\military\airfield\airfield_radar_tall.p3d:geometryFire
 2:30:28.925 Convex "component1157" selection faces are less then 4 in dz\structures\military\airfield\airfield_radar_tall.p3d:geometryFire
 2:30:28.925 Convex "component1158" selection faces are less then 4 in dz\structures\military\airfield\airfield_radar_tall.p3d:geometryFire
 2:30:28.925 Convex "component1160" selection faces are less then 4 in dz\structures\military\airfield\airfield_radar_tall.p3d:geometryFire
 2:30:28.925 Convex "component1161" selection faces are less then 4 in dz\structures\military\airfield\airfield_radar_tall.p3d:geometryFire
 2:30:28.925 Convex "component1162" selection faces are less then 4 in dz\structures\military\airfield\airfield_radar_tall.p3d:geometryFire
 2:30:28.925 Convex "component1163" selection faces are less then 4 in dz\structures\military\airfield\airfield_radar_tall.p3d:geometryFire
 2:30:28.925 Convex "component1164" selection faces are less then 4 in dz\structures\military\airfield\airfield_radar_tall.p3d:geometryFire
 2:30:28.925 Convex "component1165" selection faces are less then 4 in dz\structures\military\airfield\airfield_radar_tall.p3d:geometryFire
 2:30:28.925 Convex "component1166" selection faces are less then 4 in dz\structures\military\airfield\airfield_radar_tall.p3d:geometryFire
 2:30:28.925 Convex "component1167" selection faces are less then 4 in dz\structures\military\airfield\airfield_radar_tall.p3d:geometryFire
 2:30:28.925 Convex "component1168" selection faces are less then 4 in dz\structures\military\airfield\airfield_radar_tall.p3d:geometryFire
 2:30:28.925 Convex "component1169" selection faces are less then 4 in dz\structures\military\airfield\airfield_radar_tall.p3d:geometryFire
 2:30:28.925 Convex "component1170" selection faces are less then 4 in dz\structures\military\airfield\airfield_radar_tall.p3d:geometryFire
 2:30:28.925 Convex "component1171" selection faces are less then 4 in dz\structures\military\airfield\airfield_radar_tall.p3d:geometryFire
 2:30:28.925 Convex "component1172" selection faces are less then 4 in dz\structures\military\airfield\airfield_radar_tall.p3d:geometryFire
 2:30:28.925 Convex "component1173" selection faces are less then 4 in dz\structures\military\airfield\airfield_radar_tall.p3d:geometryFire
 2:30:28.925 Convex "component1174" selection faces are less then 4 in dz\structures\military\airfield\airfield_radar_tall.p3d:geometryFire
 2:30:28.925 Convex "component1175" selection faces are less then 4 in dz\structures\military\airfield\airfield_radar_tall.p3d:geometryFire
 2:30:28.925 Convex "component1176" selection faces are less then 4 in dz\structures\military\airfield\airfield_radar_tall.p3d:geometryFire
 2:30:28.925 Convex "component1177" selection faces are less then 4 in dz\structures\military\airfield\airfield_radar_tall.p3d:geometryFire
 2:30:28.925 Convex "component1178" selection faces are less then 4 in dz\structures\military\airfield\airfield_radar_tall.p3d:geometryFire
 2:30:28.925 Convex "component1179" selection faces are less then 4 in dz\structures\military\airfield\airfield_radar_tall.p3d:geometryFire
 2:30:28.925 Convex "component1180" selection faces are less then 4 in dz\structures\military\airfield\airfield_radar_tall.p3d:geometryFire
 2:30:28.925 Convex "component1181" selection faces are less then 4 in dz\structures\military\airfield\airfield_radar_tall.p3d:geometryFire
 2:30:28.925 Convex "component1182" selection faces are less then 4 in dz\structures\military\airfield\airfield_radar_tall.p3d:geometryFire
 2:30:28.925 Convex "component1183" selection faces are less then 4 in dz\structures\military\airfield\airfield_radar_tall.p3d:geometryFire
 2:30:28.925 Convex "component1184" selection faces are less then 4 in dz\structures\military\airfield\airfield_radar_tall.p3d:geometryFire
 2:30:28.925 Convex "component1185" selection faces are less then 4 in dz\structures\military\airfield\airfield_radar_tall.p3d:geometryFire
 2:30:28.925 Convex "component1186" selection faces are less then 4 in dz\structures\military\airfield\airfield_radar_tall.p3d:geometryFire
 2:30:28.925 Convex "component1187" selection faces are less then 4 in dz\structures\military\airfield\airfield_radar_tall.p3d:geometryFire
 2:30:28.925 Convex "component1188" selection faces are less then 4 in dz\structures\military\airfield\airfield_radar_tall.p3d:geometryFire
 2:30:28.925 Convex "component1189" selection faces are less then 4 in dz\structures\military\airfield\airfield_radar_tall.p3d:geometryFire
 2:30:28.925 Convex "component1190" selection faces are less then 4 in dz\structures\military\airfield\airfield_radar_tall.p3d:geometryFire
 2:30:28.925 Convex "component1191" selection faces are less then 4 in dz\structures\military\airfield\airfield_radar_tall.p3d:geometryFire
 2:30:28.925 Convex "component1192" selection faces are less then 4 in dz\structures\military\airfield\airfield_radar_tall.p3d:geometryFire
 2:30:28.925 Convex "component1193" selection faces are less then 4 in dz\structures\military\airfield\airfield_radar_tall.p3d:geometryFire
 2:30:28.925 Convex "component1194" selection faces are less then 4 in dz\structures\military\airfield\airfield_radar_tall.p3d:geometryFire
 2:30:28.925 Convex "component1195" selection faces are less then 4 in dz\structures\military\airfield\airfield_radar_tall.p3d:geometryFire
 2:30:28.925 Convex "component1196" selection faces are less then 4 in dz\structures\military\airfield\airfield_radar_tall.p3d:geometryFire
 2:30:28.925 Convex "component1197" selection faces are less then 4 in dz\structures\military\airfield\airfield_radar_tall.p3d:geometryFire
 2:30:28.925 Convex "component1198" selection faces are less then 4 in dz\structures\military\airfield\airfield_radar_tall.p3d:geometryFire
 2:30:28.925 PerfWarning: Way too much components (1116) in dz\structures\military\airfield\airfield_radar_tall.p3d:geometryFire
 2:30:28.942 PerfWarning: Way too much components (1046) in dz\structures\military\airfield\mil_reinforcedtank2.p3d:geometryFire
 2:30:28.957 Warning: No components in dz\structures\military\airfield\mil_aircraftshelter_grass_l.p3d:geometry
 2:30:28.958 Warning: No components in dz\structures\military\airfield\mil_aircraftshelter_grass_r.p3d:geometry
 2:30:28.960 Warning: No components in dz\structures\military\airfield\mil_blastcover1_grass.p3d:geometry
 2:30:28.962 Warning: No components in dz\structures\military\airfield\mil_blastcover2_grass.p3d:geometry
 2:30:28.964 Warning: No components in dz\structures\military\airfield\mil_blastcover3_grass.p3d:geometry
 2:30:28.966 Warning: No components in dz\structures\military\airfield\mil_blastcover4_grass_l.p3d:geometry
 2:30:28.966 Warning: No components in dz\structures\military\airfield\mil_blastcover4_grass_r.p3d:geometry
 2:30:28.966 Warning: No components in dz\structures\military\airfield\mil_reinforcedtank1_grass.p3d:geometry
 2:30:28.966 Warning: No components in dz\structures\military\airfield\mil_reinforcedtank2_grass_l.p3d:geometry
 2:30:28.966 Warning: No components in dz\structures\military\airfield\mil_reinforcedtank2_grass_r.p3d:geometry
 2:30:28.966 Warning: No components in dz\structures\military\airfield\mil_reinforcedtank2_grass_top.p3d:geometry
 2:30:28.977 Warning: No components in dz\structures\military\improvised\mil_camonet_big_east.p3d:geometryView
 2:30:28.977 Warning: No components in dz\structures\military\improvised\mil_camonet_big_nato.p3d:geometryView
 2:30:28.978 Warning: No components in dz\structures\military\improvised\mil_camonet_side_east.p3d:geometryView
 2:30:28.978 Warning: No components in dz\structures\military\improvised\mil_camonet_side_nato.p3d:geometryView
 2:30:28.992 Warning: No components in dz\structures\military\misc\misc_antenna.p3d:geometryView
 2:30:29.02  Warning: No components in dz\structures\military\misc\misc_cover_big.p3d:geometry
 2:30:29.02  Warning: No components in dz\structures\military\misc\misc_cover_small.p3d:geometry
 2:30:29.08  Warning: No components in dz\structures\military\misc\misc_obstacle_crawl.p3d:geometryView
 2:30:29.08  Warning: No components in dz\structures\military\misc\misc_obstacle_cross.p3d:geometryView
 2:30:29.10  Warning: No components in dz\structures\military\misc\misc_obstacle_runaround.p3d:geometryView
 2:30:29.15  Warning: No components in dz\structures\military\tisy\tisy_garages_grass_l.p3d:geometry
 2:30:29.15  Warning: No components in dz\structures\military\tisy\tisy_garages_grass_r.p3d:geometry
 2:30:29.121 PerfWarning: Way too much components (921) in dz\structures\residential\firedep\city_firestation.p3d:geometryFire
 2:30:29.136 PerfWarning: Way too much components (921) in dz\structures\residential\firedep\mil_firestation.p3d:geometryFire
 2:30:29.162 Convex "component69" selection faces are less then 4 in dz\structures\residential\houseblocks\houseblock_2f1.p3d:geometryView
 2:30:29.162 Convex "component84" selection faces are less then 4 in dz\structures\residential\houseblocks\houseblock_2f1.p3d:geometryView
 2:30:29.265 Convex "component117" selection faces are less then 4 in dz\structures\residential\houses\house_1w08.p3d:geometryView
 2:30:29.265 Convex "component120" selection faces are less then 4 in dz\structures\residential\houses\house_1w08.p3d:geometryView
 2:30:29.269 Convex "component117" selection faces are less then 4 in dz\structures\residential\houses\house_1w08_brown.p3d:geometryView
 2:30:29.269 Convex "component120" selection faces are less then 4 in dz\structures\residential\houses\house_1w08_brown.p3d:geometryView
 2:30:29.285 Convex "component34" selection faces are less then 4 in dz\structures\residential\houses\house_1w11.p3d:geometry
 2:30:29.290 PerfWarning: Way too much components (535) in dz\structures\residential\houses\house_1w12.p3d:geometryFire
 2:30:29.295 PerfWarning: Way too much components (535) in dz\structures\residential\houses\house_1w12_brown.p3d:geometryFire
 2:30:29.322 Convex "component81" selection faces are less then 4 in dz\structures\residential\houses\house_2w02.p3d:geometryView
 2:30:29.351 PerfWarning: Way too much components (677) in dz\structures\residential\medical\city_hospital.p3d:geometryFire
 2:30:29.361 PerfWarning: Way too much components (859) in dz\structures\residential\medical\village_healthcare.p3d:geometryFire
 2:30:29.368 PerfWarning: Way too much components (999) in dz\structures\residential\medical\medical_tent_big.p3d:geometryFire
 2:30:29.381 Warning: No components in dz\structures\residential\misc\lamp_city1_amp.p3d:geometryView
 2:30:29.388 PerfWarning: Way too much components (804) in dz\structures\residential\offices\office_municipal1.p3d:geometryFire
 2:30:29.402 PerfWarning: Way too much components (1212) in dz\structures\residential\offices\office_municipal2.p3d:geometryFire
 2:30:29.412 PerfWarning: Way too much components (1027) in dz\structures\residential\offices\office1.p3d:geometryFire
 2:30:29.422 PerfWarning: Way too much components (1200) in dz\structures\residential\offices\office2.p3d:geometryFire
 2:30:29.433 PerfWarning: Way too much components (742) in dz\structures\residential\police\village_policestation.p3d:geometryFire
 2:30:29.444 PerfWarning: Way too much components (804) in dz\structures\residential\police\city_policestation.p3d:geometryFire
 2:30:29.468 PerfWarning: Way too much components (777) in dz\structures\residential\schools\city_school.p3d:geometryFire
 2:30:29.485 PerfWarning: Way too much components (562) in dz\structures\residential\stores\city_store_withstairs.p3d:geometryFire
 2:30:29.496 PerfWarning: Way too much components (642) in dz\structures\residential\tenements\tenement_big.p3d:geometryFire
 2:30:29.504 PerfWarning: Way too much components (647) in dz\structures\residential\tenements\tenement_small.p3d:geometryFire
 2:30:29.509 Warning: No components in dz\structures\residential\misc\garbage_ground_6m.p3d:geometry
 2:30:29.509 Warning: No components in dz\structures\residential\misc\garbage_ground_6m_nolc.p3d:geometry
 2:30:29.509 Warning: No components in dz\structures\residential\misc\garbage_groundsq_3m.p3d:geometry
 2:30:29.509 Warning: No components in dz\structures\residential\misc\garbage_groundsq_3m_nolc.p3d:geometry
 2:30:29.509 Warning: No components in dz\structures\residential\misc\garbage_groundsq_5m.p3d:geometry
 2:30:29.509 Warning: No components in dz\structures\residential\misc\garbage_groundsq_5m_nolc.p3d:geometry
 2:30:29.510 Warning: No components in dz\structures\residential\misc\garbage_pile2.p3d:geometry
 2:30:29.511 Warning: No components in dz\structures\residential\misc\garbage_pile3.p3d:geometry
 2:30:29.517 Warning: No components in dz\structures\residential\misc\lamp_city1.p3d:geometryView
 2:30:29.517 Warning: No components in dz\structures\residential\misc\lamp_city2.p3d:geometryView
 2:30:29.518 Warning: No components in dz\structures\residential\misc\lamp_city3.p3d:geometryView
 2:30:29.523 Warning: No components in dz\structures\residential\misc\misc_boundarystone.p3d:geometry
 2:30:29.523 Warning: No components in dz\structures\residential\misc\misc_boundarystone_plastic.p3d:geometry
 2:30:29.523 Warning: No components in dz\structures\residential\misc\misc_boundarystone_tube.p3d:geometry
 2:30:29.523 Warning: No components in dz\structures\residential\misc\misc_carousel_small.p3d:geometryView
 2:30:29.526 Warning: No components in dz\structures\residential\misc\misc_football_gate.p3d:geometryView
 2:30:29.526 SW keep height animation used for dz\structures\residential\misc\misc_football_line.p3d
 2:30:29.526 Warning: No components in dz\structures\residential\misc\misc_football_line.p3d:geometry
 2:30:29.526 Warning: No components in dz\structures\residential\misc\misc_football_line_corner.p3d:geometry
 2:30:29.526 SW keep height animation used for dz\structures\residential\misc\misc_football_line_hcircle.p3d
 2:30:29.526 Warning: No components in dz\structures\residential\misc\misc_football_line_hcircle.p3d:geometry
 2:30:29.527 Warning: No components in dz\structures\residential\misc\misc_haystack.p3d:geometryFire
 2:30:29.527 Warning: No components in dz\structures\residential\misc\misc_haystack.p3d:geometryView
 2:30:29.529 Warning: No components in dz\structures\residential\misc\misc_sandbox.p3d:geometry
 2:30:29.530 Warning: No components in dz\structures\residential\misc\misc_seesaw.p3d:geometryFire
 2:30:29.530 Warning: No components in dz\structures\residential\misc\misc_seesaw.p3d:geometryView
 2:30:29.532 Warning: No components in dz\structures\residential\misc\misc_trafficlights.p3d:geometryView
 2:30:29.533 Warning: No components in dz\structures\residential\misc\misc_tree_protector.p3d:geometryFire
 2:30:29.548 Warning Message: Cannot open object dz\structures\residential\platforms\platform2_stairs_block.p3d
 2:30:29.565 Warning: No components in dz\structures\roads\decals\decal_concrete_panels.p3d:geometry
 2:30:29.565 Warning: No components in dz\structures\roads\decals\decal_concrete_panels_end1.p3d:geometry
 2:30:29.565 Warning: No components in dz\structures\roads\decals\decal_concrete_panels_end2.p3d:geometry
 2:30:29.565 Warning: No components in dz\structures\roads\decals\decal_crosswalk.p3d:geometry
 2:30:29.566 Warning: No components in dz\structures_bliss\roads\decals\decal_damage_long10.p3d:geometry
 2:30:29.566 Warning: No components in dz\structures\roads\decals\decal_damage_long2.p3d:geometry
 2:30:29.566 Warning: No components in dz\structures\roads\decals\decal_damage_long3.p3d:geometry
 2:30:29.566 Warning: No components in dz\structures\roads\decals\decal_damage_long4.p3d:geometry
 2:30:29.566 Warning: No components in dz\structures\roads\decals\decal_damage_long5.p3d:geometry
 2:30:29.566 Warning: No components in dz\structures\roads\decals\decal_damage_medium1.p3d:geometry
 2:30:29.566 Warning: No components in dz\structures\roads\decals\decal_damage_medium2.p3d:geometry
 2:30:29.566 Warning: No components in dz\structures\roads\decals\decal_damage_small1.p3d:geometry
 2:30:29.566 Warning: No components in dz\structures\roads\decals\decal_damage_small2.p3d:geometry
 2:30:29.566 Warning: No components in dz\structures\roads\decals\decal_heli_army.p3d:geometry
 2:30:29.566 Warning: No components in dz\structures\roads\decals\decal_manhole.p3d:geometry
 2:30:29.566 Warning: No components in dz\structures\roads\decals\decal_manhole2.p3d:geometry
 2:30:29.566 Warning: No components in dz\structures\roads\decals\decal_manhole3.p3d:geometry
 2:30:29.567 Fresnel n must be >0, given n=0,k=0.01
 2:30:29.570 Fresnel n must be >0, given n=0,k=0.01
 2:30:29.570 Fresnel n must be >0, given n=0,k=0.01
 2:30:29.571 Fresnel n must be >0, given n=0,k=0.01
 2:30:29.571 Fresnel n must be >0, given n=0,k=0.01
 2:30:29.571 Fresnel n must be >0, given n=0,k=0.01
 2:30:29.571 Fresnel n must be >0, given n=0,k=0.01
 2:30:29.572 Warning: No components in dz\structures\roads\panels\path_panels.p3d:geometry
 2:30:29.572 Warning: No components in dz\structures\roads\panels\path_panels.p3d:geometryFire
 2:30:29.572 Warning: No components in dz\structures\roads\panels\path_panels_damaged.p3d:geometry
 2:30:29.572 Warning: No components in dz\structures\roads\panels\path_panels_damaged.p3d:geometryFire
 2:30:29.574 Warning: No components in dz\structures\roads\parts\asf1_0 2000.p3d:geometry
 2:30:29.575 Warning: No components in dz\structures\roads\parts\asf1_1 1000.p3d:geometry
 2:30:29.575 Warning: No components in dz\structures\roads\parts\asf1_6.p3d:geometry
 2:30:29.575 Warning: No components in dz\structures\roads\parts\asf1_6_crosswalk.p3d:geometry
 2:30:29.575 Warning: No components in dz\structures\roads\parts\asf1_6konec.p3d:geometry
 2:30:29.575 Warning: No components in dz\structures\roads\parts\asf1_7 100.p3d:geometry
 2:30:29.575 Warning: No components in dz\structures\roads\parts\asf1_10 25.p3d:geometry
 2:30:29.575 Warning: No components in dz\structures\roads\parts\asf1_10 50.p3d:geometry
 2:30:29.575 Warning: No components in dz\structures\roads\parts\asf1_10 75.p3d:geometry
 2:30:29.575 Warning: No components in dz\structures\roads\parts\asf1_10 100.p3d:geometry
 2:30:29.575 Warning: No components in dz\structures\roads\parts\asf1_12.p3d:geometry
 2:30:29.575 Warning: No components in dz\structures\roads\parts\asf1_15 75.p3d:geometry
 2:30:29.575 Warning: No components in dz\structures\roads\parts\asf1_22 50.p3d:geometry
 2:30:29.575 Warning: No components in dz\structures\roads\parts\asf1_25.p3d:geometry
 2:30:29.575 Warning: No components in dz\structures\roads\parts\asf1_30 25.p3d:geometry
 2:30:29.575 Warning: No components in dz\structures\roads\parts\asf1_60 10.p3d:geometry
 2:30:29.576 Warning: No components in dz\structures\roads\parts\asf2_0 2000.p3d:geometry
 2:30:29.576 Warning: No components in dz\structures\roads\parts\asf2_1 1000.p3d:geometry
 2:30:29.577 Warning: No components in dz\structures\roads\parts\asf2_6.p3d:geometry
 2:30:29.577 Warning: No components in dz\structures\roads\parts\asf2_6_crosswalk.p3d:geometry
 2:30:29.577 Warning: No components in dz\structures\roads\parts\asf2_6konec.p3d:geometry
 2:30:29.577 Warning: No components in dz\structures\roads\parts\asf2_7 100.p3d:geometry
 2:30:29.577 Warning: No components in dz\structures\roads\parts\asf2_10 25.p3d:geometry
 2:30:29.577 Warning: No components in dz\structures\roads\parts\asf2_10 50.p3d:geometry
 2:30:29.577 Warning: No components in dz\structures\roads\parts\asf2_10 75.p3d:geometry
 2:30:29.577 Warning: No components in dz\structures\roads\parts\asf2_10 100.p3d:geometry
 2:30:29.578 Warning: No components in dz\structures\roads\parts\asf2_12.p3d:geometry
 2:30:29.578 Warning: No components in dz\structures\roads\parts\asf2_15 75.p3d:geometry
 2:30:29.578 Warning: No components in dz\structures\roads\parts\asf2_22 50.p3d:geometry
 2:30:29.578 Warning: No components in dz\structures\roads\parts\asf2_25.p3d:geometry
 2:30:29.578 Warning: No components in dz\structures\roads\parts\asf2_30 25.p3d:geometry
 2:30:29.578 Warning: No components in dz\structures\roads\parts\asf2_60 10.p3d:geometry
 2:30:29.578 Warning: No components in dz\structures\roads\parts\asf3_0 2000.p3d:geometry
 2:30:29.578 Warning: No components in dz\structures\roads\parts\asf3_1 1000.p3d:geometry
 2:30:29.578 Warning: No components in dz\structures\roads\parts\asf3_6.p3d:geometry
 2:30:29.578 Warning: No components in dz\structures\roads\parts\asf3_6konec.p3d:geometry
 2:30:29.578 Warning: No components in dz\structures\roads\parts\asf3_7 100.p3d:geometry
 2:30:29.578 Warning: No components in dz\structures\roads\parts\asf3_10 25.p3d:geometry
 2:30:29.578 Warning: No components in dz\structures\roads\parts\asf3_10 50.p3d:geometry
 2:30:29.578 Warning: No components in dz\structures\roads\parts\asf3_10 75.p3d:geometry
 2:30:29.579 Warning: No components in dz\structures\roads\parts\asf3_10 100.p3d:geometry
 2:30:29.579 Warning: No components in dz\structures\roads\parts\asf3_12.p3d:geometry
 2:30:29.579 Warning: No components in dz\structures\roads\parts\asf3_15 75.p3d:geometry
 2:30:29.579 Warning: No components in dz\structures\roads\parts\asf3_22 50.p3d:geometry
 2:30:29.579 Warning: No components in dz\structures\roads\parts\asf3_25.p3d:geometry
 2:30:29.579 Warning: No components in dz\structures\roads\parts\asf3_30 25.p3d:geometry
 2:30:29.579 Warning: No components in dz\structures\roads\parts\asf3_60 10.p3d:geometry
 2:30:29.580 Warning: No components in dz\structures\roads\parts\city_0 2000.p3d:geometry
 2:30:29.580 Warning: No components in dz\structures\roads\parts\city_1 1000.p3d:geometry
 2:30:29.580 Warning: No components in dz\structures\roads\parts\city_6.p3d:geometry
 2:30:29.581 Warning: No components in dz\structures\roads\parts\city_6konec.p3d:geometry
 2:30:29.581 Warning: No components in dz\structures\roads\parts\city_7 100.p3d:geometry
 2:30:29.581 Warning: No components in dz\structures\roads\parts\city_10 25.p3d:geometry
 2:30:29.581 Warning: No components in dz\structures\roads\parts\city_10 50.p3d:geometry
 2:30:29.581 Warning: No components in dz\structures\roads\parts\city_10 75.p3d:geometry
 2:30:29.581 Warning: No components in dz\structures\roads\parts\city_10 100.p3d:geometry
 2:30:29.581 Warning: No components in dz\structures\roads\parts\city_12.p3d:geometry
 2:30:29.582 Warning: No components in dz\structures\roads\parts\city_15 75.p3d:geometry
 2:30:29.582 Warning: No components in dz\structures\roads\parts\city_22 50.p3d:geometry
 2:30:29.582 Warning: No components in dz\structures\roads\parts\city_25.p3d:geometry
 2:30:29.582 Warning: No components in dz\structures\roads\parts\city_30 25.p3d:geometry
 2:30:29.582 Warning: No components in dz\structures\roads\parts\city_60 10.p3d:geometry
 2:30:29.582 Warning: No components in dz\structures\roads\parts\grav_0 2000.p3d:geometry
 2:30:29.582 Warning: No components in dz\structures\roads\parts\grav_1 1000.p3d:geometry
 2:30:29.582 Warning: No components in dz\structures\roads\parts\grav_6.p3d:geometry
 2:30:29.583 Warning: No components in dz\structures\roads\parts\grav_6konec.p3d:geometry
 2:30:29.583 Warning: No components in dz\structures\roads\parts\grav_7 100.p3d:geometry
 2:30:29.583 Warning: No components in dz\structures\roads\parts\grav_10 25.p3d:geometry
 2:30:29.583 Warning: No components in dz\structures\roads\parts\grav_10 50.p3d:geometry
 2:30:29.583 Warning: No components in dz\structures\roads\parts\grav_10 75.p3d:geometry
 2:30:29.583 Warning: No components in dz\structures\roads\parts\grav_10 100.p3d:geometry
 2:30:29.583 Warning: No components in dz\structures\roads\parts\grav_12.p3d:geometry
 2:30:29.583 Warning: No components in dz\structures\roads\parts\grav_15 75.p3d:geometry
 2:30:29.584 Warning: No components in dz\structures\roads\parts\grav_22 50.p3d:geometry
 2:30:29.584 Warning: No components in dz\structures\roads\parts\grav_25.p3d:geometry
 2:30:29.584 Warning: No components in dz\structures\roads\parts\grav_30 25.p3d:geometry
 2:30:29.584 Warning: No components in dz\structures\roads\parts\grav_60 10.p3d:geometry
 2:30:29.584 Warning: No components in dz\structures\roads\parts\kr_t_asf1_asf2.p3d:geometry
 2:30:29.584 Warning: No components in dz\structures\roads\parts\kr_t_asf1_asf3.p3d:geometry
 2:30:29.584 Warning: No components in dz\structures\roads\parts\kr_t_asf1_city.p3d:geometry
 2:30:29.584 Warning: No components in dz\structures\roads\parts\kr_t_asf2_asf2.p3d:geometry
 2:30:29.584 Warning: No components in dz\structures\roads\parts\kr_t_asf2_asf3.p3d:geometry
 2:30:29.585 Warning: No components in dz\structures\roads\parts\kr_t_asf3_asf2.p3d:geometry
 2:30:29.585 Warning: No components in dz\structures\roads\parts\kr_t_asf3_asf3.p3d:geometry
 2:30:29.585 Warning: No components in dz\structures\roads\parts\kr_t_asf3_mud.p3d:geometry
 2:30:29.585 Warning: No components in dz\structures\roads\parts\kr_t_city_asf3.p3d:geometry
 2:30:29.585 Warning: No components in dz\structures\roads\parts\kr_t_city_city.p3d:geometry
 2:30:29.585 Warning: No components in dz\structures\roads\parts\kr_t_mud_mud.p3d:geometry
 2:30:29.585 Warning: No components in dz\structures\roads\parts\kr_x_asf1_asf3.p3d:geometry
 2:30:29.585 Warning: No components in dz\structures\roads\parts\kr_x_asf1_city.p3d:geometry
 2:30:29.585 Warning: No components in dz\structures\roads\parts\kr_x_asf2_asf3.p3d:geometry
 2:30:29.585 Warning: No components in dz\structures\roads\parts\kr_x_city_city.p3d:geometry
 2:30:29.586 Warning: No components in dz\structures\roads\parts\kr_x_city_city_asf3.p3d:geometry
 2:30:29.586 Warning: No components in dz\structures\roads\parts\mud_0 2000.p3d:geometry
 2:30:29.586 Warning: No components in dz\structures\roads\parts\mud_1 1000.p3d:geometry
 2:30:29.586 Warning: No components in dz\structures\roads\parts\mud_6.p3d:geometry
 2:30:29.587 Warning: No components in dz\structures\roads\parts\mud_6konec.p3d:geometry
 2:30:29.587 Warning: No components in dz\structures\roads\parts\mud_7 100.p3d:geometry
 2:30:29.587 Warning: No components in dz\structures\roads\parts\mud_10 25.p3d:geometry
 2:30:29.587 Warning: No components in dz\structures\roads\parts\mud_10 50.p3d:geometry
 2:30:29.587 Warning: No components in dz\structures\roads\parts\mud_10 75.p3d:geometry
 2:30:29.588 Warning: No components in dz\structures\roads\parts\mud_10 100.p3d:geometry
 2:30:29.588 Warning: No components in dz\structures\roads\parts\mud_12.p3d:geometry
 2:30:29.588 Warning: No components in dz\structures\roads\parts\mud_15 75.p3d:geometry
 2:30:29.588 Warning: No components in dz\structures\roads\parts\mud_22 50.p3d:geometry
 2:30:29.588 Warning: No components in dz\structures\roads\parts\mud_25.p3d:geometry
 2:30:29.588 Warning: No components in dz\structures\roads\parts\mud_30 25.p3d:geometry
 2:30:29.588 Warning: No components in dz\structures\roads\parts\mud_60 10.p3d:geometry
 2:30:29.588 Warning: No components in dz\structures\roads\parts\path_dirt_10.p3d:geometry
 2:30:29.588 Warning: No components in dz\structures\roads\parts\path_dirt_30.p3d:geometry
 2:30:29.588 Warning: No components in dz\structures\roads\parts\path_dirt_curve.p3d:geometry
 2:30:29.588 Warning: No components in dz\structures\roads\parts\path_rock_10.p3d:geometry
 2:30:29.588 Warning: No components in dz\structures\roads\parts\path_rock_30.p3d:geometry
 2:30:29.588 Warning: No components in dz\structures\roads\parts\path_rock_curve.p3d:geometry
 2:30:29.588 Warning: No components in dz\structures\roads\parts\runway_beton.p3d:geometry
 2:30:29.588 Warning: No components in dz\structures\roads\parts\runway_beton_end1.p3d:geometry
 2:30:29.588 Warning: No components in dz\structures\roads\parts\runway_beton_end2.p3d:geometry
 2:30:29.588 Warning: No components in dz\structures\roads\parts\runway_dirt_1.p3d:geometry
 2:30:29.588 Warning: No components in dz\structures\roads\parts\runway_dirt_2.p3d:geometry
 2:30:29.588 Warning: No components in dz\structures\roads\parts\runway_dirt_3.p3d:geometry
 2:30:29.589 Warning: No components in dz\structures\roads\parts\runway_end15.p3d:geometry
 2:30:29.589 Warning: No components in dz\structures\roads\parts\runway_end33.p3d:geometry
 2:30:29.589 Warning: No components in dz\structures\roads\parts\runway_main.p3d:geometry
 2:30:29.589 Warning: No components in dz\structures\roads\parts\runway_main_40.p3d:geometry
 2:30:29.589 Warning: No components in dz\structures\roads\parts\runway_poj_draha.p3d:geometry
 2:30:29.589 Warning: No components in dz\structures\roads\parts\runway_poj_l_1.p3d:geometry
 2:30:29.589 Warning: No components in dz\structures\roads\parts\runway_poj_l_1_end.p3d:geometry
 2:30:29.589 Warning: No components in dz\structures\roads\parts\runway_poj_l_2.p3d:geometry
 2:30:29.589 Warning: No components in dz\structures\roads\parts\runway_poj_l_2_end.p3d:geometry
 2:30:29.590 Warning: No components in dz\structures\roads\parts\runway_poj_spoj.p3d:geometry
 2:30:29.590 Warning: No components in dz\structures\roads\parts\runway_poj_spoj_2.p3d:geometry
 2:30:29.590 Warning: No components in dz\structures\roads\parts\runway_poj_t_1.p3d:geometry
 2:30:29.590 Warning: No components in dz\structures\roads\parts\runway_poj_t_2.p3d:geometry
 2:30:29.590 Warning: No components in dz\structures\roads\parts\runwayold_40_main.p3d:geometry
 2:30:29.591 Warning: No components in dz\structures\roads\sidewalks\sidewalk1_1m.p3d:geometry
 2:30:29.591 Warning: No components in dz\structures\roads\sidewalks\sidewalk1_5m.p3d:geometry
 2:30:29.591 Warning: No components in dz\structures\roads\sidewalks\sidewalk1_10m.p3d:geometry
 2:30:29.592 Warning: No components in dz\structures\roads\sidewalks\sidewalk1_corner.p3d:geometry
 2:30:29.592 Warning: No components in dz\structures\roads\sidewalks\sidewalk1_end.p3d:geometry
 2:30:29.592 Warning: No components in dz\structures\roads\sidewalks\sidewalk1_tcross.p3d:geometry
 2:30:29.592 Warning: No components in dz\structures\roads\sidewalks\sidewalk1_turn_5deg.p3d:geometry
 2:30:29.592 Warning: No components in dz\structures\roads\sidewalks\sidewalk1_turn_10deg.p3d:geometry
 2:30:29.592 Warning: No components in dz\structures\roads\sidewalks\sidewalk1_turn_20deg.p3d:geometry
 2:30:29.592 Warning: No components in dz\structures\roads\sidewalks\sidewalk1_turn_30deg.p3d:geometry
 2:30:29.592 Warning: No components in dz\structures\roads\sidewalks\sidewalk2_1m.p3d:geometry
 2:30:29.592 Warning: No components in dz\structures\roads\sidewalks\sidewalk2_5m.p3d:geometry
 2:30:29.593 Warning: No components in dz\structures\roads\sidewalks\sidewalk3_narrow_4m.p3d:geometry
 2:30:29.594 Warning: No components in dz\structures\roads\sidewalks\sidewalk3_wide_corner.p3d:geometry
 2:30:29.594 Warning: No components in dz\structures\roads\tunnels\tunnel_biathlon_left_anthoxanthum.p3d:geometry
 2:30:29.595 Warning: No components in dz\structures\roads\tunnels\tunnel_biathlon_left_elytrigia.p3d:geometry
 2:30:29.595 Warning: No components in dz\structures\roads\tunnels\tunnel_biathlon_right_anthoxanthum.p3d:geometry
 2:30:29.595 Warning: No components in dz\structures\roads\tunnels\tunnel_biathlon_right_elytrigia.p3d:geometry
 2:30:29.595 Warning Message: Cannot open object dz\structures\roads\sidewalks\taxiway_0 2000.p3d
 2:30:29.595 Warning Message: Cannot open object dz\structures\roads\sidewalks\taxiway_1 1000.p3d
 2:30:29.595 Warning Message: Cannot open object dz\structures\roads\sidewalks\taxiway_6.p3d
 2:30:29.595 Warning Message: Cannot open object dz\structures\roads\sidewalks\taxiway_6konec.p3d
 2:30:29.595 Warning Message: Cannot open object dz\structures\roads\sidewalks\taxiway_7 100.p3d
 2:30:29.595 Warning Message: Cannot open object dz\structures\roads\sidewalks\taxiway_10 25.p3d
 2:30:29.595 Warning Message: Cannot open object dz\structures\roads\sidewalks\taxiway_10 50.p3d
 2:30:29.595 Warning Message: Cannot open object dz\structures\roads\sidewalks\taxiway_10 75.p3d
 2:30:29.595 Warning Message: Cannot open object dz\structures\roads\sidewalks\taxiway_10 100.p3d
 2:30:29.595 Warning Message: Cannot open object dz\structures\roads\sidewalks\taxiway_12.p3d
 2:30:29.595 Warning Message: Cannot open object dz\structures\roads\sidewalks\taxiway_15 75.p3d
 2:30:29.595 Warning Message: Cannot open object dz\structures\roads\sidewalks\taxiway_22 50.p3d
 2:30:29.595 Warning Message: Cannot open object dz\structures\roads\sidewalks\taxiway_25.p3d
 2:30:29.595 Warning Message: Cannot open object dz\structures\roads\sidewalks\taxiway_30 25.p3d
 2:30:29.595 Warning Message: Cannot open object dz\structures\roads\sidewalks\taxiway_60 10.p3d
 2:30:29.595 Warning: No components in dz\structures\roads\decals\decal_damage_long1.p3d:geometry
 2:30:29.597 Warning: No components in dz\structures\ruins\rubble_bricks1.p3d:geometry
 2:30:29.607 PerfWarning: Way too much components (628) in dz\structures\ruins\rubble_dirtpile_medium2.p3d:geometryFire
 2:30:29.608 Warning: No components in dz\structures\ruins\rubble_glass.p3d:geometry
 2:30:29.621 PerfWarning: Way too much components (889) in dz\structures\ruins\ruin_church.p3d:geometryFire
 2:30:29.675 PerfWarning: Way too much components (547) in dz\structures\specific\airfields\airfield_small_control.p3d:geometryFire
 2:30:29.787 PerfWarning: Way too much components (517) in dz\structures\specific\hotel\hotel.p3d:geometryFire
 2:30:29.799 PerfWarning: Way too much components (534) in dz\structures\specific\churches\church2_2.p3d:geometryFire
 2:30:29.820 PerfWarning: Way too much components (753) in dz\structures\specific\lunapark\lunapark_carousel_swan.p3d:geometryFire
 2:30:29.821 PerfWarning: Way too much components (595) in dz\structures\specific\lunapark\lunapark_carousel_swan.p3d:geometryView
 2:30:29.848 PerfWarning: Way too much components (797) in dz\structures\specific\prison\prison_main.p3d:geometryFire
 2:30:29.864 PerfWarning: Way too much components (948) in dz\structures\specific\prison\prison_wall_large.p3d:geometryFire
 2:30:29.872 Convex "component19" selection faces are less then 4 in dz\structures\specific\statues\monument_t34.p3d:geometry
 2:30:29.883 PerfWarning: Way too much components (744) in dz\structures\specific\towers\tower_tc2_base.p3d:geometryFire
 2:30:29.897 PerfWarning: Way too much components (548) in dz\structures\specific\cableway\cableway_cart.p3d:geometryFire
 2:30:29.902 PerfWarning: Way too much components (548) in dz\structures\specific\cableway\cableway_cart2.p3d:geometryFire
 2:30:29.906 PerfWarning: Way too much components (548) in dz\structures\specific\cableway\cableway_cart3.p3d:geometryFire
 2:30:29.908 Warning: No components in dz\structures\specific\airfields\airfield_light_navig.p3d:geometryView
 2:30:29.910 Warning Message: Cannot open object dz\structures\specific\airfields\airfield_light_control.p3d
 2:30:29.910 Warning Message: Cannot open object dz\structures\specific\airfields\airfield_light_hangar.p3d
 2:30:29.910 Warning: No components in dz\structures\specific\cableway\cableway_rope.p3d:geometry
 2:30:29.910 Warning: No components in dz\structures\specific\cableway\cableway_rope.p3d:geometryFire
 2:30:29.910 Warning: No components in dz\structures\specific\cableway\cableway_rope.p3d:geometryView
 2:30:29.921 Warning: No components in dz\structures\specific\cemeteries\cemetery_tombstone9.p3d:geometryView
 2:30:29.921 Warning: No components in dz\structures\specific\cemeteries\cemetery_tombstone10.p3d:geometryView
 2:30:29.922 Warning: No components in dz\structures\specific\cemeteries\cemetery_tombstone11.p3d:geometryView
 2:30:29.933 Warning: No components in dz\structures\specific\skilift\skilift_rope_end.p3d:geometry
 2:30:29.933 Warning: No components in dz\structures\specific\skilift\skilift_rope_middle.p3d:geometry
 2:30:29.933 Warning: No components in dz\structures\specific\skilift\skilift_rope_start.p3d:geometry
 2:30:29.941 Warning: No components in dz\structures\specific\statues\proxy\model_plane_mig21_lines.p3d:geometry
 2:30:29.943 Warning: No components in dz\structures\specific\statues\proxy\monument_plane_mig21_lines.p3d:geometry
 2:30:29.971 Warning: No components in dz\structures\walls\wall_fen2_6.p3d:geometryView
 2:30:29.971 Warning: No components in dz\structures\walls\wall_fen2_6_hole.p3d:geometryView
 2:30:29.972 Warning: No components in dz\structures\walls\wall_fenr_pole.p3d:geometryView
 2:30:29.991 Warning: No components in dz\structures\walls\wall_woodf_5.p3d:geometryView
 2:30:29.992 Warning: No components in dz\structures\walls\wall_woodf_5_2.p3d:geometryView
 2:30:29.992 Warning: No components in dz\structures\walls\wall_woodf_5_end.p3d:geometryView
 2:30:29.993 Warning: No components in dz\structures\walls\wall_railing_1.p3d:geometryView
 2:30:29.994 Warning: No components in dz\structures\walls\wall_railing_1_endl.p3d:geometryView
 2:30:29.994 Warning: No components in dz\structures\walls\wall_railing_1_endr.p3d:geometryView
 2:30:29.994 Warning: No components in dz\structures\walls\wall_railing_1_slope.p3d:geometryView
 2:30:29.995 Warning: No components in dz\structures\walls\wall_railing_2.p3d:geometryView
 2:30:29.995 Warning: No components in dz\structures\walls\wall_railing_2_slope.p3d:geometryView
 2:30:29.995 Warning: No components in dz\structures\walls\wall_railing_endl.p3d:geometryView
 2:30:29.995 Warning: No components in dz\structures\walls\wall_railing_endr.p3d:geometryView
 2:30:30.22  PerfWarning: Way too much components (832) in dz\structures\wrecks\ships\ship_big_fronta.p3d:geometryFire
 2:30:30.31  PerfWarning: Way too much components (1170) in dz\structures\wrecks\ships\ship_big_frontb.p3d:geometryFire
 2:30:30.40  PerfWarning: Way too much components (761) in dz\structures\wrecks\ships\ship_big_backa.p3d:geometryFire
 2:30:30.51  PerfWarning: Way too much components (1078) in dz\structures\wrecks\ships\ship_big_backb.p3d:geometryFire
 2:30:30.62  PerfWarning: Way too much components (603) in dz\structures\wrecks\ships\ship_big_castle.p3d:geometry
 2:30:30.63  PerfWarning: Way too much components (905) in dz\structures\wrecks\ships\ship_big_castle.p3d:geometryFire
 2:30:30.64  PerfWarning: Way too much components (504) in dz\structures\wrecks\ships\ship_big_castle.p3d:geometryView
 2:30:30.91  Convex "component02" selection faces are less then 4 in dz\structures\wrecks\vehicles\wreck_s1023_medic.p3d:geometryFire
 2:30:30.91  Convex "component03" selection faces are less then 4 in dz\structures\wrecks\vehicles\wreck_s1023_medic.p3d:geometryFire
 2:30:30.91  Convex "component04" selection faces are less then 4 in dz\structures\wrecks\vehicles\wreck_s1023_medic.p3d:geometryFire
 2:30:30.91  Convex "component05" selection faces are less then 4 in dz\structures\wrecks\vehicles\wreck_s1023_medic.p3d:geometryFire
 2:30:30.91  Convex "component38" selection faces are less then 4 in dz\structures\wrecks\vehicles\wreck_s1023_medic.p3d:geometryFire
 2:30:30.91  Convex "component39" selection faces are less then 4 in dz\structures\wrecks\vehicles\wreck_s1023_medic.p3d:geometryFire
 2:30:30.91  Convex "component73" selection faces are less then 4 in dz\structures\wrecks\vehicles\wreck_s1023_medic.p3d:geometryFire
 2:30:30.91  Convex "component77" selection faces are less then 4 in dz\structures\wrecks\vehicles\wreck_s1023_medic.p3d:geometryFire
 2:30:30.91  Convex "component88" selection faces are less then 4 in dz\structures\wrecks\vehicles\wreck_s1023_medic.p3d:geometryFire
 2:30:30.99  PerfWarning: Way too much components (501) in dz\structures\wrecks\vehicles\wreck_volha_grey.p3d:geometryFire
 2:30:30.101 Warning: No components in dz\structures\wrecks\vehicles\wreck_trailer_closed.p3d:geometryView
 2:30:30.111 PerfWarning: Way too much components (572) in dz\structures\wrecks\aircraft\wreck_c130j.p3d:geometryFire
 2:30:30.117 PerfWarning: Way too much components (547) in dz\structures\wrecks\aircraft\wreck_c130j_2.p3d:geometryFire
 2:30:30.123 PerfWarning: Way too much components (524) in dz\structures\wrecks\aircraft\wreck_c130j_cargo.p3d:geometryFire
 2:30:30.213 PerfWarning: Way too much components (1022) in dz\structures\wrecks\vehicles\wreck_bmp1.p3d:geometryFire
 2:30:30.224 Warning: No components in dz\structures\wrecks\vehicles\wreck_decal_big.p3d:geometry
 2:30:30.225 Warning: No components in dz\structures\wrecks\vehicles\wreck_decal_big_nolc.p3d:geometry
 2:30:30.225 Warning: No components in dz\structures\wrecks\vehicles\wreck_decal_small1.p3d:geometry
 2:30:30.225 Warning: No components in dz\structures\wrecks\vehicles\wreck_decal_small1_nolc.p3d:geometry
 2:30:30.225 Warning: No components in dz\structures\wrecks\vehicles\wreck_decal_small2.p3d:geometry
 2:30:30.225 Warning: No components in dz\structures\wrecks\vehicles\wreck_decal_small2_nolc.p3d:geometry
 2:30:30.238 PerfWarning: Way too much components (753) in dz\structures\wrecks\vehicles\wreck_t72_chassis.p3d:geometryFire
 2:30:30.258 PerfWarning: Way too much components (1022) in dz\structures\wrecks\vehicles\wreck_bmp1_noplacement.p3d:geometryFire
 2:30:30.267 PerfWarning: Way too much components (709) in dz\structures\wrecks\vehicles\wreck_mtvr_cargo.p3d:geometryFire
 2:30:30.283 PerfWarning: Way too much components (503) in dz\structures\wrecks\vehicles\wreck_offroad02_medic_tk.p3d:geometryFire
 2:30:30.298 Convex "component21" selection faces are less then 4 in dz\structures_bliss\industrial\houses\workshop_fuelstation.p3d:geometry
 2:30:30.298 Convex "component67" selection faces are less then 4 in dz\structures_bliss\industrial\houses\workshop_fuelstation.p3d:geometry
 2:30:30.301 Convex "component118" selection faces are less then 4 in dz\structures_bliss\industrial\sheds\shed_closed2.p3d:geometryView
 2:30:30.301 Convex "component119" selection faces are less then 4 in dz\structures_bliss\industrial\sheds\shed_closed2.p3d:geometryView
 2:30:30.356 Warning: No components in dz\structures_bliss\military\training\shellcrater1_decal.p3d:geometry
 2:30:30.356 Warning: No components in dz\structures_bliss\military\training\shellcrater2_debris.p3d:geometry
 2:30:30.356 Warning: No components in dz\structures_bliss\military\training\shellcrater2_decal.p3d:geometry
 2:30:30.376 PerfWarning: Way too much components (859) in dz\structures_bliss\residential\medical\village_healthcare_enoch.p3d:geometryFire
 2:30:30.388 PerfWarning: Way too much components (805) in dz\structures_bliss\residential\police\city_policestation_enoch.p3d:geometryFire
 2:30:30.397 PerfWarning: Way too much components (742) in dz\structures_bliss\residential\police\village_policestation_enoch.p3d:geometryFire
 2:30:30.417 Warning: No components in dz\structures_bliss\residential\misc\misc_sewercover.p3d:geometry
 2:30:30.431 Warning: No components in dz\structures_bliss\roads\decals\decal_oilstain2.p3d:geometry
 2:30:30.431 Warning: No components in dz\structures_bliss\roads\decals\decal_oilstain3.p3d:geometry
 2:30:30.431 Warning: No components in dz\structures_bliss\roads\decals\decal_oilstain4.p3d:geometry
 2:30:30.432 Warning: No components in dz\structures_bliss\roads\decals\decal_asphalt_fix1.p3d:geometry
 2:30:30.432 Warning: No components in dz\structures_bliss\roads\decals\decal_asphalt_fix2.p3d:geometry
 2:30:30.432 Warning: No components in dz\structures_bliss\roads\decals\decal_asphalt_fix3.p3d:geometry
 2:30:30.432 Warning: No components in dz\structures_bliss\roads\decals\decal_asphalt_fix4.p3d:geometry
 2:30:30.432 Warning: No components in dz\structures_bliss\roads\decals\decal_asphalt_fix5.p3d:geometry
 2:30:30.432 Warning: No components in dz\structures_bliss\roads\decals\decal_asphalt_fix6.p3d:geometry
 2:30:30.432 Warning: No components in dz\structures_bliss\roads\decals\decal_asphalt_patch01.p3d:geometry
 2:30:30.432 Warning: No components in dz\structures_bliss\roads\decals\decal_asphalt_patch02.p3d:geometry
 2:30:30.432 Warning: No components in dz\structures_bliss\roads\decals\decal_asphalt_patch03.p3d:geometry
 2:30:30.432 Warning: No components in dz\structures_bliss\roads\decals\decal_asphalt_patch04.p3d:geometry
 2:30:30.432 Warning: No components in dz\structures_bliss\roads\decals\decal_asphalt_patch05.p3d:geometry
 2:30:30.432 Warning: No components in dz\structures_bliss\roads\decals\decal_asphalt_patch06.p3d:geometry
 2:30:30.432 Warning: No components in dz\structures_bliss\roads\decals\decal_asphalt_patch07.p3d:geometry
 2:30:30.432 Warning: No components in dz\structures_bliss\roads\decals\decal_asphalt_patch08.p3d:geometry
 2:30:30.432 Warning: No components in dz\structures_bliss\roads\decals\decal_asphalt_patch09.p3d:geometry
 2:30:30.432 Warning: No components in dz\structures_bliss\roads\decals\decal_asphalt_patch10.p3d:geometry
 2:30:30.432 Warning: No components in dz\structures_bliss\roads\decals\decal_asphalt_patch11.p3d:geometry
 2:30:30.432 Warning: No components in dz\structures_bliss\roads\decals\decal_asphalt_patch12.p3d:geometry
 2:30:30.432 Warning: No components in dz\structures_bliss\roads\decals\decal_damage_long6.p3d:geometry
 2:30:30.432 Warning: No components in dz\structures_bliss\roads\decals\decal_damage_long7.p3d:geometry
 2:30:30.432 Warning: No components in dz\structures_bliss\roads\decals\decal_damage_long8.p3d:geometry
 2:30:30.432 Warning: No components in dz\structures_bliss\roads\decals\decal_damage_long9.p3d:geometry
 2:30:30.432 Warning: No components in dz\structures_bliss\roads\decals\decal_damage_medium4.p3d:geometry
 2:30:30.432 Warning: No components in dz\structures_bliss\roads\decals\decal_damage_medium5.p3d:geometry
 2:30:30.432 Warning: No components in dz\structures_bliss\roads\decals\decal_damage_medium6.p3d:geometry
 2:30:30.432 Warning: No components in dz\structures_bliss\roads\decals\decal_damage_medium7.p3d:geometry
 2:30:30.432 Warning: No components in dz\structures_bliss\roads\decals\decal_damage_medium8.p3d:geometry
 2:30:30.432 Warning: No components in dz\structures_bliss\roads\decals\decal_damage_medium9.p3d:geometry
 2:30:30.432 Warning: No components in dz\structures_bliss\roads\decals\decal_damage_medium10.p3d:geometry
 2:30:30.432 Warning: No components in dz\structures_bliss\roads\decals\decal_dirt_damage_long1.p3d:geometry
 2:30:30.432 Warning: No components in dz\structures_bliss\roads\decals\decal_dirt_damage_long2.p3d:geometry
 2:30:30.432 Warning: No components in dz\structures_bliss\roads\decals\decal_dirt_damage_long3.p3d:geometry
 2:30:30.432 Warning: No components in dz\structures_bliss\roads\decals\decal_dirt_rocks1.p3d:geometry
 2:30:30.432 Warning: No components in dz\structures_bliss\roads\decals\decal_dirt_rocks2.p3d:geometry
 2:30:30.432 Warning: No components in dz\structures_bliss\roads\decals\decal_oilstain1.p3d:geometry
 2:30:30.657 Convex "component129" selection faces are less then 4 in dz\structures_bliss\ruins\ruin_housebig3_half.p3d:geometryView
 2:30:30.664 Convex "component129" selection faces are less then 4 in dz\structures_bliss\ruins\ruin_housebig3_noivy_half.p3d:geometryView
 2:30:30.719 Warning: No components in dz\structures_bliss\ruins\proxy\bed_large_metal.p3d:geometryView
 2:30:30.721 Warning: No components in dz\structures_bliss\ruins\proxy\bed_large_metal_broken.p3d:geometryView
 2:30:30.722 Warning: No components in dz\structures_bliss\ruins\proxy\carpet_big_dirty.p3d:geometry
 2:30:30.722 Warning: No components in dz\structures_bliss\ruins\proxy\carpet_big_dirty.p3d:geometryView
 2:30:30.722 Warning: No components in dz\structures_bliss\ruins\proxy\carpet_big_dirty2.p3d:geometry
 2:30:30.722 Warning: No components in dz\structures_bliss\ruins\proxy\carpet_big_dirty2.p3d:geometryView
 2:30:30.723 Warning: No components in dz\structures_bliss\ruins\proxy\chair_crushed.p3d:geometry
 2:30:30.723 Warning: No components in dz\structures_bliss\ruins\proxy\chair_crushed.p3d:geometryView
 2:30:30.729 Warning: No components in dz\structures_bliss\ruins\proxy\ruin_church2_proxy_overgrowth.p3d:geometry
 2:30:30.732 Warning: No components in dz\structures_bliss\ruins\proxy\ruin_housebig1_half_proxy_01.p3d:geometry
 2:30:30.733 Warning: No components in dz\structures_bliss\ruins\proxy\ruin_housebig1_half_proxy_overgrowth.p3d:geometry
 2:30:30.734 Warning: No components in dz\structures_bliss\ruins\proxy\ruin_housebig1_proxy_01.p3d:geometry
 2:30:30.734 Warning: No components in dz\structures_bliss\ruins\proxy\ruin_housebig1_proxy_overgrowth.p3d:geometry
 2:30:30.735 Warning: No components in dz\structures_bliss\ruins\proxy\ruin_housebig1_proxy_overgrowth_02.p3d:geometry
 2:30:30.735 Warning: No components in dz\structures_bliss\ruins\proxy\ruin_housebig1_proxy_overgrowth_02_template.p3d:geometry
 2:30:30.735 Warning: No components in dz\structures_bliss\ruins\proxy\ruin_housebig1_proxy_overgrowth_02_template.p3d:geometryFire
 2:30:30.736 Warning: No components in dz\structures_bliss\ruins\proxy\ruin_housebig1_proxy_overgrowth_template.p3d:geometry
 2:30:30.736 Warning: No components in dz\structures_bliss\ruins\proxy\ruin_housebig1_proxy_overgrowth_template.p3d:geometryFire
 2:30:30.736 Warning: No components in dz\structures_bliss\ruins\proxy\ruin_housebig2_half_proxy_01.p3d:geometry
 2:30:30.737 Warning: No components in dz\structures_bliss\ruins\proxy\ruin_housebig2_half_proxy_overgrowth.p3d:geometry
 2:30:30.738 Warning: No components in dz\structures_bliss\ruins\proxy\ruin_housebig2_proxy_01.p3d:geometry
 2:30:30.738 Warning: No components in dz\structures_bliss\ruins\proxy\ruin_housebig2_proxy_02.p3d:geometry
 2:30:30.738 Warning: No components in dz\structures_bliss\ruins\proxy\ruin_housebig2_proxy_overgrowth.p3d:geometry
 2:30:30.738 Warning: No components in dz\structures_bliss\ruins\proxy\ruin_housebig3_half_proxy_01.p3d:geometry
 2:30:30.738 Warning: No components in dz\structures_bliss\ruins\proxy\ruin_housebig3_half_proxy_overgrowth.p3d:geometry
 2:30:30.740 Warning: No components in dz\structures_bliss\ruins\proxy\ruin_housebig3_proxy_01.p3d:geometry
 2:30:30.740 Warning: No components in dz\structures_bliss\ruins\proxy\ruin_housebig3_proxy_overgrowth.p3d:geometry
 2:30:30.741 Warning: No components in dz\structures_bliss\ruins\proxy\ruin_housesmall1_half_proxy_01.p3d:geometry
 2:30:30.742 Warning: No components in dz\structures_bliss\ruins\proxy\ruin_housesmall1_half_proxy_overgrowth.p3d:geometry
 2:30:30.742 Warning: No components in dz\structures_bliss\ruins\proxy\ruin_housesmall1_proxy_01.p3d:geometry
 2:30:30.742 Warning: No components in dz\structures_bliss\ruins\proxy\ruin_housesmall1_proxy_02.p3d:geometry
 2:30:30.742 Warning: No components in dz\structures_bliss\ruins\proxy\ruin_housesmall1_proxy_overgrowth.p3d:geometry
 2:30:30.743 Warning: No components in dz\structures_bliss\ruins\proxy\ruin_housesmall2_proxy.p3d:geometry
 2:30:30.743 Warning: No components in dz\structures_bliss\ruins\proxy\ruin_housesmall2_proxy_bricks.p3d:geometry
 2:30:30.744 Warning: No components in dz\structures_bliss\ruins\proxy\ruin_housesmall2_proxy_overgrowth.p3d:geometry
 2:30:30.810 Convex "component05" selection faces are less then 4 in dz\structures_bliss\specific\towers\transmitter_box.p3d:geometryFire
 2:30:30.815 Convex "component137" selection faces are less then 4 in dz\structures_bliss\underground\corridor\underground_corridor_main_both.p3d:geometryFire
 2:30:30.816 Convex "component51" selection faces are less then 4 in dz\structures_bliss\underground\corridor\underground_corridor_main_left.p3d:geometryFire
 2:30:30.816 Convex "component52" selection faces are less then 4 in dz\structures_bliss\underground\corridor\underground_corridor_main_left.p3d:geometryFire
 2:30:30.818 Convex "component110" selection faces are less then 4 in dz\structures_bliss\underground\corridor\underground_corridor_main_right.p3d:geometryFire
 2:30:30.818 Convex "component112" selection faces are less then 4 in dz\structures_bliss\underground\corridor\underground_corridor_main_right.p3d:geometryFire
 2:30:30.822 Unrecognized texture type '': 'dz\structures_bliss\underground\corridor\data\underground_corridor_connector_building_mc'
 2:30:30.822 Convex "component33" selection faces are less then 4 in dz\structures_bliss\underground\corridor\underground_corridor_connector.p3d:geometryFire
 2:30:30.825 Unrecognized texture type '': 'dz\structures_bliss\underground\corridor\data\underground_corridor_connector_building_mc'
 2:30:30.826 Convex "component33" selection faces are less then 4 in dz\structures_bliss\underground\corridor\underground_corridor_connector_inv.p3d:geometryFire
 2:30:30.828 Convex "component01" selection faces are less then 4 in dz\structures_bliss\underground\tunnel\underground_tunnel_single.p3d:geometry
 2:30:30.828 Convex "component02" selection faces are less then 4 in dz\structures_bliss\underground\tunnel\underground_tunnel_single.p3d:geometry
 2:30:30.828 Convex "component03" selection faces are less then 4 in dz\structures_bliss\underground\tunnel\underground_tunnel_single.p3d:geometry
 2:30:30.828 Convex "component04" selection faces are less then 4 in dz\structures_bliss\underground\tunnel\underground_tunnel_single.p3d:geometry
 2:30:30.828 Convex "component05" selection faces are less then 4 in dz\structures_bliss\underground\tunnel\underground_tunnel_single.p3d:geometry
 2:30:30.828 Convex "component06" selection faces are less then 4 in dz\structures_bliss\underground\tunnel\underground_tunnel_single.p3d:geometry
 2:30:30.828 Convex "component07" selection faces are less then 4 in dz\structures_bliss\underground\tunnel\underground_tunnel_single.p3d:geometry
 2:30:30.828 Convex "component08" selection faces are less then 4 in dz\structures_bliss\underground\tunnel\underground_tunnel_single.p3d:geometry
 2:30:30.828 Convex "component09" selection faces are less then 4 in dz\structures_bliss\underground\tunnel\underground_tunnel_single.p3d:geometry
 2:30:30.828 Convex "component10" selection faces are less then 4 in dz\structures_bliss\underground\tunnel\underground_tunnel_single.p3d:geometry
 2:30:30.828 Convex "component11" selection faces are less then 4 in dz\structures_bliss\underground\tunnel\underground_tunnel_single.p3d:geometry
 2:30:30.828 Convex "component12" selection faces are less then 4 in dz\structures_bliss\underground\tunnel\underground_tunnel_single.p3d:geometry
 2:30:30.828 Convex "component13" selection faces are less then 4 in dz\structures_bliss\underground\tunnel\underground_tunnel_single.p3d:geometry
 2:30:30.828 Convex "component14" selection faces are less then 4 in dz\structures_bliss\underground\tunnel\underground_tunnel_single.p3d:geometry
 2:30:30.835 Convex "component152" selection faces are less then 4 in dz\structures_bliss\underground\stairs\underground_stairs_block_corridor.p3d:geometryFire
 2:30:30.835 Convex "component153" selection faces are less then 4 in dz\structures_bliss\underground\stairs\underground_stairs_block_corridor.p3d:geometryFire
 2:30:30.837 Convex "component152" selection faces are less then 4 in dz\structures_bliss\underground\stairs\underground_stairs_block_corridor_nodoor.p3d:geometryFire
 2:30:30.837 Convex "component153" selection faces are less then 4 in dz\structures_bliss\underground\stairs\underground_stairs_block_corridor_nodoor.p3d:geometryFire
 2:30:30.838 Convex "component108" selection faces are less then 4 in dz\structures_bliss\underground\stairs\underground_stairs_block_terminator.p3d:geometryFire
 2:30:30.838 Convex "component109" selection faces are less then 4 in dz\structures_bliss\underground\stairs\underground_stairs_block_terminator.p3d:geometryFire
 2:30:30.841 Convex "component19" selection faces are less then 4 in dz\structures_bliss\underground\stairs\underground_stairs_exit.p3d:geometryFire
 2:30:30.841 Convex "component20" selection faces are less then 4 in dz\structures_bliss\underground\stairs\underground_stairs_exit.p3d:geometryFire
 2:30:30.843 Convex "component178" selection faces are less then 4 in dz\structures_bliss\underground\stairs\underground_stairs_start.p3d:geometryFire
 2:30:30.843 Convex "component179" selection faces are less then 4 in dz\structures_bliss\underground\stairs\underground_stairs_start.p3d:geometryFire
 2:30:30.845 Convex "component17" selection faces are less then 4 in dz\structures_bliss\underground\stairs\underground_stairs_collapsed.p3d:geometryFire
 2:30:30.845 Convex "component56" selection faces are less then 4 in dz\structures_bliss\underground\stairs\underground_stairs_collapsed.p3d:geometryFire
 2:30:30.845 Convex "component57" selection faces are less then 4 in dz\structures_bliss\underground\stairs\underground_stairs_collapsed.p3d:geometryFire
 2:30:30.865 PerfWarning: Way too much components (926) in dz\structures_bliss\underground\water\underground_waterreservoir.p3d:geometryFire
 2:30:30.868 Warning: No components in dz\structures_bliss\underground\water\underground_waterreservoir_water.p3d:geometry
 2:30:30.913 Warning: No components in dz\structures_bliss\underground\terrain\terrain_livonia_forestpatch.p3d:geometry
 2:30:30.913 Warning: No components in dz\structures_bliss\underground\terrain\terrain_livonia_grasspatch.p3d:geometry
 2:30:30.944 Warning: No components in dz\structures_bliss\walls\wall_polewall_5_1.p3d:geometryView
 2:30:30.944 Warning: No components in dz\structures_bliss\walls\wall_polewall_5_2.p3d:geometryView
 2:30:30.945 Warning: No components in dz\structures_bliss\walls\wall_polewall_end.p3d:geometryView
 2:30:30.964 PerfWarning: Way too much components (743) in dz\structures_sakhal\industrial\harbour\drydock_end.p3d:geometryFire
 2:30:30.968 PerfWarning: Way too much components (573) in dz\structures_sakhal\industrial\harbour\drydock_middle.p3d:geometryFire
 2:30:30.976 PerfWarning: Way too much components (729) in dz\structures_sakhal\industrial\harbour\pier_crane2_base.p3d:geometryFire
 2:30:30.982 Convex "component323" selection faces are less then 4 in dz\structures_sakhal\industrial\harbour\pier_crane2_top.p3d:geometryFire
 2:30:30.982 Convex "component324" selection faces are less then 4 in dz\structures_sakhal\industrial\harbour\pier_crane2_top.p3d:geometryFire
 2:30:30.982 Convex "component325" selection faces are less then 4 in dz\structures_sakhal\industrial\harbour\pier_crane2_top.p3d:geometryFire
 2:30:30.982 Convex "component519" selection faces are less then 4 in dz\structures_sakhal\industrial\harbour\pier_crane2_top.p3d:geometryFire
 2:30:30.982 Convex "component521" selection faces are less then 4 in dz\structures_sakhal\industrial\harbour\pier_crane2_top.p3d:geometryFire
 2:30:30.982 Convex "component523" selection faces are less then 4 in dz\structures_sakhal\industrial\harbour\pier_crane2_top.p3d:geometryFire
 2:30:30.982 Convex "component525" selection faces are less then 4 in dz\structures_sakhal\industrial\harbour\pier_crane2_top.p3d:geometryFire
 2:30:30.983 PerfWarning: Way too much components (779) in dz\structures_sakhal\industrial\harbour\pier_crane2_top.p3d:geometryFire
 2:30:31.00  PerfWarning: Way too much components (755) in dz\structures_sakhal\industrial\harbour\pier_crane_submarine.p3d:geometry
 2:30:31.07  PerfWarning: Way too much components (1924) in dz\structures_sakhal\industrial\harbour\pier_crane_submarine.p3d:geometryFire
 2:30:31.09  PerfWarning: Way too much components (665) in dz\structures_sakhal\industrial\harbour\pier_crane_submarine.p3d:geometryView
 2:30:31.12  Convex "component244" selection faces are less then 4 in dz\structures_sakhal\industrial\harbour\pier_floating_50m.p3d:geometryFire
 2:30:31.16  PerfWarning: Way too much components (590) in dz\structures_sakhal\industrial\harbour\pier_floating_bridge.p3d:geometryFire
 2:30:31.17  Convex "component07" selection faces are less then 4 in dz\structures_sakhal\industrial\harbour\buoy.p3d:geometryFire
 2:30:31.17  Convex "component09" selection faces are less then 4 in dz\structures_sakhal\industrial\harbour\buoy.p3d:geometryFire
 2:30:31.17  Convex "component11" selection faces are less then 4 in dz\structures_sakhal\industrial\harbour\buoy.p3d:geometryFire
 2:30:31.17  Convex "component13" selection faces are less then 4 in dz\structures_sakhal\industrial\harbour\buoy.p3d:geometryFire
 2:30:31.17  Convex "component42" selection faces are less then 4 in dz\structures_sakhal\industrial\harbour\buoy.p3d:geometryFire
 2:30:31.17  Convex "component43" selection faces are less then 4 in dz\structures_sakhal\industrial\harbour\buoy.p3d:geometryFire
 2:30:31.19  Convex "component08" selection faces are less then 4 in dz\structures_sakhal\industrial\harbour\mooringbuoy.p3d:geometry
 2:30:31.19  Convex "component39" selection faces are less then 4 in dz\structures_sakhal\industrial\harbour\mooringbuoy.p3d:geometry
 2:30:31.20  Convex "component02" selection faces are less then 4 in dz\structures_sakhal\industrial\harbour\mooringbuoy.p3d:geometryFire
 2:30:31.20  Convex "component75" selection faces are less then 4 in dz\structures_sakhal\industrial\harbour\mooringbuoy.p3d:geometryFire
 2:30:31.20  Convex "component76" selection faces are less then 4 in dz\structures_sakhal\industrial\harbour\mooringbuoy.p3d:geometryFire
 2:30:31.20  Convex "component77" selection faces are less then 4 in dz\structures_sakhal\industrial\harbour\mooringbuoy.p3d:geometryFire
 2:30:31.20  Convex "component78" selection faces are less then 4 in dz\structures_sakhal\industrial\harbour\mooringbuoy.p3d:geometryFire
 2:30:31.20  Convex "component79" selection faces are less then 4 in dz\structures_sakhal\industrial\harbour\mooringbuoy.p3d:geometryFire
 2:30:31.20  Convex "component80" selection faces are less then 4 in dz\structures_sakhal\industrial\harbour\mooringbuoy.p3d:geometryFire
 2:30:31.20  Convex "component81" selection faces are less then 4 in dz\structures_sakhal\industrial\harbour\mooringbuoy.p3d:geometryFire
 2:30:31.20  Convex "component82" selection faces are less then 4 in dz\structures_sakhal\industrial\harbour\mooringbuoy.p3d:geometryFire
 2:30:31.20  Convex "component83" selection faces are less then 4 in dz\structures_sakhal\industrial\harbour\mooringbuoy.p3d:geometryFire
 2:30:31.20  Convex "component84" selection faces are less then 4 in dz\structures_sakhal\industrial\harbour\mooringbuoy.p3d:geometryFire
 2:30:31.20  Convex "component85" selection faces are less then 4 in dz\structures_sakhal\industrial\harbour\mooringbuoy.p3d:geometryFire
 2:30:31.20  Convex "component86" selection faces are less then 4 in dz\structures_sakhal\industrial\harbour\mooringbuoy.p3d:geometryFire
 2:30:31.20  Convex "component87" selection faces are less then 4 in dz\structures_sakhal\industrial\harbour\mooringbuoy.p3d:geometryFire
 2:30:31.20  Convex "component88" selection faces are less then 4 in dz\structures_sakhal\industrial\harbour\mooringbuoy.p3d:geometryFire
 2:30:31.20  Convex "component89" selection faces are less then 4 in dz\structures_sakhal\industrial\harbour\mooringbuoy.p3d:geometryFire
 2:30:31.20  Convex "component90" selection faces are less then 4 in dz\structures_sakhal\industrial\harbour\mooringbuoy.p3d:geometryFire
 2:30:31.20  Convex "component39" selection faces are less then 4 in dz\structures_sakhal\industrial\harbour\mooringbuoy.p3d:geometryView
 2:30:31.26  Warning: No components in dz\structures_sakhal\industrial\misc\misc_through_static_frozen.p3d:geometry
 2:30:31.35  Warning: No components in dz\structures_sakhal\industrial\power\power_hv2_line_end.p3d:geometry
 2:30:31.39  PerfWarning: Way too much components (769) in dz\structures_sakhal\industrial\power\power_hv2_tower.p3d:geometryFire
 2:30:31.40  Warning: No components in dz\structures_sakhal\industrial\power\power_hv2_wire_main.p3d:geometry
 2:30:31.46  PerfWarning: Way too much components (562) in dz\structures_sakhal\industrial\powerplant\geoplant_coolingstack.p3d:geometry
 2:30:31.49  PerfWarning: Way too much components (1145) in dz\structures_sakhal\industrial\powerplant\geoplant_coolingstack.p3d:geometryFire
 2:30:31.56  Convex "component802" selection faces are less then 4 in dz\structures_sakhal\industrial\powerplant\geoplant_drilltower.p3d:geometryFire
 2:30:31.56  Convex "component803" selection faces are less then 4 in dz\structures_sakhal\industrial\powerplant\geoplant_drilltower.p3d:geometryFire
 2:30:31.56  Convex "component870" selection faces are less then 4 in dz\structures_sakhal\industrial\powerplant\geoplant_drilltower.p3d:geometryFire
 2:30:31.56  Convex "component871" selection faces are less then 4 in dz\structures_sakhal\industrial\powerplant\geoplant_drilltower.p3d:geometryFire
 2:30:31.56  Convex "component872" selection faces are less then 4 in dz\structures_sakhal\industrial\powerplant\geoplant_drilltower.p3d:geometryFire
 2:30:31.56  PerfWarning: Way too much components (874) in dz\structures_sakhal\industrial\powerplant\geoplant_drilltower.p3d:geometryFire
 2:30:31.61  PerfWarning: Way too much components (577) in dz\structures_sakhal\industrial\powerplant\geoplant_mainhall_left.p3d:geometryFire
 2:30:31.69  Convex "component643" selection faces are less then 4 in dz\structures_sakhal\industrial\powerplant\geoplant_mainhall_right.p3d:geometryFire
 2:30:31.69  PerfWarning: Way too much components (672) in dz\structures_sakhal\industrial\powerplant\geoplant_mainhall_right.p3d:geometryFire
 2:30:31.78  Convex "component03" selection faces are less then 4 in dz\structures_sakhal\industrial\powerplant\geoplant_maintenancehall.p3d:geometryFire
 2:30:31.78  Convex "component04" selection faces are less then 4 in dz\structures_sakhal\industrial\powerplant\geoplant_maintenancehall.p3d:geometryFire
 2:30:31.78  Convex "component129" selection faces are less then 4 in dz\structures_sakhal\industrial\powerplant\geoplant_maintenancehall.p3d:geometryFire
 2:30:31.78  PerfWarning: Way too much components (1046) in dz\structures_sakhal\industrial\powerplant\geoplant_maintenancehall.p3d:geometryFire
 2:30:31.78  Convex "component03" selection faces are less then 4 in dz\structures_sakhal\industrial\powerplant\geoplant_maintenancehall.p3d:geometryView
 2:30:31.78  Convex "component04" selection faces are less then 4 in dz\structures_sakhal\industrial\powerplant\geoplant_maintenancehall.p3d:geometryView
 2:30:31.80  Convex "component267" selection faces are less then 4 in dz\structures_sakhal\industrial\powerplant\geoplant_maintenancehall.p3d:geometryView
 2:30:31.88  PerfWarning: Way too much components (601) in dz\structures_sakhal\industrial\powerplant\geoplant_pipehall.p3d:geometryFire
 2:30:31.100 Convex "component1299" selection faces are less then 4 in dz\structures_sakhal\industrial\powerplant\geoplant_powerhall.p3d:geometryFire
 2:30:31.100 Convex "component1372" selection faces are less then 4 in dz\structures_sakhal\industrial\powerplant\geoplant_powerhall.p3d:geometryFire
 2:30:31.100 Convex "component1404" selection faces are less then 4 in dz\structures_sakhal\industrial\powerplant\geoplant_powerhall.p3d:geometryFire
 2:30:31.100 Convex "component1406" selection faces are less then 4 in dz\structures_sakhal\industrial\powerplant\geoplant_powerhall.p3d:geometryFire
 2:30:31.100 PerfWarning: Way too much components (1602) in dz\structures_sakhal\industrial\powerplant\geoplant_powerhall.p3d:geometryFire
 2:30:31.109 PerfWarning: Way too much components (736) in dz\structures_sakhal\industrial\powerplant\geoplant_powerhall_pole.p3d:geometryFire
 2:30:31.112 Warning Message: Cannot open object dz\structures_sakhal\powerplant\geoplant_powerhall_wire.p3d
 2:30:31.118 Convex "component416" selection faces are less then 4 in dz\structures_sakhal\industrial\stockyard\stockyard_crusher.p3d:geometryFire
 2:30:31.118 Convex "component421" selection faces are less then 4 in dz\structures_sakhal\industrial\stockyard\stockyard_crusher.p3d:geometryFire
 2:30:31.127 PerfWarning: Way too much components (565) in dz\structures_sakhal\industrial\stockyard\stockyard_shiploader.p3d:geometryFire
 2:30:31.154 PerfWarning: Way too much components (734) in dz\structures_sakhal\industrial\tanks\tank_big2.p3d:geometryFire
 2:30:31.174 PerfWarning: Way too much components (1046) in dz\structures_sakhal\military\airfield\mil_reinforcedtank2_sakhal.p3d:geometryFire
 2:30:31.184 Convex "component05" selection faces are less then 4 in dz\structures_sakhal\military\bunkers\bunker3_1.p3d:geometryFire
 2:30:31.184 Convex "component06" selection faces are less then 4 in dz\structures_sakhal\military\bunkers\bunker3_1.p3d:geometryFire
 2:30:31.184 Convex "component07" selection faces are less then 4 in dz\structures_sakhal\military\bunkers\bunker3_1.p3d:geometryFire
 2:30:31.184 Convex "component31" selection faces are less then 4 in dz\structures_sakhal\military\bunkers\bunker3_1.p3d:geometryFire
 2:30:31.184 Convex "component34" selection faces are less then 4 in dz\structures_sakhal\military\bunkers\bunker3_1.p3d:geometryFire
 2:30:31.184 Convex "component35" selection faces are less then 4 in dz\structures_sakhal\military\bunkers\bunker3_1.p3d:geometryFire
 2:30:31.184 Convex "component36" selection faces are less then 4 in dz\structures_sakhal\military\bunkers\bunker3_1.p3d:geometryFire
 2:30:31.184 Convex "component37" selection faces are less then 4 in dz\structures_sakhal\military\bunkers\bunker3_1.p3d:geometryFire
 2:30:31.184 Convex "component67" selection faces are less then 4 in dz\structures_sakhal\military\bunkers\bunker3_1.p3d:geometryFire
 2:30:31.184 Convex "component68" selection faces are less then 4 in dz\structures_sakhal\military\bunkers\bunker3_1.p3d:geometryFire
 2:30:31.193 PerfWarning: Way too much components (504) in dz\structures_sakhal\military\radar\mil_radome_big.p3d:geometryFire
 2:30:31.195 Convex "component02" selection faces are less then 4 in dz\structures_sakhal\military\radar\mil_radome_small.p3d:geometryView
 2:30:31.203 Convex "component81" selection faces are less then 4 in dz\structures_sakhal\military\storage\warheadstorage_entrance_roof.p3d:geometry
 2:30:31.203 Convex "component82" selection faces are less then 4 in dz\structures_sakhal\military\storage\warheadstorage_entrance_roof.p3d:geometry
 2:30:31.204 Convex "component64" selection faces are less then 4 in dz\structures_sakhal\military\storage\warheadstorage_entrance_roof.p3d:geometryView
 2:30:31.204 Convex "component65" selection faces are less then 4 in dz\structures_sakhal\military\storage\warheadstorage_entrance_roof.p3d:geometryView
 2:30:31.217 PerfWarning: Way too much components (985) in dz\structures_sakhal\military\storage\warheadstorage_main.p3d:geometryFire
 2:30:31.217 Convex "component80" selection faces are less then 4 in dz\structures_sakhal\military\storage\warheadstorage_main.p3d:geometryView
 2:30:31.217 Convex "component81" selection faces are less then 4 in dz\structures_sakhal\military\storage\warheadstorage_main.p3d:geometryView
 2:30:31.217 Convex "component82" selection faces are less then 4 in dz\structures_sakhal\military\storage\warheadstorage_main.p3d:geometryView
 2:30:31.217 Convex "component83" selection faces are less then 4 in dz\structures_sakhal\military\storage\warheadstorage_main.p3d:geometryView
 2:30:31.217 Convex "component84" selection faces are less then 4 in dz\structures_sakhal\military\storage\warheadstorage_main.p3d:geometryView
 2:30:31.217 Convex "component85" selection faces are less then 4 in dz\structures_sakhal\military\storage\warheadstorage_main.p3d:geometryView
 2:30:31.217 Convex "component86" selection faces are less then 4 in dz\structures_sakhal\military\storage\warheadstorage_main.p3d:geometryView
 2:30:31.217 Convex "component87" selection faces are less then 4 in dz\structures_sakhal\military\storage\warheadstorage_main.p3d:geometryView
 2:30:31.217 Convex "component88" selection faces are less then 4 in dz\structures_sakhal\military\storage\warheadstorage_main.p3d:geometryView
 2:30:31.217 Convex "component89" selection faces are less then 4 in dz\structures_sakhal\military\storage\warheadstorage_main.p3d:geometryView
 2:30:31.217 Convex "component90" selection faces are less then 4 in dz\structures_sakhal\military\storage\warheadstorage_main.p3d:geometryView
 2:30:31.217 Convex "component91" selection faces are less then 4 in dz\structures_sakhal\military\storage\warheadstorage_main.p3d:geometryView
 2:30:31.217 Convex "component92" selection faces are less then 4 in dz\structures_sakhal\military\storage\warheadstorage_main.p3d:geometryView
 2:30:31.217 Convex "component93" selection faces are less then 4 in dz\structures_sakhal\military\storage\warheadstorage_main.p3d:geometryView
 2:30:31.217 Convex "component94" selection faces are less then 4 in dz\structures_sakhal\military\storage\warheadstorage_main.p3d:geometryView
 2:30:31.217 Convex "component95" selection faces are less then 4 in dz\structures_sakhal\military\storage\warheadstorage_main.p3d:geometryView
 2:30:31.217 Convex "component96" selection faces are less then 4 in dz\structures_sakhal\military\storage\warheadstorage_main.p3d:geometryView
 2:30:31.217 Convex "component97" selection faces are less then 4 in dz\structures_sakhal\military\storage\warheadstorage_main.p3d:geometryView
 2:30:31.217 Convex "component98" selection faces are less then 4 in dz\structures_sakhal\military\storage\warheadstorage_main.p3d:geometryView
 2:30:31.217 Convex "component99" selection faces are less then 4 in dz\structures_sakhal\military\storage\warheadstorage_main.p3d:geometryView
 2:30:31.217 Convex "component100" selection faces are less then 4 in dz\structures_sakhal\military\storage\warheadstorage_main.p3d:geometryView
 2:30:31.217 Convex "component101" selection faces are less then 4 in dz\structures_sakhal\military\storage\warheadstorage_main.p3d:geometryView
 2:30:31.217 Convex "component102" selection faces are less then 4 in dz\structures_sakhal\military\storage\warheadstorage_main.p3d:geometryView
 2:30:31.217 Convex "component103" selection faces are less then 4 in dz\structures_sakhal\military\storage\warheadstorage_main.p3d:geometryView
 2:30:31.217 Convex "component104" selection faces are less then 4 in dz\structures_sakhal\military\storage\warheadstorage_main.p3d:geometryView
 2:30:31.217 Convex "component105" selection faces are less then 4 in dz\structures_sakhal\military\storage\warheadstorage_main.p3d:geometryView
 2:30:31.217 Convex "component106" selection faces are less then 4 in dz\structures_sakhal\military\storage\warheadstorage_main.p3d:geometryView
 2:30:31.217 Convex "component107" selection faces are less then 4 in dz\structures_sakhal\military\storage\warheadstorage_main.p3d:geometryView
 2:30:31.217 Convex "component108" selection faces are less then 4 in dz\structures_sakhal\military\storage\warheadstorage_main.p3d:geometryView
 2:30:31.217 Convex "component109" selection faces are less then 4 in dz\structures_sakhal\military\storage\warheadstorage_main.p3d:geometryView
 2:30:31.217 Convex "component110" selection faces are less then 4 in dz\structures_sakhal\military\storage\warheadstorage_main.p3d:geometryView
 2:30:31.217 Convex "component111" selection faces are less then 4 in dz\structures_sakhal\military\storage\warheadstorage_main.p3d:geometryView
 2:30:31.217 Convex "component112" selection faces are less then 4 in dz\structures_sakhal\military\storage\warheadstorage_main.p3d:geometryView
 2:30:31.217 Convex "component113" selection faces are less then 4 in dz\structures_sakhal\military\storage\warheadstorage_main.p3d:geometryView
 2:30:31.217 Convex "component114" selection faces are less then 4 in dz\structures_sakhal\military\storage\warheadstorage_main.p3d:geometryView
 2:30:31.217 Convex "component115" selection faces are less then 4 in dz\structures_sakhal\military\storage\warheadstorage_main.p3d:geometryView
 2:30:31.217 Convex "component116" selection faces are less then 4 in dz\structures_sakhal\military\storage\warheadstorage_main.p3d:geometryView
 2:30:31.217 Convex "component117" selection faces are less then 4 in dz\structures_sakhal\military\storage\warheadstorage_main.p3d:geometryView
 2:30:31.217 Convex "component118" selection faces are less then 4 in dz\structures_sakhal\military\storage\warheadstorage_main.p3d:geometryView
 2:30:31.217 Convex "component119" selection faces are less then 4 in dz\structures_sakhal\military\storage\warheadstorage_main.p3d:geometryView
 2:30:31.217 Convex "component120" selection faces are less then 4 in dz\structures_sakhal\military\storage\warheadstorage_main.p3d:geometryView
 2:30:31.217 Convex "component121" selection faces are less then 4 in dz\structures_sakhal\military\storage\warheadstorage_main.p3d:geometryView
 2:30:31.217 Convex "component122" selection faces are less then 4 in dz\structures_sakhal\military\storage\warheadstorage_main.p3d:geometryView
 2:30:31.217 Convex "component123" selection faces are less then 4 in dz\structures_sakhal\military\storage\warheadstorage_main.p3d:geometryView
 2:30:31.217 Convex "component124" selection faces are less then 4 in dz\structures_sakhal\military\storage\warheadstorage_main.p3d:geometryView
 2:30:31.217 Convex "component125" selection faces are less then 4 in dz\structures_sakhal\military\storage\warheadstorage_main.p3d:geometryView
 2:30:31.217 Convex "component126" selection faces are less then 4 in dz\structures_sakhal\military\storage\warheadstorage_main.p3d:geometryView
 2:30:31.217 Convex "component127" selection faces are less then 4 in dz\structures_sakhal\military\storage\warheadstorage_main.p3d:geometryView
 2:30:31.217 Convex "component128" selection faces are less then 4 in dz\structures_sakhal\military\storage\warheadstorage_main.p3d:geometryView
 2:30:31.217 Convex "component129" selection faces are less then 4 in dz\structures_sakhal\military\storage\warheadstorage_main.p3d:geometryView
 2:30:31.217 Convex "component130" selection faces are less then 4 in dz\structures_sakhal\military\storage\warheadstorage_main.p3d:geometryView
 2:30:31.217 Convex "component131" selection faces are less then 4 in dz\structures_sakhal\military\storage\warheadstorage_main.p3d:geometryView
 2:30:31.217 Convex "component132" selection faces are less then 4 in dz\structures_sakhal\military\storage\warheadstorage_main.p3d:geometryView
 2:30:31.217 Convex "component133" selection faces are less then 4 in dz\structures_sakhal\military\storage\warheadstorage_main.p3d:geometryView
 2:30:31.217 Convex "component134" selection faces are less then 4 in dz\structures_sakhal\military\storage\warheadstorage_main.p3d:geometryView
 2:30:31.217 Convex "component135" selection faces are less then 4 in dz\structures_sakhal\military\storage\warheadstorage_main.p3d:geometryView
 2:30:31.217 Convex "component136" selection faces are less then 4 in dz\structures_sakhal\military\storage\warheadstorage_main.p3d:geometryView
 2:30:31.217 Convex "component137" selection faces are less then 4 in dz\structures_sakhal\military\storage\warheadstorage_main.p3d:geometryView
 2:30:31.217 Convex "component138" selection faces are less then 4 in dz\structures_sakhal\military\storage\warheadstorage_main.p3d:geometryView
 2:30:31.217 Convex "component139" selection faces are less then 4 in dz\structures_sakhal\military\storage\warheadstorage_main.p3d:geometryView
 2:30:31.217 Convex "component140" selection faces are less then 4 in dz\structures_sakhal\military\storage\warheadstorage_main.p3d:geometryView
 2:30:31.217 Convex "component141" selection faces are less then 4 in dz\structures_sakhal\military\storage\warheadstorage_main.p3d:geometryView
 2:30:31.217 Convex "component142" selection faces are less then 4 in dz\structures_sakhal\military\storage\warheadstorage_main.p3d:geometryView
 2:30:31.217 Convex "component143" selection faces are less then 4 in dz\structures_sakhal\military\storage\warheadstorage_main.p3d:geometryView
 2:30:31.217 Convex "component144" selection faces are less then 4 in dz\structures_sakhal\military\storage\warheadstorage_main.p3d:geometryView
 2:30:31.217 Convex "component145" selection faces are less then 4 in dz\structures_sakhal\military\storage\warheadstorage_main.p3d:geometryView
 2:30:31.217 Convex "component146" selection faces are less then 4 in dz\structures_sakhal\military\storage\warheadstorage_main.p3d:geometryView
 2:30:31.217 Convex "component147" selection faces are less then 4 in dz\structures_sakhal\military\storage\warheadstorage_main.p3d:geometryView
 2:30:31.217 Convex "component148" selection faces are less then 4 in dz\structures_sakhal\military\storage\warheadstorage_main.p3d:geometryView
 2:30:31.217 Convex "component149" selection faces are less then 4 in dz\structures_sakhal\military\storage\warheadstorage_main.p3d:geometryView
 2:30:31.217 Convex "component150" selection faces are less then 4 in dz\structures_sakhal\military\storage\warheadstorage_main.p3d:geometryView
 2:30:31.217 Convex "component151" selection faces are less then 4 in dz\structures_sakhal\military\storage\warheadstorage_main.p3d:geometryView
 2:30:31.217 Convex "component152" selection faces are less then 4 in dz\structures_sakhal\military\storage\warheadstorage_main.p3d:geometryView
 2:30:31.217 Convex "component153" selection faces are less then 4 in dz\structures_sakhal\military\storage\warheadstorage_main.p3d:geometryView
 2:30:31.217 Convex "component154" selection faces are less then 4 in dz\structures_sakhal\military\storage\warheadstorage_main.p3d:geometryView
 2:30:31.217 Convex "component155" selection faces are less then 4 in dz\structures_sakhal\military\storage\warheadstorage_main.p3d:geometryView
 2:30:31.217 Convex "component156" selection faces are less then 4 in dz\structures_sakhal\military\storage\warheadstorage_main.p3d:geometryView
 2:30:31.217 Convex "component157" selection faces are less then 4 in dz\structures_sakhal\military\storage\warheadstorage_main.p3d:geometryView
 2:30:31.217 Convex "component158" selection faces are less then 4 in dz\structures_sakhal\military\storage\warheadstorage_main.p3d:geometryView
 2:30:31.217 Convex "component159" selection faces are less then 4 in dz\structures_sakhal\military\storage\warheadstorage_main.p3d:geometryView
 2:30:31.217 Convex "component160" selection faces are less then 4 in dz\structures_sakhal\military\storage\warheadstorage_main.p3d:geometryView
 2:30:31.217 Convex "component161" selection faces are less then 4 in dz\structures_sakhal\military\storage\warheadstorage_main.p3d:geometryView
 2:30:31.217 Convex "component162" selection faces are less then 4 in dz\structures_sakhal\military\storage\warheadstorage_main.p3d:geometryView
 2:30:31.230 PerfWarning: Way too much components (560) in dz\structures_sakhal\military\storage\warheadstorage_powerstation.p3d:geometryFire
 2:30:31.231 Convex "component04" selection faces are less then 4 in dz\structures_sakhal\military\storage\warheadstorage_powerstation_generator.p3d:geometryFire
 2:30:31.243 Convex "component421" selection faces are less then 4 in dz\structures_sakhal\military\storage\warheadstorage_bunker_facility.p3d:geometryFire
 2:30:31.244 Convex "component808" selection faces are less then 4 in dz\structures_sakhal\military\storage\warheadstorage_bunker_facility.p3d:geometryFire
 2:30:31.244 Convex "component809" selection faces are less then 4 in dz\structures_sakhal\military\storage\warheadstorage_bunker_facility.p3d:geometryFire
 2:30:31.244 Convex "component823" selection faces are less then 4 in dz\structures_sakhal\military\storage\warheadstorage_bunker_facility.p3d:geometryFire
 2:30:31.245 PerfWarning: Way too much components (1061) in dz\structures_sakhal\military\storage\warheadstorage_bunker_facility.p3d:geometryFire
 2:30:31.245 Convex "component122" selection faces are less then 4 in dz\structures_sakhal\military\storage\warheadstorage_bunker_facility.p3d:geometryView
 2:30:31.245 Convex "component123" selection faces are less then 4 in dz\structures_sakhal\military\storage\warheadstorage_bunker_facility.p3d:geometryView
 2:30:31.245 Convex "component124" selection faces are less then 4 in dz\structures_sakhal\military\storage\warheadstorage_bunker_facility.p3d:geometryView
 2:30:31.245 Convex "component125" selection faces are less then 4 in dz\structures_sakhal\military\storage\warheadstorage_bunker_facility.p3d:geometryView
 2:30:31.255 PerfWarning: Way too much components (1590) in dz\structures_sakhal\military\tisy\tisy_bighangar_a.p3d:geometryFire
 2:30:31.263 PerfWarning: Way too much components (1395) in dz\structures_sakhal\military\tisy\tisy_bighangar_b.p3d:geometryFire
 2:30:31.266 Convex "component38" selection faces are less then 4 in dz\structures_sakhal\military\tisy\tisy_garages3.p3d:geometry
 2:30:31.266 Convex "component180" selection faces are less then 4 in dz\structures_sakhal\military\tisy\tisy_garages3.p3d:geometryFire
 2:30:31.266 Convex "component36" selection faces are less then 4 in dz\structures_sakhal\military\tisy\tisy_garages3.p3d:geometryView
 2:30:31.275 Convex "component202" selection faces are less then 4 in dz\structures_sakhal\military\tisy\tisy_launchcontrol.p3d:geometry
 2:30:31.276 Convex "component775" selection faces are less then 4 in dz\structures_sakhal\military\tisy\tisy_launchcontrol.p3d:geometryFire
 2:30:31.277 PerfWarning: Way too much components (918) in dz\structures_sakhal\military\tisy\tisy_launchcontrol.p3d:geometryFire
 2:30:31.294 Convex "component81" selection faces are less then 4 in dz\structures_sakhal\residential\houses\house_1w02_blue.p3d:geometry
 2:30:31.294 Convex "component78" selection faces are less then 4 in dz\structures_sakhal\residential\houses\house_1w02_blue.p3d:geometryView
 2:30:31.302 Convex "component40" selection faces are less then 4 in dz\structures_sakhal\residential\houses\house_1w04_yellow.p3d:geometry
 2:30:31.303 Convex "component03" selection faces are less then 4 in dz\structures_sakhal\residential\houses\house_1w04_yellow.p3d:geometryView
 2:30:31.303 Convex "component04" selection faces are less then 4 in dz\structures_sakhal\residential\houses\house_1w04_yellow.p3d:geometryView
 2:30:31.303 Convex "component28" selection faces are less then 4 in dz\structures_sakhal\residential\houses\house_1w04_yellow.p3d:geometryView
 2:30:31.306 Convex "component67" selection faces are less then 4 in dz\structures_sakhal\residential\houses\house_1w06_blue.p3d:geometry
 2:30:31.306 Convex "component68" selection faces are less then 4 in dz\structures_sakhal\residential\houses\house_1w06_blue.p3d:geometry
 2:30:31.306 Convex "component69" selection faces are less then 4 in dz\structures_sakhal\residential\houses\house_1w06_blue.p3d:geometry
 2:30:31.306 Convex "component70" selection faces are less then 4 in dz\structures_sakhal\residential\houses\house_1w06_blue.p3d:geometry
 2:30:31.306 Convex "component71" selection faces are less then 4 in dz\structures_sakhal\residential\houses\house_1w06_blue.p3d:geometry
 2:30:31.306 Convex "component72" selection faces are less then 4 in dz\structures_sakhal\residential\houses\house_1w06_blue.p3d:geometry
 2:30:31.306 Convex "component73" selection faces are less then 4 in dz\structures_sakhal\residential\houses\house_1w06_blue.p3d:geometry
 2:30:31.306 Convex "component74" selection faces are less then 4 in dz\structures_sakhal\residential\houses\house_1w06_blue.p3d:geometry
 2:30:31.306 Convex "component75" selection faces are less then 4 in dz\structures_sakhal\residential\houses\house_1w06_blue.p3d:geometry
 2:30:31.306 Convex "component76" selection faces are less then 4 in dz\structures_sakhal\residential\houses\house_1w06_blue.p3d:geometry
 2:30:31.306 Convex "component77" selection faces are less then 4 in dz\structures_sakhal\residential\houses\house_1w06_blue.p3d:geometry
 2:30:31.316 Convex "component93" selection faces are less then 4 in dz\structures_sakhal\residential\houses\house_1w08_blue.p3d:geometry
 2:30:31.318 Convex "component117" selection faces are less then 4 in dz\structures_sakhal\residential\houses\house_1w08_blue.p3d:geometryView
 2:30:31.318 Convex "component120" selection faces are less then 4 in dz\structures_sakhal\residential\houses\house_1w08_blue.p3d:geometryView
 2:30:31.322 Convex "component34" selection faces are less then 4 in dz\structures_sakhal\residential\houses\house_1w11_blue.p3d:geometry
 2:30:31.352 Convex "component517" selection faces are less then 4 in dz\structures_sakhal\residential\houses\house_1w14_dam.p3d:geometryFire
 2:30:31.352 PerfWarning: Way too much components (554) in dz\structures_sakhal\residential\houses\house_1w14_dam.p3d:geometryFire
 2:30:31.358 Convex "component516" selection faces are less then 4 in dz\structures_sakhal\residential\houses\house_1w14_dam_snow.p3d:geometryFire
 2:30:31.358 PerfWarning: Way too much components (541) in dz\structures_sakhal\residential\houses\house_1w14_dam_snow.p3d:geometryFire
 2:30:31.373 PerfWarning: Way too much components (677) in dz\structures_sakhal\residential\medical\city_hospital_east.p3d:geometryFire
 2:30:31.382 PerfWarning: Way too much components (859) in dz\structures_sakhal\residential\medical\village_healthcare_east.p3d:geometryFire
 2:30:31.384 Warning: No components in dz\structures_sakhal\residential\misc\outsidethermometer.p3d:geometry
 2:30:31.385 Warning: No components in dz\structures_sakhal\residential\misc\outsidethermometer_1.p3d:geometry
 2:30:31.385 Warning: No components in dz\structures_sakhal\residential\misc\outsidethermometer_2.p3d:geometry
 2:30:31.385 Warning: No components in dz\structures_sakhal\residential\misc\outsidethermometer_2_wall.p3d:geometry
 2:30:31.394 PerfWarning: Way too much components (742) in dz\structures_sakhal\residential\police\village_policestation_east.p3d:geometryFire
 2:30:31.419 PerfWarning: Way too much components (777) in dz\structures_sakhal\residential\schools\city_school_east.p3d:geometryFire
 2:30:31.433 PerfWarning: Way too much components (660) in dz\structures_sakhal\residential\tenements\tenement_medium.p3d:geometryFire
 2:30:31.449 Convex "component1390" selection faces are less then 4 in dz\structures_sakhal\residential\tenements\tenement_small_brick.p3d:geometryFire
 2:30:31.449 Convex "component1391" selection faces are less then 4 in dz\structures_sakhal\residential\tenements\tenement_small_brick.p3d:geometryFire
 2:30:31.449 Convex "component1392" selection faces are less then 4 in dz\structures_sakhal\residential\tenements\tenement_small_brick.p3d:geometryFire
 2:30:31.449 Convex "component1393" selection faces are less then 4 in dz\structures_sakhal\residential\tenements\tenement_small_brick.p3d:geometryFire
 2:30:31.449 Convex "component1394" selection faces are less then 4 in dz\structures_sakhal\residential\tenements\tenement_small_brick.p3d:geometryFire
 2:30:31.449 Convex "component1395" selection faces are less then 4 in dz\structures_sakhal\residential\tenements\tenement_small_brick.p3d:geometryFire
 2:30:31.449 Convex "component1396" selection faces are less then 4 in dz\structures_sakhal\residential\tenements\tenement_small_brick.p3d:geometryFire
 2:30:31.449 Convex "component1397" selection faces are less then 4 in dz\structures_sakhal\residential\tenements\tenement_small_brick.p3d:geometryFire
 2:30:31.449 Convex "component1398" selection faces are less then 4 in dz\structures_sakhal\residential\tenements\tenement_small_brick.p3d:geometryFire
 2:30:31.449 Convex "component1399" selection faces are less then 4 in dz\structures_sakhal\residential\tenements\tenement_small_brick.p3d:geometryFire
 2:30:31.449 Convex "component1400" selection faces are less then 4 in dz\structures_sakhal\residential\tenements\tenement_small_brick.p3d:geometryFire
 2:30:31.449 Convex "component1401" selection faces are less then 4 in dz\structures_sakhal\residential\tenements\tenement_small_brick.p3d:geometryFire
 2:30:31.449 Convex "component1402" selection faces are less then 4 in dz\structures_sakhal\residential\tenements\tenement_small_brick.p3d:geometryFire
 2:30:31.449 Convex "component1403" selection faces are less then 4 in dz\structures_sakhal\residential\tenements\tenement_small_brick.p3d:geometryFire
 2:30:31.449 Convex "component1404" selection faces are less then 4 in dz\structures_sakhal\residential\tenements\tenement_small_brick.p3d:geometryFire
 2:30:31.449 Convex "component1405" selection faces are less then 4 in dz\structures_sakhal\residential\tenements\tenement_small_brick.p3d:geometryFire
 2:30:31.449 Convex "component1406" selection faces are less then 4 in dz\structures_sakhal\residential\tenements\tenement_small_brick.p3d:geometryFire
 2:30:31.449 Convex "component1407" selection faces are less then 4 in dz\structures_sakhal\residential\tenements\tenement_small_brick.p3d:geometryFire
 2:30:31.449 Convex "component1408" selection faces are less then 4 in dz\structures_sakhal\residential\tenements\tenement_small_brick.p3d:geometryFire
 2:30:31.449 Convex "component1409" selection faces are less then 4 in dz\structures_sakhal\residential\tenements\tenement_small_brick.p3d:geometryFire
 2:30:31.449 Convex "component1410" selection faces are less then 4 in dz\structures_sakhal\residential\tenements\tenement_small_brick.p3d:geometryFire
 2:30:31.449 Convex "component1411" selection faces are less then 4 in dz\structures_sakhal\residential\tenements\tenement_small_brick.p3d:geometryFire
 2:30:31.449 Convex "component1412" selection faces are less then 4 in dz\structures_sakhal\residential\tenements\tenement_small_brick.p3d:geometryFire
 2:30:31.449 Convex "component1413" selection faces are less then 4 in dz\structures_sakhal\residential\tenements\tenement_small_brick.p3d:geometryFire
 2:30:31.449 Convex "component1414" selection faces are less then 4 in dz\structures_sakhal\residential\tenements\tenement_small_brick.p3d:geometryFire
 2:30:31.449 Convex "component1415" selection faces are less then 4 in dz\structures_sakhal\residential\tenements\tenement_small_brick.p3d:geometryFire
 2:30:31.449 Convex "component1416" selection faces are less then 4 in dz\structures_sakhal\residential\tenements\tenement_small_brick.p3d:geometryFire
 2:30:31.449 Convex "component1417" selection faces are less then 4 in dz\structures_sakhal\residential\tenements\tenement_small_brick.p3d:geometryFire
 2:30:31.449 Convex "component1418" selection faces are less then 4 in dz\structures_sakhal\residential\tenements\tenement_small_brick.p3d:geometryFire
 2:30:31.449 Convex "component1419" selection faces are less then 4 in dz\structures_sakhal\residential\tenements\tenement_small_brick.p3d:geometryFire
 2:30:31.449 Convex "component1420" selection faces are less then 4 in dz\structures_sakhal\residential\tenements\tenement_small_brick.p3d:geometryFire
 2:30:31.449 Convex "component1421" selection faces are less then 4 in dz\structures_sakhal\residential\tenements\tenement_small_brick.p3d:geometryFire
 2:30:31.449 Convex "component1422" selection faces are less then 4 in dz\structures_sakhal\residential\tenements\tenement_small_brick.p3d:geometryFire
 2:30:31.449 Convex "component1423" selection faces are less then 4 in dz\structures_sakhal\residential\tenements\tenement_small_brick.p3d:geometryFire
 2:30:31.449 Convex "component1424" selection faces are less then 4 in dz\structures_sakhal\residential\tenements\tenement_small_brick.p3d:geometryFire
 2:30:31.449 Convex "component1425" selection faces are less then 4 in dz\structures_sakhal\residential\tenements\tenement_small_brick.p3d:geometryFire
 2:30:31.449 Convex "component1426" selection faces are less then 4 in dz\structures_sakhal\residential\tenements\tenement_small_brick.p3d:geometryFire
 2:30:31.449 Convex "component1427" selection faces are less then 4 in dz\structures_sakhal\residential\tenements\tenement_small_brick.p3d:geometryFire
 2:30:31.449 Convex "component1428" selection faces are less then 4 in dz\structures_sakhal\residential\tenements\tenement_small_brick.p3d:geometryFire
 2:30:31.449 Convex "component1429" selection faces are less then 4 in dz\structures_sakhal\residential\tenements\tenement_small_brick.p3d:geometryFire
 2:30:31.449 Convex "component1430" selection faces are less then 4 in dz\structures_sakhal\residential\tenements\tenement_small_brick.p3d:geometryFire
 2:30:31.449 Convex "component1431" selection faces are less then 4 in dz\structures_sakhal\residential\tenements\tenement_small_brick.p3d:geometryFire
 2:30:31.449 Convex "component1432" selection faces are less then 4 in dz\structures_sakhal\residential\tenements\tenement_small_brick.p3d:geometryFire
 2:30:31.449 Convex "component1433" selection faces are less then 4 in dz\structures_sakhal\residential\tenements\tenement_small_brick.p3d:geometryFire
 2:30:31.449 Convex "component1434" selection faces are less then 4 in dz\structures_sakhal\residential\tenements\tenement_small_brick.p3d:geometryFire
 2:30:31.449 Convex "component1435" selection faces are less then 4 in dz\structures_sakhal\residential\tenements\tenement_small_brick.p3d:geometryFire
 2:30:31.449 Convex "component1436" selection faces are less then 4 in dz\structures_sakhal\residential\tenements\tenement_small_brick.p3d:geometryFire
 2:30:31.449 Convex "component1437" selection faces are less then 4 in dz\structures_sakhal\residential\tenements\tenement_small_brick.p3d:geometryFire
 2:30:31.449 Convex "component1438" selection faces are less then 4 in dz\structures_sakhal\residential\tenements\tenement_small_brick.p3d:geometryFire
 2:30:31.449 Convex "component1439" selection faces are less then 4 in dz\structures_sakhal\residential\tenements\tenement_small_brick.p3d:geometryFire
 2:30:31.449 Convex "component1440" selection faces are less then 4 in dz\structures_sakhal\residential\tenements\tenement_small_brick.p3d:geometryFire
 2:30:31.449 Convex "component1441" selection faces are less then 4 in dz\structures_sakhal\residential\tenements\tenement_small_brick.p3d:geometryFire
 2:30:31.449 Convex "component1442" selection faces are less then 4 in dz\structures_sakhal\residential\tenements\tenement_small_brick.p3d:geometryFire
 2:30:31.449 Convex "component1443" selection faces are less then 4 in dz\structures_sakhal\residential\tenements\tenement_small_brick.p3d:geometryFire
 2:30:31.449 Convex "component1444" selection faces are less then 4 in dz\structures_sakhal\residential\tenements\tenement_small_brick.p3d:geometryFire
 2:30:31.449 Convex "component1445" selection faces are less then 4 in dz\structures_sakhal\residential\tenements\tenement_small_brick.p3d:geometryFire
 2:30:31.449 Convex "component1446" selection faces are less then 4 in dz\structures_sakhal\residential\tenements\tenement_small_brick.p3d:geometryFire
 2:30:31.449 Convex "component1447" selection faces are less then 4 in dz\structures_sakhal\residential\tenements\tenement_small_brick.p3d:geometryFire
 2:30:31.449 Convex "component1448" selection faces are less then 4 in dz\structures_sakhal\residential\tenements\tenement_small_brick.p3d:geometryFire
 2:30:31.449 Convex "component1449" selection faces are less then 4 in dz\structures_sakhal\residential\tenements\tenement_small_brick.p3d:geometryFire
 2:30:31.449 Convex "component1450" selection faces are less then 4 in dz\structures_sakhal\residential\tenements\tenement_small_brick.p3d:geometryFire
 2:30:31.449 Convex "component1451" selection faces are less then 4 in dz\structures_sakhal\residential\tenements\tenement_small_brick.p3d:geometryFire
 2:30:31.449 Convex "component1452" selection faces are less then 4 in dz\structures_sakhal\residential\tenements\tenement_small_brick.p3d:geometryFire
 2:30:31.449 Convex "component1453" selection faces are less then 4 in dz\structures_sakhal\residential\tenements\tenement_small_brick.p3d:geometryFire
 2:30:31.449 Convex "component1454" selection faces are less then 4 in dz\structures_sakhal\residential\tenements\tenement_small_brick.p3d:geometryFire
 2:30:31.449 Convex "component1455" selection faces are less then 4 in dz\structures_sakhal\residential\tenements\tenement_small_brick.p3d:geometryFire
 2:30:31.449 Convex "component1456" selection faces are less then 4 in dz\structures_sakhal\residential\tenements\tenement_small_brick.p3d:geometryFire
 2:30:31.449 Convex "component1457" selection faces are less then 4 in dz\structures_sakhal\residential\tenements\tenement_small_brick.p3d:geometryFire
 2:30:31.449 Convex "component1458" selection faces are less then 4 in dz\structures_sakhal\residential\tenements\tenement_small_brick.p3d:geometryFire
 2:30:31.449 Convex "component1459" selection faces are less then 4 in dz\structures_sakhal\residential\tenements\tenement_small_brick.p3d:geometryFire
 2:30:31.449 Convex "component1460" selection faces are less then 4 in dz\structures_sakhal\residential\tenements\tenement_small_brick.p3d:geometryFire
 2:30:31.449 Convex "component1461" selection faces are less then 4 in dz\structures_sakhal\residential\tenements\tenement_small_brick.p3d:geometryFire
 2:30:31.449 Convex "component1462" selection faces are less then 4 in dz\structures_sakhal\residential\tenements\tenement_small_brick.p3d:geometryFire
 2:30:31.449 Convex "component1463" selection faces are less then 4 in dz\structures_sakhal\residential\tenements\tenement_small_brick.p3d:geometryFire
 2:30:31.449 Convex "component1464" selection faces are less then 4 in dz\structures_sakhal\residential\tenements\tenement_small_brick.p3d:geometryFire
 2:30:31.449 Convex "component1465" selection faces are less then 4 in dz\structures_sakhal\residential\tenements\tenement_small_brick.p3d:geometryFire
 2:30:31.449 Convex "component1466" selection faces are less then 4 in dz\structures_sakhal\residential\tenements\tenement_small_brick.p3d:geometryFire
 2:30:31.449 Convex "component1467" selection faces are less then 4 in dz\structures_sakhal\residential\tenements\tenement_small_brick.p3d:geometryFire
 2:30:31.449 Convex "component1468" selection faces are less then 4 in dz\structures_sakhal\residential\tenements\tenement_small_brick.p3d:geometryFire
 2:30:31.449 Convex "component1469" selection faces are less then 4 in dz\structures_sakhal\residential\tenements\tenement_small_brick.p3d:geometryFire
 2:30:31.449 Convex "component1470" selection faces are less then 4 in dz\structures_sakhal\residential\tenements\tenement_small_brick.p3d:geometryFire
 2:30:31.449 Convex "component1471" selection faces are less then 4 in dz\structures_sakhal\residential\tenements\tenement_small_brick.p3d:geometryFire
 2:30:31.449 Convex "component1472" selection faces are less then 4 in dz\structures_sakhal\residential\tenements\tenement_small_brick.p3d:geometryFire
 2:30:31.449 Convex "component1473" selection faces are less then 4 in dz\structures_sakhal\residential\tenements\tenement_small_brick.p3d:geometryFire
 2:30:31.449 Convex "component1474" selection faces are less then 4 in dz\structures_sakhal\residential\tenements\tenement_small_brick.p3d:geometryFire
 2:30:31.449 Convex "component1475" selection faces are less then 4 in dz\structures_sakhal\residential\tenements\tenement_small_brick.p3d:geometryFire
 2:30:31.449 Convex "component1476" selection faces are less then 4 in dz\structures_sakhal\residential\tenements\tenement_small_brick.p3d:geometryFire
 2:30:31.449 Convex "component1477" selection faces are less then 4 in dz\structures_sakhal\residential\tenements\tenement_small_brick.p3d:geometryFire
 2:30:31.449 Convex "component1478" selection faces are less then 4 in dz\structures_sakhal\residential\tenements\tenement_small_brick.p3d:geometryFire
 2:30:31.449 Convex "component1479" selection faces are less then 4 in dz\structures_sakhal\residential\tenements\tenement_small_brick.p3d:geometryFire
 2:30:31.449 Convex "component1480" selection faces are less then 4 in dz\structures_sakhal\residential\tenements\tenement_small_brick.p3d:geometryFire
 2:30:31.449 Convex "component1481" selection faces are less then 4 in dz\structures_sakhal\residential\tenements\tenement_small_brick.p3d:geometryFire
 2:30:31.449 Convex "component1482" selection faces are less then 4 in dz\structures_sakhal\residential\tenements\tenement_small_brick.p3d:geometryFire
 2:30:31.449 Convex "component1483" selection faces are less then 4 in dz\structures_sakhal\residential\tenements\tenement_small_brick.p3d:geometryFire
 2:30:31.449 Convex "component1484" selection faces are less then 4 in dz\structures_sakhal\residential\tenements\tenement_small_brick.p3d:geometryFire
 2:30:31.449 Convex "component1485" selection faces are less then 4 in dz\structures_sakhal\residential\tenements\tenement_small_brick.p3d:geometryFire
 2:30:31.449 Convex "component1486" selection faces are less then 4 in dz\structures_sakhal\residential\tenements\tenement_small_brick.p3d:geometryFire
 2:30:31.449 Convex "component1487" selection faces are less then 4 in dz\structures_sakhal\residential\tenements\tenement_small_brick.p3d:geometryFire
 2:30:31.449 Convex "component1488" selection faces are less then 4 in dz\structures_sakhal\residential\tenements\tenement_small_brick.p3d:geometryFire
 2:30:31.449 Convex "component1489" selection faces are less then 4 in dz\structures_sakhal\residential\tenements\tenement_small_brick.p3d:geometryFire
 2:30:31.449 Convex "component1490" selection faces are less then 4 in dz\structures_sakhal\residential\tenements\tenement_small_brick.p3d:geometryFire
 2:30:31.449 PerfWarning: Way too much components (1437) in dz\structures_sakhal\residential\tenements\tenement_small_brick.p3d:geometryFire
 2:30:31.464 PerfWarning: Way too much components (1442) in dz\structures_sakhal\residential\tenements\tenement_small_brown.p3d:geometryFire
 2:30:31.477 PerfWarning: Way too much components (1459) in dz\structures_sakhal\residential\tenements\tenement_small_yellow.p3d:geometryFire
 2:30:31.484 Warning: No components in dz\structures_sakhal\roads\decals\decal_caveinterior_square.p3d:geometry
 2:30:31.484 Warning: No components in dz\structures_sakhal\roads\decals\decal_crosswalk_east.p3d:geometry
 2:30:31.484 Warning: No components in dz\structures_sakhal\roads\decals\decal_sakhal_snow_01.p3d:geometry
 2:30:31.484 Warning: No components in dz\structures_sakhal\roads\decals\decal_sakhal_snow_01_nolc.p3d:geometry
 2:30:31.484 Warning: No components in dz\structures_sakhal\roads\decals\decal_sakhal_snow_02.p3d:geometry
 2:30:31.485 Warning: No components in dz\structures_sakhal\roads\decals\decal_sakhal_snow_02_nolc.p3d:geometry
 2:30:31.485 Warning: No components in dz\structures_sakhal\roads\decals\decal_sakhal_snow_03.p3d:geometry
 2:30:31.485 Warning: No components in dz\structures_sakhal\roads\decals\decal_sakhal_snow_03_nolc.p3d:geometry
 2:30:31.485 Warning: No components in dz\structures_sakhal\roads\decals\decal_sakhal_snow_05.p3d:geometry
 2:30:31.486 Warning: No components in dz\structures_sakhal\roads\decals\decal_sakhal_snow_05_nolc.p3d:geometry
 2:30:31.486 Warning: No components in dz\structures_sakhal\roads\decals\decal_sakhal_snow_06.p3d:geometry
 2:30:31.486 Warning: No components in dz\structures_sakhal\roads\decals\decal_sakhal_snow_06_nolc.p3d:geometry
 2:30:31.486 Warning: No components in dz\structures_sakhal\roads\decals\decal_sakhal_snow_long1.p3d:geometry
 2:30:31.486 Warning: No components in dz\structures_sakhal\roads\decals\decal_sakhal_snow_long1_nolc.p3d:geometry
 2:30:31.486 Warning: No components in dz\structures_sakhal\roads\parts\asf1sakhal_dashedline_0 2000.p3d:geometry
 2:30:31.486 Warning: No components in dz\structures_sakhal\roads\parts\asf1sakhal_dashedline_1 1000.p3d:geometry
 2:30:31.486 Warning: No components in dz\structures_sakhal\roads\parts\asf1sakhal_dashedline_6.p3d:geometry
 2:30:31.487 Warning: No components in dz\structures_sakhal\roads\parts\asf1sakhal_dashedline_6konec.p3d:geometry
 2:30:31.487 Warning: No components in dz\structures_sakhal\roads\parts\asf1sakhal_dashedline_7 100.p3d:geometry
 2:30:31.487 Warning: No components in dz\structures_sakhal\roads\parts\asf1sakhal_dashedline_10 25.p3d:geometry
 2:30:31.487 Warning: No components in dz\structures_sakhal\roads\parts\asf1sakhal_dashedline_10 50.p3d:geometry
 2:30:31.487 Warning: No components in dz\structures_sakhal\roads\parts\asf1sakhal_dashedline_10 75.p3d:geometry
 2:30:31.487 Warning: No components in dz\structures_sakhal\roads\parts\asf1sakhal_dashedline_10 100.p3d:geometry
 2:30:31.487 Warning: No components in dz\structures_sakhal\roads\parts\asf1sakhal_dashedline_12.p3d:geometry
 2:30:31.487 Warning: No components in dz\structures_sakhal\roads\parts\asf1sakhal_dashedline_30 25.p3d:geometry
 2:30:31.487 Warning: No components in dz\structures_sakhal\roads\parts\asf1sakhal_dashedline_60 10.p3d:geometry
 2:30:31.487 Warning: No components in dz\structures_sakhal\roads\parts\asf1sakhal_fullline_0 2000.p3d:geometry
 2:30:31.487 Warning: No components in dz\structures_sakhal\roads\parts\asf1sakhal_fullline_1 1000.p3d:geometry
 2:30:31.488 Warning: No components in dz\structures_sakhal\roads\parts\asf1sakhal_fullline_6.p3d:geometry
 2:30:31.488 Warning: No components in dz\structures_sakhal\roads\parts\asf1sakhal_fullline_6konec.p3d:geometry
 2:30:31.488 Warning: No components in dz\structures_sakhal\roads\parts\asf1sakhal_fullline_7 100.p3d:geometry
 2:30:31.488 Warning: No components in dz\structures_sakhal\roads\parts\asf1sakhal_fullline_10 25.p3d:geometry
 2:30:31.488 Warning: No components in dz\structures_sakhal\roads\parts\asf1sakhal_fullline_10 50.p3d:geometry
 2:30:31.489 Warning: No components in dz\structures_sakhal\roads\parts\asf1sakhal_fullline_10 75.p3d:geometry
 2:30:31.489 Warning: No components in dz\structures_sakhal\roads\parts\asf1sakhal_fullline_10 100.p3d:geometry
 2:30:31.489 Warning: No components in dz\structures_sakhal\roads\parts\asf1sakhal_fullline_12.p3d:geometry
 2:30:31.489 Warning: No components in dz\structures_sakhal\roads\parts\asf1sakhal_fullline_30 25.p3d:geometry
 2:30:31.489 Warning: No components in dz\structures_sakhal\roads\parts\asf1sakhal_fullline_60 10.p3d:geometry
 2:30:31.489 Warning: No components in dz\structures_sakhal\roads\parts\asf2sakhal_0 2000.p3d:geometry
 2:30:31.489 Warning: No components in dz\structures_sakhal\roads\parts\asf2sakhal_1 1000.p3d:geometry
 2:30:31.489 Warning: No components in dz\structures_sakhal\roads\parts\asf2sakhal_6.p3d:geometry
 2:30:31.489 Warning: No components in dz\structures_sakhal\roads\parts\asf2sakhal_6konec1.p3d:geometry
 2:30:31.489 Warning: No components in dz\structures_sakhal\roads\parts\asf2sakhal_6konec2.p3d:geometry
 2:30:31.489 Warning: No components in dz\structures_sakhal\roads\parts\asf2sakhal_7 100.p3d:geometry
 2:30:31.489 Warning: No components in dz\structures_sakhal\roads\parts\asf2sakhal_10 25.p3d:geometry
 2:30:31.489 Warning: No components in dz\structures_sakhal\roads\parts\asf2sakhal_10 50.p3d:geometry
 2:30:31.491 Warning: No components in dz\structures_sakhal\roads\parts\asf2sakhal_10 75.p3d:geometry
 2:30:31.491 Warning: No components in dz\structures_sakhal\roads\parts\asf2sakhal_10 100.p3d:geometry
 2:30:31.491 Warning: No components in dz\structures_sakhal\roads\parts\asf2sakhal_12.p3d:geometry
 2:30:31.491 Warning: No components in dz\structures_sakhal\roads\parts\asf2sakhal_30 25.p3d:geometry
 2:30:31.491 Warning: No components in dz\structures_sakhal\roads\parts\asf2sakhal_60 10.p3d:geometry
 2:30:31.491 Warning: No components in dz\structures_sakhal\roads\parts\asf3sakhal_0 2000.p3d:geometry
 2:30:31.491 Warning: No components in dz\structures_sakhal\roads\parts\asf3sakhal_1 1000.p3d:geometry
 2:30:31.491 Warning: No components in dz\structures_sakhal\roads\parts\asf3sakhal_6.p3d:geometry
 2:30:31.491 Warning: No components in dz\structures_sakhal\roads\parts\asf3sakhal_6konec.p3d:geometry
 2:30:31.491 Warning: No components in dz\structures_sakhal\roads\parts\asf3sakhal_7 100.p3d:geometry
 2:30:31.492 Warning: No components in dz\structures_sakhal\roads\parts\asf3sakhal_10 25.p3d:geometry
 2:30:31.492 Warning: No components in dz\structures_sakhal\roads\parts\asf3sakhal_10 50.p3d:geometry
 2:30:31.492 Warning: No components in dz\structures_sakhal\roads\parts\asf3sakhal_10 75.p3d:geometry
 2:30:31.492 Warning: No components in dz\structures_sakhal\roads\parts\asf3sakhal_10 100.p3d:geometry
 2:30:31.492 Warning: No components in dz\structures_sakhal\roads\parts\asf3sakhal_12.p3d:geometry
 2:30:31.492 Warning: No components in dz\structures_sakhal\roads\parts\asf3sakhal_30 25.p3d:geometry
 2:30:31.492 Warning: No components in dz\structures_sakhal\roads\parts\asf3sakhal_60 10.p3d:geometry
 2:30:31.493 Warning: No components in dz\structures_sakhal\roads\parts\gravsakhal_0 2000.p3d:geometry
 2:30:31.493 Warning: No components in dz\structures_sakhal\roads\parts\gravsakhal_1 1000.p3d:geometry
 2:30:31.493 Warning: No components in dz\structures_sakhal\roads\parts\gravsakhal_6.p3d:geometry
 2:30:31.493 Warning: No components in dz\structures_sakhal\roads\parts\gravsakhal_6konec.p3d:geometry
 2:30:31.494 Warning: No components in dz\structures_sakhal\roads\parts\gravsakhal_7 100.p3d:geometry
 2:30:31.494 Warning: No components in dz\structures_sakhal\roads\parts\gravsakhal_10 25.p3d:geometry
 2:30:31.494 Warning: No components in dz\structures_sakhal\roads\parts\gravsakhal_10 50.p3d:geometry
 2:30:31.494 Warning: No components in dz\structures_sakhal\roads\parts\gravsakhal_10 75.p3d:geometry
 2:30:31.494 Warning: No components in dz\structures_sakhal\roads\parts\gravsakhal_10 100.p3d:geometry
 2:30:31.494 Warning: No components in dz\structures_sakhal\roads\parts\gravsakhal_12.p3d:geometry
 2:30:31.494 Warning: No components in dz\structures_sakhal\roads\parts\gravsakhal_30 25.p3d:geometry
 2:30:31.494 Warning: No components in dz\structures_sakhal\roads\parts\gravsakhal_60 10.p3d:geometry
 2:30:31.494 Warning: No components in dz\structures_sakhal\roads\parts\mudsakhal_0 2000.p3d:geometry
 2:30:31.494 Warning: No components in dz\structures_sakhal\roads\parts\mudsakhal_1 1000.p3d:geometry
 2:30:31.494 Warning: No components in dz\structures_sakhal\roads\parts\mudsakhal_6.p3d:geometry
 2:30:31.495 Warning: No components in dz\structures_sakhal\roads\parts\mudsakhal_6konec.p3d:geometry
 2:30:31.495 Warning: No components in dz\structures_sakhal\roads\parts\mudsakhal_7 100.p3d:geometry
 2:30:31.495 Warning: No components in dz\structures_sakhal\roads\parts\mudsakhal_10 25.p3d:geometry
 2:30:31.495 Warning: No components in dz\structures_sakhal\roads\parts\mudsakhal_10 50.p3d:geometry
 2:30:31.495 Warning: No components in dz\structures_sakhal\roads\parts\mudsakhal_10 75.p3d:geometry
 2:30:31.495 Warning: No components in dz\structures_sakhal\roads\parts\mudsakhal_10 100.p3d:geometry
 2:30:31.496 Warning: No components in dz\structures_sakhal\roads\parts\mudsakhal_12.p3d:geometry
 2:30:31.496 Warning: No components in dz\structures_sakhal\roads\parts\mudsakhal_30 25.p3d:geometry
 2:30:31.496 Warning: No components in dz\structures_sakhal\roads\parts\mudsakhal_60 10.p3d:geometry
 2:30:31.496 Warning: No components in dz\structures_sakhal\roads\parts\quarrysakhal_0 2000.p3d:geometry
 2:30:31.496 Warning: No components in dz\structures_sakhal\roads\parts\quarrysakhal_1 1000.p3d:geometry
 2:30:31.496 Warning: No components in dz\structures_sakhal\roads\parts\quarrysakhal_6.p3d:geometry
 2:30:31.497 Warning: No components in dz\structures_sakhal\roads\parts\quarrysakhal_6konec.p3d:geometry
 2:30:31.497 Warning: No components in dz\structures_sakhal\roads\parts\quarrysakhal_7 100.p3d:geometry
 2:30:31.497 Warning: No components in dz\structures_sakhal\roads\parts\quarrysakhal_10 25.p3d:geometry
 2:30:31.497 Warning: No components in dz\structures_sakhal\roads\parts\quarrysakhal_10 50.p3d:geometry
 2:30:31.497 Warning: No components in dz\structures_sakhal\roads\parts\quarrysakhal_10 75.p3d:geometry
 2:30:31.497 Warning: No components in dz\structures_sakhal\roads\parts\quarrysakhal_10 100.p3d:geometry
 2:30:31.497 Warning: No components in dz\structures_sakhal\roads\parts\quarrysakhal_12.p3d:geometry
 2:30:31.497 Warning: No components in dz\structures_sakhal\roads\parts\quarrysakhal_30 25.p3d:geometry
 2:30:31.497 Warning: No components in dz\structures_sakhal\roads\parts\quarrysakhal_60 10.p3d:geometry
 2:30:31.505 Convex "component167" selection faces are less then 4 in dz\structures_sakhal\specific\airport\airport_small_hangar.p3d:geometryView
 2:30:31.513 PerfWarning: Way too much components (717) in dz\structures_sakhal\specific\airport\airport_small_main.p3d:geometryFire
 2:30:31.519 Convex "component233" selection faces are less then 4 in dz\structures_sakhal\specific\monuments\monument_bears.p3d:geometryFire
 2:30:31.537 PerfWarning: Way too much components (524) in dz\structures_sakhal\walls\wall_tin8_lowblue_8.p3d:geometryFire
 2:30:31.558 Convex "component20" selection faces are less then 4 in dz\structures_sakhal\wrecks\submarine_front.p3d:geometryFire
 2:30:31.559 Convex "component69" selection faces are less then 4 in dz\structures_sakhal\wrecks\submarine_front.p3d:geometryFire
 2:30:31.560 Convex "component32" selection faces are less then 4 in dz\structures_sakhal\wrecks\submarine_middle.p3d:geometryFire
 2:30:31.586 PerfWarning: Way too much components (1519) in dz\structures_sakhal\wrecks\ship_medium2.p3d:geometryFire
 2:30:31.597 PerfWarning: Way too much components (865) in dz\structures_sakhal\wrecks\static_mi8_civilian.p3d:geometryFire
 2:30:31.597 Convex "component143" selection faces are less then 4 in dz\structures_sakhal\wrecks\static_mi8_civilian.p3d:geometryView
 2:30:31.606 Warning: No components in dz\structures_sakhal\wrecks\patrolboat_military.p3d:geometry
 2:30:31.607 Convex "component76" selection faces are less then 4 in dz\structures_sakhal\wrecks\patrolboat_military.p3d:geometryFire
 2:30:31.609 Warning: No components in dz\vehicles\parts\brake_fluid.p3d:geometry
 2:30:31.609 Warning: No components in dz\vehicles\parts\brake_fluid.p3d:geometryView
 2:30:31.610 Warning: No components in dz\vehicles\parts\oil_bottle.p3d:geometry
 2:30:31.613 Convex "component06" selection faces are less then 4 in dz\vehicles\water\boat_01\boat_01.p3d:geometry
 2:30:31.613 Convex "component08" selection faces are less then 4 in dz\vehicles\water\boat_01\boat_01.p3d:geometry
 2:30:31.621 Warning: No components in dz\vehicles\wheeled\civiliansedan\proxy\sedanwheel_destroyed.p3d:geometry
 2:30:31.668 Warning: No components in dz\water\ponds\pond_50x50.p3d:geometry
 2:30:31.683 Warning: No components in dz\weapons\firearms\ots14\ots14_barrel.p3d:geometry
 2:30:31.683 Warning: No components in dz\weapons\firearms\ots14\ots14_barrel.p3d:geometryFire
 2:30:31.683 Warning: No components in dz\weapons\firearms\ots14\ots14_barrel.p3d:geometryView
 2:30:31.684 Warning: No components in dz\weapons\firearms\ots14\ots14_barrel_grip.p3d:geometry
 2:30:31.684 Warning: No components in dz\weapons\firearms\ots14\ots14_barrel_grip.p3d:geometryFire
 2:30:31.684 Warning: No components in dz\weapons\firearms\ots14\ots14_barrel_grip.p3d:geometryView
 2:30:31.685 Warning: No components in dz\weapons\firearms\ots14\ots14_silencer.p3d:geometry
 2:30:31.685 Warning: No components in dz\weapons\firearms\ots14\ots14_silencer.p3d:geometryFire
 2:30:31.685 Warning: No components in dz\weapons\firearms\ots14\ots14_silencer.p3d:geometryView
 2:30:31.688 Warning: No components in dz\weapons\attachments\optics\optic_buis.p3d:geometryFire
 2:30:31.700 Warning: No components in dz\weapons\attachments\optics\optic_hunting.p3d:geometry
 2:30:31.700 Warning: No components in dz\weapons\attachments\optics\optic_hunting.p3d:geometryView
 2:30:31.728 Warning: No components in dz\weapons\firearms\ots14\ots14_grip.p3d:geometry
 2:30:31.728 Warning: No components in dz\weapons\firearms\ots14\ots14_grip.p3d:geometryFire
 2:30:31.728 Warning: No components in dz\weapons\firearms\ots14\ots14_grip.p3d:geometryView
 2:30:31.735 Warning: No components in dz\weapons\firearms\aug\proxy\scope.p3d:geometry
 2:30:31.738 Warning: No components in dz\weapons\firearms\trumpet\trumpet_parts.p3d:geometry
 2:30:31.738 Warning: No components in dz\weapons\launchers\m79\proxy\dummyscope.p3d:geometry
 2:30:31.738 Warning: No components in dz\weapons\pistols\magnum\proxy\magnum_cylinder.p3d:geometry
 2:30:31.738 Warning: No components in dz\weapons\pistols\magnum\proxy\magnum_ejector.p3d:geometry
 2:30:31.747 Fresnel k must be >0, given n=1,k=0
 2:30:31.747 Fresnel k must be >0, given n=1,k=0
 2:30:31.748 Fresnel k must be >0, given n=1,k=0
 2:30:31.748 Fresnel k must be >0, given n=1,k=0
 2:30:31.748 Fresnel k must be >0, given n=1,k=0
 2:30:31.781 PerfWarning: Way too much components (627) in nst\ns2\build\a3\a3_chamber_collision.p3d:geometry
 2:30:31.783 PerfWarning: Way too much components (696) in nst\ns2\build\a3\a3_chamber_collision.p3d:geometryFire
 2:30:31.784 PerfWarning: Way too much components (661) in nst\ns2\build\a3\a3_chamber_collision.p3d:geometryView
 2:30:31.807 PerfWarning: Way too much components (538) in nst\ns2\build\a3\a3_tube_sec_bottom.p3d:geometryFire
 2:30:31.815 Convex "component194" selection faces are less then 4 in nst\ns2\build\a3\a3_tube_main_bottom.p3d:geometry
 2:30:31.815 Convex "component195" selection faces are less then 4 in nst\ns2\build\a3\a3_tube_main_bottom.p3d:geometry
 2:30:31.815 Convex "component196" selection faces are less then 4 in nst\ns2\build\a3\a3_tube_main_bottom.p3d:geometry
 2:30:31.815 PerfWarning: Way too much components (632) in nst\ns2\build\a3\a3_tube_main_bottom.p3d:geometry
 2:30:31.831 Fresnel k must be >0, given n=1,k=0
 2:30:31.831 Fresnel k must be >0, given n=1,k=0
 2:30:31.838 Fresnel k must be >0, given n=1,k=0
 2:30:31.840 Fresnel k must be >0, given n=1,k=0
 2:30:31.840 Fresnel k must be >0, given n=1,k=0
 2:30:31.842 Fresnel k must be >0, given n=1,k=0
 2:30:31.842 Fresnel k must be >0, given n=1,k=0
 2:30:31.845 Fresnel k must be >0, given n=1,k=0
 2:30:31.845 Fresnel k must be >0, given n=1,k=0
 2:30:31.847 Fresnel k must be >0, given n=1,k=0
 2:30:31.847 Fresnel k must be >0, given n=1,k=0
 2:30:31.847 Fresnel k must be >0, given n=1,k=0
 2:30:31.890 Warning: No components in nst\ns2\build\sea\frozen_person.p3d:geometryFire
 2:30:31.895 PerfWarning: Way too much components (627) in nst\ns2\build\sea\sea_subb.p3d:geometry
 2:30:31.941 PerfWarning: Way too much components (686) in nst\ns3\structures\oilrig\sea_oilrig_derrick_tower.p3d:geometry
 2:30:31.942 PerfWarning: Way too much components (715) in nst\ns3\structures\oilrig\sea_oilrig_derrick_tower.p3d:geometryFire
 2:30:31.952 Warning: No components in nst\ns3\structures\probes\lanteran_probe.p3d:geometry
 2:30:32.38  Warning: No components in nst\ns\vfx\vfx_snowdust_fast.p3d:geometry
 2:30:32.38  !!! Shape vfx_snowdust_fast does not have defined min&max for loot's BBox.
 2:30:32.38  Warning: No components in nst\ns\vfx\vfx_snowdust_slow.p3d:geometry
 2:30:32.38  !!! Shape vfx_snowdust_slow does not have defined min&max for loot's BBox.
 2:30:32.38  Warning: No components in nst\ns\vfx\vfx_lantia_fog.p3d:geometry
 2:30:32.38  !!! Shape vfx_lantia_fog does not have defined min&max for loot's BBox.
 2:30:32.38  !!! Shape vfx_lantia_portal_atm does not have defined min&max for loot's BBox.
 2:30:32.38  !!! Shape vfx_lantia_sandstorm does not have defined min&max for loot's BBox.
 2:30:32.38  !!! Shape vfx_phoenix_gasflare does not have defined min&max for loot's BBox.
 2:30:32.39  Warning: No components in nst\ns_dayz\effects\visual\vfx_aurora_long_1.p3d:geometry
 2:30:32.40  Warning: No components in nst\ns_dayz\effects\visual\vfx_aurora_long_2.p3d:geometry
 2:30:32.41  Warning: No components in nst\ns_dayz\effects\visual\vfx_aurora_long_3.p3d:geometry
 2:30:32.41  Warning: No components in nst\ns_dayz\effects\visual\vfx_aurora_long_4.p3d:geometry
 2:30:32.42  Warning: No components in nst\ns_dayz\effects\visual\vfx_aurora_long_5.p3d:geometry
 2:30:32.42  Warning: No components in nst\ns_dayz\effects\visual\vfx_aurora_long_6.p3d:geometry
 2:30:32.42  Warning: No components in nst\ns_dayz\effects\visual\vfx_aurora_short_1.p3d:geometry
 2:30:32.43  Warning: No components in nst\ns_dayz\effects\visual\vfx_aurora_short_2.p3d:geometry
 2:30:32.44  Warning: No components in nst\ns_dayz\effects\visual\vfx_aurora_short_3.p3d:geometry
 2:30:32.45  Warning: No components in nst\ns_dayz\effects\visual\vfx_aurora_short_4.p3d:geometry
 2:30:32.45  Warning: No components in nst\ns_dayz\effects\visual\vfx_aurora_short_5.p3d:geometry
 2:30:32.45  Warning: No components in nst\ns_dayz\effects\visual\vfx_aurora_short_6.p3d:geometry
 2:30:32.45  Warning: No components in nst\ns_dayz\effects\visual\vfx_the_thing.p3d:geometry
 2:30:32.46  Warning: No components in nst\ns_dayz\gear\crafting\snowballs.p3d:geometryFire
 2:30:32.48  Warning: No components in nst\ns_dayz\gear\head\gorkahood_g.p3d:geometry
 2:30:32.49  Warning: No components in nst\ns_dayz\gear\head\milberet_specnaz_g.p3d:geometry
 2:30:32.49  Warning: No components in nst\ns_dayz\gear\head\milberet_specnaz_g.p3d:geometryFire
 2:30:32.50  Warning: No components in nst\ns_dayz\gear\head\apsi_g.p3d:geometry
 2:30:32.50  Warning: No components in nst\ns_dayz\gear\head\apsi_g.p3d:geometryView
 2:30:32.58  Warning: No components in nst\ns_dayz\gear\lore\paper_files.p3d:geometry
 2:30:32.61  Warning: No components in vppadmintools\assets\plane.p3d:geometry
 2:30:32.62  Warning: No components in dz\characters\backpacks\alicebackpack_f.p3d:geometry
 2:30:32.63  Warning: No components in dz\characters\backpacks\alicebackpack_m.p3d:geometry
 2:30:32.64  Warning: No components in dz\characters\backpacks\bag_leathersack_f.p3d:geometry
 2:30:32.65  Warning: No components in dz\characters\backpacks\bag_leathersack_m.p3d:geometry
 2:30:32.65  Warning: No components in dz\characters\backpacks\boulder_m53_f.p3d:geometry
 2:30:32.66  Warning: No components in dz\characters\backpacks\boulder_m53_m.p3d:geometry
 2:30:32.68  Warning: No components in dz\characters\backpacks\bp_improvisedfur_f.p3d:geometry
 2:30:32.68  Warning: No components in dz\characters\backpacks\bp_improvisedfur_m.p3d:geometry
 2:30:32.69  Warning: No components in dz\characters\backpacks\bp_improvised_f.p3d:geometry
 2:30:32.70  Warning: No components in dz\characters\backpacks\bp_improvised_m.p3d:geometry
 2:30:32.72  Warning: No components in dz\characters\backpacks\childs_f.p3d:geometry
 2:30:32.73  Warning: No components in dz\characters\backpacks\childs_m.p3d:geometry
 2:30:32.74  Warning: No components in dz\characters\backpacks\coyotesbp_f.p3d:geometry
 2:30:32.75  Warning: No components in dz\characters\backpacks\coyotesbp_m.p3d:geometry
 2:30:32.76  Warning: No components in dz\characters\backpacks\drybag_f.p3d:geometry
 2:30:32.78  Warning: No components in dz\characters\backpacks\drybag_m.p3d:geometry
 2:30:32.79  Warning: No components in dz\characters\backpacks\ghilliebushrag_g.p3d:geometry
 2:30:32.79  Warning: No components in dz\characters\backpacks\ghilliebushrag_m.p3d:geometry
 2:30:32.79  Warning: No components in dz\characters\backpacks\ghilliesuit_m.p3d:geometry
 2:30:32.80  Warning: No components in dz\characters\backpacks\ghillietop_m.p3d:geometry
 2:30:32.80  Warning: No components in dz\characters\backpacks\hunting_f.p3d:geometry
 2:30:32.82  Warning: No components in dz\characters\backpacks\hunting_m.p3d:geometry
 2:30:32.83  Warning: No components in dz\characters\backpacks\impcourierbagfur_f.p3d:geometry
 2:30:32.84  Warning: No components in dz\characters\backpacks\impcourierbagfur_m.p3d:geometry
 2:30:32.85  Warning: No components in dz\characters\backpacks\impcourierbag_f.p3d:geometry
 2:30:32.86  Warning: No components in dz\characters\backpacks\impcourierbag_m.p3d:geometry
 2:30:32.87  Warning: No components in dz\characters\backpacks\mountain_f.p3d:geometry
 2:30:32.88  Warning: No components in dz\characters\backpacks\mountain_m.p3d:geometry
 2:30:32.89  Warning: No components in dz\characters\backpacks\smershbag_f.p3d:geometry
 2:30:32.90  Warning: No components in dz\characters\backpacks\smershbag_m.p3d:geometry
 2:30:32.90  Warning: No components in dz\characters\backpacks\taloon.p3d:geometry
 2:30:32.91  Warning: No components in dz\characters\backpacks\taloon_f.p3d:geometry
 2:30:32.92  Warning: No components in dz\characters\backpacks\taloon_m.p3d:geometry
 2:30:32.93  Warning: No components in dz\characters\backpacks\tortilla_m.p3d:geometry
 2:30:32.94  Warning: No components in dz\characters\belts\belt_leather_f.p3d:geometry
 2:30:32.94  Warning: No components in dz\characters\belts\belt_leather_g.p3d:geometry
 2:30:32.94  Warning: No components in dz\characters\belts\belt_leather_m.p3d:geometry
 2:30:32.94  Warning: No components in dz\characters\belts\civ_belt_f.p3d:geometry
 2:30:32.95  Warning: No components in dz\characters\belts\civ_belt_m.p3d:geometry
 2:30:32.96  Warning: No components in dz\characters\belts\gun_holster_g.p3d:geometry
 2:30:32.97  Warning: No components in dz\characters\belts\gun_holster_m.p3d:geometry
 2:30:32.98  Warning: No components in dz\characters\belts\leather_quiver_f.p3d:geometry
 2:30:32.98  Warning: No components in dz\characters\belts\leather_quiver_g.p3d:geometry
 2:30:32.100 Warning: No components in dz\characters\belts\leather_quiver_m.p3d:geometry
 2:30:32.100 Warning: No components in dz\characters\belts\mil_belt_f.p3d:geometry
 2:30:32.100 Warning: No components in dz\characters\belts\mil_belt_m.p3d:geometry
 2:30:32.102 Warning: No components in dz\characters\glasses\aviator_glasses.p3d:geometry
 2:30:32.105 Warning: No components in dz\characters\glasses\nvg_headstrap.p3d:geometry
 2:30:32.105 Warning: No components in dz\characters\glasses\nvg_headstrap_g.p3d:geometry
 2:30:32.105 Warning: No components in dz\characters\glasses\nvg_headstrap_g.p3d:geometryView
 2:30:32.106 Warning: No components in dz\characters\glasses\sunglasses_designer.p3d:geometry
 2:30:32.106 Warning: No components in dz\characters\glasses\sunglasses_designer_g.p3d:geometry
 2:30:32.107 Warning: No components in dz\characters\glasses\tacgoggles_g.p3d:geometryFire
 2:30:32.107 Warning: No components in dz\characters\gloves\hands_f.p3d:geometry
 2:30:32.108 Warning: No components in dz\characters\gloves\hands_m_above0.p3d:geometry
 2:30:32.108 Warning: No components in dz\characters\gloves\hands_new_m.p3d:geometry
 2:30:32.110 Warning: No components in dz\characters\gloves\leather_gloves_f.p3d:geometry
 2:30:32.111 Warning: No components in dz\characters\gloves\leather_gloves_m.p3d:geometry
 2:30:32.111 Warning: No components in dz\characters\gloves\nbc_gloves_f.p3d:geometry
 2:30:32.112 Warning: No components in dz\characters\gloves\nbc_gloves_m.p3d:geometry
 2:30:32.113 Warning: No components in dz\characters\gloves\omno_gloves_f.p3d:geometry
 2:30:32.113 Warning: No components in dz\characters\gloves\omno_gloves_m.p3d:geometry
 2:30:32.113 Warning: No components in dz\characters\gloves\surgical_gloves_f.p3d:geometry
 2:30:32.115 Warning: No components in dz\characters\gloves\surgical_gloves_m.p3d:geometry
 2:30:32.115 Warning: No components in dz\characters\gloves\tactical_gloves_f.p3d:geometry
 2:30:32.115 Warning: No components in dz\characters\gloves\tactical_gloves_m.p3d:geometry
 2:30:32.116 Warning: No components in dz\characters\gloves\working_gloves_f.p3d:geometry
 2:30:32.116 Warning: No components in dz\characters\gloves\working_gloves_m.p3d:geometry
 2:30:32.116 Warning: No components in dz\characters\headgear\bandanahead_f.p3d:geometry
 2:30:32.117 Warning: No components in dz\characters\headgear\bandanahead_g.p3d:geometryFire
 2:30:32.117 Warning: No components in dz\characters\headgear\bandanahead_m.p3d:geometry
 2:30:32.118 Warning: No components in dz\characters\headgear\bandanahybrid_f.p3d:geometry
 2:30:32.118 Warning: No components in dz\characters\headgear\bandanahybrid_m.p3d:geometry
 2:30:32.118 Warning: No components in dz\characters\headgear\baseballcap_f.p3d:geometry
 2:30:32.119 Warning: No components in dz\characters\headgear\baseballcap_m.p3d:geometry
 2:30:32.119 Warning: No components in dz\characters\headgear\beaniehat_f.p3d:geometry
 2:30:32.119 Warning: No components in dz\characters\headgear\beaniehat_m.p3d:geometry
 2:30:32.120 Warning: No components in dz\characters\headgear\booniehat.p3d:geometry
 2:30:32.120 Warning: No components in dz\characters\headgear\constructionhelmet_f.p3d:geometry
 2:30:32.121 Warning: No components in dz\characters\headgear\constructionhelmet_m.p3d:geometry
 2:30:32.121 Warning: No components in dz\characters\headgear\cowboyhat.p3d:geometry
 2:30:32.122 Warning: No components in dz\characters\headgear\firehelmet.p3d:geometry
 2:30:32.123 Warning: No components in dz\characters\headgear\flatcap.p3d:geometry
 2:30:32.123 Warning: No components in dz\characters\headgear\ghilliehood.p3d:geometry
 2:30:32.123 Warning: No components in dz\characters\headgear\greathelm.p3d:geometry
 2:30:32.123 Warning: No components in dz\characters\headgear\hat_leather_f.p3d:geometry
 2:30:32.124 Warning: No components in dz\characters\headgear\hat_leather_m.p3d:geometry
 2:30:32.124 Warning: No components in dz\characters\headgear\headtorch_f.p3d:geometry
 2:30:32.125 Warning: No components in dz\characters\headgear\headtorch_m.p3d:geometry
 2:30:32.126 Warning: No components in dz\characters\headgear\head_sack.p3d:geometry
 2:30:32.126 Warning: No components in dz\characters\headgear\helmetmich_f.p3d:geometry
 2:30:32.126 Warning: No components in dz\characters\headgear\helmetmich_m.p3d:geometry
 2:30:32.126 Warning: No components in dz\characters\headgear\helohelmet.p3d:geometry
 2:30:32.126 Warning: No components in dz\characters\headgear\hockey_helmet.p3d:geometry
 2:30:32.127 Warning: No components in dz\characters\headgear\maska.p3d:geometry
 2:30:32.127 Warning: No components in dz\characters\headgear\maska_complete.p3d:geometry
 2:30:32.128 Warning: No components in dz\characters\headgear\medicalscrubs_hat_f.p3d:geometry
 2:30:32.129 Warning: No components in dz\characters\headgear\medicalscrubs_hat_m.p3d:geometry
 2:30:32.129 Warning: No components in dz\characters\headgear\mich2001.p3d:geometry
 2:30:32.130 Warning: No components in dz\characters\headgear\militaryberet_cdf_f.p3d:geometry
 2:30:32.130 Warning: No components in dz\characters\headgear\militaryberet_cdf_m.p3d:geometry
 2:30:32.130 Warning: No components in dz\characters\headgear\militaryberet_chdkz_f.p3d:geometry
 2:30:32.130 Warning: No components in dz\characters\headgear\militaryberet_chdkz_m.p3d:geometry
 2:30:32.131 Warning: No components in dz\characters\headgear\militaryberet_f.p3d:geometry
 2:30:32.131 Warning: No components in dz\characters\headgear\militaryberet_m.p3d:geometry
 2:30:32.132 Warning: No components in dz\characters\headgear\militaryberet_nz_f.p3d:geometry
 2:30:32.132 Warning: No components in dz\characters\headgear\militaryberet_nz_m.p3d:geometry
 2:30:32.132 Warning: No components in dz\characters\headgear\militaryberet_ranger_f.p3d:geometry
 2:30:32.133 Warning: No components in dz\characters\headgear\militaryberet_ranger_g.p3d:geometryFire
 2:30:32.133 Warning: No components in dz\characters\headgear\militaryberet_ranger_m.p3d:geometry
 2:30:32.133 Warning: No components in dz\characters\headgear\militaryberet_un_f.p3d:geometry
 2:30:32.133 Warning: No components in dz\characters\headgear\militaryberet_un_m.p3d:geometry
 2:30:32.134 Warning: No components in dz\characters\headgear\motohelmet.p3d:geometry
 2:30:32.134 Warning: No components in dz\characters\headgear\mxhelmet.p3d:geometry
 2:30:32.135 Warning: No components in dz\characters\headgear\nbc_hood_f.p3d:geometry
 2:30:32.135 Warning: No components in dz\characters\headgear\nbc_hood_m.p3d:geometry
 2:30:32.136 Warning: No components in dz\characters\headgear\officerhat_f.p3d:geometry
 2:30:32.136 Warning: No components in dz\characters\headgear\officerhat_m.p3d:geometry
 2:30:32.136 Warning: No components in dz\characters\headgear\pilotka_f.p3d:geometry
 2:30:32.136 Warning: No components in dz\characters\headgear\pilotka_m.p3d:geometry
 2:30:32.136 Warning: No components in dz\characters\headgear\policecap_f.p3d:geometry
 2:30:32.137 Warning: No components in dz\characters\headgear\policecap_m.p3d:geometry
 2:30:32.137 Warning: No components in dz\characters\headgear\prison_cap_f.p3d:geometry
 2:30:32.138 Warning: No components in dz\characters\headgear\prison_cap_m.p3d:geometry
 2:30:32.138 Warning: No components in dz\characters\headgear\protecskatehelmet2_f.p3d:geometry
 2:30:32.139 Warning: No components in dz\characters\headgear\pumpkinhelmet.p3d:geometry
 2:30:32.140 Warning: No components in dz\characters\headgear\radarcap_f.p3d:geometry
 2:30:32.140 Warning: No components in dz\characters\headgear\radarcap_m.p3d:geometry
 2:30:32.140 Warning: No components in dz\characters\headgear\santashat_f.p3d:geometry
 2:30:32.140 Warning: No components in dz\characters\headgear\santashat_m.p3d:geometry
 2:30:32.141 Warning: No components in dz\characters\headgear\ssh68helmet.p3d:geometry
 2:30:32.141 Warning: No components in dz\characters\headgear\tankerhelmet.p3d:geometry
 2:30:32.142 Warning: No components in dz\characters\headgear\ushanka_f.p3d:geometry
 2:30:32.142 Warning: No components in dz\characters\headgear\ushanka_m.p3d:geometry
 2:30:32.143 Warning: No components in dz\characters\headgear\zmijovkacap_f.p3d:geometry
 2:30:32.143 Warning: No components in dz\characters\headgear\zmijovkacap_m.p3d:geometry
 2:30:32.144 Warning: No components in dz\characters\masks\balaclava_3holes_f.p3d:geometry
 2:30:32.144 Warning: No components in dz\characters\masks\balaclava_3holes_f.p3d:geometryFire
 2:30:32.144 Warning: No components in dz\characters\masks\balaclava_3holes_f.p3d:geometryView
 2:30:32.144 Warning: No components in dz\characters\masks\balaclava_3holes_m.p3d:geometry
 2:30:32.144 Warning: No components in dz\characters\masks\balaclava_3holes_m.p3d:geometryFire
 2:30:32.144 Warning: No components in dz\characters\masks\balaclava_3holes_m.p3d:geometryView
 2:30:32.145 Warning: No components in dz\characters\masks\balaclava_f.p3d:geometry
 2:30:32.145 Warning: No components in dz\characters\masks\balaclava_f.p3d:geometryFire
 2:30:32.145 Warning: No components in dz\characters\masks\balaclava_f.p3d:geometryView
 2:30:32.145 Warning: No components in dz\characters\masks\balaclava_m.p3d:geometry
 2:30:32.145 Warning: No components in dz\characters\masks\balaclava_m.p3d:geometryFire
 2:30:32.145 Warning: No components in dz\characters\masks\balaclava_m.p3d:geometryView
 2:30:32.146 Warning: No components in dz\characters\masks\bandanaface_f.p3d:geometry
 2:30:32.146 Warning: No components in dz\characters\masks\bandanaface_f.p3d:geometryFire
 2:30:32.146 Warning: No components in dz\characters\masks\bandanaface_f.p3d:geometryView
 2:30:32.146 Warning: No components in dz\characters\masks\bandanaface_m.p3d:geometry
 2:30:32.146 Warning: No components in dz\characters\masks\bandanaface_m.p3d:geometryFire
 2:30:32.146 Warning: No components in dz\characters\masks\bandanaface_m.p3d:geometryView
 2:30:32.146 Warning: No components in dz\characters\masks\gasmask_f.p3d:geometry
 2:30:32.146 Warning: No components in dz\characters\masks\gasmask_f.p3d:geometryFire
 2:30:32.146 Warning: No components in dz\characters\masks\gasmask_m.p3d:geometry
 2:30:32.146 Warning: No components in dz\characters\masks\gasmask_m.p3d:geometryFire
 2:30:32.147 Warning: No components in dz\characters\masks\gp5gasmask_f.p3d:geometry
 2:30:32.147 Warning: No components in dz\characters\masks\gp5gasmask_f.p3d:geometryFire
 2:30:32.147 Warning: No components in dz\characters\masks\gp5gasmask_f.p3d:geometryView
 2:30:32.148 Warning: No components in dz\characters\masks\gp5gasmask_m.p3d:geometry
 2:30:32.148 Warning: No components in dz\characters\masks\gp5gasmask_m.p3d:geometryFire
 2:30:32.148 Warning: No components in dz\characters\masks\gp5gasmask_m.p3d:geometryView
 2:30:32.148 Warning: No components in dz\characters\masks\mouth_rags.p3d:geometry
 2:30:32.148 Warning: No components in dz\characters\masks\mouth_rags.p3d:geometryFire
 2:30:32.148 Warning: No components in dz\characters\masks\mouth_rags.p3d:geometryView
 2:30:32.148 Warning: No components in dz\characters\masks\nioshfacemask_f.p3d:geometry
 2:30:32.148 Warning: No components in dz\characters\masks\nioshfacemask_f.p3d:geometryFire
 2:30:32.148 Warning: No components in dz\characters\masks\nioshfacemask_f.p3d:geometryView
 2:30:32.148 Warning: No components in dz\characters\masks\nioshfacemask_m.p3d:geometry
 2:30:32.148 Warning: No components in dz\characters\masks\nioshfacemask_m.p3d:geometryFire
 2:30:32.148 Warning: No components in dz\characters\masks\nioshfacemask_m.p3d:geometryView
 2:30:32.148 Warning: No components in dz\characters\masks\santasbeard_f.p3d:geometry
 2:30:32.148 Warning: No components in dz\characters\masks\santasbeard_f.p3d:geometryFire
 2:30:32.148 Warning: No components in dz\characters\masks\santasbeard_f.p3d:geometryView
 2:30:32.149 Warning: No components in dz\characters\masks\santasbeard_m.p3d:geometry
 2:30:32.149 Warning: No components in dz\characters\masks\santasbeard_m.p3d:geometryFire
 2:30:32.149 Warning: No components in dz\characters\masks\santasbeard_m.p3d:geometryView
 2:30:32.150 Warning: No components in dz\characters\masks\surgical_mask_f.p3d:geometry
 2:30:32.150 Warning: No components in dz\characters\masks\surgical_mask_f.p3d:geometryFire
 2:30:32.150 Warning: No components in dz\characters\masks\surgical_mask_f.p3d:geometryView
 2:30:32.150 Warning: No components in dz\characters\masks\surgical_mask_m.p3d:geometry
 2:30:32.150 Warning: No components in dz\characters\masks\surgical_mask_m.p3d:geometryFire
 2:30:32.150 Warning: No components in dz\characters\masks\surgical_mask_m.p3d:geometryView
 2:30:32.151 Warning: No components in dz\characters\masks\vintagehockeymask_f.p3d:geometry
 2:30:32.151 Warning: No components in dz\characters\masks\vintagehockeymask_f.p3d:geometryFire
 2:30:32.151 Warning: No components in dz\characters\masks\vintagehockeymask_f.p3d:geometryView
 2:30:32.151 Warning: No components in dz\characters\masks\vintagehockeymask_m.p3d:geometry
 2:30:32.152 Warning: No components in dz\characters\masks\vintagehockeymask_m.p3d:geometryFire
 2:30:32.152 Warning: No components in dz\characters\masks\vintagehockeymask_m.p3d:geometryView
 2:30:32.152 Warning: No components in dz\characters\masks\welding_mask_f.p3d:geometry
 2:30:32.152 Warning: No components in dz\characters\masks\welding_mask_m.p3d:geometry
 2:30:32.152 Warning: No components in dz\characters\masks\proxy\mask_filter.p3d:geometry
 2:30:32.153 Warning: No components in dz\characters\pants\bdu_pants_f.p3d:geometry
 2:30:32.153 Warning: No components in dz\characters\pants\bdu_pants_m.p3d:geometry
 2:30:32.154 Warning: No components in dz\characters\pants\breechesf_f.p3d:geometry
 2:30:32.154 Warning: No components in dz\characters\pants\breechesf_m.p3d:geometry
 2:30:32.154 Warning: No components in dz\characters\pants\canvaspants_long_f.p3d:geometry
 2:30:32.155 Warning: No components in dz\characters\pants\canvaspants_long_m.p3d:geometry
 2:30:32.155 Warning: No components in dz\characters\pants\canvaspants_midi_f.p3d:geometry
 2:30:32.155 Warning: No components in dz\characters\pants\canvaspants_midi_m.p3d:geometry
 2:30:32.156 Warning: No components in dz\characters\pants\cargopants_f.p3d:geometry
 2:30:32.157 Warning: No components in dz\characters\pants\firefighter_pants_f.p3d:geometry
 2:30:32.157 Warning: No components in dz\characters\pants\firefighter_pants_f.p3d:geometryView
 2:30:32.159 Warning: No components in dz\characters\pants\firefighter_pants_m.p3d:geometry
 2:30:32.159 Warning: No components in dz\characters\pants\firefighter_pants_m.p3d:geometryView
 2:30:32.159 Warning: No components in dz\characters\pants\gorka_pants_f.p3d:geometry
 2:30:32.159 Warning: No components in dz\characters\pants\gorka_pants_m.p3d:geometry
 2:30:32.160 Warning: No components in dz\characters\pants\hunterpants_f.p3d:geometry
 2:30:32.160 Warning: No components in dz\characters\pants\hunterpants_m.p3d:geometry
 2:30:32.160 Warning: No components in dz\characters\pants\jeans_f.p3d:geometry
 2:30:32.162 Warning: No components in dz\characters\pants\jumpsuit_pants_f.p3d:geometry
 2:30:32.162 Warning: No components in dz\characters\pants\jumpsuit_pants_m.p3d:geometry
 2:30:32.162 Warning: No components in dz\characters\pants\legs_f.p3d:geometry
 2:30:32.163 Warning: No components in dz\characters\pants\legs_m.p3d:geometry
 2:30:32.163 Warning: No components in dz\characters\pants\legs_m_above0.p3d:geometry
 2:30:32.163 Warning: No components in dz\characters\pants\legs_new_m.p3d:geometry
 2:30:32.164 Warning: No components in dz\characters\pants\medicalscrubs_pants_f.p3d:geometry
 2:30:32.165 Warning: No components in dz\characters\pants\medicalscrubs_pants_m.p3d:geometry
 2:30:32.166 Warning: No components in dz\characters\pants\nbc_pants_f.p3d:geometry
 2:30:32.166 Warning: No components in dz\characters\pants\nbc_pants_m.p3d:geometry
 2:30:32.166 Warning: No components in dz\characters\pants\pants_leatherpants_f.p3d:geometry
 2:30:32.167 Warning: No components in dz\characters\pants\pants_leatherpants_m.p3d:geometry
 2:30:32.167 Warning: No components in dz\characters\pants\paramedic_pants_f.p3d:geometry
 2:30:32.168 Warning: No components in dz\characters\pants\paramedic_pants_m.p3d:geometry
 2:30:32.169 Warning: No components in dz\characters\pants\policepants_f.p3d:geometry
 2:30:32.170 Warning: No components in dz\characters\pants\policepants_m.p3d:geometry
 2:30:32.170 Warning: No components in dz\characters\pants\shortjeans_f.p3d:geometry
 2:30:32.170 Warning: No components in dz\characters\pants\shortjeans_m.p3d:geometry
 2:30:32.170 Warning: No components in dz\characters\pants\skirt_f.p3d:geometry
 2:30:32.171 Warning: No components in dz\characters\pants\skirt_m.p3d:geometry
 2:30:32.172 Warning: No components in dz\characters\pants\slacks_f.p3d:geometry
 2:30:32.173 Warning: No components in dz\characters\pants\slacks_m.p3d:geometry
 2:30:32.173 Warning: No components in dz\characters\pants\tracksuit_pants_f.p3d:geometry
 2:30:32.174 Warning: No components in dz\characters\pants\tracksuit_pants_m.p3d:geometry
 2:30:32.174 Warning: No components in dz\characters\pants\ttsko_pants_f.p3d:geometry
 2:30:32.175 Warning: No components in dz\characters\pants\ttsko_pants_m.p3d:geometry
 2:30:32.176 Warning: No components in dz\characters\pants\usmc_pants_f.p3d:geometry
 2:30:32.176 Warning: No components in dz\characters\pants\usmc_pants_m.p3d:geometry
 2:30:32.177 Warning: No components in dz\characters\proxies\armband_dz.p3d:geometry
 2:30:32.177 Warning: No components in dz\characters\proxies\backpack_dz.p3d:geometry
 2:30:32.178 Warning: No components in dz\characters\proxies\belt_dz.p3d:geometry
 2:30:32.179 Warning: No components in dz\characters\proxies\bow_dz.p3d:geometry
 2:30:32.179 Warning: No components in dz\characters\proxies\bysta.p3d:geometry
 2:30:32.180 Warning: No components in dz\characters\proxies\eyewear_dz.p3d:geometry
 2:30:32.183 Warning: No components in dz\characters\proxies\vest_dz.p3d:geometry
 2:30:32.184 Warning: No components in dz\characters\shoes\athleticshoes_f.p3d:geometry
 2:30:32.184 Warning: No components in dz\characters\shoes\athleticshoes_m.p3d:geometry
 2:30:32.185 Warning: No components in dz\characters\shoes\athleticshoes_m_above0.p3d:geometry
 2:30:32.186 Warning: No components in dz\characters\shoes\ballerinas_f.p3d:geometry
 2:30:32.186 Warning: No components in dz\characters\shoes\ballerinas_m.p3d:geometry
 2:30:32.186 Warning: No components in dz\characters\shoes\combatboots_f.p3d:geometry
 2:30:32.187 Warning: No components in dz\characters\shoes\combatboots_m.p3d:geometry
 2:30:32.187 Warning: No components in dz\characters\shoes\feet_f.p3d:geometry
 2:30:32.187 Warning: No components in dz\characters\shoes\feet_m.p3d:geometry
 2:30:32.187 Warning: No components in dz\characters\shoes\feet_m_above0.p3d:geometry
 2:30:32.188 Warning: No components in dz\characters\shoes\feet_new_m.p3d:geometry
 2:30:32.189 Warning: No components in dz\characters\shoes\hikingboots_f.p3d:geometry
 2:30:32.190 Warning: No components in dz\characters\shoes\hikingboots_low_f.p3d:geometry
 2:30:32.190 Warning: No components in dz\characters\shoes\hikingboots_low_m.p3d:geometry
 2:30:32.191 Warning: No components in dz\characters\shoes\hikingboots_m.p3d:geometry
 2:30:32.191 Warning: No components in dz\characters\shoes\joggingshoes_f.p3d:geometry
 2:30:32.191 Warning: No components in dz\characters\shoes\joggingshoes_m.p3d:geometry
 2:30:32.192 Warning: No components in dz\characters\shoes\jungleboots_f.p3d:geometry
 2:30:32.193 Warning: No components in dz\characters\shoes\jungleboots_m.p3d:geometry
 2:30:32.194 Warning: No components in dz\characters\shoes\leathershoes_f.p3d:geometry
 2:30:32.194 Warning: No components in dz\characters\shoes\leathershoes_m.p3d:geometry
 2:30:32.194 Warning: No components in dz\characters\shoes\militaryboots_f.p3d:geometry
 2:30:32.195 Warning: No components in dz\characters\shoes\militaryboots_m.p3d:geometry
 2:30:32.195 Warning: No components in dz\characters\shoes\nbc_boots_f.p3d:geometry
 2:30:32.196 Warning: No components in dz\characters\shoes\nbc_boots_m.p3d:geometry
 2:30:32.196 Warning: No components in dz\characters\shoes\shoes_leathermoccasins_f.p3d:geometry
 2:30:32.197 Warning: No components in dz\characters\shoes\shoes_leathermoccasins_m.p3d:geometry
 2:30:32.197 Warning: No components in dz\characters\shoes\sneakers_f.p3d:geometry
 2:30:32.197 Warning: No components in dz\characters\shoes\sneakers_m.p3d:geometry
 2:30:32.198 Warning: No components in dz\characters\shoes\ttsko_boots_f.p3d:geometry
 2:30:32.198 Warning: No components in dz\characters\shoes\ttsko_boots_m.p3d:geometry
 2:30:32.198 Warning: No components in dz\characters\shoes\wellies_f.p3d:geometry
 2:30:32.200 Warning: No components in dz\characters\shoes\wellies_m.p3d:geometry
 2:30:32.200 Warning: No components in dz\characters\shoes\workingboots_f.p3d:geometry
 2:30:32.200 Warning: No components in dz\characters\shoes\workingboots_m.p3d:geometry
 2:30:32.200 Warning: No components in dz\characters\tops\armbends.p3d:geometry
 2:30:32.201 Warning: No components in dz\characters\tops\armbends_g.p3d:geometry
 2:30:32.201 Warning: No components in dz\characters\tops\armbend_big_f.p3d:geometry
 2:30:32.201 Warning: No components in dz\characters\tops\armbend_big_m.p3d:geometry
 2:30:32.202 Warning: No components in dz\characters\tops\armbend_dynamic_f.p3d:geometry
 2:30:32.202 Warning: No components in dz\characters\tops\armbend_dynamic_m.p3d:geometry
 2:30:32.203 Warning: No components in dz\characters\tops\armbend_small_f.p3d:geometry
 2:30:32.203 Warning: No components in dz\characters\tops\armbend_small_m.p3d:geometry
 2:30:32.203 Warning: No components in dz\characters\tops\bdu_jacket_f.p3d:geometry
 2:30:32.203 Warning: No components in dz\characters\tops\bdu_jacket_m.p3d:geometry
 2:30:32.204 Warning: No components in dz\characters\tops\blouse_f.p3d:geometry
 2:30:32.204 Warning: No components in dz\characters\tops\blouse_m.p3d:geometry
 2:30:32.204 Warning: No components in dz\characters\tops\bomberjacket_f.p3d:geometry
 2:30:32.205 Warning: No components in dz\characters\tops\bomberjacket_m.p3d:geometry
 2:30:32.206 Warning: No components in dz\characters\tops\denim_jacket_f.p3d:geometry
 2:30:32.206 Warning: No components in dz\characters\tops\denim_jacket_m.p3d:geometry
 2:30:32.206 Warning: No components in dz\characters\tops\firefighter_f.p3d:geometry
 2:30:32.207 Warning: No components in dz\characters\tops\firefighter_m.p3d:geometry
 2:30:32.208 Warning: No components in dz\characters\tops\hoodie_f.p3d:geometry
 2:30:32.210 Warning: No components in dz\characters\tops\hoodie_m.p3d:geometry
 2:30:32.210 Warning: No components in dz\characters\tops\hunting_jacket_f.p3d:geometry
 2:30:32.211 Warning: No components in dz\characters\tops\hunting_jacket_m.p3d:geometry
 2:30:32.211 Warning: No components in dz\characters\tops\jumpsuit_top_f.p3d:geometry
 2:30:32.212 Warning: No components in dz\characters\tops\jumpsuit_top_m.p3d:geometry
 2:30:32.212 Warning: No components in dz\characters\tops\labcoat_f.p3d:geometry
 2:30:32.212 Warning: No components in dz\characters\tops\labcoat_m.p3d:geometry
 2:30:32.213 Warning: No components in dz\characters\tops\m65_jacket_f.p3d:geometry
 2:30:32.213 Warning: No components in dz\characters\tops\m65_jacket_m.p3d:geometry
 2:30:32.215 Warning: No components in dz\characters\tops\medicalscrubs_shirt_f.p3d:geometry
 2:30:32.215 Warning: No components in dz\characters\tops\medicalscrubs_shirt_m.p3d:geometry
 2:30:32.215 Warning: No components in dz\characters\tops\minidress_f.p3d:geometry
 2:30:32.215 Warning: No components in dz\characters\tops\minidress_m.p3d:geometry
 2:30:32.216 Warning: No components in dz\characters\tops\nbc_jacket_f.p3d:geometry
 2:30:32.217 Warning: No components in dz\characters\tops\nbc_jacket_m.p3d:geometry
 2:30:32.217 Warning: No components in dz\characters\tops\nursedress_f.p3d:geometry
 2:30:32.217 Warning: No components in dz\characters\tops\nursedress_m.p3d:geometry
 2:30:32.218 Warning: No components in dz\characters\tops\paramedic_jacket_f.p3d:geometry
 2:30:32.218 Warning: No components in dz\characters\tops\paramedic_jacket_m.p3d:geometry
 2:30:32.219 Warning: No components in dz\characters\tops\pcu5jacket_f.p3d:geometry
 2:30:32.220 Warning: No components in dz\characters\tops\pcu5jacket_f_nopatches.p3d:geometry
 2:30:32.221 Warning: No components in dz\characters\tops\policejacket_f.p3d:geometry
 2:30:32.222 Warning: No components in dz\characters\tops\policejacket_m.p3d:geometry
 2:30:32.222 Warning: No components in dz\characters\tops\quiltedjacket_f.p3d:geometry
 2:30:32.222 Warning: No components in dz\characters\tops\quiltedjacket_m.p3d:geometry
 2:30:32.222 Warning: No components in dz\characters\tops\raincoat_f.p3d:geometry
 2:30:32.223 Warning: No components in dz\characters\tops\riders_jacket_f.p3d:geometry
 2:30:32.224 Warning: No components in dz\characters\tops\riders_jacket_m.p3d:geometry
 2:30:32.225 Warning: No components in dz\characters\tops\shirt_f.p3d:geometry
 2:30:32.225 Warning: No components in dz\characters\tops\shirt_f_new_anim_system.p3d:geometry
 2:30:32.225 Warning: No components in dz\characters\tops\shirt_m.p3d:geometry
 2:30:32.226 Warning: No components in dz\characters\tops\shirt_m_new_anim_system.p3d:geometry
 2:30:32.226 Warning: No components in dz\characters\tops\suitshirt_m.p3d:geometry
 2:30:32.228 Warning: No components in dz\characters\tops\top_leatherjacket_f.p3d:geometry
 2:30:32.228 Warning: No components in dz\characters\tops\top_leatherjacket_m.p3d:geometry
 2:30:32.229 Warning: No components in dz\characters\tops\torso_f.p3d:geometry
 2:30:32.229 Warning: No components in dz\characters\tops\torso_m_above0.p3d:geometry
 2:30:32.230 Warning: No components in dz\characters\tops\torso_new_m.p3d:geometry
 2:30:32.231 Warning: No components in dz\characters\tops\tracksuit_jacket_f.p3d:geometry
 2:30:32.231 Warning: No components in dz\characters\tops\tracksuit_jacket_m.p3d:geometry
 2:30:32.232 Warning: No components in dz\characters\tops\tshirt_f.p3d:geometry
 2:30:32.233 Warning: No components in dz\characters\tops\ttsko_jacket_m.p3d:geometry
 2:30:32.233 Warning: No components in dz\characters\tops\usmc_jacket_f.p3d:geometry
 2:30:32.233 Warning: No components in dz\characters\tops\usmc_jacket_m.p3d:geometry
 2:30:32.235 Warning: No components in dz\characters\tops\woolcoat_f.p3d:geometry
 2:30:32.235 Warning: No components in dz\characters\tops\woolcoat_m.p3d:geometry
 2:30:32.235 Warning: No components in dz\characters\vests\chest_holster_f.p3d:geometry
 2:30:32.236 Warning: No components in dz\characters\vests\chest_holster_m.p3d:geometry
 2:30:32.237 Warning: No components in dz\characters\vests\hunter_vest_f.p3d:geometry
 2:30:32.238 Warning: No components in dz\characters\vests\hunter_vest_m.p3d:geometry
 2:30:32.238 Warning: No components in dz\characters\vests\orange_vest_f.p3d:geometry
 2:30:32.238 Warning: No components in dz\characters\vests\orange_vest_m.p3d:geometry
 2:30:32.238 Warning: No components in dz\characters\vests\plate_carrier_f.p3d:geometry
 2:30:32.239 Warning: No components in dz\characters\vests\plate_carrier_m.p3d:geometry
 2:30:32.239 Warning: No components in dz\characters\vests\policevest_f.p3d:geometry
 2:30:32.241 Warning: No components in dz\characters\vests\policevest_m.p3d:geometry
 2:30:32.242 Warning: No components in dz\characters\vests\pressvest_f.p3d:geometry
 2:30:32.242 Warning: No components in dz\characters\vests\pressvest_m.p3d:geometry
 2:30:32.243 Warning: No components in dz\characters\vests\smersh_buttpack.p3d:geometry
 2:30:32.246 Warning: No components in dz\characters\vests\tacticalvest2_f.p3d:geometry
 2:30:32.246 Warning: No components in dz\characters\vests\tacticalvest2_m.p3d:geometry
 2:30:32.247 Warning: No components in dz\characters\vests\ukassvest_f.p3d:geometry
 2:30:32.248 Warning: No components in dz\characters\vests\ukassvest_m.p3d:geometry
 2:30:32.248 Warning: No components in dz\characters\vests\vestholster.p3d:geometry
 2:30:32.248 Warning: No components in dz\characters\vests\vestholster_g.p3d:geometry
 2:30:32.248 Warning: No components in dz\characters\vests\vestholster_g.p3d:geometryFire
 2:30:32.248 Warning: No components in dz\characters\vests\vest_leatherstorage_f.p3d:geometry
 2:30:32.248 Warning: No components in dz\characters\vests\vest_leatherstorage_m.p3d:geometry
 2:30:32.248 Warning: No components in dz\characters\vests\proxy\proxy_grenade_a.p3d:geometry
 2:30:32.249 Warning: No components in dz\characters\vests\proxy\proxy_grenade_b.p3d:geometry
 2:30:32.249 Warning: No components in dz\characters\vests\proxy\proxy_grenade_c.p3d:geometry
 2:30:32.249 Warning: No components in dz\characters\vests\proxy\proxy_grenade_d.p3d:geometry
 2:30:32.249 Warning: No components in dz\characters\vests\proxy\smersh_buttpack.p3d:geometry
 2:30:32.249 Warning: No components in dz\data\cl_feathers2.p3d:geometryFire
 2:30:32.249 Warning: No components in dz\data\cl_feathers2.p3d:geometryView
 2:30:32.249 Warning: No components in dz\data\cl_grass1.p3d:geometryFire
 2:30:32.249 Warning: No components in dz\data\cl_grass1.p3d:geometryView
 2:30:32.250 Warning: No components in dz\data\cl_grass2.p3d:geometryFire
 2:30:32.250 Warning: No components in dz\data\cl_grass2.p3d:geometryView
 2:30:32.250 Warning: No components in dz\data\cl_leaf.p3d:geometryFire
 2:30:32.250 Warning: No components in dz\data\cl_leaf.p3d:geometryView
 2:30:32.250 Warning: No components in dz\data\cl_leaf2.p3d:geometryFire
 2:30:32.250 Warning: No components in dz\data\cl_leaf2.p3d:geometryView
 2:30:32.250 Warning: No components in dz\data\cl_leaf3.p3d:geometryFire
 2:30:32.250 Warning: No components in dz\data\cl_leaf3.p3d:geometryView
 2:30:32.250 Warning: No components in dz\data\cl_rock1.p3d:geometryFire
 2:30:32.250 Warning: No components in dz\data\cl_rock1.p3d:geometryView
 2:30:32.251 Warning: No components in dz\data\cr_leaf.p3d:geometryFire
 2:30:32.251 Warning: No components in dz\data\cr_leaf.p3d:geometryView
 2:30:32.251 Warning: No components in dz\data\cr_leaf2.p3d:geometryFire
 2:30:32.251 Warning: No components in dz\data\cr_leaf2.p3d:geometryView
 2:30:32.251 Warning: No components in dz\data\cr_leaf3.p3d:geometryFire
 2:30:32.251 Warning: No components in dz\data\cr_leaf3.p3d:geometryView
 2:30:32.252 Warning: No components in dz\data\data\cl_feathers2.p3d:geometryFire
 2:30:32.252 Warning: No components in dz\data\data\cl_feathers2.p3d:geometryView
 2:30:32.252 Warning: No components in dz\data\data\cl_grass1.p3d:geometryFire
 2:30:32.252 Warning: No components in dz\data\data\cl_grass1.p3d:geometryView
 2:30:32.252 Warning: No components in dz\data\data\cl_grass2.p3d:geometryFire
 2:30:32.252 Warning: No components in dz\data\data\cl_grass2.p3d:geometryView
 2:30:32.252 Warning: No components in dz\data\data\cl_leaf.p3d:geometryFire
 2:30:32.252 Warning: No components in dz\data\data\cl_leaf.p3d:geometryView
 2:30:32.252 Warning: No components in dz\data\data\cl_leaf2.p3d:geometryFire
 2:30:32.252 Warning: No components in dz\data\data\cl_leaf2.p3d:geometryView
 2:30:32.252 Warning: No components in dz\data\data\cl_leaf3.p3d:geometryFire
 2:30:32.252 Warning: No components in dz\data\data\cl_leaf3.p3d:geometryView
 2:30:32.252 Warning: No components in dz\data\data\cl_rock1.p3d:geometryFire
 2:30:32.252 Warning: No components in dz\data\data\cl_rock1.p3d:geometryView
 2:30:32.252 Warning: No components in dz\data\data\cr_leaf.p3d:geometryFire
 2:30:32.252 Warning: No components in dz\data\data\cr_leaf.p3d:geometryView
 2:30:32.252 Warning: No components in dz\data\data\cr_leaf2.p3d:geometryFire
 2:30:32.252 Warning: No components in dz\data\data\cr_leaf2.p3d:geometryView
 2:30:32.253 Warning: No components in dz\data\data\cr_leaf3.p3d:geometryFire
 2:30:32.253 Warning: No components in dz\data\data\cr_leaf3.p3d:geometryView
 2:30:32.257 Warning: No components in dz\data\data\training_ring_30.p3d:geometry
 2:30:32.268 Warning: No components in dz\gear\camping\fence_kit_folded.p3d:geometryFire
 2:30:32.268 Warning: No components in dz\gear\camping\hbox.p3d:geometryView
 2:30:32.272 Warning: No components in dz\gear\camping\largetentcluttercutter.p3d:geometry
 2:30:32.273 Warning: No components in dz\gear\camping\mediumtentcluttercutter.p3d:geometry
 2:30:32.274 Warning: No components in dz\gear\camping\string_lights_p.p3d:geometry
 2:30:32.274 Warning: No components in dz\gear\camping\string_lights_p.p3d:geometryFire
 2:30:32.274 Warning: No components in dz\gear\camping\tent_cluttercutter.p3d:geometry
 2:30:32.274 Warning: No components in dz\gear\camping\tent_large_cluttercutter.p3d:geometry
 2:30:32.278 Warning: No components in dz\gear\camping\watchtower_kit_folded.p3d:geometryFire
 2:30:32.280 Warning: No components in dz\gear\camping\proxies\barbedwire_mounted.p3d:geometry
 2:30:32.280 Warning: No components in dz\gear\camping\proxies\barbedwire_mounted.p3d:geometryView
 2:30:32.280 Warning: No components in dz\gear\camping\proxies\barbedwire_mounted_up.p3d:geometryView
 2:30:32.281 Warning: No components in dz\gear\camping\proxies\camonet.p3d:geometry
 2:30:32.281 Warning: No components in dz\gear\camping\proxies\camonet.p3d:geometryFire
 2:30:32.281 Warning: No components in dz\gear\camping\proxies\fence_gate_left.p3d:geometry
 2:30:32.281 Warning: No components in dz\gear\camping\proxies\fence_gate_left.p3d:geometryView
 2:30:32.282 Warning: No components in dz\gear\camping\proxies\fence_gate_right.p3d:geometry
 2:30:32.282 Warning: No components in dz\gear\camping\proxies\fence_gate_right.p3d:geometryView
 2:30:32.283 Warning: No components in dz\gear\camping\proxies\gate.p3d:geometry
 2:30:32.283 Warning: No components in dz\gear\camping\proxies\gate.p3d:geometryView
 2:30:32.283 Warning: No components in dz\gear\camping\proxies\lock_3digits.p3d:geometry
 2:30:32.283 Warning: No components in dz\gear\camping\proxies\lock_3digits.p3d:geometryView
 2:30:32.283 Warning: No components in dz\gear\camping\proxies\lock_4digits.p3d:geometry
 2:30:32.284 Warning: No components in dz\gear\camping\proxies\lock_4digits.p3d:geometryView
 2:30:32.285 Warning: No components in dz\gear\camping\proxies\roof.p3d:geometryFire
 2:30:32.286 Warning: No components in dz\gear\camping\proxies\xmass_lights.p3d:geometry
 2:30:32.286 Warning: No components in dz\gear\camping\proxies\xmass_lights.p3d:geometryView
 2:30:32.286 Warning: No components in dz\gear\consumables\bait_hook.p3d:geometry
 2:30:32.286 Warning: No components in dz\gear\consumables\bait_hook2.p3d:geometry
 2:30:32.286 Warning: No components in dz\gear\consumables\bait_worm_pinned.p3d:geometry
 2:30:32.296 Warning: No components in dz\gear\consumables\pile_of_planks.p3d:geometry
 2:30:32.296 Warning: No components in dz\gear\consumables\pile_of_planks.p3d:geometryFire
 2:30:32.302 Convex "component02" selection faces are less then 4 in dz\gear\cooking\fireplace.p3d:geometry
 2:30:32.302 Convex "component03" selection faces are less then 4 in dz\gear\cooking\fireplace.p3d:geometry
 2:30:32.304 Warning: No components in dz\gear\cooking\fireplace_cluttercutter.p3d:geometry
 2:30:32.309 Warning: No components in dz\gear\cooking\petrol_lighter.p3d:geometryView
 2:30:32.311 Warning: No components in dz\gear\crafting\grass.p3d:geometry
 2:30:32.312 Warning: No components in dz\gear\cultivation\clutter_cutter_2m_x_2m.p3d:geometry
 2:30:32.312 Warning: No components in dz\gear\cultivation\clutter_cutter_6m_x_6m.p3d:geometry
 2:30:32.312 Warning: No components in dz\gear\cultivation\compost.p3d:geometry
 2:30:32.313 Warning: No components in dz\gear\cultivation\soil_cultivated.p3d:geometry
 2:30:32.313 Warning: No components in dz\gear\cultivation\soil_cultivated.p3d:geometryFire
 2:30:32.313 Warning: No components in dz\gear\food\apple_fresh.p3d:geometry
 2:30:32.313 Warning: No components in dz\gear\food\apple_rotten.p3d:geometry
 2:30:32.316 Warning: No components in dz\gear\food\food_can_proxied.p3d:geometry
 2:30:32.316 Warning: No components in dz\gear\food\food_can_proxied.p3d:geometryFire
 2:30:32.316 Warning: No components in dz\gear\food\food_can_proxied.p3d:geometryView
 2:30:32.319 Warning: No components in dz\gear\food\pile_of_bones.p3d:geometry
 2:30:32.320 Warning: No components in dz\gear\food\pumpkin_rotten.p3d:geometry
 2:30:32.320 Warning: No components in dz\gear\food\sardines.p3d:geometryFire
 2:30:32.320 Warning: No components in dz\gear\food\sardines_open.p3d:geometryFire
 2:30:32.320 Warning Message: Cannot open object dz\gear\food\sardines_raw.p3d
 2:30:32.321 Warning: No components in dz\gear\food\spaghetti.p3d:geometryFire
 2:30:32.321 Warning: No components in dz\gear\food\spaghetti_open.p3d:geometryFire
 2:30:32.323 Warning: No components in dz\gear\navigation\map_chernarus_open.p3d:geometry
 2:30:32.325 Warning: No components in dz\gear\radio\base_radio_station_f.p3d:geometry
 2:30:32.326 Warning: No components in dz\gear\radio\base_radio_station_m.p3d:geometry
 2:30:32.326 Warning: No components in dz\gear\radio\cassette.p3d:geometryView
 2:30:32.328 Warning: No components in dz\gear\tools\cassette.p3d:geometryView
 2:30:32.334 Warning: No components in dz\gear\tools\handcuffs.p3d:geometry
 2:30:32.334 Warning: No components in dz\gear\tools\handcuff_keys.p3d:geometry
 2:30:32.335 Warning: No components in dz\gear\tools\hay_hook.p3d:geometry
 2:30:32.336 Warning: No components in dz\gear\tools\improvisedfishingrod.p3d:geometry
 2:30:32.338 Warning: No components in dz\gear\tools\mess_tin.p3d:geometry
 2:30:32.338 Warning: No components in dz\gear\tools\metal_pipe.p3d:geometry
 2:30:32.338 Warning: No components in dz\gear\tools\pen.p3d:geometry
 2:30:32.339 Warning: No components in dz\gear\tools\pressure_monitor.p3d:geometry
 2:30:32.341 Warning: No components in dz\gear\tools\sickle.p3d:geometry
 2:30:32.342 Warning: No components in dz\gear\tools\walkietalkie.p3d:geometryFire
 2:30:32.343 Warning: No components in dz\gear\tools\wrench.p3d:geometry
 2:30:32.343 Warning: No components in dz\gear\traps\fishnettrap_g.p3d:geometry
 2:30:32.344 Warning: No components in dz\gear\traps\tripwire_g.p3d:geometry
 2:30:32.350 Warning: No components in dz\plants\clutter\c_anthoxanthum.p3d:geometry
 2:30:32.350 Warning: No components in dz\plants\clutter\c_anthoxanthum_bended.p3d:geometry
 2:30:32.350 Warning: No components in dz\plants\clutter\c_broadleaf_sprouts.p3d:geometry
 2:30:32.350 Warning: No components in dz\plants\clutter\c_broadleaf_sprouts_tall.p3d:geometry
 2:30:32.350 Warning: No components in dz\plants\clutter\c_calamagrostis.p3d:geometry
 2:30:32.351 Warning: No components in dz\plants\clutter\c_carduus.p3d:geometry
 2:30:32.351 Warning: No components in dz\plants\clutter\c_carduus_f.p3d:geometry
 2:30:32.351 Warning: No components in dz\plants\clutter\c_concretegrass_bunch.p3d:geometry
 2:30:32.351 Warning: No components in dz\plants\clutter\c_cones.p3d:geometry
 2:30:32.351 Warning: No components in dz\plants\clutter\c_dirtgrass_bunch.p3d:geometry
 2:30:32.351 Warning: No components in dz\plants\clutter\c_elytrigia.p3d:geometry
 2:30:32.351 Warning: No components in dz\plants\clutter\c_elytrigiadirt.p3d:geometry
 2:30:32.351 Warning: No components in dz\plants\clutter\c_elytrigiaforest.p3d:geometry
 2:30:32.351 Warning: No components in dz\plants\clutter\c_elytrigiatall.p3d:geometry
 2:30:32.351 Warning: No components in dz\plants\clutter\c_elytrigia_green.p3d:geometry
 2:30:32.351 Warning: No components in dz\plants\clutter\c_hypericum.p3d:geometry
 2:30:32.351 Warning: No components in dz\plants\clutter\c_hypericum_f.p3d:geometry
 2:30:32.351 Warning: No components in dz\plants\clutter\c_leafs_spread.p3d:geometry
 2:30:32.352 Warning: No components in dz\plants\clutter\c_lolium.p3d:geometry
 2:30:32.352 Warning: No components in dz\plants\clutter\c_pines.p3d:geometry
 2:30:32.352 Warning: No components in dz\plants\clutter\c_polypodiophyta.p3d:geometry
 2:30:32.352 Warning: No components in dz\plants\clutter\c_polypodiophyta_b.p3d:geometry
 2:30:32.352 Warning: No components in dz\plants\clutter\c_polypodiophyta_c.p3d:geometry
 2:30:32.352 Warning: No components in dz\plants\clutter\c_polypodiophyta_tall.p3d:geometry
 2:30:32.352 Warning: No components in dz\plants\clutter\c_taraxacum.p3d:geometry
 2:30:32.352 Warning: No components in dz\plants\clutter\c_twigs.p3d:geometry
 2:30:32.352 Warning: No components in dz\plants\clutter\c_twigs_b.p3d:geometry
 2:30:32.352 Warning: No components in dz\plants\clutter\c_undergrowth.p3d:geometry
 2:30:32.352 Warning: No components in dz\plants\clutter\c_undergrowth_red.p3d:geometry
 2:30:32.352 Warning: No components in dz\plants\clutter\c_vaccinium.p3d:geometry
 2:30:32.352 Warning: No components in dz\plants\clutter\c_vaccinium_green.p3d:geometry
 2:30:32.352 Warning: No components in dz\plants\clutter\c_vaccinium_red.p3d:geometry
 2:30:32.352 Warning: No components in dz\plants\clutter\c_vaccinium_tall.p3d:geometry
 2:30:32.352 Warning: No components in dz\plants\clutter\l_large_pile.p3d:geometry
 2:30:32.352 Warning: No components in dz\plants\clutter\l_long_pile_a.p3d:geometry
 2:30:32.353 Warning: No components in dz\plants\clutter\l_long_pile_b.p3d:geometry
 2:30:32.353 Warning: No components in dz\plants\clutter\l_plane.p3d:geometry
 2:30:32.353 Warning: No components in dz\plants\clutter\l_plane_long.p3d:geometry
 2:30:32.353 Warning: No components in dz\plants\clutter\p_articum.p3d:geometry
 2:30:32.353 Warning: No components in dz\plants\clutter\p_helianthus.p3d:geometry
 2:30:32.353 Warning: No components in dz\plants\clutter\p_heracleum.p3d:geometry
 2:30:32.354 Warning: No components in dz\plants\clutter\p_urtica.p3d:geometry
 2:30:32.578 Warning: No components in dz\plants_bliss\building\ivy_a.p3d:geometry
 2:30:32.578 Warning: No components in dz\plants_bliss\building\ivy_b.p3d:geometry
 2:30:32.578 Warning: No components in dz\plants_bliss\building\ivy_c.p3d:geometry
 2:30:32.578 Warning: No components in dz\plants_bliss\building\ivy_c2.p3d:geometry
 2:30:32.579 Warning: No components in dz\plants_bliss\building\ivy_d.p3d:geometry
 2:30:32.579 Warning: No components in dz\plants_bliss\building\ivy_dry_a.p3d:geometry
 2:30:32.579 Warning: No components in dz\plants_bliss\building\ivy_dry_b.p3d:geometry
 2:30:32.579 Warning: No components in dz\plants_bliss\building\ivy_dry_c.p3d:geometry
 2:30:32.579 Warning: No components in dz\plants_bliss\building\ivy_dry_d.p3d:geometry
 2:30:32.579 Warning: No components in dz\plants_bliss\building\ivy_dry_e.p3d:geometry
 2:30:32.579 Warning: No components in dz\plants_bliss\building\ivy_dry_f.p3d:geometry
 2:30:32.579 Warning: No components in dz\plants_bliss\building\ivy_dry_g.p3d:geometry
 2:30:32.579 Warning: No components in dz\plants_bliss\building\ivy_dry_h.p3d:geometry
 2:30:32.579 Warning: No components in dz\plants_bliss\building\ivy_dry_i.p3d:geometry
 2:30:32.579 Warning: No components in dz\plants_bliss\building\ivy_dry_j.p3d:geometry
 2:30:32.579 Warning: No components in dz\plants_bliss\building\ivy_f.p3d:geometry
 2:30:32.579 Warning: No components in dz\plants_bliss\building\ivy_g.p3d:geometry
 2:30:32.579 Warning: No components in dz\plants_bliss\building\ivy_h.p3d:geometry
 2:30:32.580 Warning: No components in dz\plants_bliss\building\ivy_i.p3d:geometry
 2:30:32.580 Warning: No components in dz\plants_bliss\building\ivy_j.p3d:geometry
 2:30:32.580 Warning: No components in dz\plants_bliss\building\ivy_k.p3d:geometry
 2:30:32.580 Warning: No components in dz\plants_bliss\building\ivy_l.p3d:geometry
 2:30:32.580 Warning: No components in dz\plants_bliss\building\ivy_m.p3d:geometry
 2:30:32.580 Warning: No components in dz\plants_bliss\building\ivy_n.p3d:geometry
 2:30:32.580 Warning: No components in dz\plants_bliss\building\ivy_o.p3d:geometry
 2:30:32.580 Warning: No components in dz\plants_bliss\building\ivy_p.p3d:geometry
 2:30:32.580 Warning: No components in dz\plants_bliss\building\ivy_r.p3d:geometry
 2:30:32.580 Warning: No components in dz\plants_bliss\building\ivy_roof_a.p3d:geometry
 2:30:32.580 Warning: No components in dz\plants_bliss\building\ivy_roof_b.p3d:geometry
 2:30:32.580 Warning: No components in dz\plants_bliss\building\ivy_s.p3d:geometry
 2:30:32.580 Warning: No components in dz\plants_bliss\building\ivy_special_a.p3d:geometry
 2:30:32.580 Warning: No components in dz\plants_bliss\building\ivy_special_b.p3d:geometry
 2:30:32.581 Warning: No components in dz\plants_bliss\building\ivy_special_c.p3d:geometry
 2:30:32.581 Warning: No components in dz\plants_bliss\building\ivy_special_d.p3d:geometry
 2:30:32.581 Warning: No components in dz\plants_bliss\building\ivy_special_e.p3d:geometry
 2:30:32.581 Warning: No components in dz\plants_bliss\building\ivy_special_f.p3d:geometry
 2:30:32.581 Warning: No components in dz\plants_bliss\building\ivy_t.p3d:geometry
 2:30:32.582 Warning: No components in dz\plants_bliss\building\ivy_u.p3d:geometry
 2:30:32.582 Warning: No components in dz\plants_bliss\building\ivy_v.p3d:geometry
 2:30:32.582 Warning: No components in dz\plants_bliss\building\ivy_x.p3d:geometry
 2:30:32.582 Warning: No components in dz\plants_bliss\building\poison_ivy.p3d:geometry
 2:30:32.585 Warning: No components in dz\plants_bliss\clutter\c_beech_big_summer.p3d:geometry
 2:30:32.585 Warning: No components in dz\plants_bliss\clutter\c_beech_mid_summer.p3d:geometry
 2:30:32.585 Warning: No components in dz\plants_bliss\clutter\c_beech_small_summer.p3d:geometry
 2:30:32.586 Warning: No components in dz\plants_bliss\clutter\c_branchesbig_picea_summer.p3d:geometry
 2:30:32.586 Warning: No components in dz\plants_bliss\clutter\c_branches_deciduous_summer.p3d:geometry
 2:30:32.586 Warning: No components in dz\plants_bliss\clutter\c_branches_picea_summer.p3d:geometry
 2:30:32.586 Warning: No components in dz\plants_bliss\clutter\c_concretegrass_bunch_summer.p3d:geometry
 2:30:32.586 Warning: No components in dz\plants_bliss\clutter\c_cones_summer.p3d:geometry
 2:30:32.586 Warning: No components in dz\plants_bliss\clutter\c_dirtgrass_bunch_summer.p3d:geometry
 2:30:32.586 Warning: No components in dz\plants_bliss\clutter\c_elytrigiadirt_summer.p3d:geometry
 2:30:32.586 Warning: No components in dz\plants_bliss\clutter\c_elytrigiatall2_summer.p3d:geometry
 2:30:32.586 Warning: No components in dz\plants_bliss\clutter\c_elytrigiatall_summer.p3d:geometry
 2:30:32.586 Warning: No components in dz\plants_bliss\clutter\c_elytrigia_green_summer.p3d:geometry
 2:30:32.586 Warning: No components in dz\plants_bliss\clutter\c_elytrigia_summer.p3d:geometry
 2:30:32.586 Warning: No components in dz\plants_bliss\clutter\c_ferntall_summer.p3d:geometry
 2:30:32.586 Warning: No components in dz\plants_bliss\clutter\c_fern_summer.p3d:geometry
 2:30:32.586 Warning: No components in dz\plants_bliss\clutter\c_grassanthoxanthum_bended_summer.p3d:geometry
 2:30:32.586 Warning: No components in dz\plants_bliss\clutter\c_grassanthoxanthum_summer.p3d:geometry
 2:30:32.586 Warning: No components in dz\plants_bliss\clutter\c_grassbasecarduus_f_summer.p3d:geometry
 2:30:32.586 Warning: No components in dz\plants_bliss\clutter\c_grassbasehypericum_summer.p3d:geometry
 2:30:32.587 Warning: No components in dz\plants_bliss\clutter\c_grasscropcarduus_f_summer.p3d:geometry
 2:30:32.587 Warning: No components in dz\plants_bliss\clutter\c_grasscrophypericum_summer.p3d:geometry
 2:30:32.587 Warning: No components in dz\plants_bliss\clutter\c_grassdry2_summer.p3d:geometry
 2:30:32.587 Warning: No components in dz\plants_bliss\clutter\c_grassdry3_summer.p3d:geometry
 2:30:32.587 Warning: No components in dz\plants_bliss\clutter\c_grassdrycarduus_f_summer.p3d:geometry
 2:30:32.587 Warning: No components in dz\plants_bliss\clutter\c_grassdryhypericum_summer.p3d:geometry
 2:30:32.588 Warning: No components in dz\plants_bliss\clutter\c_grassdryplant1_summer.p3d:geometry
 2:30:32.588 Warning: No components in dz\plants_bliss\clutter\c_grassdrytall2_summer.p3d:geometry
 2:30:32.588 Warning: No components in dz\plants_bliss\clutter\c_grassdrytall3_summer.p3d:geometry
 2:30:32.588 Warning: No components in dz\plants_bliss\clutter\c_grassdrytall_summer.p3d:geometry
 2:30:32.588 Warning: No components in dz\plants_bliss\clutter\c_grassdry_summer.p3d:geometry
 2:30:32.588 Warning: No components in dz\plants_bliss\clutter\c_grassflowerspurpleshort_summer.p3d:geometry
 2:30:32.589 Warning: No components in dz\plants_bliss\clutter\c_grassflowerspurpletall_summer.p3d:geometry
 2:30:32.589 Warning: No components in dz\plants_bliss\clutter\c_grassflowerspurple_summer.p3d:geometry
 2:30:32.589 Warning: No components in dz\plants_bliss\clutter\c_grassflowerswhiteshort_summer.p3d:geometry
 2:30:32.589 Warning: No components in dz\plants_bliss\clutter\c_grassflowerswhitetall_summer.p3d:geometry
 2:30:32.589 Warning: No components in dz\plants_bliss\clutter\c_grassflowerswhite_summer.p3d:geometry
 2:30:32.589 Warning: No components in dz\plants_bliss\clutter\c_grassflowersyellowshort_summer.p3d:geometry
 2:30:32.589 Warning: No components in dz\plants_bliss\clutter\c_grassflowersyellowtall_summer.p3d:geometry
 2:30:32.589 Warning: No components in dz\plants_bliss\clutter\c_grassflowersyellow_summer.p3d:geometry
 2:30:32.589 Warning: No components in dz\plants_bliss\clutter\c_grasslow_summer.p3d:geometry
 2:30:32.589 Warning: No components in dz\plants_bliss\clutter\c_grassplant1_summer.p3d:geometry
 2:30:32.589 Warning: No components in dz\plants_bliss\clutter\c_grassplant2_summer.p3d:geometry
 2:30:32.589 Warning: No components in dz\plants_bliss\clutter\c_grasssmallconc_summer.p3d:geometry
 2:30:32.589 Warning: No components in dz\plants_bliss\clutter\c_grasssmall_summer.p3d:geometry
 2:30:32.590 Warning: No components in dz\plants_bliss\clutter\c_grasstall2_summer.p3d:geometry
 2:30:32.590 Warning: No components in dz\plants_bliss\clutter\c_grasstall3_summer.p3d:geometry
 2:30:32.590 Warning: No components in dz\plants_bliss\clutter\c_grasstinyconc_summer.p3d:geometry
 2:30:32.590 Warning: No components in dz\plants_bliss\clutter\c_grasstiny_summer.p3d:geometry
 2:30:32.590 Warning: No components in dz\plants_bliss\clutter\c_grass_flower1_summer.p3d:geometry
 2:30:32.590 Warning: No components in dz\plants_bliss\clutter\c_grass_summer.p3d:geometry
 2:30:32.590 Warning: No components in dz\plants_bliss\clutter\c_leaves_dead_half_summer.p3d:geometry
 2:30:32.590 Warning: No components in dz\plants_bliss\clutter\c_leaves_dead_summer.p3d:geometry
 2:30:32.590 Warning: No components in dz\plants_bliss\clutter\c_pines_summer.p3d:geometry
 2:30:32.590 Warning: No components in dz\plants_bliss\clutter\c_plantssmall1_summer.p3d:geometry
 2:30:32.590 Warning: No components in dz\plants_bliss\clutter\c_plantssmall2_summer.p3d:geometry
 2:30:32.590 Warning: No components in dz\plants_bliss\clutter\c_stubble_summer.p3d:geometry
 2:30:32.591 Warning: No components in dz\plants_bliss\clutter\c_vaccinium_summer.p3d:geometry
 2:30:32.591 Warning: No components in dz\plants_bliss\clutter\c_wheat1_summer.p3d:geometry
 2:30:32.591 Warning: No components in dz\plants_bliss\clutter\c_wheat2.p3d:geometry
 2:30:32.591 Warning: No components in dz\plants_bliss\clutter\c_wheattall_summer.p3d:geometry
 2:30:32.591 Warning: No components in dz\plants_bliss\clutter\c_wheat_summer.p3d:geometry
 2:30:32.758 Convex "component04" selection faces are less then 4 in dz\rocks\rock_bright_spike3.p3d:geometry
 2:30:32.759 Convex "component04" selection faces are less then 4 in dz\rocks\rock_bright_spike3.p3d:geometryFire
 2:30:32.882 Warning: No components in dz\structures\furniture\bathroom\bathroom_sign_m.p3d:geometry
 2:30:32.882 Warning: No components in dz\structures\furniture\bathroom\bathroom_sign_w.p3d:geometry
 2:30:32.894 Warning: No components in dz\structures\industrial\cementworks\proxy\cementworks_milla_bricks.p3d:geometry
 2:30:32.896 PerfWarning: Way too much components (636) in dz\structures\industrial\cementworks\proxy\cementworks_milla_bricks.p3d:geometryFire
 2:30:32.896 Warning: No components in dz\structures\industrial\cementworks\proxy\cementworks_milla_bricks.p3d:geometryView
 2:30:32.901 Warning: No components in dz\structures\industrial\cementworks\proxy\cementworks_milla_metal.p3d:geometry
 2:30:32.903 Convex "component851" selection faces are less then 4 in dz\structures\industrial\cementworks\proxy\cementworks_milla_metal.p3d:geometryFire
 2:30:32.903 PerfWarning: Way too much components (844) in dz\structures\industrial\cementworks\proxy\cementworks_milla_metal.p3d:geometryFire
 2:30:32.903 Warning: No components in dz\structures\industrial\cementworks\proxy\cementworks_milla_metal.p3d:geometryView
 2:30:32.924 Warning: No components in dz\structures\industrial\cementworks\proxy\ground_garbage_long_fix.p3d:geometry
 2:30:32.924 Warning: No components in dz\structures\industrial\cementworks\proxy\ground_garbage_square7_fix.p3d:geometry
 2:30:32.925 Warning: No components in dz\structures\industrial\cementworks\proxy\misc_pallet.p3d:geometryFire
 2:30:32.946 Warning: No components in dz\structures\industrial\farms\proxy\barn_metal_lod1_proxy.p3d:geometry
 2:30:32.946 Warning: No components in dz\structures\industrial\farms\proxy\barn_metal_lod1_proxy.p3d:geometryView
 2:30:32.948 Warning: No components in dz\structures\industrial\farms\proxy\boxy_c.p3d:geometry
 2:30:32.948 Warning: No components in dz\structures\industrial\farms\proxy\boxy_c.p3d:geometryFire
 2:30:32.948 Warning: No components in dz\structures\industrial\farms\proxy\boxy_c.p3d:geometryView
 2:30:32.954 Warning: No components in dz\structures\industrial\houses\proxy\housev2_03_int.p3d:geometry
 2:30:32.955 PerfWarning: Way too much components (633) in dz\structures\industrial\houses\proxy\housev2_03_int.p3d:geometryFire
 2:30:32.955 Warning: No components in dz\structures\industrial\houses\proxy\housev2_03_int.p3d:geometryView
 2:30:32.958 Warning: No components in dz\structures\industrial\power\power_hv_line_turn.p3d:geometry
 2:30:32.970 PerfWarning: Way too much components (1336) in dz\structures\military\airfield\proxy\mainframe.p3d:geometryFire
 2:30:32.988 PerfWarning: Way too much components (513) in dz\structures\military\airfield\proxy\wires.p3d:geometryFire
 2:30:32.991 Warning: No components in dz\structures\military\improvised\mil_camonet_roof_nato.p3d:geometryView
 2:30:32.994 Warning: No components in dz\structures\military\improvised\proxy\tent_big2.p3d:geometry
 2:30:33.02  Warning: No components in dz\structures\military\tisy\proxy\garbage.p3d:geometry
 2:30:33.07  PerfWarning: Way too much components (574) in dz\structures\military\tisy\proxy\pipes.p3d:geometryFire
 2:30:33.15  Warning: No components in dz\structures\military\tisy\proxy\radarplatform_20m_railing.p3d:geometry
 2:30:33.16  Warning: No components in dz\structures\military\tisy\proxy\radar_extra_parts.p3d:geometry
 2:30:33.17  Warning: No components in dz\structures\military\tisy\proxy\radar_extra_parts_02.p3d:geometry
 2:30:33.29  Convex "component317" selection faces are less then 4 in dz\structures\military\tisy\proxy\tisy_barracks_windows.p3d:geometryFire
 2:30:33.29  Convex "component321" selection faces are less then 4 in dz\structures\military\tisy\proxy\tisy_barracks_windows.p3d:geometryFire
 2:30:33.29  Convex "component358" selection faces are less then 4 in dz\structures\military\tisy\proxy\tisy_barracks_windows.p3d:geometryFire
 2:30:33.29  Convex "component455" selection faces are less then 4 in dz\structures\military\tisy\proxy\tisy_barracks_windows.p3d:geometryFire
 2:30:33.29  Convex "component488" selection faces are less then 4 in dz\structures\military\tisy\proxy\tisy_barracks_windows.p3d:geometryFire
 2:30:33.29  Convex "component649" selection faces are less then 4 in dz\structures\military\tisy\proxy\tisy_barracks_windows.p3d:geometryFire
 2:30:33.29  Convex "component650" selection faces are less then 4 in dz\structures\military\tisy\proxy\tisy_barracks_windows.p3d:geometryFire
 2:30:33.29  Convex "component653" selection faces are less then 4 in dz\structures\military\tisy\proxy\tisy_barracks_windows.p3d:geometryFire
 2:30:33.29  Convex "component655" selection faces are less then 4 in dz\structures\military\tisy\proxy\tisy_barracks_windows.p3d:geometryFire
 2:30:33.29  Convex "component657" selection faces are less then 4 in dz\structures\military\tisy\proxy\tisy_barracks_windows.p3d:geometryFire
 2:30:33.29  Convex "component659" selection faces are less then 4 in dz\structures\military\tisy\proxy\tisy_barracks_windows.p3d:geometryFire
 2:30:33.30  PerfWarning: Way too much components (764) in dz\structures\military\tisy\proxy\tisy_barracks_windows.p3d:geometryFire
 2:30:33.33  Warning: No components in dz\structures\military\tisy\proxy\tisy_barracks_windows2.p3d:geometryFire
 2:30:33.34  Warning: No components in dz\structures\military\tisy\proxy\windows.p3d:geometry
 2:30:33.36  Warning: No components in dz\structures\proxy_buildingparts\barricading\door_planks_01.p3d:geometry
 2:30:33.36  Warning: No components in dz\structures\proxy_buildingparts\barricading\door_planks_01.p3d:geometryView
 2:30:33.36  Warning: No components in dz\structures\proxy_buildingparts\house\housev2_02_window.p3d:geometry
 2:30:33.36  Warning: No components in dz\structures\proxy_buildingparts\ladders\ladder_long_proxy.p3d:geometry
 2:30:33.36  Warning: No components in dz\structures\proxy_buildingparts\ladders\ladder_medium_proxy.p3d:geometry
 2:30:33.36  Warning: No components in dz\structures\proxy_buildingparts\ladders\ladder_short_proxy.p3d:geometry
 2:30:33.36  Warning: No components in dz\structures\proxy_buildingparts\ladders\ladder_top_proxy.p3d:geometry
 2:30:33.36  Warning: No components in dz\structures\proxy_buildingparts\lightningcond\lightningconductorbottom\lightningconductorbottom.p3d:geometryView
 2:30:33.37  Warning: No components in dz\structures\proxy_buildingparts\lightningcond\lightningconductorconnection\lightningconductorconnection.p3d:geometryFire
 2:30:33.37  Warning: No components in dz\structures\proxy_buildingparts\lightningcond\lightningconductorconnection\lightningconductorconnection.p3d:geometryView
 2:30:33.37  Warning: No components in dz\structures\proxy_buildingparts\lightningcond\lightningconductorcorner\lightningconductorcorner.p3d:geometryFire
 2:30:33.37  Warning: No components in dz\structures\proxy_buildingparts\lightningcond\lightningconductorcorner\lightningconductorcorner.p3d:geometryView
 2:30:33.37  Warning: No components in dz\structures\proxy_buildingparts\lightningcond\lightningconductormiddle\lightningconductormiddle.p3d:geometryFire
 2:30:33.37  Warning: No components in dz\structures\proxy_buildingparts\lightningcond\lightningconductormiddle\lightningconductormiddle.p3d:geometryView
 2:30:33.37  Warning: No components in dz\structures\proxy_buildingparts\lightningcond\lightningconductormiddle\lightningconductormiddleshort.p3d:geometryFire
 2:30:33.37  Warning: No components in dz\structures\proxy_buildingparts\lightningcond\lightningconductormiddle\lightningconductormiddleshort.p3d:geometryView
 2:30:33.41  Warning: No components in dz\structures\residential\firedep\proxy\city_firestation_int.p3d:geometry
 2:30:33.42  Warning: No components in dz\structures\residential\firedep\proxy\windows.p3d:geometry
 2:30:33.45  Warning: No components in dz\structures\residential\medical\proxy\lightningcond_a_hospital.p3d:geometryFire
 2:30:33.45  Warning: No components in dz\structures\residential\medical\proxy\lightningcond_a_hospital.p3d:geometryView
 2:30:33.46  Warning: No components in dz\structures\residential\medical\proxy\medical_tent_frame.p3d:geometryFire
 2:30:33.46  Warning: No components in dz\structures\residential\medical\proxy\showertent_furniture.p3d:geometry
 2:30:33.55  PerfWarning: Way too much components (506) in dz\structures\residential\offices\proxy\a_office02_metalbars.p3d:geometryFire
 2:30:33.61  Warning: No components in dz\structures\residential\offices\proxy\municipaloffice2_details_proxy.p3d:geometry
 2:30:33.63  PerfWarning: Way too much components (1024) in dz\structures\residential\offices\proxy\municipaloffice2_details_proxy.p3d:geometryFire
 2:30:33.63  Warning: No components in dz\structures\residential\offices\proxy\municipaloffice2_details_proxy.p3d:geometryView
 2:30:33.67  Warning: No components in dz\structures\residential\offices\proxy\municipaloffice2_int.p3d:geometry
 2:30:33.69  PerfWarning: Way too much components (707) in dz\structures\residential\offices\proxy\municipaloffice2_int.p3d:geometryFire
 2:30:33.69  Warning: No components in dz\structures\residential\offices\proxy\municipaloffice2_int.p3d:geometryView
 2:30:33.69  Warning: No components in dz\structures\residential\offices\proxy\windowhall.p3d:geometryView
 2:30:33.70  Warning: No components in dz\structures\residential\offices\proxy\zarivky.p3d:geometry
 2:30:33.72  Warning: No components in dz\structures\residential\schools\proxy\school_details.p3d:geometry
 2:30:33.72  Warning: No components in dz\structures\residential\schools\proxy\school_details.p3d:geometryView
 2:30:33.81  PerfWarning: Way too much components (1187) in dz\structures\residential\schools\proxy\school_exterior_proxy.p3d:geometryFire
 2:30:33.82  Warning: No components in dz\structures\residential\schools\proxy\school_interior.p3d:geometry
 2:30:33.82  Warning: No components in dz\structures\residential\schools\proxy\school_sign.p3d:geometry
 2:30:33.82  Warning: No components in dz\structures\residential\schools\proxy\school_sign.p3d:geometryView
 2:30:33.83  Warning: No components in dz\structures\residential\schools\proxy\windows.p3d:geometry
 2:30:33.85  Warning: No components in dz\structures\residential\tenements\proxy\balcony_rail.p3d:geometry
 2:30:33.85  Warning: No components in dz\structures\residential\tenements\proxy\balcony_rail.p3d:geometryView
 2:30:33.88  Warning: No components in dz\structures\residential\tenements\proxy\tb_big_doorsframe_extract.p3d:geometry
 2:30:33.90  Warning: No components in dz\structures\residential\tenements\proxy\tb_big_ladders.p3d:geometryView
 2:30:33.96  Warning: No components in dz\structures\residential\tenements\proxy\tenement_big_win.p3d:geometryView
 2:30:33.96  Warning: No components in dz\structures\residential\tenements\proxy\tenement_big_win_single.p3d:geometryView
 2:30:33.97  Warning: No components in dz\structures\roads\decals\decal_concrete_panel.p3d:geometry
 2:30:33.98  Warning: No components in dz\structures\roads\parts\city_6_crosswalk.p3d:geometry
 2:30:33.98  Warning Message: Cannot open object dz\structures\roads\parts\city_circle.p3d
 2:30:33.101 Warning: No components in dz\structures\ruins\rubble_dirtpile_small.p3d:geometry
 2:30:33.102 PerfWarning: Way too much components (660) in dz\structures\ruins\rubble_dirtpile_small.p3d:geometryFire
 2:30:33.175 Warning: No components in dz\structures\signs\misc\sign_areoclub.p3d:geometry
 2:30:33.190 Warning: No components in dz\structures\signs\misc\sign_decal_gov1.p3d:geometry
 2:30:33.190 Warning: No components in dz\structures\signs\misc\sign_decal_govschool.p3d:geometry
 2:30:33.190 Warning: No components in dz\structures\signs\misc\sign_decal_pubcz1.p3d:geometry
 2:30:33.190 Warning: No components in dz\structures\signs\misc\sign_decal_pubcz2.p3d:geometry
 2:30:33.190 Warning: No components in dz\structures\signs\misc\sign_decal_pubcz3.p3d:geometry
 2:30:33.190 Warning: No components in dz\structures\signs\misc\sign_decal_pubru1.p3d:geometry
 2:30:33.191 Warning: No components in dz\structures\signs\misc\sign_decal_pubru2.p3d:geometry
 2:30:33.191 Warning: No components in dz\structures\signs\misc\sign_decal_pubru3.p3d:geometry
 2:30:33.192 Warning: No components in dz\structures\signs\misc\sign_pub_village.p3d:geometry
 2:30:33.205 Warning: No components in dz\structures\signs\misc\sign_roof_crr.p3d:geometryView
 2:30:33.271 Warning: No components in dz\structures\signs\tourist\trailmap_youarehere.p3d:geometry
 2:30:33.320 Warning: No components in dz\structures\specific\hotel\proxy\houseb_tenement_dayz_proxy.p3d:geometry
 2:30:33.324 Warning: No components in dz\structures\specific\lunapark\proxy\lunapark_autodrome_roof_lod1_lod2.p3d:geometry
 2:30:33.324 Warning: No components in dz\structures\specific\lunapark\proxy\lunapark_autodrome_scafolding_lod1.p3d:geometry
 2:30:33.326 Warning: No components in dz\structures\specific\lunapark\proxy\swan_carousel_spindle.p3d:geometry
 2:30:33.326 Warning: No components in dz\structures\specific\lunapark\proxy\swan_carousel_stairs.p3d:geometry
 2:30:33.326 Warning: No components in dz\structures\specific\lunapark\proxy\swan_carousel_stairs.p3d:geometryFire
 2:30:33.326 Warning: No components in dz\structures\specific\lunapark\proxy\swan_carousel_stairs.p3d:geometryView
 2:30:33.326 Warning: No components in dz\structures\specific\lunapark\proxy\swan_carousel_trailer.p3d:geometry
 2:30:33.326 Warning: No components in dz\structures\specific\lunapark\proxy\swan_carousel_trailer.p3d:geometryFire
 2:30:33.326 Warning: No components in dz\structures\specific\lunapark\proxy\swan_carousel_trailer.p3d:geometryView
 2:30:33.332 PerfWarning: Way too much components (656) in dz\structures\specific\prison\proxy\prison_maincastle_bars.p3d:geometry
 2:30:33.333 PerfWarning: Way too much components (656) in dz\structures\specific\prison\proxy\prison_maincastle_bars.p3d:geometryFire
 2:30:33.340 Warning: No components in dz\structures\specific\prison\proxy\prison_maincastle_windows.p3d:geometry
 2:30:33.343 PerfWarning: Way too much components (904) in dz\structures\specific\prison\proxy\prison_maincastle_windows.p3d:geometryFire
 2:30:33.343 Warning: No components in dz\structures\specific\prison\proxy\prison_maincastle_windows.p3d:geometryView
 2:30:33.346 Warning: No components in dz\structures\specific\prison\proxy\prison_maincastle_windows_02.p3d:geometry
 2:30:33.347 PerfWarning: Way too much components (624) in dz\structures\specific\prison\proxy\prison_maincastle_windows_02.p3d:geometryFire
 2:30:33.357 PerfWarning: Way too much components (626) in dz\structures\specific\prison\proxy\prison_main_int_stairs.p3d:geometry
 2:30:33.359 PerfWarning: Way too much components (834) in dz\structures\specific\prison\proxy\prison_main_int_stairs.p3d:geometryFire
 2:30:33.360 PerfWarning: Way too much components (626) in dz\structures\specific\prison\proxy\prison_main_int_stairs.p3d:geometryView
 2:30:33.370 PerfWarning: Way too much components (810) in dz\structures\specific\prison\proxy\prison_shadow_interior.p3d:geometry
 2:30:33.372 PerfWarning: Way too much components (781) in dz\structures\specific\prison\proxy\prison_shadow_interior.p3d:geometryView
 2:30:33.384 Warning: No components in dz\structures\specific\prison\proxy\prison_sidebuilding_windowsmall.p3d:geometry
 2:30:33.394 Warning: No components in dz\structures\wrecks\ships\proxy\abandoned_ship_lifebuoy.p3d:geometry
 2:30:33.404 PerfWarning: Way too much components (897) in dz\structures\wrecks\ships\proxy\aship_int_piping_1.p3d:geometry
 2:30:33.410 PerfWarning: Way too much components (937) in dz\structures\wrecks\ships\proxy\aship_int_piping_2.p3d:geometry
 2:30:33.416 PerfWarning: Way too much components (749) in dz\structures\wrecks\ships\proxy\beams_back_a.p3d:geometryFire
 2:30:33.422 PerfWarning: Way too much components (778) in dz\structures\wrecks\ships\proxy\beams_back_b.p3d:geometryFire
 2:30:33.422 Warning: No components in dz\structures\wrecks\ships\proxy\beams_castle.p3d:geometry
 2:30:33.428 PerfWarning: Way too much components (688) in dz\structures\wrecks\ships\proxy\beams_front_a.p3d:geometryFire
 2:30:33.436 PerfWarning: Way too much components (1253) in dz\structures\wrecks\ships\proxy\beams_front_b.p3d:geometryFire
 2:30:33.438 Warning: No components in dz\structures\wrecks\ships\proxy\covers_back_a.p3d:geometry
 2:30:33.442 PerfWarning: Way too much components (682) in dz\structures\wrecks\ships\proxy\covers_front_b.p3d:geometryFire
 2:30:33.452 Warning: No components in dz\structures\wrecks\vehicles\proxy\police_beacon.p3d:geometry
 2:30:33.468 Warning: No components in dz\structures_bliss\residential\houses\proxy\house_1w13_dam_proxy_overgrowth.p3d:geometry
 2:30:33.473 Warning: No components in dz\structures_bliss\roads\panels\panels_concrete_small.p3d:geometry
 2:30:33.473 Warning: No components in dz\structures_bliss\roads\panels\panel_concrete_small_1.p3d:geometry
 2:30:33.473 Warning: No components in dz\structures_bliss\roads\panels\panel_concrete_small_2.p3d:geometry
 2:30:33.474 Warning: No components in dz\structures_bliss\roads\panels\panel_concrete_small_dam.p3d:geometry
 2:30:33.474 Warning: No components in dz\structures_bliss\roads\parts\asf1enoch_12.p3d:geometry
 2:30:33.474 Warning: No components in dz\structures_bliss\roads\parts\asf1enoch_25.p3d:geometry
 2:30:33.474 Warning: No components in dz\structures_bliss\roads\parts\asf1enoch_6.p3d:geometry
 2:30:33.475 Warning: No components in dz\structures_bliss\roads\parts\asf1enoch_6konec.p3d:geometry
 2:30:33.475 Warning: No components in dz\structures_bliss\roads\parts\asf2enoch_12.p3d:geometry
 2:30:33.476 Warning: No components in dz\structures_bliss\roads\parts\asf2enoch_25.p3d:geometry
 2:30:33.476 Warning: No components in dz\structures_bliss\roads\parts\asf2enoch_6.p3d:geometry
 2:30:33.476 Warning: No components in dz\structures_bliss\roads\parts\asf2enoch_6konec.p3d:geometry
 2:30:33.476 Warning: No components in dz\structures_bliss\roads\parts\mudenoch_12.p3d:geometry
 2:30:33.476 Warning: No components in dz\structures_bliss\roads\parts\mudenoch_25.p3d:geometry
 2:30:33.476 Warning: No components in dz\structures_bliss\roads\parts\mudenoch_6.p3d:geometry
 2:30:33.477 Warning: No components in dz\structures_bliss\roads\parts\mudenoch_6konec.p3d:geometry
 2:30:33.477 Warning: No components in dz\structures_bliss\roads\parts\pathenoch_dirt_10.p3d:geometry
 2:30:33.477 Warning: No components in dz\structures_bliss\roads\parts\pathenoch_dirt_30.p3d:geometry
 2:30:33.477 Warning: No components in dz\structures_bliss\roads\parts\pathenoch_dirt_curve.p3d:geometry
 2:30:33.477 Warning: No components in dz\structures_bliss\roads\parts\pathenoch_rock_10.p3d:geometry
 2:30:33.477 Warning: No components in dz\structures_bliss\roads\parts\pathenoch_rock_30.p3d:geometry
 2:30:33.477 Warning: No components in dz\structures_bliss\roads\parts\pathenoch_rock_curve.p3d:geometry
 2:30:33.550 Warning Message: Cannot open object dz\structures_bliss\wrecks\vehicles\proxies\wheels.p3d
 2:30:33.550 Warning: No components in dz\vehicles\parts\aircraft_battery.p3d:geometry
 2:30:33.550 Warning: No components in dz\vehicles\parts\air_oil_bottle.p3d:geometry
 2:30:33.550 Warning: No components in dz\vehicles\parts\aviator_spark_plug.p3d:geometry
 2:30:33.552 Warning: No components in dz\vehicles\parts\belt.p3d:geometry
 2:30:33.552 Warning: No components in dz\vehicles\parts\belt.p3d:geometryView
 2:30:33.553 Warning: No components in dz\vehicles\parts\helicopter_battery.p3d:geometry
 2:30:33.553 Warning: No components in dz\vehicles\parts\hydraulic_fluid_bottle.p3d:geometry
 2:30:33.553 Warning: No components in dz\vehicles\parts\hydraulic_hoses.p3d:geometry
 2:30:33.553 Warning: No components in dz\vehicles\parts\hydraulic_hoses.p3d:geometryFire
 2:30:33.553 Warning: No components in dz\vehicles\parts\igniter_plug.p3d:geometry
 2:30:33.555 Warning: No components in dz\vehicles\parts\windscreen_box.p3d:geometry
 2:30:33.556 Warning: No components in dz\vehicles\wheeled\civiliansedan\proxy\prox_int.p3d:geometry
 2:30:33.556 Warning: No components in dz\vehicles\wheeled\civiliansedan\proxy\prox_int.p3d:geometryFire
 2:30:33.556 Warning: No components in dz\vehicles\wheeled\civiliansedan\proxy\prox_int.p3d:geometryView
 2:30:33.556 Warning: No components in dz\vehicles\wheeled\civiliansedan\proxy\prox_int_aban_1.p3d:geometry
 2:30:33.556 Warning: No components in dz\vehicles\wheeled\civiliansedan\proxy\prox_int_aban_2.p3d:geometry
 2:30:33.556 Warning: No components in dz\vehicles\wheeled\civiliansedan\proxy\prox_int_aban_3.p3d:geometry
 2:30:33.556 Warning: No components in dz\vehicles\wheeled\civiliansedan\proxy\sedan_engine.p3d:geometry
 2:30:33.556 Warning: No components in dz\vehicles\wheeled\civiliansedan\proxy\sedan_engine.p3d:geometryFire
 2:30:33.556 Warning: No components in dz\vehicles\wheeled\civiliansedan\proxy\sedan_engine.p3d:geometryView
 2:30:33.556 Warning: No components in dz\vehicles\wheeled\civiliansedan\proxy\sedan_engine_aban.p3d:geometry
 2:30:33.556 Warning: No components in dz\vehicles\wheeled\civiliansedan\proxy\sedan_engine_aban.p3d:geometryFire
 2:30:33.556 Warning: No components in dz\vehicles\wheeled\civiliansedan\proxy\sedan_engine_aban.p3d:geometryView
 2:30:33.562 Warning: No components in dz\vehicles\wheeled\hatchback_02\proxy\hatchback_02_engine.p3d:geometry
 2:30:33.562 Warning: No components in dz\vehicles\wheeled\hatchback_02\proxy\hatchback_02_engine.p3d:geometryFire
 2:30:33.562 Warning: No components in dz\vehicles\wheeled\hatchback_02\proxy\hatchback_02_engine.p3d:geometryView
 2:30:33.563 Warning: No components in dz\vehicles\wheeled\hatchback_02\proxy\hatchback_02_engine_aban.p3d:geometry
 2:30:33.563 Warning: No components in dz\vehicles\wheeled\hatchback_02\proxy\hatchback_02_engine_aban.p3d:geometryFire
 2:30:33.563 Warning: No components in dz\vehicles\wheeled\hatchback_02\proxy\hatchback_02_engine_aban.p3d:geometryView
 2:30:33.563 Warning: No components in dz\vehicles\wheeled\hatchback_02\proxy\hatchback_02_interior.p3d:geometry
 2:30:33.563 Warning: No components in dz\vehicles\wheeled\hatchback_02\proxy\hatchback_02_interior_aban.p3d:geometry
 2:30:33.563 Warning: No components in dz\vehicles\wheeled\offroadhatchback\proxy\nivaengine.p3d:geometry
 2:30:33.563 Warning: No components in dz\vehicles\wheeled\offroadhatchback\proxy\nivaengine.p3d:geometryView
 2:30:33.563 Warning: No components in dz\vehicles\wheeled\offroadhatchback\proxy\nivaengine_aban.p3d:geometry
 2:30:33.563 Warning: No components in dz\vehicles\wheeled\offroadhatchback\proxy\nivaengine_aban.p3d:geometryView
 2:30:33.564 Warning: No components in dz\vehicles\wheeled\offroadhatchback\proxy\nivainterior.p3d:geometry
 2:30:33.565 Warning: No components in dz\vehicles\wheeled\offroadhatchback\proxy\niva_interior_aban.p3d:geometry
 2:30:33.566 Warning: No components in dz\vehicles\wheeled\sedan_02\proxy\sedan_02_glass2.p3d:geometryFire
 2:30:33.566 Warning: No components in dz\vehicles\wheeled\sedan_02\proxy\sedan_02_interior.p3d:geometryFire
 2:30:33.566 Warning: No components in dz\vehicles\wheeled\sedan_02\proxy\sedan_02_interior.p3d:geometryView
 2:30:33.566 Warning: No components in dz\vehicles\wheeled\sedan_02\proxy\sedan_02_interior_old.p3d:geometryFire
 2:30:33.566 Warning: No components in dz\vehicles\wheeled\sedan_02\proxy\sedan_02_interior_old.p3d:geometryView
 2:30:33.575 Warning: No components in dz\vehicles\wheeled\transitbus\proxy\ikarusdetails.p3d:geometry
 2:30:33.575 Warning: No components in dz\vehicles\wheeled\transitbus\proxy\ikarusdetails.p3d:geometryFire
 2:30:33.575 Warning: No components in dz\vehicles\wheeled\transitbus\proxy\ikarusdetails.p3d:geometryView
 2:30:33.576 Warning: No components in dz\vehicles\wheeled\transitbus\proxy\ikarusinterior.p3d:geometry
 2:30:33.576 Warning: No components in dz\vehicles\wheeled\transitbus\proxy\ikarusinterior.p3d:geometryFire
 2:30:33.576 Warning: No components in dz\vehicles\wheeled\transitbus\proxy\ikarusinterior.p3d:geometryView
 2:30:33.578 Warning: No components in dz\vehicles\wheeled\transitbus\proxy\transitbus_glass1.p3d:geometry
 2:30:33.578 Warning: No components in dz\vehicles\wheeled\transitbus\proxy\transitbus_glass1.p3d:geometryFire
 2:30:33.578 Warning: No components in dz\vehicles\wheeled\transitbus\proxy\transitbus_glass1.p3d:geometryView
 2:30:33.578 Warning: No components in dz\vehicles\wheeled\transitbus\proxy\transitbus_glass2.p3d:geometry
 2:30:33.578 Warning: No components in dz\vehicles\wheeled\transitbus\proxy\transitbus_glass2.p3d:geometryFire
 2:30:33.578 Warning: No components in dz\vehicles\wheeled\transitbus\proxy\transitbus_glass2.p3d:geometryView
 2:30:33.579 Warning: No components in dz\vehicles\wheeled\transitbus\proxy\transitbus_glassparts.p3d:geometry
 2:30:33.579 Warning: No components in dz\vehicles\wheeled\transitbus\proxy\transitbus_glassparts.p3d:geometryFire
 2:30:33.579 Warning: No components in dz\vehicles\wheeled\transitbus\proxy\transitbus_glassparts.p3d:geometryView
 2:30:33.579 Warning: No components in dz\vehicles\wheeled\transitbus\proxy_big\ikarusdetails.p3d:geometry
 2:30:33.579 Warning: No components in dz\vehicles\wheeled\transitbus\proxy_big\ikarusdetails.p3d:geometryFire
 2:30:33.579 Warning: No components in dz\vehicles\wheeled\transitbus\proxy_big\ikarusdetails.p3d:geometryView
 2:30:33.580 Warning: No components in dz\vehicles\wheeled\transitbus\proxy_big\ikarusinterior.p3d:geometry
 2:30:33.580 Warning: No components in dz\vehicles\wheeled\transitbus\proxy_big\ikarusinterior.p3d:geometryFire
 2:30:33.580 Warning: No components in dz\vehicles\wheeled\transitbus\proxy_big\ikarusinterior.p3d:geometryView
 2:30:33.581 Warning: No components in dz\vehicles\wheeled\transitbus\proxy_big\transitbus_glass1.p3d:geometry
 2:30:33.581 Warning: No components in dz\vehicles\wheeled\transitbus\proxy_big\transitbus_glass1.p3d:geometryFire
 2:30:33.581 Warning: No components in dz\vehicles\wheeled\transitbus\proxy_big\transitbus_glass1.p3d:geometryView
 2:30:33.582 Warning: No components in dz\vehicles\wheeled\transitbus\proxy_big\transitbus_glass2.p3d:geometry
 2:30:33.582 Warning: No components in dz\vehicles\wheeled\transitbus\proxy_big\transitbus_glass2.p3d:geometryFire
 2:30:33.582 Warning: No components in dz\vehicles\wheeled\transitbus\proxy_big\transitbus_glass2.p3d:geometryView
 2:30:33.582 Warning: No components in dz\vehicles\wheeled\transitbus\proxy_big\transitbus_glassparts.p3d:geometry
 2:30:33.582 Warning: No components in dz\vehicles\wheeled\transitbus\proxy_big\transitbus_glassparts.p3d:geometryFire
 2:30:33.582 Warning: No components in dz\vehicles\wheeled\transitbus\proxy_big\transitbus_glassparts.p3d:geometryView
 2:30:33.585 Warning: No components in dz\vehicles\wheeled\truck_01\proxy\truck_01_engine.p3d:geometry
 2:30:33.585 Warning: No components in dz\vehicles\wheeled\truck_01\proxy\truck_01_engine.p3d:geometryView
 2:30:33.586 Warning: No components in dz\vehicles\wheeled\truck_01\proxy\truck_01_glass_1.p3d:geometry
 2:30:33.586 Warning: No components in dz\vehicles\wheeled\truck_01\proxy\truck_01_glass_1.p3d:geometryView
 2:30:33.586 Warning: No components in dz\vehicles\wheeled\truck_01\proxy\truck_01_glass_2.p3d:geometry
 2:30:33.586 Warning: No components in dz\vehicles\wheeled\truck_01\proxy\truck_01_glass_2.p3d:geometryView
 2:30:33.586 Warning: No components in dz\vehicles\wheeled\truck_01\proxy\truck_01_glass_details.p3d:geometry
 2:30:33.586 Warning: No components in dz\vehicles\wheeled\truck_01\proxy\truck_01_glass_details.p3d:geometryView
 2:30:33.589 Warning: No components in dz\vehicles\wheeled\truck_02\proxy\truck_02_cabin.p3d:geometry
 2:30:33.590 Warning: No components in dz\vehicles\wheeled\truck_02\proxy\truck_02_interior.p3d:geometry
 2:30:33.595 Warning: No components in dz\vehicles\wheeled\van_01\proxy\van_01_door_1_1.p3d:geometry
 2:30:33.597 Warning: No components in dz\vehicles\wheeled\van_01\proxy\van_01_interior.p3d:geometry
 2:30:33.598 Warning: No components in dz\water\ponds\pond_big_29_01.p3d:geometry
 2:30:33.598 Warning: No components in dz\water\ponds\pond_big_29_02.p3d:geometry
 2:30:33.598 Warning: No components in dz\water\ponds\pond_big_29_03.p3d:geometry
 2:30:33.598 Warning: No components in dz\water\ponds\pond_big_29_04.p3d:geometry
 2:30:33.598 Warning: No components in dz\water\ponds\pond_big_30_01.p3d:geometry
 2:30:33.598 Warning: No components in dz\water\ponds\pond_big_30_02.p3d:geometry
 2:30:33.598 Warning: No components in dz\water\ponds\pond_big_30_03.p3d:geometry
 2:30:33.598 Warning: No components in dz\water\ponds\pond_big_30_04.p3d:geometry
 2:30:33.598 Warning: No components in dz\water\ponds\pond_big_31_01.p3d:geometry
 2:30:33.598 Warning: No components in dz\water\ponds\pond_big_31_02.p3d:geometry
 2:30:33.598 Warning: No components in dz\water\ponds\pond_big_31_03.p3d:geometry
 2:30:33.600 Warning: No components in dz\water\ponds\pond_big_31_04.p3d:geometry
 2:30:33.600 Warning: No components in dz\water\ponds\pond_big_33_01.p3d:geometry
 2:30:33.600 Warning: No components in dz\water\ponds\pond_big_33_02.p3d:geometry
 2:30:33.600 Warning: No components in dz\water\ponds\pond_big_33_03.p3d:geometry
 2:30:33.600 Warning: No components in dz\water\ponds\pond_big_34_01.p3d:geometry
 2:30:33.600 Warning: No components in dz\water\ponds\pond_big_34_02.p3d:geometry
 2:30:33.600 Warning: No components in dz\water\ponds\pond_big_34_03.p3d:geometry
 2:30:33.601 Warning: No components in dz\water\ponds\pond_big_34_04.p3d:geometry
 2:30:33.601 Warning: No components in dz\water\ponds\pond_big_35_01.p3d:geometry
 2:30:33.601 Warning: No components in dz\water\ponds\pond_big_35_02.p3d:geometry
 2:30:33.602 Warning: No components in dz\water\ponds\pond_big_36_01.p3d:geometry
 2:30:33.602 Warning: No components in dz\water\ponds\pond_big_36_02.p3d:geometry
 2:30:33.602 Warning: No components in dz\water\ponds\pond_big_36_03.p3d:geometry
 2:30:33.602 Warning: No components in dz\water\ponds\pond_big_36_04.p3d:geometry
 2:30:33.602 Warning: No components in dz\water\ponds\pond_big_37_01.p3d:geometry
 2:30:33.602 Warning: No components in dz\water\ponds\pond_big_37_02.p3d:geometry
 2:30:33.603 Warning: No components in dz\water\ponds\pond_big_37_03.p3d:geometry
 2:30:33.603 Warning: No components in dz\water\ponds\pond_big_37_04.p3d:geometry
 2:30:33.603 Warning: No components in dz\water\ponds\pond_big_38_01.p3d:geometry
 2:30:33.603 Warning: No components in dz\water\ponds\pond_big_38_02.p3d:geometry
 2:30:33.603 Warning: No components in dz\water\ponds\pond_big_38_03.p3d:geometry
 2:30:33.603 Warning: No components in dz\water\ponds\pond_big_38_04.p3d:geometry
 2:30:33.603 Warning: No components in dz\water\ponds\pond_big_39_01.p3d:geometry
 2:30:33.603 Warning: No components in dz\water\ponds\pond_big_39_02.p3d:geometry
 2:30:33.604 Warning: No components in dz\water\ponds\pond_big_39_03.p3d:geometry
 2:30:33.604 Warning: No components in dz\water\ponds\pond_big_39_04.p3d:geometry
 2:30:33.604 Warning: No components in dz\water\ponds\pond_big_40_01.p3d:geometry
 2:30:33.604 Warning: No components in dz\water\ponds\pond_big_40_02.p3d:geometry
 2:30:33.604 Warning: No components in dz\water\ponds\pond_big_40_03.p3d:geometry
 2:30:33.604 Warning: No components in dz\water\ponds\pond_big_40_04.p3d:geometry
 2:30:33.605 Warning: No components in dz\water\ponds\pond_big_41_01.p3d:geometry
 2:30:33.605 Warning: No components in dz\water\ponds\pond_big_41_02.p3d:geometry
 2:30:33.606 Warning: No components in dz\water\ponds\pond_big_41_03.p3d:geometry
 2:30:33.606 Warning: No components in dz\water\ponds\pond_big_41_04.p3d:geometry
 2:30:33.606 Warning: No components in dz\water\ponds\pond_big_41_05.p3d:geometry
 2:30:33.606 Warning: No components in dz\water\ponds\pond_big_42_01.p3d:geometry
 2:30:33.606 Warning: No components in dz\water\ponds\pond_big_42_02.p3d:geometry
 2:30:33.606 Warning: No components in dz\water\ponds\pond_big_42_03.p3d:geometry
 2:30:33.606 Warning: No components in dz\water\ponds\pond_big_42_04.p3d:geometry
 2:30:33.606 Warning: No components in dz\water\ponds\pond_big_42_05.p3d:geometry
 2:30:33.606 Warning: No components in dz\water\ponds\pond_big_42_06.p3d:geometry
 2:30:33.606 Warning: No components in dz\water\ponds\pond_big_42_07.p3d:geometry
 2:30:33.607 Warning: No components in dz\water\ponds\pond_big_42_08.p3d:geometry
 2:30:33.607 Warning: No components in dz\water\ponds\pond_big_42_09.p3d:geometry
 2:30:33.607 Warning: No components in dz\water\ponds\pond_big_42_10.p3d:geometry
 2:30:33.607 Warning: No components in dz\water\ponds\pond_big_42_11.p3d:geometry
 2:30:33.608 Warning: No components in dz\water\ponds\pond_big_42_12.p3d:geometry
 2:30:33.608 Warning: No components in dz\water\ponds\pond_big_42_13.p3d:geometry
 2:30:33.608 Warning: No components in dz\water\ponds\pond_big_42_14.p3d:geometry
 2:30:33.608 Warning: No components in dz\water\ponds\pond_big_42_15.p3d:geometry
 2:30:33.608 Warning: No components in dz\water\ponds\pond_big_42_16.p3d:geometry
 2:30:33.609 Warning: No components in dz\water\ponds\pond_big_42_17.p3d:geometry
 2:30:33.609 Warning: No components in dz\water\ponds\pond_big_42_18.p3d:geometry
 2:30:33.609 Warning: No components in dz\water\ponds\pond_big_42_19.p3d:geometry
 2:30:33.609 Warning: No components in dz\water\ponds\pond_big_42_20.p3d:geometry
 2:30:33.609 Warning: No components in dz\water\ponds\pond_big_44.p3d:geometry
 2:30:33.610 Warning: No components in dz\water\ponds\pond_big_ly_1.p3d:geometry
 2:30:33.610 Warning: No components in dz\water\ponds\pond_big_ly_10.p3d:geometry
 2:30:33.610 Warning: No components in dz\water\ponds\pond_big_ly_11.p3d:geometry
 2:30:33.610 Warning: No components in dz\water\ponds\pond_big_ly_2.p3d:geometry
 2:30:33.610 Warning: No components in dz\water\ponds\pond_big_ly_3.p3d:geometry
 2:30:33.610 Warning: No components in dz\water\ponds\pond_big_ly_4.p3d:geometry
 2:30:33.610 Warning: No components in dz\water\ponds\pond_big_ly_5.p3d:geometry
 2:30:33.610 Warning: No components in dz\water\ponds\pond_big_ly_6.p3d:geometry
 2:30:33.610 Warning: No components in dz\water\ponds\pond_big_ly_7.p3d:geometry
 2:30:33.610 Warning: No components in dz\water\ponds\pond_big_ly_8.p3d:geometry
 2:30:33.610 Warning: No components in dz\water\ponds\pond_big_ly_9.p3d:geometry
 2:30:33.610 Warning: No components in dz\water\ponds\pond_severogd_novo_down.p3d:geometry
 2:30:33.610 Warning: No components in dz\water\ponds\pond_small_01.p3d:geometry
 2:30:33.610 Warning: No components in dz\water\ponds\pond_small_02.p3d:geometry
 2:30:33.610 Warning: No components in dz\water\ponds\pond_small_03.p3d:geometry
 2:30:33.610 Warning: No components in dz\water\ponds\pond_small_04.p3d:geometry
 2:30:33.611 Warning: No components in dz\water\ponds\pond_small_05.p3d:geometry
 2:30:33.611 Warning: No components in dz\water\ponds\pond_small_06.p3d:geometry
 2:30:33.611 Warning: No components in dz\water\ponds\pond_small_08.p3d:geometry
 2:30:33.611 Warning: No components in dz\water\ponds\pond_small_09.p3d:geometry
 2:30:33.611 Warning: No components in dz\water\ponds\pond_small_10.p3d:geometry
 2:30:33.612 Warning: No components in dz\water\ponds\pond_small_11.p3d:geometry
 2:30:33.612 Warning: No components in dz\water\ponds\pond_small_12.p3d:geometry
 2:30:33.612 Warning: No components in dz\water\ponds\pond_small_13.p3d:geometry
 2:30:33.612 Warning: No components in dz\water\ponds\pond_small_14.p3d:geometry
 2:30:33.612 Warning: No components in dz\water\ponds\pond_small_15.p3d:geometry
 2:30:33.613 Warning: No components in dz\water\ponds\pond_small_16.p3d:geometry
 2:30:33.613 Warning: No components in dz\water\ponds\pond_small_17.p3d:geometry
 2:30:33.613 Warning: No components in dz\water\ponds\pond_small_18.p3d:geometry
 2:30:33.613 Warning: No components in dz\water\ponds\pond_small_19.p3d:geometry
 2:30:33.613 Warning: No components in dz\water\ponds\pond_small_20.p3d:geometry
 2:30:33.613 Warning: No components in dz\water\ponds\pond_small_21.p3d:geometry
 2:30:33.613 Warning: No components in dz\water\ponds\pond_small_22.p3d:geometry
 2:30:33.613 Warning: No components in dz\water\ponds\pond_small_23.p3d:geometry
 2:30:33.613 Warning: No components in dz\water\ponds\pond_small_24.p3d:geometry
 2:30:33.614 Warning: No components in dz\water\ponds\pond_small_25.p3d:geometry
 2:30:33.614 Warning: No components in dz\water\ponds\pond_small_26.p3d:geometry
 2:30:33.614 Warning: No components in dz\water\ponds\pond_small_27.p3d:geometry
 2:30:33.615 Warning: No components in dz\water\ponds\moss\pond_50x50_moss.p3d:geometry
 2:30:33.615 Warning: No components in dz\water\ponds\moss\pond_big_28_01_moss.p3d:geometry
 2:30:33.615 Warning: No components in dz\water\ponds\moss\pond_big_28_02_moss.p3d:geometry
 2:30:33.615 Warning: No components in dz\water\ponds\moss\pond_big_28_03_moss.p3d:geometry
 2:30:33.615 Warning: No components in dz\water\ponds\moss\pond_big_28_04_moss.p3d:geometry
 2:30:33.616 Warning: No components in dz\water\ponds\moss\pond_big_29_01_moss.p3d:geometry
 2:30:33.616 Warning: No components in dz\water\ponds\moss\pond_big_29_02_moss.p3d:geometry
 2:30:33.616 Warning: No components in dz\water\ponds\moss\pond_big_29_03_moss.p3d:geometry
 2:30:33.616 Warning: No components in dz\water\ponds\moss\pond_big_29_04_moss.p3d:geometry
 2:30:33.616 Warning: No components in dz\water\ponds\moss\pond_big_30_01_moss.p3d:geometry
 2:30:33.616 Warning: No components in dz\water\ponds\moss\pond_big_30_02_moss.p3d:geometry
 2:30:33.616 Warning: No components in dz\water\ponds\moss\pond_big_30_03_moss.p3d:geometry
 2:30:33.616 Warning: No components in dz\water\ponds\moss\pond_big_30_04_moss.p3d:geometry
 2:30:33.617 Warning: No components in dz\water\ponds\moss\pond_big_31_01_moss.p3d:geometry
 2:30:33.617 Warning: No components in dz\water\ponds\moss\pond_big_31_02_moss.p3d:geometry
 2:30:33.617 Warning: No components in dz\water\ponds\moss\pond_big_31_03_moss.p3d:geometry
 2:30:33.617 Warning: No components in dz\water\ponds\moss\pond_big_31_04_moss.p3d:geometry
 2:30:33.617 Warning: No components in dz\water\ponds\moss\pond_big_32_01_moss.p3d:geometry
 2:30:33.617 Warning: No components in dz\water\ponds\moss\pond_big_32_02_moss.p3d:geometry
 2:30:33.618 Warning: No components in dz\water\ponds\moss\pond_big_32_03_moss.p3d:geometry
 2:30:33.618 Warning: No components in dz\water\ponds\moss\pond_big_33_01_moss.p3d:geometry
 2:30:33.618 Warning: No components in dz\water\ponds\moss\pond_big_33_02_moss.p3d:geometry
 2:30:33.618 Warning: No components in dz\water\ponds\moss\pond_big_33_03_moss.p3d:geometry
 2:30:33.618 Warning: No components in dz\water\ponds\moss\pond_big_34_01_moss.p3d:geometry
 2:30:33.618 Warning: No components in dz\water\ponds\moss\pond_big_34_02_moss.p3d:geometry
 2:30:33.618 Warning: No components in dz\water\ponds\moss\pond_big_34_03_moss.p3d:geometry
 2:30:33.618 Warning: No components in dz\water\ponds\moss\pond_big_34_04_moss.p3d:geometry
 2:30:33.619 Warning: No components in dz\water\ponds\moss\pond_big_35_02_moss.p3d:geometry
 2:30:33.619 Warning: No components in dz\water\ponds\moss\pond_big_36_01_moss.p3d:geometry
 2:30:33.619 Warning: No components in dz\water\ponds\moss\pond_big_36_02_moss.p3d:geometry
 2:30:33.619 Warning: No components in dz\water\ponds\moss\pond_big_36_03_moss.p3d:geometry
 2:30:33.620 Warning: No components in dz\water\ponds\moss\pond_big_36_04_moss.p3d:geometry
 2:30:33.620 Warning: No components in dz\water\ponds\moss\pond_big_37_01_moss.p3d:geometry
 2:30:33.620 Warning: No components in dz\water\ponds\moss\pond_big_37_02_moss.p3d:geometry
 2:30:33.620 Warning: No components in dz\water\ponds\moss\pond_big_37_03_moss.p3d:geometry
 2:30:33.621 Warning: No components in dz\water\ponds\moss\pond_big_37_04_moss.p3d:geometry
 2:30:33.621 Warning: No components in dz\water\ponds\moss\pond_big_38_01_moss.p3d:geometry
 2:30:33.621 Warning: No components in dz\water\ponds\moss\pond_big_38_02_moss.p3d:geometry
 2:30:33.621 Warning: No components in dz\water\ponds\moss\pond_big_38_03_moss.p3d:geometry
 2:30:33.621 Warning: No components in dz\water\ponds\moss\pond_big_38_04_moss.p3d:geometry
 2:30:33.621 Warning: No components in dz\water\ponds\moss\pond_big_40_01_moss.p3d:geometry
 2:30:33.622 Warning: No components in dz\water\ponds\moss\pond_big_40_02_moss.p3d:geometry
 2:30:33.622 Warning: No components in dz\water\ponds\moss\pond_big_40_03_moss.p3d:geometry
 2:30:33.622 Warning: No components in dz\water\ponds\moss\pond_big_40_04_moss.p3d:geometry
 2:30:33.622 Warning: No components in dz\water\ponds\moss\pond_big_41_01_moss.p3d:geometry
 2:30:33.622 Warning: No components in dz\water\ponds\moss\pond_big_41_02_moss.p3d:geometry
 2:30:33.622 Warning: No components in dz\water\ponds\moss\pond_big_41_03_moss.p3d:geometry
 2:30:33.622 Warning: No components in dz\water\ponds\moss\pond_big_41_04_moss.p3d:geometry
 2:30:33.622 Warning: No components in dz\water\ponds\moss\pond_big_41_05_moss.p3d:geometry
 2:30:33.623 Warning: No components in dz\water\ponds\moss\pond_big_42_01_moss.p3d:geometry
 2:30:33.623 Warning: No components in dz\water\ponds\moss\pond_big_42_02_moss.p3d:geometry
 2:30:33.623 Warning: No components in dz\water\ponds\moss\pond_big_42_03_moss.p3d:geometry
 2:30:33.623 Warning: No components in dz\water\ponds\moss\pond_big_42_04_moss.p3d:geometry
 2:30:33.623 Warning: No components in dz\water\ponds\moss\pond_big_43_30_moss.p3d:geometry
 2:30:33.623 Warning: No components in dz\water\ponds\moss\pond_big_43_31_moss.p3d:geometry
 2:30:33.623 Warning: No components in dz\water\ponds\moss\pond_small_01_moss.p3d:geometry
 2:30:33.624 Warning: No components in dz\water\ponds\moss\pond_small_02_moss.p3d:geometry
 2:30:33.624 Warning: No components in dz\water\ponds\moss\pond_small_03_moss.p3d:geometry
 2:30:33.624 Warning: No components in dz\water\ponds\moss\pond_small_04_moss.p3d:geometry
 2:30:33.624 Warning: No components in dz\water\ponds\moss\pond_small_05_moss.p3d:geometry
 2:30:33.625 Warning: No components in dz\water\ponds\moss\pond_small_06_moss.p3d:geometry
 2:30:33.625 Warning: No components in dz\water\ponds\moss\pond_small_08_moss.p3d:geometry
 2:30:33.625 Warning: No components in dz\water\ponds\moss\pond_small_09_moss.p3d:geometry
 2:30:33.625 Warning: No components in dz\water\ponds\moss\pond_small_15_moss.p3d:geometry
 2:30:33.625 Warning: No components in dz\water\ponds\moss\pond_small_16_moss.p3d:geometry
 2:30:33.625 Warning: No components in dz\water\ponds\moss\pond_small_17_moss.p3d:geometry
 2:30:33.625 Warning: No components in dz\water\ponds\moss\pond_small_18_moss.p3d:geometry
 2:30:33.625 Warning: No components in dz\water\ponds\moss\pond_small_19_moss.p3d:geometry
 2:30:33.625 Warning: No components in dz\water\ponds\moss\pond_small_20_moss.p3d:geometry
 2:30:33.626 Warning: No components in dz\water\ponds\moss\pond_small_21_moss.p3d:geometry
 2:30:33.626 Warning: No components in dz\water\ponds\moss\pond_small_22_moss.p3d:geometry
 2:30:33.626 Warning: No components in dz\water\ponds\moss\pond_small_24_moss.p3d:geometry
 2:30:33.626 Warning: No components in dz\water\ponds\moss\pond_small_25_moss.p3d:geometry
 2:30:33.626 Warning: No components in dz\water\ponds\moss\pond_small_26_moss.p3d:geometry
 2:30:33.626 Warning: No components in dz\water\ponds\moss\pond_small_27_moss.p3d:geometry
 2:30:33.630 Warning: No components in dz\water\streambed\misc\stones_leaf_group_3.p3d:geometryFire
 2:30:33.634 Warning: No components in dz\water\streambed\misc\stones_moss_group_3.p3d:geometryFire
 2:30:33.637 Warning: No components in dz\water\streambed\misc\stones_sand_group_3.p3d:geometryFire
 2:30:33.639 Warning: No components in dz\water_bliss\ponds\enoch_50x50.p3d:geometry
 2:30:33.639 Warning: No components in dz\water_bliss\ponds\enoch_50x50_moss.p3d:geometry
 2:30:33.639 Warning: No components in dz\water_bliss\ponds\enoch_grabinskie_0.p3d:geometry
 2:30:33.639 Warning: No components in dz\water_bliss\ponds\enoch_grabinskie_1.p3d:geometry
 2:30:33.639 Warning: No components in dz\water_bliss\ponds\enoch_grabinskie_10.p3d:geometry
 2:30:33.639 Warning: No components in dz\water_bliss\ponds\enoch_grabinskie_11.p3d:geometry
 2:30:33.639 Warning: No components in dz\water_bliss\ponds\enoch_grabinskie_12.p3d:geometry
 2:30:33.639 Warning: No components in dz\water_bliss\ponds\enoch_grabinskie_13.p3d:geometry
 2:30:33.639 Warning: No components in dz\water_bliss\ponds\enoch_grabinskie_14.p3d:geometry
 2:30:33.639 Warning: No components in dz\water_bliss\ponds\enoch_grabinskie_15.p3d:geometry
 2:30:33.639 Warning: No components in dz\water_bliss\ponds\enoch_grabinskie_16.p3d:geometry
 2:30:33.639 Warning: No components in dz\water_bliss\ponds\enoch_grabinskie_17.p3d:geometry
 2:30:33.639 Warning: No components in dz\water_bliss\ponds\enoch_grabinskie_18.p3d:geometry
 2:30:33.639 Warning: No components in dz\water_bliss\ponds\enoch_grabinskie_19.p3d:geometry
 2:30:33.640 Warning: No components in dz\water_bliss\ponds\enoch_grabinskie_2.p3d:geometry
 2:30:33.640 Warning: No components in dz\water_bliss\ponds\enoch_grabinskie_20.p3d:geometry
 2:30:33.640 Warning: No components in dz\water_bliss\ponds\enoch_grabinskie_21.p3d:geometry
 2:30:33.640 Warning: No components in dz\water_bliss\ponds\enoch_grabinskie_22.p3d:geometry
 2:30:33.640 Warning: No components in dz\water_bliss\ponds\enoch_grabinskie_23.p3d:geometry
 2:30:33.640 Warning: No components in dz\water_bliss\ponds\enoch_grabinskie_24.p3d:geometry
 2:30:33.640 Warning: No components in dz\water_bliss\ponds\enoch_grabinskie_25.p3d:geometry
 2:30:33.640 Warning: No components in dz\water_bliss\ponds\enoch_grabinskie_26.p3d:geometry
 2:30:33.640 Warning: No components in dz\water_bliss\ponds\enoch_grabinskie_27.p3d:geometry
 2:30:33.640 Warning: No components in dz\water_bliss\ponds\enoch_grabinskie_28.p3d:geometry
 2:30:33.641 Warning: No components in dz\water_bliss\ponds\enoch_grabinskie_29.p3d:geometry
 2:30:33.641 Warning: No components in dz\water_bliss\ponds\enoch_grabinskie_3.p3d:geometry
 2:30:33.641 Warning: No components in dz\water_bliss\ponds\enoch_grabinskie_30.p3d:geometry
 2:30:33.641 Warning: No components in dz\water_bliss\ponds\enoch_grabinskie_31.p3d:geometry
 2:30:33.641 Warning: No components in dz\water_bliss\ponds\enoch_grabinskie_32.p3d:geometry
 2:30:33.641 Warning: No components in dz\water_bliss\ponds\enoch_grabinskie_33.p3d:geometry
 2:30:33.641 Warning: No components in dz\water_bliss\ponds\enoch_grabinskie_34.p3d:geometry
 2:30:33.641 Warning: No components in dz\water_bliss\ponds\enoch_grabinskie_35.p3d:geometry
 2:30:33.641 Warning: No components in dz\water_bliss\ponds\enoch_grabinskie_36.p3d:geometry
 2:30:33.642 Warning: No components in dz\water_bliss\ponds\enoch_grabinskie_37.p3d:geometry
 2:30:33.642 Warning: No components in dz\water_bliss\ponds\enoch_grabinskie_38.p3d:geometry
 2:30:33.642 Warning: No components in dz\water_bliss\ponds\enoch_grabinskie_39.p3d:geometry
 2:30:33.642 Warning: No components in dz\water_bliss\ponds\enoch_grabinskie_4.p3d:geometry
 2:30:33.642 Warning: No components in dz\water_bliss\ponds\enoch_grabinskie_40.p3d:geometry
 2:30:33.642 Warning: No components in dz\water_bliss\ponds\enoch_grabinskie_41.p3d:geometry
 2:30:33.642 Warning: No components in dz\water_bliss\ponds\enoch_grabinskie_42.p3d:geometry
 2:30:33.642 Warning: No components in dz\water_bliss\ponds\enoch_grabinskie_43.p3d:geometry
 2:30:33.642 Warning: No components in dz\water_bliss\ponds\enoch_grabinskie_44.p3d:geometry
 2:30:33.642 Warning: No components in dz\water_bliss\ponds\enoch_grabinskie_45.p3d:geometry
 2:30:33.642 Warning: No components in dz\water_bliss\ponds\enoch_grabinskie_46.p3d:geometry
 2:30:33.642 Warning: No components in dz\water_bliss\ponds\enoch_grabinskie_47.p3d:geometry
 2:30:33.642 Warning: No components in dz\water_bliss\ponds\enoch_grabinskie_48.p3d:geometry
 2:30:33.642 Warning: No components in dz\water_bliss\ponds\enoch_grabinskie_49.p3d:geometry
 2:30:33.642 Warning: No components in dz\water_bliss\ponds\enoch_grabinskie_5.p3d:geometry
 2:30:33.642 Warning: No components in dz\water_bliss\ponds\enoch_grabinskie_6.p3d:geometry
 2:30:33.642 Warning: No components in dz\water_bliss\ponds\enoch_grabinskie_7.p3d:geometry
 2:30:33.642 Warning: No components in dz\water_bliss\ponds\enoch_grabinskie_8.p3d:geometry
 2:30:33.642 Warning: No components in dz\water_bliss\ponds\enoch_grabinskie_9.p3d:geometry
 2:30:33.642 Warning: No components in dz\water_bliss\ponds\enoch_jantar_0.p3d:geometry
 2:30:33.642 Warning: No components in dz\water_bliss\ponds\enoch_jantar_1.p3d:geometry
 2:30:33.642 Warning: No components in dz\water_bliss\ponds\enoch_jantar_10.p3d:geometry
 2:30:33.642 Warning: No components in dz\water_bliss\ponds\enoch_jantar_11.p3d:geometry
 2:30:33.642 Warning: No components in dz\water_bliss\ponds\enoch_jantar_12.p3d:geometry
 2:30:33.642 Warning: No components in dz\water_bliss\ponds\enoch_jantar_13.p3d:geometry
 2:30:33.642 Warning: No components in dz\water_bliss\ponds\enoch_jantar_14.p3d:geometry
 2:30:33.643 Warning: No components in dz\water_bliss\ponds\enoch_jantar_15.p3d:geometry
 2:30:33.643 Warning: No components in dz\water_bliss\ponds\enoch_jantar_16.p3d:geometry
 2:30:33.643 Warning: No components in dz\water_bliss\ponds\enoch_jantar_17.p3d:geometry
 2:30:33.643 Warning: No components in dz\water_bliss\ponds\enoch_jantar_18.p3d:geometry
 2:30:33.643 Warning: No components in dz\water_bliss\ponds\enoch_jantar_19.p3d:geometry
 2:30:33.643 Warning: No components in dz\water_bliss\ponds\enoch_jantar_2.p3d:geometry
 2:30:33.643 Warning: No components in dz\water_bliss\ponds\enoch_jantar_20.p3d:geometry
 2:30:33.643 Warning: No components in dz\water_bliss\ponds\enoch_jantar_21.p3d:geometry
 2:30:33.643 Warning: No components in dz\water_bliss\ponds\enoch_jantar_22.p3d:geometry
 2:30:33.643 Warning: No components in dz\water_bliss\ponds\enoch_jantar_3.p3d:geometry
 2:30:33.643 Warning: No components in dz\water_bliss\ponds\enoch_jantar_4.p3d:geometry
 2:30:33.644 Warning: No components in dz\water_bliss\ponds\enoch_jantar_5.p3d:geometry
 2:30:33.644 Warning: No components in dz\water_bliss\ponds\enoch_jantar_6.p3d:geometry
 2:30:33.644 Warning: No components in dz\water_bliss\ponds\enoch_jantar_7.p3d:geometry
 2:30:33.644 Warning: No components in dz\water_bliss\ponds\enoch_jantar_8.p3d:geometry
 2:30:33.644 Warning: No components in dz\water_bliss\ponds\enoch_jantar_9.p3d:geometry
 2:30:33.644 Warning: No components in dz\water_bliss\ponds\enoch_male_0.p3d:geometry
 2:30:33.644 Warning: No components in dz\water_bliss\ponds\enoch_male_1.p3d:geometry
 2:30:33.644 Warning: No components in dz\water_bliss\ponds\enoch_male_2.p3d:geometry
 2:30:33.645 Warning: No components in dz\water_bliss\ponds\enoch_male_3.p3d:geometry
 2:30:33.645 Warning: No components in dz\water_bliss\ponds\enoch_sitnicke_0.p3d:geometry
 2:30:33.645 Warning: No components in dz\water_bliss\ponds\enoch_sitnicke_1.p3d:geometry
 2:30:33.645 Warning: No components in dz\water_bliss\ponds\enoch_sitnicke_10.p3d:geometry
 2:30:33.645 Warning: No components in dz\water_bliss\ponds\enoch_sitnicke_11.p3d:geometry
 2:30:33.645 Warning: No components in dz\water_bliss\ponds\enoch_sitnicke_12.p3d:geometry
 2:30:33.645 Warning: No components in dz\water_bliss\ponds\enoch_sitnicke_13.p3d:geometry
 2:30:33.645 Warning: No components in dz\water_bliss\ponds\enoch_sitnicke_14.p3d:geometry
 2:30:33.645 Warning: No components in dz\water_bliss\ponds\enoch_sitnicke_15.p3d:geometry
 2:30:33.645 Warning: No components in dz\water_bliss\ponds\enoch_sitnicke_16.p3d:geometry
 2:30:33.645 Warning: No components in dz\water_bliss\ponds\enoch_sitnicke_17.p3d:geometry
 2:30:33.645 Warning: No components in dz\water_bliss\ponds\enoch_sitnicke_18.p3d:geometry
 2:30:33.645 Warning: No components in dz\water_bliss\ponds\enoch_sitnicke_19.p3d:geometry
 2:30:33.645 Warning: No components in dz\water_bliss\ponds\enoch_sitnicke_2.p3d:geometry
 2:30:33.645 Warning: No components in dz\water_bliss\ponds\enoch_sitnicke_20.p3d:geometry
 2:30:33.645 Warning: No components in dz\water_bliss\ponds\enoch_sitnicke_21.p3d:geometry
 2:30:33.645 Warning: No components in dz\water_bliss\ponds\enoch_sitnicke_22.p3d:geometry
 2:30:33.645 Warning: No components in dz\water_bliss\ponds\enoch_sitnicke_23.p3d:geometry
 2:30:33.645 Warning: No components in dz\water_bliss\ponds\enoch_sitnicke_24.p3d:geometry
 2:30:33.645 Warning: No components in dz\water_bliss\ponds\enoch_sitnicke_25.p3d:geometry
 2:30:33.645 Warning: No components in dz\water_bliss\ponds\enoch_sitnicke_26.p3d:geometry
 2:30:33.645 Warning: No components in dz\water_bliss\ponds\enoch_sitnicke_27.p3d:geometry
 2:30:33.645 Warning: No components in dz\water_bliss\ponds\enoch_sitnicke_28.p3d:geometry
 2:30:33.645 Warning: No components in dz\water_bliss\ponds\enoch_sitnicke_29.p3d:geometry
 2:30:33.645 Warning: No components in dz\water_bliss\ponds\enoch_sitnicke_3.p3d:geometry
 2:30:33.646 Warning: No components in dz\water_bliss\ponds\enoch_sitnicke_30.p3d:geometry
 2:30:33.646 Warning: No components in dz\water_bliss\ponds\enoch_sitnicke_31.p3d:geometry
 2:30:33.646 Warning: No components in dz\water_bliss\ponds\enoch_sitnicke_32.p3d:geometry
 2:30:33.646 Warning: No components in dz\water_bliss\ponds\enoch_sitnicke_33.p3d:geometry
 2:30:33.646 Warning: No components in dz\water_bliss\ponds\enoch_sitnicke_34.p3d:geometry
 2:30:33.646 Warning: No components in dz\water_bliss\ponds\enoch_sitnicke_35.p3d:geometry
 2:30:33.646 Warning: No components in dz\water_bliss\ponds\enoch_sitnicke_36.p3d:geometry
 2:30:33.646 Warning: No components in dz\water_bliss\ponds\enoch_sitnicke_37.p3d:geometry
 2:30:33.647 Warning: No components in dz\water_bliss\ponds\enoch_sitnicke_38.p3d:geometry
 2:30:33.647 Warning: No components in dz\water_bliss\ponds\enoch_sitnicke_39.p3d:geometry
 2:30:33.647 Warning: No components in dz\water_bliss\ponds\enoch_sitnicke_4.p3d:geometry
 2:30:33.647 Warning: No components in dz\water_bliss\ponds\enoch_sitnicke_40.p3d:geometry
 2:30:33.647 Warning: No components in dz\water_bliss\ponds\enoch_sitnicke_41.p3d:geometry
 2:30:33.647 Warning: No components in dz\water_bliss\ponds\enoch_sitnicke_42.p3d:geometry
 2:30:33.647 Warning: No components in dz\water_bliss\ponds\enoch_sitnicke_43.p3d:geometry
 2:30:33.647 Warning: No components in dz\water_bliss\ponds\enoch_sitnicke_44.p3d:geometry
 2:30:33.647 Warning: No components in dz\water_bliss\ponds\enoch_sitnicke_45.p3d:geometry
 2:30:33.647 Warning: No components in dz\water_bliss\ponds\enoch_sitnicke_46.p3d:geometry
 2:30:33.647 Warning: No components in dz\water_bliss\ponds\enoch_sitnicke_47.p3d:geometry
 2:30:33.647 Warning: No components in dz\water_bliss\ponds\enoch_sitnicke_48.p3d:geometry
 2:30:33.648 Warning: No components in dz\water_bliss\ponds\enoch_sitnicke_49.p3d:geometry
 2:30:33.648 Warning: No components in dz\water_bliss\ponds\enoch_sitnicke_5.p3d:geometry
 2:30:33.648 Warning: No components in dz\water_bliss\ponds\enoch_sitnicke_50.p3d:geometry
 2:30:33.648 Warning: No components in dz\water_bliss\ponds\enoch_sitnicke_51.p3d:geometry
 2:30:33.648 Warning: No components in dz\water_bliss\ponds\enoch_sitnicke_52.p3d:geometry
 2:30:33.648 Warning: No components in dz\water_bliss\ponds\enoch_sitnicke_53.p3d:geometry
 2:30:33.648 Warning: No components in dz\water_bliss\ponds\enoch_sitnicke_54.p3d:geometry
 2:30:33.648 Warning: No components in dz\water_bliss\ponds\enoch_sitnicke_55.p3d:geometry
 2:30:33.648 Warning: No components in dz\water_bliss\ponds\enoch_sitnicke_56.p3d:geometry
 2:30:33.648 Warning: No components in dz\water_bliss\ponds\enoch_sitnicke_57.p3d:geometry
 2:30:33.648 Warning: No components in dz\water_bliss\ponds\enoch_sitnicke_58.p3d:geometry
 2:30:33.648 Warning: No components in dz\water_bliss\ponds\enoch_sitnicke_59.p3d:geometry
 2:30:33.648 Warning: No components in dz\water_bliss\ponds\enoch_sitnicke_6.p3d:geometry
 2:30:33.648 Warning: No components in dz\water_bliss\ponds\enoch_sitnicke_60.p3d:geometry
 2:30:33.648 Warning: No components in dz\water_bliss\ponds\enoch_sitnicke_61.p3d:geometry
 2:30:33.648 Warning: No components in dz\water_bliss\ponds\enoch_sitnicke_62.p3d:geometry
 2:30:33.648 Warning: No components in dz\water_bliss\ponds\enoch_sitnicke_7.p3d:geometry
 2:30:33.648 Warning: No components in dz\water_bliss\ponds\enoch_sitnicke_8.p3d:geometry
 2:30:33.648 Warning: No components in dz\water_bliss\ponds\enoch_sitnicke_9.p3d:geometry
 2:30:33.648 Warning: No components in dz\water_bliss\ponds\enoch_wolisko_1.p3d:geometry
 2:30:33.648 Warning: No components in dz\water_bliss\ponds\enoch_wolisko_10.p3d:geometry
 2:30:33.648 Warning: No components in dz\water_bliss\ponds\enoch_wolisko_11.p3d:geometry
 2:30:33.648 Warning: No components in dz\water_bliss\ponds\enoch_wolisko_12.p3d:geometry
 2:30:33.648 Warning: No components in dz\water_bliss\ponds\enoch_wolisko_13.p3d:geometry
 2:30:33.649 Warning: No components in dz\water_bliss\ponds\enoch_wolisko_14.p3d:geometry
 2:30:33.649 Warning: No components in dz\water_bliss\ponds\enoch_wolisko_15.p3d:geometry
 2:30:33.649 Warning: No components in dz\water_bliss\ponds\enoch_wolisko_16.p3d:geometry
 2:30:33.649 Warning: No components in dz\water_bliss\ponds\enoch_wolisko_17.p3d:geometry
 2:30:33.649 Warning: No components in dz\water_bliss\ponds\enoch_wolisko_18.p3d:geometry
 2:30:33.649 Warning: No components in dz\water_bliss\ponds\enoch_wolisko_19.p3d:geometry
 2:30:33.649 Warning: No components in dz\water_bliss\ponds\enoch_wolisko_2.p3d:geometry
 2:30:33.649 Warning: No components in dz\water_bliss\ponds\enoch_wolisko_20.p3d:geometry
 2:30:33.649 Warning: No components in dz\water_bliss\ponds\enoch_wolisko_21.p3d:geometry
 2:30:33.649 Warning: No components in dz\water_bliss\ponds\enoch_wolisko_22.p3d:geometry
 2:30:33.649 Warning: No components in dz\water_bliss\ponds\enoch_wolisko_23.p3d:geometry
 2:30:33.649 Warning: No components in dz\water_bliss\ponds\enoch_wolisko_24.p3d:geometry
 2:30:33.649 Warning: No components in dz\water_bliss\ponds\enoch_wolisko_25.p3d:geometry
 2:30:33.649 Warning: No components in dz\water_bliss\ponds\enoch_wolisko_26.p3d:geometry
 2:30:33.650 Warning: No components in dz\water_bliss\ponds\enoch_wolisko_27.p3d:geometry
 2:30:33.650 Warning: No components in dz\water_bliss\ponds\enoch_wolisko_28.p3d:geometry
 2:30:33.650 Warning: No components in dz\water_bliss\ponds\enoch_wolisko_29.p3d:geometry
 2:30:33.650 Warning: No components in dz\water_bliss\ponds\enoch_wolisko_3.p3d:geometry
 2:30:33.650 Warning: No components in dz\water_bliss\ponds\enoch_wolisko_30.p3d:geometry
 2:30:33.650 Warning: No components in dz\water_bliss\ponds\enoch_wolisko_31.p3d:geometry
 2:30:33.650 Warning: No components in dz\water_bliss\ponds\enoch_wolisko_32.p3d:geometry
 2:30:33.650 Warning: No components in dz\water_bliss\ponds\enoch_wolisko_33.p3d:geometry
 2:30:33.650 Warning: No components in dz\water_bliss\ponds\enoch_wolisko_34.p3d:geometry
 2:30:33.650 Warning: No components in dz\water_bliss\ponds\enoch_wolisko_35.p3d:geometry
 2:30:33.650 Warning: No components in dz\water_bliss\ponds\enoch_wolisko_36.p3d:geometry
 2:30:33.650 Warning: No components in dz\water_bliss\ponds\enoch_wolisko_38.p3d:geometry
 2:30:33.650 Warning: No components in dz\water_bliss\ponds\enoch_wolisko_39.p3d:geometry
 2:30:33.650 Warning: No components in dz\water_bliss\ponds\enoch_wolisko_4.p3d:geometry
 2:30:33.651 Warning: No components in dz\water_bliss\ponds\enoch_wolisko_40.p3d:geometry
 2:30:33.651 Warning: No components in dz\water_bliss\ponds\enoch_wolisko_41.p3d:geometry
 2:30:33.651 Warning: No components in dz\water_bliss\ponds\enoch_wolisko_42.p3d:geometry
 2:30:33.651 Warning: No components in dz\water_bliss\ponds\enoch_wolisko_43.p3d:geometry
 2:30:33.651 Warning: No components in dz\water_bliss\ponds\enoch_wolisko_5.p3d:geometry
 2:30:33.651 Warning: No components in dz\water_bliss\ponds\enoch_wolisko_6.p3d:geometry
 2:30:33.651 Warning: No components in dz\water_bliss\ponds\enoch_wolisko_7.p3d:geometry
 2:30:33.651 Warning: No components in dz\water_bliss\ponds\enoch_wolisko_8.p3d:geometry
 2:30:33.651 Warning: No components in dz\water_bliss\ponds\enoch_wolisko_9.p3d:geometry
 2:30:33.652 Warning: No components in dz\water_bliss\river\enoch_river_0.p3d:geometry
 2:30:33.652 Warning: No components in dz\water_bliss\river\enoch_river_1.p3d:geometry
 2:30:33.652 Warning: No components in dz\water_bliss\river\enoch_river_10.p3d:geometry
 2:30:33.652 Warning: No components in dz\water_bliss\river\enoch_river_100.p3d:geometry
 2:30:33.652 Warning: No components in dz\water_bliss\river\enoch_river_101.p3d:geometry
 2:30:33.652 Warning: No components in dz\water_bliss\river\enoch_river_102.p3d:geometry
 2:30:33.652 Warning: No components in dz\water_bliss\river\enoch_river_103.p3d:geometry
 2:30:33.652 Warning: No components in dz\water_bliss\river\enoch_river_104.p3d:geometry
 2:30:33.652 Warning: No components in dz\water_bliss\river\enoch_river_105.p3d:geometry
 2:30:33.652 Warning: No components in dz\water_bliss\river\enoch_river_106.p3d:geometry
 2:30:33.652 Warning: No components in dz\water_bliss\river\enoch_river_107.p3d:geometry
 2:30:33.652 Warning: No components in dz\water_bliss\river\enoch_river_108.p3d:geometry
 2:30:33.652 Warning: No components in dz\water_bliss\river\enoch_river_109.p3d:geometry
 2:30:33.652 Warning: No components in dz\water_bliss\river\enoch_river_11.p3d:geometry
 2:30:33.652 Warning: No components in dz\water_bliss\river\enoch_river_110.p3d:geometry
 2:30:33.652 Warning: No components in dz\water_bliss\river\enoch_river_111.p3d:geometry
 2:30:33.652 Warning: No components in dz\water_bliss\river\enoch_river_112.p3d:geometry
 2:30:33.652 Warning: No components in dz\water_bliss\river\enoch_river_113.p3d:geometry
 2:30:33.652 Warning: No components in dz\water_bliss\river\enoch_river_114.p3d:geometry
 2:30:33.652 Warning: No components in dz\water_bliss\river\enoch_river_115.p3d:geometry
 2:30:33.652 Warning: No components in dz\water_bliss\river\enoch_river_116.p3d:geometry
 2:30:33.652 Warning: No components in dz\water_bliss\river\enoch_river_117.p3d:geometry
 2:30:33.652 Warning: No components in dz\water_bliss\river\enoch_river_118.p3d:geometry
 2:30:33.653 Warning: No components in dz\water_bliss\river\enoch_river_119.p3d:geometry
 2:30:33.653 Warning: No components in dz\water_bliss\river\enoch_river_12.p3d:geometry
 2:30:33.653 Warning: No components in dz\water_bliss\river\enoch_river_120.p3d:geometry
 2:30:33.653 Warning: No components in dz\water_bliss\river\enoch_river_121.p3d:geometry
 2:30:33.653 Warning: No components in dz\water_bliss\river\enoch_river_122.p3d:geometry
 2:30:33.653 Warning: No components in dz\water_bliss\river\enoch_river_123.p3d:geometry
 2:30:33.653 Warning: No components in dz\water_bliss\river\enoch_river_124.p3d:geometry
 2:30:33.653 Warning: No components in dz\water_bliss\river\enoch_river_125.p3d:geometry
 2:30:33.653 Warning: No components in dz\water_bliss\river\enoch_river_126.p3d:geometry
 2:30:33.653 Warning: No components in dz\water_bliss\river\enoch_river_127.p3d:geometry
 2:30:33.653 Warning: No components in dz\water_bliss\river\enoch_river_128.p3d:geometry
 2:30:33.654 Warning: No components in dz\water_bliss\river\enoch_river_129.p3d:geometry
 2:30:33.654 Warning: No components in dz\water_bliss\river\enoch_river_13.p3d:geometry
 2:30:33.654 Warning: No components in dz\water_bliss\river\enoch_river_130.p3d:geometry
 2:30:33.654 Warning: No components in dz\water_bliss\river\enoch_river_131.p3d:geometry
 2:30:33.654 Warning: No components in dz\water_bliss\river\enoch_river_132.p3d:geometry
 2:30:33.654 Warning: No components in dz\water_bliss\river\enoch_river_133.p3d:geometry
 2:30:33.654 Warning: No components in dz\water_bliss\river\enoch_river_134.p3d:geometry
 2:30:33.654 Warning: No components in dz\water_bliss\river\enoch_river_135.p3d:geometry
 2:30:33.654 Warning: No components in dz\water_bliss\river\enoch_river_136.p3d:geometry
 2:30:33.654 Warning: No components in dz\water_bliss\river\enoch_river_137.p3d:geometry
 2:30:33.655 Warning: No components in dz\water_bliss\river\enoch_river_138.p3d:geometry
 2:30:33.655 Warning: No components in dz\water_bliss\river\enoch_river_139.p3d:geometry
 2:30:33.655 Warning: No components in dz\water_bliss\river\enoch_river_14.p3d:geometry
 2:30:33.655 Warning: No components in dz\water_bliss\river\enoch_river_140.p3d:geometry
 2:30:33.655 Warning: No components in dz\water_bliss\river\enoch_river_141.p3d:geometry
 2:30:33.655 Warning: No components in dz\water_bliss\river\enoch_river_142.p3d:geometry
 2:30:33.655 Warning: No components in dz\water_bliss\river\enoch_river_143.p3d:geometry
 2:30:33.655 Warning: No components in dz\water_bliss\river\enoch_river_144.p3d:geometry
 2:30:33.655 Warning: No components in dz\water_bliss\river\enoch_river_145.p3d:geometry
 2:30:33.655 Warning: No components in dz\water_bliss\river\enoch_river_146.p3d:geometry
 2:30:33.655 Warning: No components in dz\water_bliss\river\enoch_river_147.p3d:geometry
 2:30:33.655 Warning: No components in dz\water_bliss\river\enoch_river_148.p3d:geometry
 2:30:33.655 Warning: No components in dz\water_bliss\river\enoch_river_149.p3d:geometry
 2:30:33.655 Warning: No components in dz\water_bliss\river\enoch_river_15.p3d:geometry
 2:30:33.655 Warning: No components in dz\water_bliss\river\enoch_river_150.p3d:geometry
 2:30:33.655 Warning: No components in dz\water_bliss\river\enoch_river_151.p3d:geometry
 2:30:33.655 Warning: No components in dz\water_bliss\river\enoch_river_152.p3d:geometry
 2:30:33.655 Warning: No components in dz\water_bliss\river\enoch_river_153.p3d:geometry
 2:30:33.655 Warning: No components in dz\water_bliss\river\enoch_river_154.p3d:geometry
 2:30:33.655 Warning: No components in dz\water_bliss\river\enoch_river_155.p3d:geometry
 2:30:33.655 Warning: No components in dz\water_bliss\river\enoch_river_156.p3d:geometry
 2:30:33.656 Warning: No components in dz\water_bliss\river\enoch_river_157.p3d:geometry
 2:30:33.656 Warning: No components in dz\water_bliss\river\enoch_river_158.p3d:geometry
 2:30:33.656 Warning: No components in dz\water_bliss\river\enoch_river_159.p3d:geometry
 2:30:33.656 Warning: No components in dz\water_bliss\river\enoch_river_16.p3d:geometry
 2:30:33.656 Warning: No components in dz\water_bliss\river\enoch_river_160.p3d:geometry
 2:30:33.656 Warning: No components in dz\water_bliss\river\enoch_river_161.p3d:geometry
 2:30:33.656 Warning: No components in dz\water_bliss\river\enoch_river_162.p3d:geometry
 2:30:33.656 Warning: No components in dz\water_bliss\river\enoch_river_163.p3d:geometry
 2:30:33.656 Warning: No components in dz\water_bliss\river\enoch_river_164.p3d:geometry
 2:30:33.657 Warning: No components in dz\water_bliss\river\enoch_river_165.p3d:geometry
 2:30:33.657 Warning: No components in dz\water_bliss\river\enoch_river_166.p3d:geometry
 2:30:33.657 Warning: No components in dz\water_bliss\river\enoch_river_167.p3d:geometry
 2:30:33.657 Warning: No components in dz\water_bliss\river\enoch_river_168.p3d:geometry
 2:30:33.657 Warning: No components in dz\water_bliss\river\enoch_river_169.p3d:geometry
 2:30:33.657 Warning: No components in dz\water_bliss\river\enoch_river_17.p3d:geometry
 2:30:33.657 Warning: No components in dz\water_bliss\river\enoch_river_170.p3d:geometry
 2:30:33.657 Warning: No components in dz\water_bliss\river\enoch_river_171.p3d:geometry
 2:30:33.657 Warning: No components in dz\water_bliss\river\enoch_river_172.p3d:geometry
 2:30:33.657 Warning: No components in dz\water_bliss\river\enoch_river_173.p3d:geometry
 2:30:33.657 Warning: No components in dz\water_bliss\river\enoch_river_174.p3d:geometry
 2:30:33.657 Warning: No components in dz\water_bliss\river\enoch_river_175.p3d:geometry
 2:30:33.657 Warning: No components in dz\water_bliss\river\enoch_river_176.p3d:geometry
 2:30:33.658 Warning: No components in dz\water_bliss\river\enoch_river_177.p3d:geometry
 2:30:33.658 Warning: No components in dz\water_bliss\river\enoch_river_178.p3d:geometry
 2:30:33.658 Warning: No components in dz\water_bliss\river\enoch_river_179.p3d:geometry
 2:30:33.658 Warning: No components in dz\water_bliss\river\enoch_river_18.p3d:geometry
 2:30:33.658 Warning: No components in dz\water_bliss\river\enoch_river_180.p3d:geometry
 2:30:33.658 Warning: No components in dz\water_bliss\river\enoch_river_181.p3d:geometry
 2:30:33.658 Warning: No components in dz\water_bliss\river\enoch_river_182.p3d:geometry
 2:30:33.658 Warning: No components in dz\water_bliss\river\enoch_river_183.p3d:geometry
 2:30:33.658 Warning: No components in dz\water_bliss\river\enoch_river_184.p3d:geometry
 2:30:33.658 Warning: No components in dz\water_bliss\river\enoch_river_185.p3d:geometry
 2:30:33.658 Warning: No components in dz\water_bliss\river\enoch_river_186.p3d:geometry
 2:30:33.658 Warning: No components in dz\water_bliss\river\enoch_river_187.p3d:geometry
 2:30:33.658 Warning: No components in dz\water_bliss\river\enoch_river_188.p3d:geometry
 2:30:33.658 Warning: No components in dz\water_bliss\river\enoch_river_189.p3d:geometry
 2:30:33.658 Warning: No components in dz\water_bliss\river\enoch_river_19.p3d:geometry
 2:30:33.658 Warning: No components in dz\water_bliss\river\enoch_river_190.p3d:geometry
 2:30:33.658 Warning: No components in dz\water_bliss\river\enoch_river_191.p3d:geometry
 2:30:33.658 Warning: No components in dz\water_bliss\river\enoch_river_192.p3d:geometry
 2:30:33.658 Warning: No components in dz\water_bliss\river\enoch_river_193.p3d:geometry
 2:30:33.658 Warning: No components in dz\water_bliss\river\enoch_river_194.p3d:geometry
 2:30:33.658 Warning: No components in dz\water_bliss\river\enoch_river_195.p3d:geometry
 2:30:33.658 Warning: No components in dz\water_bliss\river\enoch_river_196.p3d:geometry
 2:30:33.660 Warning: No components in dz\water_bliss\river\enoch_river_197.p3d:geometry
 2:30:33.660 Warning: No components in dz\water_bliss\river\enoch_river_198.p3d:geometry
 2:30:33.660 Warning: No components in dz\water_bliss\river\enoch_river_199.p3d:geometry
 2:30:33.660 Warning: No components in dz\water_bliss\river\enoch_river_2.p3d:geometry
 2:30:33.660 Warning: No components in dz\water_bliss\river\enoch_river_20.p3d:geometry
 2:30:33.660 Warning: No components in dz\water_bliss\river\enoch_river_200.p3d:geometry
 2:30:33.660 Warning: No components in dz\water_bliss\river\enoch_river_201.p3d:geometry
 2:30:33.660 Warning: No components in dz\water_bliss\river\enoch_river_202.p3d:geometry
 2:30:33.660 Warning: No components in dz\water_bliss\river\enoch_river_203.p3d:geometry
 2:30:33.660 Warning: No components in dz\water_bliss\river\enoch_river_204.p3d:geometry
 2:30:33.660 Warning: No components in dz\water_bliss\river\enoch_river_205.p3d:geometry
 2:30:33.660 Warning: No components in dz\water_bliss\river\enoch_river_206.p3d:geometry
 2:30:33.660 Warning: No components in dz\water_bliss\river\enoch_river_207.p3d:geometry
 2:30:33.660 Warning: No components in dz\water_bliss\river\enoch_river_208.p3d:geometry
 2:30:33.660 Warning: No components in dz\water_bliss\river\enoch_river_209.p3d:geometry
 2:30:33.660 Warning: No components in dz\water_bliss\river\enoch_river_21.p3d:geometry
 2:30:33.660 Warning: No components in dz\water_bliss\river\enoch_river_210.p3d:geometry
 2:30:33.660 Warning: No components in dz\water_bliss\river\enoch_river_211.p3d:geometry
 2:30:33.660 Warning: No components in dz\water_bliss\river\enoch_river_212.p3d:geometry
 2:30:33.660 Warning: No components in dz\water_bliss\river\enoch_river_213.p3d:geometry
 2:30:33.660 Warning: No components in dz\water_bliss\river\enoch_river_214.p3d:geometry
 2:30:33.660 Warning: No components in dz\water_bliss\river\enoch_river_215.p3d:geometry
 2:30:33.660 Warning: No components in dz\water_bliss\river\enoch_river_216.p3d:geometry
 2:30:33.660 Warning: No components in dz\water_bliss\river\enoch_river_217.p3d:geometry
 2:30:33.660 Warning: No components in dz\water_bliss\river\enoch_river_218.p3d:geometry
 2:30:33.660 Warning: No components in dz\water_bliss\river\enoch_river_219.p3d:geometry
 2:30:33.661 Warning: No components in dz\water_bliss\river\enoch_river_22.p3d:geometry
 2:30:33.661 Warning: No components in dz\water_bliss\river\enoch_river_220.p3d:geometry
 2:30:33.661 Warning: No components in dz\water_bliss\river\enoch_river_221.p3d:geometry
 2:30:33.661 Warning: No components in dz\water_bliss\river\enoch_river_222.p3d:geometry
 2:30:33.661 Warning: No components in dz\water_bliss\river\enoch_river_223.p3d:geometry
 2:30:33.661 Warning: No components in dz\water_bliss\river\enoch_river_224.p3d:geometry
 2:30:33.661 Warning: No components in dz\water_bliss\river\enoch_river_225.p3d:geometry
 2:30:33.662 Warning: No components in dz\water_bliss\river\enoch_river_226.p3d:geometry
 2:30:33.662 Warning: No components in dz\water_bliss\river\enoch_river_227.p3d:geometry
 2:30:33.662 Warning: No components in dz\water_bliss\river\enoch_river_228.p3d:geometry
 2:30:33.662 Warning: No components in dz\water_bliss\river\enoch_river_229.p3d:geometry
 2:30:33.662 Warning: No components in dz\water_bliss\river\enoch_river_23.p3d:geometry
 2:30:33.662 Warning: No components in dz\water_bliss\river\enoch_river_230.p3d:geometry
 2:30:33.662 Warning: No components in dz\water_bliss\river\enoch_river_231.p3d:geometry
 2:30:33.662 Warning: No components in dz\water_bliss\river\enoch_river_232.p3d:geometry
 2:30:33.662 Warning: No components in dz\water_bliss\river\enoch_river_233.p3d:geometry
 2:30:33.662 Warning: No components in dz\water_bliss\river\enoch_river_234.p3d:geometry
 2:30:33.662 Warning: No components in dz\water_bliss\river\enoch_river_235.p3d:geometry
 2:30:33.662 Warning: No components in dz\water_bliss\river\enoch_river_236.p3d:geometry
 2:30:33.662 Warning: No components in dz\water_bliss\river\enoch_river_237.p3d:geometry
 2:30:33.662 Warning: No components in dz\water_bliss\river\enoch_river_238.p3d:geometry
 2:30:33.663 Warning: No components in dz\water_bliss\river\enoch_river_239.p3d:geometry
 2:30:33.663 Warning: No components in dz\water_bliss\river\enoch_river_24.p3d:geometry
 2:30:33.663 Warning: No components in dz\water_bliss\river\enoch_river_240.p3d:geometry
 2:30:33.663 Warning: No components in dz\water_bliss\river\enoch_river_241.p3d:geometry
 2:30:33.663 Warning: No components in dz\water_bliss\river\enoch_river_242.p3d:geometry
 2:30:33.663 Warning: No components in dz\water_bliss\river\enoch_river_243.p3d:geometry
 2:30:33.663 Warning: No components in dz\water_bliss\river\enoch_river_244.p3d:geometry
 2:30:33.663 Warning: No components in dz\water_bliss\river\enoch_river_245.p3d:geometry
 2:30:33.663 Warning: No components in dz\water_bliss\river\enoch_river_246.p3d:geometry
 2:30:33.663 Warning: No components in dz\water_bliss\river\enoch_river_247.p3d:geometry
 2:30:33.663 Warning: No components in dz\water_bliss\river\enoch_river_248.p3d:geometry
 2:30:33.663 Warning: No components in dz\water_bliss\river\enoch_river_249.p3d:geometry
 2:30:33.663 Warning: No components in dz\water_bliss\river\enoch_river_25.p3d:geometry
 2:30:33.664 Warning: No components in dz\water_bliss\river\enoch_river_250.p3d:geometry
 2:30:33.664 Warning: No components in dz\water_bliss\river\enoch_river_251.p3d:geometry
 2:30:33.664 Warning: No components in dz\water_bliss\river\enoch_river_252.p3d:geometry
 2:30:33.664 Warning: No components in dz\water_bliss\river\enoch_river_253.p3d:geometry
 2:30:33.664 Warning: No components in dz\water_bliss\river\enoch_river_254.p3d:geometry
 2:30:33.664 Warning: No components in dz\water_bliss\river\enoch_river_255.p3d:geometry
 2:30:33.664 Warning: No components in dz\water_bliss\river\enoch_river_256.p3d:geometry
 2:30:33.664 Warning: No components in dz\water_bliss\river\enoch_river_257.p3d:geometry
 2:30:33.664 Warning: No components in dz\water_bliss\river\enoch_river_258.p3d:geometry
 2:30:33.664 Warning: No components in dz\water_bliss\river\enoch_river_259.p3d:geometry
 2:30:33.664 Warning: No components in dz\water_bliss\river\enoch_river_26.p3d:geometry
 2:30:33.664 Warning: No components in dz\water_bliss\river\enoch_river_260.p3d:geometry
 2:30:33.664 Warning: No components in dz\water_bliss\river\enoch_river_261.p3d:geometry
 2:30:33.664 Warning: No components in dz\water_bliss\river\enoch_river_262.p3d:geometry
 2:30:33.664 Warning: No components in dz\water_bliss\river\enoch_river_263.p3d:geometry
 2:30:33.664 Warning: No components in dz\water_bliss\river\enoch_river_264.p3d:geometry
 2:30:33.664 Warning: No components in dz\water_bliss\river\enoch_river_265.p3d:geometry
 2:30:33.664 Warning: No components in dz\water_bliss\river\enoch_river_266.p3d:geometry
 2:30:33.664 Warning: No components in dz\water_bliss\river\enoch_river_267.p3d:geometry
 2:30:33.664 Warning: No components in dz\water_bliss\river\enoch_river_268.p3d:geometry
 2:30:33.664 Warning: No components in dz\water_bliss\river\enoch_river_269.p3d:geometry
 2:30:33.664 Warning: No components in dz\water_bliss\river\enoch_river_27.p3d:geometry
 2:30:33.665 Warning: No components in dz\water_bliss\river\enoch_river_270.p3d:geometry
 2:30:33.665 Warning: No components in dz\water_bliss\river\enoch_river_271.p3d:geometry
 2:30:33.665 Warning: No components in dz\water_bliss\river\enoch_river_272.p3d:geometry
 2:30:33.665 Warning: No components in dz\water_bliss\river\enoch_river_273.p3d:geometry
 2:30:33.665 Warning: No components in dz\water_bliss\river\enoch_river_274.p3d:geometry
 2:30:33.665 Warning: No components in dz\water_bliss\river\enoch_river_275.p3d:geometry
 2:30:33.665 Warning: No components in dz\water_bliss\river\enoch_river_276.p3d:geometry
 2:30:33.665 Warning: No components in dz\water_bliss\river\enoch_river_277.p3d:geometry
 2:30:33.665 Warning: No components in dz\water_bliss\river\enoch_river_278.p3d:geometry
 2:30:33.665 Warning: No components in dz\water_bliss\river\enoch_river_279.p3d:geometry
 2:30:33.665 Warning: No components in dz\water_bliss\river\enoch_river_28.p3d:geometry
 2:30:33.665 Warning: No components in dz\water_bliss\river\enoch_river_280.p3d:geometry
 2:30:33.665 Warning: No components in dz\water_bliss\river\enoch_river_281.p3d:geometry
 2:30:33.665 Warning: No components in dz\water_bliss\river\enoch_river_282.p3d:geometry
 2:30:33.666 Warning: No components in dz\water_bliss\river\enoch_river_283.p3d:geometry
 2:30:33.666 Warning: No components in dz\water_bliss\river\enoch_river_284.p3d:geometry
 2:30:33.666 Warning: No components in dz\water_bliss\river\enoch_river_285.p3d:geometry
 2:30:33.666 Warning: No components in dz\water_bliss\river\enoch_river_286.p3d:geometry
 2:30:33.666 Warning: No components in dz\water_bliss\river\enoch_river_287.p3d:geometry
 2:30:33.666 Warning: No components in dz\water_bliss\river\enoch_river_288.p3d:geometry
 2:30:33.666 Warning: No components in dz\water_bliss\river\enoch_river_289.p3d:geometry
 2:30:33.666 Warning: No components in dz\water_bliss\river\enoch_river_29.p3d:geometry
 2:30:33.666 Warning: No components in dz\water_bliss\river\enoch_river_290.p3d:geometry
 2:30:33.667 Warning: No components in dz\water_bliss\river\enoch_river_291.p3d:geometry
 2:30:33.667 Warning: No components in dz\water_bliss\river\enoch_river_292.p3d:geometry
 2:30:33.667 Warning: No components in dz\water_bliss\river\enoch_river_293.p3d:geometry
 2:30:33.667 Warning: No components in dz\water_bliss\river\enoch_river_294.p3d:geometry
 2:30:33.667 Warning: No components in dz\water_bliss\river\enoch_river_295.p3d:geometry
 2:30:33.667 Warning: No components in dz\water_bliss\river\enoch_river_296.p3d:geometry
 2:30:33.667 Warning: No components in dz\water_bliss\river\enoch_river_297.p3d:geometry
 2:30:33.667 Warning: No components in dz\water_bliss\river\enoch_river_298.p3d:geometry
 2:30:33.667 Warning: No components in dz\water_bliss\river\enoch_river_299.p3d:geometry
 2:30:33.667 Warning: No components in dz\water_bliss\river\enoch_river_3.p3d:geometry
 2:30:33.667 Warning: No components in dz\water_bliss\river\enoch_river_30.p3d:geometry
 2:30:33.667 Warning: No components in dz\water_bliss\river\enoch_river_300.p3d:geometry
 2:30:33.667 Warning: No components in dz\water_bliss\river\enoch_river_301.p3d:geometry
 2:30:33.667 Warning: No components in dz\water_bliss\river\enoch_river_302.p3d:geometry
 2:30:33.667 Warning: No components in dz\water_bliss\river\enoch_river_303.p3d:geometry
 2:30:33.667 Warning: No components in dz\water_bliss\river\enoch_river_304.p3d:geometry
 2:30:33.667 Warning: No components in dz\water_bliss\river\enoch_river_305.p3d:geometry
 2:30:33.667 Warning: No components in dz\water_bliss\river\enoch_river_306.p3d:geometry
 2:30:33.667 Warning: No components in dz\water_bliss\river\enoch_river_307.p3d:geometry
 2:30:33.668 Warning: No components in dz\water_bliss\river\enoch_river_308.p3d:geometry
 2:30:33.668 Warning: No components in dz\water_bliss\river\enoch_river_309.p3d:geometry
 2:30:33.668 Warning: No components in dz\water_bliss\river\enoch_river_31.p3d:geometry
 2:30:33.668 Warning: No components in dz\water_bliss\river\enoch_river_310.p3d:geometry
 2:30:33.668 Warning: No components in dz\water_bliss\river\enoch_river_311.p3d:geometry
 2:30:33.668 Warning: No components in dz\water_bliss\river\enoch_river_312.p3d:geometry
 2:30:33.668 Warning: No components in dz\water_bliss\river\enoch_river_313.p3d:geometry
 2:30:33.668 Warning: No components in dz\water_bliss\river\enoch_river_314.p3d:geometry
 2:30:33.668 Warning: No components in dz\water_bliss\river\enoch_river_315.p3d:geometry
 2:30:33.668 Warning: No components in dz\water_bliss\river\enoch_river_316.p3d:geometry
 2:30:33.668 Warning: No components in dz\water_bliss\river\enoch_river_317.p3d:geometry
 2:30:33.668 Warning: No components in dz\water_bliss\river\enoch_river_318.p3d:geometry
 2:30:33.668 Warning: No components in dz\water_bliss\river\enoch_river_319.p3d:geometry
 2:30:33.668 Warning: No components in dz\water_bliss\river\enoch_river_32.p3d:geometry
 2:30:33.668 Warning: No components in dz\water_bliss\river\enoch_river_320.p3d:geometry
 2:30:33.668 Warning: No components in dz\water_bliss\river\enoch_river_321.p3d:geometry
 2:30:33.668 Warning: No components in dz\water_bliss\river\enoch_river_322.p3d:geometry
 2:30:33.668 Warning: No components in dz\water_bliss\river\enoch_river_323.p3d:geometry
 2:30:33.668 Warning: No components in dz\water_bliss\river\enoch_river_324.p3d:geometry
 2:30:33.670 Warning: No components in dz\water_bliss\river\enoch_river_325.p3d:geometry
 2:30:33.670 Warning: No components in dz\water_bliss\river\enoch_river_326.p3d:geometry
 2:30:33.670 Warning: No components in dz\water_bliss\river\enoch_river_327.p3d:geometry
 2:30:33.670 Warning: No components in dz\water_bliss\river\enoch_river_328.p3d:geometry
 2:30:33.670 Warning: No components in dz\water_bliss\river\enoch_river_329.p3d:geometry
 2:30:33.670 Warning: No components in dz\water_bliss\river\enoch_river_33.p3d:geometry
 2:30:33.670 Warning: No components in dz\water_bliss\river\enoch_river_330.p3d:geometry
 2:30:33.670 Warning: No components in dz\water_bliss\river\enoch_river_331.p3d:geometry
 2:30:33.670 Warning: No components in dz\water_bliss\river\enoch_river_332.p3d:geometry
 2:30:33.670 Warning: No components in dz\water_bliss\river\enoch_river_333.p3d:geometry
 2:30:33.670 Warning: No components in dz\water_bliss\river\enoch_river_334.p3d:geometry
 2:30:33.670 Warning: No components in dz\water_bliss\river\enoch_river_335.p3d:geometry
 2:30:33.670 Warning: No components in dz\water_bliss\river\enoch_river_336.p3d:geometry
 2:30:33.670 Warning: No components in dz\water_bliss\river\enoch_river_337.p3d:geometry
 2:30:33.670 Warning: No components in dz\water_bliss\river\enoch_river_338.p3d:geometry
 2:30:33.670 Warning: No components in dz\water_bliss\river\enoch_river_339.p3d:geometry
 2:30:33.670 Warning: No components in dz\water_bliss\river\enoch_river_34.p3d:geometry
 2:30:33.670 Warning: No components in dz\water_bliss\river\enoch_river_340.p3d:geometry
 2:30:33.670 Warning: No components in dz\water_bliss\river\enoch_river_341.p3d:geometry
 2:30:33.671 Warning: No components in dz\water_bliss\river\enoch_river_342.p3d:geometry
 2:30:33.671 Warning: No components in dz\water_bliss\river\enoch_river_343.p3d:geometry
 2:30:33.671 Warning: No components in dz\water_bliss\river\enoch_river_344.p3d:geometry
 2:30:33.671 Warning: No components in dz\water_bliss\river\enoch_river_345.p3d:geometry
 2:30:33.671 Warning: No components in dz\water_bliss\river\enoch_river_346.p3d:geometry
 2:30:33.671 Warning: No components in dz\water_bliss\river\enoch_river_347.p3d:geometry
 2:30:33.671 Warning: No components in dz\water_bliss\river\enoch_river_348.p3d:geometry
 2:30:33.671 Warning: No components in dz\water_bliss\river\enoch_river_349.p3d:geometry
 2:30:33.671 Warning: No components in dz\water_bliss\river\enoch_river_35.p3d:geometry
 2:30:33.671 Warning: No components in dz\water_bliss\river\enoch_river_350.p3d:geometry
 2:30:33.671 Warning: No components in dz\water_bliss\river\enoch_river_351.p3d:geometry
 2:30:33.671 Warning: No components in dz\water_bliss\river\enoch_river_352.p3d:geometry
 2:30:33.672 Warning: No components in dz\water_bliss\river\enoch_river_353.p3d:geometry
 2:30:33.672 Warning: No components in dz\water_bliss\river\enoch_river_354.p3d:geometry
 2:30:33.672 Warning: No components in dz\water_bliss\river\enoch_river_355.p3d:geometry
 2:30:33.672 Warning: No components in dz\water_bliss\river\enoch_river_356.p3d:geometry
 2:30:33.672 Warning: No components in dz\water_bliss\river\enoch_river_357.p3d:geometry
 2:30:33.672 Warning: No components in dz\water_bliss\river\enoch_river_358.p3d:geometry
 2:30:33.672 Warning: No components in dz\water_bliss\river\enoch_river_359.p3d:geometry
 2:30:33.672 Warning: No components in dz\water_bliss\river\enoch_river_36.p3d:geometry
 2:30:33.672 Warning: No components in dz\water_bliss\river\enoch_river_360.p3d:geometry
 2:30:33.673 Warning: No components in dz\water_bliss\river\enoch_river_361.p3d:geometry
 2:30:33.673 Warning: No components in dz\water_bliss\river\enoch_river_362.p3d:geometry
 2:30:33.673 Warning: No components in dz\water_bliss\river\enoch_river_363.p3d:geometry
 2:30:33.673 Warning: No components in dz\water_bliss\river\enoch_river_364.p3d:geometry
 2:30:33.673 Warning: No components in dz\water_bliss\river\enoch_river_365.p3d:geometry
 2:30:33.673 Warning: No components in dz\water_bliss\river\enoch_river_366.p3d:geometry
 2:30:33.673 Warning: No components in dz\water_bliss\river\enoch_river_367.p3d:geometry
 2:30:33.673 Warning: No components in dz\water_bliss\river\enoch_river_368.p3d:geometry
 2:30:33.673 Warning: No components in dz\water_bliss\river\enoch_river_369.p3d:geometry
 2:30:33.673 Warning: No components in dz\water_bliss\river\enoch_river_37.p3d:geometry
 2:30:33.673 Warning: No components in dz\water_bliss\river\enoch_river_370.p3d:geometry
 2:30:33.673 Warning: No components in dz\water_bliss\river\enoch_river_371.p3d:geometry
 2:30:33.673 Warning: No components in dz\water_bliss\river\enoch_river_372.p3d:geometry
 2:30:33.673 Warning: No components in dz\water_bliss\river\enoch_river_373.p3d:geometry
 2:30:33.673 Warning: No components in dz\water_bliss\river\enoch_river_374.p3d:geometry
 2:30:33.673 Warning: No components in dz\water_bliss\river\enoch_river_375.p3d:geometry
 2:30:33.673 Warning: No components in dz\water_bliss\river\enoch_river_376.p3d:geometry
 2:30:33.673 Warning: No components in dz\water_bliss\river\enoch_river_377.p3d:geometry
 2:30:33.673 Warning: No components in dz\water_bliss\river\enoch_river_378.p3d:geometry
 2:30:33.673 Warning: No components in dz\water_bliss\river\enoch_river_379.p3d:geometry
 2:30:33.673 Warning: No components in dz\water_bliss\river\enoch_river_38.p3d:geometry
 2:30:33.673 Warning: No components in dz\water_bliss\river\enoch_river_380.p3d:geometry
 2:30:33.673 Warning: No components in dz\water_bliss\river\enoch_river_381.p3d:geometry
 2:30:33.673 Warning: No components in dz\water_bliss\river\enoch_river_382.p3d:geometry
 2:30:33.673 Warning: No components in dz\water_bliss\river\enoch_river_383.p3d:geometry
 2:30:33.673 Warning: No components in dz\water_bliss\river\enoch_river_384.p3d:geometry
 2:30:33.674 Warning: No components in dz\water_bliss\river\enoch_river_385.p3d:geometry
 2:30:33.674 Warning: No components in dz\water_bliss\river\enoch_river_386.p3d:geometry
 2:30:33.674 Warning: No components in dz\water_bliss\river\enoch_river_387.p3d:geometry
 2:30:33.674 Warning: No components in dz\water_bliss\river\enoch_river_388.p3d:geometry
 2:30:33.674 Warning: No components in dz\water_bliss\river\enoch_river_389.p3d:geometry
 2:30:33.674 Warning: No components in dz\water_bliss\river\enoch_river_39.p3d:geometry
 2:30:33.674 Warning: No components in dz\water_bliss\river\enoch_river_390.p3d:geometry
 2:30:33.674 Warning: No components in dz\water_bliss\river\enoch_river_391.p3d:geometry
 2:30:33.674 Warning: No components in dz\water_bliss\river\enoch_river_392.p3d:geometry
 2:30:33.674 Warning: No components in dz\water_bliss\river\enoch_river_393.p3d:geometry
 2:30:33.675 Warning: No components in dz\water_bliss\river\enoch_river_394.p3d:geometry
 2:30:33.675 Warning: No components in dz\water_bliss\river\enoch_river_395.p3d:geometry
 2:30:33.675 Warning: No components in dz\water_bliss\river\enoch_river_396.p3d:geometry
 2:30:33.675 Warning: No components in dz\water_bliss\river\enoch_river_397.p3d:geometry
 2:30:33.676 Warning: No components in dz\water_bliss\river\enoch_river_398.p3d:geometry
 2:30:33.676 Warning: No components in dz\water_bliss\river\enoch_river_399.p3d:geometry
 2:30:33.676 Warning: No components in dz\water_bliss\river\enoch_river_4.p3d:geometry
 2:30:33.676 Warning: No components in dz\water_bliss\river\enoch_river_40.p3d:geometry
 2:30:33.676 Warning: No components in dz\water_bliss\river\enoch_river_400.p3d:geometry
 2:30:33.676 Warning: No components in dz\water_bliss\river\enoch_river_401.p3d:geometry
 2:30:33.676 Warning: No components in dz\water_bliss\river\enoch_river_402.p3d:geometry
 2:30:33.676 Warning: No components in dz\water_bliss\river\enoch_river_403.p3d:geometry
 2:30:33.676 Warning: No components in dz\water_bliss\river\enoch_river_404.p3d:geometry
 2:30:33.676 Warning: No components in dz\water_bliss\river\enoch_river_405.p3d:geometry
 2:30:33.676 Warning: No components in dz\water_bliss\river\enoch_river_406.p3d:geometry
 2:30:33.676 Warning: No components in dz\water_bliss\river\enoch_river_407.p3d:geometry
 2:30:33.676 Warning: No components in dz\water_bliss\river\enoch_river_408.p3d:geometry
 2:30:33.676 Warning: No components in dz\water_bliss\river\enoch_river_409.p3d:geometry
 2:30:33.676 Warning: No components in dz\water_bliss\river\enoch_river_41.p3d:geometry
 2:30:33.676 Warning: No components in dz\water_bliss\river\enoch_river_410.p3d:geometry
 2:30:33.676 Warning: No components in dz\water_bliss\river\enoch_river_411.p3d:geometry
 2:30:33.676 Warning: No components in dz\water_bliss\river\enoch_river_412.p3d:geometry
 2:30:33.676 Warning: No components in dz\water_bliss\river\enoch_river_413.p3d:geometry
 2:30:33.676 Warning: No components in dz\water_bliss\river\enoch_river_414.p3d:geometry
 2:30:33.676 Warning: No components in dz\water_bliss\river\enoch_river_415.p3d:geometry
 2:30:33.676 Warning: No components in dz\water_bliss\river\enoch_river_416.p3d:geometry
 2:30:33.676 Warning: No components in dz\water_bliss\river\enoch_river_417.p3d:geometry
 2:30:33.676 Warning: No components in dz\water_bliss\river\enoch_river_418.p3d:geometry
 2:30:33.676 Warning: No components in dz\water_bliss\river\enoch_river_419.p3d:geometry
 2:30:33.676 Warning: No components in dz\water_bliss\river\enoch_river_42.p3d:geometry
 2:30:33.677 Warning: No components in dz\water_bliss\river\enoch_river_420.p3d:geometry
 2:30:33.677 Warning: No components in dz\water_bliss\river\enoch_river_421.p3d:geometry
 2:30:33.677 Warning: No components in dz\water_bliss\river\enoch_river_422.p3d:geometry
 2:30:33.677 Warning: No components in dz\water_bliss\river\enoch_river_423.p3d:geometry
 2:30:33.677 Warning: No components in dz\water_bliss\river\enoch_river_424.p3d:geometry
 2:30:33.677 Warning: No components in dz\water_bliss\river\enoch_river_425.p3d:geometry
 2:30:33.677 Warning: No components in dz\water_bliss\river\enoch_river_426.p3d:geometry
 2:30:33.677 Warning: No components in dz\water_bliss\river\enoch_river_427.p3d:geometry
 2:30:33.677 Warning: No components in dz\water_bliss\river\enoch_river_428.p3d:geometry
 2:30:33.678 Warning: No components in dz\water_bliss\river\enoch_river_429.p3d:geometry
 2:30:33.678 Warning: No components in dz\water_bliss\river\enoch_river_43.p3d:geometry
 2:30:33.678 Warning: No components in dz\water_bliss\river\enoch_river_430.p3d:geometry
 2:30:33.678 Warning: No components in dz\water_bliss\river\enoch_river_431.p3d:geometry
 2:30:33.678 Warning: No components in dz\water_bliss\river\enoch_river_432.p3d:geometry
 2:30:33.678 Warning: No components in dz\water_bliss\river\enoch_river_433.p3d:geometry
 2:30:33.678 Warning: No components in dz\water_bliss\river\enoch_river_434.p3d:geometry
 2:30:33.679 Warning: No components in dz\water_bliss\river\enoch_river_435.p3d:geometry
 2:30:33.679 Warning: No components in dz\water_bliss\river\enoch_river_436.p3d:geometry
 2:30:33.679 Warning: No components in dz\water_bliss\river\enoch_river_437.p3d:geometry
 2:30:33.679 Warning: No components in dz\water_bliss\river\enoch_river_438.p3d:geometry
 2:30:33.679 Warning: No components in dz\water_bliss\river\enoch_river_439.p3d:geometry
 2:30:33.679 Warning: No components in dz\water_bliss\river\enoch_river_44.p3d:geometry
 2:30:33.679 Warning: No components in dz\water_bliss\river\enoch_river_440.p3d:geometry
 2:30:33.679 Warning: No components in dz\water_bliss\river\enoch_river_441.p3d:geometry
 2:30:33.679 Warning: No components in dz\water_bliss\river\enoch_river_442.p3d:geometry
 2:30:33.679 Warning: No components in dz\water_bliss\river\enoch_river_443.p3d:geometry
 2:30:33.679 Warning: No components in dz\water_bliss\river\enoch_river_444.p3d:geometry
 2:30:33.679 Warning: No components in dz\water_bliss\river\enoch_river_445.p3d:geometry
 2:30:33.679 Warning: No components in dz\water_bliss\river\enoch_river_446.p3d:geometry
 2:30:33.679 Warning: No components in dz\water_bliss\river\enoch_river_447.p3d:geometry
 2:30:33.679 Warning: No components in dz\water_bliss\river\enoch_river_448.p3d:geometry
 2:30:33.679 Warning: No components in dz\water_bliss\river\enoch_river_449.p3d:geometry
 2:30:33.679 Warning: No components in dz\water_bliss\river\enoch_river_45.p3d:geometry
 2:30:33.679 Warning: No components in dz\water_bliss\river\enoch_river_450.p3d:geometry
 2:30:33.679 Warning: No components in dz\water_bliss\river\enoch_river_451.p3d:geometry
 2:30:33.679 Warning: No components in dz\water_bliss\river\enoch_river_452.p3d:geometry
 2:30:33.680 Warning: No components in dz\water_bliss\river\enoch_river_453.p3d:geometry
 2:30:33.680 Warning: No components in dz\water_bliss\river\enoch_river_454.p3d:geometry
 2:30:33.680 Warning: No components in dz\water_bliss\river\enoch_river_455.p3d:geometry
 2:30:33.680 Warning: No components in dz\water_bliss\river\enoch_river_456.p3d:geometry
 2:30:33.680 Warning: No components in dz\water_bliss\river\enoch_river_457.p3d:geometry
 2:30:33.680 Warning: No components in dz\water_bliss\river\enoch_river_458.p3d:geometry
 2:30:33.680 Warning: No components in dz\water_bliss\river\enoch_river_459.p3d:geometry
 2:30:33.680 Warning: No components in dz\water_bliss\river\enoch_river_46.p3d:geometry
 2:30:33.680 Warning: No components in dz\water_bliss\river\enoch_river_460.p3d:geometry
 2:30:33.680 Warning: No components in dz\water_bliss\river\enoch_river_461.p3d:geometry
 2:30:33.680 Warning: No components in dz\water_bliss\river\enoch_river_462.p3d:geometry
 2:30:33.680 Warning: No components in dz\water_bliss\river\enoch_river_463.p3d:geometry
 2:30:33.680 Warning: No components in dz\water_bliss\river\enoch_river_464.p3d:geometry
 2:30:33.680 Warning: No components in dz\water_bliss\river\enoch_river_465.p3d:geometry
 2:30:33.680 Warning: No components in dz\water_bliss\river\enoch_river_466.p3d:geometry
 2:30:33.680 Warning: No components in dz\water_bliss\river\enoch_river_467.p3d:geometry
 2:30:33.680 Warning: No components in dz\water_bliss\river\enoch_river_468.p3d:geometry
 2:30:33.680 Warning: No components in dz\water_bliss\river\enoch_river_469.p3d:geometry
 2:30:33.681 Warning: No components in dz\water_bliss\river\enoch_river_47.p3d:geometry
 2:30:33.681 Warning: No components in dz\water_bliss\river\enoch_river_470.p3d:geometry
 2:30:33.681 Warning: No components in dz\water_bliss\river\enoch_river_471.p3d:geometry
 2:30:33.681 Warning: No components in dz\water_bliss\river\enoch_river_472.p3d:geometry
 2:30:33.681 Warning: No components in dz\water_bliss\river\enoch_river_473.p3d:geometry
 2:30:33.681 Warning: No components in dz\water_bliss\river\enoch_river_474.p3d:geometry
 2:30:33.681 Warning: No components in dz\water_bliss\river\enoch_river_475.p3d:geometry
 2:30:33.681 Warning: No components in dz\water_bliss\river\enoch_river_476.p3d:geometry
 2:30:33.681 Warning: No components in dz\water_bliss\river\enoch_river_477.p3d:geometry
 2:30:33.681 Warning: No components in dz\water_bliss\river\enoch_river_478.p3d:geometry
 2:30:33.681 Warning: No components in dz\water_bliss\river\enoch_river_479.p3d:geometry
 2:30:33.681 Warning: No components in dz\water_bliss\river\enoch_river_48.p3d:geometry
 2:30:33.682 Warning: No components in dz\water_bliss\river\enoch_river_480.p3d:geometry
 2:30:33.682 Warning: No components in dz\water_bliss\river\enoch_river_481.p3d:geometry
 2:30:33.682 Warning: No components in dz\water_bliss\river\enoch_river_482.p3d:geometry
 2:30:33.682 Warning: No components in dz\water_bliss\river\enoch_river_483.p3d:geometry
 2:30:33.682 Warning: No components in dz\water_bliss\river\enoch_river_484.p3d:geometry
 2:30:33.682 Warning: No components in dz\water_bliss\river\enoch_river_485.p3d:geometry
 2:30:33.682 Warning: No components in dz\water_bliss\river\enoch_river_486.p3d:geometry
 2:30:33.682 Warning: No components in dz\water_bliss\river\enoch_river_487.p3d:geometry
 2:30:33.682 Warning: No components in dz\water_bliss\river\enoch_river_488.p3d:geometry
 2:30:33.682 Warning: No components in dz\water_bliss\river\enoch_river_489.p3d:geometry
 2:30:33.682 Warning: No components in dz\water_bliss\river\enoch_river_49.p3d:geometry
 2:30:33.682 Warning: No components in dz\water_bliss\river\enoch_river_490.p3d:geometry
 2:30:33.682 Warning: No components in dz\water_bliss\river\enoch_river_491.p3d:geometry
 2:30:33.682 Warning: No components in dz\water_bliss\river\enoch_river_492.p3d:geometry
 2:30:33.683 Warning: No components in dz\water_bliss\river\enoch_river_493.p3d:geometry
 2:30:33.683 Warning: No components in dz\water_bliss\river\enoch_river_494.p3d:geometry
 2:30:33.683 Warning: No components in dz\water_bliss\river\enoch_river_495.p3d:geometry
 2:30:33.683 Warning: No components in dz\water_bliss\river\enoch_river_496.p3d:geometry
 2:30:33.683 Warning: No components in dz\water_bliss\river\enoch_river_497.p3d:geometry
 2:30:33.683 Warning: No components in dz\water_bliss\river\enoch_river_498.p3d:geometry
 2:30:33.683 Warning: No components in dz\water_bliss\river\enoch_river_499.p3d:geometry
 2:30:33.683 Warning: No components in dz\water_bliss\river\enoch_river_5.p3d:geometry
 2:30:33.683 Warning: No components in dz\water_bliss\river\enoch_river_50.p3d:geometry
 2:30:33.683 Warning: No components in dz\water_bliss\river\enoch_river_500.p3d:geometry
 2:30:33.683 Warning: No components in dz\water_bliss\river\enoch_river_501.p3d:geometry
 2:30:33.683 Warning: No components in dz\water_bliss\river\enoch_river_502.p3d:geometry
 2:30:33.683 Warning: No components in dz\water_bliss\river\enoch_river_503.p3d:geometry
 2:30:33.683 Warning: No components in dz\water_bliss\river\enoch_river_504.p3d:geometry
 2:30:33.683 Warning: No components in dz\water_bliss\river\enoch_river_505.p3d:geometry
 2:30:33.683 Warning: No components in dz\water_bliss\river\enoch_river_506.p3d:geometry
 2:30:33.683 Warning: No components in dz\water_bliss\river\enoch_river_507.p3d:geometry
 2:30:33.683 Warning: No components in dz\water_bliss\river\enoch_river_508.p3d:geometry
 2:30:33.683 Warning: No components in dz\water_bliss\river\enoch_river_509.p3d:geometry
 2:30:33.683 Warning: No components in dz\water_bliss\river\enoch_river_51.p3d:geometry
 2:30:33.683 Warning: No components in dz\water_bliss\river\enoch_river_510.p3d:geometry
 2:30:33.683 Warning: No components in dz\water_bliss\river\enoch_river_511.p3d:geometry
 2:30:33.683 Warning: No components in dz\water_bliss\river\enoch_river_512.p3d:geometry
 2:30:33.684 Warning: No components in dz\water_bliss\river\enoch_river_513.p3d:geometry
 2:30:33.684 Warning: No components in dz\water_bliss\river\enoch_river_514.p3d:geometry
 2:30:33.684 Warning: No components in dz\water_bliss\river\enoch_river_515.p3d:geometry
 2:30:33.684 Warning: No components in dz\water_bliss\river\enoch_river_516.p3d:geometry
 2:30:33.684 Warning: No components in dz\water_bliss\river\enoch_river_517.p3d:geometry
 2:30:33.684 Warning: No components in dz\water_bliss\river\enoch_river_518.p3d:geometry
 2:30:33.684 Warning: No components in dz\water_bliss\river\enoch_river_519.p3d:geometry
 2:30:33.684 Warning: No components in dz\water_bliss\river\enoch_river_52.p3d:geometry
 2:30:33.684 Warning: No components in dz\water_bliss\river\enoch_river_520.p3d:geometry
 2:30:33.684 Warning: No components in dz\water_bliss\river\enoch_river_521.p3d:geometry
 2:30:33.684 Warning: No components in dz\water_bliss\river\enoch_river_522.p3d:geometry
 2:30:33.684 Warning: No components in dz\water_bliss\river\enoch_river_523.p3d:geometry
 2:30:33.684 Warning: No components in dz\water_bliss\river\enoch_river_524.p3d:geometry
 2:30:33.684 Warning: No components in dz\water_bliss\river\enoch_river_525.p3d:geometry
 2:30:33.684 Warning: No components in dz\water_bliss\river\enoch_river_526.p3d:geometry
 2:30:33.685 Warning: No components in dz\water_bliss\river\enoch_river_527.p3d:geometry
 2:30:33.685 Warning: No components in dz\water_bliss\river\enoch_river_528.p3d:geometry
 2:30:33.685 Warning: No components in dz\water_bliss\river\enoch_river_529.p3d:geometry
 2:30:33.685 Warning: No components in dz\water_bliss\river\enoch_river_53.p3d:geometry
 2:30:33.685 Warning: No components in dz\water_bliss\river\enoch_river_530.p3d:geometry
 2:30:33.686 Warning: No components in dz\water_bliss\river\enoch_river_531.p3d:geometry
 2:30:33.686 Warning: No components in dz\water_bliss\river\enoch_river_532.p3d:geometry
 2:30:33.686 Warning: No components in dz\water_bliss\river\enoch_river_533.p3d:geometry
 2:30:33.686 Warning: No components in dz\water_bliss\river\enoch_river_534.p3d:geometry
 2:30:33.686 Warning: No components in dz\water_bliss\river\enoch_river_535.p3d:geometry
 2:30:33.686 Warning: No components in dz\water_bliss\river\enoch_river_536.p3d:geometry
 2:30:33.686 Warning: No components in dz\water_bliss\river\enoch_river_537.p3d:geometry
 2:30:33.686 Warning: No components in dz\water_bliss\river\enoch_river_538.p3d:geometry
 2:30:33.686 Warning: No components in dz\water_bliss\river\enoch_river_539.p3d:geometry
 2:30:33.686 Warning: No components in dz\water_bliss\river\enoch_river_54.p3d:geometry
 2:30:33.686 Warning: No components in dz\water_bliss\river\enoch_river_540.p3d:geometry
 2:30:33.686 Warning: No components in dz\water_bliss\river\enoch_river_541.p3d:geometry
 2:30:33.686 Warning: No components in dz\water_bliss\river\enoch_river_542.p3d:geometry
 2:30:33.686 Warning: No components in dz\water_bliss\river\enoch_river_543.p3d:geometry
 2:30:33.686 Warning: No components in dz\water_bliss\river\enoch_river_544.p3d:geometry
 2:30:33.686 Warning: No components in dz\water_bliss\river\enoch_river_545.p3d:geometry
 2:30:33.686 Warning: No components in dz\water_bliss\river\enoch_river_546.p3d:geometry
 2:30:33.686 Warning: No components in dz\water_bliss\river\enoch_river_547.p3d:geometry
 2:30:33.686 Warning: No components in dz\water_bliss\river\enoch_river_548.p3d:geometry
 2:30:33.686 Warning: No components in dz\water_bliss\river\enoch_river_549.p3d:geometry
 2:30:33.686 Warning: No components in dz\water_bliss\river\enoch_river_55.p3d:geometry
 2:30:33.686 Warning: No components in dz\water_bliss\river\enoch_river_550.p3d:geometry
 2:30:33.686 Warning: No components in dz\water_bliss\river\enoch_river_551.p3d:geometry
 2:30:33.686 Warning: No components in dz\water_bliss\river\enoch_river_552.p3d:geometry
 2:30:33.686 Warning: No components in dz\water_bliss\river\enoch_river_553.p3d:geometry
 2:30:33.686 Warning: No components in dz\water_bliss\river\enoch_river_554.p3d:geometry
 2:30:33.686 Warning: No components in dz\water_bliss\river\enoch_river_555.p3d:geometry
 2:30:33.686 Warning: No components in dz\water_bliss\river\enoch_river_556.p3d:geometry
 2:30:33.686 Warning: No components in dz\water_bliss\river\enoch_river_557.p3d:geometry
 2:30:33.686 Warning: No components in dz\water_bliss\river\enoch_river_558.p3d:geometry
 2:30:33.687 Warning: No components in dz\water_bliss\river\enoch_river_559.p3d:geometry
 2:30:33.687 Warning: No components in dz\water_bliss\river\enoch_river_56.p3d:geometry
 2:30:33.687 Warning: No components in dz\water_bliss\river\enoch_river_560.p3d:geometry
 2:30:33.687 Warning: No components in dz\water_bliss\river\enoch_river_561.p3d:geometry
 2:30:33.687 Warning: No components in dz\water_bliss\river\enoch_river_562.p3d:geometry
 2:30:33.687 Warning: No components in dz\water_bliss\river\enoch_river_563.p3d:geometry
 2:30:33.687 Warning: No components in dz\water_bliss\river\enoch_river_564.p3d:geometry
 2:30:33.687 Warning: No components in dz\water_bliss\river\enoch_river_565.p3d:geometry
 2:30:33.687 Warning: No components in dz\water_bliss\river\enoch_river_566.p3d:geometry
 2:30:33.688 Warning: No components in dz\water_bliss\river\enoch_river_567.p3d:geometry
 2:30:33.688 Warning: No components in dz\water_bliss\river\enoch_river_568.p3d:geometry
 2:30:33.688 Warning: No components in dz\water_bliss\river\enoch_river_569.p3d:geometry
 2:30:33.688 Warning: No components in dz\water_bliss\river\enoch_river_57.p3d:geometry
 2:30:33.688 Warning: No components in dz\water_bliss\river\enoch_river_570.p3d:geometry
 2:30:33.688 Warning: No components in dz\water_bliss\river\enoch_river_571.p3d:geometry
 2:30:33.688 Warning: No components in dz\water_bliss\river\enoch_river_572.p3d:geometry
 2:30:33.688 Warning: No components in dz\water_bliss\river\enoch_river_573.p3d:geometry
 2:30:33.688 Warning: No components in dz\water_bliss\river\enoch_river_574.p3d:geometry
 2:30:33.688 Warning: No components in dz\water_bliss\river\enoch_river_575.p3d:geometry
 2:30:33.688 Warning: No components in dz\water_bliss\river\enoch_river_576.p3d:geometry
 2:30:33.688 Warning: No components in dz\water_bliss\river\enoch_river_577.p3d:geometry
 2:30:33.689 Warning: No components in dz\water_bliss\river\enoch_river_578.p3d:geometry
 2:30:33.689 Warning: No components in dz\water_bliss\river\enoch_river_579.p3d:geometry
 2:30:33.689 Warning: No components in dz\water_bliss\river\enoch_river_58.p3d:geometry
 2:30:33.689 Warning: No components in dz\water_bliss\river\enoch_river_580.p3d:geometry
 2:30:33.689 Warning: No components in dz\water_bliss\river\enoch_river_581.p3d:geometry
 2:30:33.689 Warning: No components in dz\water_bliss\river\enoch_river_582.p3d:geometry
 2:30:33.689 Warning: No components in dz\water_bliss\river\enoch_river_583.p3d:geometry
 2:30:33.689 Warning: No components in dz\water_bliss\river\enoch_river_584.p3d:geometry
 2:30:33.689 Warning: No components in dz\water_bliss\river\enoch_river_585.p3d:geometry
 2:30:33.689 Warning: No components in dz\water_bliss\river\enoch_river_586.p3d:geometry
 2:30:33.689 Warning: No components in dz\water_bliss\river\enoch_river_587.p3d:geometry
 2:30:33.689 Warning: No components in dz\water_bliss\river\enoch_river_588.p3d:geometry
 2:30:33.689 Warning: No components in dz\water_bliss\river\enoch_river_589.p3d:geometry
 2:30:33.689 Warning: No components in dz\water_bliss\river\enoch_river_59.p3d:geometry
 2:30:33.689 Warning: No components in dz\water_bliss\river\enoch_river_590.p3d:geometry
 2:30:33.689 Warning: No components in dz\water_bliss\river\enoch_river_591.p3d:geometry
 2:30:33.689 Warning: No components in dz\water_bliss\river\enoch_river_592.p3d:geometry
 2:30:33.689 Warning: No components in dz\water_bliss\river\enoch_river_593.p3d:geometry
 2:30:33.689 Warning: No components in dz\water_bliss\river\enoch_river_594.p3d:geometry
 2:30:33.690 Warning: No components in dz\water_bliss\river\enoch_river_595.p3d:geometry
 2:30:33.690 Warning: No components in dz\water_bliss\river\enoch_river_596.p3d:geometry
 2:30:33.690 Warning: No components in dz\water_bliss\river\enoch_river_597.p3d:geometry
 2:30:33.690 Warning: No components in dz\water_bliss\river\enoch_river_598.p3d:geometry
 2:30:33.690 Warning: No components in dz\water_bliss\river\enoch_river_599.p3d:geometry
 2:30:33.690 Warning: No components in dz\water_bliss\river\enoch_river_6.p3d:geometry
 2:30:33.690 Warning: No components in dz\water_bliss\river\enoch_river_60.p3d:geometry
 2:30:33.690 Warning: No components in dz\water_bliss\river\enoch_river_600.p3d:geometry
 2:30:33.690 Warning: No components in dz\water_bliss\river\enoch_river_601.p3d:geometry
 2:30:33.690 Warning: No components in dz\water_bliss\river\enoch_river_602.p3d:geometry
 2:30:33.690 Warning: No components in dz\water_bliss\river\enoch_river_603.p3d:geometry
 2:30:33.690 Warning: No components in dz\water_bliss\river\enoch_river_604.p3d:geometry
 2:30:33.690 Warning: No components in dz\water_bliss\river\enoch_river_605.p3d:geometry
 2:30:33.690 Warning: No components in dz\water_bliss\river\enoch_river_606.p3d:geometry
 2:30:33.690 Warning: No components in dz\water_bliss\river\enoch_river_607.p3d:geometry
 2:30:33.690 Warning: No components in dz\water_bliss\river\enoch_river_608.p3d:geometry
 2:30:33.690 Warning: No components in dz\water_bliss\river\enoch_river_609.p3d:geometry
 2:30:33.690 Warning: No components in dz\water_bliss\river\enoch_river_61.p3d:geometry
 2:30:33.690 Warning: No components in dz\water_bliss\river\enoch_river_610.p3d:geometry
 2:30:33.690 Warning: No components in dz\water_bliss\river\enoch_river_611.p3d:geometry
 2:30:33.690 Warning: No components in dz\water_bliss\river\enoch_river_612.p3d:geometry
 2:30:33.690 Warning: No components in dz\water_bliss\river\enoch_river_613.p3d:geometry
 2:30:33.690 Warning: No components in dz\water_bliss\river\enoch_river_614.p3d:geometry
 2:30:33.690 Warning: No components in dz\water_bliss\river\enoch_river_615.p3d:geometry
 2:30:33.690 Warning: No components in dz\water_bliss\river\enoch_river_616.p3d:geometry
 2:30:33.691 Warning: No components in dz\water_bliss\river\enoch_river_617.p3d:geometry
 2:30:33.691 Warning: No components in dz\water_bliss\river\enoch_river_618.p3d:geometry
 2:30:33.691 Warning: No components in dz\water_bliss\river\enoch_river_619.p3d:geometry
 2:30:33.691 Warning: No components in dz\water_bliss\river\enoch_river_62.p3d:geometry
 2:30:33.691 Warning: No components in dz\water_bliss\river\enoch_river_620.p3d:geometry
 2:30:33.691 Warning: No components in dz\water_bliss\river\enoch_river_621.p3d:geometry
 2:30:33.691 Warning: No components in dz\water_bliss\river\enoch_river_622.p3d:geometry
 2:30:33.691 Warning: No components in dz\water_bliss\river\enoch_river_623.p3d:geometry
 2:30:33.691 Warning: No components in dz\water_bliss\river\enoch_river_624.p3d:geometry
 2:30:33.691 Warning: No components in dz\water_bliss\river\enoch_river_625.p3d:geometry
 2:30:33.691 Warning: No components in dz\water_bliss\river\enoch_river_626.p3d:geometry
 2:30:33.691 Warning: No components in dz\water_bliss\river\enoch_river_627.p3d:geometry
 2:30:33.691 Warning: No components in dz\water_bliss\river\enoch_river_628.p3d:geometry
 2:30:33.692 Warning: No components in dz\water_bliss\river\enoch_river_629.p3d:geometry
 2:30:33.692 Warning: No components in dz\water_bliss\river\enoch_river_63.p3d:geometry
 2:30:33.692 Warning: No components in dz\water_bliss\river\enoch_river_630.p3d:geometry
 2:30:33.692 Warning: No components in dz\water_bliss\river\enoch_river_631.p3d:geometry
 2:30:33.692 Warning: No components in dz\water_bliss\river\enoch_river_632.p3d:geometry
 2:30:33.692 Warning: No components in dz\water_bliss\river\enoch_river_633.p3d:geometry
 2:30:33.692 Warning: No components in dz\water_bliss\river\enoch_river_634.p3d:geometry
 2:30:33.693 Warning: No components in dz\water_bliss\river\enoch_river_635.p3d:geometry
 2:30:33.693 Warning: No components in dz\water_bliss\river\enoch_river_636.p3d:geometry
 2:30:33.693 Warning: No components in dz\water_bliss\river\enoch_river_637.p3d:geometry
 2:30:33.693 Warning: No components in dz\water_bliss\river\enoch_river_638.p3d:geometry
 2:30:33.693 Warning: No components in dz\water_bliss\river\enoch_river_639.p3d:geometry
 2:30:33.693 Warning: No components in dz\water_bliss\river\enoch_river_64.p3d:geometry
 2:30:33.693 Warning: No components in dz\water_bliss\river\enoch_river_640.p3d:geometry
 2:30:33.693 Warning: No components in dz\water_bliss\river\enoch_river_641.p3d:geometry
 2:30:33.693 Warning: No components in dz\water_bliss\river\enoch_river_642.p3d:geometry
 2:30:33.693 Warning: No components in dz\water_bliss\river\enoch_river_643.p3d:geometry
 2:30:33.693 Warning: No components in dz\water_bliss\river\enoch_river_644.p3d:geometry
 2:30:33.693 Warning: No components in dz\water_bliss\river\enoch_river_645.p3d:geometry
 2:30:33.693 Warning: No components in dz\water_bliss\river\enoch_river_646.p3d:geometry
 2:30:33.693 Warning: No components in dz\water_bliss\river\enoch_river_647.p3d:geometry
 2:30:33.694 Warning: No components in dz\water_bliss\river\enoch_river_648.p3d:geometry
 2:30:33.694 Warning: No components in dz\water_bliss\river\enoch_river_649.p3d:geometry
 2:30:33.694 Warning: No components in dz\water_bliss\river\enoch_river_65.p3d:geometry
 2:30:33.694 Warning: No components in dz\water_bliss\river\enoch_river_650.p3d:geometry
 2:30:33.694 Warning: No components in dz\water_bliss\river\enoch_river_651.p3d:geometry
 2:30:33.694 Warning: No components in dz\water_bliss\river\enoch_river_652.p3d:geometry
 2:30:33.694 Warning: No components in dz\water_bliss\river\enoch_river_653.p3d:geometry
 2:30:33.694 Warning: No components in dz\water_bliss\river\enoch_river_654.p3d:geometry
 2:30:33.694 Warning: No components in dz\water_bliss\river\enoch_river_655.p3d:geometry
 2:30:33.694 Warning: No components in dz\water_bliss\river\enoch_river_656.p3d:geometry
 2:30:33.694 Warning: No components in dz\water_bliss\river\enoch_river_657.p3d:geometry
 2:30:33.694 Warning: No components in dz\water_bliss\river\enoch_river_658.p3d:geometry
 2:30:33.694 Warning: No components in dz\water_bliss\river\enoch_river_659.p3d:geometry
 2:30:33.694 Warning: No components in dz\water_bliss\river\enoch_river_66.p3d:geometry
 2:30:33.694 Warning: No components in dz\water_bliss\river\enoch_river_660.p3d:geometry
 2:30:33.694 Warning: No components in dz\water_bliss\river\enoch_river_661.p3d:geometry
 2:30:33.694 Warning: No components in dz\water_bliss\river\enoch_river_662.p3d:geometry
 2:30:33.694 Warning: No components in dz\water_bliss\river\enoch_river_663.p3d:geometry
 2:30:33.694 Warning: No components in dz\water_bliss\river\enoch_river_664.p3d:geometry
 2:30:33.694 Warning: No components in dz\water_bliss\river\enoch_river_665.p3d:geometry
 2:30:33.694 Warning: No components in dz\water_bliss\river\enoch_river_666.p3d:geometry
 2:30:33.694 Warning: No components in dz\water_bliss\river\enoch_river_667.p3d:geometry
 2:30:33.694 Warning: No components in dz\water_bliss\river\enoch_river_668.p3d:geometry
 2:30:33.694 Warning: No components in dz\water_bliss\river\enoch_river_669.p3d:geometry
 2:30:33.695 Warning: No components in dz\water_bliss\river\enoch_river_67.p3d:geometry
 2:30:33.695 Warning: No components in dz\water_bliss\river\enoch_river_670.p3d:geometry
 2:30:33.695 Warning: No components in dz\water_bliss\river\enoch_river_671.p3d:geometry
 2:30:33.695 Warning: No components in dz\water_bliss\river\enoch_river_672.p3d:geometry
 2:30:33.695 Warning: No components in dz\water_bliss\river\enoch_river_673.p3d:geometry
 2:30:33.695 Warning: No components in dz\water_bliss\river\enoch_river_674.p3d:geometry
 2:30:33.695 Warning: No components in dz\water_bliss\river\enoch_river_675.p3d:geometry
 2:30:33.695 Warning: No components in dz\water_bliss\river\enoch_river_676.p3d:geometry
 2:30:33.695 Warning: No components in dz\water_bliss\river\enoch_river_677.p3d:geometry
 2:30:33.695 Warning: No components in dz\water_bliss\river\enoch_river_678.p3d:geometry
 2:30:33.695 Warning: No components in dz\water_bliss\river\enoch_river_679.p3d:geometry
 2:30:33.695 Warning: No components in dz\water_bliss\river\enoch_river_68.p3d:geometry
 2:30:33.695 Warning: No components in dz\water_bliss\river\enoch_river_680.p3d:geometry
 2:30:33.695 Warning: No components in dz\water_bliss\river\enoch_river_681.p3d:geometry
 2:30:33.696 Warning: No components in dz\water_bliss\river\enoch_river_682.p3d:geometry
 2:30:33.696 Warning: No components in dz\water_bliss\river\enoch_river_683.p3d:geometry
 2:30:33.696 Warning: No components in dz\water_bliss\river\enoch_river_684.p3d:geometry
 2:30:33.696 Warning: No components in dz\water_bliss\river\enoch_river_685.p3d:geometry
 2:30:33.696 Warning: No components in dz\water_bliss\river\enoch_river_686.p3d:geometry
 2:30:33.696 Warning: No components in dz\water_bliss\river\enoch_river_687.p3d:geometry
 2:30:33.696 Warning: No components in dz\water_bliss\river\enoch_river_688.p3d:geometry
 2:30:33.696 Warning: No components in dz\water_bliss\river\enoch_river_689.p3d:geometry
 2:30:33.696 Warning: No components in dz\water_bliss\river\enoch_river_69.p3d:geometry
 2:30:33.696 Warning: No components in dz\water_bliss\river\enoch_river_690.p3d:geometry
 2:30:33.696 Warning: No components in dz\water_bliss\river\enoch_river_691.p3d:geometry
 2:30:33.697 Warning: No components in dz\water_bliss\river\enoch_river_692.p3d:geometry
 2:30:33.697 Warning: No components in dz\water_bliss\river\enoch_river_693.p3d:geometry
 2:30:33.697 Warning: No components in dz\water_bliss\river\enoch_river_694.p3d:geometry
 2:30:33.697 Warning: No components in dz\water_bliss\river\enoch_river_695.p3d:geometry
 2:30:33.697 Warning: No components in dz\water_bliss\river\enoch_river_696.p3d:geometry
 2:30:33.697 Warning: No components in dz\water_bliss\river\enoch_river_697.p3d:geometry
 2:30:33.697 Warning: No components in dz\water_bliss\river\enoch_river_698.p3d:geometry
 2:30:33.697 Warning: No components in dz\water_bliss\river\enoch_river_699.p3d:geometry
 2:30:33.697 Warning: No components in dz\water_bliss\river\enoch_river_7.p3d:geometry
 2:30:33.697 Warning: No components in dz\water_bliss\river\enoch_river_70.p3d:geometry
 2:30:33.697 Warning: No components in dz\water_bliss\river\enoch_river_700.p3d:geometry
 2:30:33.697 Warning: No components in dz\water_bliss\river\enoch_river_701.p3d:geometry
 2:30:33.697 Warning: No components in dz\water_bliss\river\enoch_river_702.p3d:geometry
 2:30:33.697 Warning: No components in dz\water_bliss\river\enoch_river_703.p3d:geometry
 2:30:33.697 Warning: No components in dz\water_bliss\river\enoch_river_704.p3d:geometry
 2:30:33.697 Warning: No components in dz\water_bliss\river\enoch_river_705.p3d:geometry
 2:30:33.697 Warning: No components in dz\water_bliss\river\enoch_river_706.p3d:geometry
 2:30:33.697 Warning: No components in dz\water_bliss\river\enoch_river_707.p3d:geometry
 2:30:33.697 Warning: No components in dz\water_bliss\river\enoch_river_708.p3d:geometry
 2:30:33.697 Warning: No components in dz\water_bliss\river\enoch_river_709.p3d:geometry
 2:30:33.697 Warning: No components in dz\water_bliss\river\enoch_river_71.p3d:geometry
 2:30:33.697 Warning: No components in dz\water_bliss\river\enoch_river_710.p3d:geometry
 2:30:33.697 Warning: No components in dz\water_bliss\river\enoch_river_711.p3d:geometry
 2:30:33.698 Warning: No components in dz\water_bliss\river\enoch_river_712.p3d:geometry
 2:30:33.698 Warning: No components in dz\water_bliss\river\enoch_river_713.p3d:geometry
 2:30:33.698 Warning: No components in dz\water_bliss\river\enoch_river_714.p3d:geometry
 2:30:33.698 Warning: No components in dz\water_bliss\river\enoch_river_715.p3d:geometry
 2:30:33.698 Warning: No components in dz\water_bliss\river\enoch_river_716.p3d:geometry
 2:30:33.698 Warning: No components in dz\water_bliss\river\enoch_river_717.p3d:geometry
 2:30:33.698 Warning: No components in dz\water_bliss\river\enoch_river_718.p3d:geometry
 2:30:33.698 Warning: No components in dz\water_bliss\river\enoch_river_719.p3d:geometry
 2:30:33.698 Warning: No components in dz\water_bliss\river\enoch_river_72.p3d:geometry
 2:30:33.698 Warning: No components in dz\water_bliss\river\enoch_river_720.p3d:geometry
 2:30:33.698 Warning: No components in dz\water_bliss\river\enoch_river_721.p3d:geometry
 2:30:33.698 Warning: No components in dz\water_bliss\river\enoch_river_722.p3d:geometry
 2:30:33.698 Warning: No components in dz\water_bliss\river\enoch_river_723.p3d:geometry
 2:30:33.698 Warning: No components in dz\water_bliss\river\enoch_river_724.p3d:geometry
 2:30:33.698 Warning: No components in dz\water_bliss\river\enoch_river_725.p3d:geometry
 2:30:33.698 Warning: No components in dz\water_bliss\river\enoch_river_726.p3d:geometry
 2:30:33.698 Warning: No components in dz\water_bliss\river\enoch_river_727.p3d:geometry
 2:30:33.698 Warning: No components in dz\water_bliss\river\enoch_river_728.p3d:geometry
 2:30:33.698 Warning: No components in dz\water_bliss\river\enoch_river_729.p3d:geometry
 2:30:33.698 Warning: No components in dz\water_bliss\river\enoch_river_73.p3d:geometry
 2:30:33.698 Warning: No components in dz\water_bliss\river\enoch_river_730.p3d:geometry
 2:30:33.698 Warning: No components in dz\water_bliss\river\enoch_river_731.p3d:geometry
 2:30:33.698 Warning: No components in dz\water_bliss\river\enoch_river_732.p3d:geometry
 2:30:33.698 Warning: No components in dz\water_bliss\river\enoch_river_733.p3d:geometry
 2:30:33.698 Warning: No components in dz\water_bliss\river\enoch_river_734.p3d:geometry
 2:30:33.700 Warning: No components in dz\water_bliss\river\enoch_river_735.p3d:geometry
 2:30:33.700 Warning: No components in dz\water_bliss\river\enoch_river_736.p3d:geometry
 2:30:33.700 Warning: No components in dz\water_bliss\river\enoch_river_737.p3d:geometry
 2:30:33.700 Warning: No components in dz\water_bliss\river\enoch_river_738.p3d:geometry
 2:30:33.700 Warning: No components in dz\water_bliss\river\enoch_river_739.p3d:geometry
 2:30:33.700 Warning: No components in dz\water_bliss\river\enoch_river_74.p3d:geometry
 2:30:33.700 Warning: No components in dz\water_bliss\river\enoch_river_740.p3d:geometry
 2:30:33.700 Warning: No components in dz\water_bliss\river\enoch_river_741.p3d:geometry
 2:30:33.700 Warning: No components in dz\water_bliss\river\enoch_river_742.p3d:geometry
 2:30:33.700 Warning: No components in dz\water_bliss\river\enoch_river_743.p3d:geometry
 2:30:33.700 Warning: No components in dz\water_bliss\river\enoch_river_744.p3d:geometry
 2:30:33.700 Warning: No components in dz\water_bliss\river\enoch_river_745.p3d:geometry
 2:30:33.700 Warning: No components in dz\water_bliss\river\enoch_river_746.p3d:geometry
 2:30:33.700 Warning: No components in dz\water_bliss\river\enoch_river_747.p3d:geometry
 2:30:33.700 Warning: No components in dz\water_bliss\river\enoch_river_748.p3d:geometry
 2:30:33.700 Warning: No components in dz\water_bliss\river\enoch_river_749.p3d:geometry
 2:30:33.700 Warning: No components in dz\water_bliss\river\enoch_river_75.p3d:geometry
 2:30:33.700 Warning: No components in dz\water_bliss\river\enoch_river_750.p3d:geometry
 2:30:33.700 Warning: No components in dz\water_bliss\river\enoch_river_751.p3d:geometry
 2:30:33.700 Warning: No components in dz\water_bliss\river\enoch_river_752.p3d:geometry
 2:30:33.700 Warning: No components in dz\water_bliss\river\enoch_river_753.p3d:geometry
 2:30:33.700 Warning: No components in dz\water_bliss\river\enoch_river_754.p3d:geometry
 2:30:33.700 Warning: No components in dz\water_bliss\river\enoch_river_755.p3d:geometry
 2:30:33.700 Warning: No components in dz\water_bliss\river\enoch_river_756.p3d:geometry
 2:30:33.700 Warning: No components in dz\water_bliss\river\enoch_river_757.p3d:geometry
 2:30:33.701 Warning: No components in dz\water_bliss\river\enoch_river_758.p3d:geometry
 2:30:33.701 Warning: No components in dz\water_bliss\river\enoch_river_759.p3d:geometry
 2:30:33.701 Warning: No components in dz\water_bliss\river\enoch_river_76.p3d:geometry
 2:30:33.701 Warning: No components in dz\water_bliss\river\enoch_river_760.p3d:geometry
 2:30:33.701 Warning: No components in dz\water_bliss\river\enoch_river_761.p3d:geometry
 2:30:33.701 Warning: No components in dz\water_bliss\river\enoch_river_762.p3d:geometry
 2:30:33.701 Warning: No components in dz\water_bliss\river\enoch_river_763.p3d:geometry
 2:30:33.701 Warning: No components in dz\water_bliss\river\enoch_river_764.p3d:geometry
 2:30:33.701 Warning: No components in dz\water_bliss\river\enoch_river_765.p3d:geometry
 2:30:33.701 Warning: No components in dz\water_bliss\river\enoch_river_766.p3d:geometry
 2:30:33.701 Warning: No components in dz\water_bliss\river\enoch_river_767.p3d:geometry
 2:30:33.702 Warning: No components in dz\water_bliss\river\enoch_river_768.p3d:geometry
 2:30:33.702 Warning: No components in dz\water_bliss\river\enoch_river_769.p3d:geometry
 2:30:33.702 Warning: No components in dz\water_bliss\river\enoch_river_77.p3d:geometry
 2:30:33.702 Warning: No components in dz\water_bliss\river\enoch_river_770.p3d:geometry
 2:30:33.702 Warning: No components in dz\water_bliss\river\enoch_river_771.p3d:geometry
 2:30:33.702 Warning: No components in dz\water_bliss\river\enoch_river_772.p3d:geometry
 2:30:33.702 Warning: No components in dz\water_bliss\river\enoch_river_773.p3d:geometry
 2:30:33.702 Warning: No components in dz\water_bliss\river\enoch_river_774.p3d:geometry
 2:30:33.702 Warning: No components in dz\water_bliss\river\enoch_river_775.p3d:geometry
 2:30:33.702 Warning: No components in dz\water_bliss\river\enoch_river_776.p3d:geometry
 2:30:33.702 Warning: No components in dz\water_bliss\river\enoch_river_777.p3d:geometry
 2:30:33.702 Warning: No components in dz\water_bliss\river\enoch_river_778.p3d:geometry
 2:30:33.702 Warning: No components in dz\water_bliss\river\enoch_river_779.p3d:geometry
 2:30:33.702 Warning: No components in dz\water_bliss\river\enoch_river_78.p3d:geometry
 2:30:33.703 Warning: No components in dz\water_bliss\river\enoch_river_780.p3d:geometry
 2:30:33.703 Warning: No components in dz\water_bliss\river\enoch_river_781.p3d:geometry
 2:30:33.703 Warning: No components in dz\water_bliss\river\enoch_river_782.p3d:geometry
 2:30:33.703 Warning: No components in dz\water_bliss\river\enoch_river_783.p3d:geometry
 2:30:33.703 Warning: No components in dz\water_bliss\river\enoch_river_784.p3d:geometry
 2:30:33.703 Warning: No components in dz\water_bliss\river\enoch_river_785.p3d:geometry
 2:30:33.703 Warning: No components in dz\water_bliss\river\enoch_river_786.p3d:geometry
 2:30:33.703 Warning: No components in dz\water_bliss\river\enoch_river_787.p3d:geometry
 2:30:33.703 Warning: No components in dz\water_bliss\river\enoch_river_788.p3d:geometry
 2:30:33.703 Warning: No components in dz\water_bliss\river\enoch_river_789.p3d:geometry
 2:30:33.703 Warning: No components in dz\water_bliss\river\enoch_river_79.p3d:geometry
 2:30:33.703 Warning: No components in dz\water_bliss\river\enoch_river_790.p3d:geometry
 2:30:33.703 Warning: No components in dz\water_bliss\river\enoch_river_791.p3d:geometry
 2:30:33.703 Warning: No components in dz\water_bliss\river\enoch_river_792.p3d:geometry
 2:30:33.703 Warning: No components in dz\water_bliss\river\enoch_river_793.p3d:geometry
 2:30:33.703 Warning: No components in dz\water_bliss\river\enoch_river_794.p3d:geometry
 2:30:33.703 Warning: No components in dz\water_bliss\river\enoch_river_795.p3d:geometry
 2:30:33.703 Warning: No components in dz\water_bliss\river\enoch_river_796.p3d:geometry
 2:30:33.704 Warning: No components in dz\water_bliss\river\enoch_river_797.p3d:geometry
 2:30:33.704 Warning: No components in dz\water_bliss\river\enoch_river_798.p3d:geometry
 2:30:33.704 Warning: No components in dz\water_bliss\river\enoch_river_799.p3d:geometry
 2:30:33.704 Warning: No components in dz\water_bliss\river\enoch_river_8.p3d:geometry
 2:30:33.704 Warning: No components in dz\water_bliss\river\enoch_river_80.p3d:geometry
 2:30:33.704 Warning: No components in dz\water_bliss\river\enoch_river_800.p3d:geometry
 2:30:33.704 Warning: No components in dz\water_bliss\river\enoch_river_801.p3d:geometry
 2:30:33.704 Warning: No components in dz\water_bliss\river\enoch_river_802.p3d:geometry
 2:30:33.704 Warning: No components in dz\water_bliss\river\enoch_river_803.p3d:geometry
 2:30:33.705 Warning: No components in dz\water_bliss\river\enoch_river_81.p3d:geometry
 2:30:33.705 Warning: No components in dz\water_bliss\river\enoch_river_82.p3d:geometry
 2:30:33.705 Warning: No components in dz\water_bliss\river\enoch_river_83.p3d:geometry
 2:30:33.705 Warning: No components in dz\water_bliss\river\enoch_river_84.p3d:geometry
 2:30:33.705 Warning: No components in dz\water_bliss\river\enoch_river_85.p3d:geometry
 2:30:33.705 Warning: No components in dz\water_bliss\river\enoch_river_86.p3d:geometry
 2:30:33.705 Warning: No components in dz\water_bliss\river\enoch_river_87.p3d:geometry
 2:30:33.705 Warning: No components in dz\water_bliss\river\enoch_river_88.p3d:geometry
 2:30:33.705 Warning: No components in dz\water_bliss\river\enoch_river_89.p3d:geometry
 2:30:33.705 Warning: No components in dz\water_bliss\river\enoch_river_9.p3d:geometry
 2:30:33.709 Warning: No components in dz\water_bliss\river\enoch_river_90.p3d:geometry
 2:30:33.709 Warning: No components in dz\water_bliss\river\enoch_river_91.p3d:geometry
 2:30:33.709 Warning: No components in dz\water_bliss\river\enoch_river_92.p3d:geometry
 2:30:33.710 Warning: No components in dz\water_bliss\river\enoch_river_93.p3d:geometry
 2:30:33.710 Warning: No components in dz\water_bliss\river\enoch_river_94.p3d:geometry
 2:30:33.710 Warning: No components in dz\water_bliss\river\enoch_river_95.p3d:geometry
 2:30:33.710 Warning: No components in dz\water_bliss\river\enoch_river_96.p3d:geometry
 2:30:33.710 Warning: No components in dz\water_bliss\river\enoch_river_97.p3d:geometry
 2:30:33.710 Warning: No components in dz\water_bliss\river\enoch_river_98.p3d:geometry
 2:30:33.710 Warning: No components in dz\water_bliss\river\enoch_river_99.p3d:geometry
 2:30:33.711 Warning: No components in dz\weapons\ammunition\12ga_00buck.p3d:geometry
 2:30:33.711 Warning: No components in dz\weapons\ammunition\12ga_beanbag.p3d:geometry
 2:30:33.712 Warning: No components in dz\weapons\ammunition\12ga_rifled_slug.p3d:geometry
 2:30:33.712 Warning: No components in dz\weapons\ammunition\12ga_rubberrifled_slug.p3d:geometry
 2:30:33.712 Warning: No components in dz\weapons\ammunition\22lr_looseround.p3d:geometry
 2:30:33.712 Warning: No components in dz\weapons\ammunition\22_looserounds.p3d:geometry
 2:30:33.713 Warning: No components in dz\weapons\ammunition\308win_looserounds.p3d:geometry
 2:30:33.714 Warning: No components in dz\weapons\ammunition\357_looserounds.p3d:geometry
 2:30:33.714 Warning: No components in dz\weapons\ammunition\380auto_looserounds.p3d:geometry
 2:30:33.714 Warning: No components in dz\weapons\ammunition\380auto_singleround.p3d:geometry
 2:30:33.715 Warning: No components in dz\weapons\ammunition\45acp_looserounds.p3d:geometry
 2:30:33.715 Warning: No components in dz\weapons\ammunition\545x39_looserounds.p3d:geometry
 2:30:33.716 Warning: No components in dz\weapons\ammunition\556_looserounds.p3d:geometry
 2:30:33.717 Warning: No components in dz\weapons\ammunition\762x39_box.p3d:geometry
 2:30:33.717 Warning: No components in dz\weapons\ammunition\762x39_looserounds.p3d:geometry
 2:30:33.718 Warning: No components in dz\weapons\ammunition\762_looserounds.p3d:geometry
 2:30:33.718 Warning: No components in dz\weapons\ammunition\9mm_looserounds.p3d:geometry
 2:30:33.718 Warning: No components in dz\weapons\ammunition\9x39_looserounds.p3d:geometry
 2:30:33.718 Warning: No components in dz\weapons\ammunition\flare_singleround.p3d:geometry
 2:30:33.719 Warning: No components in dz\weapons\ammunition\rocket_rpg7.p3d:geometry
 2:30:33.719 Warning: No components in dz\weapons\ammunition\rocket_rpg7_inflight.p3d:geometry
 2:30:33.720 Warning: No components in dz\weapons\ammunition\vog25.p3d:geometry
 2:30:33.722 Warning: No components in dz\weapons\archery\crossbow\crossbow.p3d:geometry
 2:30:33.722 Warning: No components in dz\weapons\attachments\light\weaponlight_tlr_mich2001_slothelper.p3d:geometry
 2:30:33.730 Warning: No components in dz\weapons\attachments\magazine\magazine_mk2.p3d:geometryFire
 2:30:33.735 Warning: No components in dz\weapons\attachments\magazine\magazine_ruger1022_15.p3d:geometry
 2:30:33.735 Warning: No components in dz\weapons\attachments\magazine\magazine_ruger1022_30.p3d:geometry
 2:30:33.735 Warning: No components in dz\weapons\attachments\magazine\magazine_saiga_drum.p3d:geometryFire
 2:30:33.735 Warning: No components in dz\weapons\attachments\magazine\magazine_saiga_drum.p3d:geometryView
 2:30:33.741 Warning: No components in dz\weapons\attachments\optics\bow_sights.p3d:geometry
 2:30:33.745 Warning: No components in dz\weapons\attachments\support\universal_rail.p3d:geometryFire
 2:30:33.747 Warning: No components in dz\weapons\explosives\fakeexplosion.p3d:geometry
 2:30:33.747 Warning: No components in dz\weapons\explosives\fakeexplosion.p3d:geometryFire
 2:30:33.747 Warning: No components in dz\weapons\explosives\fakeexplosion.p3d:geometryView
 2:30:33.750 Warning: No components in dz\weapons\firearms\aug\proxy\long_barrel.p3d:geometry
 2:30:33.750 Warning: No components in dz\weapons\firearms\aug\proxy\mid_barrel.p3d:geometry
 2:30:33.751 Warning: No components in dz\weapons\firearms\aug\proxy\rails.p3d:geometry
 2:30:33.751 Warning: No components in dz\weapons\firearms\aug\proxy\short_barrel.p3d:geometry
 2:30:33.761 Warning: No components in dz\weapons\firearms\ots14\ots14.p3d:geometryFire
 2:30:33.761 Warning: No components in dz\weapons\firearms\ots14\ots14.p3d:geometryView
 2:30:33.771 Warning: No components in dz\weapons\launchers\gp25\ubgl_gp25.p3d:geometry
 2:30:33.773 Warning: No components in dz\weapons\launchers\m203\m203.p3d:geometry
 2:30:33.773 Warning: No components in dz\weapons\launchers\rpg7\rpg7.p3d:geometry
 2:30:33.776 Warning: No components in dz\weapons\melee\blade\machete.p3d:geometry
 2:30:33.779 Warning: No components in dz\weapons\melee\blunt\brassknuckles.p3d:geometry
 2:30:33.780 Warning: No components in dz\weapons\melee\blunt\hockey_stick.p3d:geometry
 2:30:33.782 Warning: No components in dz\weapons\melee\blunt\telescopingbaton_retracted.p3d:geometry
 2:30:33.783 Warning: No components in dz\weapons\melee\powered\stun_baton.p3d:geometry
 2:30:33.783 Warning: No components in dz\weapons\nonlethal\dartgun\dartgun.p3d:geometry
 2:30:33.784 Warning: No components in dz\weapons\nonlethal\shockpistol\shockpistol.p3d:geometry
 2:30:33.786 Warning: No components in dz\weapons\pistols\derringer\derringer.p3d:geometry
 2:30:33.793 Warning: No components in dz\weapons\projectiles\arrow_composite.p3d:geometryFire
 2:30:33.793 Warning: No components in dz\weapons\projectiles\arrow_composite_flying.p3d:geometry
 2:30:33.793 Warning Message: Cannot open object dz\weapons\projectiles\arrow_crafted_advanced.p3d
 2:30:33.793 Warning: No components in dz\weapons\projectiles\arrow_crafted_simple.p3d:geometry
 2:30:33.793 Warning Message: Cannot open object dz\weapons\projectiles\arrow_hunting.p3d
 2:30:33.793 Warning Message: Cannot open object dz\weapons\projectiles\arrow_hunting_flying.p3d
 2:30:33.793 Warning Message: Cannot open object dz\weapons\projectiles\arrow_target.p3d
 2:30:33.794 Warning: No components in dz\weapons\projectiles\dart_syringe.p3d:geometry
 2:30:33.794 Warning: No components in dz\weapons\projectiles\flare_singleround.p3d:geometry
 2:30:33.797 Warning: No components in dz\weapons\projectiles\speargun_spear.p3d:geometry
 2:30:33.797 Warning: No components in dz\weapons\projectiles\vog25_singleround.p3d:geometry
 2:30:33.798 Warning: No components in dz\weapons\proxies\muzzle_flash_pistol_fnp.p3d:geometry
 2:30:33.798 Warning: No components in dz\weapons\proxies\muzzle_flash_rifle_m4.p3d:geometry
 2:30:33.798 Warning: No components in dz\weapons\proxies\muzzle_flash_rifle_silencer.p3d:geometry
 2:30:33.798 Warning: No components in dz\weapons\proxies\zasleh1_pilot_proxy.p3d:geometry
 2:30:33.800 Warning: No components in dz\weapons\proxies\zasleh1_proxy.p3d:geometry
 2:30:33.800 Warning: No components in dz\weapons\proxies\zasleh2_pilot_proxy.p3d:geometry
 2:30:33.800 Warning: No components in dz\weapons\proxies\zasleh2_proxy.p3d:geometry
 2:30:33.800 Warning: No components in dz\weapons\proxies\zasleh3_proxy.p3d:geometry
 2:30:33.800 Warning: No components in dz\weapons\proxies\zasleh_pistol_pilot_proxy.p3d:geometry
 2:30:33.800 Warning: No components in dz\weapons\proxies\zasleh_pistol_proxy.p3d:geometry
 2:30:33.800 Warning: No components in dz\weapons\shotguns\izh43\izh43.p3d:geometry
 2:30:33.801 Warning: No components in dz\weapons\shotguns\izh43\izh43_sawedoff.p3d:geometry
 2:30:33.802 Warning Message: Cannot open object dz\weapons\shotguns\remington_r12\remington_r12.p3d
 2:30:33.816 Warning: No components in dz\characters\backpacks\slingbag_g.p3d:geometryView
 2:30:33.817 Warning: No components in dz\characters\backpacks\armypouch_g.p3d:geometryView
 2:30:33.819 Warning: No components in dz\characters\backpacks\duffelbagsmall_g.p3d:geometry
 2:30:33.819 Warning: No components in dz\characters\backpacks\duffelbagsmall_g.p3d:geometryView
 2:30:33.820 Warning: No components in dz\characters\backpacks\canvasbag_g.p3d:geometryView
 2:30:33.851 Warning: No components in nst\ns_sounds\entities\sfx_athena1.p3d:geometry
 2:30:33.851 Warning: No components in nst\ns_sounds\entities\sfx_playground.p3d:geometry
 2:30:33.858 Warning: No components in dz\gear\cooking\fireplace_spot_snow.p3d:geometry
 2:30:33.868 Warning: No components in dz\gear\tools\shippingcontainerkeys.p3d:geometry
 2:30:33.875 FireworksLauncher_Skeleton: Invalid parent bone 'inventory' for 'cover'
 2:30:33.875 FireworksLauncher_Skeleton: Invalid parent bone 'placing' for ''
 2:30:33.883 Warning: No components in nst\ns_dayz\gear\tools\stash_namalsk_snow.p3d:geometryFire
 2:30:33.893 Warning: No components in dz\weapons\firearms\b95\b95_sawn.p3d:geometry
 2:30:33.900 Convex "component05" selection faces are less then 4 in dz\weapons\firearms\m16a2\m16a2.p3d:geometryFire
 2:30:33.900 Convex "component06" selection faces are less then 4 in dz\weapons\firearms\m16a2\m16a2.p3d:geometryFire
 2:30:33.900 Convex "component07" selection faces are less then 4 in dz\weapons\firearms\m16a2\m16a2.p3d:geometryFire
 2:30:33.900 Convex "component10" selection faces are less then 4 in dz\weapons\firearms\m16a2\m16a2.p3d:geometryFire
 2:30:33.900 Convex "component11" selection faces are less then 4 in dz\weapons\firearms\m16a2\m16a2.p3d:geometryFire
 2:30:33.916 Warning: No components in dz\weapons\launchers\m79\m79.p3d:geometryView
 2:30:33.948 Warning: No components in dz\weapons\projectiles\bolt_biggame.p3d:geometryFire
 2:30:33.948 Warning: No components in dz\weapons\projectiles\bolt_crude.p3d:geometryFire
 2:30:33.948 Warning: No components in dz\weapons\projectiles\bolt_crafted.p3d:geometryFire
 2:30:33.949 Warning: No components in dz\weapons\projectiles\bolt_cupids.p3d:geometryFire
 2:30:33.949 Warning: No components in dz\weapons\ammunition\flare_singleround_red.p3d:geometry
 2:30:33.950 Warning: No components in dz\weapons\ammunition\flare_singleround_green.p3d:geometry
 2:30:33.950 Warning: No components in dz\weapons\ammunition\flare_singleround_blue.p3d:geometry
 2:30:33.960 [CE][TypeSetup] :: 601 classes setuped...
 2:30:36.595 [CE][RegisterBind] :: 0 classes binded...
 2:30:36.595 [CE][RegisterConfig] :: 11950 config classes registered, 0 sub-counters...
 2:30:36.595 [CE][Hive] :: Loading map data ... 
 2:30:36.667 [CE][LoadPrototype] :: loaded 256 prototypes
 2:30:36.667   404 containers, 7415 points
 2:30:36.667   1 dispatches, 1 proxies
 2:30:36.667 !!! [CE][LoadPrototype] 1 groups have wrong points...
 2:30:36.667 [CE][LoadPrototype] :: last group name: land_frozen_person...
 2:30:36.670 [CE][LoadPrototype] :: loaded 0 prototypes
 2:30:36.670   38 containers, 66 points
 2:30:36.670   0 dispatches, 0 proxies
 2:30:36.670 [CE][LoadPrototype] :: last group name: StoneLoc38...
 2:30:36.707 [CE][LoadMap] "Group" :: loaded 1445 groups, groups failed: 0, largest group range: 36.4
 2:30:36.708 [CE][LoadMap] "Dirt" :: loaded 0 groups, groups failed: 0, largest group range: 36.4
 2:30:36.714 [CE][Links] found 472 total links between groups, of 1445
 2:30:36.714 [CE][LoadClusters] "Cluster" :: Loading files...
 2:30:36.723 [CE][LoadClusters] :: file: "mapgroupcluster.xml", 1 types, 2418 instances
 2:30:36.725 [CE][Storage] ver:21 stamp:72, valid:yes, name:"G:\SteamLibrary\steamapps\common\DayZServer\mpmissions\regular.namalsk\storage_1\data\types.bin"
 2:30:36.726 [CE][Storage] ver:0 stamp:0, valid:NO, name:"G:\SteamLibrary\steamapps\common\DayZServer\mpmissions\regular.namalsk\storage_1\data\types.001"
 2:30:36.726 [CE][Storage] ver:0 stamp:0, valid:NO, name:"G:\SteamLibrary\steamapps\common\DayZServer\mpmissions\regular.namalsk\storage_1\data\types.002"
 2:30:36.726 [CE][Storage] Restoring file "G:\SteamLibrary\steamapps\common\DayZServer\mpmissions\regular.namalsk\storage_1\data\types.bin".
 2:30:36.850 [CE][offlineDB] :: Loaded 23 dynamic events 177 total types.
 2:30:36.868 !!! [CE][offlineDB] :: Type 'ChristmasTree' will be ignored. (Not spawnable. (Scope is not public?))
 2:30:36.876 [CE][DE][SPAWNS] :: Total positions: 711
 2:30:36.876 [CE][DE][GROUPS] :: Total eventgroups defined: 0, Eventgroups in use: 0
 2:30:36.876 [CE][Storage] ver:25 stamp:72, valid:yes, name:"G:\SteamLibrary\steamapps\common\DayZServer\mpmissions\regular.namalsk\storage_1\data\events.bin"
 2:30:36.876 [CE][Storage] ver:0 stamp:0, valid:NO, name:"G:\SteamLibrary\steamapps\common\DayZServer\mpmissions\regular.namalsk\storage_1\data\events.001"
 2:30:36.876 [CE][Storage] ver:0 stamp:0, valid:NO, name:"G:\SteamLibrary\steamapps\common\DayZServer\mpmissions\regular.namalsk\storage_1\data\events.002"
 2:30:36.876 [CE][Storage] Restoring file "G:\SteamLibrary\steamapps\common\DayZServer\mpmissions\regular.namalsk\storage_1\data\events.bin".
 2:30:36.876 [CE][DynamicEvent] Load  Events:[23] Primary spawners: 23 Secondary spawners: 0
 2:30:36.876 
 2:30:36.876 [CE][DE] Scaling Spawner: 4
 2:30:36.876 100 % == 1600 pcs
 2:30:36.876 
 2:30:36.876 [0] InfectedSanta :: dmax: 0.0, 1.0 % == 16 pcs
 2:30:36.876 ZmbM_Santa :: 100 % min: 16, max: 16
 2:30:36.876   pcs: 16
 2:30:36.876 
 2:30:36.876 [1] InfectedArmy :: dmax: 574.0, 59.1 % == 945 pcs
 2:30:36.876 ZmbM_PatrolNormal_Autumn :: 5 % min: 47, max: 47
 2:30:36.876 ZmbM_PatrolNormal_Flat :: 5 % min: 48, max: 48
 2:30:36.876 ZmbM_PatrolNormal_PautRev :: 5 % min: 47, max: 47
 2:30:36.876 ZmbM_PatrolNormal_Summer :: 5 % min: 47, max: 47
 2:30:36.876 ZmbM_SoldierNormal :: 5 % min: 47, max: 47
 2:30:36.876 ZmbM_usSoldier_Officer_Desert :: 5 % min: 48, max: 48
 2:30:36.876 ZmbM_ruSoldier_normal_Woodland1 :: 15 % min: 141, max: 141
 2:30:36.876 ZmbM_ruSoldier_normal_Woodland2 :: 15 % min: 142, max: 142
 2:30:36.876 ZmbM_usSoldier_normal_Woodland :: 20 % min: 189, max: 189
 2:30:36.876 ZmbM_nacSoldier_normal :: 20 % min: 189, max: 189
 2:30:36.876   pcs: 945
 2:30:36.876 
 2:30:36.876 [2] InfectedIndustrial :: dmax: 257.0, 26.5 % == 423 pcs
 2:30:36.876 ZmbF_BlueCollarFat_Blue :: 3 % min: 13, max: 13
 2:30:36.876 ZmbF_BlueCollarFat_Green :: 3 % min: 12, max: 12
 2:30:36.876 ZmbF_BlueCollarFat_Red :: 3 % min: 13, max: 13
 2:30:36.876 ZmbF_BlueCollarFat_White :: 3 % min: 13, max: 13
 2:30:36.876 ZmbF_MechanicNormal_Beige :: 4 % min: 17, max: 17
 2:30:36.876 ZmbF_MechanicNormal_Green :: 4 % min: 17, max: 17
 2:30:36.876 ZmbF_MechanicNormal_Grey :: 4 % min: 17, max: 17
 2:30:36.876 ZmbF_MechanicNormal_Orange :: 4 % min: 16, max: 16
 2:30:36.876 ZmbM_ConstrWorkerNormal_Beige :: 3 % min: 13, max: 13
 2:30:36.876 ZmbM_ConstrWorkerNormal_Black :: 3 % min: 13, max: 13
 2:30:36.876 ZmbM_ConstrWorkerNormal_Green :: 3 % min: 13, max: 13
 2:30:36.876 ZmbM_ConstrWorkerNormal_Grey :: 3 % min: 12, max: 12
 2:30:36.876 ZmbM_HandymanNormal_Beige :: 4 % min: 17, max: 17
 2:30:36.876 ZmbM_HandymanNormal_Blue :: 4 % min: 17, max: 17
 2:30:36.876 ZmbM_HandymanNormal_Green :: 4 % min: 17, max: 17
 2:30:36.876 ZmbM_HandymanNormal_Grey :: 2 % min: 8, max: 8
 2:30:36.876 ZmbM_HandymanNormal_White :: 2 % min: 9, max: 9
 2:30:36.876 ZmbM_HeavyIndustryWorker :: 6 % min: 25, max: 25
 2:30:36.876 ZmbM_MechanicSkinny_Blue :: 4 % min: 17, max: 17
 2:30:36.876 ZmbM_MechanicSkinny_Green :: 4 % min: 17, max: 17
 2:30:36.876 ZmbM_MechanicSkinny_Grey :: 4 % min: 17, max: 17
 2:30:36.876 ZmbM_MechanicSkinny_Red :: 4 % min: 17, max: 17
 2:30:36.876 ZmbM_OffshoreWorker_Green :: 4 % min: 17, max: 17
 2:30:36.876 ZmbM_OffshoreWorker_Orange :: 4 % min: 17, max: 17
 2:30:36.876 ZmbM_OffshoreWorker_Red :: 4 % min: 17, max: 17
 2:30:36.876 ZmbM_OffshoreWorker_Yellow :: 4 % min: 17, max: 17
 2:30:36.876 ZmbM_FirefighterNormal :: 2 % min: 8, max: 8
 2:30:36.876 ZmbM_NBC_Grey :: 4 % min: 17, max: 17
 2:30:36.876   pcs: 423
 2:30:36.876 
 2:30:36.876 [3] InfectedCivil :: dmax: 124.0, 12.8 % == 204 pcs
 2:30:36.876 ZmbF_JoggerSkinny_Blue :: 1 % min: 2, max: 2
 2:30:36.876 ZmbF_JoggerSkinny_Brown :: 1 % min: 2, max: 2
 2:30:36.876 ZmbF_JoggerSkinny_Green :: 1 % min: 2, max: 2
 2:30:36.876 ZmbF_JoggerSkinny_Red :: 1 % min: 2, max: 2
 2:30:36.876 ZmbF_MilkMaidOld_Beige :: 1 % min: 2, max: 2
 2:30:36.876 ZmbF_MilkMaidOld_Black :: 1 % min: 2, max: 2
 2:30:36.876 ZmbF_MilkMaidOld_Green :: 1 % min: 2, max: 2
 2:30:36.876 ZmbF_MilkMaidOld_Grey :: 1 % min: 2, max: 2
 2:30:36.876 ZmbF_VillagerOld_Blue :: 1 % min: 2, max: 2
 2:30:36.876 ZmbF_VillagerOld_Green :: 1 % min: 2, max: 2
 2:30:36.876 ZmbF_VillagerOld_Red :: 1 % min: 2, max: 2
 2:30:36.876 ZmbF_VillagerOld_White :: 1 % min: 2, max: 2
 2:30:36.876 ZmbM_FarmerFat_Beige :: 1 % min: 3, max: 3
 2:30:36.876 ZmbM_FarmerFat_Blue :: 1 % min: 2, max: 2
 2:30:36.876 ZmbM_FarmerFat_Brown :: 1 % min: 2, max: 2
 2:30:36.876 ZmbM_FarmerFat_Green :: 1 % min: 2, max: 2
 2:30:36.876 ZmbM_JoggerSkinny_Blue :: 1 % min: 2, max: 2
 2:30:36.876 ZmbM_JoggerSkinny_Green :: 1 % min: 2, max: 2
 2:30:36.876 ZmbM_JoggerSkinny_Red :: 1 % min: 2, max: 2
 2:30:36.876 ZmbM_VillagerOld_Blue :: 1 % min: 2, max: 2
 2:30:36.876 ZmbM_VillagerOld_Green :: 1 % min: 2, max: 2
 2:30:36.876 ZmbM_VillagerOld_White :: 1 % min: 2, max: 2
 2:30:36.876 ZmbF_HikerSkinny_Blue :: 1 % min: 2, max: 2
 2:30:36.876 ZmbF_HikerSkinny_Green :: 1 % min: 2, max: 2
 2:30:36.876 ZmbF_HikerSkinny_Grey :: 1 % min: 2, max: 2
 2:30:36.876 ZmbF_HikerSkinny_Red :: 1 % min: 2, max: 2
 2:30:36.876 ZmbM_FishermanOld_Blue :: 1 % min: 2, max: 2
 2:30:36.876 ZmbM_FishermanOld_Green :: 1 % min: 2, max: 2
 2:30:36.876 ZmbM_FishermanOld_Grey :: 1 % min: 2, max: 2
 2:30:36.876 ZmbM_FishermanOld_Red :: 1 % min: 2, max: 2
 2:30:36.876 ZmbM_HermitSkinny_Beige :: 1 % min: 2, max: 2
 2:30:36.876 ZmbM_HermitSkinny_Black :: 1 % min: 2, max: 2
 2:30:36.876 ZmbM_HermitSkinny_Green :: 1 % min: 2, max: 2
 2:30:36.876 ZmbM_HermitSkinny_Red :: 1 % min: 2, max: 2
 2:30:36.877 ZmbM_HikerSkinny_Blue :: 1 % min: 2, max: 2
 2:30:36.877 ZmbM_HikerSkinny_Green :: 1 % min: 2, max: 2
 2:30:36.877 ZmbM_HikerSkinny_Yellow :: 1 % min: 2, max: 2
 2:30:36.877 ZmbM_HunterOld_Autumn :: 1 % min: 3, max: 3
 2:30:36.877 ZmbM_HunterOld_Spring :: 1 % min: 2, max: 2
 2:30:36.877 ZmbM_HunterOld_Summer :: 1 % min: 2, max: 2
 2:30:36.877 ZmbM_HunterOld_Winter :: 1 % min: 2, max: 2
 2:30:36.877 ZmbM_priestPopSkinny :: 1 % min: 2, max: 2
 2:30:36.877 ZmbM_PrisonerSkinny :: 1 % min: 2, max: 2
 2:30:36.877 ZmbF_PoliceWomanNormal :: 1 % min: 2, max: 2
 2:30:36.877 ZmbM_PolicemanFat :: 1 % min: 2, max: 2
 2:30:36.877 ZmbM_PolicemanSpecForce :: 1 % min: 2, max: 2
 2:30:36.877 ZmbF_CitizenANormal_Beige :: 1 % min: 2, max: 2
 2:30:36.877 ZmbF_CitizenANormal_Brown :: 1 % min: 2, max: 2
 2:30:36.877 ZmbF_CitizenBSkinny :: 1 % min: 2, max: 2
 2:30:36.877 ZmbF_Clerk_Normal_Blue :: 1 % min: 2, max: 2
 2:30:36.877 ZmbF_Clerk_Normal_Green :: 1 % min: 2, max: 2
 2:30:36.877 ZmbF_Clerk_Normal_Red :: 1 % min: 2, max: 2
 2:30:36.877 ZmbF_Clerk_Normal_White :: 1 % min: 2, max: 2
 2:30:36.877 ZmbF_JournalistNormal_Blue :: 1 % min: 2, max: 2
 2:30:36.877 ZmbF_JournalistNormal_Green :: 1 % min: 2, max: 2
 2:30:36.877 ZmbF_JournalistNormal_Red :: 1 % min: 2, max: 2
 2:30:36.877 ZmbF_JournalistNormal_White :: 1 % min: 2, max: 2
 2:30:36.877 ZmbF_ShortSkirt_beige :: 1 % min: 2, max: 2
 2:30:36.877 ZmbF_ShortSkirt_Black :: 1 % min: 2, max: 2
 2:30:36.877 ZmbF_ShortSkirt_checks :: 1 % min: 2, max: 2
 2:30:36.877 ZmbF_ShortSkirt_green :: 1 % min: 2, max: 2
 2:30:36.877 ZmbF_ShortSkirt_red :: 1 % min: 2, max: 2
 2:30:36.877 ZmbF_ShortSkirt_white :: 1 % min: 3, max: 3
 2:30:36.877 ZmbF_ShortSkirt_yellow :: 1 % min: 2, max: 2
 2:30:36.877 ZmbF_SkaterYoung_Brown :: 1 % min: 2, max: 2
 2:30:36.877 ZmbF_SkaterYoung_Striped :: 1 % min: 2, max: 2
 2:30:36.877 ZmbF_SkaterYoung_Violet :: 1 % min: 2, max: 2
 2:30:36.877 ZmbF_SurvivorNormal_Blue :: 1 % min: 2, max: 2
 2:30:36.877 ZmbF_SurvivorNormal_Orange :: 1 % min: 2, max: 2
 2:30:36.877 ZmbF_SurvivorNormal_Red :: 1 % min: 2, max: 2
 2:30:36.877 ZmbF_SurvivorNormal_White :: 1 % min: 2, max: 2
 2:30:36.877 ZmbM_CitizenASkinny_Blue :: 1 % min: 2, max: 2
 2:30:36.877 ZmbM_CitizenASkinny_Brown :: 1 % min: 2, max: 2
 2:30:36.877 ZmbM_CitizenASkinny_Grey :: 1 % min: 2, max: 2
 2:30:36.877 ZmbM_CitizenASkinny_Red :: 1 % min: 2, max: 2
 2:30:36.877 ZmbM_CitizenBFat_Blue :: 1 % min: 2, max: 2
 2:30:36.877 ZmbM_CitizenBFat_Green :: 1 % min: 2, max: 2
 2:30:36.877 ZmbM_CitizenBFat_Red :: 1 % min: 2, max: 2
 2:30:36.877 ZmbM_ClerkFat_Brown :: 1 % min: 2, max: 2
 2:30:36.877 ZmbM_ClerkFat_Grey :: 1 % min: 2, max: 2
 2:30:36.877 ZmbM_ClerkFat_Khaki :: 1 % min: 2, max: 2
 2:30:36.877 ZmbM_ClerkFat_White :: 1 % min: 2, max: 2
 2:30:36.877 ZmbM_CommercialPilotOld_Blue :: 1 % min: 2, max: 2
 2:30:36.877 ZmbM_CommercialPilotOld_Brown :: 1 % min: 2, max: 2
 2:30:36.877 ZmbM_CommercialPilotOld_Grey :: 1 % min: 2, max: 2
 2:30:36.877 ZmbM_CommercialPilotOld_Olive :: 1 % min: 2, max: 2
 2:30:36.877 ZmbM_Jacket_beige :: 1 % min: 2, max: 2
 2:30:36.877 ZmbM_Jacket_black :: 1 % min: 3, max: 3
 2:30:36.877 ZmbM_Jacket_blue :: 1 % min: 2, max: 2
 2:30:36.877 ZmbM_Jacket_brown :: 1 % min: 2, max: 2
 2:30:36.877 ZmbM_Jacket_grey :: 1 % min: 2, max: 2
 2:30:36.877 ZmbM_Jacket_khaki :: 1 % min: 2, max: 2
 2:30:36.877 ZmbM_JournalistSkinny :: 1 % min: 2, max: 2
 2:30:36.877 ZmbM_MotobikerFat_Beige :: 1 % min: 2, max: 2
 2:30:36.877 ZmbM_MotobikerFat_Black :: 1 % min: 2, max: 2
 2:30:36.877 ZmbM_MotobikerFat_Blue :: 1 % min: 10, max: 10
 2:30:36.877   pcs: 204
 2:30:36.877 
 2:30:36.877 [4] InfectedMedic :: dmax: 16.0, 1.6 % == 26 pcs
 2:30:36.877 ZmbF_DoctorSkinny :: 8 % min: 2, max: 2
 2:30:36.877 ZmbF_NurseFat_Winter :: 8 % min: 2, max: 2
 2:30:36.877 ZmbF_ParamedicNormal_Blue :: 8 % min: 2, max: 2
 2:30:36.877 ZmbF_ParamedicNormal_Green :: 8 % min: 2, max: 2
 2:30:36.877 ZmbF_ParamedicNormal_Red :: 8 % min: 2, max: 2
 2:30:36.877 ZmbF_PatientOld_Winter :: 8 % min: 2, max: 2
 2:30:36.877 ZmbM_DoctorFat_Winter :: 8 % min: 3, max: 3
 2:30:36.877 ZmbM_ParamedicNormal_Black :: 8 % min: 2, max: 2
 2:30:36.877 ZmbM_ParamedicNormal_Blue :: 8 % min: 2, max: 2
 2:30:36.877 ZmbM_ParamedicNormal_Green :: 6 % min: 1, max: 1
 2:30:36.877 ZmbM_ParamedicNormal_Red :: 6 % min: 2, max: 2
 2:30:36.877 ZmbM_PatientSkinny_Winter :: 8 % min: 2, max: 2
 2:30:36.877 ZmbM_NBC_Yellow :: 8 % min: 2, max: 2
 2:30:36.877   pcs: 26
 2:30:36.877 
 2:30:36.877   total pcs: 1614
 2:30:36.877 
 2:30:36.877 [CE][Storage] ver:26 stamp:72, valid:yes, name:"G:\SteamLibrary\steamapps\common\DayZServer\mpmissions\regular.namalsk\storage_1\data\dynamic_000.bin"
 2:30:36.877 [CE][Storage] ver:0 stamp:0, valid:NO, name:"G:\SteamLibrary\steamapps\common\DayZServer\mpmissions\regular.namalsk\storage_1\data\dynamic_000.001"
 2:30:36.877 [CE][Storage] ver:0 stamp:0, valid:NO, name:"G:\SteamLibrary\steamapps\common\DayZServer\mpmissions\regular.namalsk\storage_1\data\dynamic_000.002"
 2:30:36.877 [CE][Storage] Restoring file "G:\SteamLibrary\steamapps\common\DayZServer\mpmissions\regular.namalsk\storage_1\data\dynamic_000.bin" 1 items.
 2:30:36.880   1 items loaded. (0 failed)
 2:30:36.880 [CE][Storage] ver:26 stamp:72, valid:yes, name:"G:\SteamLibrary\steamapps\common\DayZServer\mpmissions\regular.namalsk\storage_1\data\dynamic_001.bin"
 2:30:36.880 [CE][Storage] ver:0 stamp:0, valid:NO, name:"G:\SteamLibrary\steamapps\common\DayZServer\mpmissions\regular.namalsk\storage_1\data\dynamic_001.001"
 2:30:36.880 [CE][Storage] ver:0 stamp:0, valid:NO, name:"G:\SteamLibrary\steamapps\common\DayZServer\mpmissions\regular.namalsk\storage_1\data\dynamic_001.002"
 2:30:36.880 [CE][Storage] Restoring file "G:\SteamLibrary\steamapps\common\DayZServer\mpmissions\regular.namalsk\storage_1\data\dynamic_001.bin" 29 items.
 2:30:36.884 Mag_STANAG_30Rnd: bullets - unknown animation source revolving
 2:30:36.887 Warning: No components in dz\characters\belts\hippack_m.p3d:geometry
 2:30:36.888 Warning: No components in dz\characters\belts\hippack_f.p3d:geometry
 2:30:36.890 Warning: No components in dz\characters\tops\tshirt_f.p3d:geometry
 2:30:36.893 Warning: No components in dz\characters\shoes\jungleboots_m.p3d:geometry
 2:30:36.894 Warning: No components in dz\characters\shoes\jungleboots_f.p3d:geometry
 2:30:36.900 Warning: No components in dz\characters\masks\balaclava_m.p3d:geometry
 2:30:36.900 Warning: No components in dz\characters\masks\balaclava_m.p3d:geometryFire
 2:30:36.900 Warning: No components in dz\characters\masks\balaclava_m.p3d:geometryView
 2:30:36.901 Warning: No components in dz\characters\masks\balaclava_f.p3d:geometry
 2:30:36.901 Warning: No components in dz\characters\masks\balaclava_f.p3d:geometryFire
 2:30:36.901 Warning: No components in dz\characters\masks\balaclava_f.p3d:geometryView
 2:30:36.902 Warning: No components in dz\characters\backpacks\ghilliebushrag_g.p3d:geometry
 2:30:36.903 Warning: No components in dz\characters\backpacks\ghillietop_m.p3d:geometry
 2:30:36.906 Warning: No components in dz\weapons\attachments\magazine\magazine_saiga_drum.p3d:geometryFire
 2:30:36.906 Warning: No components in dz\weapons\attachments\magazine\magazine_saiga_drum.p3d:geometryView
 2:30:36.909 Warning Message: No entry 'bin\config.bin/CfgNonAIVehicles/ProxyOptic_PSO1.AnimationSources'.
 2:30:36.909 Warning Message: Animation source hide not found in bin\config.bin/CfgNonAIVehicles/ProxyOptic_PSO1/
 2:30:36.916 Warning: No components in dz\characters\pants\jeans_f.p3d:geometry
 2:30:36.920 Warning: No components in dz\characters\backpacks\alicebackpack_m.p3d:geometry
 2:30:36.920 Warning: No components in dz\characters\backpacks\alicebackpack_f.p3d:geometry
 2:30:36.925 ProxyMagazine_STANAG30: bullets - unknown animation source revolving
 2:30:36.941 Warning: No components in nst\ns_dayz\gear\head\gorkahood_g.p3d:geometry
 2:30:36.941 Warning: No components in nst\ns_dayz\gear\head\gorkahood_m.p3d:geometry
 2:30:36.942 Warning: No components in nst\ns_dayz\gear\head\gorkahood_f.p3d:geometry
 2:30:36.943   29 items loaded. (0 failed)
 2:30:36.943 [CE][Storage] ver:26 stamp:72, valid:yes, name:"G:\SteamLibrary\steamapps\common\DayZServer\mpmissions\regular.namalsk\storage_1\data\dynamic_002.bin"
 2:30:36.944 [CE][Storage] ver:0 stamp:0, valid:NO, name:"G:\SteamLibrary\steamapps\common\DayZServer\mpmissions\regular.namalsk\storage_1\data\dynamic_002.001"
 2:30:36.944 [CE][Storage] ver:0 stamp:0, valid:NO, name:"G:\SteamLibrary\steamapps\common\DayZServer\mpmissions\regular.namalsk\storage_1\data\dynamic_002.002"
 2:30:36.944 [CE][Storage] Restoring file "G:\SteamLibrary\steamapps\common\DayZServer\mpmissions\regular.namalsk\storage_1\data\dynamic_002.bin" 64 items.
 2:30:36.966  WORLD        : Create entity type 'Megaphone'
 2:30:36.966   ENTITY    (E): Type 'Inventory_BaseType' must be inherited from class 'ItemMegaphoneType'
 2:30:36.970 Warning: No components in dz\characters\glasses\aviator_glasses.p3d:geometry
 2:30:36.975 Warning: No components in dz\characters\tops\tracksuit_jacket_m.p3d:geometry
 2:30:36.976 Warning: No components in dz\characters\tops\tracksuit_jacket_f.p3d:geometry
 2:30:36.977 Warning: No components in dz\characters\headgear\beaniehat_m.p3d:geometry
 2:30:36.977 Warning: No components in dz\characters\headgear\beaniehat_f.p3d:geometry
 2:30:36.981 Warning: No components in dz\characters\vests\chest_holster_m.p3d:geometry
 2:30:36.981 Warning: No components in dz\characters\vests\chest_holster_f.p3d:geometry
 2:30:36.986 Warning: No components in dz\characters\gloves\woolglovesfingerless_m.p3d:geometry
 2:30:36.987 Warning: No components in dz\characters\gloves\woolglovesfingerless_f.p3d:geometry
 2:30:36.996 Warning: No components in dz\characters\tops\pcu5jacket_f.p3d:geometry
 2:30:37.00  Warning: No components in dz\characters\tops\raincoat_f.p3d:geometry
 2:30:37.03  Warning: No components in dz\characters\headgear\zmijovkacap_m.p3d:geometry
 2:30:37.03  Warning: No components in dz\characters\headgear\zmijovkacap_f.p3d:geometry
 2:30:37.09  Warning: No components in dz\characters\headgear\bandanahybrid_m.p3d:geometry
 2:30:37.09  Warning: No components in dz\characters\headgear\bandanahybrid_f.p3d:geometry
 2:30:37.12  Warning: No components in dz\weapons\proxies\muzzle_flash_rifle_m4.p3d:geometry
 2:30:37.17  Warning: No components in dz\gear\consumables\bait_hook.p3d:geometry
 2:30:37.17  Warning: No components in dz\gear\food\bait_worm.p3d:geometry
 2:30:37.17  Warning Message: No entry 'bin\config.bin/CfgNonAIVehicles/Proxybait_worm.AnimationSources'.
 2:30:37.17  Warning Message: Animation source Bait_Hooked not found in bin\config.bin/CfgNonAIVehicles/Proxybait_worm/
 2:30:37.17  Warning Message: No entry 'bin\config.bin/CfgNonAIVehicles/Proxybait_worm.AnimationSources'.
 2:30:37.17  Warning Message: Animation source Bait_Unhooked not found in bin\config.bin/CfgNonAIVehicles/Proxybait_worm/
 2:30:37.26  Warning: No components in dz\characters\headgear\booniehat.p3d:geometry
 2:30:37.28  Warning: No components in dz\characters\shoes\wellies_m.p3d:geometry
 2:30:37.28  Warning: No components in dz\characters\shoes\wellies_f.p3d:geometry
 2:30:37.30  Warning Message: No entry 'bin\config.bin/CfgNonAIVehicles/ProxyOptic_PUScope.AnimationSources'.
 2:30:37.30  Warning Message: Animation source hide not found in bin\config.bin/CfgNonAIVehicles/ProxyOptic_PUScope/
 2:30:37.40  Warning: No components in dz\characters\backpacks\taloon_m.p3d:geometry
 2:30:37.40  Warning: No components in dz\characters\backpacks\taloon_f.p3d:geometry
 2:30:37.41  Warning: No components in dz\characters\backpacks\drybag_m.p3d:geometry
 2:30:37.42  Warning: No components in dz\characters\backpacks\drybag_f.p3d:geometry
 2:30:37.43  Warning: No components in dz\characters\tops\blouse_m.p3d:geometry
 2:30:37.43  Warning: No components in dz\characters\tops\blouse_f.p3d:geometry
 2:30:37.45  Warning: No components in dz\gear\cooking\petrol_lighter.p3d:geometryView
 2:30:37.46    64 items loaded. (0 failed)
 2:30:37.46  [CE][Storage] ver:26 stamp:72, valid:yes, name:"G:\SteamLibrary\steamapps\common\DayZServer\mpmissions\regular.namalsk\storage_1\data\dynamic_003.bin"
 2:30:37.46  [CE][Storage] ver:0 stamp:0, valid:NO, name:"G:\SteamLibrary\steamapps\common\DayZServer\mpmissions\regular.namalsk\storage_1\data\dynamic_003.001"
 2:30:37.47  [CE][Storage] ver:0 stamp:0, valid:NO, name:"G:\SteamLibrary\steamapps\common\DayZServer\mpmissions\regular.namalsk\storage_1\data\dynamic_003.002"
 2:30:37.47  [CE][Storage] Restoring file "G:\SteamLibrary\steamapps\common\DayZServer\mpmissions\regular.namalsk\storage_1\data\dynamic_003.bin" 868 items.
 2:30:37.48  Warning: No components in dz\characters\pants\gorka_pants_m.p3d:geometry
 2:30:37.49  Warning: No components in dz\characters\pants\gorka_pants_f.p3d:geometry
 2:30:37.50  Warning: No components in dz\characters\tops\ttsko_jacket_g.p3d:geometry
 2:30:37.50  Warning: No components in dz\characters\tops\ttsko_jacket_m.p3d:geometry
 2:30:37.57  Warning: No components in dz\characters\belts\civ_belt_m.p3d:geometry
 2:30:37.57  Warning: No components in dz\characters\belts\civ_belt_f.p3d:geometry
 2:30:37.59  Warning Message: Animation source Visibility not found in bin\config.bin/CfgVehicles/ClaymoreMine/
 2:30:37.59  Accessing static object outside landscape (Obj-1048575,1048575:8388607 in 256,256)
 2:30:37.60  Warning: No components in dz\characters\backpacks\slingbag_g.p3d:geometryView
 2:30:37.61  Warning: No components in dz\characters\backpacks\slingbag_m.p3d:geometry
 2:30:37.61  Warning: No components in dz\characters\backpacks\slingbag_f.p3d:geometry
 2:30:37.62  Warning: No components in dz\characters\gloves\paddedgloves_g.p3d:geometry
 2:30:37.63  Warning: No components in dz\characters\gloves\paddedgloves_m.p3d:geometry
 2:30:37.63  Warning: No components in dz\characters\gloves\paddedgloves_f.p3d:geometry
 2:30:37.70  Warning: No components in dz\characters\tops\gorka_up_g.p3d:geometry
 2:30:37.74  Warning: No components in dz\characters\headgear\flatcap.p3d:geometry
 2:30:37.75  Warning: No components in dz\characters\pants\ttsko_pants_m.p3d:geometry
 2:30:37.75  Warning: No components in dz\characters\pants\ttsko_pants_f.p3d:geometry
 2:30:37.76  Warning: No components in dz\characters\masks\gp5gasmask_m.p3d:geometry
 2:30:37.76  Warning: No components in dz\characters\masks\gp5gasmask_m.p3d:geometryFire
 2:30:37.76  Warning: No components in dz\characters\masks\gp5gasmask_m.p3d:geometryView
 2:30:37.76  Warning: No components in dz\characters\masks\proxy\mask_filter.p3d:geometry
 2:30:37.77  Warning: No components in dz\characters\masks\gp5gasmask_f.p3d:geometry
 2:30:37.77  Warning: No components in dz\characters\masks\gp5gasmask_f.p3d:geometryFire
 2:30:37.77  Warning: No components in dz\characters\masks\gp5gasmask_f.p3d:geometryView
 2:30:37.78  Warning Message: No entry 'bin\config.bin/CfgVehicles/NylonKnifeSheath.ClothingTypes'.
 2:30:37.81  Warning: No components in dz\characters\gloves\working_gloves_m.p3d:geometry
 2:30:37.87  Warning: No components in dz\characters\gloves\working_gloves_f.p3d:geometry
 2:30:37.94  Warning: No components in dz\characters\shoes\militaryboots_m.p3d:geometry
 2:30:37.94  Warning: No components in dz\characters\shoes\militaryboots_f.p3d:geometry
 2:30:37.96  Warning: No components in dz\characters\tops\hoodie_m.p3d:geometry
 2:30:37.97  Warning: No components in dz\characters\tops\hoodie_f.p3d:geometry
 2:30:37.100 Warning: No components in dz\characters\headgear\tankerhelmet.p3d:geometry
 2:30:37.102 Warning: No components in dz\characters\pants\jumpsuit_pants_m.p3d:geometry
 2:30:37.102 Warning: No components in dz\characters\pants\jumpsuit_pants_f.p3d:geometry
 2:30:37.108 Warning: No components in dz\characters\shoes\combatboots_m.p3d:geometry
 2:30:37.108 Warning: No components in dz\characters\shoes\combatboots_f.p3d:geometry
 2:30:37.110 Warning: No components in dz\characters\backpacks\ghilliebushrag_m.p3d:geometry
 2:30:37.119 Warning: No components in dz\characters\tops\m65_jacket_g.p3d:geometry
 2:30:37.119 Warning: No components in dz\characters\tops\bdu_jacket_m.p3d:geometry
 2:30:37.120 Warning: No components in dz\characters\tops\bdu_jacket_f.p3d:geometry
 2:30:37.122 Warning: No components in dz\characters\tops\jumpsuit_top_m.p3d:geometry
 2:30:37.122 Warning: No components in dz\characters\tops\jumpsuit_top_f.p3d:geometry
 2:30:37.130 Warning: No components in dz\characters\headgear\pilotka_m.p3d:geometry
 2:30:37.130 Warning: No components in dz\characters\headgear\pilotka_f.p3d:geometry
 2:30:37.131 Warning: No components in dz\characters\gloves\tactical_gloves_m.p3d:geometry
 2:30:37.131 Warning: No components in dz\characters\gloves\tactical_gloves_f.p3d:geometry
 2:30:37.134 Warning: No components in dz\characters\headgear\militaryberet_g.p3d:geometryFire
 2:30:37.135 Warning: No components in dz\characters\headgear\militaryberet_m.p3d:geometry
 2:30:37.135 Warning: No components in dz\characters\headgear\militaryberet_f.p3d:geometry
 2:30:37.140 Warning: No components in dz\characters\backpacks\duffelbagsmall_g.p3d:geometry
 2:30:37.140 Warning: No components in dz\characters\backpacks\duffelbagsmall_g.p3d:geometryView
 2:30:37.141 Warning: No components in dz\characters\backpacks\duffelbagsmall_m.p3d:geometry
 2:30:37.141 Warning: No components in dz\characters\backpacks\duffelbagsmall_f.p3d:geometry
 2:30:37.158 Warning: No components in dz\weapons\ammunition\45acp_looserounds.p3d:geometry
 2:30:37.160 Warning: No components in dz\characters\pants\usmc_pants_m.p3d:geometry
 2:30:37.160 Warning: No components in dz\characters\pants\usmc_pants_f.p3d:geometry
 2:30:37.166 Warning: No components in dz\characters\headgear\mich2001.p3d:geometry
 2:30:37.180 Warning: No components in dz\characters\headgear\petushokhat_m.p3d:geometry
 2:30:37.181 Warning: No components in dz\characters\headgear\petushokhat_f.p3d:geometry
 2:30:37.183 Warning: No components in dz\characters\pants\cargopants_f.p3d:geometry
 2:30:37.183 Warning: No components in dz\characters\glasses\nvg_headstrap_g.p3d:geometry
 2:30:37.183 Warning: No components in dz\characters\glasses\nvg_headstrap_g.p3d:geometryView
 2:30:37.183 Warning: No components in dz\characters\glasses\nvg_headstrap.p3d:geometry
 2:30:37.183 Warning Message: No entry 'bin\config.bin/CfgNonAIVehicles/ProxyNVG.AnimationSources'.
 2:30:37.183 Warning Message: Animation source rotate not found in bin\config.bin/CfgNonAIVehicles/ProxyNVG/
 2:30:37.183 Warning Message: No entry 'bin\config.bin/CfgNonAIVehicles/ProxyNVG.AnimationSources'.
 2:30:37.183 Warning Message: Animation source hide not found in bin\config.bin/CfgNonAIVehicles/ProxyNVG/
 2:30:37.184 Warning: No components in dz\characters\glasses\nvg_headstrap_f.p3d:geometry
 2:30:37.187 Warning: No components in dz\gear\crafting\bp_rope.p3d:geometry
 2:30:37.190 Warning: No components in dz\weapons\melee\blunt\brassknuckles.p3d:geometry
 2:30:37.191  WORLD        : Create entity type 'Headtorch_Black'
 2:30:37.191   ENTITY    (E): Type 'Inventory_BaseType' must be inherited from class 'ClothingType'
 2:30:37.192 Warning: No components in dz\characters\headgear\headtorch_ground.p3d:geometry
 2:30:37.192 Warning Message: No entry 'bin\config.bin/CfgVehicles/Headtorch_ColorBase/Reflectors/Beam.color'.
 2:30:37.192 Warning Message: Size: '/' not an array
 2:30:37.192 Warning Message: Size: '/' not an array
 2:30:37.192 Warning Message: No entry 'bin\config.bin/CfgVehicles/Headtorch_ColorBase/Reflectors/Beam.radius'.
 2:30:37.192 Warning Message: Trying to access error value.
 2:30:37.192 Warning Message: No entry 'bin\config.bin/CfgVehicles/Headtorch_ColorBase/Reflectors/Beam.position'.
 2:30:37.192 Warning Message: Trying to access error value.
 2:30:37.192 Warning Message: No entry 'bin\config.bin/CfgVehicles/Headtorch_ColorBase/Reflectors/Beam.direction'.
 2:30:37.192 Warning Message: Trying to access error value.
 2:30:37.193 Warning: No components in dz\characters\headgear\headtorch_m.p3d:geometry
 2:30:37.193 Warning Message: No entry 'bin\config.bin/CfgVehicles/Headtorch_ColorBase/Reflectors/Beam.color'.
 2:30:37.193 Warning Message: Size: '/' not an array
 2:30:37.193 Warning Message: Size: '/' not an array
 2:30:37.193 Warning Message: No entry 'bin\config.bin/CfgVehicles/Headtorch_ColorBase/Reflectors/Beam.radius'.
 2:30:37.193 Warning Message: Trying to access error value.
 2:30:37.193 Warning Message: No entry 'bin\config.bin/CfgVehicles/Headtorch_ColorBase/Reflectors/Beam.position'.
 2:30:37.193 Warning Message: Trying to access error value.
 2:30:37.193 Warning Message: No entry 'bin\config.bin/CfgVehicles/Headtorch_ColorBase/Reflectors/Beam.direction'.
 2:30:37.193 Warning Message: Trying to access error value.
 2:30:37.193 Warning: No components in dz\characters\headgear\headtorch_f.p3d:geometry
 2:30:37.193 Warning Message: No entry 'bin\config.bin/CfgVehicles/Headtorch_ColorBase/Reflectors/Beam.color'.
 2:30:37.193 Warning Message: Size: '/' not an array
 2:30:37.193 Warning Message: Size: '/' not an array
 2:30:37.193 Warning Message: No entry 'bin\config.bin/CfgVehicles/Headtorch_ColorBase/Reflectors/Beam.radius'.
 2:30:37.193 Warning Message: Trying to access error value.
 2:30:37.193 Warning Message: No entry 'bin\config.bin/CfgVehicles/Headtorch_ColorBase/Reflectors/Beam.position'.
 2:30:37.193 Warning Message: Trying to access error value.
 2:30:37.193 Warning Message: No entry 'bin\config.bin/CfgVehicles/Headtorch_ColorBase/Reflectors/Beam.direction'.
 2:30:37.193 Warning Message: Trying to access error value.
 2:30:37.194 Warning: No components in dz\characters\headgear\maska.p3d:geometry
 2:30:37.212 Warning: No components in dz\characters\headgear\wintercoif_m.p3d:geometry
 2:30:37.212 Warning: No components in dz\characters\headgear\wintercoif_f.p3d:geometry
 2:30:37.213 Warning: No components in dz\characters\headgear\ssh68helmet.p3d:geometry
 2:30:37.215 Warning: No components in dz\characters\headgear\policecap_m.p3d:geometry
 2:30:37.216 Warning: No components in dz\characters\headgear\policecap_f.p3d:geometry
 2:30:37.217 Warning: No components in dz\characters\headgear\constructionhelmet_m.p3d:geometry
 2:30:37.217 Warning: No components in dz\characters\headgear\constructionhelmet_f.p3d:geometry
 2:30:37.224 Warning: No components in dz\characters\headgear\okzkcap_m.p3d:geometry
 2:30:37.225 Warning: No components in dz\characters\headgear\okzkcap_f.p3d:geometry
 2:30:37.226 Warning: No components in dz\characters\gloves\omno_gloves_m.p3d:geometry
 2:30:37.226 Warning: No components in dz\characters\gloves\omno_gloves_f.p3d:geometry
 2:30:37.227 Warning: No components in nst\ns_dayz\gear\head\milberet_specnaz_g.p3d:geometry
 2:30:37.227 Warning: No components in nst\ns_dayz\gear\head\milberet_specnaz_g.p3d:geometryFire
 2:30:37.228 Warning: No components in nst\ns_dayz\gear\head\milberet_specnaz_m.p3d:geometry
 2:30:37.228 Warning: No components in nst\ns_dayz\gear\head\milberet_specnaz_m.p3d:geometryFire
 2:30:37.228 Warning: No components in nst\ns_dayz\gear\head\milberet_specnaz_m.p3d:geometryView
 2:30:37.228 Warning: No components in nst\ns_dayz\gear\head\milberet_specnaz_f.p3d:geometry
 2:30:37.228 Warning: No components in nst\ns_dayz\gear\head\milberet_specnaz_f.p3d:geometryFire
 2:30:37.228 Warning: No components in nst\ns_dayz\gear\head\milberet_specnaz_f.p3d:geometryView
 2:30:37.230 PM73Rak: trigger_reload_rot - unknown animation source reload
 2:30:37.230 PM73Rak: magazine_eject - unknown animation source reloadmagazine
 2:30:37.230 PM73Rak: trigger_reload_rot - unknown animation source reload
 2:30:37.230 PM73Rak: magazine_eject - unknown animation source reloadmagazine
 2:30:37.235 Warning: No components in dz\weapons\ammunition\762x39_looserounds.p3d:geometry
 2:30:37.236 Warning: No components in dz\characters\pants\nbc_pants_m.p3d:geometry
 2:30:37.236 Warning: No components in dz\characters\pants\nbc_pants_f.p3d:geometry
 2:30:37.238 Warning: No components in dz\gear\tools\handcuffs.p3d:geometry
 2:30:37.242 Warning: No components in dz\characters\belts\mil_belt_m.p3d:geometry
 2:30:37.242 Warning: No components in dz\characters\belts\mil_belt_f.p3d:geometry
 2:30:37.248 Warning: No components in dz\weapons\ammunition\9x39_looserounds.p3d:geometry
 2:30:37.277 Warning: No components in dz\characters\backpacks\boulder_m53_m.p3d:geometry
 2:30:37.277 Warning: No components in dz\characters\backpacks\boulder_m53_f.p3d:geometry
 2:30:37.281 Warning: No components in nst\ns_dayz\gear\head\apsi_g.p3d:geometry
 2:30:37.281 Warning: No components in nst\ns_dayz\gear\head\apsi_g.p3d:geometryView
 2:30:37.282 Warning: No components in nst\ns_dayz\gear\head\apsi.p3d:geometry
 2:30:37.282 Warning: No components in nst\ns_dayz\gear\head\apsi.p3d:geometryFire
 2:30:37.282 Warning: No components in nst\ns_dayz\gear\head\apsi.p3d:geometryView
 2:30:37.283 Warning: No components in dz\characters\tops\bomberjacket_m.p3d:geometry
 2:30:37.283 Warning: No components in dz\characters\tops\bomberjacket_f.p3d:geometry
 2:30:37.297 Warning: No components in dz\characters\tops\bushlatpolicejacket_m.p3d:geometry
 2:30:37.297 Warning: No components in dz\characters\tops\bushlatpolicejacket_m.p3d:geometryView
 2:30:37.297 Warning: No components in dz\characters\tops\bushlatpolicejacket_f.p3d:geometry
 2:30:37.297 Warning: No components in dz\characters\tops\bushlatpolicejacket_f.p3d:geometryView
 2:30:37.298 Warning: No components in dz\characters\vests\orange_vest_m.p3d:geometry
 2:30:37.298 Warning: No components in dz\characters\vests\orange_vest_f.p3d:geometry
 2:30:37.300 : Invalid parent bone 'inventory' for 'cover'
 2:30:37.300 : Invalid parent bone 'placing' for ''
 2:30:37.310 Warning: No components in dz\characters\tops\policejacket_m.p3d:geometry
 2:30:37.310 Warning: No components in dz\characters\tops\policejacket_f.p3d:geometry
 2:30:37.312 Warning: No components in dz\characters\tops\usmc_jacket_m.p3d:geometry
 2:30:37.312 Warning: No components in dz\characters\tops\usmc_jacket_f.p3d:geometry
 2:30:37.313 Warning: No components in dz\characters\shoes\nbc_boots_m.p3d:geometry
 2:30:37.314 Warning: No components in dz\characters\shoes\nbc_boots_f.p3d:geometry
 2:30:37.318 Warning: No components in dz\characters\pants\tracksuit_pants_m.p3d:geometry
 2:30:37.318 Warning: No components in dz\characters\pants\tracksuit_pants_f.p3d:geometry
 2:30:37.320 Warning: No components in dz\weapons\projectiles\bolt_biggame.p3d:geometryFire
 2:30:37.320 Warning: No components in dz\weapons\projectiles\bolt_flying.p3d:geometry
 2:30:37.321 Warning: No components in dz\characters\tops\quiltedjacket_m.p3d:geometry
 2:30:37.322 Warning: No components in dz\characters\tops\quiltedjacket_f.p3d:geometry
 2:30:37.327 Warning: No components in dz\characters\gloves\woolgloves_m.p3d:geometry
 2:30:37.328 Warning: No components in dz\characters\gloves\woolgloves_f.p3d:geometry
 2:30:37.331 Warning Message: Animation source Trigger not found in bin\config.bin/CfgVehicles/RemoteDetonator/
 2:30:37.331 Warning Message: Animation source Receiver not found in bin\config.bin/CfgVehicles/RemoteDetonator/
 2:30:37.340 Warning: No components in dz\gear\tools\handcuff_keys.p3d:geometry
 2:30:37.342 Warning: No components in dz\characters\masks\balaclava_3holes_m.p3d:geometry
 2:30:37.342 Warning: No components in dz\characters\masks\balaclava_3holes_m.p3d:geometryFire
 2:30:37.342 Warning: No components in dz\characters\masks\balaclava_3holes_m.p3d:geometryView
 2:30:37.342 Warning: No components in dz\characters\masks\balaclava_3holes_f.p3d:geometry
 2:30:37.342 Warning: No components in dz\characters\masks\balaclava_3holes_f.p3d:geometryFire
 2:30:37.342 Warning: No components in dz\characters\masks\balaclava_3holes_f.p3d:geometryView
 2:30:37.343 Warning: No components in dz\gear\camping\camo_net_p.p3d:geometryFire
 2:30:37.349 Warning: No components in dz\characters\headgear\snowstormushanka_m.p3d:geometry
 2:30:37.350 Warning: No components in dz\characters\headgear\snowstormushanka_f.p3d:geometry
 2:30:37.353 Warning: No components in dz\weapons\ammunition\308win_looserounds.p3d:geometry
 2:30:37.360 Warning: No components in dz\weapons\attachments\magazine\magazine_mk2.p3d:geometryFire
 2:30:37.368 Warning: No components in dz\characters\headgear\medicalscrubs_hat_f.p3d:geometry
 2:30:37.372 Warning: No components in dz\characters\tops\minidress_m.p3d:geometry
 2:30:37.372 Warning: No components in dz\characters\tops\minidress_f.p3d:geometry
 2:30:37.375 Warning: No components in dz\gear\tools\wrench.p3d:geometry
 2:30:37.377 Warning: No components in dz\weapons\ammunition\556_looserounds.p3d:geometry
 2:30:37.377 Warning: No components in dz\weapons\ammunition\flare_singleround_red.p3d:geometry
 2:30:37.378 Warning: No components in dz\weapons\projectiles\flare_projectile.p3d:geometry
 2:30:37.378 Warning: No components in dz\weapons\projectiles\flare_singleround_red.p3d:geometry
 2:30:37.378 Warning: No components in dz\weapons\projectiles\flare_singleround_red.p3d:geometry
 2:30:37.380 Warning: No components in dz\characters\headgear\ghilliehood.p3d:geometry
 2:30:37.382 Warning: No components in dz\characters\gloves\nbc_gloves_m.p3d:geometry
 2:30:37.383 Warning: No components in dz\characters\gloves\nbc_gloves_f.p3d:geometry
 2:30:37.386 Warning: No components in dz\characters\backpacks\ghilliesuit_m.p3d:geometry
 2:30:37.389 Warning: No components in dz\characters\pants\bdu_pants_m.p3d:geometry
 2:30:37.389 Warning: No components in dz\characters\pants\bdu_pants_f.p3d:geometry
 2:30:37.390 Warning: No components in dz\characters\masks\welding_mask_m.p3d:geometry
 2:30:37.391 Warning: No components in dz\characters\masks\welding_mask_f.p3d:geometry
 2:30:37.402 Warning: No components in dz\characters\masks\gasmask_m.p3d:geometry
 2:30:37.402 Warning: No components in dz\characters\masks\gasmask_m.p3d:geometryFire
 2:30:37.402 Warning: No components in dz\characters\masks\gasmask_f.p3d:geometry
 2:30:37.402 Warning: No components in dz\characters\masks\gasmask_f.p3d:geometryFire
 2:30:37.415 Warning: No components in dz\characters\vests\ukassvest_m.p3d:geometry
 2:30:37.415 Warning: No components in dz\characters\vests\proxy\proxy_grenade_a.p3d:geometry
 2:30:37.415 Warning: No components in dz\characters\vests\proxy\proxy_grenade_b.p3d:geometry
 2:30:37.415 Warning: No components in dz\characters\vests\proxy\proxy_grenade_c.p3d:geometry
 2:30:37.415 Warning: No components in dz\characters\vests\proxy\proxy_grenade_d.p3d:geometry
 2:30:37.416 Warning: No components in dz\characters\vests\ukassvest_f.p3d:geometry
 2:30:37.421 Warning: No components in dz\weapons\ammunition\12ga_rifled_slug.p3d:geometry
 2:30:37.424 Warning: No components in dz\characters\tops\woolcoat_m.p3d:geometry
 2:30:37.424 Warning: No components in dz\characters\tops\woolcoat_f.p3d:geometry
 2:30:37.436 Warning: No components in dz\characters\headgear\helmetmich_g.p3d:geometry
 2:30:37.437 Warning: No components in dz\characters\headgear\helmetmich_m.p3d:geometry
 2:30:37.437 Warning: No components in dz\characters\headgear\helmetmich_f.p3d:geometry
 2:30:37.439 Warning: No components in dz\characters\tops\downjacket_m.p3d:geometry
 2:30:37.440 Warning: No components in dz\characters\tops\downjacket_f.p3d:geometry
 2:30:37.441 Warning: No components in dz\characters\headgear\protecskatehelmet2_f.p3d:geometry
 2:30:37.449 Warning: No components in dz\gear\tools\metal_pipe.p3d:geometry
 2:30:37.452 Warning: No components in dz\weapons\attachments\magazine\magazine_ruger1022_15.p3d:geometry
 2:30:37.466 Warning: No components in dz\gear\consumables\pile_of_planks.p3d:geometry
 2:30:37.466 Warning: No components in dz\gear\consumables\pile_of_planks.p3d:geometryFire
 2:30:37.472 Warning: No components in dz\weapons\ammunition\12ga_rubberrifled_slug.p3d:geometry
 2:30:37.479 Warning: No components in dz\characters\glasses\sunglasses_designer_g.p3d:geometry
 2:30:37.479 Warning: No components in dz\characters\glasses\sunglasses_designer.p3d:geometry
 2:30:37.480 Warning: No components in dz\characters\headgear\shemaghybrid_m.p3d:geometry
 2:30:37.481 Warning: No components in dz\characters\headgear\shemaghybrid_f.p3d:geometry
 2:30:37.487 Warning: No components in dz\characters\shoes\workingboots_m.p3d:geometry
 2:30:37.487 Warning: No components in dz\characters\shoes\workingboots_f.p3d:geometry
 2:30:37.495 Warning: No components in dz\weapons\ammunition\545x39_looserounds.p3d:geometry
 2:30:37.505 Convex "component05" selection faces are less then 4 in dz\weapons\firearms\m16a2\m16a2.p3d:geometryFire
 2:30:37.505 Convex "component06" selection faces are less then 4 in dz\weapons\firearms\m16a2\m16a2.p3d:geometryFire
 2:30:37.505 Convex "component07" selection faces are less then 4 in dz\weapons\firearms\m16a2\m16a2.p3d:geometryFire
 2:30:37.505 Convex "component10" selection faces are less then 4 in dz\weapons\firearms\m16a2\m16a2.p3d:geometryFire
 2:30:37.505 Convex "component11" selection faces are less then 4 in dz\weapons\firearms\m16a2\m16a2.p3d:geometryFire
 2:30:37.526 Warning: No components in dz\characters\tops\pcu5jacket_f_nopatches.p3d:geometry
 2:30:37.526 Warning: No components in dz\weapons\ammunition\762_looserounds.p3d:geometry
 2:30:37.531 Warning: No components in dz\characters\headgear\officerhat_m.p3d:geometry
 2:30:37.531 Warning: No components in dz\characters\headgear\officerhat_f.p3d:geometry
 2:30:37.540 Warning: No components in dz\characters\backpacks\hunting_m.p3d:geometry
 2:30:37.540 Warning: No components in dz\characters\backpacks\hunting_f.p3d:geometry
 2:30:37.543 Warning: No components in dz\weapons\attachments\optics\optic_hunting.p3d:geometry
 2:30:37.543 Warning: No components in dz\weapons\attachments\optics\optic_hunting.p3d:geometryView
 2:30:37.543 Warning Message: No entry 'bin\config.bin/CfgNonAIVehicles/ProxyOptic_Hunting.AnimationSources'.
 2:30:37.543 Warning Message: Animation source hide not found in bin\config.bin/CfgNonAIVehicles/ProxyOptic_Hunting/
 2:30:37.543 Warning Message: No entry 'bin\config.bin/CfgNonAIVehicles/ProxyOptic_Hunting.AnimationSources'.
 2:30:37.543 Warning Message: Animation source rings_ris not found in bin\config.bin/CfgNonAIVehicles/ProxyOptic_Hunting/
 2:30:37.543 Warning Message: No entry 'bin\config.bin/CfgNonAIVehicles/ProxyOptic_Hunting.AnimationSources'.
 2:30:37.543 Warning Message: Animation source rings_ris_pilot not found in bin\config.bin/CfgNonAIVehicles/ProxyOptic_Hunting/
 2:30:37.543 Warning Message: No entry 'bin\config.bin/CfgNonAIVehicles/ProxyOptic_Hunting.AnimationSources'.
 2:30:37.543 Warning Message: Animation source rings_winchester not found in bin\config.bin/CfgNonAIVehicles/ProxyOptic_Hunting/
 2:30:37.543 Warning Message: No entry 'bin\config.bin/CfgNonAIVehicles/ProxyOptic_Hunting.AnimationSources'.
 2:30:37.543 Warning Message: Animation source rings_winchester_pilot not found in bin\config.bin/CfgNonAIVehicles/ProxyOptic_Hunting/
 2:30:37.553 Warning: No components in dz\characters\masks\nioshfacemask_m.p3d:geometry
 2:30:37.553 Warning: No components in dz\characters\masks\nioshfacemask_m.p3d:geometryFire
 2:30:37.553 Warning: No components in dz\characters\masks\nioshfacemask_m.p3d:geometryView
 2:30:37.553 Warning: No components in dz\characters\masks\nioshfacemask_f.p3d:geometry
 2:30:37.553 Warning: No components in dz\characters\masks\nioshfacemask_f.p3d:geometryFire
 2:30:37.553 Warning: No components in dz\characters\masks\nioshfacemask_f.p3d:geometryView
 2:30:37.554 Warning: No components in dz\characters\glasses\tacgoggles_g.p3d:geometryFire
 2:30:37.556 Warning: No components in dz\characters\tops\m65_jacket_m.p3d:geometry
 2:30:37.556 Warning: No components in dz\characters\tops\m65_jacket_f.p3d:geometry
 2:30:37.557 Warning: No components in dz\characters\headgear\nbc_hood_m.p3d:geometry
 2:30:37.557 Warning: No components in dz\characters\headgear\nbc_hood_f.p3d:geometry
 2:30:37.562 Mag_Scout_5Rnd: bullets - unknown animation source revolving
 2:30:37.568 Warning: No components in dz\characters\gloves\skigloves_m.p3d:geometry
 2:30:37.570 Warning: No components in dz\characters\gloves\skigloves_f.p3d:geometry
 2:30:37.571 Warning: No components in dz\characters\shoes\ttsko_boots_g.p3d:geometryView
 2:30:37.571 Warning: No components in dz\characters\shoes\ttsko_boots_m.p3d:geometry
 2:30:37.572 Warning: No components in dz\characters\shoes\ttsko_boots_f.p3d:geometry
 2:30:37.578 Warning: No components in dz\characters\shoes\leathershoes_m.p3d:geometry
 2:30:37.579 Warning: No components in dz\characters\shoes\leathershoes_f.p3d:geometry
 2:30:37.596 Warning: No components in dz\weapons\ammunition\12ga_00buck.p3d:geometry
 2:30:37.603 Warning: No components in dz\weapons\attachments\optics\optic_hunting.p3d:geometry
 2:30:37.603 Warning: No components in dz\weapons\attachments\optics\optic_hunting.p3d:geometryView
 2:30:37.613 Warning: No components in dz\gear\containers\waterproofbag.p3d:geometryView
 2:30:37.618 Warning: No components in dz\characters\vests\proxy\smersh_buttpack.p3d:geometry
 2:30:37.620 Warning: No components in dz\characters\backpacks\smershbag_m.p3d:geometry
 2:30:37.620 Warning: No components in dz\characters\backpacks\smershbag_f.p3d:geometry
 2:30:37.623 Warning: No components in dz\weapons\attachments\optics\optic_buis.p3d:geometryFire
 2:30:37.625 Warning: No components in dz\characters\headgear\prison_cap_g.p3d:geometryView
 2:30:37.625 Warning: No components in dz\characters\headgear\prison_cap_m.p3d:geometry
 2:30:37.626 Warning: No components in dz\characters\headgear\prison_cap_f.p3d:geometry
 2:30:37.641 Warning: No components in dz\characters\vests\policevest_m.p3d:geometry
 2:30:37.642 Warning: No components in dz\characters\vests\policevest_f.p3d:geometry
 2:30:37.654 Warning: No components in dz\weapons\ammunition\380auto_looserounds.p3d:geometry
 2:30:37.662 Warning: No components in dz\characters\headgear\pasgt_m.p3d:geometry
 2:30:37.662 Warning: No components in dz\characters\headgear\pasgt_f.p3d:geometry
 2:30:37.680 Warning: No components in dz\characters\headgear\mxhelmet.p3d:geometry
 2:30:37.680 Warning: No components in dz\characters\headgear\mxhelmet_visor.p3d:geometry
 2:30:37.701 Warning: No components in dz\characters\backpacks\armypouch_g.p3d:geometryView
 2:30:37.701 Warning: No components in dz\characters\backpacks\armypouch_m.p3d:geometry
 2:30:37.702 Warning: No components in dz\characters\backpacks\armypouch_f.p3d:geometry
 2:30:37.723 Warning: No components in dz\characters\headgear\budenovka_m.p3d:geometry
 2:30:37.723 Warning: No components in dz\characters\headgear\budenovka_f.p3d:geometry
 2:30:37.738 Accessing static object outside landscape (Obj-1048575,1048575:8388607 in 256,256)
 2:30:37.765 Warning: No components in dz\characters\backpacks\tortilla_m.p3d:geometry
 2:30:37.773 Warning: No components in dz\characters\vests\plate_carrier_m.p3d:geometry
 2:30:37.774 Warning: No components in dz\characters\vests\plate_carrier_f.p3d:geometry
 2:30:37.803 Warning: No components in dz\characters\pants\slacks_m.p3d:geometry
 2:30:37.804 Warning: No components in dz\characters\pants\slacks_f.p3d:geometry
 2:30:37.817 Warning: No components in dz\weapons\ammunition\9mm_looserounds.p3d:geometry
 2:30:37.831 Warning: No components in dz\characters\shoes\sneakers_m.p3d:geometry
 2:30:37.833 Warning: No components in dz\characters\shoes\sneakers_f.p3d:geometry
 2:30:37.854   868 items loaded. (0 failed)
 2:30:37.855 [CE][Storage] ver:26 stamp:72, valid:yes, name:"G:\SteamLibrary\steamapps\common\DayZServer\mpmissions\regular.namalsk\storage_1\data\dynamic_004.bin"
 2:30:37.855 [CE][Storage] ver:0 stamp:0, valid:NO, name:"G:\SteamLibrary\steamapps\common\DayZServer\mpmissions\regular.namalsk\storage_1\data\dynamic_004.001"
 2:30:37.855 [CE][Storage] ver:0 stamp:0, valid:NO, name:"G:\SteamLibrary\steamapps\common\DayZServer\mpmissions\regular.namalsk\storage_1\data\dynamic_004.002"
 2:30:37.855 [CE][Storage] Restoring file "G:\SteamLibrary\steamapps\common\DayZServer\mpmissions\regular.namalsk\storage_1\data\dynamic_004.bin" 1836 items.
 2:30:37.860 Warning Message: No entry 'bin\config.bin/CfgNonAIVehicles/ProxyOptic_Pistol.AnimationSources'.
 2:30:37.860 Warning Message: Animation source hide not found in bin\config.bin/CfgNonAIVehicles/ProxyOptic_Pistol/
 2:30:37.872 Warning: No components in dz\characters\gloves\surgical_gloves_g.p3d:geometry
 2:30:37.872 Warning: No components in dz\characters\gloves\surgical_gloves_m.p3d:geometry
 2:30:37.873 Warning: No components in dz\characters\gloves\surgical_gloves_f.p3d:geometry
 2:30:37.910 Warning: No components in dz\characters\shoes\hikingboots_low_m.p3d:geometry
 2:30:37.910 Warning: No components in dz\characters\shoes\hikingboots_low_f.p3d:geometry
 2:30:37.913 Magnum: Cylinder_rot - unknown animation source cylinder_rotate
 2:30:37.913 Magnum: Cylinder_rot - unknown animation source cylinder_rotate
 2:30:37.913 Warning: No components in dz\weapons\pistols\magnum\proxy\magnum_ejector.p3d:geometry
 2:30:37.914 Warning: No components in dz\weapons\pistols\magnum\proxy\magnum_cylinder.p3d:geometry
 2:30:37.918 Warning: No components in dz\characters\shoes\joggingshoes_m.p3d:geometry
 2:30:37.919 Warning: No components in dz\characters\shoes\joggingshoes_f.p3d:geometry
 2:30:37.936 Accessing static object outside landscape (Obj-1048575,1048575:8388607 in 256,256)
 2:30:37.950 Warning: No components in dz\characters\headgear\hockey_helmet.p3d:geometry
 2:30:37.954 Warning: No components in dz\characters\pants\firefighter_pants_m.p3d:geometry
 2:30:37.954 Warning: No components in dz\characters\pants\firefighter_pants_m.p3d:geometryView
 2:30:37.954 Warning: No components in dz\characters\pants\firefighter_pants_f.p3d:geometry
 2:30:37.954 Warning: No components in dz\characters\pants\firefighter_pants_f.p3d:geometryView
 2:30:37.956 Warning: No components in dz\characters\headgear\sherpahat_m.p3d:geometry
 2:30:37.958 Warning: No components in dz\characters\headgear\sherpahat_f.p3d:geometry
 2:30:37.975 Warning: No components in dz\characters\headgear\ushanka_m.p3d:geometry
 2:30:37.975 Warning: No components in dz\characters\headgear\ushanka_f.p3d:geometry
 2:30:37.987 Warning: No components in dz\characters\headgear\motohelmet.p3d:geometry
 2:30:37.991 Warning: No components in dz\weapons\ammunition\357_looserounds.p3d:geometry
 2:30:37.997 Warning: No components in dz\characters\pants\hunterpants_m.p3d:geometry
 2:30:37.997 Warning: No components in dz\characters\pants\hunterpants_f.p3d:geometry
 2:30:38.10  Warning: No components in dz\characters\shoes\hikingboots_m.p3d:geometry
 2:30:38.11  Warning: No components in dz\characters\shoes\hikingboots_f.p3d:geometry
 2:30:38.17  Warning: No components in dz\weapons\attachments\magazine\magazine_ruger1022_30.p3d:geometry
 2:30:38.32  Warning: No components in dz\weapons\firearms\aug\proxy\scope.p3d:geometry
 2:30:38.62  Warning: No components in dz\characters\headgear\baseballcap_m.p3d:geometry
 2:30:38.62  Warning: No components in dz\characters\headgear\baseballcap_f.p3d:geometry
 2:30:38.125 Warning: No components in dz\weapons\ammunition\22_looserounds.p3d:geometry
 2:30:38.129 Warning: No components in dz\characters\pants\policepants_m.p3d:geometry
 2:30:38.129 Warning: No components in dz\characters\pants\policepants_f.p3d:geometry
 2:30:38.135 Warning: No components in dz\characters\pants\paramedic_pants_m.p3d:geometry
 2:30:38.135 Warning: No components in dz\characters\pants\paramedic_pants_f.p3d:geometry
 2:30:38.149 Warning: No components in dz\characters\headgear\firehelmet.p3d:geometry
 2:30:38.190 Warning: No components in dz\characters\headgear\helohelmet.p3d:geometry
 2:30:38.212 Warning: No components in dz\characters\headgear\radarcap_m.p3d:geometry
 2:30:38.212 Warning: No components in dz\characters\headgear\radarcap_f.p3d:geometry
 2:30:38.220 Warning: No components in dz\characters\vests\pressvest_m.p3d:geometry
 2:30:38.220 Warning: No components in dz\characters\vests\pressvest_f.p3d:geometry
 2:30:38.263 Warning: No components in dz\weapons\shotguns\izh43\izh43.p3d:geometry
 2:30:38.269 Warning: No components in dz\characters\tops\nbc_jacket_m.p3d:geometry
 2:30:38.269 Warning: No components in dz\characters\tops\nbc_jacket_f.p3d:geometry
 2:30:38.273 Warning: No components in dz\gear\tools\sickle.p3d:geometry
 2:30:38.287 Warning: No components in dz\characters\backpacks\coyotesbp_m.p3d:geometry
 2:30:38.288 Warning: No components in dz\characters\backpacks\coyotesbp_f.p3d:geometry
 2:30:38.328 Warning: No components in dz\characters\masks\airborne_mask_m.p3d:geometry
 2:30:38.328 Warning: No components in dz\characters\masks\airborne_mask_m.p3d:geometryFire
 2:30:38.329 Warning: No components in dz\characters\masks\airborne_mask_f.p3d:geometry
 2:30:38.329 Warning: No components in dz\characters\masks\airborne_mask_f.p3d:geometryFire
 2:30:38.391  WORLD        : Create entity type 'Headtorch_Grey'
 2:30:38.391   ENTITY    (E): Type 'Inventory_BaseType' must be inherited from class 'ClothingType'
 2:30:38.391 Warning Message: No entry 'bin\config.bin/CfgVehicles/Headtorch_ColorBase/Reflectors/Beam.color'.
 2:30:38.391 Warning Message: Size: '/' not an array
 2:30:38.391 Warning Message: Size: '/' not an array
 2:30:38.391 Warning Message: No entry 'bin\config.bin/CfgVehicles/Headtorch_ColorBase/Reflectors/Beam.radius'.
 2:30:38.391 Warning Message: Trying to access error value.
 2:30:38.391 Warning Message: No entry 'bin\config.bin/CfgVehicles/Headtorch_ColorBase/Reflectors/Beam.position'.
 2:30:38.391 Warning Message: Trying to access error value.
 2:30:38.391 Warning Message: No entry 'bin\config.bin/CfgVehicles/Headtorch_ColorBase/Reflectors/Beam.direction'.
 2:30:38.391 Warning Message: Trying to access error value.
 2:30:38.391 Warning Message: No entry 'bin\config.bin/CfgVehicles/Headtorch_ColorBase/Reflectors/Beam.color'.
 2:30:38.391 Warning Message: Size: '/' not an array
 2:30:38.391 Warning Message: Size: '/' not an array
 2:30:38.391 Warning Message: No entry 'bin\config.bin/CfgVehicles/Headtorch_ColorBase/Reflectors/Beam.radius'.
 2:30:38.391 Warning Message: Trying to access error value.
 2:30:38.391 Warning Message: No entry 'bin\config.bin/CfgVehicles/Headtorch_ColorBase/Reflectors/Beam.position'.
 2:30:38.391 Warning Message: Trying to access error value.
 2:30:38.391 Warning Message: No entry 'bin\config.bin/CfgVehicles/Headtorch_ColorBase/Reflectors/Beam.direction'.
 2:30:38.391 Warning Message: Trying to access error value.
 2:30:38.391 Warning Message: No entry 'bin\config.bin/CfgVehicles/Headtorch_ColorBase/Reflectors/Beam.color'.
 2:30:38.391 Warning Message: Size: '/' not an array
 2:30:38.391 Warning Message: Size: '/' not an array
 2:30:38.391 Warning Message: No entry 'bin\config.bin/CfgVehicles/Headtorch_ColorBase/Reflectors/Beam.radius'.
 2:30:38.391 Warning Message: Trying to access error value.
 2:30:38.391 Warning Message: No entry 'bin\config.bin/CfgVehicles/Headtorch_ColorBase/Reflectors/Beam.position'.
 2:30:38.391 Warning Message: Trying to access error value.
 2:30:38.391 Warning Message: No entry 'bin\config.bin/CfgVehicles/Headtorch_ColorBase/Reflectors/Beam.direction'.
 2:30:38.391 Warning Message: Trying to access error value.
 2:30:38.420 Warning: No components in dz\characters\backpacks\mountain_m.p3d:geometry
 2:30:38.421 Warning: No components in dz\characters\backpacks\mountain_f.p3d:geometry
 2:30:38.426 Warning: No components in dz\characters\tops\hunting_jacket_m.p3d:geometry
 2:30:38.426 Warning: No components in dz\characters\tops\hunting_jacket_f.p3d:geometry
 2:30:38.491 Warning: No components in dz\weapons\launchers\m79\m79.p3d:geometryView
 2:30:38.491 Warning Message: Cannot open object dz\weapons\firearms\aug\proxy\dummyscope.p3d
 2:30:38.492 Warning: No components in dz\weapons\launchers\m79\proxy\dummyscope.p3d:geometry
 2:30:38.515 Warning: No components in dz\gear\food\can_sardines.p3d:geometryFire
 2:30:38.592 Engraved1911: bolt_fire_begin - unknown animation source reload
 2:30:38.592 Engraved1911: bolt_empty - unknown animation source isempty
 2:30:38.592 Engraved1911: bolt_reload_begin - unknown animation source reloadmagazine
 2:30:38.592 Engraved1911: bolt_fire_begin - unknown animation source reload
 2:30:38.592 Engraved1911: bolt_empty - unknown animation source isempty
 2:30:38.592 Engraved1911: bolt_reload_begin - unknown animation source reloadmagazine
 2:30:38.876 Warning: No components in dz\characters\tops\nursedress_m.p3d:geometry
 2:30:38.877 Warning: No components in dz\characters\tops\nursedress_f.p3d:geometry
 2:30:38.901 Warning: No components in dz\characters\vests\hunter_vest_m.p3d:geometry
 2:30:38.902 Warning: No components in dz\characters\vests\hunter_vest_f.p3d:geometry
 2:30:38.979 Warning: No components in dz\characters\tops\riders_jacket_m.p3d:geometry
 2:30:38.979 Warning: No components in dz\characters\tops\riders_jacket_f.p3d:geometry
 2:30:39.13    1836 items loaded. (0 failed)
 2:30:39.15  [CE][Storage] ver:26 stamp:72, valid:yes, name:"G:\SteamLibrary\steamapps\common\DayZServer\mpmissions\regular.namalsk\storage_1\data\dynamic_005.bin"
 2:30:39.15  [CE][Storage] ver:0 stamp:0, valid:NO, name:"G:\SteamLibrary\steamapps\common\DayZServer\mpmissions\regular.namalsk\storage_1\data\dynamic_005.001"
 2:30:39.15  [CE][Storage] ver:0 stamp:0, valid:NO, name:"G:\SteamLibrary\steamapps\common\DayZServer\mpmissions\regular.namalsk\storage_1\data\dynamic_005.002"
 2:30:39.16  [CE][Storage] Restoring file "G:\SteamLibrary\steamapps\common\DayZServer\mpmissions\regular.namalsk\storage_1\data\dynamic_005.bin" 648 items.
 2:30:39.28  Warning: No components in dz\characters\backpacks\canvasbag_g.p3d:geometryView
 2:30:39.28  Warning: No components in dz\characters\backpacks\canvasbag_m.p3d:geometry
 2:30:39.29  Warning: No components in dz\characters\backpacks\canvasbag_f.p3d:geometry
 2:30:39.80  Warning: No components in dz\characters\glasses\skigoggles_m.p3d:geometry
 2:30:39.105 Colt1911: bolt_fire_begin - unknown animation source reload
 2:30:39.105 Colt1911: bolt_empty - unknown animation source isempty
 2:30:39.105 Colt1911: bolt_reload_begin - unknown animation source reloadmagazine
 2:30:39.105 Colt1911: bolt_fire_begin - unknown animation source reload
 2:30:39.105 Colt1911: bolt_empty - unknown animation source isempty
 2:30:39.105 Colt1911: bolt_reload_begin - unknown animation source reloadmagazine
 2:30:39.122 Warning: No components in dz\weapons\archery\crossbow\crossbow.p3d:geometry
 2:30:39.367   648 items loaded. (0 failed)
 2:30:39.369 [CE][Storage] ver:26 stamp:72, valid:yes, name:"G:\SteamLibrary\steamapps\common\DayZServer\mpmissions\regular.namalsk\storage_1\data\dynamic_006.bin"
 2:30:39.369 [CE][Storage] ver:0 stamp:0, valid:NO, name:"G:\SteamLibrary\steamapps\common\DayZServer\mpmissions\regular.namalsk\storage_1\data\dynamic_006.001"
 2:30:39.370 [CE][Storage] ver:0 stamp:0, valid:NO, name:"G:\SteamLibrary\steamapps\common\DayZServer\mpmissions\regular.namalsk\storage_1\data\dynamic_006.002"
 2:30:39.371 [CE][Storage] Restoring file "G:\SteamLibrary\steamapps\common\DayZServer\mpmissions\regular.namalsk\storage_1\data\dynamic_006.bin" 2121 items.
 2:30:39.380 Warning: No components in dz\characters\pants\medicalscrubs_pants_m.p3d:geometry
 2:30:39.380 Warning: No components in dz\characters\pants\medicalscrubs_pants_f.p3d:geometry
 2:30:39.386 Warning: No components in dz\characters\tops\paramedic_jacket_m.p3d:geometry
 2:30:39.386 Warning: No components in dz\characters\tops\paramedic_jacket_f.p3d:geometry
 2:30:39.398 Warning: No components in dz\characters\tops\medicalscrubs_shirt_m.p3d:geometry
 2:30:39.399 Warning: No components in dz\characters\tops\medicalscrubs_shirt_f.p3d:geometry
 2:30:39.416 Warning: No components in dz\weapons\melee\blade\machete.p3d:geometry
 2:30:39.468 Warning: No components in dz\characters\backpacks\childs_m.p3d:geometry
 2:30:39.468 Warning: No components in dz\characters\backpacks\childs_f.p3d:geometry
 2:30:39.470 Warning: No components in dz\characters\masks\surgical_mask_m.p3d:geometry
 2:30:39.470 Warning: No components in dz\characters\masks\surgical_mask_m.p3d:geometryFire
 2:30:39.470 Warning: No components in dz\characters\masks\surgical_mask_m.p3d:geometryView
 2:30:39.470 Warning: No components in dz\characters\masks\surgical_mask_f.p3d:geometry
 2:30:39.470 Warning: No components in dz\characters\masks\surgical_mask_f.p3d:geometryFire
 2:30:39.470 Warning: No components in dz\characters\masks\surgical_mask_f.p3d:geometryView
 2:30:39.523 Warning: No components in dz\characters\tops\labcoat_m.p3d:geometry
 2:30:39.523 Warning: No components in dz\characters\tops\labcoat_f.p3d:geometry
 2:30:39.547 Warning: No components in dz\characters\tops\denim_jacket_m.p3d:geometry
 2:30:39.547 Warning: No components in dz\characters\tops\denim_jacket_f.p3d:geometry
 2:30:39.692 Warning: No components in dz\characters\tops\firefighter_m.p3d:geometry
 2:30:39.692 Warning: No components in dz\characters\tops\firefighter_f.p3d:geometry
 2:30:39.894 Warning: No components in dz\weapons\pistols\derringer\derringer.p3d:geometry
 2:30:39.992 Warning: No components in dz\characters\masks\vintagehockeymask_m.p3d:geometry
 2:30:39.992 Warning: No components in dz\characters\masks\vintagehockeymask_m.p3d:geometryFire
 2:30:39.992 Warning: No components in dz\characters\masks\vintagehockeymask_m.p3d:geometryView
 2:30:39.992 Warning: No components in dz\characters\masks\vintagehockeymask_f.p3d:geometry
 2:30:39.992 Warning: No components in dz\characters\masks\vintagehockeymask_f.p3d:geometryFire
 2:30:39.992 Warning: No components in dz\characters\masks\vintagehockeymask_f.p3d:geometryView
 2:30:40.516   2121 items loaded. (0 failed)
 2:30:40.517 [CE][Storage] ver:26 stamp:72, valid:yes, name:"G:\SteamLibrary\steamapps\common\DayZServer\mpmissions\regular.namalsk\storage_1\data\dynamic_007.bin"
 2:30:40.517 [CE][Storage] ver:0 stamp:0, valid:NO, name:"G:\SteamLibrary\steamapps\common\DayZServer\mpmissions\regular.namalsk\storage_1\data\dynamic_007.001"
 2:30:40.517 [CE][Storage] ver:0 stamp:0, valid:NO, name:"G:\SteamLibrary\steamapps\common\DayZServer\mpmissions\regular.namalsk\storage_1\data\dynamic_007.002"
 2:30:40.517 [CE][Storage] Restoring file "G:\SteamLibrary\steamapps\common\DayZServer\mpmissions\regular.namalsk\storage_1\data\dynamic_007.bin" 649 items.
 2:30:40.527 Accessing static object outside landscape (Obj-1048575,1048575:8388607 in 256,256)
 2:30:40.613 Accessing static object outside landscape (Obj-1048575,1048575:8388607 in 256,256)
 2:30:40.956   649 items loaded. (0 failed)
 2:30:40.957 [CE][Storage] ver:26 stamp:72, valid:yes, name:"G:\SteamLibrary\steamapps\common\DayZServer\mpmissions\regular.namalsk\storage_1\data\dynamic_008.bin"
 2:30:40.957 [CE][Storage] ver:0 stamp:0, valid:NO, name:"G:\SteamLibrary\steamapps\common\DayZServer\mpmissions\regular.namalsk\storage_1\data\dynamic_008.001"
 2:30:40.957 [CE][Storage] ver:0 stamp:0, valid:NO, name:"G:\SteamLibrary\steamapps\common\DayZServer\mpmissions\regular.namalsk\storage_1\data\dynamic_008.002"
 2:30:40.957 [CE][Storage] Restoring file "G:\SteamLibrary\steamapps\common\DayZServer\mpmissions\regular.namalsk\storage_1\data\dynamic_008.bin" 136 items.
 2:30:41.48    136 items loaded. (0 failed)
 2:30:41.49  [CE][Storage] ver:26 stamp:72, valid:yes, name:"G:\SteamLibrary\steamapps\common\DayZServer\mpmissions\regular.namalsk\storage_1\data\dynamic_009.bin"
 2:30:41.49  [CE][Storage] ver:0 stamp:0, valid:NO, name:"G:\SteamLibrary\steamapps\common\DayZServer\mpmissions\regular.namalsk\storage_1\data\dynamic_009.001"
 2:30:41.49  [CE][Storage] ver:0 stamp:0, valid:NO, name:"G:\SteamLibrary\steamapps\common\DayZServer\mpmissions\regular.namalsk\storage_1\data\dynamic_009.002"
 2:30:41.49  [CE][Storage] Restoring file "G:\SteamLibrary\steamapps\common\DayZServer\mpmissions\regular.namalsk\storage_1\data\dynamic_009.bin" 0 items.
 2:30:41.49    0 items loaded. (0 failed)
 2:30:41.49  [CE][Storage] ver:26 stamp:72, valid:yes, name:"G:\SteamLibrary\steamapps\common\DayZServer\mpmissions\regular.namalsk\storage_1\data\dynamic_010.bin"
 2:30:41.50  [CE][Storage] ver:0 stamp:0, valid:NO, name:"G:\SteamLibrary\steamapps\common\DayZServer\mpmissions\regular.namalsk\storage_1\data\dynamic_010.001"
 2:30:41.50  [CE][Storage] ver:0 stamp:0, valid:NO, name:"G:\SteamLibrary\steamapps\common\DayZServer\mpmissions\regular.namalsk\storage_1\data\dynamic_010.002"
 2:30:41.50  [CE][Storage] Restoring file "G:\SteamLibrary\steamapps\common\DayZServer\mpmissions\regular.namalsk\storage_1\data\dynamic_010.bin" 44 items.
 2:30:41.76  Warning Message: Cannot open object dz\weapons\attachments\magazine\magazine_m14.p3d
 2:30:41.94    44 items loaded. (0 failed)
 2:30:41.95  [CE][Storage] ver:26 stamp:72, valid:yes, name:"G:\SteamLibrary\steamapps\common\DayZServer\mpmissions\regular.namalsk\storage_1\data\dynamic_011.bin"
 2:30:41.95  [CE][Storage] ver:0 stamp:0, valid:NO, name:"G:\SteamLibrary\steamapps\common\DayZServer\mpmissions\regular.namalsk\storage_1\data\dynamic_011.001"
 2:30:41.95  [CE][Storage] ver:0 stamp:0, valid:NO, name:"G:\SteamLibrary\steamapps\common\DayZServer\mpmissions\regular.namalsk\storage_1\data\dynamic_011.002"
 2:30:41.95  [CE][Storage] Restoring file "G:\SteamLibrary\steamapps\common\DayZServer\mpmissions\regular.namalsk\storage_1\data\dynamic_011.bin" 49 items.
 2:30:41.106 Accessing static object outside landscape (Obj-1048575,1048575:8388607 in 256,256)
 2:30:41.127   49 items loaded. (0 failed)
 2:30:41.128 [CE][Storage] ver:26 stamp:72, valid:yes, name:"G:\SteamLibrary\steamapps\common\DayZServer\mpmissions\regular.namalsk\storage_1\data\building.bin"
 2:30:41.128 [CE][Storage] ver:0 stamp:0, valid:NO, name:"G:\SteamLibrary\steamapps\common\DayZServer\mpmissions\regular.namalsk\storage_1\data\building.001"
 2:30:41.128 [CE][Storage] ver:0 stamp:0, valid:NO, name:"G:\SteamLibrary\steamapps\common\DayZServer\mpmissions\regular.namalsk\storage_1\data\building.002"
 2:30:41.129 [CE][Storage] Restoring file "G:\SteamLibrary\steamapps\common\DayZServer\mpmissions\regular.namalsk\storage_1\data\building.bin" 0 items.
 2:30:41.129   0 items loaded. (0 failed)
 2:30:41.129 [CE][Storage] ver:26 stamp:72, valid:yes, name:"G:\SteamLibrary\steamapps\common\DayZServer\mpmissions\regular.namalsk\storage_1\data\vehicles.bin"
 2:30:41.129 [CE][Storage] ver:0 stamp:0, valid:NO, name:"G:\SteamLibrary\steamapps\common\DayZServer\mpmissions\regular.namalsk\storage_1\data\vehicles.001"
 2:30:41.129 [CE][Storage] ver:0 stamp:0, valid:NO, name:"G:\SteamLibrary\steamapps\common\DayZServer\mpmissions\regular.namalsk\storage_1\data\vehicles.002"
 2:30:41.130 [CE][Storage] Restoring file "G:\SteamLibrary\steamapps\common\DayZServer\mpmissions\regular.namalsk\storage_1\data\vehicles.bin" 61 items.
 2:30:41.134 Convex "component06" selection faces are less then 4 in dz\vehicles\water\boat_01\boat_01.p3d:geometry
 2:30:41.134 Convex "component08" selection faces are less then 4 in dz\vehicles\water\boat_01\boat_01.p3d:geometry
 2:30:41.212  ENTITY       : Load entity type 'Land_Garage_Row_Big'
 2:30:41.212   ENTITY    (W): Door 'DoorsTwin1' is missing geometry components for selection 'DoorsTwin1', check model+config
 2:30:41.212   ENTITY    (W): Door 'DoorsTwin2' is missing geometry components for selection 'DoorsTwin2', check model+config
 2:30:41.212   ENTITY    (W): Door 'DoorsTwin3' is missing geometry components for selection 'DoorsTwin3', check model+config
 2:30:41.212   ENTITY    (W): Door 'DoorsTwin4' is missing geometry components for selection 'DoorsTwin4', check model+config
 2:30:41.222  ENTITY    (W): Unknown object class 'pond' (dz\water_sakhal\ice_lake\sakhal_50x50_ice_lake_clear.p3d)
 2:30:41.243  WORLD        : Create entity type 'BaseRadio'
 2:30:41.243   ENTITY    (E): Type 'Inventory_BaseType' must be inherited from class 'ItemTransmitterType'
 2:30:41.244 Warning: No components in dz\gear\radio\base_radio_station_m.p3d:geometry
 2:30:41.245 Warning: No components in dz\gear\radio\base_radio_station_f.p3d:geometry
 2:30:41.250  WORLD        : Create entity type 'PersonalRadio'
 2:30:41.250   ENTITY    (E): Type 'Inventory_BaseType' must be inherited from class 'ItemTransmitterType'
 2:30:41.283   61 items loaded. (0 failed)
 2:30:41.313 [CE][Hive] :: Storage load took:4.44 seconds, recovery stamp:72
 2:30:41.313   entity: 7143, building: 0
 2:30:41.313   no lifetime: 14
 2:30:41.314   pathgraph's: 121
 2:30:41.314 [CE][Hive] :: Initializing ... 
 2:30:41.333 [CE][InitializeMap] :: initialized: 0
 2:30:41.333 [CE][Hive] :: Initializing spawners ... 
 2:30:41.333 [CE][LootRespawner] (PRIDummy) :: Initially (re)spawned:0, Nominal:6415, Total in Map: 6532 at 0 (sec)
 2:30:41.333   tests:0, repeats:0 fails:0, overtime:0
 2:30:41.335  WORLD        : Create entity type 'ZmbM_ruSoldier_normal_Woodland2'
 2:30:41.335   MATERIAL  (E): Object dz/characters/zombies/z_hermit_m.xob - cannot load material Material_1.emat
 2:30:41.336  WORLD        : Create entity type 'ZmbM_ruSoldier_normal_Woodland2'
 2:30:41.336   ANIMATION    : AnimGraph load @"{1D694C38EDA9D861}dz/anims/workspaces/infected/infected_main/infected.agr"
 2:30:41.336    ANIMATION    : Loading graph file @"dz/anims/workspaces/infected/infected_main/Locomotion.agr"
 2:30:41.337    ANIMATION    : Loading graph file @"dz/anims/workspaces/infected/infected_main/Combat.agr"
 2:30:41.337    ANIMATION    : Loading graph file @"dz/anims/workspaces/infected/infected_main/Interaction.agr"
 2:30:41.338    ANIMATION    : load of the graph ended with: Success
 2:30:41.338 Warning Message: No entry 'bin\config.bin/CfgAIBehaviours/InfectedMale/BehaviourHLZombie/SlotCalm/BehaviourZombieCalm/SoundsDuring/Sound1.sounds'.
 2:30:41.338 Warning Message: No entry 'bin\config.bin/CfgAIBehaviours/InfectedMale/BehaviourHLZombie/SlotAlerted/BehaviourZombieAlerted/SoundsEntering/Sound1.sounds'.
 2:30:41.338 Warning Message: No entry 'bin\config.bin/CfgAIBehaviours/InfectedMale/BehaviourHLZombie/SlotAlerted/BehaviourZombieAlerted/SoundsDuring/Sound1.sounds'.
 2:30:41.343 Warning: No components in dz\characters\vests\tacticalvest2_m.p3d:geometry
 2:30:41.343 Warning: No components in dz\characters\vests\tacticalvest2_f.p3d:geometry
 2:30:41.351 Warning: No components in dz\characters\proxies\eyewear_dz.p3d:geometry
 2:30:41.352 Warning: No components in dz\characters\proxies\backpack_dz.p3d:geometry
 2:30:41.352 Warning: No components in dz\characters\proxies\vest_dz.p3d:geometry
 2:30:41.358 Warning Message: No entry 'bin\config.bin/CfgAIBehaviours/InfectedMale/BehaviourHLZombie/SlotCalm/BehaviourZombieCalm/SoundsDuring/Sound1.sounds'.
 2:30:41.358 Warning Message: No entry 'bin\config.bin/CfgAIBehaviours/InfectedMale/BehaviourHLZombie/SlotAlerted/BehaviourZombieAlerted/SoundsEntering/Sound1.sounds'.
 2:30:41.358 Warning Message: No entry 'bin\config.bin/CfgAIBehaviours/InfectedMale/BehaviourHLZombie/SlotAlerted/BehaviourZombieAlerted/SoundsDuring/Sound1.sounds'.
 2:30:41.468 Warning Message: No entry 'bin\config.bin/CfgAIBehaviours/InfectedMale/BehaviourHLZombie/SlotCalm/BehaviourZombieCalm/SoundsDuring/Sound1.sounds'.
 2:30:41.468 Warning Message: No entry 'bin\config.bin/CfgAIBehaviours/InfectedMale/BehaviourHLZombie/SlotAlerted/BehaviourZombieAlerted/SoundsEntering/Sound1.sounds'.
 2:30:41.468 Warning Message: No entry 'bin\config.bin/CfgAIBehaviours/InfectedMale/BehaviourHLZombie/SlotAlerted/BehaviourZombieAlerted/SoundsDuring/Sound1.sounds'.
 2:30:41.474 Warning Message: No entry 'bin\config.bin/CfgAIBehaviours/InfectedMale/BehaviourHLZombie/SlotCalm/BehaviourZombieCalm/SoundsDuring/Sound1.sounds'.
 2:30:41.474 Warning Message: No entry 'bin\config.bin/CfgAIBehaviours/InfectedMale/BehaviourHLZombie/SlotAlerted/BehaviourZombieAlerted/SoundsEntering/Sound1.sounds'.
 2:30:41.474 Warning Message: No entry 'bin\config.bin/CfgAIBehaviours/InfectedMale/BehaviourHLZombie/SlotAlerted/BehaviourZombieAlerted/SoundsDuring/Sound1.sounds'.
 2:30:41.479 Warning Message: No entry 'bin\config.bin/CfgAIBehaviours/InfectedFemale/BehaviourHLZombie/SlotCalm/BehaviourZombieCalm/SoundsDuring/Sound1.sounds'.
 2:30:41.479 Warning Message: No entry 'bin\config.bin/CfgAIBehaviours/InfectedFemale/BehaviourHLZombie/SlotAlerted/BehaviourZombieAlerted/SoundsEntering/Sound1.sounds'.
 2:30:41.479 Warning Message: No entry 'bin\config.bin/CfgAIBehaviours/InfectedFemale/BehaviourHLZombie/SlotAlerted/BehaviourZombieAlerted/SoundsDuring/Sound1.sounds'.
 2:30:41.556 Warning Message: No entry 'bin\config.bin/CfgAIBehaviours/InfectedMale/BehaviourHLZombie/SlotCalm/BehaviourZombieCalm/SoundsDuring/Sound1.sounds'.
 2:30:41.556 Warning Message: No entry 'bin\config.bin/CfgAIBehaviours/InfectedMale/BehaviourHLZombie/SlotAlerted/BehaviourZombieAlerted/SoundsEntering/Sound1.sounds'.
 2:30:41.556 Warning Message: No entry 'bin\config.bin/CfgAIBehaviours/InfectedMale/BehaviourHLZombie/SlotAlerted/BehaviourZombieAlerted/SoundsDuring/Sound1.sounds'.
 2:30:41.560 Warning Message: No entry 'bin\config.bin/CfgAIBehaviours/InfectedMale/BehaviourHLZombie/SlotCalm/BehaviourZombieCalm/SoundsDuring/Sound1.sounds'.
 2:30:41.560 Warning Message: No entry 'bin\config.bin/CfgAIBehaviours/InfectedMale/BehaviourHLZombie/SlotAlerted/BehaviourZombieAlerted/SoundsEntering/Sound1.sounds'.
 2:30:41.560 Warning Message: No entry 'bin\config.bin/CfgAIBehaviours/InfectedMale/BehaviourHLZombie/SlotAlerted/BehaviourZombieAlerted/SoundsDuring/Sound1.sounds'.
 2:30:41.566 Warning Message: No entry 'bin\config.bin/CfgAIBehaviours/InfectedMale/BehaviourHLZombie/SlotCalm/BehaviourZombieCalm/SoundsDuring/Sound1.sounds'.
 2:30:41.566 Warning Message: No entry 'bin\config.bin/CfgAIBehaviours/InfectedMale/BehaviourHLZombie/SlotAlerted/BehaviourZombieAlerted/SoundsEntering/Sound1.sounds'.
 2:30:41.566 Warning Message: No entry 'bin\config.bin/CfgAIBehaviours/InfectedMale/BehaviourHLZombie/SlotAlerted/BehaviourZombieAlerted/SoundsDuring/Sound1.sounds'.
 2:30:41.588 Warning Message: No entry 'bin\config.bin/CfgAIBehaviours/InfectedMale/BehaviourHLZombie/SlotCalm/BehaviourZombieCalm/SoundsDuring/Sound1.sounds'.
 2:30:41.588 Warning Message: No entry 'bin\config.bin/CfgAIBehaviours/InfectedMale/BehaviourHLZombie/SlotAlerted/BehaviourZombieAlerted/SoundsEntering/Sound1.sounds'.
 2:30:41.588 Warning Message: No entry 'bin\config.bin/CfgAIBehaviours/InfectedMale/BehaviourHLZombie/SlotAlerted/BehaviourZombieAlerted/SoundsDuring/Sound1.sounds'.
 2:30:41.670 Warning Message: No entry 'bin\config.bin/CfgAIBehaviours/InfectedMale/BehaviourHLZombie/SlotCalm/BehaviourZombieCalm/SoundsDuring/Sound1.sounds'.
 2:30:41.670 Warning Message: No entry 'bin\config.bin/CfgAIBehaviours/InfectedMale/BehaviourHLZombie/SlotAlerted/BehaviourZombieAlerted/SoundsEntering/Sound1.sounds'.
 2:30:41.670 Warning Message: No entry 'bin\config.bin/CfgAIBehaviours/InfectedMale/BehaviourHLZombie/SlotAlerted/BehaviourZombieAlerted/SoundsDuring/Sound1.sounds'.
 2:30:41.673 Warning Message: No entry 'bin\config.bin/CfgAIBehaviours/InfectedFemale/BehaviourHLZombie/SlotCalm/BehaviourZombieCalm/SoundsDuring/Sound1.sounds'.
 2:30:41.673 Warning Message: No entry 'bin\config.bin/CfgAIBehaviours/InfectedFemale/BehaviourHLZombie/SlotAlerted/BehaviourZombieAlerted/SoundsEntering/Sound1.sounds'.
 2:30:41.673 Warning Message: No entry 'bin\config.bin/CfgAIBehaviours/InfectedFemale/BehaviourHLZombie/SlotAlerted/BehaviourZombieAlerted/SoundsDuring/Sound1.sounds'.
 2:30:41.687  WORLD        : Create entity type 'Animal_CapraHircusF'
 2:30:41.687   ENTITY    (E): Type 'ManType' must be inherited from class 'DayZAnimalType'
 2:30:41.689  WORLD        : Create entity type 'Animal_CapraHircusF'
 2:30:41.689   ANIMATION    : AnimGraph load @"{3F2F32D104EA5971}dz/animals/animations/!graph_files/Herbivores/Herbivores_Graph.agr"
 2:30:41.689    ANIMATION    : Loading graph file @"dz/animals/animations/!graph_files/herbivores/Herbivores_MainGraph.agr"
 2:30:41.690    ANIMATION    : load of the graph ended with: Success
 2:30:41.691 Warning Message: No entry 'bin\config.bin/CfgVehicles/Animal_CapraHircusF.P3DAttachments'.
 2:30:41.691 Warning Message: No entry '.P3DProxies'.
 2:30:41.691 Warning Message: No entry '.BoneNames'.
 2:30:41.691 Warning Message: Size: '/' not an array
 2:30:41.691 Warning Message: Size: '/' not an array
 2:30:41.691 Warning Message: Size: '/' not an array
 2:30:41.693  WORLD        : Create entity type 'Animal_CapraHircus_Brown'
 2:30:41.693   ENTITY    (E): Type 'ManType' must be inherited from class 'DayZAnimalType'
 2:30:41.693 Warning Message: No entry 'bin\config.bin/CfgVehicles/Animal_CapraHircus_Brown.P3DAttachments'.
 2:30:41.693 Warning Message: No entry '.P3DProxies'.
 2:30:41.693 Warning Message: No entry '.BoneNames'.
 2:30:41.693 Warning Message: Size: '/' not an array
 2:30:41.693 Warning Message: Size: '/' not an array
 2:30:41.693 Warning Message: Size: '/' not an array
 2:30:41.694  WORLD        : Create entity type 'Animal_CapraHircus_White'
 2:30:41.694   ENTITY    (E): Type 'ManType' must be inherited from class 'DayZAnimalType'
 2:30:41.695 Warning Message: No entry 'bin\config.bin/CfgVehicles/Animal_CapraHircus_White.P3DAttachments'.
 2:30:41.695 Warning Message: No entry '.P3DProxies'.
 2:30:41.695 Warning Message: No entry '.BoneNames'.
 2:30:41.695 Warning Message: Size: '/' not an array
 2:30:41.695 Warning Message: Size: '/' not an array
 2:30:41.695 Warning Message: Size: '/' not an array
 2:30:41.695  WORLD        : Create entity type 'Animal_OvisAries'
 2:30:41.695   ENTITY    (E): Type 'ManType' must be inherited from class 'DayZAnimalType'
 2:30:41.696 Warning Message: No entry 'bin\config.bin/CfgVehicles/Animal_OvisAries.P3DAttachments'.
 2:30:41.696 Warning Message: No entry '.P3DProxies'.
 2:30:41.696 Warning Message: No entry '.BoneNames'.
 2:30:41.696 Warning Message: Size: '/' not an array
 2:30:41.696 Warning Message: Size: '/' not an array
 2:30:41.696 Warning Message: Size: '/' not an array
 2:30:41.697  WORLD        : Create entity type 'Animal_RangiferTarandus'
 2:30:41.697   ENTITY    (E): Type 'ManType' must be inherited from class 'DayZAnimalType'
 2:30:41.698 Warning Message: No entry 'bin\config.bin/CfgVehicles/Animal_RangiferTarandus.P3DAttachments'.
 2:30:41.698 Warning Message: No entry '.P3DProxies'.
 2:30:41.698 Warning Message: No entry '.BoneNames'.
 2:30:41.698 Warning Message: Size: '/' not an array
 2:30:41.698 Warning Message: Size: '/' not an array
 2:30:41.698 Warning Message: Size: '/' not an array
 2:30:41.700  WORLD        : Create entity type 'Animal_RangiferTarandusF'
 2:30:41.700   ENTITY    (E): Type 'ManType' must be inherited from class 'DayZAnimalType'
 2:30:41.700 Warning Message: No entry 'bin\config.bin/CfgVehicles/Animal_RangiferTarandusF.P3DAttachments'.
 2:30:41.700 Warning Message: No entry '.P3DProxies'.
 2:30:41.700 Warning Message: No entry '.BoneNames'.
 2:30:41.700 Warning Message: Size: '/' not an array
 2:30:41.700 Warning Message: Size: '/' not an array
 2:30:41.700 Warning Message: Size: '/' not an array
 2:30:41.702  WORLD        : Create entity type 'Animal_SusScrofa'
 2:30:41.702   ENTITY    (E): Type 'ManType' must be inherited from class 'DayZAnimalType'
 2:30:41.703 Warning Message: No entry 'bin\config.bin/CfgVehicles/Animal_SusScrofa.P3DAttachments'.
 2:30:41.703 Warning Message: No entry '.P3DProxies'.
 2:30:41.703 Warning Message: No entry '.BoneNames'.
 2:30:41.703 Warning Message: Size: '/' not an array
 2:30:41.703 Warning Message: Size: '/' not an array
 2:30:41.703 Warning Message: Size: '/' not an array
 2:30:41.705  WORLD        : Create entity type 'Animal_CanisLupus_Grey'
 2:30:41.705   ENTITY    (E): Type 'ManType' must be inherited from class 'DayZAnimalType'
 2:30:41.706  WORLD        : Create entity type 'Animal_CanisLupus_Grey'
 2:30:41.706   ANIMATION    : AnimGraph load @"{089BA307C066511E}dz/animals/animations/!graph_files/Wolf/Wolf_Graph.agr"
 2:30:41.706    ANIMATION    : Loading graph file @"dz/animals/animations/!graph_files/Wolf/Wolf_MainGraph.agr"
 2:30:41.707    ANIMATION    : load of the graph ended with: Success
 2:30:41.710 Warning Message: No entry 'bin\config.bin/CfgVehicles/Animal_CanisLupus_Grey.P3DAttachments'.
 2:30:41.710 Warning Message: No entry '.P3DProxies'.
 2:30:41.710 Warning Message: No entry '.BoneNames'.
 2:30:41.710 Warning Message: Size: '/' not an array
 2:30:41.710 Warning Message: Size: '/' not an array
 2:30:41.710 Warning Message: Size: '/' not an array
 2:30:41.717  WORLD        : Create entity type 'Animal_UrsusArctos'
 2:30:41.717   ENTITY    (E): Type 'ManType' must be inherited from class 'DayZAnimalType'
 2:30:41.719  WORLD        : Create entity type 'Animal_UrsusArctos'
 2:30:41.719   ANIMATION    : AnimGraph load @"{50965216E3F87C83}DZ/animals_bliss/animations/!graph_files/bear/Bear_Graph.agr"
 2:30:41.719    ANIMATION    : Loading graph file @"DZ/animals_bliss/animations/!graph_files/bear/Bear_MainGraph.agr"
 2:30:41.721    ANIMATION    : load of the graph ended with: Success
 2:30:41.722 Warning Message: No entry 'bin\config.bin/CfgVehicles/Animal_UrsusArctos.P3DAttachments'.
 2:30:41.722 Warning Message: No entry '.P3DProxies'.
 2:30:41.722 Warning Message: No entry '.BoneNames'.
 2:30:41.722 Warning Message: Size: '/' not an array
 2:30:41.722 Warning Message: Size: '/' not an array
 2:30:41.722 Warning Message: Size: '/' not an array
 2:30:41.723  WORLD        : Create entity type 'Animal_UrsusMaritimus'
 2:30:41.723   ENTITY    (E): Type 'ManType' must be inherited from class 'DayZAnimalType'
 2:30:41.724 Warning Message: No entry 'bin\config.bin/CfgVehicles/Animal_UrsusMaritimus.P3DAttachments'.
 2:30:41.724 Warning Message: No entry '.P3DProxies'.
 2:30:41.724 Warning Message: No entry '.BoneNames'.
 2:30:41.724 Warning Message: Size: '/' not an array
 2:30:41.724 Warning Message: Size: '/' not an array
 2:30:41.724 Warning Message: Size: '/' not an array
 2:30:41.726 [CE][DynEvent] :: 23 types
 2:30:41.726 [00] Loot
 2:30:41.726   Primary Spawner: "Loot", active: yes, repeat: 2
 2:30:41.726 [01] StaticMedDrop
 2:30:41.726   Primary Spawner: "Static", active: yes, repeat: 1
 2:30:41.726 [02] StaticLifeboat
 2:30:41.726   Primary Spawner: "Static", active: yes, repeat: 1
 2:30:41.726 [03] ItemWoodenPlanks
 2:30:41.726   Primary Spawner: "Item", active: yes, repeat: 1
 2:30:41.726 [04] TrajectoryStones
 2:30:41.726   Primary Spawner: "Trajectory", active: yes, repeat: 1
 2:30:41.726 [05] InfectedSanta
 2:30:41.726   Primary Spawner: "Infected", active: yes, repeat: 1
 2:30:41.726 [06] InfectedArmy
 2:30:41.726   Primary Spawner: "Infected", active: yes, repeat: 1
 2:30:41.726 [07] InfectedIndustrial
 2:30:41.726   Primary Spawner: "Infected", active: yes, repeat: 1
 2:30:41.726 [08] InfectedCivil
 2:30:41.726   Primary Spawner: "Infected", active: yes, repeat: 1
 2:30:41.726 [09] InfectedMedic
 2:30:41.726   Primary Spawner: "Infected", active: yes, repeat: 1
 2:30:41.726 [10] AnimalGoat
 2:30:41.726   Primary Spawner: "Animal", active: yes, repeat: 1
 2:30:41.726 [11] AnimalSheep
 2:30:41.726   Primary Spawner: "Animal", active: yes, repeat: 1
 2:30:41.726 [12] AnimalReindeer
 2:30:41.726   Primary Spawner: "Animal", active: yes, repeat: 1
 2:30:41.726 [13] AnimalWildBoar
 2:30:41.726   Primary Spawner: "Animal", active: yes, repeat: 1
 2:30:41.726 [14] AnimalWolf
 2:30:41.726   Primary Spawner: "Animal", active: yes, repeat: 1
 2:30:41.726 [15] AnimalBrownBear
 2:30:41.726   Primary Spawner: "Animal", active: yes, repeat: 1
 2:30:41.726 [16] AnimalPolarBear
 2:30:41.726   Primary Spawner: "Animal", active: yes, repeat: 1
 2:30:41.726 [17] AmbientFox
 2:30:41.726   Primary Spawner: "Ambient", active: yes, repeat: 1
 2:30:41.726 [18] AmbientHare
 2:30:41.726   Primary Spawner: "Ambient", active: yes, repeat: 1
 2:30:41.726 [19] VehicleRubberBoats
 2:30:41.726   Primary Spawner: "Vehicle", active: yes, repeat: 1
 2:30:41.726 [20] VehicleCivilianCars
 2:30:41.726   Primary Spawner: "Vehicle", active: yes, repeat: 1
 2:30:41.726 [21] VehicleTrucks
 2:30:41.726   Primary Spawner: "Vehicle", active: yes, repeat: 1
 2:30:41.726 [22] VehicleMilitary
 2:30:41.726   Primary Spawner: "Vehicle", active: yes, repeat: 1
 2:30:41.726 [CE][Hive] :: Initializing of spawners done.
 2:30:41.730 [CE][Hive] :: Init sequence finished.
 2:30:41.730 Player connect enabled
 2:30:41.765 ENTITY    (W): Unknown object class 'pond' (nst\ns\water\lakewater.p3d)
 2:30:41.766 ENTITY    (W): Unknown object class 'pond' (nst\ns\water\lakewater.p3d)
 2:30:41.766 ENTITY    (W): Unknown object class 'pond' (nst\ns\water\lakewater.p3d)
 2:30:41.769 ENTITY    (W): Unknown object class 'pond' (nst\ns\water\lakewater.p3d)
 2:30:41.769 ENTITY    (W): Unknown object class 'pond' (nst\ns\water\lakewater.p3d)
 2:30:41.770 ENTITY    (W): Unknown object class 'pond' (nst\ns\water\lakewater.p3d)
 2:30:41.771 ENTITY    (W): Unknown object class 'pond' (nst\ns\water\lakewater.p3d)
 2:30:41.771 ENTITY    (W): Unknown object class 'pond' (nst\ns\water\lakewater.p3d)
 2:30:41.771 ENTITY    (W): Unknown object class 'pond' (nst\ns\water\lakewater.p3d)
 2:30:41.772 ENTITY    (W): Unknown object class 'pond' (nst\ns\water\lakewater.p3d)
 2:30:41.772 ENTITY    (W): Unknown object class 'pond' (nst\ns\water\lakewater.p3d)
 2:30:41.772 ENTITY    (W): Unknown object class 'pond' (nst\ns\water\lakewater.p3d)
 2:30:41.774 ENTITY    (W): Unknown object class 'pond' (nst\ns\water\lakewater.p3d)
 2:30:41.775 ENTITY    (W): Unknown object class 'pond' (nst\ns\water\lakewater.p3d)
 2:30:41.775 ENTITY    (W): Unknown object class 'pond' (nst\ns\water\lakewater.p3d)
 2:30:41.775 ENTITY    (W): Unknown object class 'pond' (dz\water_sakhal\ice_lake\sakhal_50x50_ice_lake_clear.p3d)
 2:30:41.776 ENTITY    (W): Unknown object class 'pond' (nst\ns\water\lakewater.p3d)
 2:30:41.777 ENTITY    (W): Unknown object class 'pond' (nst\ns\water\lakewater.p3d)
 2:30:41.778 ENTITY    (W): Unknown object class 'pond' (nst\ns\water\lakewater.p3d)
 2:30:42.24  [IdleMode] Entering IN - save processed
 2:30:42.34  ENTITY    (W): Unknown object class 'pond' (dz\water_sakhal\ice_lake\sakhal_50x50_ice_lake_clear.p3d)
 2:30:42.34  ENTITY    (W): Unknown object class 'pond' (dz\water_sakhal\ice_lake\sakhal_50x50_ice_lake_clear.p3d)
 2:30:42.41  ENTITY    (W): Unknown object class 'pond' (dz\water_sakhal\ice_lake\sakhal_50x50_ice_lake_clear.p3d)
 2:30:42.42  ENTITY    (W): Unknown object class 'pond' (dz\water_sakhal\ice_lake\sakhal_50x50_ice_lake_clear.p3d)
 2:30:42.48  Warning: No components in dz\structures\military\improvised\mil_tent_big2_4.p3d:geometryFire
 2:30:42.48  Warning: No components in dz\structures\military\improvised\mil_tent_big2_4.p3d:geometryView
 2:30:42.54  Warning: No components in dz\structures\military\improvised\mil_tent_big2_5.p3d:geometryFire
 2:30:42.54  Warning: No components in dz\structures\military\improvised\mil_tent_big2_5.p3d:geometryView
 2:30:42.54  Warning: No components in dz\structures\military\improvised\mil_tent_big2_2.p3d:geometryFire
 2:30:42.54  Warning: No components in dz\structures\military\improvised\mil_tent_big2_2.p3d:geometryView
 2:30:42.56  Warning: No components in dz\structures\military\improvised\mil_tent_big2_3.p3d:geometryFire
 2:30:42.56  Warning: No components in dz\structures\military\improvised\mil_tent_big2_3.p3d:geometryView
 2:30:42.102 ENTITY    (W): Unknown object class 'pond' (nst\ns\water\lakewater.p3d)
 2:30:42.102 ENTITY    (W): Unknown object class 'pond' (nst\ns\water\lakewater.p3d)
 2:30:42.102 ENTITY    (W): Unknown object class 'pond' (nst\ns\water\lakewater.p3d)
 2:30:42.102 ENTITY    (W): Unknown object class 'pond' (nst\ns\water\lakewater.p3d)
 2:30:42.102 ENTITY    (W): Unknown object class 'pond' (nst\ns\water\lakewater.p3d)
 2:30:42.102 ENTITY    (W): Unknown object class 'pond' (nst\ns\water\lakewater.p3d)
 2:30:42.102 ENTITY    (W): Unknown object class 'pond' (nst\ns\water\lakewater.p3d)
 2:30:42.103 ENTITY    (W): Unknown object class 'pond' (nst\ns\water\lakewater.p3d)
 2:30:42.103 ENTITY    (W): Unknown object class 'pond' (nst\ns\water\lakewater.p3d)
 2:30:42.103 ENTITY    (W): Unknown object class 'pond' (nst\ns\water\lakewater.p3d)
 2:30:42.103 ENTITY    (W): Unknown object class 'pond' (nst\ns\water\lakewater.p3d)
 2:30:42.104 ENTITY    (W): Unknown object class 'pond' (nst\ns\water\lakewater.p3d)
 2:30:42.105 ENTITY    (W): Unknown object class 'pond' (dz\water_sakhal\ice_lake\sakhal_50x50_ice_lake_clear.p3d)
 2:30:42.108 PerfWarning: Way too much components (753) in dz\structures\wrecks\vehicles\wreck_t72_chassis.p3d:geometryFire
 2:30:42.132 ENTITY    (W): Unknown object class 'pond' (dz\water_sakhal\ice_lake\sakhal_50x50_ice_lake_clear.p3d)
 2:30:42.154 Warning: No components in nst\ns2\build\seb\seb_powerline_hv_cables_long.p3d:geometry
 2:30:42.156 ENTITY    (W): Unknown object class 'pond' (nst\ns\water\lakewater.p3d)
 2:30:42.156 ENTITY    (W): Unknown object class 'pond' (nst\ns\water\lakewater.p3d)
 2:30:42.156 ENTITY    (W): Unknown object class 'pond' (nst\ns\water\lakewater.p3d)
 2:30:42.156 ENTITY    (W): Unknown object class 'pond' (nst\ns\water\lakewater.p3d)
 2:30:42.156 ENTITY    (W): Unknown object class 'pond' (nst\ns\water\lakewater.p3d)
 2:30:42.156 ENTITY    (W): Unknown object class 'pond' (nst\ns\water\lakewater.p3d)
 2:30:42.157 Fresnel k must be >0, given n=1,k=0
 2:30:42.157 Fresnel k must be >0, given n=1,k=0
 2:30:42.183 Fresnel k must be >0, given n=1,k=0
 2:30:42.183 Fresnel k must be >0, given n=1,k=0
 2:30:42.201 Warning: No components in dz\structures\industrial\misc\misc_through_static.p3d:geometry
 2:30:42.204 ENTITY    (W): Unknown object class 'pond' (nst\ns\water\lakewater.p3d)
 2:30:42.204 ENTITY    (W): Unknown object class 'pond' (nst\ns\water\lakewater.p3d)
 2:30:42.204 ENTITY    (W): Unknown object class 'pond' (nst\ns\water\lakewater.p3d)
 2:30:42.212 PerfWarning: Way too much components (572) in dz\structures\wrecks\aircraft\wreck_c130j.p3d:geometryFire
 2:30:42.243 Warn: Shape '???' contains water texture however it does not carry a property "class=pond". Consider creating one to speed up the detection!
 2:30:42.248 Warn: Shape '???' contains water texture however it does not carry a property "class=pond". Consider creating one to speed up the detection!
 2:30:42.266 PerfWarning: Way too much components (1497) in dz\structures\industrial\construction\construction_building.p3d:geometryFire
 2:30:42.296 Convex "component98" selection faces are less then 4 in dz\structures\industrial\sawmills\sawmill_building.p3d:geometry
 2:30:42.298 PerfWarning: Way too much components (541) in dz\structures\industrial\sawmills\sawmill_building.p3d:geometryFire
 2:30:42.298 Convex "component97" selection faces are less then 4 in dz\structures\industrial\sawmills\sawmill_building.p3d:geometryView
 2:30:42.298 Convex "component98" selection faces are less then 4 in dz\structures\industrial\sawmills\sawmill_building.p3d:geometryView
 2:30:42.313 ENTITY       : Load entity type 'land_seb_near_fac7'
 2:30:42.313  ENTITY    (W): Door 'doorstwin1' is missing geometry components for selection 'doorstwin1', check model+config
 2:30:42.335 ENTITY    (W): Unknown object class 'pond' (dz\water_sakhal\ice_lake\sakhal_50x50_ice_lake_clear.p3d)
 2:30:42.350 ENTITY    (W): Unknown object class 'pond' (dz\water_sakhal\ice_lake\sakhal_50x50_ice_lake_clear.p3d)
 2:30:42.363 PerfWarning: Way too much components (715) in dz\structures\industrial\houses\factory_lathes.p3d:geometryFire
 2:30:42.366 Warning: No components in dz\structures\industrial\houses\proxy\housev2_03_int.p3d:geometry
 2:30:42.367 PerfWarning: Way too much components (633) in dz\structures\industrial\houses\proxy\housev2_03_int.p3d:geometryFire
 2:30:42.367 Warning: No components in dz\structures\industrial\houses\proxy\housev2_03_int.p3d:geometryView
 2:30:42.403 ENTITY    (W): Unknown object class 'pond' (dz\water_sakhal\ice_lake\sakhal_50x50_ice_lake_clear.p3d)
 2:30:42.410 PerfWarning: Way too much components (564) in dz\structures\industrial\farms\barn_wood1.p3d:geometryFire
 2:30:42.418 ENTITY       : Load entity type 'Land_Rail_Warehouse_Small'
 2:30:42.418  ENTITY    (W): Door 'DoorsTwin1' is missing geometry components for selection 'DoorsTwin1', check model+config
 2:30:42.418  ENTITY    (W): Door 'DoorsTwin2' is missing geometry components for selection 'DoorsTwin2', check model+config
 2:30:42.455 PerfWarning: Way too much components (777) in dz\structures\residential\schools\city_school.p3d:geometryFire
 2:30:42.461 Warning: No components in dz\structures\proxy_buildingparts\lightningcond\lightningconductormiddle\lightningconductormiddle.p3d:geometryFire
 2:30:42.461 Warning: No components in dz\structures\proxy_buildingparts\lightningcond\lightningconductormiddle\lightningconductormiddle.p3d:geometryView
 2:30:42.461 Warning: No components in dz\structures\proxy_buildingparts\lightningcond\lightningconductorcorner\lightningconductorcorner.p3d:geometryFire
 2:30:42.461 Warning: No components in dz\structures\proxy_buildingparts\lightningcond\lightningconductorcorner\lightningconductorcorner.p3d:geometryView
 2:30:42.461 Warning: No components in dz\structures\proxy_buildingparts\lightningcond\lightningconductorconnection\lightningconductorconnection.p3d:geometryFire
 2:30:42.461 Warning: No components in dz\structures\proxy_buildingparts\lightningcond\lightningconductorconnection\lightningconductorconnection.p3d:geometryView
 2:30:42.462 Warning: No components in dz\structures\furniture\school_equipment\school_ringbell.p3d:geometry
 2:30:42.463 Warning: No components in dz\structures\furniture\school_equipment\tac_board_posters_level1.p3d:geometry
 2:30:42.463 Warning: No components in dz\structures\furniture\school_equipment\anatomy_poster_1.p3d:geometry
 2:30:42.463 Warning: No components in dz\structures\furniture\school_equipment\anatomy_poster_2.p3d:geometry
 2:30:42.463 Warning: No components in dz\structures\furniture\school_equipment\flag_chernarus_wall.p3d:geometry
 2:30:42.464 Warning: No components in dz\structures\furniture\school_equipment\yellow_star.p3d:geometry
 2:30:42.471 PerfWarning: Way too much components (1187) in dz\structures\residential\schools\proxy\school_exterior_proxy.p3d:geometryFire
 2:30:42.472 Warning: No components in dz\structures\furniture\school_equipment\periodic_table.p3d:geometry
 2:30:42.472 Warning: No components in dz\structures\furniture\school_equipment\tac_board_posters_level2.p3d:geometry
 2:30:42.475 Warning: No components in dz\structures\residential\schools\proxy\school_details.p3d:geometry
 2:30:42.475 Warning: No components in dz\structures\residential\schools\proxy\school_details.p3d:geometryView
 2:30:42.491 Warning: No components in dz\structures\wrecks\vehicles\wreck_decal_big.p3d:geometry
 2:30:42.495 Warning: No components in dz\structures\residential\schools\proxy\school_interior.p3d:geometry
 2:30:42.502 ENTITY       : Load entity type 'Land_City_School'
 2:30:42.502  ENTITY    (W): Door 'DoorsTwin1' is missing geometry components for selection 'DoorsTwin1', check model+config
 2:30:42.502  ENTITY    (W): Door 'DoorsTwin3' is missing geometry components for selection 'DoorsTwin3', check model+config
 2:30:42.502  ENTITY    (W): Door 'DoorsTwin4' is missing geometry components for selection 'DoorsTwin4', check model+config
 2:30:42.502  ENTITY    (W): Door 'DoorsTwin5' is missing geometry components for selection 'DoorsTwin5', check model+config
 2:30:42.502  ENTITY    (W): Door 'DoorsTwin6' is missing geometry components for selection 'DoorsTwin6', check model+config
 2:30:42.502  ENTITY    (W): Door 'DoorsTwin7' is missing geometry components for selection 'DoorsTwin7', check model+config
 2:30:42.506  ENTITY    (W): Unknown object class 'thing' (dz\structures\proxy_buildingparts\lightningcond\lightningconductormiddle\lightningconductormiddle.p3d)
 2:30:42.506  ENTITY    (W): Unknown object class 'thing' (dz\structures\proxy_buildingparts\lightningcond\lightningconductormiddle\lightningconductormiddle.p3d)
 2:30:42.506  ENTITY    (W): Unknown object class 'thing' (dz\structures\proxy_buildingparts\lightningcond\lightningconductormiddle\lightningconductormiddle.p3d)
 2:30:42.506  ENTITY    (W): Unknown object class 'thing' (dz\structures\proxy_buildingparts\lightningcond\lightningconductormiddle\lightningconductormiddle.p3d)
 2:30:42.506  ENTITY    (W): Unknown object class 'thing' (dz\structures\proxy_buildingparts\lightningcond\lightningconductormiddle\lightningconductormiddle.p3d)
 2:30:42.506  ENTITY    (W): Unknown object class 'thing' (dz\structures\proxy_buildingparts\lightningcond\lightningconductormiddle\lightningconductormiddle.p3d)
 2:30:42.506  ENTITY    (W): Unknown object class 'thing' (dz\structures\proxy_buildingparts\lightningcond\lightningconductormiddle\lightningconductormiddle.p3d)
 2:30:42.506  ENTITY    (W): Unknown object class 'thing' (dz\structures\proxy_buildingparts\lightningcond\lightningconductormiddle\lightningconductormiddle.p3d)
 2:30:42.506  ENTITY    (W): Unknown object class 'thing' (dz\structures\proxy_buildingparts\lightningcond\lightningconductormiddle\lightningconductormiddle.p3d)
 2:30:42.506  ENTITY    (W): Unknown object class 'thing' (dz\structures\proxy_buildingparts\lightningcond\lightningconductormiddle\lightningconductormiddle.p3d)
 2:30:42.506  ENTITY    (W): Unknown object class 'thing' (dz\structures\proxy_buildingparts\lightningcond\lightningconductormiddle\lightningconductormiddle.p3d)
 2:30:42.506  ENTITY    (W): Unknown object class 'thing' (dz\structures\proxy_buildingparts\lightningcond\lightningconductormiddle\lightningconductormiddle.p3d)
 2:30:42.506  ENTITY    (W): Unknown object class 'thing' (dz\structures\proxy_buildingparts\lightningcond\lightningconductormiddle\lightningconductormiddle.p3d)
 2:30:42.506  ENTITY    (W): Unknown object class 'thing' (dz\structures\proxy_buildingparts\lightningcond\lightningconductormiddle\lightningconductormiddle.p3d)
 2:30:42.506  ENTITY    (W): Unknown object class 'thing' (dz\structures\proxy_buildingparts\lightningcond\lightningconductormiddle\lightningconductormiddle.p3d)
 2:30:42.506  ENTITY    (W): Unknown object class 'thing' (dz\structures\proxy_buildingparts\lightningcond\lightningconductormiddle\lightningconductormiddle.p3d)
 2:30:42.506  ENTITY    (W): Unknown object class 'thing' (dz\structures\proxy_buildingparts\lightningcond\lightningconductormiddle\lightningconductormiddle.p3d)
 2:30:42.506  ENTITY    (W): Unknown object class 'thing' (dz\structures\proxy_buildingparts\lightningcond\lightningconductormiddle\lightningconductormiddle.p3d)
 2:30:42.506  ENTITY    (W): Unknown object class 'thing' (dz\structures\proxy_buildingparts\lightningcond\lightningconductormiddle\lightningconductormiddle.p3d)
 2:30:42.506  ENTITY    (W): Unknown object class 'thing' (dz\structures\proxy_buildingparts\lightningcond\lightningconductormiddle\lightningconductormiddle.p3d)
 2:30:42.506  ENTITY    (W): Unknown object class 'thing' (dz\structures\proxy_buildingparts\lightningcond\lightningconductormiddle\lightningconductormiddle.p3d)
 2:30:42.506  ENTITY    (W): Unknown object class 'thing' (dz\structures\proxy_buildingparts\lightningcond\lightningconductormiddle\lightningconductormiddle.p3d)
 2:30:42.506  ENTITY    (W): Unknown object class 'thing' (dz\structures\proxy_buildingparts\lightningcond\lightningconductormiddle\lightningconductormiddle.p3d)
 2:30:42.506  ENTITY    (W): Unknown object class 'thing' (dz\structures\proxy_buildingparts\lightningcond\lightningconductormiddle\lightningconductormiddle.p3d)
 2:30:42.506  ENTITY    (W): Unknown object class 'thing' (dz\structures\proxy_buildingparts\lightningcond\lightningconductormiddle\lightningconductormiddle.p3d)
 2:30:42.506  ENTITY    (W): Unknown object class 'thing' (dz\structures\proxy_buildingparts\lightningcond\lightningconductormiddle\lightningconductormiddle.p3d)
 2:30:42.506  ENTITY    (W): Unknown object class 'thing' (dz\structures\proxy_buildingparts\lightningcond\lightningconductormiddle\lightningconductormiddle.p3d)
 2:30:42.506  ENTITY    (W): Unknown object class 'thing' (dz\structures\proxy_buildingparts\lightningcond\lightningconductormiddle\lightningconductormiddle.p3d)
 2:30:42.506  ENTITY    (W): Unknown object class 'thing' (dz\structures\proxy_buildingparts\lightningcond\lightningconductormiddle\lightningconductormiddle.p3d)
 2:30:42.506  ENTITY    (W): Unknown object class 'thing' (dz\structures\proxy_buildingparts\lightningcond\lightningconductormiddle\lightningconductormiddle.p3d)
 2:30:42.506  ENTITY    (W): Unknown object class 'thing' (dz\structures\proxy_buildingparts\lightningcond\lightningconductormiddle\lightningconductormiddle.p3d)
 2:30:42.506  ENTITY    (W): Unknown object class 'thing' (dz\structures\proxy_buildingparts\lightningcond\lightningconductormiddle\lightningconductormiddle.p3d)
 2:30:42.506  ENTITY    (W): Unknown object class 'thing' (dz\structures\proxy_buildingparts\lightningcond\lightningconductormiddle\lightningconductormiddle.p3d)
 2:30:42.506  ENTITY    (W): Unknown object class 'thing' (dz\structures\proxy_buildingparts\lightningcond\lightningconductormiddle\lightningconductormiddle.p3d)
 2:30:42.506  ENTITY    (W): Unknown object class 'thing' (dz\structures\proxy_buildingparts\lightningcond\lightningconductormiddle\lightningconductormiddle.p3d)
 2:30:42.506  ENTITY    (W): Unknown object class 'thing' (dz\structures\proxy_buildingparts\lightningcond\lightningconductormiddle\lightningconductormiddle.p3d)
 2:30:42.506  ENTITY    (W): Unknown object class 'thing' (dz\structures\proxy_buildingparts\lightningcond\lightningconductormiddle\lightningconductormiddle.p3d)
 2:30:42.506  ENTITY    (W): Unknown object class 'thing' (dz\structures\proxy_buildingparts\lightningcond\lightningconductormiddle\lightningconductormiddle.p3d)
 2:30:42.506  ENTITY    (W): Unknown object class 'thing' (dz\structures\proxy_buildingparts\lightningcond\lightningconductormiddle\lightningconductormiddle.p3d)
 2:30:42.506  ENTITY    (W): Unknown object class 'thing' (dz\structures\proxy_buildingparts\lightningcond\lightningconductormiddle\lightningconductormiddle.p3d)
 2:30:42.506  ENTITY    (W): Unknown object class 'thing' (dz\structures\proxy_buildingparts\lightningcond\lightningconductormiddle\lightningconductormiddle.p3d)
 2:30:42.506  ENTITY    (W): Unknown object class 'thing' (dz\structures\proxy_buildingparts\lightningcond\lightningconductormiddle\lightningconductormiddle.p3d)
 2:30:42.506  ENTITY    (W): Unknown object class 'thing' (dz\structures\proxy_buildingparts\lightningcond\lightningconductormiddle\lightningconductormiddle.p3d)
 2:30:42.506  ENTITY    (W): Unknown object class 'thing' (dz\structures\proxy_buildingparts\lightningcond\lightningconductormiddle\lightningconductormiddle.p3d)
 2:30:42.506  ENTITY    (W): Unknown object class 'thing' (dz\structures\proxy_buildingparts\lightningcond\lightningconductormiddle\lightningconductormiddle.p3d)
 2:30:42.506  ENTITY    (W): Unknown object class 'thing' (dz\structures\proxy_buildingparts\lightningcond\lightningconductormiddle\lightningconductormiddle.p3d)
 2:30:42.506  ENTITY    (W): Unknown object class 'thing' (dz\structures\proxy_buildingparts\lightningcond\lightningconductormiddle\lightningconductormiddle.p3d)
 2:30:42.506  ENTITY    (W): Unknown object class 'thing' (dz\structures\proxy_buildingparts\lightningcond\lightningconductormiddle\lightningconductormiddle.p3d)
 2:30:42.506  ENTITY    (W): Unknown object class 'thing' (dz\structures\proxy_buildingparts\lightningcond\lightningconductormiddle\lightningconductormiddle.p3d)
 2:30:42.506  ENTITY    (W): Unknown object class 'thing' (dz\structures\proxy_buildingparts\lightningcond\lightningconductormiddle\lightningconductormiddle.p3d)
 2:30:42.506  ENTITY    (W): Unknown object class 'thing' (dz\structures\proxy_buildingparts\lightningcond\lightningconductormiddle\lightningconductormiddle.p3d)
 2:30:42.551 PerfWarning: Way too much components (535) in dz\structures\residential\houses\house_1w12.p3d:geometryFire
 2:30:42.553 Warn: Shape '???' contains water texture however it does not carry a property "class=pond". Consider creating one to speed up the detection!
 2:30:42.610 Warn: Shape '???' contains water texture however it does not carry a property "class=pond". Consider creating one to speed up the detection!
 2:30:42.612 Warn: Shape '???' contains water texture however it does not carry a property "class=pond". Consider creating one to speed up the detection!
 2:30:42.620 Warning: No components in dz\structures_bliss\ruins\proxy\chair_crushed.p3d:geometry
 2:30:42.620 Warning: No components in dz\structures_bliss\ruins\proxy\chair_crushed.p3d:geometryView
 2:30:42.620 Warning: No components in dz\structures_bliss\ruins\proxy\bed_large_metal_broken.p3d:geometryView
 2:30:42.620 Warning: No components in dz\structures_bliss\ruins\proxy\carpet_big_dirty.p3d:geometry
 2:30:42.620 Warning: No components in dz\structures_bliss\ruins\proxy\carpet_big_dirty.p3d:geometryView
 2:30:42.620 Warning: No components in dz\structures_bliss\ruins\proxy\ruin_housebig1_half_proxy_01.p3d:geometry
 2:30:42.624 ENTITY       : Load entity type 'Land_Ruin_HouseBig1_NoIvy_Half'
 2:30:42.624  ENTITY    (W): Door 'DoorsTwin1' is missing geometry components for selection 'DoorsTwin1', check model+config
 2:30:42.634 Warning: No components in dz\structures\specific\cemeteries\cemetery_tombstone11.p3d:geometryView
 2:30:42.657 Convex "component117" selection faces are less then 4 in dz\structures\residential\houses\house_1w08.p3d:geometryView
 2:30:42.657 Convex "component120" selection faces are less then 4 in dz\structures\residential\houses\house_1w08.p3d:geometryView
 2:30:42.685 Warning: No components in dz\structures_bliss\ruins\proxy\ruin_housebig2_proxy_01.p3d:geometry
 2:30:42.685 Warning: No components in dz\structures_bliss\ruins\proxy\ruin_housebig2_proxy_02.p3d:geometry
 2:30:42.708 ENTITY       : Load entity type 'Land_Ruin_HouseBig2_NoIvy'
 2:30:42.708  ENTITY    (W): Door 'DoorsTwin1' is missing geometry components for selection 'DoorsTwin1', check model+config
 2:30:42.708  ENTITY    (W): Door 'DoorsTwin2' is missing geometry components for selection 'DoorsTwin2', check model+config
 2:30:42.726 ENTITY       : Load entity type 'Land_Ruin_HouseBig3_NoIvy'
 2:30:42.726  ENTITY    (W): Door 'DoorsTwin1' is missing geometry components for selection 'DoorsTwin1', check model+config
 2:30:42.755 ENTITY       : Load entity type 'Land_Ruin_HouseBig1_NoIvy'
 2:30:42.755  ENTITY    (W): Door 'DoorsTwin1' is missing geometry components for selection 'DoorsTwin1', check model+config
 2:30:42.800 Convex "component129" selection faces are less then 4 in dz\structures_bliss\ruins\ruin_housebig3_noivy_half.p3d:geometryView
 2:30:42.820 ENTITY       : Load entity type 'Land_Ruin_HouseBig3_NoIvy_Half'
 2:30:42.820  ENTITY    (W): Door 'DoorsTwin1' is missing geometry components for selection 'DoorsTwin1', check model+config
 2:30:42.823 Warning: No components in dz\structures\residential\misc\misc_haystack.p3d:geometryFire
 2:30:42.823 Warning: No components in dz\structures\residential\misc\misc_haystack.p3d:geometryView
 2:30:42.951 SCRIPT       : m_LoginTimeMs: 16200
 2:30:44.781 Warn: Shape '???' contains water texture however it does not carry a property "class=pond". Consider creating one to speed up the detection!
 2:30:47.359 Convex "component194" selection faces are less then 4 in nst\ns2\build\a3\a3_tube_main_bottom.p3d:geometry
 2:30:47.359 Convex "component195" selection faces are less then 4 in nst\ns2\build\a3\a3_tube_main_bottom.p3d:geometry
 2:30:47.359 Convex "component196" selection faces are less then 4 in nst\ns2\build\a3\a3_tube_main_bottom.p3d:geometry
 2:30:47.359 PerfWarning: Way too much components (632) in nst\ns2\build\a3\a3_tube_main_bottom.p3d:geometry
 2:30:47.382 PerfWarning: Way too much components (627) in nst\ns2\build\a3\a3_chamber_collision.p3d:geometry
 2:30:47.384 PerfWarning: Way too much components (696) in nst\ns2\build\a3\a3_chamber_collision.p3d:geometryFire
 2:30:47.384 PerfWarning: Way too much components (661) in nst\ns2\build\a3\a3_chamber_collision.p3d:geometryView
 2:30:47.406 ENTITY    (W): Unknown object class 'pond' (nst\ns\water\lakewater_still.p3d)
 2:30:47.412 ENTITY    (W): Unknown object class 'pond' (nst\ns\water\lakewater_still.p3d)
 2:30:57.91  PerfWarning: Way too much components (538) in nst\ns2\build\a3\a3_tube_sec_bottom.p3d:geometryFire
 2:31:05.337 PerfWarning: Way too much components (686) in nst\ns3\structures\oilrig\sea_oilrig_derrick_tower.p3d:geometry
 2:31:05.338 PerfWarning: Way too much components (715) in nst\ns3\structures\oilrig\sea_oilrig_derrick_tower.p3d:geometryFire
 2:31:05.412 PerfWarning: Way too much components (1286) in nst\ns3\structures\oilrig\proxy\hull_walkways.p3d:geometry
 2:31:05.418 PerfWarning: Way too much components (580) in nst\ns3\structures\oilrig\proxy\railings.p3d:geometry
 2:31:09.716 [Login]: Adding player misteeec (341470120) to login queue at position 0
 2:31:09.716 [LoginMachine]: Add player misteeec (341470120 192.168.0.103:65036)
 2:31:09.716 [StateMachine]: Player misteeec (dpnid 341470120 uid ) Entering AuthPlayerLoginState
 2:31:09.716 NETWORK      : Network simulation
 2:31:09.716  NETWORK      : Server: SetClientState dpid=341470120 id=0 name=misteeec CREATED -> CONNECTED
 2:31:09.822 ENTITY    (W): Unknown object class 'pond' (dz\water_sakhal\ice_lake\sakhal_50x50_ice_lake_clear.p3d)
 2:31:09.864 [StateMachine]: Player misteeec (dpnid 341470120 uid ) Entering WaitAuthPlayerLoginState
 2:31:12.516 NETWORK      : Network simulation
 2:31:12.516  LOGINQUEUE   : Player 341470120 updated with device type ''
 2:31:12.516  NETWORK      : Notified of player 341470120 using device '' (not headless)
 2:31:12.516 Игрок misteeec соединяется.
 2:31:12.583 [StateMachine]: Player misteeec (dpnid 341470120 uid ) Entering WaitPlayerAssignedLoginState
 2:31:13.283 [IdleMode] Leaving OUT
 2:31:13.485 [StateMachine]: Player misteeec (dpnid 341470120 uid ) Entering PlayerAssignedLoginState
 2:31:13.486 [StateMachine]: Player misteeec (dpnid 341470120 uid x_MJ2w6DZznhQeYHMWeX7_S9NuAxgYSiQqpLVIMNfrA=) Entering DBGetLoginTimeLoginState
 2:31:13.528 [StateMachine]: Player misteeec (dpnid 341470120 uid x_MJ2w6DZznhQeYHMWeX7_S9NuAxgYSiQqpLVIMNfrA=) Entering DBWaitLoginTimeLoginState
 2:31:14.184 ENTITY    (W): Unknown object class 'pond' (dz\water_sakhal\ice_lake\sakhal_50x50_ice_lake_clear.p3d)
 2:31:14.184 ENTITY    (W): Unknown object class 'pond' (dz\water_sakhal\ice_lake\sakhal_50x50_ice_lake_clear.p3d)
 2:31:14.708 ENTITY    (W): Unknown object class 'pond' (dz\water_sakhal\ice_lake\sakhal_50x50_ice_lake_clear.p3d)
 2:31:17.130 ENTITY    (W): Unknown object class 'pond' (dz\water_sakhal\ice_lake\sakhal_50x50_ice_lake_clear.p3d)
 2:31:25.408 ENTITY    (W): Unknown object class 'pond' (dz\water_sakhal\ice_lake\sakhal_50x50_ice_lake_clear.p3d)
 2:31:26.297 Warning: No components in nst\ns_sounds\entities\sfx_athena1.p3d:geometry
 2:31:28.529 [StateMachine]: Player misteeec (dpnid 341470120 uid x_MJ2w6DZznhQeYHMWeX7_S9NuAxgYSiQqpLVIMNfrA=) Entering DBGetCharacterLoginState
 2:31:28.532 [StateMachine]: Player misteeec (dpnid 341470120 uid x_MJ2w6DZznhQeYHMWeX7_S9NuAxgYSiQqpLVIMNfrA=) Entering CreateNetObjectsLoginState
 2:31:28.532 [CE][PlayerSpawnPoints][GRP_DBG] :: Selected: { no group } | idx: 0 (ut: 79860 | lt: 0 | ctr: 0)
 2:31:28.532 [CE][PlayerSpawnPoints][GRP_DBG] :: Current: { no group } | idx: 0 (ct: 79860 | ut: 79860 | lt: 0 | ctr: 0)
 2:31:28.532 [CE][PlayerSpawnPoints][GRP_DBG] :: Current: { no group } index: 0 (lt: 0 | ctr: 0)
 2:31:28.532 [CE][PlayerSpawnPoints][GRP_DBG] :: Selected: { no group } | idx: 0 (ut: 79860 | lt: 0 | ctr: 0)
 2:31:28.533 NETWORK      : Network simulation
 2:31:28.533  NETWORK      : Server: SetClientState dpid=341470120 id=0 name=misteeec PLAYER ASSIGNED -> MISSION RECEIVED
 2:31:28.533  NETWORK      : server: Player dpid=341470120 added at playerIndex=1
 2:31:28.535  NETWORK      : server: sending World state to remote player... id=341470120
 2:31:28.535  NETWORK      : Server: SetClientState dpid=341470120 id=0 name=misteeec MISSION RECEIVED -> GAME LOADED
 2:31:28.535 [StateMachine]: Player misteeec (dpnid 341470120 uid x_MJ2w6DZznhQeYHMWeX7_S9NuAxgYSiQqpLVIMNfrA=) Entering PreloadCamLoginState
 2:31:28.535 NETWORK      : Network simulation
 2:31:28.535  NETWORK      : Login: Player misteeec (341470120) preloading at: 8640.306641 0.000000 11114.913086, yaw: 0.000000, new: 1
 2:31:28.535 [StateMachine]: Player misteeec (dpnid 341470120 uid x_MJ2w6DZznhQeYHMWeX7_S9NuAxgYSiQqpLVIMNfrA=) Entering WaitPreloadCamLoginState
 2:31:35.383 [StateMachine]: Player misteeec (dpnid 341470120 uid x_MJ2w6DZznhQeYHMWeX7_S9NuAxgYSiQqpLVIMNfrA=) Entering GetNewCharLoginState
 2:31:35.422 NETWORK      : Network simulation
 2:31:35.422  WORLD        : Create entity type 'SurvivorM_Lewis'
 2:31:35.422   MATERIAL  (E): Object dz/characters/bodies/player_testing.xob - cannot load material cross_red.emat
 2:31:35.427 NETWORK      : Network simulation
 2:31:35.427  WORLD        : Create entity type 'SurvivorM_Lewis'
 2:31:35.427   ANIMATION    : AnimGraph load @"{E23437DEB9E1712D}dz/anims/workspaces/player/player_main/player_main.agr"
 2:31:35.427    ANIMATION    : Loading graph file @"DZ/anims/workspaces/player/player_main/Locomotion.agr"
 2:31:35.431    ANIMATION    : Loading graph file @"DZ/anims/workspaces/player/player_main/Combat.agr"
 2:31:35.433    ANIMATION    : Loading graph file @"DZ/anims/workspaces/player/player_main/Weapons.agr"
 2:31:35.433    ANIMATION    : Loading graph file @"DZ/anims/workspaces/player/player_main/Gestures.agr"
 2:31:35.435    ANIMATION    : Loading graph file @"DZ/anims/workspaces/player/player_main/Vehicles.agr"
 2:31:35.438    ANIMATION    : Loading graph file @"DZ/anims/workspaces/player/player_main/Actions.agr"
 2:31:35.443    ANIMATION    : Loading graph file @"DZ/anims/workspaces/player/player_main/Master.agr"
 2:31:35.443    ANIMATION    : Loading graph file @"DZ/anims/workspaces/player/player_main/Tests.agr"
 2:31:35.452    ANIMATION    : load of the graph ended with: Success
 2:31:37.970 Warning Message: No entry 'bin\config.bin/CfgSoundShaders.Drowning_male_2_gag_SoundVoice_Char_SoundShader'.
 2:31:37.970 Warning Message: No entry '.samples'.
 2:31:37.970 Warning Message: Size: '/' not an array
 2:31:37.970 Warning Message: Size: '/' not an array
 2:31:37.971 Warning Message: No entry 'bin\config.bin/CfgSoundShaders.UnderwaterBreathHold_male_2_gag_SoundVoice_Char_SoundShader'.
 2:31:37.971 Warning Message: No entry '.samples'.
 2:31:37.971 Warning Message: Size: '/' not an array
 2:31:37.971 Warning Message: Size: '/' not an array
 2:31:37.972 Warning Message: No entry 'bin\config.bin/CfgSoundShaders.pushHeavy_female_1_motohelmet_SoundVoice_Char_SoundShader'.
 2:31:37.972 Warning Message: No entry '.samples'.
 2:31:37.972 Warning Message: Size: '/' not an array
 2:31:37.972 Warning Message: Size: '/' not an array
 2:31:37.981 Warning: No components in dz\characters\proxies\armband_dz.p3d:geometry
 2:31:37.982 Warning: No components in dz\characters\proxies\bow_dz.p3d:geometry
 2:31:37.982 Warning: No components in dz\weapons\projectiles\arrow_composite.p3d:geometryFire
 2:31:37.983 Warning: No components in dz\characters\proxies\splintright_dz.p3d:geometry
 2:31:37.983 Warning: No components in dz\characters\proxies\splintleft_dz.p3d:geometry
 2:31:37.986 Warning: No components in nst\ns_dayz\gear\lehs\lehs_suit_m.p3d:geometry
 2:31:37.986 Warning Message: Cannot open object dz\characters\pants\placeholder_splint.p3d
 2:31:38.02  Warning: No components in dz\characters\gloves\hands3_m.p3d:geometry
 2:31:38.03  Warning: No components in dz\characters\tops\torso3_m.p3d:geometry
 2:31:38.04  Warning: No components in dz\characters\shoes\feet3_m.p3d:geometry
 2:31:38.06  Warning: No components in dz\characters\heads\m_lewis.p3d:geometry
 2:31:38.10  Warning: No components in dz\characters\pants\legs3_m.p3d:geometry
 2:31:38.13  Подключился игрок misteeec (id=x_MJ2w6DZznhQeYHMWeX7_S9NuAxgYSiQqpLVIMNfrA=).
 2:31:38.13  Player "misteeec" (steamID=76561199587900842 pos=<8640.3, 11114.9, 5.6>) is connected
 2:31:38.15  Warning: No components in dz\characters\tops\shirt_m.p3d:geometry
 2:31:38.15  Warning: No components in dz\characters\tops\shirt_f.p3d:geometry
 2:31:38.17  Warning: No components in dz\characters\pants\canvaspants_long_m.p3d:geometry
 2:31:38.17  Warning: No components in dz\characters\pants\canvaspants_long_f.p3d:geometry
 2:31:38.18  Warning: No components in dz\characters\shoes\athleticshoes_m.p3d:geometry
 2:31:38.19  Warning: No components in dz\characters\shoes\athleticshoes_f.p3d:geometry
 2:31:38.22   SCRIPT       : [VPPAT] Player "misteeec" (steamId=76561199587900842) connected to server!
 2:31:38.22  <CREATE NEW CHAR>:
    charID 1
    playerID 1
    dpnid 341470120
    uid x_MJ2w6DZznhQeYHMWeX7_S9NuAxgYSiQqpLVIMNfrA=
 2:31:38.439 ENTITY    (W): Unknown object class 'pond' (nst\ns\water\lakewater.p3d)
 2:31:38.439 ENTITY    (W): Unknown object class 'pond' (nst\ns\water\lakewater.p3d)
 2:31:38.439 ENTITY    (W): Unknown object class 'pond' (nst\ns\water\lakewater.p3d)
 2:31:38.439 ENTITY    (W): Unknown object class 'pond' (nst\ns\water\lakewater.p3d)
 2:31:38.439 ENTITY    (W): Unknown object class 'pond' (nst\ns\water\lakewater.p3d)
 2:31:38.439 ENTITY    (W): Unknown object class 'pond' (nst\ns\water\lakewater.p3d)
 2:31:38.439 ENTITY    (W): Unknown object class 'pond' (nst\ns\water\lakewater.p3d)
 2:31:38.439 ENTITY    (W): Unknown object class 'pond' (nst\ns\water\lakewater.p3d)
 2:31:38.439 ENTITY    (W): Unknown object class 'pond' (nst\ns\water\lakewater.p3d)
 2:31:38.747 ENTITY    (W): Unknown object class 'pond' (nst\ns\water\lakewater.p3d)
 2:31:38.747 ENTITY    (W): Unknown object class 'pond' (nst\ns\water\lakewater.p3d)
 2:31:38.747 ENTITY    (W): Unknown object class 'pond' (nst\ns\water\lakewater.p3d)
 2:31:38.747 ENTITY    (W): Unknown object class 'pond' (nst\ns\water\lakewater.p3d)
 2:31:38.747 ENTITY    (W): Unknown object class 'pond' (nst\ns\water\lakewater.p3d)
 2:31:39.176 PerfWarning: Way too much components (658) in dz\structures\industrial\harbour\boathouse.p3d:geometryFire
 2:31:39.177 ENTITY       : Load entity type 'Land_Boathouse'
 2:31:39.177  ENTITY    (W): Door 'DoorsTwin1' is missing geometry components for selection 'DoorsTwin1', check model+config
 2:31:39.177 ENTITY    (W): Unknown object class 'pond' (nst\ns\water\lakewater.p3d)
 2:31:39.177 ENTITY    (W): Unknown object class 'pond' (nst\ns\water\lakewater.p3d)
 2:31:39.177 ENTITY    (W): Unknown object class 'pond' (nst\ns\water\lakewater.p3d)
 2:31:39.177 ENTITY    (W): Unknown object class 'pond' (nst\ns\water\lakewater.p3d)
 2:31:39.177 ENTITY    (W): Unknown object class 'pond' (nst\ns\water\lakewater.p3d)
 2:31:39.177 ENTITY    (W): Unknown object class 'pond' (nst\ns\water\lakewater.p3d)
 2:31:39.177 ENTITY    (W): Unknown object class 'pond' (nst\ns\water\lakewater.p3d)
 2:31:39.178 ENTITY    (W): Unknown object class 'pond' (nst\ns\water\lakewater.p3d)
 2:31:39.178 ENTITY    (W): Unknown object class 'pond' (nst\ns\water\lakewater.p3d)
 2:31:39.178 ENTITY    (W): Unknown object class 'pond' (nst\ns\water\lakewater.p3d)
 2:31:42.211 ENTITY    (W): Unknown object class 'pond' (dz\water_sakhal\ice_lake\sakhal_50x50_ice_lake_clear.p3d)
 2:31:42.767 NETWORK      : Network simulation
 2:31:42.767  NETWORK      : BattlEye kicked player 341470120 for 'Game restart required'
 2:31:42.767 Player misteeec (341470120) kicked from server: 240 ( (Game restart required))
 2:31:42.772 [Disconnect]: Client 341470120 early disconnect
 2:31:42.772 [Disconnect]: Start script disconnect 341470120 (dbCharacterId 1 dbPlayerId 1) logoutTime 15
 2:31:42.772 NETWORK      : Network simulation
 2:31:42.772  SCRIPT       : [Logout]: New player x_MJ2w6DZznhQeYHMWeX7_S9NuAxgYSiQqpLVIMNfrA= with logout time 15
 2:31:42.773  SCRIPT       : Player "misteeec" (steamid=76561199587900842) initiated disconnect process...
 2:31:43.22  [Disconnect]: Remove player info 341470120
 2:31:43.23  [Disconnect]: Player destroy 341470120 
 2:31:43.23  NETWORK      : Network simulation
 2:31:43.23   NETWORK      : Server: Player info removed - name misteeec, id 341470120 (total 1 identities, 1 players)
 2:31:43.24   NETWORK      : server: Player dpid=341470120 removed from index=1
 2:31:43.24   NETWORK      : Server: Identity removed - name misteeec, id 341470120 (total 0 identities, 1 players)
 2:31:43.490 Warn: Shape '???' contains water texture however it does not carry a property "class=pond". Consider creating one to speed up the detection!
 2:31:48.383 ENTITY    (W): Unknown object class 'pond' (dz\water_sakhal\ice_lake\sakhal_50x50_ice_lake_clear.p3d)
 2:31:54.750 ENGINE       : Destroying game
 2:31:54.750  SCRIPT       : [MissionServer] OnMissionFinish - Server
 2:31:54.761  SCRIPT       : ~DayZGame()
 2:31:56.628  --- Termination successfully completed --- 
