=====================================================================
== G:\SteamLibrary\steamapps\common\DayZServer\DayZServer_x64.exe
== DayZServer_x64.exe -noBattlEye -config=serverDZ.cfg -port=2304 "-profiles=G:\SteamLibrary\steamapps\common\DayZServer\ServerProfiles" -cpuCount=4 -nosplash -noPause "-mod=@CF;@Dabs Framework;@[CnG]UAZ_452;@[CnG]UAZ_31514;@[CnG]VAZ_2109;@[CrSk] BMW 525i E34;@[CrSk] VAZ-2107;@[Remastered] Arma Weapon Pack;@AI Bandits;@Armored Vehicle Pack;@AutoCarFlip;@BaseBuildingPlus;@Basic Map;@BMW E38 [FREE];@BMW X5 2000;@BMW_M5_CS;@ChernarusRP AE86;@Code Lock;@DayZ Horse;@DayZ-Expansion;@DayZ-Expansion-BaseBuilding;@DayZ-Expansion-Core;@DayZ-Expansion-Licensed;@Dayz-Expansion-Vehicles;@Expansion Ka52;@GAZ 66 SHISHIGA;@GAZ_Tigr_FIXED;@Gerphelius_CarXFence;@Honda_NSX;@JosiesHiluxZ;@M110;@MBM_ApocalypseTruck;@MBM_GoKart;@MBM_UnderglowLights;@Mercedes-Benz AMG G63 W463;@MMG - Mightys Military Gear;@My Delta Force Weapons;@Namalsk Island;@Namalsk Survival;@Nissan GTR 2015 - FREE TO USE;@RUSForma_vehicles;@SNAFU Weapons;@SR_WeaponsPack;@Survivor Animations;@Syndicate Breaching Charge;@Tactical Flava;@The Complete Ghillie Pack;@Toyota_GT86_RB;@Unknown Ghillie Mod;@VAZ 2107 Yandex Dfift;@VPPAdminTools;@VPPAdminTools Ru Translate;@WindstridesClothingPack;@Zens Core Mod;@Zens Sleeping Mod"
=====================================================================
Exe timestamp: 2026/08/15 12:57:52
Current time:  2026/08/16 20:03:00
Version 1.29.163709
=====================================================================

20:03:00.150 ENGINE    (W): Process affinity forced to f
20:03:29.20  ENGINE    (W): No module info used, trying to identify -> 0xE86A0000
20:03:29.20  ENGINE    (W): Adjusting job system settings to have at least one job worker thread.
20:03:29.212 [Inputs] Loading inputs default "bin/constants.xml"
20:03:29.215 [Inputs] Loading inputs default "bin/specific.xml"
20:03:29.216 [Inputs] Loading inputs default "BBP_keybind/data/modded_Inputs.xml"
20:03:29.216 [Inputs] Loading inputs default "HB_FlipVehicle/Inputs/inputs.xml"
20:03:29.216 [Inputs] Loading inputs default "My_DF_Weapons_Scripts/Inputs.xml"
20:03:29.217 [Inputs] Loading inputs default "nst/ns_dayz/scripts/Data/Inputs.xml"
20:03:29.217 [Inputs] Loading inputs default "script_a/Inputs.xml"
20:03:29.217 [Inputs] Loading inputs default "VPPAdminTools/data/modded_Inputs.xml"
20:03:29.219 [Inputs] Loading inputs default "WindstrideClothing/Inputs.xml"
20:03:29.220 [Inputs] Loading inputs default "BasicMap/data/Inputs.xml"
20:03:29.220 [Inputs] Loading inputs default "MBM_UnderglowLights/gui/inputs.xml"
20:03:29.221 [Inputs] Loading inputs default "DayZExpansion/PlayerList/Scripts/Data/Inputs.xml"
20:03:29.222 [Inputs] Loading inputs default "DayZExpansion/Scripts/Data/Inputs.xml"
20:03:29.223 [Inputs] Loading inputs default "DayZExpansion/Vehicles/Scripts/Data/Inputs.xml"
20:03:29.225 [Inputs] Loading inputs default "Dayz_Horse/Data/Inputs.xml"
20:03:29.226 [Inputs] Loading inputs default "DayZExpansion/BaseBuilding/Scripts/Data/Inputs.xml"
20:03:29.227 [Inputs] Loading inputs cfg "G:\SteamLibrary\steamapps\common\DayZServer\ServerProfiles\Users\Survivor\Server.core.xml"
20:03:29.233 [Inputs] Exporting inputs cfg "G:\SteamLibrary\steamapps\common\DayZServer\ServerProfiles\Users\Survivor\Server.core.xml"
20:03:29.430 SCRIPT    (W): @"BaseBuildingPlus/scripts/3_Game/bbpconfig.c,143": FIX-ME: Unexpected statement 'ref'
20:03:29.466 SCRIPT    (W): @"CodeLock/scripts/3_game/dayzgame.c,13": FIX-ME: Method argument can't be strong reference
20:03:29.554 SCRIPT    (W): @"BasicMap/scripts/3_Game/basicmapcontroller.c,93": FIX-ME: Method argument can't be strong reference
20:03:29.554 SCRIPT    (W): @"BasicMap/scripts/3_Game/basicmapcontroller.c,93": FIX-ME: Method argument can't be strong reference
20:03:29.554 SCRIPT    (W): @"BasicMap/scripts/3_Game/basicmapcontroller.c,93": FIX-ME: Method argument can't be strong reference
20:03:29.554 SCRIPT    (W): @"BasicMap/scripts/3_Game/basicmapcontroller.c,132": FIX-ME: Method argument can't be strong reference
20:03:29.554 SCRIPT    (W): @"BasicMap/scripts/3_Game/basicmapcontroller.c,132": FIX-ME: Method argument can't be strong reference
20:03:29.554 SCRIPT    (W): @"BasicMap/scripts/3_Game/basicmapcontroller.c,132": FIX-ME: Method argument can't be strong reference
20:03:29.554 SCRIPT    (W): @"BasicMap/scripts/3_Game/basicmapcontroller.c,305": FIX-ME: Method argument can't be strong reference
20:03:29.554 SCRIPT    (W): @"BasicMap/scripts/3_Game/basicmapcontroller.c,447": FIX-ME: Method argument can't be strong reference
20:03:29.554 SCRIPT    (W): @"BasicMap/scripts/3_Game/basicmapcontroller.c,453": FIX-ME: Method argument can't be strong reference
20:03:29.556 SCRIPT    (W): @"BasicMap/scripts/3_Game/gui\basicmapmenu.c,556": FIX-ME: Overriding function 'LockControls' but not marked as 'override'
20:03:34.01  ANIMATION (E): Can't load @Zens Sleeping Mod/Anims/cfg/skeletons.anim.xml
20:03:34.01  ANIMATION (E): Failed to open file, line 0, column 0
20:03:34.01  ANIMATION (E): Can't load @Zens Core Mod/Anims/cfg/skeletons.anim.xml
20:03:34.01  ANIMATION (E): Failed to open file, line 0, column 0
20:03:34.01  ANIMATION (E): Can't load @WindstridesClothingPack/Anims/cfg/skeletons.anim.xml
20:03:34.01  ANIMATION (E): Failed to open file, line 0, column 0
20:03:34.01  ANIMATION (E): Can't load @VPPAdminTools Ru Translate/Anims/cfg/skeletons.anim.xml
20:03:34.01  ANIMATION (E): Failed to open file, line 0, column 0
20:03:34.01  ANIMATION (E): Can't load @VPPAdminTools/Anims/cfg/skeletons.anim.xml
20:03:34.01  ANIMATION (E): Failed to open file, line 0, column 0
20:03:34.01  ANIMATION (E): Can't load @VAZ 2107 Yandex Dfift/Anims/cfg/skeletons.anim.xml
20:03:34.01  ANIMATION (E): Failed to open file, line 0, column 0
20:03:34.01  ANIMATION (E): Can't load @Unknown Ghillie Mod/Anims/cfg/skeletons.anim.xml
20:03:34.01  ANIMATION (E): Failed to open file, line 0, column 0
20:03:34.01  ANIMATION (E): Can't load @Toyota_GT86_RB/Anims/cfg/skeletons.anim.xml
20:03:34.01  ANIMATION (E): Failed to open file, line 0, column 0
20:03:34.01  ANIMATION (E): Can't load @The Complete Ghillie Pack/Anims/cfg/skeletons.anim.xml
20:03:34.01  ANIMATION (E): Failed to open file, line 0, column 0
20:03:34.01  ANIMATION (E): Can't load @Tactical Flava/Anims/cfg/skeletons.anim.xml
20:03:34.01  ANIMATION (E): Failed to open file, line 0, column 0
20:03:34.01  ANIMATION (E): Can't load @Syndicate Breaching Charge/Anims/cfg/skeletons.anim.xml
20:03:34.01  ANIMATION (E): Failed to open file, line 0, column 0
20:03:34.01  ANIMATION (E): Can't load @Survivor Animations/Anims/cfg/skeletons.anim.xml
20:03:34.01  ANIMATION (E): Failed to open file, line 0, column 0
20:03:34.01  ANIMATION (E): Can't load @SR_WeaponsPack/Anims/cfg/skeletons.anim.xml
20:03:34.01  ANIMATION (E): Failed to open file, line 0, column 0
20:03:34.01  ANIMATION (E): Can't load @SNAFU Weapons/Anims/cfg/skeletons.anim.xml
20:03:34.01  ANIMATION (E): Failed to open file, line 0, column 0
20:03:34.01  ANIMATION (E): Can't load @RUSForma_vehicles/Anims/cfg/skeletons.anim.xml
20:03:34.01  ANIMATION (E): Failed to open file, line 0, column 0
20:03:34.01  ANIMATION (E): Can't load @Nissan GTR 2015 - FREE TO USE/Anims/cfg/skeletons.anim.xml
20:03:34.01  ANIMATION (E): Failed to open file, line 0, column 0
20:03:34.01  ANIMATION (E): Can't load @Namalsk Survival/Anims/cfg/skeletons.anim.xml
20:03:34.01  ANIMATION (E): Failed to open file, line 0, column 0
20:03:34.01  ANIMATION (E): Can't load @Namalsk Island/Anims/cfg/skeletons.anim.xml
20:03:34.01  ANIMATION (E): Failed to open file, line 0, column 0
20:03:34.01  ANIMATION (E): Can't load @My Delta Force Weapons/Anims/cfg/skeletons.anim.xml
20:03:34.01  ANIMATION (E): Failed to open file, line 0, column 0
20:03:34.02  ANIMATION (E): Can't load @MMG - Mightys Military Gear/Anims/cfg/skeletons.anim.xml
20:03:34.02  ANIMATION (E): Failed to open file, line 0, column 0
20:03:34.02  ANIMATION (E): Can't load @Mercedes-Benz AMG G63 W463/Anims/cfg/skeletons.anim.xml
20:03:34.02  ANIMATION (E): Failed to open file, line 0, column 0
20:03:34.02  ANIMATION (E): Can't load @MBM_UnderglowLights/Anims/cfg/skeletons.anim.xml
20:03:34.02  ANIMATION (E): Failed to open file, line 0, column 0
20:03:34.02  ANIMATION (E): Can't load @MBM_GoKart/Anims/cfg/skeletons.anim.xml
20:03:34.02  ANIMATION (E): Failed to open file, line 0, column 0
20:03:34.02  ANIMATION (E): Can't load @MBM_ApocalypseTruck/Anims/cfg/skeletons.anim.xml
20:03:34.02  ANIMATION (E): Failed to open file, line 0, column 0
20:03:34.02  ANIMATION (E): Can't load @M110/Anims/cfg/skeletons.anim.xml
20:03:34.02  ANIMATION (E): Failed to open file, line 0, column 0
20:03:34.02  ANIMATION (E): Can't load @JosiesHiluxZ/Anims/cfg/skeletons.anim.xml
20:03:34.02  ANIMATION (E): Failed to open file, line 0, column 0
20:03:34.02  ANIMATION (E): Can't load @Honda_NSX/Anims/cfg/skeletons.anim.xml
20:03:34.02  ANIMATION (E): Failed to open file, line 0, column 0
20:03:34.02  ANIMATION (E): Can't load @Gerphelius_CarXFence/Anims/cfg/skeletons.anim.xml
20:03:34.02  ANIMATION (E): Failed to open file, line 0, column 0
20:03:34.02  ANIMATION (E): Can't load @GAZ_Tigr_FIXED/Anims/cfg/skeletons.anim.xml
20:03:34.02  ANIMATION (E): Failed to open file, line 0, column 0
20:03:34.02  ANIMATION (E): Can't load @GAZ 66 SHISHIGA/Anims/cfg/skeletons.anim.xml
20:03:34.02  ANIMATION (E): Failed to open file, line 0, column 0
20:03:34.02  ANIMATION (E): Can't load @Expansion Ka52/Anims/cfg/skeletons.anim.xml
20:03:34.02  ANIMATION (E): Failed to open file, line 0, column 0
20:03:34.02  ANIMATION (E): Can't load @Dayz-Expansion-Vehicles/Anims/cfg/skeletons.anim.xml
20:03:34.02  ANIMATION (E): Failed to open file, line 0, column 0
20:03:34.02  ANIMATION (E): Can't load @DayZ-Expansion-Licensed/Anims/cfg/skeletons.anim.xml
20:03:34.02  ANIMATION (E): Failed to open file, line 0, column 0
20:03:34.02  ANIMATION (E): Can't load @DayZ-Expansion-Core/Anims/cfg/skeletons.anim.xml
20:03:34.02  ANIMATION (E): Failed to open file, line 0, column 0
20:03:34.02  ANIMATION (E): Can't load @DayZ-Expansion-BaseBuilding/Anims/cfg/skeletons.anim.xml
20:03:34.02  ANIMATION (E): Failed to open file, line 0, column 0
20:03:34.02  ANIMATION (E): Can't load @DayZ-Expansion/Anims/cfg/skeletons.anim.xml
20:03:34.02  ANIMATION (E): Failed to open file, line 0, column 0
20:03:34.41  ANIMATION (E): Can't load @Code Lock/Anims/cfg/skeletons.anim.xml
20:03:34.41  ANIMATION (E): Failed to open file, line 0, column 0
20:03:34.41  ANIMATION (E): Can't load @ChernarusRP AE86/Anims/cfg/skeletons.anim.xml
20:03:34.41  ANIMATION (E): Failed to open file, line 0, column 0
20:03:34.41  ANIMATION (E): Can't load @BMW_M5_CS/Anims/cfg/skeletons.anim.xml
20:03:34.41  ANIMATION (E): Failed to open file, line 0, column 0
20:03:34.41  ANIMATION (E): Can't load @BMW X5 2000/Anims/cfg/skeletons.anim.xml
20:03:34.41  ANIMATION (E): Failed to open file, line 0, column 0
20:03:34.41  ANIMATION (E): Can't load @BMW E38 [FREE]/Anims/cfg/skeletons.anim.xml
20:03:34.41  ANIMATION (E): Failed to open file, line 0, column 0
20:03:34.41  ANIMATION (E): Can't load @Basic Map/Anims/cfg/skeletons.anim.xml
20:03:34.41  ANIMATION (E): Failed to open file, line 0, column 0
20:03:34.41  ANIMATION (E): Can't load @BaseBuildingPlus/Anims/cfg/skeletons.anim.xml
20:03:34.41  ANIMATION (E): Failed to open file, line 0, column 0
20:03:34.41  ANIMATION (E): Can't load @AutoCarFlip/Anims/cfg/skeletons.anim.xml
20:03:34.41  ANIMATION (E): Failed to open file, line 0, column 0
20:03:34.41  ANIMATION (E): Can't load @Armored Vehicle Pack/Anims/cfg/skeletons.anim.xml
20:03:34.41  ANIMATION (E): Failed to open file, line 0, column 0
20:03:34.42  ANIMATION (E): Can't load @[Remastered] Arma Weapon Pack/Anims/cfg/skeletons.anim.xml
20:03:34.42  ANIMATION (E): Failed to open file, line 0, column 0
20:03:34.42  ANIMATION (E): Can't load @[CrSk] VAZ-2107/Anims/cfg/skeletons.anim.xml
20:03:34.42  ANIMATION (E): Failed to open file, line 0, column 0
20:03:34.42  ANIMATION (E): Can't load @[CrSk] BMW 525i E34/Anims/cfg/skeletons.anim.xml
20:03:34.42  ANIMATION (E): Failed to open file, line 0, column 0
20:03:34.42  ANIMATION (E): Can't load @[CnG]VAZ_2109/Anims/cfg/skeletons.anim.xml
20:03:34.42  ANIMATION (E): Failed to open file, line 0, column 0
20:03:34.42  ANIMATION (E): Can't load @[CnG]UAZ_31514/Anims/cfg/skeletons.anim.xml
20:03:34.42  ANIMATION (E): Failed to open file, line 0, column 0
20:03:34.42  ANIMATION (E): Can't load @[CnG]UAZ_452/Anims/cfg/skeletons.anim.xml
20:03:34.42  ANIMATION (E): Failed to open file, line 0, column 0
20:03:34.42  ANIMATION (E): Can't load @Dabs Framework/Anims/cfg/skeletons.anim.xml
20:03:34.42  ANIMATION (E): Failed to open file, line 0, column 0
20:03:34.42  ANIMATION (E): Can't load @CF/Anims/cfg/skeletons.anim.xml
20:03:34.42  ANIMATION (E): Failed to open file, line 0, column 0
20:03:34.42  ANIMATION (E): Can't load sakhal/Anims/cfg/skeletons.anim.xml
20:03:34.42  ANIMATION (E): Failed to open file, line 0, column 0
20:03:36.416 SCRIPT    (W): @"HB_FlipVehicle/Scripts/4_World/classes\registeractions.c,28": Missing ';' at the end of line
20:03:36.432 SCRIPT    (W): @"script_a/Scripts/4_World/entities\creatures\infected\zombiebase.c,280": FIX-ME: Unmatched brackets detected!
20:03:36.433 SCRIPT    (W): @"script_a/Scripts/4_World/bipod\megagovno.c,5": FIX-ME: Missing function scope
20:03:36.433 SCRIPT    (W): @"script_a/Scripts/4_World/bipod\megagovno.c,13": FIX-ME: Missing function scope
20:03:36.433 SCRIPT    (W): @"script_a/Scripts/4_World/bipod\megagovno.c,15": FIX-ME: Missing function scope
20:03:36.433 SCRIPT    (W): @"script_a/Scripts/4_World/bipod\megagovno.c,17": FIX-ME: Missing function scope
20:03:36.433 SCRIPT    (W): @"script_a/Scripts/4_World/bipod\megagovno.c,46": FIX-ME: Missing function scope
20:03:36.433 SCRIPT    (W): @"script_a/Scripts/4_World/bipod\megagovno.c,54": FIX-ME: Missing function scope
20:03:36.433 SCRIPT    (W): @"script_a/Scripts/4_World/bipod\megagovno.c,56": FIX-ME: Missing function scope
20:03:36.433 SCRIPT    (W): @"script_a/Scripts/4_World/bipod\megagovno.c,58": FIX-ME: Missing function scope
20:03:36.433 SCRIPT    (W): @"script_a/Scripts/4_World/bipod\megagovno.c,99": FIX-ME: Missing function scope
20:03:36.434 SCRIPT    (W): @"script_a/Scripts/4_World/classes\useractionscomponent\actions\singleuse\action.c,16": FIX-ME: Missing function scope
20:03:36.434 SCRIPT    (W): @"script_a/Scripts/4_World/classes\useractionscomponent\actions\singleuse\action.c,74": FIX-ME: Missing function scope
20:03:36.434 SCRIPT    (W): @"script_a/Scripts/4_World/classes\useractionscomponent\actions\singleuse\action.c,131": FIX-ME: Missing function scope
20:03:36.657 SCRIPT    (W): @"script_a/Scripts/4_World/entities\itembase\weapon\weapon_base.c,3": FIX-ME: Overriding function 'IsBipodDeployed' but not marked as 'override'
20:03:36.661 SCRIPT    (W): @"CodeLock/scripts/4_world/entities\codelock.c,308": FIX-ME: Method argument can't be strong reference
20:03:36.680 SCRIPT    (W): @"kamaz_4310RUS\scripts\4_World/carscript_kamaz_4310rus_cabinmanipulte.c,8": FIX-ME: Overriding function 'IsCabinCanManipulate' but not marked as 'override'
20:03:36.680 SCRIPT    (W): @"kamaz_4310RUS\scripts\4_World/carscript_kamaz_4310rus_cabinmanipulte.c,13": FIX-ME: Overriding function 'GetCabinAnimationSource' but not marked as 'override'
20:03:36.680 SCRIPT    (W): @"kamaz_4310RUS\scripts\4_World/carscript_kamaz_4310rus_cabinmanipulte.c,18": FIX-ME: Overriding function 'IsCabinRised' but not marked as 'override'
20:03:36.680 SCRIPT    (W): @"kamaz_4310RUS\scripts\4_World/carscript_kamaz_4310rus_cabinmanipulte.c,23": FIX-ME: Overriding function 'IsPassengersInCabin' but not marked as 'override'
20:03:36.680 SCRIPT    (W): @"tractor_UMZ_RUS\scripts\4_World/carscript.c,4": FIX-ME: Overriding function 'HandleDoorsSound' but not marked as 'override'
20:03:36.716 SCRIPT    (W): @"script_a/Scripts/4_World/weapons\m14_dmr.c,151": FIX-ME: Overriding function 'AssembleGun' but not marked as 'override'
20:03:36.718 SCRIPT    (W): @"kamaz_4310RUS\scripts\4_World/static\miscgameplayfunctions.c,6": FIX-ME: Overriding function 'IsInsideCar' but not marked as 'override'
20:03:36.769 SCRIPT    (W): @"Jeep_Wnagler/scripts/Jeep_Wnagler/jeep_wnagler.c,171": FIX-ME: Overriding function 'GetDoorConditionPointFromSelection' but not marked as 'override'
20:03:36.798 SCRIPT    (W): @"CodeLock/scripts/4_world/pluginmanager\pluginbase\permissions\codelockpermissionmanager.c,46": FIX-ME: Method argument can't be strong reference
20:03:36.843 SCRIPT    (W): @"script_a/Scripts/4_World/weapons\ak105_bullpup.c,48": FIX-ME: Overriding function 'AssembleGun' but not marked as 'override'
20:03:36.853 SCRIPT    (W): @"script_a/Scripts/4_World/weapons\pkm.c,105": FIX-ME: Overriding function 'AssembleGun' but not marked as 'override'
20:03:36.868 SCRIPT    (W): @"BaseBuildingPlus/scripts/4_World/basebuildingplusui\entites\manbase\playerbase.c,16": FIX-ME: Overriding function 'ToggleBookReading' but not marked as 'override'
20:03:36.869 SCRIPT    (W): @"BaseBuildingPlus/scripts/4_World/basebuildingplusui\entites\manbase\playerbase.c,20": FIX-ME: Overriding function 'IsReadingBook' but not marked as 'override'
20:03:36.883 SCRIPT    (W): @"script_a/Scripts/4_World/weapons\m14_dmr.c,86": FIX-ME: Overriding function 'AssembleGun' but not marked as 'override'
20:03:36.894 SCRIPT    (W): @"Glowler_ITV/scripts/Glowler_ITV/glowler_itv.c,162": FIX-ME: Overriding function 'GetDoorConditionPointFromSelection' but not marked as 'override'
20:03:36.911 SCRIPT    (W): @"script_a/Scripts/4_World/weapons\pkm.c,252": FIX-ME: Overriding function 'AssembleGun' but not marked as 'override'
20:03:36.928 SCRIPT    (W): @"MRAP_Cougar/scripts/MRAP_Cougar/mrap_cougar.c,235": FIX-ME: Overriding function 'GetDoorConditionPointFromSelection' but not marked as 'override'
20:03:36.940 SCRIPT    (W): @"LAPV_camo/scripts/LAPV_camo/lapv_camo.c,270": FIX-ME: Overriding function 'GetDoorConditionPointFromSelection' but not marked as 'override'
20:03:36.979 SCRIPT    (W): @"x5_2000\scripts\x5_2000/x5_2000.c,7": FIX-ME: Overriding function 'DashboardShineOn' but not marked as 'override'
20:03:36.979 SCRIPT    (W): @"x5_2000\scripts\x5_2000/x5_2000.c,31": FIX-ME: Overriding function 'DashboardShineOff' but not marked as 'override'
20:03:36.983 SCRIPT    (W): @"CodeLock/scripts/4_world/gui\guestcodemenu.c,29": FIX-ME: Overriding function 'SendRPC' but not marked as 'override'
20:03:36.991 SCRIPT    (W): @"script_a/Scripts/4_World/bipod\bipod_base.c,93": FIX-ME: Overriding function 'IsBipodInUse' but not marked as 'override'
20:03:37.18  SCRIPT    (W): @"script_a/Scripts/4_World/bipod\bipod_base.c,84": FIX-ME: Overriding function 'IsBipodInUse' but not marked as 'override'
20:03:37.24  SCRIPT    (W): @"CodeLock/scripts/4_world/gui\claimcodemenu.c,27": FIX-ME: Overriding function 'SendRPC' but not marked as 'override'
20:03:37.24  SCRIPT    (W): @"SR_Weapons_Scripts/scripts/4_world/weapons\scar_h.c,26": FIX-ME: Overriding function 'EEItemDetached' but not marked as 'override'
20:03:37.32  SCRIPT    (W): @"CodeLock/scripts/4_world/gui\entercodemenu.c,37": FIX-ME: Overriding function 'SendRPC' but not marked as 'override'
20:03:37.53  SCRIPT    (W): @"script_a/Scripts/4_World/weapons\anzio20.c,321": FIX-ME: Overriding function 'AssembleGun' but not marked as 'override'
20:03:37.80  SCRIPT    (W): @"SR_Weapons_Scripts/scripts/4_world/weapons\rsass.c,30": FIX-ME: Overriding function 'EEItemDetached' but not marked as 'override'
20:03:37.82  SCRIPT    (W): @"SR_Weapons_Scripts/scripts/4_world/weapons\scar_l.c,26": FIX-ME: Overriding function 'EEItemDetached' but not marked as 'override'
20:03:37.96  SCRIPT    (W): @"script_a/Scripts/4_World/classes\useractionscomponent\actions\singleuse\action.c,180": Possible variable name conflict 'second_item_health'
20:03:37.102 SCRIPT    (W): @"LAPV_tan/scripts/LAPV_tan/lapv_tan.c,270": FIX-ME: Overriding function 'GetDoorConditionPointFromSelection' but not marked as 'override'
20:03:37.114 SCRIPT    (W): @"script_a/Scripts/4_World/weapons\m249.c,27": FIX-ME: Overriding function 'AssembleGun' but not marked as 'override'
20:03:37.115 SCRIPT    (W): @"script_a/Scripts/4_World/bipod\bipod_base.c,112": FIX-ME: Overriding function 'IsBipodInUse' but not marked as 'override'
20:03:37.161 SCRIPT    (W): @"CodeLock/scripts/4_world/gui\setcodemenu.c,31": FIX-ME: Overriding function 'CheckState' but not marked as 'override'
20:03:37.166 SCRIPT    (W): @"script_a/Scripts/4_World/entities\itembase\tf_burningshard.c,115": FIX-ME: Overriding function 'IsTakeable' but not marked as 'override'
20:03:37.166 SCRIPT    (W): @"script_a/Scripts/4_World/entities\itembase\tf_burningshard.c,120": FIX-ME: Overriding function 'CanHaveTemperature' but not marked as 'override'
20:03:37.176 SCRIPT    (W): @"WindstrideClothing/scripts/4_World/namalsk\frostbite.c,4": FIX-ME: Overriding function 'CheckSlotOfInterest' but not marked as 'override'
20:03:37.180 SCRIPT    (W): @"LAPV_green/scripts/LAPV_green/lapv_green.c,270": FIX-ME: Overriding function 'GetDoorConditionPointFromSelection' but not marked as 'override'
20:03:37.183 SCRIPT    (W): @"script_a/Scripts/4_World/bipod\bipod_base.c,102": FIX-ME: Overriding function 'IsBipodInUse' but not marked as 'override'
20:03:37.196 SCRIPT    (W): @"script_a/Scripts/4_World/weapons\m240.c,27": FIX-ME: Overriding function 'AssembleGun' but not marked as 'override'
20:03:37.223 SCRIPT    (W): @"LAPV/scripts/LAPV/lapv.c,270": FIX-ME: Overriding function 'GetDoorConditionPointFromSelection' but not marked as 'override'
20:03:39.399 SCRIPT    (W): @"CodeLock/scripts/4_world/actions\continuous\actiondestroycodelockontent.c,73": Possible variable name conflict '_Health'
20:03:39.451 SCRIPT    (W): @"CodeLock/scripts/4_world/actions\continuous\actiondestroycodelockonfence.c,67": Possible variable name conflict '_Health'
20:03:43.190 SCRIPT    (W): @"MBM_Apocalypse_Truck\scripts\4_World/entities\vehicle\apocalypsetruck.c,262": 'GetController' is obsolete: Use methods directly on Car
20:03:43.455 SCRIPT    (W): @"AI_Bandits/Scripts/4_World/classes\sriptedentity\trigger.c,180": FIX-ME: Unsafe down-casting, use 'InfectedBanditBase.Cast' for safe down-casting
20:03:49.831 SCRIPT    (W): @"Dayz_Horse/Scripts/4_World/dayzplayerimplement.c,180": No need to use 'Cast' for up-casting
20:03:52.86  WORLD        : Create entity type 'headphones_base'
20:03:52.86   WORLD        : Create entity type 'PersonalRadio'
20:03:52.86    ENTITY    (E): Type 'Inventory_BaseType' must be inherited from class 'ItemTransmitterType'
20:03:54.570 PreloadAnimationSets
20:03:54.570  ANIMATION    : AnimSetInstance load @"{0F5E6205A5E823C3}dz/anims/workspaces/player/player_main/player_main.asi"
20:03:54.570   RESOURCES (E): Failed to open object @"SurvivorAnimsExtras/animations/extras/p_cro_CustomAction_01_in.anm"
20:03:54.570   RESOURCES (E): Failed to open object @"SurvivorAnimsExtras/animations/extras/p_cro_CustomAction_01_loop.anm"
20:03:54.570   RESOURCES (E): Failed to open object @"SurvivorAnimsExtras/animations/extras/p_cro_CustomAction_01_out.anm"
20:03:54.570   RESOURCES (E): Failed to open object @"SurvivorAnimsExtras/animations/extras/p_erc_CustomAction_01_in.anm"
20:03:54.570   RESOURCES (E): Failed to open object @"SurvivorAnimsExtras/animations/extras/p_erc_CustomAction_01_loop.anm"
20:03:54.570   RESOURCES (E): Failed to open object @"SurvivorAnimsExtras/animations/extras/p_erc_CustomAction_01_out.anm"
20:03:54.570   RESOURCES (E): Failed to open object @"SurvivorAnimsExtras/animations/extras/p_cro_CustomAction_02_in.anm"
20:03:54.570   RESOURCES (E): Failed to open object @"SurvivorAnimsExtras/animations/extras/p_cro_CustomAction_02_loop.anm"
20:03:54.570   RESOURCES (E): Failed to open object @"SurvivorAnimsExtras/animations/extras/p_cro_CustomAction_02_out.anm"
20:03:54.570   RESOURCES (E): Failed to open object @"SurvivorAnimsExtras/animations/extras/p_erc_CustomAction_02_in.anm"
20:03:54.570   RESOURCES (E): Failed to open object @"SurvivorAnimsExtras/animations/extras/p_erc_CustomAction_02_loop.anm"
20:03:54.570   RESOURCES (E): Failed to open object @"SurvivorAnimsExtras/animations/extras/p_erc_CustomAction_02_out.anm"
20:03:54.570   RESOURCES (E): Failed to open object @"SurvivorAnimsExtras/animations/extras/p_cro_FB_CustomAction_01_in.anm"
20:03:54.570   RESOURCES (E): Failed to open object @"SurvivorAnimsExtras/animations/extras/p_cro_FB_CustomAction_01_loop.anm"
20:03:54.570   RESOURCES (E): Failed to open object @"SurvivorAnimsExtras/animations/extras/p_cro_FB_CustomAction_01_out.anm"
20:03:54.570   RESOURCES (E): Failed to open object @"SurvivorAnimsExtras/animations/extras/p_erc_FB_CustomAction_01_in.anm"
20:03:54.570   RESOURCES (E): Failed to open object @"SurvivorAnimsExtras/animations/extras/p_erc_FB_CustomAction_01_loop.anm"
20:03:54.570   RESOURCES (E): Failed to open object @"SurvivorAnimsExtras/animations/extras/p_erc_FB_CustomAction_01_out.anm"
20:03:54.570   RESOURCES (E): Failed to open object @"SurvivorAnimsExtras/animations/extras/p_cro_FB_CustomAction_02_in.anm"
20:03:54.570   RESOURCES (E): Failed to open object @"SurvivorAnimsExtras/animations/extras/p_cro_FB_CustomAction_02_loop.anm"
20:03:54.570   RESOURCES (E): Failed to open object @"SurvivorAnimsExtras/animations/extras/p_cro_FB_CustomAction_02_out.anm"
20:03:54.570   RESOURCES (E): Failed to open object @"SurvivorAnimsExtras/animations/extras/p_erc_FB_CustomAction_02_in.anm"
20:03:54.570   RESOURCES (E): Failed to open object @"SurvivorAnimsExtras/animations/extras/p_erc_FB_CustomAction_02_loop.anm"
20:03:54.570   RESOURCES (E): Failed to open object @"SurvivorAnimsExtras/animations/extras/p_erc_FB_CustomAction_02_out.anm"
20:03:54.570   RESOURCES (E): Failed to open object @"SurvivorAnimsExtras/animations/extras/p_cro_FB_CustomAction_03_in.anm"
20:03:54.570   RESOURCES (E): Failed to open object @"SurvivorAnimsExtras/animations/extras/p_cro_FB_CustomAction_03_loop.anm"
20:03:54.570   RESOURCES (E): Failed to open object @"SurvivorAnimsExtras/animations/extras/p_cro_FB_CustomAction_03_out.anm"
20:03:54.570   RESOURCES (E): Failed to open object @"SurvivorAnimsExtras/animations/extras/p_erc_FB_CustomAction_03_in.anm"
20:03:54.570   RESOURCES (E): Failed to open object @"SurvivorAnimsExtras/animations/extras/p_erc_FB_CustomAction_03_loop.anm"
20:03:54.570   RESOURCES (E): Failed to open object @"SurvivorAnimsExtras/animations/extras/p_erc_FB_CustomAction_03_out.anm"
20:03:54.570   RESOURCES (E): Failed to open object @"SurvivorAnimsExtras/animations/extras/p_cro_FB_CustomAction_04_in.anm"
20:03:54.570   RESOURCES (E): Failed to open object @"SurvivorAnimsExtras/animations/extras/p_cro_FB_CustomAction_04_loop.anm"
20:03:54.570   RESOURCES (E): Failed to open object @"SurvivorAnimsExtras/animations/extras/p_cro_FB_CustomAction_04_out.anm"
20:03:54.570   RESOURCES (E): Failed to open object @"SurvivorAnimsExtras/animations/extras/p_erc_FB_CustomAction_04_in.anm"
20:03:54.570   RESOURCES (E): Failed to open object @"SurvivorAnimsExtras/animations/extras/p_erc_FB_CustomAction_04_loop.anm"
20:03:54.570   RESOURCES (E): Failed to open object @"SurvivorAnimsExtras/animations/extras/p_erc_FB_CustomAction_04_out.anm"
20:03:54.570   RESOURCES (E): Failed to open object @"SurvivorAnimsExtras/animations/extras/p_cro_FB_CustomAction_05_in.anm"
20:03:54.570   RESOURCES (E): Failed to open object @"SurvivorAnimsExtras/animations/extras/p_cro_FB_CustomAction_05_loop.anm"
20:03:54.570   RESOURCES (E): Failed to open object @"SurvivorAnimsExtras/animations/extras/p_cro_FB_CustomAction_05_out.anm"
20:03:54.570   RESOURCES (E): Failed to open object @"SurvivorAnimsExtras/animations/extras/p_erc_FB_CustomAction_05_in.anm"
20:03:54.570   RESOURCES (E): Failed to open object @"SurvivorAnimsExtras/animations/extras/p_erc_FB_CustomAction_05_loop.anm"
20:03:54.570   RESOURCES (E): Failed to open object @"SurvivorAnimsExtras/animations/extras/p_erc_FB_CustomAction_05_out.anm"
20:03:54.646   RESOURCES (E): Failed to open object @"SurvivorAnimsExtras/animations/extras/p_cro_CustomActionOnce_01.anm"
20:03:54.646   RESOURCES (E): Failed to open object @"SurvivorAnimsExtras/animations/extras/p_erc_CustomActionOnce_01.anm"
20:03:54.646   RESOURCES (E): Failed to open object @"SurvivorAnimsExtras/animations/extras/p_pne_FB_CustomActionOnce_01.anm"
20:03:54.646   RESOURCES (E): Failed to open object @"SurvivorAnimsExtras/animations/extras/p_cro_CustomActionOnce_02.anm"
20:03:54.646   RESOURCES (E): Failed to open object @"SurvivorAnimsExtras/animations/extras/p_erc_CustomActionOnce_02.anm"
20:03:54.646   RESOURCES (E): Failed to open object @"SurvivorAnimsExtras/animations/extras/p_pne_FB_CustomActionOnce_02.anm"
20:03:54.646   RESOURCES (E): Failed to open object @"SurvivorAnimsExtras/animations/extras/p_cro_CustomActionOnce_03.anm"
20:03:54.646   RESOURCES (E): Failed to open object @"SurvivorAnimsExtras/animations/extras/p_erc_CustomActionOnce_03.anm"
20:03:54.646   RESOURCES (E): Failed to open object @"SurvivorAnimsExtras/animations/extras/p_pne_FB_CustomActionOnce_03.anm"
20:03:54.646   RESOURCES (E): Failed to open object @"SurvivorAnimsExtras/animations/extras/p_cro_CustomActionOnce_04.anm"
20:03:54.646   RESOURCES (E): Failed to open object @"SurvivorAnimsExtras/animations/extras/p_erc_CustomActionOnce_04.anm"
20:03:54.646   RESOURCES (E): Failed to open object @"SurvivorAnimsExtras/animations/extras/p_pne_FB_CustomActionOnce_04.anm"
20:03:54.646   RESOURCES (E): Failed to open object @"SurvivorAnimsExtras/animations/extras/p_cro_CustomActionOnce_05.anm"
20:03:54.646   RESOURCES (E): Failed to open object @"SurvivorAnimsExtras/animations/extras/p_erc_CustomActionOnce_05.anm"
20:03:54.646   RESOURCES (E): Failed to open object @"SurvivorAnimsExtras/animations/extras/p_pne_FB_CustomActionOnce_05.anm"
20:03:54.898   RESOURCES (E): Failed to open object @"SurvivorAnimsExtras/animations/extras/p_erc_CustomEmote_01_in.anm"
20:03:54.898   RESOURCES (E): Failed to open object @"SurvivorAnimsExtras/animations/extras/p_erc_CustomEmote_01_loop.anm"
20:03:54.898   RESOURCES (E): Failed to open object @"SurvivorAnimsExtras/animations/extras/p_erc_CustomEmote_01_out.anm"
20:03:54.898   RESOURCES (E): Failed to open object @"SurvivorAnimsExtras/animations/extras/p_erc_CustomEmote_02_in.anm"
20:03:54.898   RESOURCES (E): Failed to open object @"SurvivorAnimsExtras/animations/extras/p_erc_CustomEmote_02_loop.anm"
20:03:54.898   RESOURCES (E): Failed to open object @"SurvivorAnimsExtras/animations/extras/p_erc_CustomEmote_02_out.anm"
20:03:54.898   RESOURCES (E): Failed to open object @"SurvivorAnimsExtras/animations/extras/p_erc_CustomEmote_03_in.anm"
20:03:54.898   RESOURCES (E): Failed to open object @"SurvivorAnimsExtras/animations/extras/p_erc_CustomEmote_03_loop.anm"
20:03:54.898   RESOURCES (E): Failed to open object @"SurvivorAnimsExtras/animations/extras/p_erc_CustomEmote_03_out.anm"
20:03:54.898   RESOURCES (E): Failed to open object @"SurvivorAnimsExtras/animations/extras/p_erc_CustomEmote_04_in.anm"
20:03:54.898   RESOURCES (E): Failed to open object @"SurvivorAnimsExtras/animations/extras/p_erc_CustomEmote_04_loop.anm"
20:03:54.898   RESOURCES (E): Failed to open object @"SurvivorAnimsExtras/animations/extras/p_erc_CustomEmote_04_out.anm"
20:03:54.898   RESOURCES (E): Failed to open object @"SurvivorAnimsExtras/animations/extras/p_erc_CustomEmote_05_in.anm"
20:03:54.898   RESOURCES (E): Failed to open object @"SurvivorAnimsExtras/animations/extras/p_erc_CustomEmote_05_loop.anm"
20:03:54.898   RESOURCES (E): Failed to open object @"SurvivorAnimsExtras/animations/extras/p_erc_CustomEmote_05_out.anm"
20:03:54.898   RESOURCES (E): Failed to open object @"SurvivorAnimsExtras/animations/extras/p_erc_CustomEmote_06_in.anm"
20:03:54.898   RESOURCES (E): Failed to open object @"SurvivorAnimsExtras/animations/extras/p_erc_CustomEmote_06_loop.anm"
20:03:54.898   RESOURCES (E): Failed to open object @"SurvivorAnimsExtras/animations/extras/p_erc_CustomEmote_06_out.anm"
20:03:54.898   RESOURCES (E): Failed to open object @"SurvivorAnimsExtras/animations/extras/p_erc_CustomEmote_07_in.anm"
20:03:54.898   RESOURCES (E): Failed to open object @"SurvivorAnimsExtras/animations/extras/p_erc_CustomEmote_07_loop.anm"
20:03:54.898   RESOURCES (E): Failed to open object @"SurvivorAnimsExtras/animations/extras/p_erc_CustomEmote_07_out.anm"
20:03:54.898   RESOURCES (E): Failed to open object @"SurvivorAnimsExtras/animations/extras/p_erc_CustomEmote_08_in.anm"
20:03:54.899   RESOURCES (E): Failed to open object @"SurvivorAnimsExtras/animations/extras/p_erc_CustomEmote_08_loop.anm"
20:03:54.899   RESOURCES (E): Failed to open object @"SurvivorAnimsExtras/animations/extras/p_erc_CustomEmote_08_out.anm"
20:03:54.899   RESOURCES (E): Failed to open object @"SurvivorAnimsExtras/animations/extras/p_erc_CustomEmote_09_in.anm"
20:03:54.899   RESOURCES (E): Failed to open object @"SurvivorAnimsExtras/animations/extras/p_erc_CustomEmote_09_loop.anm"
20:03:54.899   RESOURCES (E): Failed to open object @"SurvivorAnimsExtras/animations/extras/p_erc_CustomEmote_09_out.anm"
20:03:54.899   RESOURCES (E): Failed to open object @"SurvivorAnimsExtras/animations/extras/p_erc_CustomEmote_10_in.anm"
20:03:54.899   RESOURCES (E): Failed to open object @"SurvivorAnimsExtras/animations/extras/p_erc_CustomEmote_10_loop.anm"
20:03:54.899   RESOURCES (E): Failed to open object @"SurvivorAnimsExtras/animations/extras/p_erc_CustomEmote_10_out.anm"
20:03:54.899   RESOURCES (E): Failed to open object @"SurvivorAnimsExtras/animations/extras/p_erc_CustomEmote_11_in.anm"
20:03:54.899   RESOURCES (E): Failed to open object @"SurvivorAnimsExtras/animations/extras/p_erc_CustomEmote_11_loop.anm"
20:03:54.899   RESOURCES (E): Failed to open object @"SurvivorAnimsExtras/animations/extras/p_erc_CustomEmote_11_out.anm"
20:03:54.899   RESOURCES (E): Failed to open object @"SurvivorAnimsExtras/animations/extras/p_erc_CustomEmote_12_in.anm"
20:03:54.899   RESOURCES (E): Failed to open object @"SurvivorAnimsExtras/animations/extras/p_erc_CustomEmote_12_loop.anm"
20:03:54.899   RESOURCES (E): Failed to open object @"SurvivorAnimsExtras/animations/extras/p_erc_CustomEmote_12_out.anm"
20:03:54.899   RESOURCES (E): Failed to open object @"SurvivorAnimsExtras/animations/extras/p_erc_CustomEmote_13_in.anm"
20:03:54.899   RESOURCES (E): Failed to open object @"SurvivorAnimsExtras/animations/extras/p_erc_CustomEmote_13_loop.anm"
20:03:54.899   RESOURCES (E): Failed to open object @"SurvivorAnimsExtras/animations/extras/p_erc_CustomEmote_13_out.anm"
20:03:54.899   RESOURCES (E): Failed to open object @"SurvivorAnimsExtras/animations/extras/p_erc_CustomEmote_14_in.anm"
20:03:54.899   RESOURCES (E): Failed to open object @"SurvivorAnimsExtras/animations/extras/p_erc_CustomEmote_14_loop.anm"
20:03:54.899   RESOURCES (E): Failed to open object @"SurvivorAnimsExtras/animations/extras/p_erc_CustomEmote_14_out.anm"
20:03:54.899   RESOURCES (E): Failed to open object @"SurvivorAnimsExtras/animations/extras/p_erc_CustomEmote_15_in.anm"
20:03:54.899   RESOURCES (E): Failed to open object @"SurvivorAnimsExtras/animations/extras/p_erc_CustomEmote_15_loop.anm"
20:03:54.899   RESOURCES (E): Failed to open object @"SurvivorAnimsExtras/animations/extras/p_erc_CustomEmote_15_out.anm"
20:03:54.899   RESOURCES (E): Failed to open object @"SurvivorAnimsExtras/animations/extras/p_erc_CustomEmote_16_in.anm"
20:03:54.899   RESOURCES (E): Failed to open object @"SurvivorAnimsExtras/animations/extras/p_erc_CustomEmote_16_loop.anm"
20:03:54.899   RESOURCES (E): Failed to open object @"SurvivorAnimsExtras/animations/extras/p_erc_CustomEmote_16_out.anm"
20:03:54.934   RESOURCES (E): Failed to open object @"SurvivorAnimsExtras/animations/extras/p_cro_CustomEmoteOnce_01.anm"
20:03:54.934   RESOURCES (E): Failed to open object @"SurvivorAnimsExtras/animations/extras/p_erc_CustomEmoteOnce_01.anm"
20:03:54.934   RESOURCES (E): Failed to open object @"SurvivorAnimsExtras/animations/extras/p_pne_CustomEmoteOnce_01.anm"
20:03:54.934   RESOURCES (E): Failed to open object @"SurvivorAnimsExtras/animations/extras/p_erc_CustomEmoteOnce_02.anm"
20:03:54.934   RESOURCES (E): Failed to open object @"SurvivorAnimsExtras/animations/extras/p_erc_CustomEmoteOnce_03.anm"
20:03:54.934   RESOURCES (E): Failed to open object @"SurvivorAnimsExtras/animations/extras/p_erc_CustomEmoteOnce_04.anm"
20:03:54.934   RESOURCES (E): Failed to open object @"SurvivorAnimsExtras/animations/extras/p_erc_CustomEmoteOnce_05.anm"
20:03:54.934   RESOURCES (E): Failed to open object @"SurvivorAnimsExtras/animations/extras/p_erc_CustomEmoteOnce_06.anm"
20:03:54.934   RESOURCES (E): Failed to open object @"SurvivorAnimsExtras/animations/extras/p_erc_CustomEmoteOnce_07.anm"
20:03:54.934   RESOURCES (E): Failed to open object @"SurvivorAnimsExtras/animations/extras/p_erc_CustomEmoteOnce_08.anm"
20:03:54.934   RESOURCES (E): Failed to open object @"SurvivorAnimsExtras/animations/extras/p_erc_CustomEmoteOnce_09.anm"
20:03:54.934   RESOURCES (E): Failed to open object @"SurvivorAnimsExtras/animations/extras/p_erc_CustomEmoteOnce_10.anm"
20:03:54.934   RESOURCES (E): Failed to open object @"SurvivorAnimsExtras/animations/extras/p_cro_FB_CustomEmoteOnce_01.anm"
20:03:54.934   RESOURCES (E): Failed to open object @"SurvivorAnimsExtras/animations/extras/p_erc_FB_CustomEmoteOnce_01.anm"
20:03:54.934   RESOURCES (E): Failed to open object @"SurvivorAnimsExtras/animations/extras/p_pne_FB_CustomEmoteOnce_01.anm"
20:03:56.981 Hostname of server: "SVOBODA DayZ"
20:03:57.706 NETWORK      : Network simulation
20:03:57.706  Loading landscape 'namalsk'
20:03:57.706   WORLD        : Create entity type 'Land_pas_amps_solo'
20:03:57.706    ENTITY    (E): Type 'HouseType' must be inherited from class 'PASReceiverType'
20:03:57.888   ENTITY       : Load entity type 'land_seb_garage'
20:03:57.888    ENTITY    (W): Door 'doorstwin1' is missing geometry components for selection 'doorstwin1', check model+config
20:03:57.893   ENTITY       : Load entity type 'Land_Container_1Aoh'
20:03:57.893    ENTITY    (W): Door 'DoorsTwin1' is missing geometry components for selection 'DoorsTwin1', check model+config
20:03:57.895   WORLD        : Create entity type 'Land_radio_panelpas'
20:03:57.895    ENTITY    (E): Type 'HouseType' must be inherited from class 'PASBroadcasterType'
20:03:57.906   ENTITY       : Load entity type 'Land_Factory_Small'
20:03:57.906    ENTITY    (W): Door 'DoorsTwin1' is missing geometry components for selection 'DoorsTwin1', check model+config
20:03:57.906    ENTITY    (W): Door 'DoorsTwin2' is missing geometry components for selection 'DoorsTwin2', check model+config
20:03:57.926   ENTITY       : Load entity type 'Land_Container_1Bo'
20:03:57.926    ENTITY    (W): Door 'DoorsTwin1' is missing geometry components for selection 'DoorsTwin1', check model+config
20:03:57.926    ENTITY    (W): Door 'DoorsTwin2' is missing geometry components for selection 'DoorsTwin2', check model+config
20:03:57.927   ENTITY       : Load entity type 'land_budova2_winter'
20:03:57.927    ENTITY    (W): Door 'DoorsTwin1' is missing geometry components for selection 'DoorsTwin1', check model+config
20:03:57.956   ENTITY       : Load entity type 'Land_Container_1Mo'
20:03:57.956    ENTITY    (W): Door 'DoorsTwin1' is missing geometry components for selection 'DoorsTwin1', check model+config
20:03:57.956    ENTITY    (W): Door 'DoorsTwin2' is missing geometry components for selection 'DoorsTwin2', check model+config
20:03:57.959   ENTITY       : Load entity type 'land_budova1_winter'
20:03:57.959    ENTITY    (W): Door 'DoorsTwin1' is missing geometry components for selection 'DoorsTwin1', check model+config
20:03:57.978   WORLD        : Create entity type 'Land_radio_panelbig'
20:03:57.978    ENTITY    (E): Type 'HouseType' must be inherited from class 'StaticTransmitterType'
20:03:58.01    ENTITY       : Load entity type 'land_vys_budova_p1'
20:03:58.01     ENTITY    (W): Unknown object class 'thing' (dz\structures\furniture\eletrical_appliances\washing_machine\washing_machine.p3d)
20:03:58.02     ENTITY    (W): Unknown object class 'thing' (dz\structures\furniture\eletrical_appliances\washing_machine\washing_machine.p3d)
20:03:58.03     ENTITY    (W): Unknown object class 'thing' (dz\structures\furniture\eletrical_appliances\washing_machine\washing_machine.p3d)
20:03:58.19    ENTITY       : Load entity type 'Land_Mil_Barracks3'
20:03:58.19     ENTITY    (W): Door 'DoorsTwin1' is missing geometry components for selection 'DoorsTwin1', check model+config
20:03:58.21    ENTITY       : Load entity type 'land_budova3'
20:03:58.21     ENTITY    (W): Door 'doorstwin1' is missing geometry components for selection 'doorstwin1', check model+config
20:03:58.26    ENTITY       : Load entity type 'Land_Mil_Barracks1'
20:03:58.26     ENTITY    (W): Door 'DoorsTwin1' is missing geometry components for selection 'DoorsTwin1', check model+config
20:03:58.109   ENTITY       : Load entity type 'Land_Garage_Small'
20:03:58.109    ENTITY    (W): Door 'DoorsTwin1' is missing geometry components for selection 'DoorsTwin1', check model+config
20:03:58.126   ENTITY       : Load entity type 'Land_Mil_Barracks5'
20:03:58.126    ENTITY    (W): Door 'DoorsTwin1' is missing geometry components for selection 'DoorsTwin1', check model+config
20:03:58.226   ENTITY       : Load entity type 'Land_Workshop2'
20:03:58.226    ENTITY    (W): Door 'DoorsTwin1' is missing geometry components for selection 'DoorsTwin1', check model+config
20:03:58.246   ENTITY       : Load entity type 'Land_Wreck_S1023_Beige'
20:03:58.246    ENTITY    (W): Door 'DoorsTwin1' is missing geometry components for selection 'DoorsTwin1', check model+config
20:03:58.295   ENTITY       : Load entity type 'Land_Wreck_S1023_Blue'
20:03:58.295    ENTITY    (W): Door 'DoorsTwin1' is missing geometry components for selection 'DoorsTwin1', check model+config
20:03:58.296   ENTITY    (W): Unknown object class 'pond' (nst\ns\water\lakewater_still.p3d)
20:03:58.373   ENTITY       : Load entity type 'Land_CementWorks_Hall2_Brick'
20:03:58.373    ENTITY    (W): Door 'DoorsTwin1' is missing geometry components for selection 'DoorsTwin1', check model+config
20:03:58.386   ENTITY       : Load entity type 'Land_Workshop3'
20:03:58.386    ENTITY    (W): Door 'DoorsTwin1' is missing geometry components for selection 'DoorsTwin1', check model+config
20:03:58.386    ENTITY    (W): Door 'DoorsTwin2' is missing geometry components for selection 'DoorsTwin2', check model+config
20:03:58.403   ENTITY       : Load entity type 'Land_Workshop4'
20:03:58.403    ENTITY    (W): Door 'DoorsTwin1' is missing geometry components for selection 'DoorsTwin1', check model+config
20:03:58.434   ENTITY       : Load entity type 'Land_Workshop1'
20:03:58.434    ENTITY    (W): Door 'DoorsTwin1' is missing geometry components for selection 'DoorsTwin1', check model+config
20:03:58.466   ENTITY       : Load entity type 'Land_Airfield_Small_Control'
20:03:58.466    ENTITY    (W): Unknown object class 'thing' (dz\structures\furniture\eletrical_appliances\washing_machine\washing_machine.p3d)
20:03:58.466    ENTITY    (W): Unknown object class 'thing' (dz\structures\furniture\eletrical_appliances\washing_machine\washing_machine.p3d)
20:03:58.467    ENTITY    (W): Unknown object class 'thing' (dz\structures\furniture\eletrical_appliances\washing_machine\washing_machine.p3d)
20:03:58.468    ENTITY    (W): Unknown object class 'thing' (dz\structures\furniture\eletrical_appliances\washing_machine\washing_machine.p3d)
20:03:58.478   ENTITY    (W): Unknown object class 'pond' (dz\water_sakhal\ice_lake\sakhal_50x50_ice_lake_clear.p3d)
20:03:58.528   ENTITY       : Load entity type 'Land_Office2'
20:03:58.528    ENTITY    (W): Door 'DoorsTwin1' is missing geometry components for selection 'DoorsTwin1', check model+config
20:03:58.528    ENTITY    (W): Door 'DoorsTwin2' is missing geometry components for selection 'DoorsTwin2', check model+config
20:03:58.528    ENTITY    (W): Door 'DoorsTwin3' is missing geometry components for selection 'DoorsTwin3', check model+config
20:03:58.528    ENTITY    (W): Door 'DoorsTwin4' is missing geometry components for selection 'DoorsTwin4', check model+config
20:03:58.528    ENTITY    (W): Door 'DoorsTwin5' is missing geometry components for selection 'DoorsTwin5', check model+config
20:03:58.546   ENTITY       : Load entity type 'Land_City_Hospital'
20:03:58.546    ENTITY    (W): Door 'DoorsTwin1' is missing geometry components for selection 'DoorsTwin1', check model+config
20:03:58.580   ENTITY       : Load entity type 'Land_Office1'
20:03:58.580    ENTITY    (W): Door 'DoorsTwin1' is missing geometry components for selection 'DoorsTwin1', check model+config
20:03:58.580    ENTITY    (W): Door 'DoorsTwin2' is missing geometry components for selection 'DoorsTwin2', check model+config
20:03:58.580    ENTITY    (W): Door 'DoorsTwin3' is missing geometry components for selection 'DoorsTwin3', check model+config
20:03:58.580    ENTITY    (W): Door 'DoorsTwin4' is missing geometry components for selection 'DoorsTwin4', check model+config
20:03:58.580    ENTITY    (W): Door 'DoorsTwin5' is missing geometry components for selection 'DoorsTwin5', check model+config
20:03:58.580    ENTITY    (W): Door 'DoorsTwin6' is missing geometry components for selection 'DoorsTwin6', check model+config
20:03:58.580    ENTITY    (W): Door 'DoorsTwin7' is missing geometry components for selection 'DoorsTwin7', check model+config
20:03:58.603   ENTITY       : Load entity type 'Land_Container_1Moh'
20:03:58.603    ENTITY    (W): Door 'DoorsTwin1' is missing geometry components for selection 'DoorsTwin1', check model+config
20:03:58.633   ENTITY    (W): Unknown object class 'pond' (nst\ns\water\lakewater.p3d)
20:03:58.691   ENTITY       : Load entity type 'Land_Garage_Row_Small'
20:03:58.691    ENTITY    (W): Door 'DoorsTwin1' is missing geometry components for selection 'DoorsTwin1', check model+config
20:03:58.691    ENTITY    (W): Door 'DoorsTwin2' is missing geometry components for selection 'DoorsTwin2', check model+config
20:03:58.691    ENTITY    (W): Door 'DoorsTwin3' is missing geometry components for selection 'DoorsTwin3', check model+config
20:03:58.718   ENTITY       : Load entity type 'Land_City_Store_WithStairs'
20:03:58.718    ENTITY    (W): Door 'DoorsTwin1' is missing geometry components for selection 'DoorsTwin1', check model+config
20:03:58.718    ENTITY    (W): Door 'DoorsTwin2' is missing geometry components for selection 'DoorsTwin2', check model+config
20:03:58.718    ENTITY    (W): Door 'DoorsTwin3' is missing geometry components for selection 'DoorsTwin3', check model+config
20:03:58.719    ENTITY    (W): Door 'DoorsTwin4' is missing geometry components for selection 'DoorsTwin4', check model+config
20:03:58.719    ENTITY    (W): Door 'DoorsTwin5' is missing geometry components for selection 'DoorsTwin5', check model+config
20:03:58.724   ENTITY       : Load entity type 'land_vor_apartment_high_2'
20:03:58.724    ENTITY    (W): Door 'doorstwin1' is missing geometry components for selection 'doorstwin1', check model+config
20:03:58.740   ENTITY       : Load entity type 'Land_Tenement_Small'
20:03:58.740    ENTITY    (W): Unknown object class 'thing' (dz\structures\furniture\eletrical_appliances\washing_machine\washing_machine.p3d)
20:03:58.740    ENTITY    (W): Unknown object class 'thing' (dz\structures\furniture\eletrical_appliances\washing_machine\washing_machine.p3d)
20:03:58.740    ENTITY    (W): Unknown object class 'thing' (dz\structures\furniture\eletrical_appliances\washing_machine\washing_machine.p3d)
20:03:58.740    ENTITY    (W): Unknown object class 'thing' (dz\structures\furniture\eletrical_appliances\washing_machine\washing_machine.p3d)
20:03:58.740    ENTITY    (W): Unknown object class 'thing' (dz\structures\furniture\eletrical_appliances\washing_machine\washing_machine.p3d)
20:03:58.740    ENTITY    (W): Unknown object class 'thing' (dz\structures\furniture\eletrical_appliances\washing_machine\washing_machine.p3d)
20:03:58.740    ENTITY    (W): Unknown object class 'thing' (dz\structures\furniture\eletrical_appliances\washing_machine\washing_machine.p3d)
20:03:58.818   ENTITY       : Load entity type 'Land_House_2W04'
20:03:58.818    ENTITY    (W): Door 'DoorsTwin1' is missing geometry components for selection 'DoorsTwin1', check model+config
20:03:58.830   ENTITY       : Load entity type 'Land_House_1W08_Brown'
20:03:58.830    ENTITY    (W): Unknown object class 'thing' (dz\structures\furniture\eletrical_appliances\washing_machine\washing_machine.p3d)
20:03:58.830    ENTITY    (W): Unknown object class 'thing' (dz\structures\furniture\eletrical_appliances\washing_machine\washing_machine.p3d)
20:03:58.831    ENTITY    (W): Unknown object class 'thing' (dz\structures\furniture\eletrical_appliances\washing_machine\washing_machine.p3d)
20:03:58.893   ENTITY    (W): Unknown object class 'pond' (dz\water_sakhal\ice_lake\sakhal_50x50_ice_lake_clear.p3d)
20:03:58.944   ENTITY       : Load entity type 'Land_Tenement_Big'
20:03:58.944    ENTITY    (W): Unknown object class 'thing' (dz\structures\furniture\eletrical_appliances\washing_machine\washing_machine.p3d)
20:03:58.944    ENTITY    (W): Unknown object class 'thing' (dz\structures\furniture\eletrical_appliances\washing_machine\washing_machine.p3d)
20:03:58.945    ENTITY    (W): Unknown object class 'thing' (dz\structures\furniture\eletrical_appliances\washing_machine\washing_machine.p3d)
20:03:58.945    ENTITY    (W): Unknown object class 'thing' (dz\structures\furniture\eletrical_appliances\washing_machine\washing_machine.p3d)
20:03:58.946    ENTITY    (W): Unknown object class 'thing' (dz\structures\furniture\eletrical_appliances\washing_machine\washing_machine.p3d)
20:03:58.946    ENTITY    (W): Unknown object class 'thing' (dz\structures\furniture\eletrical_appliances\washing_machine\washing_machine.p3d)
20:03:58.946    ENTITY    (W): Unknown object class 'thing' (dz\structures\furniture\eletrical_appliances\washing_machine\washing_machine.p3d)
20:03:58.946    ENTITY    (W): Unknown object class 'thing' (dz\structures\furniture\eletrical_appliances\washing_machine\washing_machine.p3d)
20:03:58.946    ENTITY    (W): Unknown object class 'thing' (dz\structures\furniture\eletrical_appliances\washing_machine\washing_machine.p3d)
20:04:01.356  SCRIPT    (W): @"HB_FlipVehicle/Scripts/5_Mission/missiongameplay.c,93": Missing ';' at the end of line
20:04:01.386  SCRIPT    (W): @"HB_FlipVehicle/Scripts/5_Mission/missiongameplay.c,9": FIX-ME: Method argument can't be strong reference
20:04:01.386  SCRIPT    (W): @"HB_FlipVehicle/Scripts/5_Mission/missiongameplay.c,9": FIX-ME: Method argument can't be strong reference
20:04:01.386  SCRIPT    (W): @"HB_FlipVehicle/Scripts/5_Mission/missiongameplay.c,9": FIX-ME: Method argument can't be strong reference
20:04:01.424  SCRIPT    (W): @"WindstrideClothing/scripts/5_Mission/windstride\namalsk\playercontainer.c,4": FIX-ME: Overriding function 'CheckSlotOfInterest' but not marked as 'override'
20:04:03.740  SCRIPT    (W): scripts/3_Game/undergroundarealoader.c:138 | SpawnAllTriggerCarriers | [WARNING] :: [UndergroundAreaLoader GetData()] :: file not found in MISSION folder, your path is $mission:cfgundergroundtriggers.json Attempting DATA folder
20:04:03.740  SCRIPT    (W): scripts/3_Game/undergroundarealoader.c:138 | SpawnAllTriggerCarriers | [WARNING] :: [UndergroundAreaLoader GetData()] ::file not found in DATA folder, your path is dz/worlds/namalsk/ce/cfgundergroundtriggers.json
20:04:03.913 [CE][Hive] :: Initializing OFFLINE
20:04:03.913 [StorageDirs] :: Selected storage directory: G:\SteamLibrary\steamapps\common\DayZServer\mpmissions\regular.namalsk\storage_4\
20:04:03.913 [CE][Hive] :: Loading core data ... 
20:04:03.913 [CE][CoreData] :: 8 root classes, 0 defaults, 0 updaters...
20:04:04.23   ENTITY       : Load entity type 'Land_House_2W02'
20:04:04.23    ENTITY    (W): Door 'DoorsTwin1' is missing geometry components for selection 'DoorsTwin1', check model+config
20:04:04.49   ENTITY    (W): Unknown object class 'pond' (dz\water_sakhal\ice_lake\sakhal_50x50_ice_lake_clear.p3d)
20:04:04.76  [CE][Hive] :: Loading map data ... 
20:04:17.58  [CE][TypeSetup] :: 601 classes setuped...
20:04:25.172 [CE][RegisterBind] :: 0 classes binded...
20:04:25.172 [CE][RegisterConfig] :: 20970 config classes registered, 0 sub-counters...
20:04:25.172 [CE][Hive] :: Loading map data ... 
20:04:25.252 [CE][LoadPrototype] :: loaded 256 prototypes
20:04:25.252   404 containers, 7415 points
20:04:25.252   1 dispatches, 1 proxies
20:04:25.252 !!! [CE][LoadPrototype] 1 groups have wrong points...
20:04:25.252 [CE][LoadPrototype] :: last group name: land_frozen_person...
20:04:25.256 [CE][LoadPrototype] :: loaded 0 prototypes
20:04:25.256   38 containers, 66 points
20:04:25.256   0 dispatches, 0 proxies
20:04:25.256 [CE][LoadPrototype] :: last group name: StoneLoc38...
20:04:25.298 [CE][LoadMap] "Group" :: loaded 1445 groups, groups failed: 0, largest group range: 36.4
20:04:25.299 [CE][LoadMap] "Dirt" :: loaded 0 groups, groups failed: 0, largest group range: 36.4
20:04:25.306 [CE][Links] found 472 total links between groups, of 1445
20:04:25.306 [CE][LoadClusters] "Cluster" :: Loading files...
20:04:25.318 [CE][LoadClusters] :: file: "mapgroupcluster.xml", 1 types, 2418 instances
20:04:25.320 [CE][Storage] ver:21 stamp:803, valid:yes, name:"G:\SteamLibrary\steamapps\common\DayZServer\mpmissions\regular.namalsk\storage_4\data\types.bin"
20:04:25.321 [CE][Storage] ver:21 stamp:799, valid:yes, name:"G:\SteamLibrary\steamapps\common\DayZServer\mpmissions\regular.namalsk\storage_4\data\types.001"
20:04:25.322 [CE][Storage] ver:21 stamp:802, valid:yes, name:"G:\SteamLibrary\steamapps\common\DayZServer\mpmissions\regular.namalsk\storage_4\data\types.002"
20:04:25.322 [CE][Storage] Restoring file "G:\SteamLibrary\steamapps\common\DayZServer\mpmissions\regular.namalsk\storage_4\data\types.bin".
20:04:26.263 [CE][offlineDB] :: Loaded 23 dynamic events 177 total types.
20:04:26.286 !!! [CE][offlineDB] :: Type 'ChristmasTree' will be ignored. (Not spawnable. (Scope is not public?))
20:04:26.296 [CE][DE][SPAWNS] :: Total positions: 711
20:04:26.296 [CE][DE][GROUPS] :: Total eventgroups defined: 0, Eventgroups in use: 0
20:04:26.297 [CE][Storage] ver:25 stamp:803, valid:yes, name:"G:\SteamLibrary\steamapps\common\DayZServer\mpmissions\regular.namalsk\storage_4\data\events.bin"
20:04:26.298 [CE][Storage] ver:25 stamp:799, valid:yes, name:"G:\SteamLibrary\steamapps\common\DayZServer\mpmissions\regular.namalsk\storage_4\data\events.001"
20:04:26.299 [CE][Storage] ver:25 stamp:802, valid:yes, name:"G:\SteamLibrary\steamapps\common\DayZServer\mpmissions\regular.namalsk\storage_4\data\events.002"
20:04:26.299 [CE][Storage] Restoring file "G:\SteamLibrary\steamapps\common\DayZServer\mpmissions\regular.namalsk\storage_4\data\events.bin".
20:04:26.300 [CE][DynamicEvent] Load  Events:[23] Primary spawners: 23 Secondary spawners: 0
20:04:26.300 [CE][Storage] ver:26 stamp:803, valid:yes, name:"G:\SteamLibrary\steamapps\common\DayZServer\mpmissions\regular.namalsk\storage_4\data\dynamic_000.bin"
20:04:26.300 [CE][Storage] ver:26 stamp:799, valid:yes, name:"G:\SteamLibrary\steamapps\common\DayZServer\mpmissions\regular.namalsk\storage_4\data\dynamic_000.001"
20:04:26.301 [CE][Storage] ver:26 stamp:802, valid:yes, name:"G:\SteamLibrary\steamapps\common\DayZServer\mpmissions\regular.namalsk\storage_4\data\dynamic_000.002"
20:04:26.301 [CE][Storage] Restoring file "G:\SteamLibrary\steamapps\common\DayZServer\mpmissions\regular.namalsk\storage_4\data\dynamic_000.bin" 7 items.
20:04:26.310   7 items loaded. (0 failed)
20:04:26.310 [CE][Storage] ver:26 stamp:803, valid:yes, name:"G:\SteamLibrary\steamapps\common\DayZServer\mpmissions\regular.namalsk\storage_4\data\dynamic_001.bin"
20:04:26.311 [CE][Storage] ver:26 stamp:799, valid:yes, name:"G:\SteamLibrary\steamapps\common\DayZServer\mpmissions\regular.namalsk\storage_4\data\dynamic_001.001"
20:04:26.312 [CE][Storage] ver:26 stamp:802, valid:yes, name:"G:\SteamLibrary\steamapps\common\DayZServer\mpmissions\regular.namalsk\storage_4\data\dynamic_001.002"
20:04:26.312 [CE][Storage] Restoring file "G:\SteamLibrary\steamapps\common\DayZServer\mpmissions\regular.namalsk\storage_4\data\dynamic_001.bin" 16 items.
20:04:26.371   16 items loaded. (0 failed)
20:04:26.372 [CE][Storage] ver:26 stamp:803, valid:yes, name:"G:\SteamLibrary\steamapps\common\DayZServer\mpmissions\regular.namalsk\storage_4\data\dynamic_002.bin"
20:04:26.373 [CE][Storage] ver:26 stamp:799, valid:yes, name:"G:\SteamLibrary\steamapps\common\DayZServer\mpmissions\regular.namalsk\storage_4\data\dynamic_002.001"
20:04:26.374 [CE][Storage] ver:26 stamp:802, valid:yes, name:"G:\SteamLibrary\steamapps\common\DayZServer\mpmissions\regular.namalsk\storage_4\data\dynamic_002.002"
20:04:26.375 [CE][Storage] Restoring file "G:\SteamLibrary\steamapps\common\DayZServer\mpmissions\regular.namalsk\storage_4\data\dynamic_002.bin" 59 items.
20:04:26.426  WORLD        : Create entity type 'Megaphone'
20:04:26.426   ENTITY    (E): Type 'Inventory_BaseType' must be inherited from class 'ItemMegaphoneType'
20:04:26.493   59 items loaded. (0 failed)
20:04:26.495 [CE][Storage] ver:26 stamp:803, valid:yes, name:"G:\SteamLibrary\steamapps\common\DayZServer\mpmissions\regular.namalsk\storage_4\data\dynamic_003.bin"
20:04:26.495 [CE][Storage] ver:26 stamp:799, valid:yes, name:"G:\SteamLibrary\steamapps\common\DayZServer\mpmissions\regular.namalsk\storage_4\data\dynamic_003.001"
20:04:26.496 [CE][Storage] ver:26 stamp:802, valid:yes, name:"G:\SteamLibrary\steamapps\common\DayZServer\mpmissions\regular.namalsk\storage_4\data\dynamic_003.002"
20:04:26.496 [CE][Storage] Restoring file "G:\SteamLibrary\steamapps\common\DayZServer\mpmissions\regular.namalsk\storage_4\data\dynamic_003.bin" 866 items.
20:04:26.583  PHYSICS   (W): While attempting to remove proxy physics for the selection 'codelock', the corresponding bone could not be found in the shape 'dz\gear\camping\largetent.p3d'
20:04:26.585  INVENTORY    : StreamLoad entity LargeTent:174
20:04:26.585   PHYSICS   (W): While attempting to remove proxy physics for the selection 'codelock', the corresponding bone could not be found in the shape 'dz\gear\camping\largetent.p3d'
20:04:26.693  WORLD        : Create entity type 'Headtorch_Black'
20:04:26.693   ENTITY    (E): Type 'Inventory_BaseType' must be inherited from class 'ClothingType'
20:04:27.06   PHYSICS   (W): While attempting to remove proxy physics for the selection 'codelock', the corresponding bone could not be found in the shape 'dz\gear\camping\cartent.p3d'
20:04:27.07   INVENTORY    : StreamLoad entity CarTent:470
20:04:27.07    PHYSICS   (W): While attempting to remove proxy physics for the selection 'codelock', the corresponding bone could not be found in the shape 'dz\gear\camping\cartent.p3d'
20:04:27.40   PHYSICS   (W): While attempting to remove proxy physics for the selection 'codelock', the corresponding bone could not be found in the shape 'dz\gear\camping\mediumtent.p3d'
20:04:27.40   INVENTORY    : StreamLoad entity MediumTent_Orange:498
20:04:27.40    PHYSICS   (W): While attempting to remove proxy physics for the selection 'codelock', the corresponding bone could not be found in the shape 'dz\gear\camping\mediumtent.p3d'
20:04:27.500  INVENTORY    : StreamLoad entity JumpsuitJacket_Blue:933
20:04:27.500   WORLD        : Create entity type 'Headtorch_Grey'
20:04:27.500    ENTITY    (E): Type 'Inventory_BaseType' must be inherited from class 'ClothingType'
20:04:27.648   866 items loaded. (0 failed)
20:04:27.649 [CE][Storage] ver:26 stamp:803, valid:yes, name:"G:\SteamLibrary\steamapps\common\DayZServer\mpmissions\regular.namalsk\storage_4\data\dynamic_004.bin"
20:04:27.650 [CE][Storage] ver:26 stamp:799, valid:yes, name:"G:\SteamLibrary\steamapps\common\DayZServer\mpmissions\regular.namalsk\storage_4\data\dynamic_004.001"
20:04:27.650 [CE][Storage] ver:26 stamp:802, valid:yes, name:"G:\SteamLibrary\steamapps\common\DayZServer\mpmissions\regular.namalsk\storage_4\data\dynamic_004.002"
20:04:27.651 [CE][Storage] Restoring file "G:\SteamLibrary\steamapps\common\DayZServer\mpmissions\regular.namalsk\storage_4\data\dynamic_004.bin" 1816 items.
20:04:28.120  PHYSICS   (W): While attempting to remove proxy physics for the selection 'codelock', the corresponding bone could not be found in the shape 'dz\gear\camping\mediumtent.p3d'
20:04:28.120  INVENTORY    : StreamLoad entity MediumTent:1575
20:04:28.120   PHYSICS   (W): While attempting to remove proxy physics for the selection 'codelock', the corresponding bone could not be found in the shape 'dz\gear\camping\mediumtent.p3d'
20:04:28.215  PHYSICS   (W): While attempting to remove proxy physics for the selection 'codelock', the corresponding bone could not be found in the shape 'dz\gear\camping\cartent.p3d'
20:04:28.216  INVENTORY    : StreamLoad entity CarTent:1676
20:04:28.216   PHYSICS   (W): While attempting to remove proxy physics for the selection 'codelock', the corresponding bone could not be found in the shape 'dz\gear\camping\cartent.p3d'
20:04:28.336  PHYSICS   (W): While attempting to remove proxy physics for the selection 'codelock', the corresponding bone could not be found in the shape 'dz\gear\camping\largetent.p3d'
20:04:28.338  INVENTORY    : StreamLoad entity LargeTent:1820
20:04:28.339   PHYSICS   (W): While attempting to remove proxy physics for the selection 'codelock', the corresponding bone could not be found in the shape 'dz\gear\camping\largetent.p3d'
20:04:28.940  PHYSICS   (W): While attempting to remove proxy physics for the selection 'codelock', the corresponding bone could not be found in the shape 'dz\gear\camping\largetent.p3d'
20:04:28.941  INVENTORY    : StreamLoad entity LargeTent:2555
20:04:28.941   PHYSICS   (W): While attempting to remove proxy physics for the selection 'codelock', the corresponding bone could not be found in the shape 'dz\gear\camping\largetent.p3d'
20:04:29.16   PHYSICS   (W): While attempting to remove proxy physics for the selection 'codelock', the corresponding bone could not be found in the shape 'dz\gear\camping\mediumtent.p3d'
20:04:29.16   INVENTORY    : StreamLoad entity MediumTent_Orange:2652
20:04:29.16    PHYSICS   (W): While attempting to remove proxy physics for the selection 'codelock', the corresponding bone could not be found in the shape 'dz\gear\camping\mediumtent.p3d'
20:04:29.74   PHYSICS   (W): While attempting to remove proxy physics for the selection 'codelock', the corresponding bone could not be found in the shape 'dz\gear\camping\mediumtent.p3d'
20:04:29.74   INVENTORY    : StreamLoad entity MediumTent:2723
20:04:29.75    PHYSICS   (W): While attempting to remove proxy physics for the selection 'codelock', the corresponding bone could not be found in the shape 'dz\gear\camping\mediumtent.p3d'
20:04:29.281  PHYSICS   (W): While attempting to remove proxy physics for the selection 'codelock', the corresponding bone could not be found in the shape 'dz\gear\camping\largetent.p3d'
20:04:29.283  INVENTORY    : StreamLoad entity LargeTent:2979
20:04:29.283   PHYSICS   (W): While attempting to remove proxy physics for the selection 'codelock', the corresponding bone could not be found in the shape 'dz\gear\camping\largetent.p3d'
20:04:29.333   1816 items loaded. (0 failed)
20:04:29.333 [CE][Storage] ver:26 stamp:803, valid:yes, name:"G:\SteamLibrary\steamapps\common\DayZServer\mpmissions\regular.namalsk\storage_4\data\dynamic_005.bin"
20:04:29.334 [CE][Storage] ver:26 stamp:799, valid:yes, name:"G:\SteamLibrary\steamapps\common\DayZServer\mpmissions\regular.namalsk\storage_4\data\dynamic_005.001"
20:04:29.336 [CE][Storage] ver:26 stamp:802, valid:yes, name:"G:\SteamLibrary\steamapps\common\DayZServer\mpmissions\regular.namalsk\storage_4\data\dynamic_005.002"
20:04:29.336 [CE][Storage] Restoring file "G:\SteamLibrary\steamapps\common\DayZServer\mpmissions\regular.namalsk\storage_4\data\dynamic_005.bin" 628 items.
20:04:29.730  PHYSICS   (W): While attempting to remove proxy physics for the selection 'codelock', the corresponding bone could not be found in the shape 'dz\gear\camping\largetent.p3d'
20:04:29.733  INVENTORY    : StreamLoad entity LargeTent:3485
20:04:29.733   PHYSICS   (W): While attempting to remove proxy physics for the selection 'codelock', the corresponding bone could not be found in the shape 'dz\gear\camping\largetent.p3d'
20:04:29.921   628 items loaded. (0 failed)
20:04:29.922 [CE][Storage] ver:26 stamp:803, valid:yes, name:"G:\SteamLibrary\steamapps\common\DayZServer\mpmissions\regular.namalsk\storage_4\data\dynamic_006.bin"
20:04:29.924 [CE][Storage] ver:26 stamp:799, valid:yes, name:"G:\SteamLibrary\steamapps\common\DayZServer\mpmissions\regular.namalsk\storage_4\data\dynamic_006.001"
20:04:29.925 [CE][Storage] ver:26 stamp:802, valid:yes, name:"G:\SteamLibrary\steamapps\common\DayZServer\mpmissions\regular.namalsk\storage_4\data\dynamic_006.002"
20:04:29.925 [CE][Storage] Restoring file "G:\SteamLibrary\steamapps\common\DayZServer\mpmissions\regular.namalsk\storage_4\data\dynamic_006.bin" 2136 items.
20:04:30.549  PHYSICS   (W): While attempting to remove proxy physics for the selection 'codelock', the corresponding bone could not be found in the shape 'dz\gear\camping\mediumtent.p3d'
20:04:30.550  INVENTORY    : StreamLoad entity MediumTent_Green:4436
20:04:30.550   PHYSICS   (W): While attempting to remove proxy physics for the selection 'codelock', the corresponding bone could not be found in the shape 'dz\gear\camping\mediumtent.p3d'
20:04:30.628  PHYSICS   (W): While attempting to remove proxy physics for the selection 'codelock', the corresponding bone could not be found in the shape 'dz\gear\camping\mediumtent.p3d'
20:04:30.629  INVENTORY    : StreamLoad entity MediumTent:4528
20:04:30.629   PHYSICS   (W): While attempting to remove proxy physics for the selection 'codelock', the corresponding bone could not be found in the shape 'dz\gear\camping\mediumtent.p3d'
20:04:30.663  PHYSICS   (W): While attempting to remove proxy physics for the selection 'codelock', the corresponding bone could not be found in the shape 'dz\gear\camping\mediumtent.p3d'
20:04:30.663  INVENTORY    : StreamLoad entity MediumTent_Green:4573
20:04:30.663   PHYSICS   (W): While attempting to remove proxy physics for the selection 'codelock', the corresponding bone could not be found in the shape 'dz\gear\camping\mediumtent.p3d'
20:04:30.771  PHYSICS   (W): While attempting to remove proxy physics for the selection 'codelock', the corresponding bone could not be found in the shape 'dz\gear\camping\mediumtent.p3d'
20:04:30.772  INVENTORY    : StreamLoad entity MediumTent_Orange:4718
20:04:30.772   PHYSICS   (W): While attempting to remove proxy physics for the selection 'codelock', the corresponding bone could not be found in the shape 'dz\gear\camping\mediumtent.p3d'
20:04:31.44   PHYSICS   (W): While attempting to remove proxy physics for the selection 'codelock', the corresponding bone could not be found in the shape 'dz\gear\camping\mediumtent.p3d'
20:04:31.45   INVENTORY    : StreamLoad entity MediumTent_Green:5058
20:04:31.45    PHYSICS   (W): While attempting to remove proxy physics for the selection 'codelock', the corresponding bone could not be found in the shape 'dz\gear\camping\mediumtent.p3d'
20:04:31.112  PHYSICS   (W): While attempting to remove proxy physics for the selection 'codelock', the corresponding bone could not be found in the shape 'dz\gear\camping\mediumtent.p3d'
20:04:31.112  INVENTORY    : StreamLoad entity MediumTent:5132
20:04:31.112   PHYSICS   (W): While attempting to remove proxy physics for the selection 'codelock', the corresponding bone could not be found in the shape 'dz\gear\camping\mediumtent.p3d'
20:04:31.249  PHYSICS   (W): While attempting to remove proxy physics for the selection 'codelock', the corresponding bone could not be found in the shape 'dz\gear\camping\mediumtent.p3d'
20:04:31.249  INVENTORY    : StreamLoad entity MediumTent_Green:5297
20:04:31.249   PHYSICS   (W): While attempting to remove proxy physics for the selection 'codelock', the corresponding bone could not be found in the shape 'dz\gear\camping\mediumtent.p3d'
20:04:31.370  PHYSICS   (W): While attempting to remove proxy physics for the selection 'codelock', the corresponding bone could not be found in the shape 'dz\gear\camping\mediumtent.p3d'
20:04:31.370  INVENTORY    : StreamLoad entity MediumTent_Orange:5455
20:04:31.370   PHYSICS   (W): While attempting to remove proxy physics for the selection 'codelock', the corresponding bone could not be found in the shape 'dz\gear\camping\mediumtent.p3d'
20:04:31.444  PHYSICS   (W): While attempting to remove proxy physics for the selection 'codelock', the corresponding bone could not be found in the shape 'dz\gear\camping\mediumtent.p3d'
20:04:31.445  INVENTORY    : StreamLoad entity MediumTent_Green:5552
20:04:31.445   PHYSICS   (W): While attempting to remove proxy physics for the selection 'codelock', the corresponding bone could not be found in the shape 'dz\gear\camping\mediumtent.p3d'
20:04:31.710  PHYSICS   (W): While attempting to remove proxy physics for the selection 'codelock', the corresponding bone could not be found in the shape 'dz\gear\camping\cartent.p3d'
20:04:31.710  INVENTORY    : StreamLoad entity CarTent:5888
20:04:31.710   PHYSICS   (W): While attempting to remove proxy physics for the selection 'codelock', the corresponding bone could not be found in the shape 'dz\gear\camping\cartent.p3d'
20:04:31.750  PHYSICS   (W): While attempting to remove proxy physics for the selection 'codelock', the corresponding bone could not be found in the shape 'dz\gear\camping\cartent.p3d'
20:04:31.751  INVENTORY    : StreamLoad entity CarTent:5931
20:04:31.751   PHYSICS   (W): While attempting to remove proxy physics for the selection 'codelock', the corresponding bone could not be found in the shape 'dz\gear\camping\cartent.p3d'
20:04:31.792   2136 items loaded. (0 failed)
20:04:31.793 [CE][Storage] ver:26 stamp:803, valid:yes, name:"G:\SteamLibrary\steamapps\common\DayZServer\mpmissions\regular.namalsk\storage_4\data\dynamic_007.bin"
20:04:31.795 [CE][Storage] ver:26 stamp:799, valid:yes, name:"G:\SteamLibrary\steamapps\common\DayZServer\mpmissions\regular.namalsk\storage_4\data\dynamic_007.001"
20:04:31.796 [CE][Storage] ver:26 stamp:802, valid:yes, name:"G:\SteamLibrary\steamapps\common\DayZServer\mpmissions\regular.namalsk\storage_4\data\dynamic_007.002"
20:04:31.797 [CE][Storage] Restoring file "G:\SteamLibrary\steamapps\common\DayZServer\mpmissions\regular.namalsk\storage_4\data\dynamic_007.bin" 644 items.
20:04:32.30   PHYSICS   (W): While attempting to remove proxy physics for the selection 'codelock', the corresponding bone could not be found in the shape 'dz\gear\camping\mediumtent.p3d'
20:04:32.30   INVENTORY    : StreamLoad entity MediumTent_Orange:6259
20:04:32.30    PHYSICS   (W): While attempting to remove proxy physics for the selection 'codelock', the corresponding bone could not be found in the shape 'dz\gear\camping\mediumtent.p3d'
20:04:32.304  PHYSICS   (W): While attempting to remove proxy physics for the selection 'codelock', the corresponding bone could not be found in the shape 'dz\gear\camping\mediumtent.p3d'
20:04:32.305  INVENTORY    : StreamLoad entity MediumTent:6606
20:04:32.305   PHYSICS   (W): While attempting to remove proxy physics for the selection 'codelock', the corresponding bone could not be found in the shape 'dz\gear\camping\mediumtent.p3d'
20:04:32.353   644 items loaded. (0 failed)
20:04:32.354 [CE][Storage] ver:26 stamp:803, valid:yes, name:"G:\SteamLibrary\steamapps\common\DayZServer\mpmissions\regular.namalsk\storage_4\data\dynamic_008.bin"
20:04:32.361 [CE][Storage] ver:26 stamp:799, valid:yes, name:"G:\SteamLibrary\steamapps\common\DayZServer\mpmissions\regular.namalsk\storage_4\data\dynamic_008.001"
20:04:32.361 [CE][Storage] ver:26 stamp:802, valid:yes, name:"G:\SteamLibrary\steamapps\common\DayZServer\mpmissions\regular.namalsk\storage_4\data\dynamic_008.002"
20:04:32.362 [CE][Storage] Restoring file "G:\SteamLibrary\steamapps\common\DayZServer\mpmissions\regular.namalsk\storage_4\data\dynamic_008.bin" 136 items.
20:04:32.506   136 items loaded. (0 failed)
20:04:32.508 [CE][Storage] ver:26 stamp:803, valid:yes, name:"G:\SteamLibrary\steamapps\common\DayZServer\mpmissions\regular.namalsk\storage_4\data\dynamic_009.bin"
20:04:32.510 [CE][Storage] ver:26 stamp:799, valid:yes, name:"G:\SteamLibrary\steamapps\common\DayZServer\mpmissions\regular.namalsk\storage_4\data\dynamic_009.001"
20:04:32.510 [CE][Storage] ver:26 stamp:802, valid:yes, name:"G:\SteamLibrary\steamapps\common\DayZServer\mpmissions\regular.namalsk\storage_4\data\dynamic_009.002"
20:04:32.510 [CE][Storage] Restoring file "G:\SteamLibrary\steamapps\common\DayZServer\mpmissions\regular.namalsk\storage_4\data\dynamic_009.bin" 2 items.
20:04:32.513   2 items loaded. (0 failed)
20:04:32.514 [CE][Storage] ver:26 stamp:803, valid:yes, name:"G:\SteamLibrary\steamapps\common\DayZServer\mpmissions\regular.namalsk\storage_4\data\dynamic_010.bin"
20:04:32.516 [CE][Storage] ver:26 stamp:799, valid:yes, name:"G:\SteamLibrary\steamapps\common\DayZServer\mpmissions\regular.namalsk\storage_4\data\dynamic_010.001"
20:04:32.516 [CE][Storage] ver:26 stamp:802, valid:yes, name:"G:\SteamLibrary\steamapps\common\DayZServer\mpmissions\regular.namalsk\storage_4\data\dynamic_010.002"
20:04:32.516 [CE][Storage] Restoring file "G:\SteamLibrary\steamapps\common\DayZServer\mpmissions\regular.namalsk\storage_4\data\dynamic_010.bin" 45 items.
20:04:32.590   45 items loaded. (0 failed)
20:04:32.591 [CE][Storage] ver:26 stamp:803, valid:yes, name:"G:\SteamLibrary\steamapps\common\DayZServer\mpmissions\regular.namalsk\storage_4\data\dynamic_011.bin"
20:04:32.591 [CE][Storage] ver:26 stamp:799, valid:yes, name:"G:\SteamLibrary\steamapps\common\DayZServer\mpmissions\regular.namalsk\storage_4\data\dynamic_011.001"
20:04:32.592 [CE][Storage] ver:26 stamp:802, valid:yes, name:"G:\SteamLibrary\steamapps\common\DayZServer\mpmissions\regular.namalsk\storage_4\data\dynamic_011.002"
20:04:32.592 [CE][Storage] Restoring file "G:\SteamLibrary\steamapps\common\DayZServer\mpmissions\regular.namalsk\storage_4\data\dynamic_011.bin" 30 items.
20:04:32.598  PHYSICS   (W): While attempting to remove proxy physics for the selection 'codelock', the corresponding bone could not be found in the shape 'dz\gear\camping\largetent.p3d'
20:04:32.599  INVENTORY    : StreamLoad entity LargeTent:6875
20:04:32.599   PHYSICS   (W): While attempting to remove proxy physics for the selection 'codelock', the corresponding bone could not be found in the shape 'dz\gear\camping\largetent.p3d'
20:04:32.633   30 items loaded. (0 failed)
20:04:32.634 [CE][Storage] ver:26 stamp:803, valid:yes, name:"G:\SteamLibrary\steamapps\common\DayZServer\mpmissions\regular.namalsk\storage_4\data\building.bin"
20:04:32.634 [CE][Storage] ver:26 stamp:799, valid:yes, name:"G:\SteamLibrary\steamapps\common\DayZServer\mpmissions\regular.namalsk\storage_4\data\building.001"
20:04:32.635 [CE][Storage] ver:26 stamp:802, valid:yes, name:"G:\SteamLibrary\steamapps\common\DayZServer\mpmissions\regular.namalsk\storage_4\data\building.002"
20:04:32.635 [CE][Storage] Restoring file "G:\SteamLibrary\steamapps\common\DayZServer\mpmissions\regular.namalsk\storage_4\data\building.bin" 0 items.
20:04:32.635   0 items loaded. (0 failed)
20:04:32.636 [CE][Storage] ver:26 stamp:803, valid:yes, name:"G:\SteamLibrary\steamapps\common\DayZServer\mpmissions\regular.namalsk\storage_4\data\vehicles.bin"
20:04:32.636 [CE][Storage] ver:26 stamp:799, valid:yes, name:"G:\SteamLibrary\steamapps\common\DayZServer\mpmissions\regular.namalsk\storage_4\data\vehicles.001"
20:04:32.636 [CE][Storage] ver:26 stamp:802, valid:yes, name:"G:\SteamLibrary\steamapps\common\DayZServer\mpmissions\regular.namalsk\storage_4\data\vehicles.002"
20:04:32.636 [CE][Storage] Restoring file "G:\SteamLibrary\steamapps\common\DayZServer\mpmissions\regular.namalsk\storage_4\data\vehicles.bin" 61 items.
20:04:32.713  ENTITY       : Load entity type 'Land_Boathouse'
20:04:32.713   ENTITY    (W): Door 'DoorsTwin1' is missing geometry components for selection 'DoorsTwin1', check model+config
20:04:32.766  ENTITY    (W): Unknown object class 'pond' (dz\water_sakhal\ice_lake\sakhal_50x50_ice_lake_clear.p3d)
20:04:32.856  WORLD        : Create entity type 'BaseRadio'
20:04:32.856   ENTITY    (E): Type 'Inventory_BaseType' must be inherited from class 'ItemTransmitterType'
20:04:32.877   61 items loaded. (0 failed)
20:04:32.889 [CE][Hive] :: Storage load took:6.59 seconds, recovery stamp:803
20:04:32.889   entity: 7074, building: 0
20:04:32.889   no lifetime: 20
20:04:32.889   pathgraph's: 139
20:04:32.889 [CE][Hive] :: Initializing ... 
20:04:32.912 [CE][InitializeMap] :: initialized: 0
20:04:32.912 [CE][Hive] :: Initializing spawners ... 
20:04:32.913 [CE][LootRespawner] (PRIDummy) :: Initially (re)spawned:0, Nominal:6884, Total in Map: 6481 at 0 (sec)
20:04:32.913   tests:0, repeats:0 fails:0, overtime:0
20:04:32.915  WORLD        : Create entity type 'ZmbM_usSoldier_normal_Woodland'
20:04:32.915   MATERIAL  (E): Object dz/characters/zombies/z_hermit_m.xob - cannot load material Material_1.emat
20:04:33.287  WORLD        : Create entity type 'Animal_CapraHircusF'
20:04:33.288   ENTITY    (E): Type 'ManType' must be inherited from class 'DayZAnimalType'
20:04:33.296  WORLD        : Create entity type 'Animal_OvisAries'
20:04:33.296   ENTITY    (E): Type 'ManType' must be inherited from class 'DayZAnimalType'
20:04:33.299  WORLD        : Create entity type 'Animal_RangiferTarandus'
20:04:33.299   ENTITY    (E): Type 'ManType' must be inherited from class 'DayZAnimalType'
20:04:33.302  WORLD        : Create entity type 'Animal_RangiferTarandusF'
20:04:33.302   ENTITY    (E): Type 'ManType' must be inherited from class 'DayZAnimalType'
20:04:33.304  WORLD        : Create entity type 'Animal_SusScrofa'
20:04:33.305   ENTITY    (E): Type 'ManType' must be inherited from class 'DayZAnimalType'
20:04:33.309  WORLD        : Create entity type 'Animal_CanisLupus_Grey'
20:04:33.309   ENTITY    (E): Type 'ManType' must be inherited from class 'DayZAnimalType'
20:04:33.316  WORLD        : Create entity type 'Animal_CanisLupus_White'
20:04:33.316   ENTITY    (E): Type 'ManType' must be inherited from class 'DayZAnimalType'
20:04:33.320  WORLD        : Create entity type 'Animal_UrsusArctos'
20:04:33.320   ENTITY    (E): Type 'ManType' must be inherited from class 'DayZAnimalType'
20:04:33.329  WORLD        : Create entity type 'Animal_UrsusMaritimus'
20:04:33.329   ENTITY    (E): Type 'ManType' must be inherited from class 'DayZAnimalType'
20:04:33.332 [CE][DynEvent] :: 23 types
20:04:33.332 [00] Loot
20:04:33.332   Primary Spawner: "Loot", active: yes, repeat: 2
20:04:33.332 [01] StaticMedDrop
20:04:33.332   Primary Spawner: "Static", active: yes, repeat: 1
20:04:33.332 [02] StaticLifeboat
20:04:33.332   Primary Spawner: "Static", active: yes, repeat: 1
20:04:33.333 [03] ItemWoodenPlanks
20:04:33.333   Primary Spawner: "Item", active: yes, repeat: 1
20:04:33.334 [04] TrajectoryStones
20:04:33.335   Primary Spawner: "Trajectory", active: yes, repeat: 1
20:04:33.335 [05] InfectedSanta
20:04:33.335   Primary Spawner: "Infected", active: yes, repeat: 1
20:04:33.336 [06] InfectedArmy
20:04:33.336   Primary Spawner: "Infected", active: yes, repeat: 1
20:04:33.336 [07] InfectedIndustrial
20:04:33.336   Primary Spawner: "Infected", active: yes, repeat: 1
20:04:33.336 [08] InfectedCivil
20:04:33.336   Primary Spawner: "Infected", active: yes, repeat: 1
20:04:33.337 [09] InfectedMedic
20:04:33.337   Primary Spawner: "Infected", active: yes, repeat: 1
20:04:33.338 [10] AnimalGoat
20:04:33.338   Primary Spawner: "Animal", active: yes, repeat: 1
20:04:33.338 [11] AnimalSheep
20:04:33.338   Primary Spawner: "Animal", active: yes, repeat: 1
20:04:33.338 [12] AnimalReindeer
20:04:33.339   Primary Spawner: "Animal", active: yes, repeat: 1
20:04:33.339 [13] AnimalWildBoar
20:04:33.339   Primary Spawner: "Animal", active: yes, repeat: 1
20:04:33.339 [14] AnimalWolf
20:04:33.339   Primary Spawner: "Animal", active: yes, repeat: 1
20:04:33.339 [15] AnimalBrownBear
20:04:33.339   Primary Spawner: "Animal", active: yes, repeat: 1
20:04:33.339 [16] AnimalPolarBear
20:04:33.339   Primary Spawner: "Animal", active: yes, repeat: 1
20:04:33.339 [17] AmbientFox
20:04:33.339   Primary Spawner: "Ambient", active: yes, repeat: 1
20:04:33.339 [18] AmbientHare
20:04:33.339   Primary Spawner: "Ambient", active: yes, repeat: 1
20:04:33.339 [19] VehicleRubberBoats
20:04:33.339   Primary Spawner: "Vehicle", active: yes, repeat: 1
20:04:33.339 [20] VehicleCivilianCars
20:04:33.339   Primary Spawner: "Vehicle", active: yes, repeat: 1
20:04:33.339 [21] VehicleTrucks
20:04:33.339   Primary Spawner: "Vehicle", active: yes, repeat: 1
20:04:33.340 [22] VehicleMilitary
20:04:33.341   Primary Spawner: "Vehicle", active: yes, repeat: 1
20:04:33.342 [CE][Hive] :: Initializing of spawners done.
20:04:33.345 [CE][Hive] :: Init sequence finished.
20:04:33.345 Player connect enabled
20:04:33.417 ENTITY    (W): Unknown object class 'pond' (nst\ns\water\lakewater.p3d)
20:04:33.426 ENTITY    (W): Unknown object class 'pond' (nst\ns\water\lakewater.p3d)
20:04:33.426 ENTITY    (W): Unknown object class 'pond' (nst\ns\water\lakewater.p3d)
20:04:33.426 ENTITY    (W): Unknown object class 'pond' (nst\ns\water\lakewater.p3d)
20:04:33.426 ENTITY    (W): Unknown object class 'pond' (nst\ns\water\lakewater.p3d)
20:04:33.426 ENTITY    (W): Unknown object class 'pond' (nst\ns\water\lakewater.p3d)
20:04:33.426 ENTITY    (W): Unknown object class 'pond' (nst\ns\water\lakewater.p3d)
20:04:33.426 ENTITY    (W): Unknown object class 'pond' (nst\ns\water\lakewater.p3d)
20:04:33.426 ENTITY    (W): Unknown object class 'pond' (nst\ns\water\lakewater.p3d)
20:04:33.427 ENTITY    (W): Unknown object class 'pond' (nst\ns\water\lakewater.p3d)
20:04:33.427 ENTITY    (W): Unknown object class 'pond' (nst\ns\water\lakewater.p3d)
20:04:33.428 ENTITY    (W): Unknown object class 'pond' (nst\ns\water\lakewater.p3d)
20:04:33.428 ENTITY    (W): Unknown object class 'pond' (nst\ns\water\lakewater.p3d)
20:04:33.429 ENTITY    (W): Unknown object class 'pond' (dz\water_sakhal\ice_lake\sakhal_50x50_ice_lake_clear.p3d)
20:04:33.443 ENTITY    (W): Unknown object class 'pond' (nst\ns\water\lakewater.p3d)
20:04:33.443 ENTITY    (W): Unknown object class 'pond' (nst\ns\water\lakewater.p3d)
20:04:33.443 ENTITY    (W): Unknown object class 'pond' (nst\ns\water\lakewater.p3d)
20:04:33.909 [IdleMode] Entering IN - save processed
20:04:34.106 ENTITY    (W): Unknown object class 'pond' (nst\ns\water\lakewater.p3d)
20:04:34.106 ENTITY    (W): Unknown object class 'pond' (nst\ns\water\lakewater.p3d)
20:04:34.106 ENTITY    (W): Unknown object class 'pond' (nst\ns\water\lakewater.p3d)
20:04:34.106 ENTITY    (W): Unknown object class 'pond' (nst\ns\water\lakewater.p3d)
20:04:34.106 ENTITY    (W): Unknown object class 'pond' (nst\ns\water\lakewater.p3d)
20:04:34.108 ENTITY    (W): Unknown object class 'pond' (nst\ns\water\lakewater.p3d)
20:04:34.108 ENTITY    (W): Unknown object class 'pond' (nst\ns\water\lakewater.p3d)
20:04:34.108 ENTITY    (W): Unknown object class 'pond' (nst\ns\water\lakewater.p3d)
20:04:34.128 ENTITY    (W): Unknown object class 'pond' (nst\ns\water\lakewater.p3d)
20:04:34.128 ENTITY    (W): Unknown object class 'pond' (nst\ns\water\lakewater.p3d)
20:04:34.128 ENTITY    (W): Unknown object class 'pond' (nst\ns\water\lakewater.p3d)
20:04:34.128 ENTITY    (W): Unknown object class 'pond' (nst\ns\water\lakewater.p3d)
20:04:34.129 ENTITY    (W): Unknown object class 'pond' (nst\ns\water\lakewater.p3d)
20:04:34.129 ENTITY    (W): Unknown object class 'pond' (nst\ns\water\lakewater.p3d)
20:04:34.130 ENTITY    (W): Unknown object class 'pond' (nst\ns\water\lakewater.p3d)
20:04:34.131 ENTITY    (W): Unknown object class 'pond' (nst\ns\water\lakewater.p3d)
20:04:34.131 ENTITY    (W): Unknown object class 'pond' (dz\water_sakhal\ice_lake\sakhal_50x50_ice_lake_clear.p3d)
20:04:34.153 ENTITY    (W): Unknown object class 'pond' (nst\ns\water\lakewater.p3d)
20:04:34.182 ENTITY    (W): Unknown object class 'pond' (nst\ns\water\lakewater.p3d)
20:04:34.182 ENTITY    (W): Unknown object class 'pond' (nst\ns\water\lakewater.p3d)
20:04:34.183 ENTITY    (W): Unknown object class 'pond' (nst\ns\water\lakewater.p3d)
20:04:34.256 ENTITY    (W): Unknown object class 'pond' (dz\water_sakhal\ice_lake\sakhal_50x50_ice_lake_clear.p3d)
20:04:34.278 ENTITY    (W): Unknown object class 'pond' (dz\water_sakhal\ice_lake\sakhal_50x50_ice_lake_clear.p3d)
20:04:34.280 ENTITY    (W): Unknown object class 'pond' (dz\water_sakhal\ice_lake\sakhal_50x50_ice_lake_clear.p3d)
20:04:34.286 ENTITY       : Load entity type 'land_seb_near_fac7'
20:04:34.286  ENTITY    (W): Door 'doorstwin1' is missing geometry components for selection 'doorstwin1', check model+config
20:04:34.354 ENTITY       : Load entity type 'Land_Rail_Warehouse_Small'
20:04:34.354  ENTITY    (W): Door 'DoorsTwin1' is missing geometry components for selection 'DoorsTwin1', check model+config
20:04:34.354  ENTITY    (W): Door 'DoorsTwin2' is missing geometry components for selection 'DoorsTwin2', check model+config
20:04:34.410 ENTITY    (W): Unknown object class 'pond' (dz\water_sakhal\ice_lake\sakhal_50x50_ice_lake_clear.p3d)
20:04:34.531 ENTITY       : Load entity type 'Land_City_School'
20:04:34.531  ENTITY    (W): Door 'DoorsTwin1' is missing geometry components for selection 'DoorsTwin1', check model+config
20:04:34.531  ENTITY    (W): Door 'DoorsTwin3' is missing geometry components for selection 'DoorsTwin3', check model+config
20:04:34.531  ENTITY    (W): Door 'DoorsTwin4' is missing geometry components for selection 'DoorsTwin4', check model+config
20:04:34.531  ENTITY    (W): Door 'DoorsTwin5' is missing geometry components for selection 'DoorsTwin5', check model+config
20:04:34.531  ENTITY    (W): Door 'DoorsTwin6' is missing geometry components for selection 'DoorsTwin6', check model+config
20:04:34.531  ENTITY    (W): Door 'DoorsTwin7' is missing geometry components for selection 'DoorsTwin7', check model+config
20:04:34.535  ENTITY    (W): Unknown object class 'thing' (dz\structures\proxy_buildingparts\lightningcond\lightningconductormiddle\lightningconductormiddle.p3d)
20:04:34.535  ENTITY    (W): Unknown object class 'thing' (dz\structures\proxy_buildingparts\lightningcond\lightningconductormiddle\lightningconductormiddle.p3d)
20:04:34.535  ENTITY    (W): Unknown object class 'thing' (dz\structures\proxy_buildingparts\lightningcond\lightningconductormiddle\lightningconductormiddle.p3d)
20:04:34.535  ENTITY    (W): Unknown object class 'thing' (dz\structures\proxy_buildingparts\lightningcond\lightningconductormiddle\lightningconductormiddle.p3d)
20:04:34.535  ENTITY    (W): Unknown object class 'thing' (dz\structures\proxy_buildingparts\lightningcond\lightningconductormiddle\lightningconductormiddle.p3d)
20:04:34.535  ENTITY    (W): Unknown object class 'thing' (dz\structures\proxy_buildingparts\lightningcond\lightningconductormiddle\lightningconductormiddle.p3d)
20:04:34.535  ENTITY    (W): Unknown object class 'thing' (dz\structures\proxy_buildingparts\lightningcond\lightningconductormiddle\lightningconductormiddle.p3d)
20:04:34.535  ENTITY    (W): Unknown object class 'thing' (dz\structures\proxy_buildingparts\lightningcond\lightningconductormiddle\lightningconductormiddle.p3d)
20:04:34.536  ENTITY    (W): Unknown object class 'thing' (dz\structures\proxy_buildingparts\lightningcond\lightningconductormiddle\lightningconductormiddle.p3d)
20:04:34.536  ENTITY    (W): Unknown object class 'thing' (dz\structures\proxy_buildingparts\lightningcond\lightningconductormiddle\lightningconductormiddle.p3d)
20:04:34.536  ENTITY    (W): Unknown object class 'thing' (dz\structures\proxy_buildingparts\lightningcond\lightningconductormiddle\lightningconductormiddle.p3d)
20:04:34.536  ENTITY    (W): Unknown object class 'thing' (dz\structures\proxy_buildingparts\lightningcond\lightningconductormiddle\lightningconductormiddle.p3d)
20:04:34.536  ENTITY    (W): Unknown object class 'thing' (dz\structures\proxy_buildingparts\lightningcond\lightningconductormiddle\lightningconductormiddle.p3d)
20:04:34.536  ENTITY    (W): Unknown object class 'thing' (dz\structures\proxy_buildingparts\lightningcond\lightningconductormiddle\lightningconductormiddle.p3d)
20:04:34.536  ENTITY    (W): Unknown object class 'thing' (dz\structures\proxy_buildingparts\lightningcond\lightningconductormiddle\lightningconductormiddle.p3d)
20:04:34.536  ENTITY    (W): Unknown object class 'thing' (dz\structures\proxy_buildingparts\lightningcond\lightningconductormiddle\lightningconductormiddle.p3d)
20:04:34.536  ENTITY    (W): Unknown object class 'thing' (dz\structures\proxy_buildingparts\lightningcond\lightningconductormiddle\lightningconductormiddle.p3d)
20:04:34.536  ENTITY    (W): Unknown object class 'thing' (dz\structures\proxy_buildingparts\lightningcond\lightningconductormiddle\lightningconductormiddle.p3d)
20:04:34.536  ENTITY    (W): Unknown object class 'thing' (dz\structures\proxy_buildingparts\lightningcond\lightningconductormiddle\lightningconductormiddle.p3d)
20:04:34.536  ENTITY    (W): Unknown object class 'thing' (dz\structures\proxy_buildingparts\lightningcond\lightningconductormiddle\lightningconductormiddle.p3d)
20:04:34.536  ENTITY    (W): Unknown object class 'thing' (dz\structures\proxy_buildingparts\lightningcond\lightningconductormiddle\lightningconductormiddle.p3d)
20:04:34.536  ENTITY    (W): Unknown object class 'thing' (dz\structures\proxy_buildingparts\lightningcond\lightningconductormiddle\lightningconductormiddle.p3d)
20:04:34.536  ENTITY    (W): Unknown object class 'thing' (dz\structures\proxy_buildingparts\lightningcond\lightningconductormiddle\lightningconductormiddle.p3d)
20:04:34.536  ENTITY    (W): Unknown object class 'thing' (dz\structures\proxy_buildingparts\lightningcond\lightningconductormiddle\lightningconductormiddle.p3d)
20:04:34.536  ENTITY    (W): Unknown object class 'thing' (dz\structures\proxy_buildingparts\lightningcond\lightningconductormiddle\lightningconductormiddle.p3d)
20:04:34.536  ENTITY    (W): Unknown object class 'thing' (dz\structures\proxy_buildingparts\lightningcond\lightningconductormiddle\lightningconductormiddle.p3d)
20:04:34.536  ENTITY    (W): Unknown object class 'thing' (dz\structures\proxy_buildingparts\lightningcond\lightningconductormiddle\lightningconductormiddle.p3d)
20:04:34.536  ENTITY    (W): Unknown object class 'thing' (dz\structures\proxy_buildingparts\lightningcond\lightningconductormiddle\lightningconductormiddle.p3d)
20:04:34.536  ENTITY    (W): Unknown object class 'thing' (dz\structures\proxy_buildingparts\lightningcond\lightningconductormiddle\lightningconductormiddle.p3d)
20:04:34.536  ENTITY    (W): Unknown object class 'thing' (dz\structures\proxy_buildingparts\lightningcond\lightningconductormiddle\lightningconductormiddle.p3d)
20:04:34.536  ENTITY    (W): Unknown object class 'thing' (dz\structures\proxy_buildingparts\lightningcond\lightningconductormiddle\lightningconductormiddle.p3d)
20:04:34.536  ENTITY    (W): Unknown object class 'thing' (dz\structures\proxy_buildingparts\lightningcond\lightningconductormiddle\lightningconductormiddle.p3d)
20:04:34.536  ENTITY    (W): Unknown object class 'thing' (dz\structures\proxy_buildingparts\lightningcond\lightningconductormiddle\lightningconductormiddle.p3d)
20:04:34.536  ENTITY    (W): Unknown object class 'thing' (dz\structures\proxy_buildingparts\lightningcond\lightningconductormiddle\lightningconductormiddle.p3d)
20:04:34.536  ENTITY    (W): Unknown object class 'thing' (dz\structures\proxy_buildingparts\lightningcond\lightningconductormiddle\lightningconductormiddle.p3d)
20:04:34.536  ENTITY    (W): Unknown object class 'thing' (dz\structures\proxy_buildingparts\lightningcond\lightningconductormiddle\lightningconductormiddle.p3d)
20:04:34.536  ENTITY    (W): Unknown object class 'thing' (dz\structures\proxy_buildingparts\lightningcond\lightningconductormiddle\lightningconductormiddle.p3d)
20:04:34.536  ENTITY    (W): Unknown object class 'thing' (dz\structures\proxy_buildingparts\lightningcond\lightningconductormiddle\lightningconductormiddle.p3d)
20:04:34.536  ENTITY    (W): Unknown object class 'thing' (dz\structures\proxy_buildingparts\lightningcond\lightningconductormiddle\lightningconductormiddle.p3d)
20:04:34.536  ENTITY    (W): Unknown object class 'thing' (dz\structures\proxy_buildingparts\lightningcond\lightningconductormiddle\lightningconductormiddle.p3d)
20:04:34.536  ENTITY    (W): Unknown object class 'thing' (dz\structures\proxy_buildingparts\lightningcond\lightningconductormiddle\lightningconductormiddle.p3d)
20:04:34.536  ENTITY    (W): Unknown object class 'thing' (dz\structures\proxy_buildingparts\lightningcond\lightningconductormiddle\lightningconductormiddle.p3d)
20:04:34.536  ENTITY    (W): Unknown object class 'thing' (dz\structures\proxy_buildingparts\lightningcond\lightningconductormiddle\lightningconductormiddle.p3d)
20:04:34.536  ENTITY    (W): Unknown object class 'thing' (dz\structures\proxy_buildingparts\lightningcond\lightningconductormiddle\lightningconductormiddle.p3d)
20:04:34.536  ENTITY    (W): Unknown object class 'thing' (dz\structures\proxy_buildingparts\lightningcond\lightningconductormiddle\lightningconductormiddle.p3d)
20:04:34.536  ENTITY    (W): Unknown object class 'thing' (dz\structures\proxy_buildingparts\lightningcond\lightningconductormiddle\lightningconductormiddle.p3d)
20:04:34.536  ENTITY    (W): Unknown object class 'thing' (dz\structures\proxy_buildingparts\lightningcond\lightningconductormiddle\lightningconductormiddle.p3d)
20:04:34.536  ENTITY    (W): Unknown object class 'thing' (dz\structures\proxy_buildingparts\lightningcond\lightningconductormiddle\lightningconductormiddle.p3d)
20:04:34.536  ENTITY    (W): Unknown object class 'thing' (dz\structures\proxy_buildingparts\lightningcond\lightningconductormiddle\lightningconductormiddle.p3d)
20:04:34.536  ENTITY    (W): Unknown object class 'thing' (dz\structures\proxy_buildingparts\lightningcond\lightningconductormiddle\lightningconductormiddle.p3d)
20:04:34.536  ENTITY    (W): Unknown object class 'thing' (dz\structures\proxy_buildingparts\lightningcond\lightningconductormiddle\lightningconductormiddle.p3d)
20:04:34.630 ENTITY       : Load entity type 'Land_Ruin_HouseBig1_NoIvy_Half'
20:04:34.630  ENTITY    (W): Door 'DoorsTwin1' is missing geometry components for selection 'DoorsTwin1', check model+config
20:04:34.724 ENTITY       : Load entity type 'Land_Ruin_HouseBig2_NoIvy'
20:04:34.724  ENTITY    (W): Door 'DoorsTwin1' is missing geometry components for selection 'DoorsTwin1', check model+config
20:04:34.724  ENTITY    (W): Door 'DoorsTwin2' is missing geometry components for selection 'DoorsTwin2', check model+config
20:04:34.746 ENTITY       : Load entity type 'Land_Ruin_HouseBig3_NoIvy'
20:04:34.746  ENTITY    (W): Door 'DoorsTwin1' is missing geometry components for selection 'DoorsTwin1', check model+config
20:04:34.750 ENTITY       : Load entity type 'Land_Ruin_HouseBig1_NoIvy'
20:04:34.750  ENTITY    (W): Door 'DoorsTwin1' is missing geometry components for selection 'DoorsTwin1', check model+config
20:04:34.808 ENTITY       : Load entity type 'Land_Ruin_HouseBig3_NoIvy_Half'
20:04:34.808  ENTITY    (W): Door 'DoorsTwin1' is missing geometry components for selection 'DoorsTwin1', check model+config
20:04:37.313 [Login]: Adding player Survivor (166257717) to login queue at position 0
20:04:37.313 [LoginMachine]: Add player Survivor (166257717 192.168.0.103:49666)
20:04:37.313 [StateMachine]: Player Survivor (dpnid 166257717 uid ) Entering AuthPlayerLoginState
20:04:37.360 [StateMachine]: Player Survivor (dpnid 166257717 uid ) Entering WaitAuthPlayerLoginState
20:04:38.220 ENTITY    (W): Unknown object class 'pond' (nst\ns\water\lakewater_still.p3d)
20:04:38.228 ENTITY    (W): Unknown object class 'pond' (nst\ns\water\lakewater_still.p3d)
20:04:40.156 Игрок Survivor соединяется.
20:04:40.215 [StateMachine]: Player Survivor (dpnid 166257717 uid ) Entering WaitPlayerAssignedLoginState
20:04:40.348 [StateMachine]: Player Survivor (dpnid 166257717 uid ) Entering PlayerAssignedLoginState
20:04:40.348 [StateMachine]: Player Survivor (dpnid 166257717 uid x_MJ2w6DZznhQeYHMWeX7_S9NuAxgYSiQqpLVIMNfrA=) Entering DBGetLoginTimeLoginState
20:04:40.351 [StateMachine]: Player Survivor (dpnid 166257717 uid x_MJ2w6DZznhQeYHMWeX7_S9NuAxgYSiQqpLVIMNfrA=) Entering DBWaitLoginTimeLoginState
20:04:40.433 [IdleMode] Leaving OUT
20:04:48.854 ENTITY    (W): Unknown object class 'pond' (dz\water_sakhal\ice_lake\sakhal_50x50_ice_lake_clear.p3d)
20:04:55.351 [StateMachine]: Player Survivor (dpnid 166257717 uid x_MJ2w6DZznhQeYHMWeX7_S9NuAxgYSiQqpLVIMNfrA=) Entering DBGetCharacterLoginState
20:04:55.352 [StateMachine]: Player Survivor (dpnid 166257717 uid x_MJ2w6DZznhQeYHMWeX7_S9NuAxgYSiQqpLVIMNfrA=) Entering CreateNetObjectsLoginState
20:04:55.355 [StateMachine]: Player Survivor (dpnid 166257717 uid x_MJ2w6DZznhQeYHMWeX7_S9NuAxgYSiQqpLVIMNfrA=) Entering PreloadCamLoginState
20:04:55.355 [StateMachine]: Player Survivor (dpnid 166257717 uid x_MJ2w6DZznhQeYHMWeX7_S9NuAxgYSiQqpLVIMNfrA=) Entering WaitPreloadCamLoginState
20:04:59.456 ENTITY    (W): Unknown object class 'pond' (dz\water_sakhal\ice_lake\sakhal_50x50_ice_lake_clear.p3d)
20:04:59.456 ENTITY    (W): Unknown object class 'pond' (dz\water_sakhal\ice_lake\sakhal_50x50_ice_lake_clear.p3d)
20:05:01.296 ENTITY    (W): Unknown object class 'pond' (dz\water_sakhal\ice_lake\sakhal_50x50_ice_lake_clear.p3d)
20:05:02.746 [CE][LootRespawner] (PRIDummy) :: Item [0] causing search overtime: "FarmingHoe"
20:05:03.55  ENTITY       : Load entity type 'Land_Garage_Row_Big'
20:05:03.55   ENTITY    (W): Door 'DoorsTwin1' is missing geometry components for selection 'DoorsTwin1', check model+config
20:05:03.55   ENTITY    (W): Door 'DoorsTwin2' is missing geometry components for selection 'DoorsTwin2', check model+config
20:05:03.55   ENTITY    (W): Door 'DoorsTwin3' is missing geometry components for selection 'DoorsTwin3', check model+config
20:05:03.55   ENTITY    (W): Door 'DoorsTwin4' is missing geometry components for selection 'DoorsTwin4', check model+config
20:05:03.576 [CE][LootRespawner] (PRIDummy) :: Item [1] causing search overtime: "SurgicalGloves_White"
20:05:03.676 [CE][LootRespawner] (PRIDummy) :: Item [2] causing search overtime: "dzn_athena3_august"
20:05:03.882 ENTITY    (W): Unknown object class 'pond' (dz\water_sakhal\ice_lake\sakhal_50x50_ice_lake_clear.p3d)
20:05:03.976 [CE][LootRespawner] (PRIDummy) :: Item [3] causing search overtime: "dzn_athena3_october"
20:05:04.369 ENTITY    (W): Unknown object class 'pond' (dz\water_sakhal\ice_lake\sakhal_50x50_ice_lake_clear.p3d)
20:05:04.789 ENTITY    (W): Unknown object class 'pond' (nst\ns\water\lakewater_still.p3d)
20:05:08.277 [StateMachine]: Player Survivor (dpnid 166257717 uid x_MJ2w6DZznhQeYHMWeX7_S9NuAxgYSiQqpLVIMNfrA=) Entering GetLoadedCharLoginState
20:05:08.316 NETWORK      : Network simulation
20:05:08.316  WORLD        : Create entity type 'SurvivorF_Maria'
20:05:08.316   MATERIAL  (E): Object dz/characters/bodies/player_testing.xob - cannot load material cross_red.emat
20:05:08.426   RESOURCES (E): Failed to open object @"dz/anims/anm/player/ik/vehicles/hatchback/hatchback_Doors_Hood.anm"
20:05:08.426   RESOURCES (E): Failed to open object @"dz/anims/anm/player/ik/vehicles/v3s/hatchback_02_door_driver.anm"
20:05:08.426   RESOURCES (E): Failed to open object @"dz/anims/anm/player/ik/vehicles/v3s/hatchback_02_door_codriver.anm"
20:05:08.426   RESOURCES (E): Failed to open object @"dz/anims/anm/player/ik/vehicles/v3s/hatchback_02_door_driver.anm"
20:05:08.426   RESOURCES (E): Failed to open object @"dz/anims/anm/player/ik/vehicles/v3s/hatchback_02_door_codriver.anm"
20:05:08.426   RESOURCES (E): Failed to open object @"dz/anims/anm/player/ik/vehicles/v3s/hatchback_02_door_driver.anm"
20:05:08.426   RESOURCES (E): Failed to open object @"dz/anims/anm/player/ik/vehicles/v3s/hatchback_02_door_codriver.anm"
20:05:08.426   RESOURCES (E): Failed to open object @"dz/anims/anm/player/ik/vehicles/v3s/hatchback_02_door_driver.anm"
20:05:08.426   RESOURCES (E): Failed to open object @"dz/anims/anm/player/ik/vehicles/v3s/hatchback_02_door_codriver.anm"
20:05:08.427   RESOURCES (E): Failed to open object @"dz/anims/anm/player/ik/vehicles/hatchback/sedan_trunk.anm"
20:05:09.913   ANIMATION    : AnimSetInstance load @"{73CE583BF4026B87}SNAFU_Scripts/Animations/GCGN_M1Garand.asi"
20:05:09.913    RESOURCES (E): Failed to open object @"GCGN_Guns/Data/M1Garand/Anims/M1Garand.anm"
20:05:10.796  ENTITY       : Load entity type 'SurvivorF_Maria'
20:05:10.796   RESOURCES (E): Failed to open object @"dz/anims/anm/player/ik/vehicles/hatchback/hatchback_Doors_Hood.anm"
20:05:10.796   RESOURCES (E): Failed to open object @"dz/anims/anm/player/ik/vehicles/v3s/hatchback_02_door_driver.anm"
20:05:10.796   RESOURCES (E): Failed to open object @"dz/anims/anm/player/ik/vehicles/v3s/hatchback_02_door_codriver.anm"
20:05:10.796   RESOURCES (E): Failed to open object @"dz/anims/anm/player/ik/vehicles/v3s/hatchback_02_door_driver.anm"
20:05:10.796   RESOURCES (E): Failed to open object @"dz/anims/anm/player/ik/vehicles/v3s/hatchback_02_door_codriver.anm"
20:05:10.796   RESOURCES (E): Failed to open object @"dz/anims/anm/player/ik/vehicles/v3s/hatchback_02_door_driver.anm"
20:05:10.796   RESOURCES (E): Failed to open object @"dz/anims/anm/player/ik/vehicles/v3s/hatchback_02_door_codriver.anm"
20:05:10.796   RESOURCES (E): Failed to open object @"dz/anims/anm/player/ik/vehicles/v3s/hatchback_02_door_driver.anm"
20:05:10.796   RESOURCES (E): Failed to open object @"dz/anims/anm/player/ik/vehicles/v3s/hatchback_02_door_codriver.anm"
20:05:10.797   RESOURCES (E): Failed to open object @"dz/anims/anm/player/ik/vehicles/hatchback/sedan_trunk.anm"
20:05:10.830 Подключился игрок Survivor (id=x_MJ2w6DZznhQeYHMWeX7_S9NuAxgYSiQqpLVIMNfrA=).
20:05:10.830 Player "Survivor" (steamID=76561199587900842 pos=<4912.3, 11144.4, 13.5>) is connected
20:05:10.831 <LOAD EXISTING CHAR>:
    charID 1
    playerID 1
    dpnid 166257717
    uid x_MJ2w6DZznhQeYHMWeX7_S9NuAxgYSiQqpLVIMNfrA=
20:05:11.194 ENTITY    (W): Unknown object class 'pond' (dz\water_sakhal\ice_lake\sakhal_50x50_ice_lake_clear.p3d)
20:05:11.195 ENTITY    (W): Unknown object class 'pond' (dz\water_sakhal\ice_lake\sakhal_50x50_ice_lake_clear.p3d)
20:05:11.195 ENTITY    (W): Unknown object class 'pond' (dz\water_sakhal\ice_lake\sakhal_50x50_ice_lake_clear.p3d)
20:05:14.503 Player Survivor (166257717) kicked from server: 240 ( (Game restart required))
20:05:14.506 [Disconnect]: Client 166257717 early disconnect
20:05:14.506 [Disconnect]: Start script disconnect 166257717 (dbCharacterId 1 dbPlayerId 1) logoutTime 15
20:05:14.830 [Disconnect]: Remove player info 166257717
20:05:14.831 [Disconnect]: Player destroy 166257717 
20:05:15.276 ENTITY    (W): Unknown object class 'pond' (nst\ns\water\lakewater.p3d)
20:05:15.276 ENTITY    (W): Unknown object class 'pond' (nst\ns\water\lakewater.p3d)
20:05:15.276 ENTITY    (W): Unknown object class 'pond' (nst\ns\water\lakewater.p3d)
20:05:15.913 ENTITY    (W): Unknown object class 'pond' (nst\ns\water\lakewater.p3d)
20:05:16.894 ENTITY    (W): Unknown object class 'pond' (nst\ns\water\lakewater.p3d)
20:05:16.894 ENTITY    (W): Unknown object class 'pond' (nst\ns\water\lakewater.p3d)
20:05:16.895 ENTITY    (W): Unknown object class 'pond' (nst\ns\water\lakewater.p3d)
20:05:18.637 ENTITY    (W): Unknown object class 'pond' (nst\ns\water\lakewater.p3d)
20:05:18.637 ENTITY    (W): Unknown object class 'pond' (nst\ns\water\lakewater.p3d)
20:05:18.637 ENTITY    (W): Unknown object class 'pond' (nst\ns\water\lakewater.p3d)
20:05:18.637 ENTITY    (W): Unknown object class 'pond' (nst\ns\water\lakewater.p3d)
20:05:18.637 ENTITY    (W): Unknown object class 'pond' (nst\ns\water\lakewater.p3d)
20:05:18.637 ENTITY    (W): Unknown object class 'pond' (nst\ns\water\lakewater.p3d)
20:05:18.637 ENTITY    (W): Unknown object class 'pond' (nst\ns\water\lakewater.p3d)
20:05:18.637 ENTITY    (W): Unknown object class 'pond' (nst\ns\water\lakewater.p3d)
20:05:18.637 ENTITY    (W): Unknown object class 'pond' (nst\ns\water\lakewater.p3d)
20:05:24.606 ENTITY    (W): Unknown object class 'pond' (dz\water_sakhal\ice_lake\sakhal_50x50_ice_lake_clear.p3d)
20:05:24.606 ENTITY    (W): Unknown object class 'pond' (dz\water_sakhal\ice_lake\sakhal_50x50_ice_lake_clear.p3d)
20:05:29.113 RESOURCES (E): ==== Resource leaks ====
20:05:29.113 RESOURCES (E): dz/anims/workspaces/player/player_main/player_main.asi   1
20:05:30.567  --- Termination successfully completed --- 
