=====================================================================
== G:\SteamLibrary\steamapps\common\DayZServer\DayZServer_x64.exe
== DayZServer_x64.exe -noBattlEye -config=serverDZ.cfg -port=2302 "-profiles=G:\SteamLibrary\steamapps\common\DayZServer\ServerProfiles" -cpuCount=4 -nosplash -noPause "-mod=@CF;@Dabs Framework;@Namalsk Island;@Namalsk Survival;@VPPAdminTools;@VPPAdminTools Ru Translate"
=====================================================================
Exe timestamp: 2026/08/15 12:57:52
Current time:  2026/08/17 00:32:42
Version 1.29.163709
=====================================================================

 0:32:42.987 ENGINE    (W): Process affinity forced to f
 0:32:47.623 ENGINE    (W): No module info used, trying to identify -> 0x2EFD0000
 0:32:47.624 ENGINE    (W): Adjusting job system settings to have at least one job worker thread.
 0:32:47.790 [Inputs] Loading inputs default "bin/constants.xml"
 0:32:47.793 [Inputs] Loading inputs default "bin/specific.xml"
 0:32:47.794 [Inputs] Loading inputs default "nst/ns_dayz/scripts/Data/Inputs.xml"
 0:32:47.794 [Inputs] Loading inputs default "VPPAdminTools/data/modded_Inputs.xml"
 0:32:47.795 [Inputs] Loading inputs cfg "G:\SteamLibrary\steamapps\common\DayZServer\ServerProfiles\Users\Survivor\Server.core.xml"
 0:32:47.800 [Inputs] Exporting inputs cfg "G:\SteamLibrary\steamapps\common\DayZServer\ServerProfiles\Users\Survivor\Server.core.xml"
 0:32:50.00  ANIMATION (E): Can't load @VPPAdminTools Ru Translate/Anims/cfg/skeletons.anim.xml
 0:32:50.00  ANIMATION (E): Failed to open file, line 0, column 0
 0:32:50.00  ANIMATION (E): Can't load @VPPAdminTools/Anims/cfg/skeletons.anim.xml
 0:32:50.00  ANIMATION (E): Failed to open file, line 0, column 0
 0:32:50.01  ANIMATION (E): Can't load @Namalsk Survival/Anims/cfg/skeletons.anim.xml
 0:32:50.01  ANIMATION (E): Failed to open file, line 0, column 0
 0:32:50.01  ANIMATION (E): Can't load @Namalsk Island/Anims/cfg/skeletons.anim.xml
 0:32:50.01  ANIMATION (E): Failed to open file, line 0, column 0
 0:32:50.01  ANIMATION (E): Can't load @Dabs Framework/Anims/cfg/skeletons.anim.xml
 0:32:50.01  ANIMATION (E): Failed to open file, line 0, column 0
 0:32:50.01  ANIMATION (E): Can't load @CF/Anims/cfg/skeletons.anim.xml
 0:32:50.01  ANIMATION (E): Failed to open file, line 0, column 0
 0:32:50.01  ANIMATION (E): Can't load sakhal/Anims/cfg/skeletons.anim.xml
 0:32:50.01  ANIMATION (E): Failed to open file, line 0, column 0
 0:32:57.44  Hostname of server: "SVOBODA DayZ"
 0:32:57.652 NETWORK      : Network simulation
 0:32:57.652  Loading landscape 'namalsk'
 0:32:57.652   WORLD        : Create entity type 'Land_pas_amps_solo'
 0:32:57.652    ENTITY    (E): Type 'HouseType' must be inherited from class 'PASReceiverType'
 0:32:57.750   ENTITY       : Load entity type 'land_seb_garage'
 0:32:57.750    ENTITY    (W): Door 'doorstwin1' is missing geometry components for selection 'doorstwin1', check model+config
 0:32:57.753   ENTITY       : Load entity type 'Land_Container_1Aoh'
 0:32:57.753    ENTITY    (W): Door 'DoorsTwin1' is missing geometry components for selection 'DoorsTwin1', check model+config
 0:32:57.755   WORLD        : Create entity type 'Land_radio_panelpas'
 0:32:57.755    ENTITY    (E): Type 'HouseType' must be inherited from class 'PASBroadcasterType'
 0:32:57.765   ENTITY       : Load entity type 'Land_Factory_Small'
 0:32:57.765    ENTITY    (W): Door 'DoorsTwin1' is missing geometry components for selection 'DoorsTwin1', check model+config
 0:32:57.765    ENTITY    (W): Door 'DoorsTwin2' is missing geometry components for selection 'DoorsTwin2', check model+config
 0:32:57.783   ENTITY       : Load entity type 'Land_Container_1Bo'
 0:32:57.783    ENTITY    (W): Door 'DoorsTwin1' is missing geometry components for selection 'DoorsTwin1', check model+config
 0:32:57.783    ENTITY    (W): Door 'DoorsTwin2' is missing geometry components for selection 'DoorsTwin2', check model+config
 0:32:57.783   ENTITY       : Load entity type 'land_budova2_winter'
 0:32:57.783    ENTITY    (W): Door 'DoorsTwin1' is missing geometry components for selection 'DoorsTwin1', check model+config
 0:32:57.809   ENTITY       : Load entity type 'Land_Container_1Mo'
 0:32:57.809    ENTITY    (W): Door 'DoorsTwin1' is missing geometry components for selection 'DoorsTwin1', check model+config
 0:32:57.809    ENTITY    (W): Door 'DoorsTwin2' is missing geometry components for selection 'DoorsTwin2', check model+config
 0:32:57.812   ENTITY       : Load entity type 'land_budova1_winter'
 0:32:57.812    ENTITY    (W): Door 'DoorsTwin1' is missing geometry components for selection 'DoorsTwin1', check model+config
 0:32:57.830   WORLD        : Create entity type 'Land_radio_panelbig'
 0:32:57.831    ENTITY    (E): Type 'HouseType' must be inherited from class 'StaticTransmitterType'
 0:32:57.852   ENTITY       : Load entity type 'land_vys_budova_p1'
 0:32:57.852    ENTITY    (W): Unknown object class 'thing' (dz\structures\furniture\eletrical_appliances\washing_machine\washing_machine.p3d)
 0:32:57.853    ENTITY    (W): Unknown object class 'thing' (dz\structures\furniture\eletrical_appliances\washing_machine\washing_machine.p3d)
 0:32:57.854    ENTITY    (W): Unknown object class 'thing' (dz\structures\furniture\eletrical_appliances\washing_machine\washing_machine.p3d)
 0:32:57.867   ENTITY       : Load entity type 'Land_Mil_Barracks3'
 0:32:57.867    ENTITY    (W): Door 'DoorsTwin1' is missing geometry components for selection 'DoorsTwin1', check model+config
 0:32:57.869   ENTITY       : Load entity type 'land_budova3'
 0:32:57.869    ENTITY    (W): Door 'doorstwin1' is missing geometry components for selection 'doorstwin1', check model+config
 0:32:57.874   ENTITY       : Load entity type 'Land_Mil_Barracks1'
 0:32:57.874    ENTITY    (W): Door 'DoorsTwin1' is missing geometry components for selection 'DoorsTwin1', check model+config
 0:32:57.949   ENTITY       : Load entity type 'Land_Garage_Small'
 0:32:57.949    ENTITY    (W): Door 'DoorsTwin1' is missing geometry components for selection 'DoorsTwin1', check model+config
 0:32:57.964   ENTITY       : Load entity type 'Land_Mil_Barracks5'
 0:32:57.964    ENTITY    (W): Door 'DoorsTwin1' is missing geometry components for selection 'DoorsTwin1', check model+config
 0:32:58.56    ENTITY       : Load entity type 'Land_Workshop2'
 0:32:58.56     ENTITY    (W): Door 'DoorsTwin1' is missing geometry components for selection 'DoorsTwin1', check model+config
 0:32:58.74    ENTITY       : Load entity type 'Land_Wreck_S1023_Beige'
 0:32:58.74     ENTITY    (W): Door 'DoorsTwin1' is missing geometry components for selection 'DoorsTwin1', check model+config
 0:32:58.116   ENTITY       : Load entity type 'Land_Wreck_S1023_Blue'
 0:32:58.116    ENTITY    (W): Door 'DoorsTwin1' is missing geometry components for selection 'DoorsTwin1', check model+config
 0:32:58.117   ENTITY    (W): Unknown object class 'pond' (nst\ns\water\lakewater_still.p3d)
 0:32:58.190   ENTITY       : Load entity type 'Land_CementWorks_Hall2_Brick'
 0:32:58.190    ENTITY    (W): Door 'DoorsTwin1' is missing geometry components for selection 'DoorsTwin1', check model+config
 0:32:58.203   ENTITY       : Load entity type 'Land_Workshop3'
 0:32:58.203    ENTITY    (W): Door 'DoorsTwin1' is missing geometry components for selection 'DoorsTwin1', check model+config
 0:32:58.203    ENTITY    (W): Door 'DoorsTwin2' is missing geometry components for selection 'DoorsTwin2', check model+config
 0:32:58.218   ENTITY       : Load entity type 'Land_Workshop4'
 0:32:58.218    ENTITY    (W): Door 'DoorsTwin1' is missing geometry components for selection 'DoorsTwin1', check model+config
 0:32:58.247   ENTITY       : Load entity type 'Land_Workshop1'
 0:32:58.247    ENTITY    (W): Door 'DoorsTwin1' is missing geometry components for selection 'DoorsTwin1', check model+config
 0:32:58.282   ENTITY       : Load entity type 'Land_Airfield_Small_Control'
 0:32:58.282    ENTITY    (W): Unknown object class 'thing' (dz\structures\furniture\eletrical_appliances\washing_machine\washing_machine.p3d)
 0:32:58.283    ENTITY    (W): Unknown object class 'thing' (dz\structures\furniture\eletrical_appliances\washing_machine\washing_machine.p3d)
 0:32:58.284    ENTITY    (W): Unknown object class 'thing' (dz\structures\furniture\eletrical_appliances\washing_machine\washing_machine.p3d)
 0:32:58.285    ENTITY    (W): Unknown object class 'thing' (dz\structures\furniture\eletrical_appliances\washing_machine\washing_machine.p3d)
 0:32:58.299   ENTITY    (W): Unknown object class 'pond' (dz\water_sakhal\ice_lake\sakhal_50x50_ice_lake_clear.p3d)
 0:32:58.350   ENTITY       : Load entity type 'Land_Office2'
 0:32:58.350    ENTITY    (W): Door 'DoorsTwin1' is missing geometry components for selection 'DoorsTwin1', check model+config
 0:32:58.350    ENTITY    (W): Door 'DoorsTwin2' is missing geometry components for selection 'DoorsTwin2', check model+config
 0:32:58.350    ENTITY    (W): Door 'DoorsTwin3' is missing geometry components for selection 'DoorsTwin3', check model+config
 0:32:58.350    ENTITY    (W): Door 'DoorsTwin4' is missing geometry components for selection 'DoorsTwin4', check model+config
 0:32:58.350    ENTITY    (W): Door 'DoorsTwin5' is missing geometry components for selection 'DoorsTwin5', check model+config
 0:32:58.368   ENTITY       : Load entity type 'Land_City_Hospital'
 0:32:58.368    ENTITY    (W): Door 'DoorsTwin1' is missing geometry components for selection 'DoorsTwin1', check model+config
 0:32:58.400   ENTITY       : Load entity type 'Land_Office1'
 0:32:58.400    ENTITY    (W): Door 'DoorsTwin1' is missing geometry components for selection 'DoorsTwin1', check model+config
 0:32:58.400    ENTITY    (W): Door 'DoorsTwin2' is missing geometry components for selection 'DoorsTwin2', check model+config
 0:32:58.400    ENTITY    (W): Door 'DoorsTwin3' is missing geometry components for selection 'DoorsTwin3', check model+config
 0:32:58.400    ENTITY    (W): Door 'DoorsTwin4' is missing geometry components for selection 'DoorsTwin4', check model+config
 0:32:58.400    ENTITY    (W): Door 'DoorsTwin5' is missing geometry components for selection 'DoorsTwin5', check model+config
 0:32:58.400    ENTITY    (W): Door 'DoorsTwin6' is missing geometry components for selection 'DoorsTwin6', check model+config
 0:32:58.400    ENTITY    (W): Door 'DoorsTwin7' is missing geometry components for selection 'DoorsTwin7', check model+config
 0:32:58.422   ENTITY       : Load entity type 'Land_Container_1Moh'
 0:32:58.422    ENTITY    (W): Door 'DoorsTwin1' is missing geometry components for selection 'DoorsTwin1', check model+config
 0:32:58.450   ENTITY    (W): Unknown object class 'pond' (nst\ns\water\lakewater.p3d)
 0:32:58.504   ENTITY       : Load entity type 'Land_Garage_Row_Small'
 0:32:58.504    ENTITY    (W): Door 'DoorsTwin1' is missing geometry components for selection 'DoorsTwin1', check model+config
 0:32:58.504    ENTITY    (W): Door 'DoorsTwin2' is missing geometry components for selection 'DoorsTwin2', check model+config
 0:32:58.504    ENTITY    (W): Door 'DoorsTwin3' is missing geometry components for selection 'DoorsTwin3', check model+config
 0:32:58.626   ENTITY       : Load entity type 'Land_City_Store_WithStairs'
 0:32:58.626    ENTITY    (W): Door 'DoorsTwin1' is missing geometry components for selection 'DoorsTwin1', check model+config
 0:32:58.626    ENTITY    (W): Door 'DoorsTwin2' is missing geometry components for selection 'DoorsTwin2', check model+config
 0:32:58.627    ENTITY    (W): Door 'DoorsTwin3' is missing geometry components for selection 'DoorsTwin3', check model+config
 0:32:58.627    ENTITY    (W): Door 'DoorsTwin4' is missing geometry components for selection 'DoorsTwin4', check model+config
 0:32:58.627    ENTITY    (W): Door 'DoorsTwin5' is missing geometry components for selection 'DoorsTwin5', check model+config
 0:32:58.633   ENTITY       : Load entity type 'land_vor_apartment_high_2'
 0:32:58.633    ENTITY    (W): Door 'doorstwin1' is missing geometry components for selection 'doorstwin1', check model+config
 0:32:58.648   ENTITY       : Load entity type 'Land_Tenement_Small'
 0:32:58.648    ENTITY    (W): Unknown object class 'thing' (dz\structures\furniture\eletrical_appliances\washing_machine\washing_machine.p3d)
 0:32:58.648    ENTITY    (W): Unknown object class 'thing' (dz\structures\furniture\eletrical_appliances\washing_machine\washing_machine.p3d)
 0:32:58.648    ENTITY    (W): Unknown object class 'thing' (dz\structures\furniture\eletrical_appliances\washing_machine\washing_machine.p3d)
 0:32:58.648    ENTITY    (W): Unknown object class 'thing' (dz\structures\furniture\eletrical_appliances\washing_machine\washing_machine.p3d)
 0:32:58.648    ENTITY    (W): Unknown object class 'thing' (dz\structures\furniture\eletrical_appliances\washing_machine\washing_machine.p3d)
 0:32:58.648    ENTITY    (W): Unknown object class 'thing' (dz\structures\furniture\eletrical_appliances\washing_machine\washing_machine.p3d)
 0:32:58.649    ENTITY    (W): Unknown object class 'thing' (dz\structures\furniture\eletrical_appliances\washing_machine\washing_machine.p3d)
 0:32:58.721   ENTITY       : Load entity type 'Land_House_2W04'
 0:32:58.721    ENTITY    (W): Door 'DoorsTwin1' is missing geometry components for selection 'DoorsTwin1', check model+config
 0:32:58.732   ENTITY       : Load entity type 'Land_House_1W08_Brown'
 0:32:58.732    ENTITY    (W): Unknown object class 'thing' (dz\structures\furniture\eletrical_appliances\washing_machine\washing_machine.p3d)
 0:32:58.733    ENTITY    (W): Unknown object class 'thing' (dz\structures\furniture\eletrical_appliances\washing_machine\washing_machine.p3d)
 0:32:58.733    ENTITY    (W): Unknown object class 'thing' (dz\structures\furniture\eletrical_appliances\washing_machine\washing_machine.p3d)
 0:32:58.800   ENTITY    (W): Unknown object class 'pond' (dz\water_sakhal\ice_lake\sakhal_50x50_ice_lake_clear.p3d)
 0:32:58.846   ENTITY       : Load entity type 'Land_Tenement_Big'
 0:32:58.846    ENTITY    (W): Unknown object class 'thing' (dz\structures\furniture\eletrical_appliances\washing_machine\washing_machine.p3d)
 0:32:58.847    ENTITY    (W): Unknown object class 'thing' (dz\structures\furniture\eletrical_appliances\washing_machine\washing_machine.p3d)
 0:32:58.847    ENTITY    (W): Unknown object class 'thing' (dz\structures\furniture\eletrical_appliances\washing_machine\washing_machine.p3d)
 0:32:58.848    ENTITY    (W): Unknown object class 'thing' (dz\structures\furniture\eletrical_appliances\washing_machine\washing_machine.p3d)
 0:32:58.848    ENTITY    (W): Unknown object class 'thing' (dz\structures\furniture\eletrical_appliances\washing_machine\washing_machine.p3d)
 0:32:58.848    ENTITY    (W): Unknown object class 'thing' (dz\structures\furniture\eletrical_appliances\washing_machine\washing_machine.p3d)
 0:32:58.849    ENTITY    (W): Unknown object class 'thing' (dz\structures\furniture\eletrical_appliances\washing_machine\washing_machine.p3d)
 0:32:58.849    ENTITY    (W): Unknown object class 'thing' (dz\structures\furniture\eletrical_appliances\washing_machine\washing_machine.p3d)
 0:32:58.849    ENTITY    (W): Unknown object class 'thing' (dz\structures\furniture\eletrical_appliances\washing_machine\washing_machine.p3d)
 0:33:01.713  SCRIPT    (W): scripts/3_Game/undergroundarealoader.c:138 | SpawnAllTriggerCarriers | [WARNING] :: [UndergroundAreaLoader GetData()] :: file not found in MISSION folder, your path is $mission:cfgundergroundtriggers.json Attempting DATA folder
 0:33:01.714  SCRIPT    (W): scripts/3_Game/undergroundarealoader.c:138 | SpawnAllTriggerCarriers | [WARNING] :: [UndergroundAreaLoader GetData()] ::file not found in DATA folder, your path is dz/worlds/namalsk/ce/cfgundergroundtriggers.json
 0:33:01.771 [CE][Hive] :: Initializing OFFLINE
 0:33:01.771 [StorageDirs] :: Selected storage directory: G:\SteamLibrary\steamapps\common\DayZServer\mpmissions\regular.namalsk\storage_4\
 0:33:01.772 [CE][Hive] :: Loading core data ... 
 0:33:01.773 [CE][CoreData] :: 8 root classes, 0 defaults, 0 updaters...
 0:33:01.781 [CE][offlineDB] :: Conversion of characters started.
 0:33:01.787 [CE][offlineDB] :: Processing 0 players.
 0:33:01.787 [CE][offlineDB] :: Conversion of characters successfully completed.
 0:33:01.883  ENTITY       : Load entity type 'Land_House_2W02'
 0:33:01.884   ENTITY    (W): Door 'DoorsTwin1' is missing geometry components for selection 'DoorsTwin1', check model+config
 0:33:01.907  ENTITY    (W): Unknown object class 'pond' (dz\water_sakhal\ice_lake\sakhal_50x50_ice_lake_clear.p3d)
 0:33:01.929 [CE][Hive] :: Loading map data ... 
 0:33:07.871 [CE][TypeSetup] :: 601 classes setuped...
 0:33:10.473 [CE][RegisterBind] :: 0 classes binded...
 0:33:10.473 [CE][RegisterConfig] :: 11950 config classes registered, 0 sub-counters...
 0:33:10.473 [CE][Hive] :: Loading map data ... 
 0:33:10.547 [CE][LoadPrototype] :: loaded 256 prototypes
 0:33:10.547   404 containers, 7415 points
 0:33:10.547   1 dispatches, 1 proxies
 0:33:10.547 !!! [CE][LoadPrototype] 1 groups have wrong points...
 0:33:10.547 [CE][LoadPrototype] :: last group name: land_frozen_person...
 0:33:10.550 [CE][LoadPrototype] :: loaded 0 prototypes
 0:33:10.550   38 containers, 66 points
 0:33:10.550   0 dispatches, 0 proxies
 0:33:10.550 [CE][LoadPrototype] :: last group name: StoneLoc38...
 0:33:10.587 [CE][LoadMap] "Group" :: loaded 1445 groups, groups failed: 0, largest group range: 36.4
 0:33:10.587 [CE][LoadMap] "Dirt" :: loaded 0 groups, groups failed: 0, largest group range: 36.4
 0:33:10.593 [CE][Links] found 472 total links between groups, of 1445
 0:33:10.593 [CE][LoadClusters] "Cluster" :: Loading files...
 0:33:10.603 [CE][LoadClusters] :: file: "mapgroupcluster.xml", 1 types, 2418 instances
 0:33:10.603 [CE][Storage] ver:0 stamp:0, valid:NO, name:"G:\SteamLibrary\steamapps\common\DayZServer\mpmissions\regular.namalsk\storage_4\data\types.bin"
 0:33:10.603 [CE][Storage] ver:0 stamp:0, valid:NO, name:"G:\SteamLibrary\steamapps\common\DayZServer\mpmissions\regular.namalsk\storage_4\data\types.001"
 0:33:10.604 [CE][Storage] ver:0 stamp:0, valid:NO, name:"G:\SteamLibrary\steamapps\common\DayZServer\mpmissions\regular.namalsk\storage_4\data\types.002"
 0:33:10.606 [CE][offlineDB] :: Loaded 23 dynamic events 177 total types.
 0:33:10.630 !!! [CE][offlineDB] :: Type 'ChristmasTree' will be ignored. (Not spawnable. (Scope is not public?))
 0:33:10.632 !!! [CE][offlineDB] :: Type 'GCGN_M82_Barret' will be ignored. (Type does not exist. (Typo?))
 0:33:10.632 !!! [CE][offlineDB] :: Type 'AA12_Gun' will be ignored. (Type does not exist. (Typo?))
 0:33:10.632 !!! [CE][offlineDB] :: Type 'AA12_Mag' will be ignored. (Type does not exist. (Typo?))
 0:33:10.632 !!! [CE][offlineDB] :: Type 'ACR_Gun' will be ignored. (Type does not exist. (Typo?))
 0:33:10.632 !!! [CE][offlineDB] :: Type 'GCGN_Ammo_3006' will be ignored. (Type does not exist. (Typo?))
 0:33:10.632 !!! [CE][offlineDB] :: Type 'GCGN_Ammo_408Chey' will be ignored. (Type does not exist. (Typo?))
 0:33:10.632 !!! [CE][offlineDB] :: Type 'GCGN_Ammo_50Cal' will be ignored. (Type does not exist. (Typo?))
 0:33:10.632 !!! [CE][offlineDB] :: Type 'GCGN_Ammo_762x51' will be ignored. (Type does not exist. (Typo?))
 0:33:10.632 !!! [CE][offlineDB] :: Type 'GCGN_HK416_Mag' will be ignored. (Type does not exist. (Typo?))
 0:33:10.632 !!! [CE][offlineDB] :: Type 'GCGN_HK416' will be ignored. (Type does not exist. (Typo?))
 0:33:10.633 !!! [CE][offlineDB] :: Type 'GCGN_M110_Black' will be ignored. (Type does not exist. (Typo?))
 0:33:10.633 !!! [CE][offlineDB] :: Type 'GCGN_M110_Green' will be ignored. (Type does not exist. (Typo?))
 0:33:10.633 !!! [CE][offlineDB] :: Type 'GCGN_M110_Mag' will be ignored. (Type does not exist. (Typo?))
 0:33:10.634 !!! [CE][offlineDB] :: Type 'GCGN_M110_Tan' will be ignored. (Type does not exist. (Typo?))
 0:33:10.634 !!! [CE][offlineDB] :: Type 'GCGN_M1Garand_Bayonet' will be ignored. (Type does not exist. (Typo?))
 0:33:10.634 !!! [CE][offlineDB] :: Type 'GCGN_M1Garand_FlashHider' will be ignored. (Type does not exist. (Typo?))
 0:33:10.634 !!! [CE][offlineDB] :: Type 'GCGN_M1Garand_Supp' will be ignored. (Type does not exist. (Typo?))
 0:33:10.634 !!! [CE][offlineDB] :: Type 'GCGN_M1Garand' will be ignored. (Type does not exist. (Typo?))
 0:33:10.634 !!! [CE][offlineDB] :: Type 'GCGN_M200_Mag' will be ignored. (Type does not exist. (Typo?))
 0:33:10.634 !!! [CE][offlineDB] :: Type 'GCGN_M200_Tan' will be ignored. (Type does not exist. (Typo?))
 0:33:10.634 !!! [CE][offlineDB] :: Type 'GCGN_M200' will be ignored. (Type does not exist. (Typo?))
 0:33:10.635 !!! [CE][offlineDB] :: Type 'GCGN_M249_Mag' will be ignored. (Type does not exist. (Typo?))
 0:33:10.635 !!! [CE][offlineDB] :: Type 'GCGN_M249' will be ignored. (Type does not exist. (Typo?))
 0:33:10.635 !!! [CE][offlineDB] :: Type 'GCGN_M4A1' will be ignored. (Type does not exist. (Typo?))
 0:33:10.635 !!! [CE][offlineDB] :: Type 'GCGN_M700_Mag' will be ignored. (Type does not exist. (Typo?))
 0:33:10.635 !!! [CE][offlineDB] :: Type 'GCGN_M700' will be ignored. (Type does not exist. (Typo?))
 0:33:10.636 !!! [CE][offlineDB] :: Type 'GCGN_M82_Mag' will be ignored. (Type does not exist. (Typo?))
 0:33:10.636 !!! [CE][offlineDB] :: Type 'GCGN_M84_Optic' will be ignored. (Type does not exist. (Typo?))
 0:33:10.637 !!! [CE][offlineDB] :: Type 'GCGN_Mag_FAL_50Rnd' will be ignored. (Type does not exist. (Typo?))
 0:33:10.638 !!! [CE][offlineDB] :: Type 'GCGN_MP7_40Rnd' will be ignored. (Type does not exist. (Typo?))
 0:33:10.638 !!! [CE][offlineDB] :: Type 'GCGN_MP7' will be ignored. (Type does not exist. (Typo?))
 0:33:10.638 !!! [CE][offlineDB] :: Type 'GCGN_VEPR_10rnd' will be ignored. (Type does not exist. (Typo?))
 0:33:10.639 !!! [CE][offlineDB] :: Type 'GCGN_VEPR' will be ignored. (Type does not exist. (Typo?))
 0:33:10.639 !!! [CE][offlineDB] :: Type 'GCGN_Vityaz_Mag' will be ignored. (Type does not exist. (Typo?))
 0:33:10.639 !!! [CE][offlineDB] :: Type 'GCGN_Vityaz' will be ignored. (Type does not exist. (Typo?))
 0:33:10.639 !!! [CE][offlineDB] :: Type 'HK416_Gun' will be ignored. (Type does not exist. (Typo?))
 0:33:10.639 !!! [CE][offlineDB] :: Type 'IA2_Gun' will be ignored. (Type does not exist. (Typo?))
 0:33:10.639 !!! [CE][offlineDB] :: Type 'M4_6933_Gun' will be ignored. (Type does not exist. (Typo?))
 0:33:10.639 !!! [CE][offlineDB] :: Type 'MK18_Gun' will be ignored. (Type does not exist. (Typo?))
 0:33:10.639 !!! [CE][offlineDB] :: Type 'Modified_SA58_30RND_BK' will be ignored. (Type does not exist. (Typo?))
 0:33:10.639 !!! [CE][offlineDB] :: Type 'Modified_SA58_30RND_DT' will be ignored. (Type does not exist. (Typo?))
 0:33:10.639 !!! [CE][offlineDB] :: Type 'Modified_SA58_30RND_WBK' will be ignored. (Type does not exist. (Typo?))
 0:33:10.639 !!! [CE][offlineDB] :: Type 'SA58_30RND_BK' will be ignored. (Type does not exist. (Typo?))
 0:33:10.639 !!! [CE][offlineDB] :: Type 'SA58_30RND_DT' will be ignored. (Type does not exist. (Typo?))
 0:33:10.639 !!! [CE][offlineDB] :: Type 'SA58_30RND_WBK' will be ignored. (Type does not exist. (Typo?))
 0:33:10.640 !!! [CE][offlineDB] :: Type 'SA58_DrumMag' will be ignored. (Type does not exist. (Typo?))
 0:33:10.640 !!! [CE][offlineDB] :: Type 'SA58_FGrip' will be ignored. (Type does not exist. (Typo?))
 0:33:10.641 !!! [CE][offlineDB] :: Type 'SA58_Stock' will be ignored. (Type does not exist. (Typo?))
 0:33:10.641 !!! [CE][offlineDB] :: Type 'SCAR_Gun' will be ignored. (Type does not exist. (Typo?))
 0:33:10.641 !!! [CE][offlineDB] :: Type 'SG550_Gun' will be ignored. (Type does not exist. (Typo?))
 0:33:10.641 !!! [CE][offlineDB] :: Type 'SG550_Mag' will be ignored. (Type does not exist. (Typo?))
 0:33:10.641 !!! [CE][offlineDB] :: Type 'SN_Auto_Shotgun_Mag' will be ignored. (Type does not exist. (Typo?))
 0:33:10.642 !!! [CE][offlineDB] :: Type 'SN_Auto_Shotgun' will be ignored. (Type does not exist. (Typo?))
 0:33:10.642 !!! [CE][offlineDB] :: Type 'SN_Glock19' will be ignored. (Type does not exist. (Typo?))
 0:33:10.642 !!! [CE][offlineDB] :: Type 'SN_M870' will be ignored. (Type does not exist. (Typo?))
 0:33:10.642 !!! [CE][offlineDB] :: Type 'SN_M9_Mag' will be ignored. (Type does not exist. (Typo?))
 0:33:10.642 !!! [CE][offlineDB] :: Type 'SN_M9' will be ignored. (Type does not exist. (Typo?))
 0:33:10.642 !!! [CE][offlineDB] :: Type 'SN_Mp443_Mag' will be ignored. (Type does not exist. (Typo?))
 0:33:10.642 !!! [CE][offlineDB] :: Type 'SN_Mp443' will be ignored. (Type does not exist. (Typo?))
 0:33:10.642 !!! [CE][offlineDB] :: Type 'SN_Springfield_Mag' will be ignored. (Type does not exist. (Typo?))
 0:33:10.643 !!! [CE][offlineDB] :: Type 'SN_Springfield' will be ignored. (Type does not exist. (Typo?))
 0:33:10.643 !!! [CE][offlineDB] :: Type 'SN_USP_Mag' will be ignored. (Type does not exist. (Typo?))
 0:33:10.644 !!! [CE][offlineDB] :: Type 'SN_USP' will be ignored. (Type does not exist. (Typo?))
 0:33:10.644 !!! [CE][offlineDB] :: Type 'SNAFU_408_Suppressor_T' will be ignored. (Type does not exist. (Typo?))
 0:33:10.645 !!! [CE][offlineDB] :: Type 'SNAFU_ADAR_Modular16_GUN' will be ignored. (Type does not exist. (Typo?))
 0:33:10.645 !!! [CE][offlineDB] :: Type 'SNAFU_AEK545_Gun' will be ignored. (Type does not exist. (Typo?))
 0:33:10.645 !!! [CE][offlineDB] :: Type 'SNAFU_AFG_02_Black' will be ignored. (Type does not exist. (Typo?))
 0:33:10.645 !!! [CE][offlineDB] :: Type 'SNAFU_AFG_02_OD' will be ignored. (Type does not exist. (Typo?))
 0:33:10.645 !!! [CE][offlineDB] :: Type 'SNAFU_AFG_02_Tan' will be ignored. (Type does not exist. (Typo?))
 0:33:10.646 !!! [CE][offlineDB] :: Type 'SNAFU_Agram_32rnd_Mag' will be ignored. (Type does not exist. (Typo?))
 0:33:10.646 !!! [CE][offlineDB] :: Type 'SNAFU_Agram_GUN' will be ignored. (Type does not exist. (Typo?))
 0:33:10.646 !!! [CE][offlineDB] :: Type 'SNAFU_Agram_Suppressor_Black' will be ignored. (Type does not exist. (Typo?))
 0:33:10.646 !!! [CE][offlineDB] :: Type 'SNAFU_Aimpoint_ACO' will be ignored. (Type does not exist. (Typo?))
 0:33:10.646 !!! [CE][offlineDB] :: Type 'SNAFU_Aimpoint_M5' will be ignored. (Type does not exist. (Typo?))
 0:33:10.646 !!! [CE][offlineDB] :: Type 'SNAFU_AK_AR_Stock' will be ignored. (Type does not exist. (Typo?))
 0:33:10.647 !!! [CE][offlineDB] :: Type 'SNAFU_AK_HG' will be ignored. (Type does not exist. (Typo?))
 0:33:10.647 !!! [CE][offlineDB] :: Type 'SNAFU_AK_Mount_Base' will be ignored. (Type does not exist. (Typo?))
 0:33:10.647 !!! [CE][offlineDB] :: Type 'SNAFU_AK103_Mag' will be ignored. (Type does not exist. (Typo?))
 0:33:10.647 !!! [CE][offlineDB] :: Type 'SNAFU_AK103A' will be ignored. (Type does not exist. (Typo?))
 0:33:10.648 !!! [CE][offlineDB] :: Type 'SNAFU_AK12_Mag' will be ignored. (Type does not exist. (Typo?))
 0:33:10.648 !!! [CE][offlineDB] :: Type 'SNAFU_AK12A' will be ignored. (Type does not exist. (Typo?))
 0:33:10.648 !!! [CE][offlineDB] :: Type 'SNAFU_AK19_Stock' will be ignored. (Type does not exist. (Typo?))
 0:33:10.649 !!! [CE][offlineDB] :: Type 'SNAFU_AK19' will be ignored. (Type does not exist. (Typo?))
 0:33:10.649 !!! [CE][offlineDB] :: Type 'SNAFU_AK19Muzzel' will be ignored. (Type does not exist. (Typo?))
 0:33:10.649 !!! [CE][offlineDB] :: Type 'SNAFU_AK308_Mag' will be ignored. (Type does not exist. (Typo?))
 0:33:10.649 !!! [CE][offlineDB] :: Type 'SNAFU_AK308' will be ignored. (Type does not exist. (Typo?))
 0:33:10.649 !!! [CE][offlineDB] :: Type 'SNAFU_AK308Muzzel' will be ignored. (Type does not exist. (Typo?))
 0:33:10.649 !!! [CE][offlineDB] :: Type 'SNAFU_AKAimpoint_ACO' will be ignored. (Type does not exist. (Typo?))
 0:33:10.649 !!! [CE][offlineDB] :: Type 'SNAFU_AKAimpoint_M5' will be ignored. (Type does not exist. (Typo?))
 0:33:10.649 !!! [CE][offlineDB] :: Type 'SNAFU_AKElcan' will be ignored. (Type does not exist. (Typo?))
 0:33:10.649 !!! [CE][offlineDB] :: Type 'SNAFU_AKEOTech_EXPS3' will be ignored. (Type does not exist. (Typo?))
 0:33:10.649 !!! [CE][offlineDB] :: Type 'SNAFU_AKHuntingOptic' will be ignored. (Type does not exist. (Typo?))
 0:33:10.649 !!! [CE][offlineDB] :: Type 'SNAFU_AKKahles' will be ignored. (Type does not exist. (Typo?))
 0:33:10.649 !!! [CE][offlineDB] :: Type 'SNAFU_AKLeupold_Mark8' will be ignored. (Type does not exist. (Typo?))
 0:33:10.649 !!! [CE][offlineDB] :: Type 'SNAFU_AKNightforce' will be ignored. (Type does not exist. (Typo?))
 0:33:10.649 !!! [CE][offlineDB] :: Type 'SNAFU_AKTango6T_Black' will be ignored. (Type does not exist. (Typo?))
 0:33:10.649 !!! [CE][offlineDB] :: Type 'SNAFU_AKTango6T_Snow' will be ignored. (Type does not exist. (Typo?))
 0:33:10.649 !!! [CE][offlineDB] :: Type 'SNAFU_AKTango6T_Tan' will be ignored. (Type does not exist. (Typo?))
 0:33:10.649 !!! [CE][offlineDB] :: Type 'SNAFU_AKTango6T_Wood' will be ignored. (Type does not exist. (Typo?))
 0:33:10.649 !!! [CE][offlineDB] :: Type 'SNAFU_AKTrijicon_Docter' will be ignored. (Type does not exist. (Typo?))
 0:33:10.649 !!! [CE][offlineDB] :: Type 'SNAFU_AKTrijicon' will be ignored. (Type does not exist. (Typo?))
 0:33:10.649 !!! [CE][offlineDB] :: Type 'SNAFU_AKWalther' will be ignored. (Type does not exist. (Typo?))
 0:33:10.649 !!! [CE][offlineDB] :: Type 'SNAFU_Ammo_127x55mm' will be ignored. (Type does not exist. (Typo?))
 0:33:10.649 !!! [CE][offlineDB] :: Type 'SNAFU_Ammo_127x55mmAP' will be ignored. (Type does not exist. (Typo?))
 0:33:10.649 !!! [CE][offlineDB] :: Type 'SNAFU_Ammo_145Cal' will be ignored. (Type does not exist. (Typo?))
 0:33:10.649 !!! [CE][offlineDB] :: Type 'SNAFU_Ammo_300ACC' will be ignored. (Type does not exist. (Typo?))
 0:33:10.649 !!! [CE][offlineDB] :: Type 'SNAFU_Ammo_338' will be ignored. (Type does not exist. (Typo?))
 0:33:10.649 !!! [CE][offlineDB] :: Type 'SNAFU_Ammo_44' will be ignored. (Type does not exist. (Typo?))
 0:33:10.650 !!! [CE][offlineDB] :: Type 'SNAFU_Ammo_45_70mm' will be ignored. (Type does not exist. (Typo?))
 0:33:10.650 !!! [CE][offlineDB] :: Type 'SNAFU_Ammo_46x30' will be ignored. (Type does not exist. (Typo?))
 0:33:10.651 !!! [CE][offlineDB] :: Type 'SNAFU_Ammo_5_7x28mm' will be ignored. (Type does not exist. (Typo?))
 0:33:10.651 !!! [CE][offlineDB] :: Type 'SNAFU_Ammo_500_SW' will be ignored. (Type does not exist. (Typo?))
 0:33:10.652 !!! [CE][offlineDB] :: Type 'SNAFU_Ammo_762x25' will be ignored. (Type does not exist. (Typo?))
 0:33:10.652 !!! [CE][offlineDB] :: Type 'SNAFU_AR15_Modular16_GUN' will be ignored. (Type does not exist. (Typo?))
 0:33:10.652 !!! [CE][offlineDB] :: Type 'SNAFU_AR15SPRBK' will be ignored. (Type does not exist. (Typo?))
 0:33:10.652 !!! [CE][offlineDB] :: Type 'SNAFU_AR15SPRTAN' will be ignored. (Type does not exist. (Typo?))
 0:33:10.652 !!! [CE][offlineDB] :: Type 'SNAFU_AS50_GUN' will be ignored. (Type does not exist. (Typo?))
 0:33:10.652 !!! [CE][offlineDB] :: Type 'SNAFU_AS50_Mag' will be ignored. (Type does not exist. (Typo?))
 0:33:10.652 !!! [CE][offlineDB] :: Type 'SNAFU_AtlasBipod' will be ignored. (Type does not exist. (Typo?))
 0:33:10.652 !!! [CE][offlineDB] :: Type 'SNAFU_AWM_Gun' will be ignored. (Type does not exist. (Typo?))
 0:33:10.652 !!! [CE][offlineDB] :: Type 'SNAFU_AWM_Mag' will be ignored. (Type does not exist. (Typo?))
 0:33:10.653 !!! [CE][offlineDB] :: Type 'SNAFU_Bipod' will be ignored. (Type does not exist. (Typo?))
 0:33:10.653 !!! [CE][offlineDB] :: Type 'SNAFU_BMAG300_Black' will be ignored. (Type does not exist. (Typo?))
 0:33:10.653 !!! [CE][offlineDB] :: Type 'SNAFU_BMAG300_Tan' will be ignored. (Type does not exist. (Typo?))
 0:33:10.653 !!! [CE][offlineDB] :: Type 'SNAFU_BMAG556_Black' will be ignored. (Type does not exist. (Typo?))
 0:33:10.653 !!! [CE][offlineDB] :: Type 'SNAFU_BMAG556_Tan' will be ignored. (Type does not exist. (Typo?))
 0:33:10.653 !!! [CE][offlineDB] :: Type 'SNAFU_CALI_GUN' will be ignored. (Type does not exist. (Typo?))
 0:33:10.653 !!! [CE][offlineDB] :: Type 'SNAFU_CMAG30300_Black' will be ignored. (Type does not exist. (Typo?))
 0:33:10.653 !!! [CE][offlineDB] :: Type 'SNAFU_CMAG30300_Tan' will be ignored. (Type does not exist. (Typo?))
 0:33:10.653 !!! [CE][offlineDB] :: Type 'SNAFU_CMAG30556_Black' will be ignored. (Type does not exist. (Typo?))
 0:33:10.653 !!! [CE][offlineDB] :: Type 'SNAFU_CMAG30556_Tan' will be ignored. (Type does not exist. (Typo?))
 0:33:10.653 !!! [CE][offlineDB] :: Type 'SNAFU_CMAG40300_Black' will be ignored. (Type does not exist. (Typo?))
 0:33:10.653 !!! [CE][offlineDB] :: Type 'SNAFU_CMAG40300_Tan' will be ignored. (Type does not exist. (Typo?))
 0:33:10.653 !!! [CE][offlineDB] :: Type 'SNAFU_CMAG40556_Black' will be ignored. (Type does not exist. (Typo?))
 0:33:10.653 !!! [CE][offlineDB] :: Type 'SNAFU_CMAG40556_Tan' will be ignored. (Type does not exist. (Typo?))
 0:33:10.653 !!! [CE][offlineDB] :: Type 'SNAFU_CMAG60300_Black' will be ignored. (Type does not exist. (Typo?))
 0:33:10.654 !!! [CE][offlineDB] :: Type 'SNAFU_CMAG60300_Tan' will be ignored. (Type does not exist. (Typo?))
 0:33:10.654 !!! [CE][offlineDB] :: Type 'SNAFU_CMAG60556_Black' will be ignored. (Type does not exist. (Typo?))
 0:33:10.654 !!! [CE][offlineDB] :: Type 'SNAFU_CMAG60556_Tan' will be ignored. (Type does not exist. (Typo?))
 0:33:10.654 !!! [CE][offlineDB] :: Type 'SNAFU_CZ805_Gun' will be ignored. (Type does not exist. (Typo?))
 0:33:10.655 !!! [CE][offlineDB] :: Type 'SNAFU_Docter' will be ignored. (Type does not exist. (Typo?))
 0:33:10.655 !!! [CE][offlineDB] :: Type 'SNAFU_Elcan' will be ignored. (Type does not exist. (Typo?))
 0:33:10.655 !!! [CE][offlineDB] :: Type 'SNAFU_EOTech_EXPS3' will be ignored. (Type does not exist. (Typo?))
 0:33:10.655 !!! [CE][offlineDB] :: Type 'SNAFU_FGCR_Grip' will be ignored. (Type does not exist. (Typo?))
 0:33:10.655 !!! [CE][offlineDB] :: Type 'SNAFU_FGKAC_Grip' will be ignored. (Type does not exist. (Typo?))
 0:33:10.655 !!! [CE][offlineDB] :: Type 'SNAFU_Fort12_12rnd_Mag' will be ignored. (Type does not exist. (Typo?))
 0:33:10.655 !!! [CE][offlineDB] :: Type 'SNAFU_Fort12_GUN' will be ignored. (Type does not exist. (Typo?))
 0:33:10.655 !!! [CE][offlineDB] :: Type 'SNAFU_FRF2_Mag' will be ignored. (Type does not exist. (Typo?))
 0:33:10.655 !!! [CE][offlineDB] :: Type 'SNAFU_FRF2' will be ignored. (Type does not exist. (Typo?))
 0:33:10.655 !!! [CE][offlineDB] :: Type 'SNAFU_GADAR' will be ignored. (Type does not exist. (Typo?))
 0:33:10.655 !!! [CE][offlineDB] :: Type 'SNAFU_GIGripColtA2' will be ignored. (Type does not exist. (Typo?))
 0:33:10.655 !!! [CE][offlineDB] :: Type 'SNAFU_HAimpoint_ACO' will be ignored. (Type does not exist. (Typo?))
 0:33:10.655 !!! [CE][offlineDB] :: Type 'SNAFU_HAimpoint_M5' will be ignored. (Type does not exist. (Typo?))
 0:33:10.655 !!! [CE][offlineDB] :: Type 'SNAFU_HElcan' will be ignored. (Type does not exist. (Typo?))
 0:33:10.655 !!! [CE][offlineDB] :: Type 'SNAFU_HEOTech_EXPS3' will be ignored. (Type does not exist. (Typo?))
 0:33:10.655 !!! [CE][offlineDB] :: Type 'SNAFU_HeramuzzelF' will be ignored. (Type does not exist. (Typo?))
 0:33:10.655 !!! [CE][offlineDB] :: Type 'SNAFU_HG625' will be ignored. (Type does not exist. (Typo?))
 0:33:10.655 !!! [CE][offlineDB] :: Type 'SNAFU_HGGS' will be ignored. (Type does not exist. (Typo?))
 0:33:10.655 !!! [CE][offlineDB] :: Type 'SNAFU_HGMlok_Tan' will be ignored. (Type does not exist. (Typo?))
 0:33:10.655 !!! [CE][offlineDB] :: Type 'SNAFU_HGMlok' will be ignored. (Type does not exist. (Typo?))
 0:33:10.655 !!! [CE][offlineDB] :: Type 'SNAFU_HHuntingOptic' will be ignored. (Type does not exist. (Typo?))
 0:33:10.655 !!! [CE][offlineDB] :: Type 'SNAFU_HKahles' will be ignored. (Type does not exist. (Typo?))
 0:33:10.655 !!! [CE][offlineDB] :: Type 'SNAFU_HLeupold_Mark8' will be ignored. (Type does not exist. (Typo?))
 0:33:10.655 !!! [CE][offlineDB] :: Type 'SNAFU_HNightforce' will be ignored. (Type does not exist. (Typo?))
 0:33:10.655 !!! [CE][offlineDB] :: Type 'SNAFU_HTrijicon_Docter' will be ignored. (Type does not exist. (Typo?))
 0:33:10.655 !!! [CE][offlineDB] :: Type 'SNAFU_HTrijicon' will be ignored. (Type does not exist. (Typo?))
 0:33:10.657 !!! [CE][offlineDB] :: Type 'SNAFU_Hunting_Mount_Base' will be ignored. (Type does not exist. (Typo?))
 0:33:10.657 !!! [CE][offlineDB] :: Type 'SNAFU_HuntingOptic' will be ignored. (Type does not exist. (Typo?))
 0:33:10.657 !!! [CE][offlineDB] :: Type 'SNAFU_HWalther' will be ignored. (Type does not exist. (Typo?))
 0:33:10.657 !!! [CE][offlineDB] :: Type 'SNAFU_IRONMODOptic' will be ignored. (Type does not exist. (Typo?))
 0:33:10.657 !!! [CE][offlineDB] :: Type 'SNAFU_KAC_Gun' will be ignored. (Type does not exist. (Typo?))
 0:33:10.658 !!! [CE][offlineDB] :: Type 'SNAFU_KAC_Mag' will be ignored. (Type does not exist. (Typo?))
 0:33:10.658 !!! [CE][offlineDB] :: Type 'SNAFU_Kahles' will be ignored. (Type does not exist. (Typo?))
 0:33:10.658 !!! [CE][offlineDB] :: Type 'SNAFU_Kobra' will be ignored. (Type does not exist. (Typo?))
 0:33:10.658 !!! [CE][offlineDB] :: Type 'SNAFU_Leupold_Mark8' will be ignored. (Type does not exist. (Typo?))
 0:33:10.658 !!! [CE][offlineDB] :: Type 'SNAFU_LNormalized_Suppressor_Black' will be ignored. (Type does not exist. (Typo?))
 0:33:10.658 !!! [CE][offlineDB] :: Type 'SNAFU_LNormalized_Suppressor_Green' will be ignored. (Type does not exist. (Typo?))
 0:33:10.658 !!! [CE][offlineDB] :: Type 'SNAFU_LStandardized_Suppressor_Black' will be ignored. (Type does not exist. (Typo?))
 0:33:10.658 !!! [CE][offlineDB] :: Type 'SNAFU_LStandardized_Suppressor_Green' will be ignored. (Type does not exist. (Typo?))
 0:33:10.658 !!! [CE][offlineDB] :: Type 'SNAFU_LVOA556_GUN' will be ignored. (Type does not exist. (Typo?))
 0:33:10.658 !!! [CE][offlineDB] :: Type 'SNAFU_LVOAHG' will be ignored. (Type does not exist. (Typo?))
 0:33:10.658 !!! [CE][offlineDB] :: Type 'SNAFU_M14_Mag' will be ignored. (Type does not exist. (Typo?))
 0:33:10.658 !!! [CE][offlineDB] :: Type 'SNAFU_M14' will be ignored. (Type does not exist. (Typo?))
 0:33:10.659 !!! [CE][offlineDB] :: Type 'SNAFU_M14Optic' will be ignored. (Type does not exist. (Typo?))
 0:33:10.659 !!! [CE][offlineDB] :: Type 'SNAFU_M1918A2_Mag' will be ignored. (Type does not exist. (Typo?))
 0:33:10.659 !!! [CE][offlineDB] :: Type 'SNAFU_M1918A2' will be ignored. (Type does not exist. (Typo?))
 0:33:10.659 !!! [CE][offlineDB] :: Type 'SNAFU_M200B_BK' will be ignored. (Type does not exist. (Typo?))
 0:33:10.659 !!! [CE][offlineDB] :: Type 'SNAFU_M200Green' will be ignored. (Type does not exist. (Typo?))
 0:33:10.660 !!! [CE][offlineDB] :: Type 'SNAFU_M200S_BK' will be ignored. (Type does not exist. (Typo?))
 0:33:10.660 !!! [CE][offlineDB] :: Type 'SNAFU_M200S_Green' will be ignored. (Type does not exist. (Typo?))
 0:33:10.660 !!! [CE][offlineDB] :: Type 'SNAFU_M200S_Snow' will be ignored. (Type does not exist. (Typo?))
 0:33:10.660 !!! [CE][offlineDB] :: Type 'SNAFU_M200S_Tan' will be ignored. (Type does not exist. (Typo?))
 0:33:10.660 !!! [CE][offlineDB] :: Type 'SNAFU_M200SNOW' will be ignored. (Type does not exist. (Typo?))
 0:33:10.660 !!! [CE][offlineDB] :: Type 'SNAFU_M249Bipod' will be ignored. (Type does not exist. (Typo?))
 0:33:10.660 !!! [CE][offlineDB] :: Type 'SNAFU_M249Grip' will be ignored. (Type does not exist. (Typo?))
 0:33:10.660 !!! [CE][offlineDB] :: Type 'SNAFU_M249HG' will be ignored. (Type does not exist. (Typo?))
 0:33:10.660 !!! [CE][offlineDB] :: Type 'SNAFU_M249Stock' will be ignored. (Type does not exist. (Typo?))
 0:33:10.660 !!! [CE][offlineDB] :: Type 'SNAFU_M300BK' will be ignored. (Type does not exist. (Typo?))
 0:33:10.660 !!! [CE][offlineDB] :: Type 'SNAFU_M300Green' will be ignored. (Type does not exist. (Typo?))
 0:33:10.660 !!! [CE][offlineDB] :: Type 'SNAFU_M300Mag' will be ignored. (Type does not exist. (Typo?))
 0:33:10.660 !!! [CE][offlineDB] :: Type 'SNAFU_M300TAN' will be ignored. (Type does not exist. (Typo?))
 0:33:10.660 !!! [CE][offlineDB] :: Type 'SNAFU_M4300AC_10_GUN' will be ignored. (Type does not exist. (Typo?))
 0:33:10.660 !!! [CE][offlineDB] :: Type 'SNAFU_M4300AC_14_GUN' will be ignored. (Type does not exist. (Typo?))
 0:33:10.660 !!! [CE][offlineDB] :: Type 'SNAFU_M4300AC_14DV_GUN' will be ignored. (Type does not exist. (Typo?))
 0:33:10.660 !!! [CE][offlineDB] :: Type 'SNAFU_M4300AC_16_GUN' will be ignored. (Type does not exist. (Typo?))
 0:33:10.660 !!! [CE][offlineDB] :: Type 'SNAFU_M4556_Modular14_GUN' will be ignored. (Type does not exist. (Typo?))
 0:33:10.660 !!! [CE][offlineDB] :: Type 'SNAFU_M4556_Modular16_GUN' will be ignored. (Type does not exist. (Typo?))
 0:33:10.660 !!! [CE][offlineDB] :: Type 'SNAFU_M48' will be ignored. (Type does not exist. (Typo?))
 0:33:10.660 !!! [CE][offlineDB] :: Type 'SNAFU_M4SS_Stock' will be ignored. (Type does not exist. (Typo?))
 0:33:10.660 !!! [CE][offlineDB] :: Type 'SNAFU_M76_Mag' will be ignored. (Type does not exist. (Typo?))
 0:33:10.660 !!! [CE][offlineDB] :: Type 'SNAFU_M76' will be ignored. (Type does not exist. (Typo?))
 0:33:10.660 !!! [CE][offlineDB] :: Type 'SNAFU_MAimpoint_ACO' will be ignored. (Type does not exist. (Typo?))
 0:33:10.660 !!! [CE][offlineDB] :: Type 'SNAFU_MAimpoint_M5' will be ignored. (Type does not exist. (Typo?))
 0:33:10.660 !!! [CE][offlineDB] :: Type 'SNAFU_Mar10_15rnd_Mag' will be ignored. (Type does not exist. (Typo?))
 0:33:10.660 !!! [CE][offlineDB] :: Type 'SNAFU_MAR10_Black_GUN' will be ignored. (Type does not exist. (Typo?))
 0:33:10.660 !!! [CE][offlineDB] :: Type 'SNAFU_MCMR07' will be ignored. (Type does not exist. (Typo?))
 0:33:10.660 !!! [CE][offlineDB] :: Type 'SNAFU_MCMR08' will be ignored. (Type does not exist. (Typo?))
 0:33:10.660 !!! [CE][offlineDB] :: Type 'SNAFU_MCMR09' will be ignored. (Type does not exist. (Typo?))
 0:33:10.660 !!! [CE][offlineDB] :: Type 'SNAFU_MCMR10' will be ignored. (Type does not exist. (Typo?))
 0:33:10.660 !!! [CE][offlineDB] :: Type 'SNAFU_MCMR13' will be ignored. (Type does not exist. (Typo?))
 0:33:10.660 !!! [CE][offlineDB] :: Type 'SNAFU_MCMR15' will be ignored. (Type does not exist. (Typo?))
 0:33:10.660 !!! [CE][offlineDB] :: Type 'SNAFU_MD_Ammo_556x45mm_M855A1' will be ignored. (Type does not exist. (Typo?))
 0:33:10.660 !!! [CE][offlineDB] :: Type 'SNAFU_MElcan' will be ignored. (Type does not exist. (Typo?))
 0:33:10.660 !!! [CE][offlineDB] :: Type 'SNAFU_MEOTech_EXPS3' will be ignored. (Type does not exist. (Typo?))
 0:33:10.660 !!! [CE][offlineDB] :: Type 'SNAFU_MHuntingOptic' will be ignored. (Type does not exist. (Typo?))
 0:33:10.660 !!! [CE][offlineDB] :: Type 'SNAFU_MK10' will be ignored. (Type does not exist. (Typo?))
 0:33:10.660 !!! [CE][offlineDB] :: Type 'SNAFU_MK13' will be ignored. (Type does not exist. (Typo?))
 0:33:10.660 !!! [CE][offlineDB] :: Type 'SNAFU_MK15' will be ignored. (Type does not exist. (Typo?))
 0:33:10.660 !!! [CE][offlineDB] :: Type 'SNAFU_MK47_Stock' will be ignored. (Type does not exist. (Typo?))
 0:33:10.660 !!! [CE][offlineDB] :: Type 'SNAFU_MK4710Gun' will be ignored. (Type does not exist. (Typo?))
 0:33:10.660 !!! [CE][offlineDB] :: Type 'SNAFU_MK4716Gun' will be ignored. (Type does not exist. (Typo?))
 0:33:10.660 !!! [CE][offlineDB] :: Type 'SNAFU_MK47HG' will be ignored. (Type does not exist. (Typo?))
 0:33:10.660 !!! [CE][offlineDB] :: Type 'SNAFU_MK47Muzzel' will be ignored. (Type does not exist. (Typo?))
 0:33:10.660 !!! [CE][offlineDB] :: Type 'SNAFU_MK7' will be ignored. (Type does not exist. (Typo?))
 0:33:10.660 !!! [CE][offlineDB] :: Type 'SNAFU_MK9' will be ignored. (Type does not exist. (Typo?))
 0:33:10.660 !!! [CE][offlineDB] :: Type 'SNAFU_MKahles' will be ignored. (Type does not exist. (Typo?))
 0:33:10.660 !!! [CE][offlineDB] :: Type 'SNAFU_MLeupold_Mark8' will be ignored. (Type does not exist. (Typo?))
 0:33:10.660 !!! [CE][offlineDB] :: Type 'SNAFU_MNightforce' will be ignored. (Type does not exist. (Typo?))
 0:33:10.660 !!! [CE][offlineDB] :: Type 'SNAFU_ModBipod' will be ignored. (Type does not exist. (Typo?))
 0:33:10.660 !!! [CE][offlineDB] :: Type 'SNAFU_MOE_Stock' will be ignored. (Type does not exist. (Typo?))
 0:33:10.660 !!! [CE][offlineDB] :: Type 'SNAFU_Mosin_Mount_Base' will be ignored. (Type does not exist. (Typo?))
 0:33:10.660 !!! [CE][offlineDB] :: Type 'SNAFU_MP9_30rnd_Mag' will be ignored. (Type does not exist. (Typo?))
 0:33:10.660 !!! [CE][offlineDB] :: Type 'SNAFU_MP9_GUN' will be ignored. (Type does not exist. (Typo?))
 0:33:10.660 !!! [CE][offlineDB] :: Type 'SNAFU_MPX_30rnd_Mag' will be ignored. (Type does not exist. (Typo?))
 0:33:10.660 !!! [CE][offlineDB] :: Type 'SNAFU_MPX_GUN' will be ignored. (Type does not exist. (Typo?))
 0:33:10.660 !!! [CE][offlineDB] :: Type 'SNAFU_MPX_Suppressor_Black' will be ignored. (Type does not exist. (Typo?))
 0:33:10.660 !!! [CE][offlineDB] :: Type 'SNAFU_MTango6T_Black' will be ignored. (Type does not exist. (Typo?))
 0:33:10.660 !!! [CE][offlineDB] :: Type 'SNAFU_MTango6T_Snow' will be ignored. (Type does not exist. (Typo?))
 0:33:10.660 !!! [CE][offlineDB] :: Type 'SNAFU_MTango6T_Tan' will be ignored. (Type does not exist. (Typo?))
 0:33:10.660 !!! [CE][offlineDB] :: Type 'SNAFU_MTango6T_Wood' will be ignored. (Type does not exist. (Typo?))
 0:33:10.660 !!! [CE][offlineDB] :: Type 'SNAFU_MTrijicon_Docter' will be ignored. (Type does not exist. (Typo?))
 0:33:10.660 !!! [CE][offlineDB] :: Type 'SNAFU_MTrijicon' will be ignored. (Type does not exist. (Typo?))
 0:33:10.660 !!! [CE][offlineDB] :: Type 'SNAFU_MuzzelFF' will be ignored. (Type does not exist. (Typo?))
 0:33:10.660 !!! [CE][offlineDB] :: Type 'SNAFU_MWalther' will be ignored. (Type does not exist. (Typo?))
 0:33:10.660 !!! [CE][offlineDB] :: Type 'SNAFU_Nightforce' will be ignored. (Type does not exist. (Typo?))
 0:33:10.660 !!! [CE][offlineDB] :: Type 'SNAFU_Normalized_Suppressor_Black' will be ignored. (Type does not exist. (Typo?))
 0:33:10.660 !!! [CE][offlineDB] :: Type 'SNAFU_Normalized_Suppressor_Green' will be ignored. (Type does not exist. (Typo?))
 0:33:10.660 !!! [CE][offlineDB] :: Type 'SNAFU_NPKPBIPOD' will be ignored. (Type does not exist. (Typo?))
 0:33:10.660 !!! [CE][offlineDB] :: Type 'SNAFU_PDW_45ACP_Mag' will be ignored. (Type does not exist. (Typo?))
 0:33:10.660 !!! [CE][offlineDB] :: Type 'SNAFU_PDW_45ACP' will be ignored. (Type does not exist. (Typo?))
 0:33:10.660 !!! [CE][offlineDB] :: Type 'SNAFU_PDW_9mm_Mag' will be ignored. (Type does not exist. (Typo?))
 0:33:10.660 !!! [CE][offlineDB] :: Type 'SNAFU_PDW_9mm' will be ignored. (Type does not exist. (Typo?))
 0:33:10.660 !!! [CE][offlineDB] :: Type 'SNAFU_PEQ1_Laser' will be ignored. (Type does not exist. (Typo?))
 0:33:10.660 !!! [CE][offlineDB] :: Type 'SNAFU_PistolGripColtA2' will be ignored. (Type does not exist. (Typo?))
 0:33:10.660 !!! [CE][offlineDB] :: Type 'Snafu_pkp_250RND_Mag' will be ignored. (Type does not exist. (Typo?))
 0:33:10.660 !!! [CE][offlineDB] :: Type 'Snafu_pkp_Black_GUN' will be ignored. (Type does not exist. (Typo?))
 0:33:10.660 !!! [CE][offlineDB] :: Type 'Snafu_pkp_NBlack_GUN' will be ignored. (Type does not exist. (Typo?))
 0:33:10.660 !!! [CE][offlineDB] :: Type 'SNAFU_PKPBIPOD' will be ignored. (Type does not exist. (Typo?))
 0:33:10.660 !!! [CE][offlineDB] :: Type 'SNAFU_PMAG556_Black' will be ignored. (Type does not exist. (Typo?))
 0:33:10.660 !!! [CE][offlineDB] :: Type 'SNAFU_PMAG556_Grey' will be ignored. (Type does not exist. (Typo?))
 0:33:10.660 !!! [CE][offlineDB] :: Type 'SNAFU_PMAG556_OD' will be ignored. (Type does not exist. (Typo?))
 0:33:10.660 !!! [CE][offlineDB] :: Type 'SNAFU_PMAG556_Tan' will be ignored. (Type does not exist. (Typo?))
 0:33:10.660 !!! [CE][offlineDB] :: Type 'SNAFU_PRSGen3_Stock' will be ignored. (Type does not exist. (Typo?))
 0:33:10.660 !!! [CE][offlineDB] :: Type 'SNAFU_RPK16_Black_Mag' will be ignored. (Type does not exist. (Typo?))
 0:33:10.660 !!! [CE][offlineDB] :: Type 'SNAFU_RPK16_Black' will be ignored. (Type does not exist. (Typo?))
 0:33:10.660 !!! [CE][offlineDB] :: Type 'SNAFU_RPK16_Green_Mag' will be ignored. (Type does not exist. (Typo?))
 0:33:10.660 !!! [CE][offlineDB] :: Type 'SNAFU_RPK16_Green' will be ignored. (Type does not exist. (Typo?))
 0:33:10.660 !!! [CE][offlineDB] :: Type 'SNAFU_RPK16_Tan_Mag' will be ignored. (Type does not exist. (Typo?))
 0:33:10.660 !!! [CE][offlineDB] :: Type 'SNAFU_RPK16_Tan' will be ignored. (Type does not exist. (Typo?))
 0:33:10.660 !!! [CE][offlineDB] :: Type 'SNAFU_SADAR_Stock' will be ignored. (Type does not exist. (Typo?))
 0:33:10.660 !!! [CE][offlineDB] :: Type 'SNAFU_Saint_Gun' will be ignored. (Type does not exist. (Typo?))
 0:33:10.660 !!! [CE][offlineDB] :: Type 'SNAFU_Saint_Mag' will be ignored. (Type does not exist. (Typo?))
 0:33:10.660 !!! [CE][offlineDB] :: Type 'SNAFU_Saint556_Gun' will be ignored. (Type does not exist. (Typo?))
 0:33:10.660 !!! [CE][offlineDB] :: Type 'SNAFU_SBA_Stock' will be ignored. (Type does not exist. (Typo?))
 0:33:10.660 !!! [CE][offlineDB] :: Type 'SNAFU_ScarH_100RND_Mag_Black' will be ignored. (Type does not exist. (Typo?))
 0:33:10.660 !!! [CE][offlineDB] :: Type 'SNAFU_ScarH_100RND_Mag_Tan' will be ignored. (Type does not exist. (Typo?))
 0:33:10.660 !!! [CE][offlineDB] :: Type 'Snafu_ScarH_25RND_Mag_BK' will be ignored. (Type does not exist. (Typo?))
 0:33:10.660 !!! [CE][offlineDB] :: Type 'Snafu_ScarH_25RND_Mag_DKMC' will be ignored. (Type does not exist. (Typo?))
 0:33:10.660 !!! [CE][offlineDB] :: Type 'Snafu_ScarH_25RND_Mag_OD' will be ignored. (Type does not exist. (Typo?))
 0:33:10.660 !!! [CE][offlineDB] :: Type 'Snafu_ScarH_25RND_Mag_Snow' will be ignored. (Type does not exist. (Typo?))
 0:33:10.661 !!! [CE][offlineDB] :: Type 'Snafu_ScarH_25RND_Mag_Tan' will be ignored. (Type does not exist. (Typo?))
 0:33:10.662 !!! [CE][offlineDB] :: Type 'Snafu_ScarH_Black_GUN' will be ignored. (Type does not exist. (Typo?))
 0:33:10.662 !!! [CE][offlineDB] :: Type 'Snafu_ScarH_DKMC_GUN' will be ignored. (Type does not exist. (Typo?))
 0:33:10.663 !!! [CE][offlineDB] :: Type 'Snafu_ScarH_OD_GUN' will be ignored. (Type does not exist. (Typo?))
 0:33:10.663 !!! [CE][offlineDB] :: Type 'Snafu_ScarH_SIL_Black' will be ignored. (Type does not exist. (Typo?))
 0:33:10.663 !!! [CE][offlineDB] :: Type 'Snafu_ScarH_SIL_Tan' will be ignored. (Type does not exist. (Typo?))
 0:33:10.663 !!! [CE][offlineDB] :: Type 'Snafu_ScarH_Snow_GUN' will be ignored. (Type does not exist. (Typo?))
 0:33:10.663 !!! [CE][offlineDB] :: Type 'Snafu_ScarH_Tan_GUN' will be ignored. (Type does not exist. (Typo?))
 0:33:10.663 !!! [CE][offlineDB] :: Type 'SNAFU_SCQR_Stock' will be ignored. (Type does not exist. (Typo?))
 0:33:10.664 !!! [CE][offlineDB] :: Type 'SNAFU_SKS_10Rnd_Mag' will be ignored. (Type does not exist. (Typo?))
 0:33:10.664 !!! [CE][offlineDB] :: Type 'SNAFU_SKS_30Rnd_Mag' will be ignored. (Type does not exist. (Typo?))
 0:33:10.664 !!! [CE][offlineDB] :: Type 'SNAFU_SKS_Bayonet' will be ignored. (Type does not exist. (Typo?))
 0:33:10.664 !!! [CE][offlineDB] :: Type 'SNAFU_SKS' will be ignored. (Type does not exist. (Typo?))
 0:33:10.664 !!! [CE][offlineDB] :: Type 'SNAFU_SPMOD' will be ignored. (Type does not exist. (Typo?))
 0:33:10.664 !!! [CE][offlineDB] :: Type 'SNAFU_SR25_Gun' will be ignored. (Type does not exist. (Typo?))
 0:33:10.664 !!! [CE][offlineDB] :: Type 'SNAFU_SR25_Mag' will be ignored. (Type does not exist. (Typo?))
 0:33:10.664 !!! [CE][offlineDB] :: Type 'SNAFU_SR25_Supp' will be ignored. (Type does not exist. (Typo?))
 0:33:10.664 !!! [CE][offlineDB] :: Type 'SNAFU_SR3Grip' will be ignored. (Type does not exist. (Typo?))
 0:33:10.664 !!! [CE][offlineDB] :: Type 'SNAFU_SR3HG' will be ignored. (Type does not exist. (Typo?))
 0:33:10.664 !!! [CE][offlineDB] :: Type 'SNAFU_SR3Vikhr_Mag' will be ignored. (Type does not exist. (Typo?))
 0:33:10.665 !!! [CE][offlineDB] :: Type 'SNAFU_SR3Vikhr_Supp' will be ignored. (Type does not exist. (Typo?))
 0:33:10.665 !!! [CE][offlineDB] :: Type 'SNAFU_Standardized_Suppressor_Black' will be ignored. (Type does not exist. (Typo?))
 0:33:10.665 !!! [CE][offlineDB] :: Type 'SNAFU_Standardized_Suppressor_Green' will be ignored. (Type does not exist. (Typo?))
 0:33:10.665 !!! [CE][offlineDB] :: Type 'SNAFU_TACGripColtA2_BK' will be ignored. (Type does not exist. (Typo?))
 0:33:10.665 !!! [CE][offlineDB] :: Type 'SNAFU_TACGripColtA2_Grey' will be ignored. (Type does not exist. (Typo?))
 0:33:10.665 !!! [CE][offlineDB] :: Type 'SNAFU_TACGripColtA2_OD' will be ignored. (Type does not exist. (Typo?))
 0:33:10.665 !!! [CE][offlineDB] :: Type 'SNAFU_TACGripColtA2_Tan' will be ignored. (Type does not exist. (Typo?))
 0:33:10.665 !!! [CE][offlineDB] :: Type 'SNAFU_Tango6T_Black' will be ignored. (Type does not exist. (Typo?))
 0:33:10.666 !!! [CE][offlineDB] :: Type 'SNAFU_Tango6T_Snow' will be ignored. (Type does not exist. (Typo?))
 0:33:10.666 !!! [CE][offlineDB] :: Type 'SNAFU_Tango6T_Tan' will be ignored. (Type does not exist. (Typo?))
 0:33:10.666 !!! [CE][offlineDB] :: Type 'SNAFU_Tango6T_Wood' will be ignored. (Type does not exist. (Typo?))
 0:33:10.666 !!! [CE][offlineDB] :: Type 'SNAFU_TP82S' will be ignored. (Type does not exist. (Typo?))
 0:33:10.666 !!! [CE][offlineDB] :: Type 'SNAFU_Trenchgun' will be ignored. (Type does not exist. (Typo?))
 0:33:10.666 !!! [CE][offlineDB] :: Type 'SNAFU_Trijicon_Docter' will be ignored. (Type does not exist. (Typo?))
 0:33:10.666 !!! [CE][offlineDB] :: Type 'SNAFU_Trijicon' will be ignored. (Type does not exist. (Typo?))
 0:33:10.666 !!! [CE][offlineDB] :: Type 'SNAFU_U100_Mag' will be ignored. (Type does not exist. (Typo?))
 0:33:10.666 !!! [CE][offlineDB] :: Type 'SNAFU_U100' will be ignored. (Type does not exist. (Typo?))
 0:33:10.666 !!! [CE][offlineDB] :: Type 'SNAFU_UBR_Stock' will be ignored. (Type does not exist. (Typo?))
 0:33:10.667 !!! [CE][offlineDB] :: Type 'SNAFU_VSSKbipod' will be ignored. (Type does not exist. (Typo?))
 0:33:10.667 !!! [CE][offlineDB] :: Type 'SNAFU_Walther' will be ignored. (Type does not exist. (Typo?))
 0:33:10.667 !!! [CE][offlineDB] :: Type 'SNAFU_WSR3Stock' will be ignored. (Type does not exist. (Typo?))
 0:33:10.667 !!! [CE][offlineDB] :: Type 'SNAFUAlligator_5rdMag' will be ignored. (Type does not exist. (Typo?))
 0:33:10.667 !!! [CE][offlineDB] :: Type 'SNAFUAlligator' will be ignored. (Type does not exist. (Typo?))
 0:33:10.667 !!! [CE][offlineDB] :: Type 'SNAFUAPS_20rdMag' will be ignored. (Type does not exist. (Typo?))
 0:33:10.667 !!! [CE][offlineDB] :: Type 'SNAFUAPS' will be ignored. (Type does not exist. (Typo?))
 0:33:10.667 !!! [CE][offlineDB] :: Type 'SNAFUAR15_AFG' will be ignored. (Type does not exist. (Typo?))
 0:33:10.667 !!! [CE][offlineDB] :: Type 'SNAFUAR15_SPR_100RND_Mag' will be ignored. (Type does not exist. (Typo?))
 0:33:10.667 !!! [CE][offlineDB] :: Type 'SNAFUAR15_SPR_30RND_Mag' will be ignored. (Type does not exist. (Typo?))
 0:33:10.667 !!! [CE][offlineDB] :: Type 'SNAFUAR15_SPR_40RND_Mag' will be ignored. (Type does not exist. (Typo?))
 0:33:10.667 !!! [CE][offlineDB] :: Type 'SNAFUAR15_SPR_60RND_Mag' will be ignored. (Type does not exist. (Typo?))
 0:33:10.667 !!! [CE][offlineDB] :: Type 'SNAFUAR15_SPR_SIL' will be ignored. (Type does not exist. (Typo?))
 0:33:10.667 !!! [CE][offlineDB] :: Type 'SNAFUAR15_SPR_SQSIL' will be ignored. (Type does not exist. (Typo?))
 0:33:10.667 !!! [CE][offlineDB] :: Type 'SNAFUASh12_20rdMag' will be ignored. (Type does not exist. (Typo?))
 0:33:10.668 !!! [CE][offlineDB] :: Type 'SNAFUASh12' will be ignored. (Type does not exist. (Typo?))
 0:33:10.668 !!! [CE][offlineDB] :: Type 'SNAFUAUG_30rdMag' will be ignored. (Type does not exist. (Typo?))
 0:33:10.669 !!! [CE][offlineDB] :: Type 'SNAFUAUG_BK' will be ignored. (Type does not exist. (Typo?))
 0:33:10.669 !!! [CE][offlineDB] :: Type 'SNAFUAUG' will be ignored. (Type does not exist. (Typo?))
 0:33:10.669 !!! [CE][offlineDB] :: Type 'SNAFUAX50_GUN' will be ignored. (Type does not exist. (Typo?))
 0:33:10.669 !!! [CE][offlineDB] :: Type 'SNAFUAX50_Mag' will be ignored. (Type does not exist. (Typo?))
 0:33:10.669 !!! [CE][offlineDB] :: Type 'SNAFUChiappaRhino' will be ignored. (Type does not exist. (Typo?))
 0:33:10.669 !!! [CE][offlineDB] :: Type 'SNAFUDSASA58_Stock' will be ignored. (Type does not exist. (Typo?))
 0:33:10.669 !!! [CE][offlineDB] :: Type 'SNAFUDVL10M2_5rdMag' will be ignored. (Type does not exist. (Typo?))
 0:33:10.669 !!! [CE][offlineDB] :: Type 'SNAFUDVL10M2' will be ignored. (Type does not exist. (Typo?))
 0:33:10.670 !!! [CE][offlineDB] :: Type 'SNAFUFAMAS' will be ignored. (Type does not exist. (Typo?))
 0:33:10.670 !!! [CE][offlineDB] :: Type 'SNAFUGevar_10rdMag' will be ignored. (Type does not exist. (Typo?))
 0:33:10.670 !!! [CE][offlineDB] :: Type 'SNAFUGevar_Black' will be ignored. (Type does not exist. (Typo?))
 0:33:10.670 !!! [CE][offlineDB] :: Type 'SNAFUGevar_Green' will be ignored. (Type does not exist. (Typo?))
 0:33:10.670 !!! [CE][offlineDB] :: Type 'SNAFUGevar_Grey' will be ignored. (Type does not exist. (Typo?))
 0:33:10.670 !!! [CE][offlineDB] :: Type 'SNAFUGevar_Suppressor_Green' will be ignored. (Type does not exist. (Typo?))
 0:33:10.670 !!! [CE][offlineDB] :: Type 'SNAFUGevar_Suppressor_Tan' will be ignored. (Type does not exist. (Typo?))
 0:33:10.670 !!! [CE][offlineDB] :: Type 'SNAFUGevar_Tan' will be ignored. (Type does not exist. (Typo?))
 0:33:10.670 !!! [CE][offlineDB] :: Type 'SNAFUGM6Lynx_5rdMag' will be ignored. (Type does not exist. (Typo?))
 0:33:10.670 !!! [CE][offlineDB] :: Type 'SNAFUGM6Lynx' will be ignored. (Type does not exist. (Typo?))
 0:33:10.670 !!! [CE][offlineDB] :: Type 'SNAFUHoneyBadger_30rdMag_Black' will be ignored. (Type does not exist. (Typo?))
 0:33:10.670 !!! [CE][offlineDB] :: Type 'SNAFUHoneyBadger_30rdMag_Tan' will be ignored. (Type does not exist. (Typo?))
 0:33:10.670 !!! [CE][offlineDB] :: Type 'SNAFUHoneyBadger_Black' will be ignored. (Type does not exist. (Typo?))
 0:33:10.670 !!! [CE][offlineDB] :: Type 'SNAFUHoneyBadger_Tan' will be ignored. (Type does not exist. (Typo?))
 0:33:10.671 !!! [CE][offlineDB] :: Type 'SNAFUKH9_30rdMag' will be ignored. (Type does not exist. (Typo?))
 0:33:10.671 !!! [CE][offlineDB] :: Type 'SNAFUKH9' will be ignored. (Type does not exist. (Typo?))
 0:33:10.671 !!! [CE][offlineDB] :: Type 'SNAFUKivaari_10rdMag' will be ignored. (Type does not exist. (Typo?))
 0:33:10.671 !!! [CE][offlineDB] :: Type 'SNAFUKivaari_25rdMag' will be ignored. (Type does not exist. (Typo?))
 0:33:10.671 !!! [CE][offlineDB] :: Type 'SNAFUKivaari_338_Supp' will be ignored. (Type does not exist. (Typo?))
 0:33:10.671 !!! [CE][offlineDB] :: Type 'SNAFUKivaari_Black_GUN' will be ignored. (Type does not exist. (Typo?))
 0:33:10.671 !!! [CE][offlineDB] :: Type 'SNAFUKivaari_Grey_GUN' will be ignored. (Type does not exist. (Typo?))
 0:33:10.671 !!! [CE][offlineDB] :: Type 'SNAFUKivaari_Snow_GUN' will be ignored. (Type does not exist. (Typo?))
 0:33:10.671 !!! [CE][offlineDB] :: Type 'SNAFUKivaari_Tan_GUN' will be ignored. (Type does not exist. (Typo?))
 0:33:10.671 !!! [CE][offlineDB] :: Type 'SNAFUM1A_20rdMag' will be ignored. (Type does not exist. (Typo?))
 0:33:10.671 !!! [CE][offlineDB] :: Type 'SNAFUM1A_Black' will be ignored. (Type does not exist. (Typo?))
 0:33:10.671 !!! [CE][offlineDB] :: Type 'SNAFUM1A_Green' will be ignored. (Type does not exist. (Typo?))
 0:33:10.672 !!! [CE][offlineDB] :: Type 'SNAFUM1A_Tan' will be ignored. (Type does not exist. (Typo?))
 0:33:10.672 !!! [CE][offlineDB] :: Type 'SNAFUM24_GUN' will be ignored. (Type does not exist. (Typo?))
 0:33:10.672 !!! [CE][offlineDB] :: Type 'SNAFUM24_Mag' will be ignored. (Type does not exist. (Typo?))
 0:33:10.672 !!! [CE][offlineDB] :: Type 'SNAFUM96_5rdMag' will be ignored. (Type does not exist. (Typo?))
 0:33:10.672 !!! [CE][offlineDB] :: Type 'SNAFUM96' will be ignored. (Type does not exist. (Typo?))
 0:33:10.672 !!! [CE][offlineDB] :: Type 'SNAFUM98B_Atac_GUN' will be ignored. (Type does not exist. (Typo?))
 0:33:10.672 !!! [CE][offlineDB] :: Type 'SNAFUM98B_Digi_GUN' will be ignored. (Type does not exist. (Typo?))
 0:33:10.672 !!! [CE][offlineDB] :: Type 'SNAFUM98B_Ger_GUN' will be ignored. (Type does not exist. (Typo?))
 0:33:10.672 !!! [CE][offlineDB] :: Type 'SNAFUM98B_Mag' will be ignored. (Type does not exist. (Typo?))
 0:33:10.672 !!! [CE][offlineDB] :: Type 'SNAFUM98B_Mc_GUN' will be ignored. (Type does not exist. (Typo?))
 0:33:10.672 !!! [CE][offlineDB] :: Type 'SNAFUM98B_Snow_GUN' will be ignored. (Type does not exist. (Typo?))
 0:33:10.673 !!! [CE][offlineDB] :: Type 'SNAFUM98B_Wood_GUN' will be ignored. (Type does not exist. (Typo?))
 0:33:10.673 !!! [CE][offlineDB] :: Type 'SNAFUMagnum500' will be ignored. (Type does not exist. (Typo?))
 0:33:10.673 !!! [CE][offlineDB] :: Type 'SNAFUMarlin1895' will be ignored. (Type does not exist. (Typo?))
 0:33:10.673 !!! [CE][offlineDB] :: Type 'SNAFUMk12_20rdMag' will be ignored. (Type does not exist. (Typo?))
 0:33:10.673 !!! [CE][offlineDB] :: Type 'SNAFUMk12' will be ignored. (Type does not exist. (Typo?))
 0:33:10.673 !!! [CE][offlineDB] :: Type 'SNAFUMPX_Grip' will be ignored. (Type does not exist. (Typo?))
 0:33:10.674 !!! [CE][offlineDB] :: Type 'SNAFUP90_50rdMag' will be ignored. (Type does not exist. (Typo?))
 0:33:10.674 !!! [CE][offlineDB] :: Type 'SNAFUP90' will be ignored. (Type does not exist. (Typo?))
 0:33:10.674 !!! [CE][offlineDB] :: Type 'SNAFUPPSh_71rdMag' will be ignored. (Type does not exist. (Typo?))
 0:33:10.674 !!! [CE][offlineDB] :: Type 'SNAFUPPSh' will be ignored. (Type does not exist. (Typo?))
 0:33:10.674 !!! [CE][offlineDB] :: Type 'SNAFUPPSKN_30rdMag' will be ignored. (Type does not exist. (Typo?))
 0:33:10.674 !!! [CE][offlineDB] :: Type 'SNAFUPPSKN' will be ignored. (Type does not exist. (Typo?))
 0:33:10.675 !!! [CE][offlineDB] :: Type 'SNAFURPD_100rdMag' will be ignored. (Type does not exist. (Typo?))
 0:33:10.675 !!! [CE][offlineDB] :: Type 'SNAFURPD' will be ignored. (Type does not exist. (Typo?))
 0:33:10.675 !!! [CE][offlineDB] :: Type 'SNAFURSASS_dkmc_GUN' will be ignored. (Type does not exist. (Typo?))
 0:33:10.675 !!! [CE][offlineDB] :: Type 'SNAFURSASS_Mag' will be ignored. (Type does not exist. (Typo?))
 0:33:10.675 !!! [CE][offlineDB] :: Type 'SNAFURSASS_od_GUN' will be ignored. (Type does not exist. (Typo?))
 0:33:10.675 !!! [CE][offlineDB] :: Type 'SNAFURSASS_Wood_GUN' will be ignored. (Type does not exist. (Typo?))
 0:33:10.675 !!! [CE][offlineDB] :: Type 'SNAFUSA80' will be ignored. (Type does not exist. (Typo?))
 0:33:10.675 !!! [CE][offlineDB] :: Type 'SNAFUScar_AFG_BK' will be ignored. (Type does not exist. (Typo?))
 0:33:10.675 !!! [CE][offlineDB] :: Type 'SNAFUScar_AFG_Tan' will be ignored. (Type does not exist. (Typo?))
 0:33:10.675 !!! [CE][offlineDB] :: Type 'SNAFUSR3_Vikhr' will be ignored. (Type does not exist. (Typo?))
 0:33:10.675 !!! [CE][offlineDB] :: Type 'SNAFUSRSA2_10rdMag' will be ignored. (Type does not exist. (Typo?))
 0:33:10.675 !!! [CE][offlineDB] :: Type 'SNAFUSRSA2' will be ignored. (Type does not exist. (Typo?))
 0:33:10.675 !!! [CE][offlineDB] :: Type 'SNAFUSten_32rdMag' will be ignored. (Type does not exist. (Typo?))
 0:33:10.675 !!! [CE][offlineDB] :: Type 'SNAFUSten' will be ignored. (Type does not exist. (Typo?))
 0:33:10.675 !!! [CE][offlineDB] :: Type 'SNAFUSWM629' will be ignored. (Type does not exist. (Typo?))
 0:33:10.675 !!! [CE][offlineDB] :: Type 'SNAFUT5000_Dkmcc_GUN' will be ignored. (Type does not exist. (Typo?))
 0:33:10.675 !!! [CE][offlineDB] :: Type 'SNAFUT5000_Mag' will be ignored. (Type does not exist. (Typo?))
 0:33:10.675 !!! [CE][offlineDB] :: Type 'SNAFUT5000_Snow_GUN' will be ignored. (Type does not exist. (Typo?))
 0:33:10.675 !!! [CE][offlineDB] :: Type 'SNAFUT5000_Wood_GUN' will be ignored. (Type does not exist. (Typo?))
 0:33:10.675 !!! [CE][offlineDB] :: Type 'SNAFUTac21_5rdMag' will be ignored. (Type does not exist. (Typo?))
 0:33:10.675 !!! [CE][offlineDB] :: Type 'SNAFUTac21' will be ignored. (Type does not exist. (Typo?))
 0:33:10.675 !!! [CE][offlineDB] :: Type 'SNAFUTAR21_Black' will be ignored. (Type does not exist. (Typo?))
 0:33:10.675 !!! [CE][offlineDB] :: Type 'SNAFUTAR21_Green' will be ignored. (Type does not exist. (Typo?))
 0:33:10.675 !!! [CE][offlineDB] :: Type 'SNAFUTAR21_Tan' will be ignored. (Type does not exist. (Typo?))
 0:33:10.675 !!! [CE][offlineDB] :: Type 'SNAFUThompsonMk2_30rdMag' will be ignored. (Type does not exist. (Typo?))
 0:33:10.675 !!! [CE][offlineDB] :: Type 'SNAFUThompsonMk2' will be ignored. (Type does not exist. (Typo?))
 0:33:10.675 !!! [CE][offlineDB] :: Type 'SNAFUUniversalLight' will be ignored. (Type does not exist. (Typo?))
 0:33:10.675 !!! [CE][offlineDB] :: Type 'SNAFUUzi_32rdMag' will be ignored. (Type does not exist. (Typo?))
 0:33:10.675 !!! [CE][offlineDB] :: Type 'SNAFUUzi_72rdMag' will be ignored. (Type does not exist. (Typo?))
 0:33:10.675 !!! [CE][offlineDB] :: Type 'SNAFUUzi' will be ignored. (Type does not exist. (Typo?))
 0:33:10.675 !!! [CE][offlineDB] :: Type 'SNAFUVECTOR_45acp_GUN' will be ignored. (Type does not exist. (Typo?))
 0:33:10.675 !!! [CE][offlineDB] :: Type 'SNAFUVECTOR_45acp_Mag' will be ignored. (Type does not exist. (Typo?))
 0:33:10.675 !!! [CE][offlineDB] :: Type 'SNAFUVECTOR_9mm_GUN' will be ignored. (Type does not exist. (Typo?))
 0:33:10.675 !!! [CE][offlineDB] :: Type 'SNAFUVECTOR_9mm_Mag' will be ignored. (Type does not exist. (Typo?))
 0:33:10.675 !!! [CE][offlineDB] :: Type 'SNAFUVSSK' will be ignored. (Type does not exist. (Typo?))
 0:33:10.675 !!! [CE][offlineDB] :: Type 'SNHK417_Gun' will be ignored. (Type does not exist. (Typo?))
 0:33:10.675 !!! [CE][offlineDB] :: Type 'SNHK417_Mag' will be ignored. (Type does not exist. (Typo?))
 0:33:10.675 !!! [CE][offlineDB] :: Type 'SNSA58_Gun' will be ignored. (Type does not exist. (Typo?))
 0:33:10.675 !!! [CE][offlineDB] :: Type 'Spas12_Gun' will be ignored. (Type does not exist. (Typo?))
 0:33:10.675 !!! [CE][offlineDB] :: Type 'SR3_Vikhr_Supp' will be ignored. (Type does not exist. (Typo?))
 0:33:10.675 !!! [CE][offlineDB] :: Type 'Tec9_Gun' will be ignored. (Type does not exist. (Typo?))
 0:33:10.675 !!! [CE][offlineDB] :: Type 'Tec9_Mag' will be ignored. (Type does not exist. (Typo?))
 0:33:10.675 !!! [CE][offlineDB] :: Type 'VR80_Gun' will be ignored. (Type does not exist. (Typo?))
 0:33:10.675 !!! [CE][offlineDB] :: Type 'VR80_Magazine_10rd' will be ignored. (Type does not exist. (Typo?))
 0:33:10.675 !!! [CE][offlineDB] :: Type 'VR80_Magazine_5rd' will be ignored. (Type does not exist. (Typo?))
 0:33:10.675 !!! [CE][offlineDB] :: Type 'GCGN_BenelliM4' will be ignored. (Type does not exist. (Typo?))
 0:33:10.675 !!! [CE][offlineDB] :: Type 'GCGN_M1Garand_FlashHider' will be ignored. (Type does not exist. (Typo?))
 0:33:10.675 !!! [CE][offlineDB] :: Type 'GCGN_M1Garand_Supp' will be ignored. (Type does not exist. (Typo?))
 0:33:10.675 !!! [CE][offlineDB] :: Type 'SNAFU_50bmg_Suppressor_B' will be ignored. (Type does not exist. (Typo?))
 0:33:10.675 !!! [CE][offlineDB] :: Type 'SNAFU_50bmg_Suppressor_M' will be ignored. (Type does not exist. (Typo?))
 0:33:10.675 !!! [CE][offlineDB] :: Type 'SNAFU_50bmg_Suppressor_S' will be ignored. (Type does not exist. (Typo?))
 0:33:10.675 !!! [CE][offlineDB] :: Type 'SNAFU_50bmg_Suppressor_U' will be ignored. (Type does not exist. (Typo?))
 0:33:10.675 !!! [CE][offlineDB] :: Type 'SNAFU_50bmg_Suppressor_W' will be ignored. (Type does not exist. (Typo?))
 0:33:10.675 !!! [CE][offlineDB] :: Type 'SNAFU_AWM_GUN' will be ignored. (Type does not exist. (Typo?))
 0:33:10.675 !!! [CE][offlineDB] :: Type 'SNAFU_Kabar' will be ignored. (Type does not exist. (Typo?))
 0:33:10.675 !!! [CE][offlineDB] :: Type 'SNAFU_PL14HQP' will be ignored. (Type does not exist. (Typo?))
 0:33:10.675 !!! [CE][offlineDB] :: Type 'SNAFU_PL14HQP_Mag' will be ignored. (Type does not exist. (Typo?))
 0:33:10.675 !!! [CE][offlineDB] :: Type 'SNAFU_Shotgunchoke_Black' will be ignored. (Type does not exist. (Typo?))
 0:33:10.675 !!! [CE][offlineDB] :: Type 'SNAFU_Shotgunchoke_Blue' will be ignored. (Type does not exist. (Typo?))
 0:33:10.675 !!! [CE][offlineDB] :: Type 'SNAFU_Shotgunchoke_Brown' will be ignored. (Type does not exist. (Typo?))
 0:33:10.675 !!! [CE][offlineDB] :: Type 'SNAFU_Shotgunchoke_Green' will be ignored. (Type does not exist. (Typo?))
 0:33:10.675 !!! [CE][offlineDB] :: Type 'SNAFU_Shotgunchoke_Purple' will be ignored. (Type does not exist. (Typo?))
 0:33:10.675 !!! [CE][offlineDB] :: Type 'SNAFU_Shotgunchoke_Red' will be ignored. (Type does not exist. (Typo?))
 0:33:10.675 !!! [CE][offlineDB] :: Type 'SNAFU_Shotgunchoke_Tur' will be ignored. (Type does not exist. (Typo?))
 0:33:10.675 !!! [CE][offlineDB] :: Type 'SNAFU_Shotgunchoke_Yellow' will be ignored. (Type does not exist. (Typo?))
 0:33:10.675 !!! [CE][offlineDB] :: Type 'SNAFUAR15_SPR_Black_GUN' will be ignored. (Type does not exist. (Typo?))
 0:33:10.675 !!! [CE][offlineDB] :: Type 'SNAFUAR15_SPR_Tan_GUN' will be ignored. (Type does not exist. (Typo?))
 0:33:10.675 !!! [CE][offlineDB] :: Type 'SNAFUVSSK_5rdMag' will be ignored. (Type does not exist. (Typo?))
 0:33:10.675 !!! [CE][offlineDB] :: Type 'SR3_Vikhr_Gun' will be ignored. (Type does not exist. (Typo?))
 0:33:10.675 !!! [CE][offlineDB] :: Type 'SR3_Vikhr_Mag' will be ignored. (Type does not exist. (Typo?))
 0:33:10.684 [CE][DE][SPAWNS] :: Total positions: 711
 0:33:10.684 [CE][DE][GROUPS] :: Total eventgroups defined: 0, Eventgroups in use: 0
 0:33:10.684 [CE][Storage] ver:0 stamp:0, valid:NO, name:"G:\SteamLibrary\steamapps\common\DayZServer\mpmissions\regular.namalsk\storage_4\data\events.bin"
 0:33:10.685 [CE][Storage] ver:0 stamp:0, valid:NO, name:"G:\SteamLibrary\steamapps\common\DayZServer\mpmissions\regular.namalsk\storage_4\data\events.001"
 0:33:10.685 [CE][Storage] ver:0 stamp:0, valid:NO, name:"G:\SteamLibrary\steamapps\common\DayZServer\mpmissions\regular.namalsk\storage_4\data\events.002"
 0:33:10.686 [CE][Storage] ver:0 stamp:0, valid:NO, name:"G:\SteamLibrary\steamapps\common\DayZServer\mpmissions\regular.namalsk\storage_4\data\dynamic_000.bin"
 0:33:10.686 [CE][Storage] ver:0 stamp:0, valid:NO, name:"G:\SteamLibrary\steamapps\common\DayZServer\mpmissions\regular.namalsk\storage_4\data\dynamic_000.001"
 0:33:10.686 [CE][Storage] ver:0 stamp:0, valid:NO, name:"G:\SteamLibrary\steamapps\common\DayZServer\mpmissions\regular.namalsk\storage_4\data\dynamic_000.002"
 0:33:10.687 [CE][Storage] ver:0 stamp:0, valid:NO, name:"G:\SteamLibrary\steamapps\common\DayZServer\mpmissions\regular.namalsk\storage_4\data\dynamic_001.bin"
 0:33:10.687 [CE][Storage] ver:0 stamp:0, valid:NO, name:"G:\SteamLibrary\steamapps\common\DayZServer\mpmissions\regular.namalsk\storage_4\data\dynamic_001.001"
 0:33:10.687 [CE][Storage] ver:0 stamp:0, valid:NO, name:"G:\SteamLibrary\steamapps\common\DayZServer\mpmissions\regular.namalsk\storage_4\data\dynamic_001.002"
 0:33:10.687 [CE][Storage] ver:0 stamp:0, valid:NO, name:"G:\SteamLibrary\steamapps\common\DayZServer\mpmissions\regular.namalsk\storage_4\data\dynamic_002.bin"
 0:33:10.687 [CE][Storage] ver:0 stamp:0, valid:NO, name:"G:\SteamLibrary\steamapps\common\DayZServer\mpmissions\regular.namalsk\storage_4\data\dynamic_002.001"
 0:33:10.688 [CE][Storage] ver:0 stamp:0, valid:NO, name:"G:\SteamLibrary\steamapps\common\DayZServer\mpmissions\regular.namalsk\storage_4\data\dynamic_002.002"
 0:33:10.688 [CE][Storage] ver:0 stamp:0, valid:NO, name:"G:\SteamLibrary\steamapps\common\DayZServer\mpmissions\regular.namalsk\storage_4\data\dynamic_003.bin"
 0:33:10.688 [CE][Storage] ver:0 stamp:0, valid:NO, name:"G:\SteamLibrary\steamapps\common\DayZServer\mpmissions\regular.namalsk\storage_4\data\dynamic_003.001"
 0:33:10.688 [CE][Storage] ver:0 stamp:0, valid:NO, name:"G:\SteamLibrary\steamapps\common\DayZServer\mpmissions\regular.namalsk\storage_4\data\dynamic_003.002"
 0:33:10.689 [CE][Storage] ver:0 stamp:0, valid:NO, name:"G:\SteamLibrary\steamapps\common\DayZServer\mpmissions\regular.namalsk\storage_4\data\dynamic_004.bin"
 0:33:10.689 [CE][Storage] ver:0 stamp:0, valid:NO, name:"G:\SteamLibrary\steamapps\common\DayZServer\mpmissions\regular.namalsk\storage_4\data\dynamic_004.001"
 0:33:10.689 [CE][Storage] ver:0 stamp:0, valid:NO, name:"G:\SteamLibrary\steamapps\common\DayZServer\mpmissions\regular.namalsk\storage_4\data\dynamic_004.002"
 0:33:10.690 [CE][Storage] ver:0 stamp:0, valid:NO, name:"G:\SteamLibrary\steamapps\common\DayZServer\mpmissions\regular.namalsk\storage_4\data\dynamic_005.bin"
 0:33:10.690 [CE][Storage] ver:0 stamp:0, valid:NO, name:"G:\SteamLibrary\steamapps\common\DayZServer\mpmissions\regular.namalsk\storage_4\data\dynamic_005.001"
 0:33:10.690 [CE][Storage] ver:0 stamp:0, valid:NO, name:"G:\SteamLibrary\steamapps\common\DayZServer\mpmissions\regular.namalsk\storage_4\data\dynamic_005.002"
 0:33:10.691 [CE][Storage] ver:0 stamp:0, valid:NO, name:"G:\SteamLibrary\steamapps\common\DayZServer\mpmissions\regular.namalsk\storage_4\data\dynamic_006.bin"
 0:33:10.691 [CE][Storage] ver:0 stamp:0, valid:NO, name:"G:\SteamLibrary\steamapps\common\DayZServer\mpmissions\regular.namalsk\storage_4\data\dynamic_006.001"
 0:33:10.691 [CE][Storage] ver:0 stamp:0, valid:NO, name:"G:\SteamLibrary\steamapps\common\DayZServer\mpmissions\regular.namalsk\storage_4\data\dynamic_006.002"
 0:33:10.691 [CE][Storage] ver:0 stamp:0, valid:NO, name:"G:\SteamLibrary\steamapps\common\DayZServer\mpmissions\regular.namalsk\storage_4\data\dynamic_007.bin"
 0:33:10.692 [CE][Storage] ver:0 stamp:0, valid:NO, name:"G:\SteamLibrary\steamapps\common\DayZServer\mpmissions\regular.namalsk\storage_4\data\dynamic_007.001"
 0:33:10.692 [CE][Storage] ver:0 stamp:0, valid:NO, name:"G:\SteamLibrary\steamapps\common\DayZServer\mpmissions\regular.namalsk\storage_4\data\dynamic_007.002"
 0:33:10.693 [CE][Storage] ver:0 stamp:0, valid:NO, name:"G:\SteamLibrary\steamapps\common\DayZServer\mpmissions\regular.namalsk\storage_4\data\dynamic_008.bin"
 0:33:10.693 [CE][Storage] ver:0 stamp:0, valid:NO, name:"G:\SteamLibrary\steamapps\common\DayZServer\mpmissions\regular.namalsk\storage_4\data\dynamic_008.001"
 0:33:10.693 [CE][Storage] ver:0 stamp:0, valid:NO, name:"G:\SteamLibrary\steamapps\common\DayZServer\mpmissions\regular.namalsk\storage_4\data\dynamic_008.002"
 0:33:10.693 [CE][Storage] ver:0 stamp:0, valid:NO, name:"G:\SteamLibrary\steamapps\common\DayZServer\mpmissions\regular.namalsk\storage_4\data\dynamic_009.bin"
 0:33:10.693 [CE][Storage] ver:0 stamp:0, valid:NO, name:"G:\SteamLibrary\steamapps\common\DayZServer\mpmissions\regular.namalsk\storage_4\data\dynamic_009.001"
 0:33:10.694 [CE][Storage] ver:0 stamp:0, valid:NO, name:"G:\SteamLibrary\steamapps\common\DayZServer\mpmissions\regular.namalsk\storage_4\data\dynamic_009.002"
 0:33:10.694 [CE][Storage] ver:0 stamp:0, valid:NO, name:"G:\SteamLibrary\steamapps\common\DayZServer\mpmissions\regular.namalsk\storage_4\data\dynamic_010.bin"
 0:33:10.695 [CE][Storage] ver:0 stamp:0, valid:NO, name:"G:\SteamLibrary\steamapps\common\DayZServer\mpmissions\regular.namalsk\storage_4\data\dynamic_010.001"
 0:33:10.695 [CE][Storage] ver:0 stamp:0, valid:NO, name:"G:\SteamLibrary\steamapps\common\DayZServer\mpmissions\regular.namalsk\storage_4\data\dynamic_010.002"
 0:33:10.695 [CE][Storage] ver:0 stamp:0, valid:NO, name:"G:\SteamLibrary\steamapps\common\DayZServer\mpmissions\regular.namalsk\storage_4\data\dynamic_011.bin"
 0:33:10.696 [CE][Storage] ver:0 stamp:0, valid:NO, name:"G:\SteamLibrary\steamapps\common\DayZServer\mpmissions\regular.namalsk\storage_4\data\dynamic_011.001"
 0:33:10.696 [CE][Storage] ver:0 stamp:0, valid:NO, name:"G:\SteamLibrary\steamapps\common\DayZServer\mpmissions\regular.namalsk\storage_4\data\dynamic_011.002"
 0:33:10.696 [CE][Storage] ver:0 stamp:0, valid:NO, name:"G:\SteamLibrary\steamapps\common\DayZServer\mpmissions\regular.namalsk\storage_4\data\building.bin"
 0:33:10.696 [CE][Storage] ver:0 stamp:0, valid:NO, name:"G:\SteamLibrary\steamapps\common\DayZServer\mpmissions\regular.namalsk\storage_4\data\building.001"
 0:33:10.696 [CE][Storage] ver:0 stamp:0, valid:NO, name:"G:\SteamLibrary\steamapps\common\DayZServer\mpmissions\regular.namalsk\storage_4\data\building.002"
 0:33:10.697 [CE][Storage] ver:0 stamp:0, valid:NO, name:"G:\SteamLibrary\steamapps\common\DayZServer\mpmissions\regular.namalsk\storage_4\data\vehicles.bin"
 0:33:10.697 [CE][Storage] ver:0 stamp:0, valid:NO, name:"G:\SteamLibrary\steamapps\common\DayZServer\mpmissions\regular.namalsk\storage_4\data\vehicles.001"
 0:33:10.697 [CE][Storage] ver:0 stamp:0, valid:NO, name:"G:\SteamLibrary\steamapps\common\DayZServer\mpmissions\regular.namalsk\storage_4\data\vehicles.002"
 0:33:10.697 [CE][Hive] :: Empty storage folder, reinitializing ... 
 0:33:10.707 [CE][Hive] :: Initializing ... 
 0:33:10.708 [CE][InitializeMap] :: initialized: 0
 0:33:10.708 [CE][Hive] :: Initializing spawners ... 
 0:33:10.735  ENTITY       : Load entity type 'Land_Garage_Row_Big'
 0:33:10.735   ENTITY    (W): Door 'DoorsTwin1' is missing geometry components for selection 'DoorsTwin1', check model+config
 0:33:10.735   ENTITY    (W): Door 'DoorsTwin2' is missing geometry components for selection 'DoorsTwin2', check model+config
 0:33:10.735   ENTITY    (W): Door 'DoorsTwin3' is missing geometry components for selection 'DoorsTwin3', check model+config
 0:33:10.735   ENTITY    (W): Door 'DoorsTwin4' is missing geometry components for selection 'DoorsTwin4', check model+config
 0:33:10.759  ENTITY       : Load entity type 'Land_Ruin_HouseBig1_NoIvy_Half'
 0:33:10.759   ENTITY    (W): Door 'DoorsTwin1' is missing geometry components for selection 'DoorsTwin1', check model+config
 0:33:10.828  ENTITY    (W): Unknown object class 'pond' (dz\water_sakhal\ice_lake\sakhal_50x50_ice_lake_clear.p3d)
 0:33:10.909  ENTITY    (W): Unknown object class 'pond' (dz\water_sakhal\ice_lake\sakhal_50x50_ice_lake_clear.p3d)
 0:33:11.148  ENTITY    (W): Unknown object class 'pond' (dz\water_sakhal\ice_lake\sakhal_50x50_ice_lake_clear.p3d)
 0:33:11.149  ENTITY    (W): Unknown object class 'pond' (dz\water_sakhal\ice_lake\sakhal_50x50_ice_lake_clear.p3d)
 0:33:11.221  ENTITY    (W): Unknown object class 'pond' (nst\ns\water\lakewater.p3d)
 0:33:11.221  ENTITY    (W): Unknown object class 'pond' (nst\ns\water\lakewater.p3d)
 0:33:11.222  ENTITY    (W): Unknown object class 'pond' (nst\ns\water\lakewater.p3d)
 0:33:11.317  ENTITY    (W): Unknown object class 'pond' (nst\ns\water\lakewater.p3d)
 0:33:11.317  ENTITY    (W): Unknown object class 'pond' (nst\ns\water\lakewater.p3d)
 0:33:11.318  ENTITY    (W): Unknown object class 'pond' (nst\ns\water\lakewater.p3d)
 0:33:11.432  ENTITY    (W): Unknown object class 'pond' (nst\ns\water\lakewater.p3d)
 0:33:11.432  ENTITY    (W): Unknown object class 'pond' (nst\ns\water\lakewater.p3d)
 0:33:11.526  ENTITY    (W): Unknown object class 'pond' (dz\water_sakhal\ice_lake\sakhal_50x50_ice_lake_clear.p3d)
 0:33:11.630  ENTITY    (W): Unknown object class 'pond' (nst\ns\water\lakewater.p3d)
 0:33:11.630  ENTITY    (W): Unknown object class 'pond' (nst\ns\water\lakewater.p3d)
 0:33:11.631  ENTITY    (W): Unknown object class 'pond' (nst\ns\water\lakewater.p3d)
 0:33:11.631  ENTITY    (W): Unknown object class 'pond' (nst\ns\water\lakewater.p3d)
 0:33:11.651  ENTITY    (W): Unknown object class 'pond' (nst\ns\water\lakewater.p3d)
 0:33:11.652  ENTITY    (W): Unknown object class 'pond' (nst\ns\water\lakewater.p3d)
 0:33:11.652  ENTITY    (W): Unknown object class 'pond' (nst\ns\water\lakewater.p3d)
 0:33:11.652  ENTITY    (W): Unknown object class 'pond' (nst\ns\water\lakewater.p3d)
 0:33:11.657 [CE][LootRespawner] (PRIDummy) :: Item [0] is hard to place, performance drops: "DownJacket_Orange"
 0:33:11.669  ENTITY    (W): Unknown object class 'pond' (nst\ns\water\lakewater.p3d)
 0:33:11.669  ENTITY    (W): Unknown object class 'pond' (nst\ns\water\lakewater.p3d)
 0:33:11.690  WORLD        : Create entity type 'BaseRadio'
 0:33:11.690   ENTITY    (E): Type 'Inventory_BaseType' must be inherited from class 'ItemTransmitterType'
 0:33:11.706  ENTITY    (W): Unknown object class 'pond' (nst\ns\water\lakewater.p3d)
 0:33:11.729 [CE][LootRespawner] (PRIDummy) :: Item [1] is hard to place, performance drops: "WomanSuit_Khaki"
 0:33:11.803 [CE][LootRespawner] (PRIDummy) :: Item [2] is hard to place, performance drops: "Jeans_Green"
 0:33:11.813 [CE][LootRespawner] (PRIDummy) :: Item [3] is hard to place, performance drops: "HuntingVest"
 0:33:11.813 [CE][LootRespawner] (PRIDummy) :: Item [4] is hard to place, performance drops: "HuntingVest"
 0:33:11.817 [CE][LootRespawner] (PRIDummy) :: Item [5] is hard to place, performance drops: "HuntingVest"
 0:33:11.829  WORLD        : Create entity type 'Megaphone'
 0:33:11.829   ENTITY    (E): Type 'Inventory_BaseType' must be inherited from class 'ItemMegaphoneType'
 0:33:11.836 [CE][LootRespawner] (PRIDummy) :: Item [6] is hard to place, performance drops: "BurlapSack"
 0:33:11.838 [CE][LootRespawner] (PRIDummy) :: Item [7] is hard to place, performance drops: "BurlapSack"
 0:33:11.879  WORLD        : Create entity type 'Headtorch_Grey'
 0:33:11.879   ENTITY    (E): Type 'Inventory_BaseType' must be inherited from class 'ClothingType'
 0:33:11.906 [CE][LootRespawner] (PRIDummy) :: Item [8] is hard to place, performance drops: "QuiltedJacket_Black"
 0:33:11.907 [CE][LootRespawner] (PRIDummy) :: Item [9] is hard to place, performance drops: "Flag_Bear"
 0:33:11.966 [CE][LootRespawner] (PRIDummy) :: Item [10] is hard to place, performance drops: "HikingJacket_Green"
 0:33:11.985 [CE][LootRespawner] (PRIDummy) :: Item [11] is hard to place, performance drops: "Hacksaw"
 0:33:11.988 [CE][LootRespawner] (PRIDummy) :: Item [12] is hard to place, performance drops: "Hacksaw"
 0:33:11.992 [CE][LootRespawner] (PRIDummy) :: Item [13] is hard to place, performance drops: "Hacksaw"
 0:33:12.07   ENTITY    (W): Unknown object class 'pond' (nst\ns\water\lakewater.p3d)
 0:33:12.07   ENTITY    (W): Unknown object class 'pond' (nst\ns\water\lakewater.p3d)
 0:33:12.07   ENTITY    (W): Unknown object class 'pond' (nst\ns\water\lakewater.p3d)
 0:33:12.07   ENTITY    (W): Unknown object class 'pond' (nst\ns\water\lakewater.p3d)
 0:33:12.09   ENTITY    (W): Unknown object class 'pond' (nst\ns\water\lakewater.p3d)
 0:33:12.09   ENTITY    (W): Unknown object class 'pond' (nst\ns\water\lakewater.p3d)
 0:33:12.11   ENTITY    (W): Unknown object class 'pond' (nst\ns\water\lakewater.p3d)
 0:33:12.11   ENTITY    (W): Unknown object class 'pond' (nst\ns\water\lakewater.p3d)
 0:33:12.11   ENTITY    (W): Unknown object class 'pond' (nst\ns\water\lakewater.p3d)
 0:33:12.14   ENTITY    (W): Unknown object class 'pond' (nst\ns\water\lakewater.p3d)
 0:33:12.14   ENTITY    (W): Unknown object class 'pond' (nst\ns\water\lakewater.p3d)
 0:33:12.14   ENTITY    (W): Unknown object class 'pond' (nst\ns\water\lakewater.p3d)
 0:33:12.22   ENTITY    (W): Unknown object class 'pond' (nst\ns\water\lakewater.p3d)
 0:33:12.22   ENTITY    (W): Unknown object class 'pond' (nst\ns\water\lakewater.p3d)
 0:33:12.22   ENTITY    (W): Unknown object class 'pond' (nst\ns\water\lakewater.p3d)
 0:33:12.22   ENTITY    (W): Unknown object class 'pond' (nst\ns\water\lakewater.p3d)
 0:33:12.25  [CE][LootRespawner] (PRIDummy) :: Item [14] is hard to place, performance drops: "Broom"
 0:33:12.46  [CE][LootRespawner] (PRIDummy) :: Item [15] is hard to place, performance drops: "FarmingHoe"
 0:33:12.46  [CE][LootRespawner] (PRIDummy) :: Item [16] is hard to place, performance drops: "FarmingHoe"
 0:33:12.60  [CE][LootRespawner] (PRIDummy) :: Item [17] is hard to place, performance drops: "BomberJacket_Brown"
 0:33:12.60  [CE][LootRespawner] (PRIDummy) :: Item [18] is hard to place, performance drops: "BomberJacket_Brown"
 0:33:12.60  [CE][LootRespawner] (PRIDummy) :: Item [19] is hard to place, performance drops: "BomberJacket_Brown"
 0:33:12.64  [CE][LootRespawner] (PRIDummy) :: Item [0] causing search overtime: "StartKitIV"
 0:33:12.80  [CE][LootRespawner] (PRIDummy) :: Item [20] is hard to place, performance drops: "QuiltedJacket_Orange"
 0:33:12.95  [CE][LootRespawner] (PRIDummy) :: Item [21] is hard to place, performance drops: "BearTrap"
 0:33:12.96  [CE][LootRespawner] (PRIDummy) :: Item [22] is hard to place, performance drops: "BearTrap"
 0:33:12.107 [CE][LootRespawner] (PRIDummy) :: Item [23] is hard to place, performance drops: "TrackSuitJacket_Red"
 0:33:12.107 [CE][LootRespawner] (PRIDummy) :: Item [24] is hard to place, performance drops: "TrackSuitJacket_Red"
 0:33:12.108 [CE][LootRespawner] (PRIDummy) :: Item [25] is hard to place, performance drops: "HunterPants_Winter"
 0:33:12.108 [CE][LootRespawner] (PRIDummy) :: Item [26] is hard to place, performance drops: "HunterPants_Winter"
 0:33:12.108 [CE][LootRespawner] (PRIDummy) :: Item [27] is hard to place, performance drops: "HunterPants_Winter"
 0:33:12.110 [CE][LootRespawner] (PRIDummy) :: Item [28] is hard to place, performance drops: "BomberJacket_Olive"
 0:33:12.111 [CE][LootRespawner] (PRIDummy) :: Item [29] is hard to place, performance drops: "BomberJacket_Olive"
 0:33:12.111 [CE][LootRespawner] (PRIDummy) :: Item [30] is hard to place, performance drops: "BomberJacket_Olive"
 0:33:12.143 [CE][LootRespawner] (PRIDummy) :: Item [31] is hard to place, performance drops: "Jeans_Black"
 0:33:12.156 [CE][LootRespawner] (PRIDummy) :: Item [32] is hard to place, performance drops: "TShirt_Grey"
 0:33:12.156 [CE][LootRespawner] (PRIDummy) :: Item [33] is hard to place, performance drops: "TShirt_Grey"
 0:33:12.156 [CE][LootRespawner] (PRIDummy) :: Item [34] is hard to place, performance drops: "TShirt_Grey"
 0:33:12.157 [CE][LootRespawner] (PRIDummy) :: Item [35] is hard to place, performance drops: "TShirt_Grey"
 0:33:12.157 [CE][LootRespawner] (PRIDummy) :: Item [36] is hard to place, performance drops: "TShirt_Grey"
 0:33:12.179 [CE][LootRespawner] (PRIDummy) :: Item [37] is hard to place, performance drops: "BalaclavaMask_Beige"
 0:33:12.234 [CE][LootRespawner] (PRIDummy) :: Item [38] is hard to place, performance drops: "BDUJacket"
 0:33:12.247 [CE][LootRespawner] (PRIDummy) :: Item [39] is hard to place, performance drops: "WorkingBoots_Brown"
 0:33:12.256 [CE][LootRespawner] (PRIDummy) :: Item [40] is hard to place, performance drops: "TTsKOJacket_Camo"
 0:33:12.257 [CE][LootRespawner] (PRIDummy) :: Item [41] is hard to place, performance drops: "FryingPan"
 0:33:12.258 [CE][LootRespawner] (PRIDummy) :: Item [42] is hard to place, performance drops: "FryingPan"
 0:33:12.258 [CE][LootRespawner] (PRIDummy) :: Item [43] is hard to place, performance drops: "FryingPan"
 0:33:12.259 [CE][LootRespawner] (PRIDummy) :: Item [44] is hard to place, performance drops: "FryingPan"
 0:33:12.310 [CE][LootRespawner] (PRIDummy) :: Item [1] causing search overtime: "BloodTestKit"
 0:33:12.312 [CE][LootRespawner] (PRIDummy) :: Item [2] causing search overtime: "BloodTestKit"
 0:33:12.314 !!! [CE][Point] Removing 5295.420410, 7099.399902 from land_wrecked_mi8_frozen
 0:33:12.333 [CE][LootRespawner] (PRIDummy) :: Item [45] is hard to place, performance drops: "Iceaxe"
 0:33:12.334 [CE][LootRespawner] (PRIDummy) :: Item [46] is hard to place, performance drops: "Iceaxe"
 0:33:12.334 [CE][LootRespawner] (PRIDummy) :: Item [47] is hard to place, performance drops: "Iceaxe"
 0:33:12.336 [CE][LootRespawner] (PRIDummy) :: Item [48] is hard to place, performance drops: "Iceaxe"
 0:33:12.336 [CE][LootRespawner] (PRIDummy) :: Item [49] is hard to place, performance drops: "Iceaxe"
 0:33:12.379 [CE][LootRespawner] (PRIDummy) :: Item [3] causing search overtime: "dzn_blueprint_lehs"
 0:33:12.383 [CE][LootRespawner] (PRIDummy) :: Item [50] is hard to place, performance drops: "TaloonBag_Blue"
 0:33:12.427 [CE][LootRespawner] (PRIDummy) :: Item [51] is hard to place, performance drops: "MountainBag_Orange"
 0:33:12.427 [CE][LootRespawner] (PRIDummy) :: Item [52] is hard to place, performance drops: "MountainBag_Orange"
 0:33:12.477 [CE][LootRespawner] (PRIDummy) :: Item [53] is hard to place, performance drops: "ManSuit_Blue"
 0:33:12.507 [CE][LootRespawner] (PRIDummy) :: Item [54] is hard to place, performance drops: "Jeans_BlueDark"
 0:33:12.508 [CE][LootRespawner] (PRIDummy) :: Item [55] is hard to place, performance drops: "Jeans_BlueDark"
 0:33:12.512 [CE][LootRespawner] (PRIDummy) :: Item [56] is hard to place, performance drops: "Mosin9130"
 0:33:12.512 [CE][LootRespawner] (PRIDummy) :: Item [57] is hard to place, performance drops: "Mosin9130"
 0:33:12.519 [CE][LootRespawner] (PRIDummy) :: Item [58] is hard to place, performance drops: "Mosin9130"
 0:33:12.525 [CE][LootRespawner] (PRIDummy) :: Item [59] is hard to place, performance drops: "Shemag_Brown"
 0:33:12.540 [CE][LootRespawner] (PRIDummy) :: Item [60] is hard to place, performance drops: "TrackSuitPants_Black"
 0:33:12.540 [CE][LootRespawner] (PRIDummy) :: Item [61] is hard to place, performance drops: "TrackSuitPants_Black"
 0:33:12.541 [CE][LootRespawner] (PRIDummy) :: Item [62] is hard to place, performance drops: "TrackSuitPants_Black"
 0:33:12.541 [CE][LootRespawner] (PRIDummy) :: Item [63] is hard to place, performance drops: "TrackSuitPants_Black"
 0:33:12.545 [CE][LootRespawner] (PRIDummy) :: Item [64] is hard to place, performance drops: "Winchester70"
 0:33:12.545 [CE][LootRespawner] (PRIDummy) :: Item [65] is hard to place, performance drops: "Winchester70"
 0:33:12.577 [CE][LootRespawner] (PRIDummy) :: Item [66] is hard to place, performance drops: "MotoHelmet_Green"
 0:33:12.618 [CE][LootRespawner] (PRIDummy) :: Item [67] is hard to place, performance drops: "Pipe"
 0:33:12.618 [CE][LootRespawner] (PRIDummy) :: Item [68] is hard to place, performance drops: "Pipe"
 0:33:12.627 [CE][LootRespawner] (PRIDummy) :: Item [69] is hard to place, performance drops: "Tripod"
 0:33:12.628 [CE][LootRespawner] (PRIDummy) :: Item [70] is hard to place, performance drops: "SlingBag_Brown"
 0:33:12.650 [CE][LootRespawner] (PRIDummy) :: Item [71] is hard to place, performance drops: "Sneakers_Red"
 0:33:12.764 [CE][LootRespawner] (PRIDummy) :: Item [72] is hard to place, performance drops: "CZ550"
 0:33:12.777  WORLD        : Create entity type 'personalradio'
 0:33:12.777   ENTITY    (E): Type 'Inventory_BaseType' must be inherited from class 'ItemTransmitterType'
 0:33:12.795 [CE][LootRespawner] (PRIDummy) :: Item [73] is hard to place, performance drops: "Fabric"
 0:33:12.811 [CE][LootRespawner] (PRIDummy) :: Item [74] is hard to place, performance drops: "Bandana_BlackPattern"
 0:33:12.812 [CE][LootRespawner] (PRIDummy) :: Item [75] is hard to place, performance drops: "BalaclavaMask_Blue"
 0:33:12.812 [CE][LootRespawner] (PRIDummy) :: Item [76] is hard to place, performance drops: "BalaclavaMask_Blue"
 0:33:12.813 [CE][LootRespawner] (PRIDummy) :: Item [77] is hard to place, performance drops: "BalaclavaMask_Blue"
 0:33:12.824 [CE][LootRespawner] (PRIDummy) :: Item [78] is hard to place, performance drops: "GorkaEJacket_Flat"
 0:33:12.840 [CE][LootRespawner] (PRIDummy) :: Item [79] is hard to place, performance drops: "DressShoes_Brown"
 0:33:12.867 [CE][LootRespawner] (PRIDummy) :: Item [80] is hard to place, performance drops: "BalaclavaMask_Pink"
 0:33:12.873 [CE][LootRespawner] (PRIDummy) :: Item [4] causing search overtime: "SalineBag"
 0:33:12.880  ENTITY    (W): Unknown object class 'pond' (dz\water_sakhal\ice_lake\sakhal_50x50_ice_lake_clear.p3d)
 0:33:12.900 [CE][LootRespawner] (PRIDummy) :: Item [81] is hard to place, performance drops: "WoolCoat_Black"
 0:33:12.900 [CE][LootRespawner] (PRIDummy) :: Item [82] is hard to place, performance drops: "WoolCoat_Black"
 0:33:12.930 [CE][LootRespawner] (PRIDummy) :: Item [83] is hard to place, performance drops: "WoodenPlank"
 0:33:12.935 [CE][LootRespawner] (PRIDummy) :: Item [84] is hard to place, performance drops: "WoodenPlank"
 0:33:12.935 [CE][LootRespawner] (PRIDummy) :: Item [85] is hard to place, performance drops: "WoodenPlank"
 0:33:12.935 [CE][LootRespawner] (PRIDummy) :: Item [86] is hard to place, performance drops: "WoodenPlank"
 0:33:12.950 [CE][LootRespawner] (PRIDummy) :: Item [87] is hard to place, performance drops: "Truck_01_WheelDouble"
 0:33:12.950 [CE][LootRespawner] (PRIDummy) :: Item [88] is hard to place, performance drops: "Truck_01_WheelDouble"
 0:33:12.951 [CE][LootRespawner] (PRIDummy) :: Item [89] is hard to place, performance drops: "Truck_01_WheelDouble"
 0:33:12.951 [CE][LootRespawner] (PRIDummy) :: Item [90] is hard to place, performance drops: "Truck_01_WheelDouble"
 0:33:12.955 [CE][LootRespawner] (PRIDummy) :: Item [91] is hard to place, performance drops: "CargoPants_Black"
 0:33:12.959 !!! [CE][Point] Removing 5765.984863, 8641.666016 from land_wrecked_ural
 0:33:12.959 [CE][LootRespawner] (PRIDummy) :: Item [92] is hard to place, performance drops: "dzn_milberet_red"
 0:33:13.22  [CE][LootRespawner] (PRIDummy) :: Item [93] is hard to place, performance drops: "TShirt_Black"
 0:33:13.50  [CE][LootRespawner] (PRIDummy) :: Item [94] is hard to place, performance drops: "CarBattery"
 0:33:13.83  [CE][LootRespawner] (PRIDummy) :: Item [5] causing search overtime: "BandageDressing"
 0:33:13.84  [CE][LootRespawner] (PRIDummy) :: Item [6] causing search overtime: "BandageDressing"
 0:33:13.85  [CE][LootRespawner] (PRIDummy) :: Item [7] causing search overtime: "BandageDressing"
 0:33:13.95  [CE][LootRespawner] (PRIDummy) :: Item [95] is hard to place, performance drops: "Offroad_02_Wheel"
 0:33:13.107 [CE][LootRespawner] (PRIDummy) :: Item [96] is hard to place, performance drops: "JumpsuitJacket_Gray"
 0:33:13.131 [CE][LootRespawner] (PRIDummy) :: Item [8] causing search overtime: "BloodBagEmpty"
 0:33:13.133 [CE][LootRespawner] (PRIDummy) :: Item [9] causing search overtime: "BloodBagEmpty"
 0:33:13.135 [CE][LootRespawner] (PRIDummy) :: Item [97] is hard to place, performance drops: "Barrel_Blue"
 0:33:13.163 [CE][LootRespawner] (PRIDummy) :: Item [98] is hard to place, performance drops: "SVD"
 0:33:13.179 [CE][LootRespawner] (PRIDummy) :: Item [10] causing search overtime: "SurgicalMask"
 0:33:13.183 [CE][LootRespawner] (PRIDummy) :: Item [99] is hard to place, performance drops: "Sweater_Blue"
 0:33:13.183 [CE][LootRespawner] (PRIDummy) :: Item [100] is hard to place, performance drops: "Sweater_Blue"
 0:33:13.195 [CE][LootRespawner] (PRIDummy) :: Item [101] is hard to place, performance drops: "CargoPants_Grey"
 0:33:13.199 [CE][LootRespawner] (PRIDummy) :: Item [102] is hard to place, performance drops: "Ruger1022"
 0:33:13.202 [CE][LootRespawner] (PRIDummy) :: Item [103] is hard to place, performance drops: "Ruger1022"
 0:33:13.202 [CE][LootRespawner] (PRIDummy) :: Item [104] is hard to place, performance drops: "Ruger1022"
 0:33:13.202 [CE][LootRespawner] (PRIDummy) :: Item [105] is hard to place, performance drops: "Ruger1022"
 0:33:13.217 [CE][LootRespawner] (PRIDummy) :: Item [106] is hard to place, performance drops: "TaloonBag_Violet"
 0:33:13.217 [CE][LootRespawner] (PRIDummy) :: Item [107] is hard to place, performance drops: "TaloonBag_Violet"
 0:33:13.243 [CE][LootRespawner] (PRIDummy) :: Item [108] is hard to place, performance drops: "WorkingGloves_Brown"
 0:33:13.254 [CE][LootRespawner] (PRIDummy) :: Item [109] is hard to place, performance drops: "Sedan_02_Wheel"
 0:33:13.293 [CE][LootRespawner] (PRIDummy) :: Item [110] is hard to place, performance drops: "WoodAxe"
 0:33:13.338 [CE][LootRespawner] (PRIDummy) :: Item [111] is hard to place, performance drops: "WorkingGloves_Yellow"
 0:33:13.340 [CE][LootRespawner] (PRIDummy) :: Item [112] is hard to place, performance drops: "WorkingGloves_Yellow"
 0:33:13.350 [CE][LootRespawner] (PRIDummy) :: Item [113] is hard to place, performance drops: "Crossbow_Wood"
 0:33:13.350 [CE][LootRespawner] (PRIDummy) :: Item [114] is hard to place, performance drops: "Crossbow_Wood"
 0:33:13.360 [CE][LootRespawner] (PRIDummy) :: Item [115] is hard to place, performance drops: "ConstructionHelmet_Orange"
 0:33:13.368 [CE][LootRespawner] (PRIDummy) :: Item [11] causing search overtime: "FirefighterJacket_Black"
 0:33:13.383 [CE][LootRespawner] (PRIDummy) :: Item [12] causing search overtime: "StarlightOptic"
 0:33:13.384 [CE][LootRespawner] (PRIDummy) :: Item [13] causing search overtime: "StarlightOptic"
 0:33:13.384 [CE][LootRespawner] (PRIDummy) :: Item [14] causing search overtime: "StarlightOptic"
 0:33:13.385 [CE][LootRespawner] (PRIDummy) :: Item [116] is hard to place, performance drops: "ElectronicRepairKit"
 0:33:13.390 [CE][LootRespawner] (PRIDummy) :: Item [117] is hard to place, performance drops: "BomberJacket_Black"
 0:33:13.406 [CE][LootRespawner] (PRIDummy) :: Item [118] is hard to place, performance drops: "NavyUniformPants"
 0:33:13.414 [CE][LootRespawner] (PRIDummy) :: Item [119] is hard to place, performance drops: "BarbedWire"
 0:33:13.415 [CE][LootRespawner] (PRIDummy) :: Item [120] is hard to place, performance drops: "BarbedWire"
 0:33:13.415 [CE][LootRespawner] (PRIDummy) :: Item [121] is hard to place, performance drops: "BarbedWire"
 0:33:13.417 [CE][LootRespawner] (PRIDummy) :: Item [122] is hard to place, performance drops: "BarbedWire"
 0:33:13.420 [CE][LootRespawner] (PRIDummy) :: Item [123] is hard to place, performance drops: "Sweater_Red"
 0:33:13.449 [CE][LootRespawner] (PRIDummy) :: Item [124] is hard to place, performance drops: "SVD_Wooden"
 0:33:13.450 [CE][LootRespawner] (PRIDummy) :: Item [125] is hard to place, performance drops: "SVD_Wooden"
 0:33:13.450 [CE][LootRespawner] (PRIDummy) :: Item [126] is hard to place, performance drops: "SVD_Wooden"
 0:33:13.482 [CE][LootRespawner] (PRIDummy) :: Item [127] is hard to place, performance drops: "dzn_ghilliehoodtandark"
 0:33:13.509 [CE][LootRespawner] (PRIDummy) :: Item [15] causing search overtime: "dzn_netanyas_log"
 0:33:13.537 [CE][LootRespawner] (PRIDummy) :: Item [128] is hard to place, performance drops: "DenimJacket"
 0:33:13.544 [CE][LootRespawner] (PRIDummy) :: Item [16] causing search overtime: "FirefighterJacket_Beige"
 0:33:13.550 [CE][LootRespawner] (PRIDummy) :: Item [129] is hard to place, performance drops: "TShirt_Red"
 0:33:13.559 !!! [CE][Point] Removing 6162.589844, 10878.765625 from land_hut_old01
 0:33:13.559 [CE][LootRespawner] (PRIDummy) :: Item [130] is hard to place, performance drops: "CharcoalTablets"
 0:33:13.677 [CE][LootRespawner] (PRIDummy) :: Item [17] causing search overtime: "Mag_SV98_10Rnd"
 0:33:13.678 [CE][LootRespawner] (PRIDummy) :: Item [18] causing search overtime: "Mag_SV98_10Rnd"
 0:33:13.689 [CE][LootRespawner] (PRIDummy) :: Item [131] is hard to place, performance drops: "JumpsuitJacket_Blue"
 0:33:13.689 [CE][LootRespawner] (PRIDummy) :: Item [132] is hard to place, performance drops: "JumpsuitJacket_Blue"
 0:33:13.691 [CE][LootRespawner] (PRIDummy) :: Item [133] is hard to place, performance drops: "MedicalScrubsPants_Blue"
 0:33:13.702 [CE][LootRespawner] (PRIDummy) :: Item [134] is hard to place, performance drops: "Raincoat_Red"
 0:33:13.704 [CE][LootRespawner] (PRIDummy) :: Item [135] is hard to place, performance drops: "WeldingMask"
 0:33:13.705 [CE][LootRespawner] (PRIDummy) :: Item [136] is hard to place, performance drops: "WeldingMask"
 0:33:13.710 [CE][LootRespawner] (PRIDummy) :: Item [137] is hard to place, performance drops: "TrackSuitJacket_Blue"
 0:33:13.766 [CE][LootRespawner] (PRIDummy) :: Item [138] is hard to place, performance drops: "Rope"
 0:33:13.779 [CE][LootRespawner] (PRIDummy) :: Item [139] is hard to place, performance drops: "JumpsuitJacket_Red"
 0:33:13.783 [CE][LootRespawner] (PRIDummy) :: Item [140] is hard to place, performance drops: "JumpsuitJacket_Red"
 0:33:13.791 [CE][LootRespawner] (PRIDummy) :: Item [19] causing search overtime: "AugShort"
 0:33:13.795 [CE][LootRespawner] (PRIDummy) :: Item [141] is hard to place, performance drops: "WorkingGloves_Beige"
 0:33:13.811 [CE][LootRespawner] (PRIDummy) :: Item [142] is hard to place, performance drops: "MedicalScrubsShirt_White"
 0:33:13.812 [CE][LootRespawner] (PRIDummy) :: Item [143] is hard to place, performance drops: "Pickaxe"
 0:33:13.814 [CE][LootRespawner] (PRIDummy) :: Item [144] is hard to place, performance drops: "Pickaxe"
 0:33:13.814 [CE][LootRespawner] (PRIDummy) :: Item [145] is hard to place, performance drops: "Pickaxe"
 0:33:13.814 [CE][LootRespawner] (PRIDummy) :: Item [146] is hard to place, performance drops: "Pickaxe"
 0:33:13.830 [CE][LootRespawner] (PRIDummy) :: Item [147] is hard to place, performance drops: "CanvasBag_Olive"
 0:33:13.833 [CE][LootRespawner] (PRIDummy) :: Item [148] is hard to place, performance drops: "Hatchback_02_Wheel"
 0:33:13.833 [CE][LootRespawner] (PRIDummy) :: Item [149] is hard to place, performance drops: "Hatchback_02_Wheel"
 0:33:13.836 [CE][LootRespawner] (PRIDummy) :: Item [150] is hard to place, performance drops: "Hatchback_02_Wheel"
 0:33:13.838 [CE][LootRespawner] (PRIDummy) :: Item [151] is hard to place, performance drops: "Hatchback_02_Wheel"
 0:33:13.840 [CE][LootRespawner] (PRIDummy) :: Item [152] is hard to place, performance drops: "JumpsuitPants_Grey"
 0:33:13.845 [CE][LootRespawner] (PRIDummy) :: Item [153] is hard to place, performance drops: "JumpsuitPants_Grey"
 0:33:13.850 [CE][LootRespawner] (PRIDummy) :: Item [154] is hard to place, performance drops: "Wrench"
 0:33:13.865 [CE][LootRespawner] (PRIDummy) :: Item [155] is hard to place, performance drops: "BatteryCharger"
 0:33:13.867 [CE][LootRespawner] (PRIDummy) :: Item [156] is hard to place, performance drops: "BatteryCharger"
 0:33:13.868 [CE][LootRespawner] (PRIDummy) :: Item [157] is hard to place, performance drops: "BatteryCharger"
 0:33:13.868 [CE][LootRespawner] (PRIDummy) :: Item [158] is hard to place, performance drops: "BatteryCharger"
 0:33:13.875  WORLD        : Create entity type 'Headtorch_Black'
 0:33:13.875   ENTITY    (E): Type 'Inventory_BaseType' must be inherited from class 'ClothingType'
 0:33:13.882 [CE][LootRespawner] (PRIDummy) :: Item [159] is hard to place, performance drops: "NBCJacketGray"
 0:33:13.883 [CE][LootRespawner] (PRIDummy) :: Item [160] is hard to place, performance drops: "NBCJacketGray"
 0:33:13.884 [CE][LootRespawner] (PRIDummy) :: Item [161] is hard to place, performance drops: "NBCJacketGray"
 0:33:13.884 [CE][LootRespawner] (PRIDummy) :: Item [162] is hard to place, performance drops: "NBCJacketGray"
 0:33:13.885 [CE][LootRespawner] (PRIDummy) :: Item [163] is hard to place, performance drops: "NBCJacketGray"
 0:33:13.888 [CE][LootRespawner] (PRIDummy) :: Item [164] is hard to place, performance drops: "MetalPlate"
 0:33:13.889 [CE][LootRespawner] (PRIDummy) :: Item [165] is hard to place, performance drops: "MetalPlate"
 0:33:13.889 [CE][LootRespawner] (PRIDummy) :: Item [166] is hard to place, performance drops: "MetalPlate"
 0:33:13.889 [CE][LootRespawner] (PRIDummy) :: Item [167] is hard to place, performance drops: "MetalPlate"
 0:33:13.889 [CE][LootRespawner] (PRIDummy) :: Item [168] is hard to place, performance drops: "MetalPlate"
 0:33:13.889 [CE][LootRespawner] (PRIDummy) :: Item [169] is hard to place, performance drops: "MetalPlate"
 0:33:13.891 [CE][LootRespawner] (PRIDummy) :: Item [170] is hard to place, performance drops: "MetalPlate"
 0:33:13.893 [CE][LootRespawner] (PRIDummy) :: Item [171] is hard to place, performance drops: "MetalPlate"
 0:33:13.893 [CE][LootRespawner] (PRIDummy) :: Item [172] is hard to place, performance drops: "MetalPlate"
 0:33:13.894 [CE][LootRespawner] (PRIDummy) :: Item [173] is hard to place, performance drops: "MetalPlate"
 0:33:13.894 [CE][LootRespawner] (PRIDummy) :: Item [174] is hard to place, performance drops: "MetalPlate"
 0:33:13.895 [CE][LootRespawner] (PRIDummy) :: Item [175] is hard to place, performance drops: "MetalPlate"
 0:33:13.897 [CE][LootRespawner] (PRIDummy) :: Item [176] is hard to place, performance drops: "MetalPlate"
 0:33:13.897 [CE][LootRespawner] (PRIDummy) :: Item [177] is hard to place, performance drops: "MetalPlate"
 0:33:13.898 [CE][LootRespawner] (PRIDummy) :: Item [178] is hard to place, performance drops: "MetalPlate"
 0:33:13.900 [CE][LootRespawner] (PRIDummy) :: Item [179] is hard to place, performance drops: "MetalPlate"
 0:33:13.903 [CE][LootRespawner] (PRIDummy) :: Item [20] causing search overtime: "MetalPlate"
 0:33:13.903 [CE][LootRespawner] (PRIDummy) :: Item [180] is hard to place, performance drops: "MetalPlate"
 0:33:13.903 [CE][LootRespawner] (PRIDummy) :: Item [181] is hard to place, performance drops: "MetalPlate"
 0:33:13.903 [CE][LootRespawner] (PRIDummy) :: Item [182] is hard to place, performance drops: "MetalPlate"
 0:33:13.903 [CE][LootRespawner] (PRIDummy) :: Item [183] is hard to place, performance drops: "MetalPlate"
 0:33:13.906 [CE][LootRespawner] (PRIDummy) :: Item [184] is hard to place, performance drops: "MetalPlate"
 0:33:13.906 [CE][LootRespawner] (PRIDummy) :: Item [185] is hard to place, performance drops: "MetalPlate"
 0:33:13.906 [CE][LootRespawner] (PRIDummy) :: Item [186] is hard to place, performance drops: "MetalPlate"
 0:33:13.907 [CE][LootRespawner] (PRIDummy) :: Item [187] is hard to place, performance drops: "MetalPlate"
 0:33:13.907 [CE][LootRespawner] (PRIDummy) :: Item [188] is hard to place, performance drops: "MetalPlate"
 0:33:13.907 [CE][LootRespawner] (PRIDummy) :: Item [189] is hard to place, performance drops: "MetalPlate"
 0:33:13.907 [CE][LootRespawner] (PRIDummy) :: Item [190] is hard to place, performance drops: "MetalPlate"
 0:33:13.908 [CE][LootRespawner] (PRIDummy) :: Item [191] is hard to place, performance drops: "MetalPlate"
 0:33:13.908 [CE][LootRespawner] (PRIDummy) :: Item [192] is hard to place, performance drops: "MetalPlate"
 0:33:13.909 [CE][LootRespawner] (PRIDummy) :: Item [193] is hard to place, performance drops: "MetalPlate"
 0:33:13.909 [CE][LootRespawner] (PRIDummy) :: Item [194] is hard to place, performance drops: "MetalPlate"
 0:33:13.909 [CE][LootRespawner] (PRIDummy) :: Item [195] is hard to place, performance drops: "MetalPlate"
 0:33:13.910 [CE][LootRespawner] (PRIDummy) :: Item [196] is hard to place, performance drops: "MetalPlate"
 0:33:13.911 [CE][LootRespawner] (PRIDummy) :: Item [197] is hard to place, performance drops: "MetalPlate"
 0:33:13.912 [CE][LootRespawner] (PRIDummy) :: Item [198] is hard to place, performance drops: "MetalPlate"
 0:33:13.912 [CE][LootRespawner] (PRIDummy) :: Item [199] is hard to place, performance drops: "MetalPlate"
 0:33:13.913 [CE][LootRespawner] (PRIDummy) :: Item [200] is hard to place, performance drops: "MetalPlate"
 0:33:13.913 [CE][LootRespawner] (PRIDummy) :: Item [201] is hard to place, performance drops: "MetalPlate"
 0:33:13.914 [CE][LootRespawner] (PRIDummy) :: Item [202] is hard to place, performance drops: "MetalPlate"
 0:33:13.914 [CE][LootRespawner] (PRIDummy) :: Item [203] is hard to place, performance drops: "MetalPlate"
 0:33:13.914 [CE][LootRespawner] (PRIDummy) :: Item [21] causing search overtime: "MetalPlate"
 0:33:13.915 [CE][LootRespawner] (PRIDummy) :: Item [204] is hard to place, performance drops: "MetalPlate"
 0:33:13.915 [CE][LootRespawner] (PRIDummy) :: Item [205] is hard to place, performance drops: "MetalPlate"
 0:33:13.915 [CE][LootRespawner] (PRIDummy) :: Item [206] is hard to place, performance drops: "MetalPlate"
 0:33:13.917 [CE][LootRespawner] (PRIDummy) :: Item [207] is hard to place, performance drops: "MetalPlate"
 0:33:13.917 [CE][LootRespawner] (PRIDummy) :: Item [208] is hard to place, performance drops: "MetalPlate"
 0:33:13.921 [CE][LootRespawner] (PRIDummy) :: Item [209] is hard to place, performance drops: "WorkingBoots_Beige"
 0:33:13.921 [CE][LootRespawner] (PRIDummy) :: Item [210] is hard to place, performance drops: "WorkingBoots_Beige"
 0:33:13.927 [CE][LootRespawner] (PRIDummy) :: Initially (re)spawned:6412, Nominal:6415, Total in Map: 6437 at 3 (sec)
 0:33:13.927   tests:6626, repeats:3 fails:211, overtime:22
 0:33:13.928 [CE][Links] found 0 total links between groups, of 1
 0:33:13.928 [CE][SpawnRandomLoot] (StaticMedDrop) :: Type: Misc_cargo_cont_net1, lootmin: 4, lootmax: 6, wanted: 5, deloot: 2, containermaxsum: 6
 0:33:13.930 [CE][Links] found 0 total links between groups, of 2
 0:33:13.930 [CE][SpawnRandomLoot] (StaticMedDrop) :: Type: Misc_cargo_cont_net1, lootmin: 4, lootmax: 6, wanted: 4, deloot: 2, containermaxsum: 6
 0:33:13.933 [CE][Links] found 0 total links between groups, of 3
 0:33:13.933 [CE][SpawnRandomLoot] (StaticMedDrop) :: Type: Misc_cargo_cont_net1, lootmin: 4, lootmax: 6, wanted: 5, deloot: 2, containermaxsum: 6
 0:33:13.936 [CE][Links] found 0 total links between groups, of 4
 0:33:13.936 [CE][SpawnRandomLoot] (StaticMedDrop) :: Type: Misc_cargo_cont_net1, lootmin: 4, lootmax: 6, wanted: 5, deloot: 2, containermaxsum: 6
 0:33:13.938 [CE][Links] found 0 total links between groups, of 5
 0:33:13.938 [CE][SpawnRandomLoot] (StaticMedDrop) :: Type: Misc_cargo_cont_net1, lootmin: 4, lootmax: 6, wanted: 4, deloot: 2, containermaxsum: 6
 0:33:13.940 [CE][Links] found 0 total links between groups, of 6
 0:33:13.940 [CE][SpawnRandomLoot] (StaticMedDrop) :: Type: Misc_cargo_cont_net1, lootmin: 4, lootmax: 6, wanted: 4, deloot: 2, containermaxsum: 6
 0:33:13.943 [CE][Links] found 0 total links between groups, of 7
 0:33:13.943 [CE][SpawnRandomLoot] (StaticLifeboat) :: Type: sea_oilrig_lifeboat, lootmin: 2, lootmax: 5, wanted: 4, deloot: 2, containermaxsum: 5
 0:33:13.945 [CE][SpawnRandomLoot] (StaticLifeboat) :: No item found to spawn for DE! Spawned: 2 / 4 (enable log_ce_dynamicevent to see item lists for event)
 0:33:13.988  WORLD        : Create entity type 'ZmbM_PatrolNormal_PautRev'
 0:33:13.988   MATERIAL  (E): Object dz/characters/zombies/z_hermit_m.xob - cannot load material Material_1.emat
 0:33:14.305  WORLD        : Create entity type 'Animal_CapraHircusF'
 0:33:14.305   ENTITY    (E): Type 'ManType' must be inherited from class 'DayZAnimalType'
 0:33:14.310  WORLD        : Create entity type 'Animal_OvisAries'
 0:33:14.310   ENTITY    (E): Type 'ManType' must be inherited from class 'DayZAnimalType'
 0:33:14.312  WORLD        : Create entity type 'Animal_OvisAriesF'
 0:33:14.312   ENTITY    (E): Type 'ManType' must be inherited from class 'DayZAnimalType'
 0:33:14.314  WORLD        : Create entity type 'Animal_RangiferTarandus'
 0:33:14.315   ENTITY    (E): Type 'ManType' must be inherited from class 'DayZAnimalType'
 0:33:14.317  WORLD        : Create entity type 'Animal_RangiferTarandusF'
 0:33:14.317   ENTITY    (E): Type 'ManType' must be inherited from class 'DayZAnimalType'
 0:33:14.320  WORLD        : Create entity type 'Animal_SusScrofa'
 0:33:14.320   ENTITY    (E): Type 'ManType' must be inherited from class 'DayZAnimalType'
 0:33:14.323  WORLD        : Create entity type 'Animal_CanisLupus_Grey'
 0:33:14.323   ENTITY    (E): Type 'ManType' must be inherited from class 'DayZAnimalType'
 0:33:14.334  WORLD        : Create entity type 'Animal_CanisLupus_White'
 0:33:14.334   ENTITY    (E): Type 'ManType' must be inherited from class 'DayZAnimalType'
 0:33:14.336  WORLD        : Create entity type 'Animal_UrsusArctos'
 0:33:14.336   ENTITY    (E): Type 'ManType' must be inherited from class 'DayZAnimalType'
 0:33:14.343  WORLD        : Create entity type 'Animal_UrsusMaritimus'
 0:33:14.343   ENTITY    (E): Type 'ManType' must be inherited from class 'DayZAnimalType'
 0:33:14.407  ENTITY    (W): Unknown object class 'pond' (dz\water_sakhal\ice_lake\sakhal_50x50_ice_lake_clear.p3d)
 0:33:14.477 [CE][DynEvent] :: 23 types
 0:33:14.477 [00] Loot
 0:33:14.477   Primary Spawner: "Loot", active: yes, repeat: 2
 0:33:14.477 [01] StaticMedDrop
 0:33:14.477   Primary Spawner: "Static", active: yes, repeat: 1
 0:33:14.477 [02] StaticLifeboat
 0:33:14.477   Primary Spawner: "Static", active: yes, repeat: 1
 0:33:14.477 [03] ItemWoodenPlanks
 0:33:14.477   Primary Spawner: "Item", active: yes, repeat: 1
 0:33:14.477 [04] TrajectoryStones
 0:33:14.477   Primary Spawner: "Trajectory", active: yes, repeat: 1
 0:33:14.477 [05] InfectedSanta
 0:33:14.477   Primary Spawner: "Infected", active: yes, repeat: 1
 0:33:14.477 [06] InfectedArmy
 0:33:14.477   Primary Spawner: "Infected", active: yes, repeat: 1
 0:33:14.477 [07] InfectedIndustrial
 0:33:14.477   Primary Spawner: "Infected", active: yes, repeat: 1
 0:33:14.477 [08] InfectedCivil
 0:33:14.477   Primary Spawner: "Infected", active: yes, repeat: 1
 0:33:14.477 [09] InfectedMedic
 0:33:14.477   Primary Spawner: "Infected", active: yes, repeat: 1
 0:33:14.477 [10] AnimalGoat
 0:33:14.477   Primary Spawner: "Animal", active: yes, repeat: 1
 0:33:14.477 [11] AnimalSheep
 0:33:14.477   Primary Spawner: "Animal", active: yes, repeat: 1
 0:33:14.477 [12] AnimalReindeer
 0:33:14.477   Primary Spawner: "Animal", active: yes, repeat: 1
 0:33:14.477 [13] AnimalWildBoar
 0:33:14.477   Primary Spawner: "Animal", active: yes, repeat: 1
 0:33:14.477 [14] AnimalWolf
 0:33:14.477   Primary Spawner: "Animal", active: yes, repeat: 1
 0:33:14.477 [15] AnimalBrownBear
 0:33:14.477   Primary Spawner: "Animal", active: yes, repeat: 1
 0:33:14.477 [16] AnimalPolarBear
 0:33:14.477   Primary Spawner: "Animal", active: yes, repeat: 1
 0:33:14.477 [17] AmbientFox
 0:33:14.477   Primary Spawner: "Ambient", active: yes, repeat: 1
 0:33:14.477 [18] AmbientHare
 0:33:14.477   Primary Spawner: "Ambient", active: yes, repeat: 1
 0:33:14.477 [19] VehicleRubberBoats
 0:33:14.477   Primary Spawner: "Vehicle", active: yes, repeat: 1
 0:33:14.477 [20] VehicleCivilianCars
 0:33:14.477   Primary Spawner: "Vehicle", active: yes, repeat: 1
 0:33:14.477 [21] VehicleTrucks
 0:33:14.477   Primary Spawner: "Vehicle", active: yes, repeat: 1
 0:33:14.477 [22] VehicleMilitary
 0:33:14.477   Primary Spawner: "Vehicle", active: yes, repeat: 1
 0:33:14.477 [CE][Hive] :: Initializing of spawners done.
 0:33:14.480 [CE][Hive] :: Init sequence finished.
 0:33:14.480 Player connect enabled
 0:33:14.530 ENTITY    (W): Unknown object class 'pond' (nst\ns\water\lakewater.p3d)
 0:33:14.530 ENTITY    (W): Unknown object class 'pond' (nst\ns\water\lakewater.p3d)
 0:33:14.530 ENTITY    (W): Unknown object class 'pond' (nst\ns\water\lakewater.p3d)
 0:33:14.530 ENTITY    (W): Unknown object class 'pond' (nst\ns\water\lakewater.p3d)
 0:33:14.530 ENTITY    (W): Unknown object class 'pond' (nst\ns\water\lakewater.p3d)
 0:33:14.531 ENTITY    (W): Unknown object class 'pond' (nst\ns\water\lakewater.p3d)
 0:33:14.531 ENTITY    (W): Unknown object class 'pond' (nst\ns\water\lakewater.p3d)
 0:33:14.532 ENTITY    (W): Unknown object class 'pond' (dz\water_sakhal\ice_lake\sakhal_50x50_ice_lake_clear.p3d)
 0:33:14.532 ENTITY    (W): Unknown object class 'pond' (dz\water_sakhal\ice_lake\sakhal_50x50_ice_lake_clear.p3d)
 0:33:14.554 ENTITY    (W): Unknown object class 'pond' (nst\ns\water\lakewater.p3d)
 0:33:14.554 ENTITY    (W): Unknown object class 'pond' (nst\ns\water\lakewater.p3d)
 0:33:14.750 [IdleMode] Entering IN - save processed
 0:33:14.759 ENTITY    (W): Unknown object class 'pond' (dz\water_sakhal\ice_lake\sakhal_50x50_ice_lake_clear.p3d)
 0:33:14.759 ENTITY    (W): Unknown object class 'pond' (dz\water_sakhal\ice_lake\sakhal_50x50_ice_lake_clear.p3d)
 0:33:14.763 ENTITY    (W): Unknown object class 'pond' (nst\ns\water\lakewater.p3d)
 0:33:14.764 ENTITY    (W): Unknown object class 'pond' (nst\ns\water\lakewater.p3d)
 0:33:14.765 ENTITY    (W): Unknown object class 'pond' (nst\ns\water\lakewater.p3d)
 0:33:14.765 ENTITY    (W): Unknown object class 'pond' (nst\ns\water\lakewater.p3d)
 0:33:14.765 ENTITY    (W): Unknown object class 'pond' (nst\ns\water\lakewater.p3d)
 0:33:14.765 ENTITY    (W): Unknown object class 'pond' (nst\ns\water\lakewater.p3d)
 0:33:14.765 ENTITY    (W): Unknown object class 'pond' (nst\ns\water\lakewater.p3d)
 0:33:14.780 ENTITY    (W): Unknown object class 'pond' (nst\ns\water\lakewater.p3d)
 0:33:14.829 ENTITY    (W): Unknown object class 'pond' (dz\water_sakhal\ice_lake\sakhal_50x50_ice_lake_clear.p3d)
 0:33:14.892 ENTITY    (W): Unknown object class 'pond' (dz\water_sakhal\ice_lake\sakhal_50x50_ice_lake_clear.p3d)
 0:33:14.892 ENTITY    (W): Unknown object class 'pond' (dz\water_sakhal\ice_lake\sakhal_50x50_ice_lake_clear.p3d)
 0:33:14.895 ENTITY       : Load entity type 'land_seb_near_fac7'
 0:33:14.895  ENTITY    (W): Door 'doorstwin1' is missing geometry components for selection 'doorstwin1', check model+config
 0:33:14.902 ENTITY    (W): Unknown object class 'pond' (dz\water_sakhal\ice_lake\sakhal_50x50_ice_lake_clear.p3d)
 0:33:14.941 ENTITY       : Load entity type 'Land_Rail_Warehouse_Small'
 0:33:14.941  ENTITY    (W): Door 'DoorsTwin1' is missing geometry components for selection 'DoorsTwin1', check model+config
 0:33:14.941  ENTITY    (W): Door 'DoorsTwin2' is missing geometry components for selection 'DoorsTwin2', check model+config
 0:33:15.31  ENTITY       : Load entity type 'Land_City_School'
 0:33:15.31   ENTITY    (W): Door 'DoorsTwin1' is missing geometry components for selection 'DoorsTwin1', check model+config
 0:33:15.31   ENTITY    (W): Door 'DoorsTwin3' is missing geometry components for selection 'DoorsTwin3', check model+config
 0:33:15.31   ENTITY    (W): Door 'DoorsTwin4' is missing geometry components for selection 'DoorsTwin4', check model+config
 0:33:15.31   ENTITY    (W): Door 'DoorsTwin5' is missing geometry components for selection 'DoorsTwin5', check model+config
 0:33:15.31   ENTITY    (W): Door 'DoorsTwin6' is missing geometry components for selection 'DoorsTwin6', check model+config
 0:33:15.31   ENTITY    (W): Door 'DoorsTwin7' is missing geometry components for selection 'DoorsTwin7', check model+config
 0:33:15.35   ENTITY    (W): Unknown object class 'thing' (dz\structures\proxy_buildingparts\lightningcond\lightningconductormiddle\lightningconductormiddle.p3d)
 0:33:15.35   ENTITY    (W): Unknown object class 'thing' (dz\structures\proxy_buildingparts\lightningcond\lightningconductormiddle\lightningconductormiddle.p3d)
 0:33:15.35   ENTITY    (W): Unknown object class 'thing' (dz\structures\proxy_buildingparts\lightningcond\lightningconductormiddle\lightningconductormiddle.p3d)
 0:33:15.35   ENTITY    (W): Unknown object class 'thing' (dz\structures\proxy_buildingparts\lightningcond\lightningconductormiddle\lightningconductormiddle.p3d)
 0:33:15.35   ENTITY    (W): Unknown object class 'thing' (dz\structures\proxy_buildingparts\lightningcond\lightningconductormiddle\lightningconductormiddle.p3d)
 0:33:15.35   ENTITY    (W): Unknown object class 'thing' (dz\structures\proxy_buildingparts\lightningcond\lightningconductormiddle\lightningconductormiddle.p3d)
 0:33:15.35   ENTITY    (W): Unknown object class 'thing' (dz\structures\proxy_buildingparts\lightningcond\lightningconductormiddle\lightningconductormiddle.p3d)
 0:33:15.36   ENTITY    (W): Unknown object class 'thing' (dz\structures\proxy_buildingparts\lightningcond\lightningconductormiddle\lightningconductormiddle.p3d)
 0:33:15.36   ENTITY    (W): Unknown object class 'thing' (dz\structures\proxy_buildingparts\lightningcond\lightningconductormiddle\lightningconductormiddle.p3d)
 0:33:15.36   ENTITY    (W): Unknown object class 'thing' (dz\structures\proxy_buildingparts\lightningcond\lightningconductormiddle\lightningconductormiddle.p3d)
 0:33:15.36   ENTITY    (W): Unknown object class 'thing' (dz\structures\proxy_buildingparts\lightningcond\lightningconductormiddle\lightningconductormiddle.p3d)
 0:33:15.36   ENTITY    (W): Unknown object class 'thing' (dz\structures\proxy_buildingparts\lightningcond\lightningconductormiddle\lightningconductormiddle.p3d)
 0:33:15.36   ENTITY    (W): Unknown object class 'thing' (dz\structures\proxy_buildingparts\lightningcond\lightningconductormiddle\lightningconductormiddle.p3d)
 0:33:15.36   ENTITY    (W): Unknown object class 'thing' (dz\structures\proxy_buildingparts\lightningcond\lightningconductormiddle\lightningconductormiddle.p3d)
 0:33:15.36   ENTITY    (W): Unknown object class 'thing' (dz\structures\proxy_buildingparts\lightningcond\lightningconductormiddle\lightningconductormiddle.p3d)
 0:33:15.36   ENTITY    (W): Unknown object class 'thing' (dz\structures\proxy_buildingparts\lightningcond\lightningconductormiddle\lightningconductormiddle.p3d)
 0:33:15.36   ENTITY    (W): Unknown object class 'thing' (dz\structures\proxy_buildingparts\lightningcond\lightningconductormiddle\lightningconductormiddle.p3d)
 0:33:15.36   ENTITY    (W): Unknown object class 'thing' (dz\structures\proxy_buildingparts\lightningcond\lightningconductormiddle\lightningconductormiddle.p3d)
 0:33:15.36   ENTITY    (W): Unknown object class 'thing' (dz\structures\proxy_buildingparts\lightningcond\lightningconductormiddle\lightningconductormiddle.p3d)
 0:33:15.36   ENTITY    (W): Unknown object class 'thing' (dz\structures\proxy_buildingparts\lightningcond\lightningconductormiddle\lightningconductormiddle.p3d)
 0:33:15.36   ENTITY    (W): Unknown object class 'thing' (dz\structures\proxy_buildingparts\lightningcond\lightningconductormiddle\lightningconductormiddle.p3d)
 0:33:15.36   ENTITY    (W): Unknown object class 'thing' (dz\structures\proxy_buildingparts\lightningcond\lightningconductormiddle\lightningconductormiddle.p3d)
 0:33:15.36   ENTITY    (W): Unknown object class 'thing' (dz\structures\proxy_buildingparts\lightningcond\lightningconductormiddle\lightningconductormiddle.p3d)
 0:33:15.36   ENTITY    (W): Unknown object class 'thing' (dz\structures\proxy_buildingparts\lightningcond\lightningconductormiddle\lightningconductormiddle.p3d)
 0:33:15.36   ENTITY    (W): Unknown object class 'thing' (dz\structures\proxy_buildingparts\lightningcond\lightningconductormiddle\lightningconductormiddle.p3d)
 0:33:15.36   ENTITY    (W): Unknown object class 'thing' (dz\structures\proxy_buildingparts\lightningcond\lightningconductormiddle\lightningconductormiddle.p3d)
 0:33:15.36   ENTITY    (W): Unknown object class 'thing' (dz\structures\proxy_buildingparts\lightningcond\lightningconductormiddle\lightningconductormiddle.p3d)
 0:33:15.36   ENTITY    (W): Unknown object class 'thing' (dz\structures\proxy_buildingparts\lightningcond\lightningconductormiddle\lightningconductormiddle.p3d)
 0:33:15.36   ENTITY    (W): Unknown object class 'thing' (dz\structures\proxy_buildingparts\lightningcond\lightningconductormiddle\lightningconductormiddle.p3d)
 0:33:15.36   ENTITY    (W): Unknown object class 'thing' (dz\structures\proxy_buildingparts\lightningcond\lightningconductormiddle\lightningconductormiddle.p3d)
 0:33:15.36   ENTITY    (W): Unknown object class 'thing' (dz\structures\proxy_buildingparts\lightningcond\lightningconductormiddle\lightningconductormiddle.p3d)
 0:33:15.36   ENTITY    (W): Unknown object class 'thing' (dz\structures\proxy_buildingparts\lightningcond\lightningconductormiddle\lightningconductormiddle.p3d)
 0:33:15.36   ENTITY    (W): Unknown object class 'thing' (dz\structures\proxy_buildingparts\lightningcond\lightningconductormiddle\lightningconductormiddle.p3d)
 0:33:15.36   ENTITY    (W): Unknown object class 'thing' (dz\structures\proxy_buildingparts\lightningcond\lightningconductormiddle\lightningconductormiddle.p3d)
 0:33:15.36   ENTITY    (W): Unknown object class 'thing' (dz\structures\proxy_buildingparts\lightningcond\lightningconductormiddle\lightningconductormiddle.p3d)
 0:33:15.36   ENTITY    (W): Unknown object class 'thing' (dz\structures\proxy_buildingparts\lightningcond\lightningconductormiddle\lightningconductormiddle.p3d)
 0:33:15.36   ENTITY    (W): Unknown object class 'thing' (dz\structures\proxy_buildingparts\lightningcond\lightningconductormiddle\lightningconductormiddle.p3d)
 0:33:15.36   ENTITY    (W): Unknown object class 'thing' (dz\structures\proxy_buildingparts\lightningcond\lightningconductormiddle\lightningconductormiddle.p3d)
 0:33:15.36   ENTITY    (W): Unknown object class 'thing' (dz\structures\proxy_buildingparts\lightningcond\lightningconductormiddle\lightningconductormiddle.p3d)
 0:33:15.36   ENTITY    (W): Unknown object class 'thing' (dz\structures\proxy_buildingparts\lightningcond\lightningconductormiddle\lightningconductormiddle.p3d)
 0:33:15.36   ENTITY    (W): Unknown object class 'thing' (dz\structures\proxy_buildingparts\lightningcond\lightningconductormiddle\lightningconductormiddle.p3d)
 0:33:15.36   ENTITY    (W): Unknown object class 'thing' (dz\structures\proxy_buildingparts\lightningcond\lightningconductormiddle\lightningconductormiddle.p3d)
 0:33:15.36   ENTITY    (W): Unknown object class 'thing' (dz\structures\proxy_buildingparts\lightningcond\lightningconductormiddle\lightningconductormiddle.p3d)
 0:33:15.36   ENTITY    (W): Unknown object class 'thing' (dz\structures\proxy_buildingparts\lightningcond\lightningconductormiddle\lightningconductormiddle.p3d)
 0:33:15.36   ENTITY    (W): Unknown object class 'thing' (dz\structures\proxy_buildingparts\lightningcond\lightningconductormiddle\lightningconductormiddle.p3d)
 0:33:15.36   ENTITY    (W): Unknown object class 'thing' (dz\structures\proxy_buildingparts\lightningcond\lightningconductormiddle\lightningconductormiddle.p3d)
 0:33:15.36   ENTITY    (W): Unknown object class 'thing' (dz\structures\proxy_buildingparts\lightningcond\lightningconductormiddle\lightningconductormiddle.p3d)
 0:33:15.36   ENTITY    (W): Unknown object class 'thing' (dz\structures\proxy_buildingparts\lightningcond\lightningconductormiddle\lightningconductormiddle.p3d)
 0:33:15.36   ENTITY    (W): Unknown object class 'thing' (dz\structures\proxy_buildingparts\lightningcond\lightningconductormiddle\lightningconductormiddle.p3d)
 0:33:15.36   ENTITY    (W): Unknown object class 'thing' (dz\structures\proxy_buildingparts\lightningcond\lightningconductormiddle\lightningconductormiddle.p3d)
 0:33:15.36   ENTITY    (W): Unknown object class 'thing' (dz\structures\proxy_buildingparts\lightningcond\lightningconductormiddle\lightningconductormiddle.p3d)
 0:33:15.132 ENTITY       : Load entity type 'Land_Boathouse'
 0:33:15.132  ENTITY    (W): Door 'DoorsTwin1' is missing geometry components for selection 'DoorsTwin1', check model+config
 0:33:15.201 ENTITY       : Load entity type 'Land_Ruin_HouseBig3_NoIvy'
 0:33:15.201  ENTITY    (W): Door 'DoorsTwin1' is missing geometry components for selection 'DoorsTwin1', check model+config
 0:33:15.239 ENTITY       : Load entity type 'Land_Ruin_HouseBig3_NoIvy_Half'
 0:33:15.239  ENTITY    (W): Door 'DoorsTwin1' is missing geometry components for selection 'DoorsTwin1', check model+config
 0:33:15.245 ENTITY       : Load entity type 'Land_Ruin_HouseBig2_NoIvy'
 0:33:15.245  ENTITY    (W): Door 'DoorsTwin1' is missing geometry components for selection 'DoorsTwin1', check model+config
 0:33:15.245  ENTITY    (W): Door 'DoorsTwin2' is missing geometry components for selection 'DoorsTwin2', check model+config
 0:33:15.263 ENTITY       : Load entity type 'Land_Ruin_HouseBig1_NoIvy'
 0:33:15.263  ENTITY    (W): Door 'DoorsTwin1' is missing geometry components for selection 'DoorsTwin1', check model+config
 0:33:15.356 ENTITY    (W): Unknown object class 'pond' (dz\water_sakhal\ice_lake\sakhal_50x50_ice_lake_clear.p3d)
 0:33:19.485 ENTITY    (W): Unknown object class 'pond' (dz\water_sakhal\ice_lake\sakhal_50x50_ice_lake_clear.p3d)
 0:33:31.505 ENTITY    (W): Unknown object class 'pond' (dz\water_sakhal\ice_lake\sakhal_50x50_ice_lake_clear.p3d)
 0:33:33.307 ENTITY    (W): Unknown object class 'pond' (dz\water_sakhal\ice_lake\sakhal_50x50_ice_lake_clear.p3d)
 0:33:37.353 ENTITY    (W): Unknown object class 'pond' (dz\water_sakhal\ice_lake\sakhal_50x50_ice_lake_clear.p3d)
 0:33:40.94  ENTITY    (W): Unknown object class 'pond' (dz\water_sakhal\ice_lake\sakhal_50x50_ice_lake_clear.p3d)
 0:33:49.335 ENTITY    (W): Unknown object class 'pond' (nst\ns\water\lakewater.p3d)
 0:33:49.335 ENTITY    (W): Unknown object class 'pond' (nst\ns\water\lakewater.p3d)
 0:33:49.337 ENTITY    (W): Unknown object class 'pond' (nst\ns\water\lakewater.p3d)
 0:33:49.632 ENTITY    (W): Unknown object class 'pond' (nst\ns\water\lakewater.p3d)
 0:33:49.632 ENTITY    (W): Unknown object class 'pond' (nst\ns\water\lakewater.p3d)
 0:33:49.632 ENTITY    (W): Unknown object class 'pond' (nst\ns\water\lakewater.p3d)
 0:33:49.632 ENTITY    (W): Unknown object class 'pond' (nst\ns\water\lakewater.p3d)
 0:33:49.632 ENTITY    (W): Unknown object class 'pond' (nst\ns\water\lakewater.p3d)
 0:33:49.632 ENTITY    (W): Unknown object class 'pond' (nst\ns\water\lakewater.p3d)
 0:33:49.632 ENTITY    (W): Unknown object class 'pond' (nst\ns\water\lakewater.p3d)
 0:33:49.632 ENTITY    (W): Unknown object class 'pond' (nst\ns\water\lakewater.p3d)
 0:33:49.632 ENTITY    (W): Unknown object class 'pond' (nst\ns\water\lakewater.p3d)
 0:33:49.632 ENTITY    (W): Unknown object class 'pond' (nst\ns\water\lakewater.p3d)
 0:33:49.632 ENTITY    (W): Unknown object class 'pond' (nst\ns\water\lakewater.p3d)
 0:33:49.633 ENTITY    (W): Unknown object class 'pond' (nst\ns\water\lakewater.p3d)
 0:33:49.633 ENTITY    (W): Unknown object class 'pond' (nst\ns\water\lakewater.p3d)
 0:33:55.512 ENTITY    (W): Unknown object class 'pond' (dz\water_sakhal\ice_lake\sakhal_50x50_ice_lake_clear.p3d)
 0:33:56.108 ENTITY    (W): Unknown object class 'pond' (dz\water_sakhal\ice_lake\sakhal_50x50_ice_lake_clear.p3d)
 0:33:56.108 ENTITY    (W): Unknown object class 'pond' (dz\water_sakhal\ice_lake\sakhal_50x50_ice_lake_clear.p3d)
 0:36:11.492 [Login]: Adding player Survivor (104513723) to login queue at position 0
 0:36:11.492 [LoginMachine]: Add player Survivor (104513723 192.168.0.103:51760)
 0:36:11.492 [StateMachine]: Player Survivor (dpnid 104513723 uid ) Entering AuthPlayerLoginState
 0:36:11.494 [StateMachine]: Player Survivor (dpnid 104513723 uid ) Entering WaitAuthPlayerLoginState
 0:36:13.227 [IdleMode] Leaving OUT
 0:36:14.189 Игрок Survivor соединяется.
 0:36:14.255 [StateMachine]: Player Survivor (dpnid 104513723 uid ) Entering WaitPlayerAssignedLoginState
 0:36:14.405 [StateMachine]: Player Survivor (dpnid 104513723 uid ) Entering PlayerAssignedLoginState
 0:36:14.405 [StateMachine]: Player Survivor (dpnid 104513723 uid x_MJ2w6DZznhQeYHMWeX7_S9NuAxgYSiQqpLVIMNfrA=) Entering DBGetLoginTimeLoginState
 0:36:14.428 [StateMachine]: Player Survivor (dpnid 104513723 uid x_MJ2w6DZznhQeYHMWeX7_S9NuAxgYSiQqpLVIMNfrA=) Entering DBWaitLoginTimeLoginState
 0:36:29.428 [StateMachine]: Player Survivor (dpnid 104513723 uid x_MJ2w6DZznhQeYHMWeX7_S9NuAxgYSiQqpLVIMNfrA=) Entering DBGetCharacterLoginState
 0:36:29.430 [StateMachine]: Player Survivor (dpnid 104513723 uid x_MJ2w6DZznhQeYHMWeX7_S9NuAxgYSiQqpLVIMNfrA=) Entering CreateNetObjectsLoginState
 0:36:29.430 [CE][PlayerSpawnPoints][GRP_DBG] :: Selected: { no group } | idx: 0 (ut: 226531 | lt: 0 | ctr: 0)
 0:36:29.430 [CE][PlayerSpawnPoints][GRP_DBG] :: Current: { no group } | idx: 0 (ct: 226531 | ut: 226531 | lt: 0 | ctr: 0)
 0:36:29.430 [CE][PlayerSpawnPoints][GRP_DBG] :: Current: { no group } index: 0 (lt: 0 | ctr: 0)
 0:36:29.430 [CE][PlayerSpawnPoints][GRP_DBG] :: Selected: { no group } | idx: 0 (ut: 226531 | lt: 0 | ctr: 0)
 0:36:29.434 [StateMachine]: Player Survivor (dpnid 104513723 uid x_MJ2w6DZznhQeYHMWeX7_S9NuAxgYSiQqpLVIMNfrA=) Entering PreloadCamLoginState
 0:36:29.434 [StateMachine]: Player Survivor (dpnid 104513723 uid x_MJ2w6DZznhQeYHMWeX7_S9NuAxgYSiQqpLVIMNfrA=) Entering WaitPreloadCamLoginState
 0:36:35.255 [CE][LootRespawner] (PRIDummy) :: Item [22] causing search overtime: "StarlightOptic"
 0:36:35.355 [CE][LootRespawner] (PRIDummy) :: Item [23] causing search overtime: "dzn_netanyas_log"
 0:36:40.919 [StateMachine]: Player Survivor (dpnid 104513723 uid x_MJ2w6DZznhQeYHMWeX7_S9NuAxgYSiQqpLVIMNfrA=) Entering GetNewCharLoginState
 0:36:40.959 NETWORK      : Network simulation
 0:36:40.959  WORLD        : Create entity type 'SurvivorF_Maria'
 0:36:40.959   MATERIAL  (E): Object dz/characters/bodies/player_testing.xob - cannot load material cross_red.emat
 0:36:43.647 Подключился игрок Survivor (id=x_MJ2w6DZznhQeYHMWeX7_S9NuAxgYSiQqpLVIMNfrA=).
 0:36:43.647 Player "Survivor" (steamID=76561199587900842 pos=<8884.5, 10599.4, 5.9>) is connected
 0:36:43.655 <CREATE NEW CHAR>:
    charID 1
    playerID 1
    dpnid 104513723
    uid x_MJ2w6DZznhQeYHMWeX7_S9NuAxgYSiQqpLVIMNfrA=
 0:37:04.856 [CE][LootRespawner] (PRIDummy) :: Item [24] causing search overtime: "StarlightOptic"
 0:37:04.956 [CE][LootRespawner] (PRIDummy) :: Item [25] causing search overtime: "dzn_netanyas_log"
 0:37:11.565 Player Survivor (104513723) kicked from server: 240 ( (Game restart required))
 0:37:11.567 [Disconnect]: Client 104513723 early disconnect
 0:37:11.567 [Disconnect]: Start script disconnect 104513723 (dbCharacterId 1 dbPlayerId 1) logoutTime 15
 0:37:11.655 [Disconnect]: Remove player info 104513723
 0:37:11.656 [Disconnect]: Player destroy 104513723 
 0:37:26.568 [Disconnect]: Finish script disconnect -1 (x_MJ2w6DZznhQeYHMWeX7_S9NuAxgYSiQqpLVIMNfrA=)
 0:37:31.756 [CE][LootRespawner] (PRIDummy) :: Item [26] causing search overtime: "StarlightOptic"
 0:37:31.856 [CE][LootRespawner] (PRIDummy) :: Item [27] causing search overtime: "dzn_netanyas_log"
 0:37:37.472 RESOURCES (E): ==== Resource leaks ====
 0:37:37.472 RESOURCES (E): dz/anims/workspaces/player/player_main/player_main.asi   1
 0:37:38.259  --- Termination successfully completed --- 
