=====================================================================
== G:\SteamLibrary\steamapps\common\DayZServer\DayZServer_x64.exe
== "DayZServer_x64.exe" -config=serverDZ.cfg -port=2302 "-mod=@CF;@Dabs Framework;@Namalsk Survival;@Namalsk Island;@VPPAdminTools;@VPPAdminTools RU Translate;@[CnG]UAZ_452;@[CnG]UAZ_31514;@[CnG]VAZ_2109;@[CrSk] BMW 525i E34;@[CrSk] VAZ-2107;@[Remastered] Arma Weapon Pack;@4KBOSSKVehicles;@2003 Mitsubishi Eclipse Spyder [FREE];@AI Bandits;@AmmoStackBullet;@Armored Vehicle Pack;@AutoCarFlip;@Backpack Wings;@BaseBuildingPlus;@Bed-Respawning;@Blackouts Scorpion;@BMW E38 [FREE];@CarPack;@ChernarusRP AE86;@Code Lock;@DayZ Horse;@DayZ-Expansion;@DayZ-Expansion-BaseBuilding;@DayZ-Expansion-Core;@DayZ-Expansion-Licensed;@DayZ-Expansion-Vehicles;@dodge_rust_Z_radash;@Expansion Ka52;@Expansion Prototype spaceship;@Free Cassette Recorder;@Free_Suit_black_Rose;@GAZ 66 SHISHIGA;@GAZ_Tigr_FIXED;@Gerphelius_CarXFence;@GhillieBand;@GhillieFix;@GunnerTruckOshkosh;@HypeTrain;@JosiesHiluxZ;@LMs Ferrari F40 Car (Modular Vehicle);@LMs Helicopter Flight Systems;@LMs Vehicle HUDs;@Loot Barrel Transfer;@M110;@MBM_ApocalypseTruck;@MBM_GoKart;@MBM_UnderglowLights;@Mercedes-Benz AMG G63 W463;@Mercedes-Benz S63 AMG [FREE];@Mercedes-Benz SL 65 AMG Black Series;@Meru_Car_Pack;@MMG - Mightys Military Gear;@My Delta Force Weapons;@Nissan GTR 2015 - FREE TO USE;@NoPants Storage Bags;@Pristine Repair;@Radash_namber;@RaG_Vehicle_Pack;@RepaireRadiator;@RUSForma_vehicles;@SetNaemnic;@Slot for Ghillie;@SNAFU Weapons;@snegurka;@SnowClothing;@SR_WeaponsPack;@Storage Unlocked;@SuppressorHealth;@Survivor Animations;@Syndicate Breaching Charge;@Tactical Flava;@The Complete Ghillie Pack;@Umbrella Clothing;@Umbrella Clothing Admin;@UniversalSuppressor;@Unknown Ghillie Mod;@VanillaPlusPlusMap;@VanillaPlusPlusMapRUS;@VAZ 2107 Yandex Dfift;@Volkswagen Passat TSI [FREE];@WindstridesClothingPack;@Zens Core Mod;@Zens Sleeping Mod" -profiles=profiles -freezeCheck -cpuCount=4 -dologs -adminlog
=====================================================================
Exe timestamp: 2026/08/17 02:12:09
Current time:  2026/08/17 15:24:09
Version 1.29.163709
=====================================================================

15:24:09.44  ENGINE    (W): Process affinity forced to f
15:24:09.137 String "STR_HYPETRAIN_MODNAME" not found (not in localization table)
15:24:09.169 String "STR_nam_mod_terrain_name" not found (not in localization table)
15:24:09.170 String "STR_nam_mod_surv_name" not found (not in localization table)
15:24:09.558 String "STR_server_shutdown" listed twice in "Global"
15:24:09.580 Localization not present: STR_DATE_FORMAT_SHORT
15:24:09.580 Localization not present: STR_TIME_FORMAT
15:24:09.580 Localization not present: STR_CONFIG_CONTROLLER_NORMAL_LOOK
15:24:09.580 Localization not present: STR_CONFIG_CONTROLLER_REVERSED_LOOK
15:24:09.580 Localization not present: STR_MP_VALIDERROR
15:24:09.580 Localization not present: STR_MP_CONNECTION_LOOSING
15:24:09.580 Localization not present: STR_MSG_MP_NO_PASSWORD
15:24:09.580 Localization not present: STR_MSG_LAUNCH_GAME
15:24:09.580 Localization not present: STR_LOAD_INIT
15:24:09.580 Localization not present: STR_LOAD_WORLD
15:24:09.580 Localization not present: STR_LOAD_GAME
15:24:09.580 Localization not present: STR_SAVE_GAME
15:24:09.580 Localization not present: STR_MP_CONNECT
15:24:09.580 Localization not present: STR_MP_DISCONNECT
15:24:09.580 Localization not present: STR_MP_CONNECTING
15:24:09.580 Localization not present: STR_MP_TIMEOUT
15:24:09.580 Localization not present: STR_DISP_CLIENT_TEXT_EDIT
15:24:09.580 Localization not present: STR_MP_LOGIN_QUEUE_FULL
15:24:09.582 Localization not present: STR_DATE_FORMAT_SHORT
15:24:09.582 Localization not present: STR_TIME_FORMAT
15:24:09.582 Localization not present: STR_CONFIG_CONTROLLER_NORMAL_LOOK
15:24:09.582 Localization not present: STR_CONFIG_CONTROLLER_REVERSED_LOOK
15:24:09.582 Localization not present: STR_MP_VALIDERROR
15:24:09.582 Localization not present: STR_MP_CONNECTION_LOOSING
15:24:09.582 Localization not present: STR_MSG_MP_NO_PASSWORD
15:24:09.582 Localization not present: STR_MSG_LAUNCH_GAME
15:24:09.582 Localization not present: STR_LOAD_INIT
15:24:09.582 Localization not present: STR_LOAD_WORLD
15:24:09.582 Localization not present: STR_LOAD_GAME
15:24:09.582 Localization not present: STR_SAVE_GAME
15:24:09.582 Localization not present: STR_MP_CONNECT
15:24:09.582 Localization not present: STR_MP_DISCONNECT
15:24:09.582 Localization not present: STR_MP_CONNECTING
15:24:09.582 Localization not present: STR_MP_TIMEOUT
15:24:09.582 Localization not present: STR_DISP_CLIENT_TEXT_EDIT
15:24:09.582 Localization not present: STR_MP_LOGIN_QUEUE_FULL
15:24:09.598 Initializing stats manager.
15:24:09.599 Stats config disabled.
15:24:27.455 Conflicting addon TheCompleteGhilliePack_Cfg in 'TheCompleteGhilliePack\ghillies\', previous definition in 'TheCompleteGhilliePack\ghillierags\'
15:24:27.456 Conflicting addon TheCompleteGhilliePack_Cfg in 'TheCompleteGhilliePack\', previous definition in 'TheCompleteGhilliePack\ghillierags\'
15:24:27.462 Conflicting addon TheCompleteGhilliePack_Cfg in 'TheCompleteGhilliePack\ghillieatt\', previous definition in 'TheCompleteGhilliePack\ghillierags\'
15:24:27.467 Conflicting addon TheCompleteGhilliePack_Cfg in 'TheCompleteGhilliePack\masks\', previous definition in 'TheCompleteGhilliePack\ghillierags\'
15:24:27.470 Conflicting addon TheCompleteGhilliePack_Cfg in 'TheCompleteGhilliePack\boots\', previous definition in 'TheCompleteGhilliePack\ghillierags\'
15:24:27.476 Conflicting addon TheCompleteGhilliePack_Cfg in 'TheCompleteGhilliePack\ghillieshoods\', previous definition in 'TheCompleteGhilliePack\ghillierags\'
15:24:27.479 Conflicting addon TheCompleteGhilliePack_Cfg in 'TheCompleteGhilliePack\gloves\', previous definition in 'TheCompleteGhilliePack\ghillierags\'
15:24:27.483 Conflicting addon TF_Pouch in 'armor_a\vests\vest_imtv\attachments\', previous definition in 'armor_a\pouches\'
15:24:27.515 Conflicting addon TF_Elcan_SpecterDR in 'optic_a\elcan_specterdr_1_5_6x\', previous definition in 'optic_a\elcan_specterdr_1_4x\'
15:24:27.558 String "STR_M791" listed twice in "Global"
15:24:27.558 String "STR_zink_545" listed twice in "Global"
15:24:27.558 String "STR_zink_5451" listed twice in "Global"
15:24:27.558 String "STR_zink_762" listed twice in "Global"
15:24:27.558 String "STR_zink_7621" listed twice in "Global"
15:24:27.575 Conflicting addon TF_Handguard_M4 in 'weapon_a\attachments\handguards\m4_dd12\', previous definition in 'weapon_a\attachments\handguards\m4_dd9\'
15:24:27.577 Conflicting addon TF_Magazine_AKM in 'weapon_a\magazines\ak_pmag_762_30rnd\', previous definition in 'weapon_a\magazines\ak_ak55_762_10rnd\'
15:24:27.578 Conflicting addon TF_Attachments in 'weapon_a\attachments\buttstocks\cranestock\', previous definition in 'weapon_a\attachments\buttstocks\std_buttstock\'
15:24:27.585 Conflicting addon TF_Attachments in 'weapon_a\attachments\buttstocks\m4_cmmg_ripstock_micro\', previous definition in 'weapon_a\attachments\buttstocks\std_buttstock\'
15:24:27.592 Conflicting addon TF_Handguard_M4 in 'weapon_a\attachments\handguards\m4_smr13\', previous definition in 'weapon_a\attachments\handguards\m4_dd9\'
15:24:27.595 Conflicting addon TF_Handguard_M4 in 'weapon_a\attachments\handguards\m4_std\', previous definition in 'weapon_a\attachments\handguards\m4_dd9\'
15:24:27.606 Conflicting addon TF_Muzzles in 'weapon_a\attachments\muzzle\silencer\aac_sdn_6\', previous definition in 'weapon_a\attachments\muzzle\silencer\sound_suppressor_338\'
15:24:27.609 Conflicting addon TF_Handguard_M4 in 'weapon_a\attachments\handguards\m4_fsp\', previous definition in 'weapon_a\attachments\handguards\m4_dd9\'
15:24:27.610 Conflicting addon TF_AK_Receiver in 'weapon_a\attachments\sight\ak_zenit_b33\', previous definition in 'weapon_a\attachments\sight\ak_tula_10000\'
15:24:27.611 Conflicting addon TF_Magazine_AKM in 'weapon_a\magazines\ak_6l10_762_30rnd\', previous definition in 'weapon_a\magazines\ak_ak55_762_10rnd\'
15:24:27.612 Conflicting addon TF_AK74M in 'weapon_a\weapons\ak103\', previous definition in 'weapon_a\weapons\ak74m\'
15:24:27.616 Conflicting addon TF_Magazine_AKM in 'weapon_a\magazines\ak_103_762_30rnd\', previous definition in 'weapon_a\magazines\ak_ak55_762_10rnd\'
15:24:27.621 Conflicting addon TF_Handguard_M4 in 'weapon_a\attachments\handguards\m4_smr9\', previous definition in 'weapon_a\attachments\handguards\m4_dd9\'
15:24:27.625 Conflicting addon TF_AN94_Bttstck in 'weapon_a\attachments\buttstocks\an94_std\', previous definition in 'weapon_a\attachments\buttstocks\ak_caa_adapter\'
15:24:27.626 Conflicting addon TF_Attachments in 'weapon_a\attachments\buttstocks\m4_adar215\', previous definition in 'weapon_a\attachments\buttstocks\std_buttstock\'
15:24:27.630 Conflicting addon TF_AN94_Bttstck in 'weapon_a\attachments\buttstocks\an94_m4_adapter\', previous definition in 'weapon_a\attachments\buttstocks\ak_caa_adapter\'
15:24:27.636 Conflicting addon TF_Muzzles in 'weapon_a\attachments\muzzle\silencer\pbs_1\', previous definition in 'weapon_a\attachments\muzzle\silencer\sound_suppressor_338\'
15:24:27.637 Conflicting addon TF_Handguard_M4 in 'weapon_a\attachments\handguards\m4_adar215\', previous definition in 'weapon_a\attachments\handguards\m4_dd9\'
15:24:27.641 Conflicting addon TF_Muzzles in 'weapon_a\attachments\muzzle\silencer\socom556rc_suppressor\', previous definition in 'weapon_a\attachments\muzzle\silencer\sound_suppressor_338\'
15:24:27.642 Conflicting addon TF_AKSu_Handguards in 'weapon_a\attachments\handguards\ak_s74u_std\', previous definition in 'weapon_a\attachments\handguards\ak_zenitco_b11_b12\'
15:24:27.650 Conflicting addon TF_Attachments in 'weapon_b\attachments\buttstock\m16_buttstock\', previous definition in 'weapon_a\attachments\buttstocks\std_buttstock\'
15:24:27.651 Conflicting addon TF_Magazine_AKM in 'weapon_b\magazines\akm_6p2_sb11_steel_762_40rnd\', previous definition in 'weapon_a\magazines\ak_ak55_762_10rnd\'
15:24:27.653 Conflicting addon TF_Magazine_AKM in 'weapon_b\magazines\akm_6p2_bakelit_762_40rnd\', previous definition in 'weapon_a\magazines\ak_ak55_762_10rnd\'
15:24:27.655 Conflicting addon TF_AK_Hndgrd in 'weapon_b\attachments\handguard\ak_zenit_b10m_b19\', previous definition in 'weapon_a\attachments\handguards\ak_zenitco_b30_b31\'
15:24:27.665 Conflicting addon TF_Muzzles in 'weapon_b\attachments\muzzle\aek999_suppressor\', previous definition in 'weapon_a\attachments\muzzle\silencer\sound_suppressor_338\'
15:24:27.666 Conflicting addon TF_AK_Hndgrd in 'weapon_b\attachments\handguard\ak_magpul_moe\', previous definition in 'weapon_a\attachments\handguards\ak_zenitco_b30_b31\'
15:24:27.667 Conflicting addon TF_PKM_Handguard in 'weapon_b\attachments\handguard\pkm_c46_hanguard\', previous definition in 'weapon_b\attachments\handguard\pkm_b50_handguard\'
15:24:27.667 Conflicting addon TF_Sounds in 'weapon_b\sounds\', previous definition in 'weapon_a\sound\'
15:24:27.670 Conflicting addon TF_Grips in 'weapon_b\attachments\foregrip\', previous definition in 'weapon_a\attachments\grips\'
15:24:27.678 Conflicting addon TF_AK_Hndgrd in 'weapon_b\attachments\handguard\ak_magpul_zhukov_u\', previous definition in 'weapon_a\attachments\handguards\ak_zenitco_b30_b31\'
15:24:27.687 Conflicting addon TF_Magazine_AK in 'weapon_b\magazines\ak74_6l20_545_30rnd\', previous definition in 'weapon_b\magazines\ak101_6l29_556_30rnd\'
15:24:27.690 Conflicting addon TF_Muzzles in 'weapon_b\attachments\muzzle\rotor43_suppressor\', previous definition in 'weapon_a\attachments\muzzle\silencer\sound_suppressor_338\'
15:24:27.693 Conflicting addon TF_Magazine_AK in 'weapon_b\magazines\ak74_6l31_545_60rnd\', previous definition in 'weapon_b\magazines\ak101_6l29_556_30rnd\'
15:24:27.693 Conflicting addon TF_Magazine_AK in 'weapon_b\magazines\ak74_6l23_545_30rnd\', previous definition in 'weapon_b\magazines\ak101_6l29_556_30rnd\'
15:24:27.756 Conflicting addon DZ_Weapons_Firearms_SaigaK in 'SR_Weapons\weapons\shotgun\aa12\', previous definition in 'SR_Weapons\weapons\shotgun\komrad12\'
15:24:27.762 Conflicting addon DZ_Weapons_Firearms_SaigaK in 'SR_Weapons\weapons\shotgun\autoshotgun\', previous definition in 'SR_Weapons\weapons\shotgun\komrad12\'
15:24:27.764 Conflicting addon DZ_Weapons_Firearms_SaigaK in 'SR_Weapons\weapons\shotgun\origin12\', previous definition in 'SR_Weapons\weapons\shotgun\komrad12\'
15:24:27.778 Conflicting addon SR_Attach_RecieverCover in 'SR_WeaponsV2\attach\saigaattach\recivcover\', previous definition in 'SR_Weapons\attach\ak_attach\reciever_cover\'
15:24:27.788 Conflicting addon SR_Attach_Hndgrds in 'SR_WeaponsV2\weapons\ak12\attach\hndgrd\', previous definition in 'SR_Weapons\attach\ak_attach\ak_hndgrd\'
15:24:27.792 Conflicting addon SR_Attach_RecieverCover in 'SR_WeaponsV2\weapons\ak12\attach\recivecover\', previous definition in 'SR_Weapons\attach\ak_attach\reciever_cover\'
15:24:27.796 Conflicting addon SR_Attach_Hndgrds in 'SR_WeaponsV2\weapons\rd704\slr_ion\', previous definition in 'SR_Weapons\attach\ak_attach\ak_hndgrd\'
15:24:27.796 Conflicting addon SR_Mag_545 in 'SR_WeaponsV2\attach\saigaattach\mag\', previous definition in 'SR_Weapons\attach\ak_attach\ak_mag\'
15:24:27.797 Conflicting addon DZ_Weapons_Muzzles in 'SR_WeaponsV2\pistols\supp\', previous definition in 'EarPlugs\'
15:24:27.798 Conflicting addon SR_Mag_762 in 'SR_WeaponsV2\weapons\orsis_t5000\attach\mag\', previous definition in 'SR_Weapons\attach\ak_attach\akm_mag\'
15:24:27.806 Conflicting addon SR_Attach_Hndgrds in 'SR_WeaponsV2\attach\saigaattach\hndgrd\', previous definition in 'SR_Weapons\attach\ak_attach\ak_hndgrd\'
15:24:27.806 Conflicting addon DZ_Weapons_Firearms_SaigaK in 'SR_WeaponsV2\weapons\saiga12k\', previous definition in 'SR_Weapons\weapons\shotgun\komrad12\'
15:24:27.812 Conflicting addon SR_Weapons_M4 in 'SR_WeaponsV2\weapons\m4a1\', previous definition in 'SR_Weapons\weapons\firearms\m4_sandstorm\'
15:24:27.819 Conflicting addon SR_Attach_HndgrdRsass in 'SR_WeaponsV2\weapons\mp155\attach\hndgrd\mp_155_ultima\', previous definition in 'SR_WeaponsV2\weapons\mp155\attach\hndgrd\toprail\'
15:24:27.823 Conflicting addon DZ_Pistols_Glock in 'SR_WeaponsV2\pistols\glock\', previous definition in 'SR_WeaponsV2\pistols\glock17\'
15:24:27.824 Conflicting addon SR_Attach_T5000_Btt in 'SR_WeaponsV2\weapons\orsis_t5000\attach\btt\', previous definition in 'SR_WeaponsV2\weapons\sv98\attach\btt\'
15:24:28.249 String "STR_SLOT_CASSETTE" listed twice in "Global"
15:24:28.283 String "STR_SLOT_CASSETTE" listed twice in "Global"
15:24:28.326 String "STR_SLOT_CASSETTE" listed twice in "Global"
15:24:28.352 String "STR_SLOT_CASSETTE" listed twice in "Global"
15:24:28.378 String "STR_SLOT_CASSETTE" listed twice in "Global"
15:24:28.422 String "STR_SLOT_CASSETTE" listed twice in "Global"
15:24:28.447 String "STR_SLOT_CASSETTE" listed twice in "Global"
15:24:28.490 String "STR_SLOT_CASSETTE" listed twice in "Global"
15:24:28.528 String "STR_SLOT_CASSETTE" listed twice in "Global"
15:24:28.556 String "STR_SLOT_CASSETTE" listed twice in "Global"
15:24:28.583 String "STR_SLOT_CASSETTE" listed twice in "Global"
15:24:28.613 String "STR_SLOT_CASSETTE" listed twice in "Global"
15:24:28.642 String "STR_SLOT_CASSETTE" listed twice in "Global"
15:24:28.642 String "STR_SLOT_BARREL" listed twice in "Global"
15:24:28.664 String "STR_SLOT_CASSETTE" listed twice in "Global"
15:24:28.695 String "STR_SLOT_CASSETTE" listed twice in "Global"
15:24:28.732 String "STR_SLOT_CASSETTE" listed twice in "Global"
15:24:28.760 String "STR_SLOT_CASSETTE" listed twice in "Global"
15:24:28.790 String "STR_SLOT_CASSETTE" listed twice in "Global"
15:24:28.827 String "STR_SLOT_CASSETTE" listed twice in "Global"
15:24:28.827 String "STR_SLOT_BARREL" listed twice in "Global"
15:24:28.847 String "STR_SLOT_CASSETTE" listed twice in "Global"
15:24:28.885 String "STR_SLOT_CASSETTE" listed twice in "Global"
15:24:28.935 String "STR_SLOT_CASSETTE" listed twice in "Global"
15:24:28.968 String "STR_SLOT_CASSETTE" listed twice in "Global"
15:24:29.06  String "STR_SLOT_CASSETTE" listed twice in "Global"
15:24:29.37  String "STR_SLOT_CASSETTE" listed twice in "Global"
15:24:29.63  String "STR_SLOT_CASSETTE" listed twice in "Global"
15:24:29.98  String "STR_SLOT_CASSETTE" listed twice in "Global"
15:24:29.133 String "STR_SLOT_CASSETTE" listed twice in "Global"
15:24:29.172 String "STR_SLOT_CASSETTE" listed twice in "Global"
15:24:29.192 String "STR_SLOT_CASSETTE" listed twice in "Global"
15:24:29.224 String "STR_SLOT_CASSETTE" listed twice in "Global"
15:24:29.257 String "STR_SLOT_CASSETTE" listed twice in "Global"
15:24:29.281 String "STR_SLOT_CASSETTE" listed twice in "Global"
15:24:29.303 String "STR_SLOT_CASSETTE" listed twice in "Global"
15:24:29.328 String "STR_SLOT_CASSETTE" listed twice in "Global"
15:24:29.358 String "STR_SLOT_CASSETTE" listed twice in "Global"
15:24:29.388 String "STR_SLOT_CASSETTE" listed twice in "Global"
15:24:29.422 String "STR_SLOT_CASSETTE" listed twice in "Global"
15:24:29.461 String "STR_SLOT_CASSETTE" listed twice in "Global"
15:24:29.502 String "STR_SLOT_CASSETTE" listed twice in "Global"
15:24:29.502 String "STR_SLOT_CHEST" listed twice in "Global"
15:24:29.546 String "STR_SLOT_CASSETTE" listed twice in "Global"
15:24:29.588 String "STR_SLOT_CASSETTE" listed twice in "Global"
15:24:29.612 String "STR_SLOT_CASSETTE" listed twice in "Global"
15:24:29.648 String "STR_SLOT_CASSETTE" listed twice in "Global"
15:24:29.670 String "STR_SLOT_CHEST" listed twice in "Global"
15:24:29.670 String "STR_SLOT_CASSETTE" listed twice in "Global"
15:24:29.710 String "STR_SLOT_CASSETTE" listed twice in "Global"
15:24:29.738 String "STR_SLOT_CASSETTE" listed twice in "Global"
15:24:29.779 String "STR_SLOT_CASSETTE" listed twice in "Global"
15:24:29.803 String "STR_SLOT_CASSETTE" listed twice in "Global"
15:24:29.843 String "STR_SLOT_CASSETTE" listed twice in "Global"
15:24:29.880 String "STR_SLOT_CASSETTE" listed twice in "Global"
15:24:29.914 String "STR_SLOT_CASSETTE" listed twice in "Global"
15:24:29.951 String "STR_SLOT_CASSETTE" listed twice in "Global"
15:24:30.00  String "STR_SLOT_CASSETTE" listed twice in "Global"
15:24:30.28  String "STR_SLOT_CASSETTE" listed twice in "Global"
15:24:30.65  String "STR_SLOT_CASSETTE" listed twice in "Global"
15:24:30.108 String "STR_SLOT_CASSETTE" listed twice in "Global"
15:24:30.140 String "STR_SLOT_CASSETTE" listed twice in "Global"
15:24:30.172 String "STR_SLOT_CASSETTE" listed twice in "Global"
15:24:30.189 String "STR_SLOT_CASSETTE" listed twice in "Global"
15:24:30.223 String "STR_SLOT_CASSETTE" listed twice in "Global"
15:24:30.248 Conflicting addon DZ_Vehicles_Wheeled in 'ZIL_157_rus\', previous definition in 'RUSForma_wheels\'
15:24:31.38  Conflicting addon JPC_Vest in 'JPC_Vest\', previous definition in 'JPC_Vest\data\item\'
15:24:31.155 Conflicting addon JosiesHiluxZ in 'JosiesHiluxZ\slotz\', previous definition in 'JosiesHiluxZ\proxys\'
15:24:31.157 Conflicting addon JosiesHiluxZ in 'JosiesHiluxZ\vanillawheelsconfig\', previous definition in 'JosiesHiluxZ\proxys\'
15:24:31.170 Conflicting addon JosiesHiluxZ in 'JosiesHiluxZ\', previous definition in 'JosiesHiluxZ\proxys\'
15:24:31.193 Conflicting addon DayZExpansion_Samples_Scripts in 'Expansion_Ka52\scripts\', previous definition in 'ExpansionMi8Sample\dayzexpansion\scripts\'
15:24:31.652 Conflicting addon CnG_VAZ2109 in 'cng_vaz2109\', previous definition in 'cng_vaz2109\cng_vaz2109\'
15:24:31.664 Conflicting addon UAZ_31514 in 'cng_uaz_31514\uaz_31514\', previous definition in 'cng_uaz_31514\'
15:24:31.673 String "STR_CfgVehicles_CG_Cassette" listed twice in "Global"
15:24:31.674 Conflicting addon UAZ_452 in 'cng_uaz_452\', previous definition in 'cng_uaz_452\uaz_452\'
15:24:31.694 String "VSTR_TOOLTIP_TITLE_NOTICE" listed twice in "Global"
15:24:31.719 String "STR_VPPAT_NAME" listed twice in "Global"
15:24:31.719 String "VSTR_SESSION_DISCONNECT" listed twice in "Global"
15:24:31.719 String "VSTR_ERROR_UPDATE_BUILDINGSET" listed twice in "Global"
15:24:31.719 String "VSTR_ERROR_DELETE_BUILDINGSET" listed twice in "Global"
15:24:31.719 String "VSTR_MISSING_PERM" listed twice in "Global"
15:24:31.719 String "VSTR_UPDATED_PERM_SETTING" listed twice in "Global"
15:24:31.719 String "VSTR_PERMS_REMOVE_USER" listed twice in "Global"
15:24:31.719 String "VSTR_FROM_GROUP" listed twice in "Global"
15:24:31.719 String "VSTR_ERROR_USER_SUPERADMIN" listed twice in "Global"
15:24:31.719 String "VSTR_ERROR_INVALID_GROUP" listed twice in "Global"
15:24:31.719 String "VSTR_PERMS_USER_INGTROUP" listed twice in "Global"
15:24:31.719 String "VSTR_ERROR_UNKOWN_PERM" listed twice in "Global"
15:24:31.719 String "VSTR_ERROR_NAME_MISMATCH" listed twice in "Global"
15:24:31.719 String "VSTR_ERROR_NOT_ADMIN" listed twice in "Global"
15:24:31.719 String "VSTR_ERROR_CANT_TARGET" listed twice in "Global"
15:24:31.719 String "VSTR_ERROR_NO_PERM" listed twice in "Global"
15:24:31.719 String "VSTR_PERM_LVL_LOW" listed twice in "Global"
15:24:31.719 String "VSTR_BANNED" listed twice in "Global"
15:24:31.719 String "VSTR_BAN_REASON" listed twice in "Global"
15:24:31.720 String "VSTR_ERROR_BAN_PLAYER" listed twice in "Global"
15:24:31.720 String "VSTR_KICK_PLAYER" listed twice in "Global"
15:24:31.720 String "VSTR_NOTIFY_SPECTATE" listed twice in "Global"
15:24:31.720 String "VSTR_NOTIFY_GODMODE_OFF" listed twice in "Global"
15:24:31.720 String "VSTR_NOTIFY_GODMODE_ON" listed twice in "Global"
15:24:31.720 String "VSTR_NOTIFY_REVOKE_GODMODE" listed twice in "Global"
15:24:31.720 String "VSTR_NOTIFY_REVOKE_GODMODE_ADMIN" listed twice in "Global"
15:24:31.720 String "VSTR_NOTIFY_GIVE_GODMODE" listed twice in "Global"
15:24:31.720 String "VSTR_NOTIFY_GIVE_GODMODE_ADMIN" listed twice in "Global"
15:24:31.720 String "VSTR_NOTIFY_REVOKE_AMMO" listed twice in "Global"
15:24:31.720 String "VSTR_NOTIFY_REVOKE_AMMO_ADMIN" listed twice in "Global"
15:24:31.720 String "VSTR_NOTIFY_GIVE_AMMO" listed twice in "Global"
15:24:31.720 String "VSTR_NOTIFY_GIVE_AMMO_ADMIN" listed twice in "Global"
15:24:31.720 String "VSTR_NOTIFY_RESTART_ERROR" listed twice in "Global"
15:24:31.720 String "VSTR_NOTIFY_RESTART_IN" listed twice in "Global"
15:24:31.720 String "VSTR_NOTIFY_TP_BRINGSELF_ERR" listed twice in "Global"
15:24:31.720 String "VSTR_NOTIFY_ERR_TP_NORETURN" listed twice in "Global"
15:24:31.720 String "VSTR_NOTIFY_ERR_TPSELF" listed twice in "Global"
15:24:31.720 String "VSTR_TP_ERR_INVALID" listed twice in "Global"
15:24:31.720 String "VSTR_DEL_SUCESS" listed twice in "Global"
15:24:31.720 String "VSTR_ADD_SUCESS" listed twice in "Global"
15:24:31.720 String "VSTR_EDIT_SUCESS" listed twice in "Global"
15:24:31.720 String "VSTR_NOT_DEFINED" listed twice in "Global"
15:24:31.720 String "VSTR_NOTIFY_TOOLS_TOGGLE_ON" listed twice in "Global"
15:24:31.720 String "VSTR_NOTIFY_TOOLS_TOGGLE_OFF" listed twice in "Global"
15:24:31.720 String "VSTR_NOTIFY_ERR_NOTTOGGLE" listed twice in "Global"
15:24:31.720 String "VSTR_NOTIFY_DEL_OBJ" listed twice in "Global"
15:24:31.720 String "VSTR_NOTIFY_Q_DEL" listed twice in "Global"
15:24:31.720 String "VSTR_NOTIFY_COPY_CLIPBOARD" listed twice in "Global"
15:24:31.720 String "VSTR_NOTIFY_COPY_POS" listed twice in "Global"
15:24:31.720 String "VSTR_NOTIFY_SERVER_LOCK_OFF" listed twice in "Global"
15:24:31.720 String "VSTR_NOTIFY_SERVER_LOCK_ON" listed twice in "Global"
15:24:31.720 String "VSTR_NOTIFY_SERVER_LOCKED" listed twice in "Global"
15:24:31.720 String "VSTR_NOTIFY_LOGGED_IN_ADMIN" listed twice in "Global"
15:24:31.720 String "VSTR_NOTIFY_LOGGED_OUT_ADMIN" listed twice in "Global"
15:24:31.720 String "VSTR_TOOLTIP_PLAYERMANAGER" listed twice in "Global"
15:24:31.720 String "VSTR_TOOLTIP_ITEMMANAGER" listed twice in "Global"
15:24:31.720 String "VSTR_TOOLTIP_TELEPORTMANAGER" listed twice in "Global"
15:24:31.720 String "VSTR_TOOLTIP_COMMANDSMENU" listed twice in "Global"
15:24:31.720 String "VSTR_TOOLTIP_SERVERMANAGER" listed twice in "Global"
15:24:31.720 String "VSTR_TOOLTIP_WEATHERMANAGER" listed twice in "Global"
15:24:31.720 String "VSTR_TOOLTIP_OBJMANAGER" listed twice in "Global"
15:24:31.720 String "VSTR_TOOLTIP_BANSMANAGER" listed twice in "Global"
15:24:31.720 String "VSTR_TOOLTIP_PERMSEDITOR" listed twice in "Global"
15:24:31.720 String "VSTR_TOOLTIP_WEBHOOKS" listed twice in "Global"
15:24:31.720 String "VSTR_TOOLTIP_XMLEDITOR" listed twice in "Global"
15:24:31.720 String "VSTR_TOOLTIP_TITLE" listed twice in "Global"
15:24:31.720 String "VSTR_TOOLTIP_BAN_TIP" listed twice in "Global"
15:24:31.720 String "VSTR_TOOLTIP_BANS_DETIALS" listed twice in "Global"
15:24:31.720 String "VSTR_Q_UNBAN" listed twice in "Global"
15:24:31.720 String "VSTR_UNBAN" listed twice in "Global"
15:24:31.720 String "VSTR_NOTIFIY_UPDATE_BAN_REASON" listed twice in "Global"
15:24:31.720 String "VSTR_NOTIFIY_ERR_BAN_NOSELECT" listed twice in "Global"
15:24:31.720 String "VSTR_NOTIFIY_UPDATE_BAN_TIME" listed twice in "Global"
15:24:31.720 String "VSTR_TOOLTIP_SPH" listed twice in "Global"
15:24:31.720 String "VSTR_TOOLTIP_SPG" listed twice in "Global"
15:24:31.720 String "VSTR_TOOLTIP_SPAWNCAR" listed twice in "Global"
15:24:31.720 String "VSTR_TOOLTIP_REFUEL" listed twice in "Global"
15:24:31.720 String "VSTR_TOOLTIP_SPI" listed twice in "Global"
15:24:31.720 String "VSTR_TOOLTIP_AMMO" listed twice in "Global"
15:24:31.720 String "VSTR_TOOLTIP_TPP" listed twice in "Global"
15:24:31.720 String "VSTR_TOOLTIP_TPT" listed twice in "Global"
15:24:31.720 String "VSTR_TOOLTIP_GOTO" listed twice in "Global"
15:24:31.720 String "VSTR_TOOLTIP_RETURN" listed twice in "Global"
15:24:31.720 String "VSTR_TOOLTIP_BRING" listed twice in "Global"
15:24:31.720 String "VSTR_TOOLTIP_HEAL" listed twice in "Global"
15:24:31.720 String "VSTR_TOOLTIP_KILL" listed twice in "Global"
15:24:31.720 String "VSTR_TOOLTIP_STRIP" listed twice in "Global"
15:24:31.720 String "VSTR_TOOLTIP_CLEAR" listed twice in "Global"
15:24:31.720 String "VSTR_TOOLTIP_COMMANDCONSOLE_KEYS" listed twice in "Global"
15:24:31.720 String "VSTR_ESP_FILTER_RESTORE_TITLE" listed twice in "Global"
15:24:31.720 String "VSTR_ESP_FILTER_RESTORE" listed twice in "Global"
15:24:31.720 String "VSTR_ESP_CREATE_FILTER" listed twice in "Global"
15:24:31.720 String "VSTR_ESP_FILTER_INFO" listed twice in "Global"
15:24:31.720 String "VSTR_ESP_TITLE_DELETE" listed twice in "Global"
15:24:31.720 String "VSTR_ESP_DEL_CONFIRM" listed twice in "Global"
15:24:31.720 String "VSTR_ESP_TOOLTIP" listed twice in "Global"
15:24:31.720 String "VSTR_ESP_Q_REMOVE" listed twice in "Global"
15:24:31.720 String "VSTR_ESP_Q_REMOVE_2" listed twice in "Global"
15:24:31.720 String "VSTR_ESP_DEL_CONFIRM_2" listed twice in "Global"
15:24:31.720 String "VSTR_ESP_DEL_CONFIRM_3" listed twice in "Global"
15:24:31.720 String "VSTR_NOTIFY_ERR_UNIQUE" listed twice in "Global"
15:24:31.720 String "VSTR_DISPLAY_PARENT" listed twice in "Global"
15:24:31.720 String "VSTR_TOOLTIP_ITEMMGR" listed twice in "Global"
15:24:31.720 String "VSTR_TITLE_SAVEDPRESETS" listed twice in "Global"
15:24:31.720 String "VSTR_NOTIFY_ERR_NOPRESET" listed twice in "Global"
15:24:31.720 String "VSTR_NOTIFY_ERR_NOTSELECTPRESET" listed twice in "Global"
15:24:31.720 String "VSTR_NOTIFY_ERR_SPAWN_PRESET" listed twice in "Global"
15:24:31.720 String "VSTR_NOTIFY_ERR_SPAWN_PRESET_NOPLAYER" listed twice in "Global"
15:24:31.720 String "VSTR_ALERT_ENABLE_PHYSICS" listed twice in "Global"
15:24:31.720 String "VSTR_TOOLTIP_PHYSICS" listed twice in "Global"
15:24:31.720 String "VSTR_TOOLTIP_EXPORT_SET" listed twice in "Global"
15:24:31.720 String "VSTR_NOTIFY_ERR_DUPENAME" listed twice in "Global"
15:24:31.720 String "VSTR_TITLE_WARNING" listed twice in "Global"
15:24:31.720 String "VSTR_TOOLTIP_SELECT_SET" listed twice in "Global"
15:24:31.720 String "VSTR_NOTIFY_OBJ_DESELECT" listed twice in "Global"
15:24:31.720 String "VSTR_NOTIFY_OB_SELECTED" listed twice in "Global"
15:24:31.720 String "VSTR_NOTIFY_ERR_ATTS_SHOWING" listed twice in "Global"
15:24:31.720 String "VSTR_NOTIFY_ERR_NOSET_SELECTED" listed twice in "Global"
15:24:31.720 String "VSTR_NOTIFY_ERR_SET_INACTIVE" listed twice in "Global"
15:24:31.720 String "VSTR_TOOLTIP_HELP_OBJMANAGER" listed twice in "Global"
15:24:31.720 String "VSTR_TILE_DEL_USER" listed twice in "Global"
15:24:31.720 String "VSTR_Q_REMOVE_USER_FROMGROUP" listed twice in "Global"
15:24:31.720 String "VSTR_Q_REMOVE_USER_FROMGROUP_2" listed twice in "Global"
15:24:31.720 String "VSTR_TITLE_EDIT_PERMS" listed twice in "Global"
15:24:31.720 String "VSTR_TOOLTIP_PERMSLEVEL" listed twice in "Global"
15:24:31.720 String "VSTR_NOTIFY_PERMLVL_UPDATED" listed twice in "Global"
15:24:31.720 String "VSTR_TOOLTIPE_TITLE_DELGROUP" listed twice in "Global"
15:24:31.720 String "VSTR_TOOLTIPE_DELGROUP" listed twice in "Global"
15:24:31.720 String "VSTR_TOOLTIP_TITLE_CREATEGROUP" listed twice in "Global"
15:24:31.720 String "VSTR_TOOLTIP_CREATEGROUP" listed twice in "Global"
15:24:31.720 String "VSTR_TOOLTIP_TITLE_UPDATE_PERMSGRP" listed twice in "Global"
15:24:31.720 String "VSTR_TOOLTIP_UPDATE_PERMSGRP" listed twice in "Global"
15:24:31.720 String "VSTR_NOTIFY_PERMS_REQUSTADD" listed twice in "Global"
15:24:31.720 String "VSTR_NOTIFY_ERR_ADD_PLAYERSPERMS" listed twice in "Global"
15:24:31.720 String "VSTR_NOTIFY_PERMS_UPD_GRP" listed twice in "Global"
15:24:31.720 String "VSTR_NOTIFY_PERMS_UPD_GRP_2" listed twice in "Global"
15:24:31.720 String "VSTR_NOTIFY_GRPNAME" listed twice in "Global"
15:24:31.720 String "VSTR_NOTIFY_ALREADY_EXISTS" listed twice in "Global"
15:24:31.720 String "VSTR_NOTIFY_USER_GRP_CREATED" listed twice in "Global"
15:24:31.720 String "VSTR_NOTIFY_SUCCESS_COPY_TOCLIPBOARD" listed twice in "Global"
15:24:31.720 String "VSTR_TOOLTIP_TITLE_NOTICE" listed twice in "Global"
15:24:31.720 String "VSTR_TOOLTIP_WRN_ADDPLAYERTOGRP" listed twice in "Global"
15:24:31.721 String "VSTR_TOOLTIP_TITLE_VOMIT" listed twice in "Global"
15:24:31.721 String "VSTR_TOOLTIP_VOMIT" listed twice in "Global"
15:24:31.721 String "VSTR_TOOLTIP_TITLE_KICK" listed twice in "Global"
15:24:31.721 String "VSTR_TOOLTIP_KICK_REASON" listed twice in "Global"
15:24:31.721 String "VSTR_TOOLTIP_TITLE_KILL_PLAYERS" listed twice in "Global"
15:24:31.721 String "VSTR_TOOLTIP_KILL_PLAYERS" listed twice in "Global"
15:24:31.721 String "VSTR_TOOLTIP_TITLE_SEND_MSG" listed twice in "Global"
15:24:31.721 String "VSTR_TOOLTIP_SEND_MSG" listed twice in "Global"
15:24:31.721 String "VSTR_TOOLTIP_TITLE_BAN_PLAYER" listed twice in "Global"
15:24:31.721 String "VSTR_TOOLTIP_TITLE_RET_PLAYER" listed twice in "Global"
15:24:31.721 String "VSTR_TOOLTIP_BAN_PLAYER" listed twice in "Global"
15:24:31.721 String "VSTR_TOOLTIP_RET_PLAYER" listed twice in "Global"
15:24:31.721 String "VSTR_NOTIFY_APPLY_HEALTH" listed twice in "Global"
15:24:31.721 String "VSTR_NOTIFY_APPLY_BLOOD" listed twice in "Global"
15:24:31.721 String "VSTR_NOTIFY_APPLY_SHOCK" listed twice in "Global"
15:24:31.721 String "VSTR_NOTIFY_APPLY_WATER" listed twice in "Global"
15:24:31.721 String "VSTR_NOTIFY_APPLY_ENERGY" listed twice in "Global"
15:24:31.721 String "VSTR_NOTIFY_KICK_MESSAGE_PLAYER" listed twice in "Global"
15:24:31.721 String "VSTR_NOTIFY_SPECTATE_REQ" listed twice in "Global"
15:24:31.721 String "VSTR_TOOLTIP_TITLE_RESTARTSERVER" listed twice in "Global"
15:24:31.721 String "VSTR_TOOLTIP_RESTARTSERVER" listed twice in "Global"
15:24:31.721 String "VSTR_TOOLTIP_TITLE_LOCKSERVER" listed twice in "Global"
15:24:31.721 String "VSTR_TOOLTIP_LOCKSERVER" listed twice in "Global"
15:24:31.721 String "VSTR_TOOLTIP_TITLE_KICKALLPLAYERS" listed twice in "Global"
15:24:31.721 String "VSTR_TOOLTIP_KICKALLPLAYERS" listed twice in "Global"
15:24:31.721 String "VSTR_NOTIFY_KICKINGPLAYERS" listed twice in "Global"
15:24:31.721 String "VSTR_TOOLTIP_TP_MENU_INFO" listed twice in "Global"
15:24:31.721 String "VSTR_TOOLTIP_TITLE_DEL_PRESET_TP" listed twice in "Global"
15:24:31.721 String "VSTR_TOOLTIP_DEL_PRESET_TP" listed twice in "Global"
15:24:31.721 String "VSTR_NOTIFY_ERR_TP_PLAYER" listed twice in "Global"
15:24:31.721 String "VSTR_NOTIFY_ERR_TP_PLAYERS_NOTSELECT" listed twice in "Global"
15:24:31.721 String "VSTR_NOTIFY_ERR_INVALIDPOS" listed twice in "Global"
15:24:31.721 String "VSTR_NOTIFY_ERR_TP_NAME_UNIQUE" listed twice in "Global"
15:24:31.721 String "VSTR_TOOLTIP_WEATHER_MNU" listed twice in "Global"
15:24:31.721 String "VSTR_TOOLTIP_WEATHER_PRST" listed twice in "Global"
15:24:31.721 String "VSTR_TOOLTIP_SELECT_PRST_WEATHER" listed twice in "Global"
15:24:31.721 String "VSTR_NOTIFY_ERR_WEATHERSETTING" listed twice in "Global"
15:24:31.721 String "VSTR_NOTIFY_DEL_WEATHER_PRST" listed twice in "Global"
15:24:31.721 String "VSTR_NOTIFY_INCRR_PRESET" listed twice in "Global"
15:24:31.721 String "VSTR_NOTIFY_NAME_INUSE" listed twice in "Global"
15:24:31.721 String "VSTR_NOTIFY_ERR_INVALID_WEATHERDATA" listed twice in "Global"
15:24:31.721 String "VSTR_NOTIFY_SAVING_WEATHER" listed twice in "Global"
15:24:31.721 String "VSTR_NOTIFY_ERR_WEATHER_SELECT_PRST" listed twice in "Global"
15:24:31.721 String "VSTR_NOTIFY_APPLY_WEATHERPREST" listed twice in "Global"
15:24:31.721 String "VSTR_NOTIFY_SELECT_PRST_WEATHER_DEL" listed twice in "Global"
15:24:31.721 String "VSTR_NOTIFY_ERR_TIME_PRST" listed twice in "Global"
15:24:31.721 String "VSTR_NOTIFY_REMOVE_DATE_PRST" listed twice in "Global"
15:24:31.721 String "VSTR_NOTIFY_ERR_MISSING_DATE" listed twice in "Global"
15:24:31.721 String "VSTR_NOTIFY_ERR_DUPE_TIME_PRST" listed twice in "Global"
15:24:31.721 String "VSTR_NOTIFY_SAVE_PRST_DATE" listed twice in "Global"
15:24:31.721 String "VSTR_NOTIFY_ERR_DATE_MISSING" listed twice in "Global"
15:24:31.721 String "VSTR_NOTIFY_WTH_APPLYING" listed twice in "Global"
15:24:31.721 String "VSTR_NOTIFY_SELECT_TIME_PRST" listed twice in "Global"
15:24:31.721 String "VSTR_NOTIFY_APPLY_TIME_PRST" listed twice in "Global"
15:24:31.721 String "VSTR_NOTIFY_UPDATED_TIME_PRST" listed twice in "Global"
15:24:31.721 String "VSTR_TOOLTIP_TITLE_SAVE_CHANGE" listed twice in "Global"
15:24:31.721 String "VSTR_TOOLTIP_SAVE_CHANGE" listed twice in "Global"
15:24:31.721 String "VSTR_NOTIFY_WBHOOKS_CONFG" listed twice in "Global"
15:24:31.721 String "VSTR_NOTIFY_ERR_NOWEBHOOK" listed twice in "Global"
15:24:31.721 String "VSTR_NOTIFY_ERR_WBHOOK_NAMESHORT" listed twice in "Global"
15:24:31.721 String "VSTR_NOTIFY_ERR_NAMEINUSE_WEBHOOK" listed twice in "Global"
15:24:31.721 String "VSTR_NOTIFY_ERR_DEL_WEBHOOK" listed twice in "Global"
15:24:31.721 String "VSTR_TOOLTIP_TITLE_WBHOOK_DEL" listed twice in "Global"
15:24:31.721 String "VSTR_TOOLTIP_WBHOOK_DEL" listed twice in "Global"
15:24:31.721 String "VSTR_TOOLTIP_TITLE_WBHOOK_SELC" listed twice in "Global"
15:24:31.721 String "VSTR_TOOLTIP_WBHOOK_SELC" listed twice in "Global"
15:24:31.721 String "VSTR_TOOLTIP_XML_EDITORCHN" listed twice in "Global"
15:24:31.721 String "VSTR_TOOLTIP_XML_SCAN" listed twice in "Global"
15:24:31.721 String "VSTR_XML_TITLE_NOMINAL" listed twice in "Global"
15:24:31.721 String "VSTR_XML_TITLE_LIFETIME" listed twice in "Global"
15:24:31.721 String "VSTR_XML_TITLE_RESTOCK" listed twice in "Global"
15:24:31.721 String "VSTR_XML_TITLE_MIN" listed twice in "Global"
15:24:31.721 String "VSTR_XML_TITLE_QUANTMIN" listed twice in "Global"
15:24:31.721 String "VSTR_XML_TITLE_QUANTMAX" listed twice in "Global"
15:24:31.721 String "VSTR_XML_TITLE_COST" listed twice in "Global"
15:24:31.721 String "VSTR_XML_NOMINAL" listed twice in "Global"
15:24:31.721 String "VSTR_XML_LIFETIME" listed twice in "Global"
15:24:31.721 String "VSTR_XML_RESTOCK" listed twice in "Global"
15:24:31.721 String "VSTR_XML_MIN" listed twice in "Global"
15:24:31.721 String "VSTR_XML_QUANTMIN" listed twice in "Global"
15:24:31.721 String "VSTR_XML_QUNATMAX" listed twice in "Global"
15:24:31.721 String "VSTR_XML_COST" listed twice in "Global"
15:24:31.721 String "VSTR_NOTIFY_ERR_XML_NOITEM" listed twice in "Global"
15:24:31.721 String "VSTR_NOTIFY_WAIT_INFO" listed twice in "Global"
15:24:31.721 String "VSTR_NOTIFY_TOTALSCANNED" listed twice in "Global"
15:24:31.721 String "VSTR_XML_ERR_NOT_DEF" listed twice in "Global"
15:24:31.721 String "VSTR_XML_SUCCESS_RETRIVE" listed twice in "Global"
15:24:31.721 String "VSTR_XML_NOTIFY_ERR" listed twice in "Global"
15:24:31.721 String "VSTR_XML_ERR_SELECTFIRST" listed twice in "Global"
15:24:31.721 String "VSTR_YEAR" listed twice in "Global"
15:24:31.721 String "VSTR_MONTH" listed twice in "Global"
15:24:31.721 String "VSTR_DAY" listed twice in "Global"
15:24:31.721 String "VSTR_HOUR" listed twice in "Global"
15:24:31.721 String "VSTR_MINUTE" listed twice in "Global"
15:24:31.721 String "VSTR_CANCEL" listed twice in "Global"
15:24:31.721 String "VSTR_APPLY" listed twice in "Global"
15:24:31.721 String "VSTR_BAN_PERMA" listed twice in "Global"
15:24:31.721 String "VSTR_EDIT_DURATION" listed twice in "Global"
15:24:31.721 String "VSTR_SEARCH" listed twice in "Global"
15:24:31.721 String "VSTR_BAN_LIST_MANAGER_TITLE" listed twice in "Global"
15:24:31.721 String "VSTR_REFRESH" listed twice in "Global"
15:24:31.721 String "VSTR_BAN_LIST" listed twice in "Global"
15:24:31.721 String "VSTR_DETALIS" listed twice in "Global"
15:24:31.721 String "VSTR_LBL_NAME" listed twice in "Global"
15:24:31.721 String "VSTR_LBL_STEAMID" listed twice in "Global"
15:24:31.721 String "VSTR_LBL_GUID" listed twice in "Global"
15:24:31.721 String "VSTR_LBL_REASON" listed twice in "Global"
15:24:31.721 String "VSTR_LBL_EXPERIY_DATE" listed twice in "Global"
15:24:31.721 String "VSTR_LBL_ISSUED_BY" listed twice in "Global"
15:24:31.721 String "VSTR_LBL_REMOVE_SEL_PLAYERS" listed twice in "Global"
15:24:31.721 String "VSTR_LBL_CMD_TITLE" listed twice in "Global"
15:24:31.721 String "VSTR_LBL_CLEAR_LIST" listed twice in "Global"
15:24:31.721 String "VSTR_LBL_DELETE_ALL" listed twice in "Global"
15:24:31.721 String "VSTR_LBL_SELECTED_ITEMS" listed twice in "Global"
15:24:31.721 String "VSTR_TITLE_ESP_TOOLS" listed twice in "Global"
15:24:31.721 String "VSTR_LBL_ACTIONS" listed twice in "Global"
15:24:31.721 String "VSTR_LBL_CLEAR" listed twice in "Global"
15:24:31.721 String "VSTR_LBL_TOGGLE" listed twice in "Global"
15:24:31.721 String "VSTR_LBL_SHOW_CLASSNAME" listed twice in "Global"
15:24:31.721 String "VSTR_LBL_DEL_RADIUS" listed twice in "Global"
15:24:31.721 String "VSTR_LBL_CLASS_NAME" listed twice in "Global"
15:24:31.721 String "VSTR_LBL_UPDATE_INTERVAL" listed twice in "Global"
15:24:31.721 String "VSTR_LBL_SHOW_DETAILED_ESP" listed twice in "Global"
15:24:31.721 String "VSTR_LBL_FILTERS" listed twice in "Global"
15:24:31.721 String "VSTR_LBL_DEFAULTS" listed twice in "Global"
15:24:31.721 String "VSTR_LBL_DISTANCE" listed twice in "Global"
15:24:31.721 String "VSTR_ITEM_MANAGER_TITLE" listed twice in "Global"
15:24:31.721 String "VSTR_LBL_ITEM_SETS" listed twice in "Global"
15:24:31.721 String "VSTR_LBL_RELOAD" listed twice in "Global"
15:24:31.721 String "VSTR_LBL_ITEMS" listed twice in "Global"
15:24:31.721 String "VSTR_LBL_ITEMS_LIST" listed twice in "Global"
15:24:31.721 String "VSTR_LBL_ITEM_PREVIEW" listed twice in "Global"
15:24:31.721 String "VSTR_ENABLE_PREVIEW" listed twice in "Global"
15:24:31.721 String "VSTR_ENABLE_NO_CLIP" listed twice in "Global"
15:24:31.721 String "VSTR_SPAWN_OPTIONS" listed twice in "Global"
15:24:31.721 String "VSTR_LBL_QUANTITY" listed twice in "Global"
15:24:31.721 String "VSTR_LBL_CONDITION" listed twice in "Global"
15:24:31.721 String "VSTR_LBL_SPAWN_IN" listed twice in "Global"
15:24:31.721 String "VSTR_LBL_OTHER" listed twice in "Global"
15:24:31.721 String "VSTR_LBL_PRISTINE" listed twice in "Global"
15:24:31.721 String "VSTR_LBL_WORN" listed twice in "Global"
15:24:31.721 String "VSTR_LBL_DAMAGED" listed twice in "Global"
15:24:31.721 String "VSTR_LBL_BADLY_DAMAGED" listed twice in "Global"
15:24:31.721 String "VSTR_LBL_RUIEND" listed twice in "Global"
15:24:31.721 String "VSTR_LBL_IN_INENTORY" listed twice in "Global"
15:24:31.721 String "VSTR_LBL_ON_GROUND" listed twice in "Global"
15:24:31.721 String "VSTR_LBL_AT_CROSSHAIRS" listed twice in "Global"
15:24:31.721 String "VSTR_LBL_ON_SELECTED_PLAYERS" listed twice in "Global"
15:24:31.721 String "VSTR_LBL_SAVED_ITEM_SETS" listed twice in "Global"
15:24:31.721 String "VSTR_LBL_PRESET_ACTIONS" listed twice in "Global"
15:24:31.721 String "VSTR_LBL_SPAWN_PRESET" listed twice in "Global"
15:24:31.721 String "VSTR_LBL_CREATE_PRESET" listed twice in "Global"
15:24:31.721 String "VSTR_LBL_DELETE_PRESET" listed twice in "Global"
15:24:31.721 String "VSTR_LBL_SAVE_CHANGES" listed twice in "Global"
15:24:31.721 String "VSTR_LBL_NEW_PRESET_ATTS_ITEMMANAGER" listed twice in "Global"
15:24:31.721 String "VSTR_LBL_PRESET_NAME" listed twice in "Global"
15:24:31.721 String "VSTR_LBL_SAVE" listed twice in "Global"
15:24:31.721 String "VSTR_LBL_SELECT" listed twice in "Global"
15:24:31.721 String "VSTR_LBL_TYPE" listed twice in "Global"
15:24:31.721 String "VSTR_LBL_YAW" listed twice in "Global"
15:24:31.721 String "VSTR_LBL_PITCH" listed twice in "Global"
15:24:31.721 String "VSTR_LBL_ROLL" listed twice in "Global"
15:24:31.721 String "VSTR_LBL_BUILDING_SET_ATTS" listed twice in "Global"
15:24:31.721 String "VSTR_LBL_BUILDING_SET_NAME" listed twice in "Global"
15:24:31.721 String "VSTR_LBL_BLD_SET_ACTIVE" listed twice in "Global"
15:24:31.721 String "VSTR_LBL_EXPORT_RAW" listed twice in "Global"
15:24:31.721 String "VSTR_LBL_OK" listed twice in "Global"
15:24:31.721 String "VSTR_BUILDING_ATTS" listed twice in "Global"
15:24:31.721 String "VSTR_LBL_BLD_SET_ACTIVE_S" listed twice in "Global"
15:24:31.721 String "VSTR_BUILDING_MANAGER_TITLE" listed twice in "Global"
15:24:31.721 String "VSTR_LBL_NEW_OBJ_ATT" listed twice in "Global"
15:24:31.721 String "VSTR_LBL_SEARCH_KEYWORD" listed twice in "Global"
15:24:31.721 String "VSTR_LBL_HELP" listed twice in "Global"
15:24:31.721 String "VSTR_LBL_OPTIONS" listed twice in "Global"
15:24:31.721 String "VSTR_LBL_FREE_CAM" listed twice in "Global"
15:24:31.721 String "VSTR_LBL_TOP_DOWN_VIEW" listed twice in "Global"
15:24:31.721 String "VSTR_LBL_FOV" listed twice in "Global"
15:24:31.721 String "VSTR_LBL_SNAP_ON_MOVE" listed twice in "Global"
15:24:31.721 String "VSTR_ENABLE_OBJ_SNAP" listed twice in "Global"
15:24:31.721 String "VSTR_LBL_BUILDING_SETS" listed twice in "Global"
15:24:31.721 String "VSTR_LBL_CREATE_NEW_BUILD_SET" listed twice in "Global"
15:24:31.721 String "VSTR_LBL_SAVE_EDITS" listed twice in "Global"
15:24:31.721 String "VSTR_PERMISSIONS_MANAGER_TITLE" listed twice in "Global"
15:24:31.721 String "VSTR_LBL_AVA_PERMS" listed twice in "Global"
15:24:31.721 String "VSTR_LBL_USER_GROUPS" listed twice in "Global"
15:24:31.721 String "VSTR_LBL_ADD_MEMEBER" listed twice in "Global"
15:24:31.721 String "VSTR_LBL_UPDATE_PERMISSIONS" listed twice in "Global"
15:24:31.721 String "VSTR_LBL_CREATE_GROUP" listed twice in "Global"
15:24:31.721 String "VSTR_LBL_DELETE_GROUP" listed twice in "Global"
15:24:31.721 String "VSTR_LBL_UPDATE_GROUP_ATTS" listed twice in "Global"
15:24:31.721 String "VSTR_LBL_GROUP_NAME_FORCE" listed twice in "Global"
15:24:31.721 String "VSTR_LBL_GROUP_NAME" listed twice in "Global"
15:24:31.721 String "VSTR_LBL_GROUP_TOTAL_MEMBERS" listed twice in "Global"
15:24:31.721 String "VSTR_LBL_GROUP_PERMS_LVL" listed twice in "Global"
15:24:31.721 String "VSTR_PLAYER_MANAGER_TITLE" listed twice in "Global"
15:24:31.721 String "VSTR_LBL_PLAYERS_LIST" listed twice in "Global"
15:24:31.721 String "VSTR_LBL_PLAYERS_DETAILS" listed twice in "Global"
15:24:31.721 String "VSTR_LBL_MODIFIERS" listed twice in "Global"
15:24:31.721 String "VSTR_LBL_HEAL_PLAYERS" listed twice in "Global"
15:24:31.721 String "VSTR_LBL_KILL_PLAYERS" listed twice in "Global"
15:24:31.721 String "VSTR_LBL_TP_TO_ME" listed twice in "Global"
15:24:31.721 String "VSTR_LBL_SEND_MESSAGE" listed twice in "Global"
15:24:31.721 String "VSTR_LBL_TP_ME_TO" listed twice in "Global"
15:24:31.721 String "VSTR_LBL_KICK_PLAYERS" listed twice in "Global"
15:24:31.721 String "VSTR_LBL_BAN_PLAYERS" listed twice in "Global"
15:24:31.721 String "VSTR_LBL_SPECTATE_PLAYER" listed twice in "Global"
15:24:31.721 String "VSTR_LBL_MAKE_VOMIT" listed twice in "Global"
15:24:31.721 String "VSTR_LBL_GODMODE" listed twice in "Global"
15:24:31.721 String "VSTR_LBL_UNLIM_AMMO" listed twice in "Global"
15:24:31.721 String "VSTR_LBL_SET_INVIS" listed twice in "Global"
15:24:31.721 String "VSTR_LBL_FREEZE_PLAYER" listed twice in "Global"
15:24:31.721 String "VSTR_LBL_USER_GROUP" listed twice in "Global"
15:24:31.721 String "VSTR_LBL_COPY_INFO" listed twice in "Global"
15:24:31.721 String "VSTR_SERVER_MANAGER_TITLE" listed twice in "Global"
15:24:31.721 String "VSTR_LBL_ACTIVVITY_MAP" listed twice in "Global"
15:24:31.721 String "VSTR_LBL_SCRIPT_LOADER" listed twice in "Global"
15:24:31.721 String "VSTR_LBL_REFRESH_LIST" listed twice in "Global"
15:24:31.721 String "VSTR_LBL_WRITE" listed twice in "Global"
15:24:31.721 String "VSTR_LBL_VIEW" listed twice in "Global"
15:24:31.721 String "VSTR_LBL_LOAD" listed twice in "Global"
15:24:31.721 String "VSTR_LBL_RELEASE" listed twice in "Global"
15:24:31.721 String "VSTR_LBL_ADMIN_LOGIN" listed twice in "Global"
15:24:31.721 String "VSTR_LBL_PASSWORD" listed twice in "Global"
15:24:31.721 String "VSTR_LBL_SERVER_MONITOR" listed twice in "Global"
15:24:31.721 String "VSTR_LBL_SERVER_FPS" listed twice in "Global"
15:24:31.721 String "VSTR_LBL_ONLINE_PLAYERS" listed twice in "Global"
15:24:31.721 String "VSTR_LBL_SERVER_UPTIME" listed twice in "Global"
15:24:31.721 String "VSTR_LBL_MEM_USED" listed twice in "Global"
15:24:31.721 String "VSTR_LBL_NETWORK_TRAFFIC" listed twice in "Global"
15:24:31.721 String "VSTR_LBL_NETWORK_TRAFFIC2" listed twice in "Global"
15:24:31.721 String "VSTR_LBL_ACTIVE_AI" listed twice in "Global"
15:24:31.721 String "VSTR_LBL_REFRESH_ACTIVITY" listed twice in "Global"
15:24:31.721 String "VSTR_LBL_AUTO_UPDATE_ACTIVITY" listed twice in "Global"
15:24:31.721 String "VSTR_LBL_RESTART_SERVER" listed twice in "Global"
15:24:31.721 String "VSTR_LBL_LOCKSERVER" listed twice in "Global"
15:24:31.721 String "VSTR_LBL_KILL_ALL_PLAYERS" listed twice in "Global"
15:24:31.721 String "VSTR_LBL_RETURN_PLAYERS" listed twice in "Global"
15:24:31.721 String "VSTR_TELEPORT_MANAGER_TITLE" listed twice in "Global"
15:24:31.721 String "VSTR_LBL_SAVED_POSITIONS" listed twice in "Global"
15:24:31.721 String "VSTR_LBL_ADD_NEW_POS" listed twice in "Global"
15:24:31.721 String "VSTR_LBL_EDIT_SEL_POS" listed twice in "Global"
15:24:31.721 String "VSTR_LBL_DEL_SEL_POS" listed twice in "Global"
15:24:31.721 String "VSTR_LBL_TP_TO_SEL_PLAYERS" listed twice in "Global"
15:24:31.721 String "VSTR_LBL_TP_TO_POS" listed twice in "Global"
15:24:31.721 String "VSTR_LBL_NEW_TP_POS_ATTS" listed twice in "Global"
15:24:31.721 String "VSTR_LBL_POS" listed twice in "Global"
15:24:31.721 String "VSTR_WEATHER_MANAGER" listed twice in "Global"
15:24:31.721 String "VSTR_LBL_PRESETS" listed twice in "Global"
15:24:31.721 String "VSTR_LBL_INFORMATION" listed twice in "Global"
15:24:31.721 String "VSTR_LBL_TIME" listed twice in "Global"
15:24:31.721 String "VSTR_LBL_DATE" listed twice in "Global"
15:24:31.721 String "VSTR_LBL_RAIN" listed twice in "Global"
15:24:31.721 String "VSTR_LBL_OVERCAST" listed twice in "Global"
15:24:31.721 String "VSTR_LBL_FOG" listed twice in "Global"
15:24:31.721 String "VSTR_LBL_WIND_FORCE" listed twice in "Global"
15:24:31.721 String "VSTR_LBL_WORLD_TIME" listed twice in "Global"
15:24:31.721 String "VSTR_LBL_HOUR" listed twice in "Global"
15:24:31.721 String "VSTR_LBL_MINUTE" listed twice in "Global"
15:24:31.721 String "VSTR_LBL_DAY" listed twice in "Global"
15:24:31.721 String "VSTR_LBL_MONTH" listed twice in "Global"
15:24:31.721 String "VSTR_LBL_YEAR" listed twice in "Global"
15:24:31.721 String "VSTR_LBL_APPLY_PRESET" listed twice in "Global"
15:24:31.721 String "VSTR_LBL_USE_CURRENT_TIME" listed twice in "Global"
15:24:31.721 String "VSTR_LBL_DELETE_W_PRESET" listed twice in "Global"
15:24:31.721 String "VSTR_LBL_ENTER_NAME" listed twice in "Global"
15:24:31.721 String "VSTR_LBL_WEATHER_CONFG" listed twice in "Global"
15:24:31.721 String "VSTR_LBL_RATE_OF_CHANGE" listed twice in "Global"
15:24:31.721 String "VSTR_LBL_DURATION" listed twice in "Global"
15:24:31.721 String "VSTR_WEB_HOOKS_MANAGER_TITLE" listed twice in "Global"
15:24:31.721 String "VSTR_LBL_WEBHOOKS" listed twice in "Global"
15:24:31.721 String "VSTR_LBL_WEBHOOKS_ATTS" listed twice in "Global"
15:24:31.721 String "VSTR_LBL_SEND_DEATH_LOGS" listed twice in "Global"
15:24:31.721 String "VSTR_LBL_SIMPLIFIED_LOGS" listed twice in "Global"
15:24:31.721 String "VSTR_LBL_SEND_ADMIN_LOGS" listed twice in "Global"
15:24:31.721 String "VSTR_LBL_SEND_HIT_LOGS" listed twice in "Global"
15:24:31.721 String "VSTR_LBL_SEND_PLAYER_LEAVE_JOIN_LOGS" listed twice in "Global"
15:24:31.721 String "VSTR_LBL_URL" listed twice in "Global"
15:24:31.721 String "VSTR_LBL_WEBHOOKS_TIP" listed twice in "Global"
15:24:31.721 String "VSTR_LBL_CREATE_NEW_PRESET" listed twice in "Global"
15:24:31.721 String "VSTR_LBL_PLEASE_WAIT" listed twice in "Global"
15:24:31.721 String "VSTR_LBL_APPLY_CHANGES" listed twice in "Global"
15:24:31.721 String "VSTR_LBL_LOAD_SELECTED" listed twice in "Global"
15:24:31.721 String "VSTR_LBL_GET_ITEM_STATS" listed twice in "Global"
15:24:31.721 String "VSTR_XML_EDITOR_TITLE" listed twice in "Global"
15:24:31.721 String "VSTR_XML_MENU_TOOLTIP" listed twice in "Global"
15:24:31.728 String "vpp_focus_on_game" listed twice in "Global"
15:24:31.728 String "vpp_settings_collapseesp" listed twice in "Global"
15:24:31.728 String "vpp_settings_toggleplayerdetail" listed twice in "Global"
15:24:31.728 String "vpp_settings_openadmintools" listed twice in "Global"
15:24:31.728 String "vpp_settings_toggleadmintools" listed twice in "Global"
15:24:31.728 String "vpp_settings_teleporttocrosshair" listed twice in "Global"
15:24:31.728 String "vpp_settings_deleteobjectatcrosshair" listed twice in "Global"
15:24:31.728 String "vpp_settings_togglegodmode" listed twice in "Global"
15:24:31.728 String "vpp_settings_copyposition" listed twice in "Global"
15:24:31.728 String "vpp_settings_repairvehicle" listed twice in "Global"
15:24:31.728 String "vpp_settings_togglefreecam" listed twice in "Global"
15:24:31.728 String "vpp_settings_exitspectate" listed twice in "Global"
15:24:31.728 String "vpp_settings_selectobject" listed twice in "Global"
15:24:31.728 String "vpp_settings_deselectobject" listed twice in "Global"
15:24:31.728 String "vpp_settings_incrementaxis" listed twice in "Global"
15:24:31.728 String "vpp_settings_decrementaxis" listed twice in "Global"
15:24:31.728 String "vpp_settings_healtarget" listed twice in "Global"
15:24:31.728 String "vpp_settings_surprise" listed twice in "Global"
15:24:31.728 String "vpp_settings_cmdconsole" listed twice in "Global"
15:24:31.728 String "vpp_settings_skeletons" listed twice in "Global"
15:24:31.728 String "vpp_settings_invisibility" listed twice in "Global"
15:24:31.728 String "vpp_settings_camforward" listed twice in "Global"
15:24:31.728 String "vpp_settings_cambackward" listed twice in "Global"
15:24:31.728 String "vpp_settings_camright" listed twice in "Global"
15:24:31.728 String "vpp_settings_camleft" listed twice in "Global"
15:24:31.728 String "vpp_settings_camup" listed twice in "Global"
15:24:31.728 String "vpp_settings_camdown" listed twice in "Global"
15:24:31.728 String "vpp_settings_camturbo" listed twice in "Global"
15:24:31.728 String "vpp_settings_rotateleft" listed twice in "Global"
15:24:31.728 String "vpp_settings_rotateright" listed twice in "Global"
15:24:31.728 String "vpp_settings_camshiftleft" listed twice in "Global"
15:24:31.728 String "vpp_settings_camshiftright" listed twice in "Global"
15:24:31.728 String "vpp_settings_camshiftup" listed twice in "Global"
15:24:31.728 String "vpp_settings_camshiftdown" listed twice in "Global"
15:24:31.728 String "vpp_settings_camspeedadd" listed twice in "Global"
15:24:31.728 String "vpp_settings_camspeeddeduct" listed twice in "Global"
15:24:31.728 String "vpp_settings_camfov" listed twice in "Global"
15:24:31.728 String "vpp_settings_toggleesp" listed twice in "Global"
15:24:31.728 String "vpp_menu_vpp" listed twice in "Global"
15:24:31.728 String "vpp_bind_unfocus" listed twice in "Global"
15:24:33.288 Conflicting addon DZ_Vehicles_Wheeled in 'DZ\vehicles\wheeled\', previous definition in 'RUSForma_wheels\'
15:24:33.326 Conflicting addon DZ_Weapons_Firearms_SKS in 'DZ\weapons\firearms\sks\', previous definition in 'SR_Weapons\weapons\sniperifle\sks_tactic\'
15:24:33.335 Conflicting addon DZ_Weapons_Melee_Blade in 'DZ\weapons\melee\blade\', previous definition in 'SR_Weapons\weapons\knife\'
15:24:33.424 Conflicting addon DZ_Pistols_Glock in 'DZ\weapons\pistols\glock\', previous definition in 'SR_WeaponsV2\pistols\glock17\'
15:24:33.433 Conflicting addon DZ_Weapons_Firearms_SaigaK in 'DZ\weapons\shotguns\saiga\', previous definition in 'SR_Weapons\weapons\shotgun\komrad12\'
15:24:33.443 Conflicting addon DZ_Weapons_Muzzles in 'DZ\weapons\attachments\muzzle\', previous definition in 'EarPlugs\'
15:24:33.448 Conflicting addon DZ_Weapons_Supports in 'DZ\weapons\attachments\support\', previous definition in 'SR_Weapons\attach\nato_attach\butt\'
15:24:33.525 Warning Message: Addon 'DayZExpansion_Samples_Scripts' requires addon 'JM_COT_Scripts'
15:26:56.790 Warning Message: Addon 'DayZExpansion_Samples_Scripts' requires addon 'JM_COT_Scripts'
15:26:57.176 Updating base class All->AllVehicles, by DZ\data\config.bin/CfgVehicles/Man/
15:26:57.185 Updating base class ->Inventory_Base, by DayZExpansion\Objects\Misc\config.bin/CfgVehicles/ExpansionParkingMeter/
15:26:57.234 Updating base class ->Container_Base, by DZ\gear\camping\config.bin/CfgVehicles/WoodenCrate/
15:26:57.234 Updating base class ->Inventory_Base, by DZ\gear\camping\config.bin/CfgVehicles/Spotlight/
15:26:57.245 Updating base class Name->NameIcon, by DZ\gear\navigation\config.bin/CfgLocationTypes/Hill/
15:26:57.245 Updating base class Hill->NameIcon, by DZ\gear\navigation\config.bin/CfgLocationTypes/ViewPoint/
15:26:57.245 Updating base class Hill->NameIcon, by DZ\gear\navigation\config.bin/CfgLocationTypes/RockArea/
15:26:57.245 Updating base class Hill->NameIcon, by DZ\gear\navigation\config.bin/CfgLocationTypes/BorderCrossing/
15:26:57.245 Updating base class Hill->NameIcon, by DZ\gear\navigation\config.bin/CfgLocationTypes/VegetationBroadleaf/
15:26:57.245 Updating base class Hill->NameIcon, by DZ\gear\navigation\config.bin/CfgLocationTypes/VegetationFir/
15:26:57.245 Updating base class Hill->NameIcon, by DZ\gear\navigation\config.bin/CfgLocationTypes/VegetationPalm/
15:26:57.245 Updating base class Hill->NameIcon, by DZ\gear\navigation\config.bin/CfgLocationTypes/VegetationVineyard/
15:26:57.408 Updating base class ->Rifle_Base, by DZ\weapons\firearms\m4\config.bin/cfgWeapons/M4A1_Base/
15:26:57.408 Updating base class ->M4A1_Base, by DZ\weapons\firearms\m4\config.bin/cfgWeapons/M4A1/
15:26:57.415 Updating base class Weather->, by DZ\worlds\chernarusplus\world\config.bin/CfgWorlds/CAWorld/Weather/
15:26:57.415 Updating base class Overcast->, by DZ\worlds\chernarusplus\world\config.bin/CfgWorlds/CAWorld/Weather/Overcast/
15:26:57.416 Updating base class ->CAWorld, by DZ\worlds\enoch\world\config.bin/CfgWorlds/Enoch/
15:26:57.438 Ford_Mustang_Shelby_GT500\config.bin/CfgNonAIVehicles/ProxyJerryCan.inventorySlot: Cannot update non array from array
15:26:57.516 Updating base class ->ProxyAttachment, by JosiesHiluxZ\slotz\config.bin/CfgNonAIVehicles/ProxyMelee/
15:26:57.516 JosiesHiluxZ\slotz\config.bin/CfgNonAIVehicles/ProxyMelee.inventorySlot: Cannot update non array from array
15:26:57.516 JosiesHiluxZ\slotz\config.bin/CfgNonAIVehicles/ProxyJerryCan.inventorySlot: Cannot update non array from array
15:26:57.517 Updating base class ProxyVehiclePart->ProxyAttachment, by JosiesHiluxZ\slotz\config.bin/CfgNonAIVehicles/Proxywooden_case/
15:26:57.517 Updating base class ProxyVehiclePart->ProxyAttachment, by JosiesHiluxZ\slotz\config.bin/CfgNonAIVehicles/Proxysea_chest/
15:26:57.524 Lifted_Tahoe\config.bin/CfgNonAIVehicles/proxyJerryCan.inventorySlot: Cannot update non array from array
15:26:57.547 Updating base class ProxyAttachment->ProxyVehiclePart, by Mitsubishi_LancerEvolutionIX_BOSS\config.bin/CfgNonAIVehicles/Proxysea_chest/
15:26:57.547 Mitsubishi_LancerEvolutionIX_BOSS\config.bin/CfgNonAIVehicles/ProxyJerryCan.inventorySlot: Cannot update non array from array
15:26:57.551 Updating base class ProxyAttachment->ProxyVehiclePart, by MotorHome_BOSS\config.bin/CfgNonAIVehicles/Proxywooden_case/
15:26:57.566 Updating base class ->Inventory_Base, by My_DF_Weapons_Attachments\handguard\config.bin/CfgVehicles/My_DF_Weapons_Attachments_handguard_Base/
15:26:57.955 Toyota_86_RB_BOSS\config.bin/CfgNonAIVehicles/ProxyJerryCan.inventorySlot: Cannot update non array from array
15:26:57.964 Toyota_SupraMKIV\config.bin/CfgNonAIVehicles/ProxyJerryCan.inventorySlot: Cannot update non array from array
15:26:57.996 ToyotaRunner\config.bin/CfgNonAIVehicles/ProxyJerryCan.inventorySlot: Cannot update non array from array
15:26:58.04  Updating base class ->Clothing, by UnknownGhillieMod\config.bin/CfgVehicles/GhillieBushrag_ColorBase/
15:26:58.29  Updating base class MapDefaults->, by VanillaPPMap\config.bin/RscMapControl/
15:26:59.06  Updating base class ->Rifle_Base, by weapon_a\weapons\m4\config.bin/cfgWeapons/TF_M4A1_Base/
15:26:59.145 Audi_RS6_ABT\config.bin/CfgNonAIVehicles/ProxyJerryCan.inventorySlot: Cannot update non array from array
15:26:59.145 Updating base class baseEnginegtr_SoundShader->baseEngineaudi_SoundShader, by Audi_RS6_ABT\config.bin/CfgSoundShaders/Backfire_SoundShader/
15:26:59.158 Updating base class baseEngineaudi_SoundShader->baseEngineBMWM3_SoundShader, by BMW_M3_BOSS\config.bin/CfgSoundShaders/Backfire_SoundShader/
15:26:59.177 BMW_M5g90_Sadan\config.bin/CfgNonAIVehicles/ProxyJerryCan.inventorySlot: Cannot update non array from array
15:26:59.201 Updating base class TentBase->Container_Base, by CodeLock\codelock\config.bin/CfgVehicles/MediumTent/
15:26:59.201 Updating base class TentBase->Container_Base, by CodeLock\codelock\config.bin/CfgVehicles/LargeTent/
15:26:59.201 Updating base class TentBase->Container_Base, by CodeLock\codelock\config.bin/CfgVehicles/CarTent/
15:26:59.233 Updating base class Container_Base->TentBase, by DayZExpansion\Objects\Basebuilding\Vanilla\Tents\config.bin/CfgVehicles/MediumTent/
15:26:59.233 Updating base class ->GUIInventoryAttachmentsProps, by DayZExpansion\Objects\Basebuilding\Vanilla\Tents\config.bin/CfgVehicles/MediumTent/GUIInventoryAttachmentsProps/
15:26:59.233 Updating base class Container_Base->TentBase, by DayZExpansion\Objects\Basebuilding\Vanilla\Tents\config.bin/CfgVehicles/LargeTent/
15:26:59.233 Updating base class ->GUIInventoryAttachmentsProps, by DayZExpansion\Objects\Basebuilding\Vanilla\Tents\config.bin/CfgVehicles/LargeTent/GUIInventoryAttachmentsProps/
15:26:59.233 Updating base class Container_Base->TentBase, by DayZExpansion\Objects\Basebuilding\Vanilla\Tents\config.bin/CfgVehicles/CarTent/
15:26:59.234 Updating base class ->GUIInventoryAttachmentsProps, by DayZExpansion\Objects\Basebuilding\Vanilla\Tents\config.bin/CfgVehicles/CarTent/GUIInventoryAttachmentsProps/
15:26:59.234 Updating base class ->GUIInventoryAttachmentsProps, by DayZExpansion\Objects\Basebuilding\Vanilla\Tents\config.bin/CfgVehicles/PartyTent/GUIInventoryAttachmentsProps/
15:26:59.261 Updating base class ->GUIInventoryAttachmentsProps, by DayZExpansion\Vehicles\Ground\CivillianSedan\config.bin/CfgVehicles/CivilianSedan/GUIInventoryAttachmentsProps/
15:26:59.261 Updating base class ->Body, by DayZExpansion\Vehicles\Ground\CivillianSedan\config.bin/CfgVehicles/CivilianSedan/GUIInventoryAttachmentsProps/Body/
15:26:59.262 Updating base class DamageSystem->, by DayZExpansion\Vehicles\Ground\CivillianSedan\config.bin/CfgVehicles/CivSedanDoors_Driver/DamageSystem/
15:26:59.262 Updating base class GlobalHealth->, by DayZExpansion\Vehicles\Ground\CivillianSedan\config.bin/CfgVehicles/CivSedanDoors_Driver/DamageSystem/GlobalHealth/
15:26:59.262 Updating base class DamageZones->, by DayZExpansion\Vehicles\Ground\CivillianSedan\config.bin/CfgVehicles/CivSedanDoors_Driver/DamageSystem/DamageZones/
15:26:59.262 Updating base class Window->, by DayZExpansion\Vehicles\Ground\CivillianSedan\config.bin/CfgVehicles/CivSedanDoors_Driver/DamageSystem/DamageZones/Window/
15:26:59.262 Updating base class Health->, by DayZExpansion\Vehicles\Ground\CivillianSedan\config.bin/CfgVehicles/CivSedanDoors_Driver/DamageSystem/DamageZones/Window/Health/
15:26:59.262 Updating base class Doors->, by DayZExpansion\Vehicles\Ground\CivillianSedan\config.bin/CfgVehicles/CivSedanDoors_Driver/DamageSystem/DamageZones/Doors/
15:26:59.262 Updating base class Health->, by DayZExpansion\Vehicles\Ground\CivillianSedan\config.bin/CfgVehicles/CivSedanDoors_Driver/DamageSystem/DamageZones/Doors/Health/
15:26:59.272 Updating base class ->GUIInventoryAttachmentsProps, by DayZExpansion\Vehicles\Ground\Hatchback_02\config.bin/CfgVehicles/Hatchback_02/GUIInventoryAttachmentsProps/
15:26:59.273 Updating base class ->Body, by DayZExpansion\Vehicles\Ground\Hatchback_02\config.bin/CfgVehicles/Hatchback_02/GUIInventoryAttachmentsProps/Body/
15:26:59.273 Updating base class DamageSystem->, by DayZExpansion\Vehicles\Ground\Hatchback_02\config.bin/CfgVehicles/Hatchback_02_Door_1_1/DamageSystem/
15:26:59.273 Updating base class GlobalHealth->, by DayZExpansion\Vehicles\Ground\Hatchback_02\config.bin/CfgVehicles/Hatchback_02_Door_1_1/DamageSystem/GlobalHealth/
15:26:59.273 Updating base class DamageZones->, by DayZExpansion\Vehicles\Ground\Hatchback_02\config.bin/CfgVehicles/Hatchback_02_Door_1_1/DamageSystem/DamageZones/
15:26:59.273 Updating base class Window->, by DayZExpansion\Vehicles\Ground\Hatchback_02\config.bin/CfgVehicles/Hatchback_02_Door_1_1/DamageSystem/DamageZones/Window/
15:26:59.273 Updating base class Health->, by DayZExpansion\Vehicles\Ground\Hatchback_02\config.bin/CfgVehicles/Hatchback_02_Door_1_1/DamageSystem/DamageZones/Window/Health/
15:26:59.273 Updating base class Doors->, by DayZExpansion\Vehicles\Ground\Hatchback_02\config.bin/CfgVehicles/Hatchback_02_Door_1_1/DamageSystem/DamageZones/Doors/
15:26:59.273 Updating base class Health->, by DayZExpansion\Vehicles\Ground\Hatchback_02\config.bin/CfgVehicles/Hatchback_02_Door_1_1/DamageSystem/DamageZones/Doors/Health/
15:26:59.273 Updating base class DamageSystem->, by DayZExpansion\Vehicles\Ground\Hatchback_02\config.bin/CfgVehicles/Hatchback_02_Door_1_2/DamageSystem/
15:26:59.273 Updating base class GlobalHealth->, by DayZExpansion\Vehicles\Ground\Hatchback_02\config.bin/CfgVehicles/Hatchback_02_Door_1_2/DamageSystem/GlobalHealth/
15:26:59.273 Updating base class DamageZones->, by DayZExpansion\Vehicles\Ground\Hatchback_02\config.bin/CfgVehicles/Hatchback_02_Door_1_2/DamageSystem/DamageZones/
15:26:59.273 Updating base class Window->, by DayZExpansion\Vehicles\Ground\Hatchback_02\config.bin/CfgVehicles/Hatchback_02_Door_1_2/DamageSystem/DamageZones/Window/
15:26:59.273 Updating base class Health->, by DayZExpansion\Vehicles\Ground\Hatchback_02\config.bin/CfgVehicles/Hatchback_02_Door_1_2/DamageSystem/DamageZones/Window/Health/
15:26:59.273 Updating base class Doors->, by DayZExpansion\Vehicles\Ground\Hatchback_02\config.bin/CfgVehicles/Hatchback_02_Door_1_2/DamageSystem/DamageZones/Doors/
15:26:59.273 Updating base class Health->, by DayZExpansion\Vehicles\Ground\Hatchback_02\config.bin/CfgVehicles/Hatchback_02_Door_1_2/DamageSystem/DamageZones/Doors/Health/
15:26:59.273 Updating base class Hatchback_02_Door_1_1->CarDoor, by DayZExpansion\Vehicles\Ground\Hatchback_02\config.bin/CfgVehicles/Hatchback_02_Hood/
15:26:59.273 Updating base class Hatchback_02_Door_1_1->CarDoor, by DayZExpansion\Vehicles\Ground\Hatchback_02\config.bin/CfgVehicles/Hatchback_02_Trunk/
15:26:59.273 Updating base class DamageSystem->, by DayZExpansion\Vehicles\Ground\Hatchback_02\config.bin/CfgVehicles/Hatchback_02_Trunk/DamageSystem/
15:26:59.273 Updating base class GlobalHealth->, by DayZExpansion\Vehicles\Ground\Hatchback_02\config.bin/CfgVehicles/Hatchback_02_Trunk/DamageSystem/GlobalHealth/
15:26:59.298 DayZExpansion\Vehicles\Ground\LandRover\config.bin/CfgNonAIVehicles/Proxyjerrycan.inventorySlot: Cannot update non array from array
15:26:59.299 Updating base class ->GUIInventoryAttachmentsProps, by DayZExpansion\Vehicles\Ground\Offroad_02\config.bin/CfgVehicles/Offroad_02/GUIInventoryAttachmentsProps/
15:26:59.299 Updating base class ->Body, by DayZExpansion\Vehicles\Ground\Offroad_02\config.bin/CfgVehicles/Offroad_02/GUIInventoryAttachmentsProps/Body/
15:26:59.302 Updating base class ->GUIInventoryAttachmentsProps, by DayZExpansion\Vehicles\Ground\OffroadHatchback\config.bin/CfgVehicles/OffroadHatchback/GUIInventoryAttachmentsProps/
15:26:59.302 Updating base class ->Body, by DayZExpansion\Vehicles\Ground\OffroadHatchback\config.bin/CfgVehicles/OffroadHatchback/GUIInventoryAttachmentsProps/Body/
15:26:59.302 Updating base class DamageSystem->, by DayZExpansion\Vehicles\Ground\OffroadHatchback\config.bin/CfgVehicles/HatchbackDoors_Driver/DamageSystem/
15:26:59.302 Updating base class GlobalHealth->, by DayZExpansion\Vehicles\Ground\OffroadHatchback\config.bin/CfgVehicles/HatchbackDoors_Driver/DamageSystem/GlobalHealth/
15:26:59.302 Updating base class DamageZones->, by DayZExpansion\Vehicles\Ground\OffroadHatchback\config.bin/CfgVehicles/HatchbackDoors_Driver/DamageSystem/DamageZones/
15:26:59.302 Updating base class Window->, by DayZExpansion\Vehicles\Ground\OffroadHatchback\config.bin/CfgVehicles/HatchbackDoors_Driver/DamageSystem/DamageZones/Window/
15:26:59.302 Updating base class Health->, by DayZExpansion\Vehicles\Ground\OffroadHatchback\config.bin/CfgVehicles/HatchbackDoors_Driver/DamageSystem/DamageZones/Window/Health/
15:26:59.302 Updating base class Doors->, by DayZExpansion\Vehicles\Ground\OffroadHatchback\config.bin/CfgVehicles/HatchbackDoors_Driver/DamageSystem/DamageZones/Doors/
15:26:59.302 Updating base class Health->, by DayZExpansion\Vehicles\Ground\OffroadHatchback\config.bin/CfgVehicles/HatchbackDoors_Driver/DamageSystem/DamageZones/Doors/Health/
15:26:59.304 Updating base class DamageSystem->, by DayZExpansion\Vehicles\Ground\OffroadHatchback\config.bin/CfgVehicles/HatchbackTrunk/DamageSystem/
15:26:59.315 Updating base class ->GUIInventoryAttachmentsProps, by DayZExpansion\Vehicles\Ground\Sedan_02\config.bin/CfgVehicles/Sedan_02/GUIInventoryAttachmentsProps/
15:26:59.315 Updating base class ->Body, by DayZExpansion\Vehicles\Ground\Sedan_02\config.bin/CfgVehicles/Sedan_02/GUIInventoryAttachmentsProps/Body/
15:26:59.315 Updating base class DamageSystem->, by DayZExpansion\Vehicles\Ground\Sedan_02\config.bin/CfgVehicles/Sedan_02_Door_1_1/DamageSystem/
15:26:59.315 Updating base class GlobalHealth->, by DayZExpansion\Vehicles\Ground\Sedan_02\config.bin/CfgVehicles/Sedan_02_Door_1_1/DamageSystem/GlobalHealth/
15:26:59.315 Updating base class DamageZones->, by DayZExpansion\Vehicles\Ground\Sedan_02\config.bin/CfgVehicles/Sedan_02_Door_1_1/DamageSystem/DamageZones/
15:26:59.315 Updating base class Window->, by DayZExpansion\Vehicles\Ground\Sedan_02\config.bin/CfgVehicles/Sedan_02_Door_1_1/DamageSystem/DamageZones/Window/
15:26:59.315 Updating base class Health->, by DayZExpansion\Vehicles\Ground\Sedan_02\config.bin/CfgVehicles/Sedan_02_Door_1_1/DamageSystem/DamageZones/Window/Health/
15:26:59.315 Updating base class Doors->, by DayZExpansion\Vehicles\Ground\Sedan_02\config.bin/CfgVehicles/Sedan_02_Door_1_1/DamageSystem/DamageZones/Doors/
15:26:59.315 Updating base class Health->, by DayZExpansion\Vehicles\Ground\Sedan_02\config.bin/CfgVehicles/Sedan_02_Door_1_1/DamageSystem/DamageZones/Doors/Health/
15:26:59.315 Updating base class DamageSystem->, by DayZExpansion\Vehicles\Ground\Sedan_02\config.bin/CfgVehicles/Sedan_02_Door_1_2/DamageSystem/
15:26:59.315 Updating base class GlobalHealth->, by DayZExpansion\Vehicles\Ground\Sedan_02\config.bin/CfgVehicles/Sedan_02_Door_1_2/DamageSystem/GlobalHealth/
15:26:59.315 Updating base class DamageZones->, by DayZExpansion\Vehicles\Ground\Sedan_02\config.bin/CfgVehicles/Sedan_02_Door_1_2/DamageSystem/DamageZones/
15:26:59.315 Updating base class Window->, by DayZExpansion\Vehicles\Ground\Sedan_02\config.bin/CfgVehicles/Sedan_02_Door_1_2/DamageSystem/DamageZones/Window/
15:26:59.315 Updating base class Health->, by DayZExpansion\Vehicles\Ground\Sedan_02\config.bin/CfgVehicles/Sedan_02_Door_1_2/DamageSystem/DamageZones/Window/Health/
15:26:59.315 Updating base class Doors->, by DayZExpansion\Vehicles\Ground\Sedan_02\config.bin/CfgVehicles/Sedan_02_Door_1_2/DamageSystem/DamageZones/Doors/
15:26:59.315 Updating base class Health->, by DayZExpansion\Vehicles\Ground\Sedan_02\config.bin/CfgVehicles/Sedan_02_Door_1_2/DamageSystem/DamageZones/Doors/Health/
15:26:59.315 Updating base class DamageSystem->, by DayZExpansion\Vehicles\Ground\Sedan_02\config.bin/CfgVehicles/Sedan_02_Door_2_2/DamageSystem/
15:26:59.315 Updating base class GlobalHealth->, by DayZExpansion\Vehicles\Ground\Sedan_02\config.bin/CfgVehicles/Sedan_02_Door_2_2/DamageSystem/GlobalHealth/
15:26:59.315 Updating base class DamageZones->, by DayZExpansion\Vehicles\Ground\Sedan_02\config.bin/CfgVehicles/Sedan_02_Door_2_2/DamageSystem/DamageZones/
15:26:59.315 Updating base class Window->, by DayZExpansion\Vehicles\Ground\Sedan_02\config.bin/CfgVehicles/Sedan_02_Door_2_2/DamageSystem/DamageZones/Window/
15:26:59.315 Updating base class Health->, by DayZExpansion\Vehicles\Ground\Sedan_02\config.bin/CfgVehicles/Sedan_02_Door_2_2/DamageSystem/DamageZones/Window/Health/
15:26:59.315 Updating base class Doors->, by DayZExpansion\Vehicles\Ground\Sedan_02\config.bin/CfgVehicles/Sedan_02_Door_2_2/DamageSystem/DamageZones/Doors/
15:26:59.315 Updating base class Health->, by DayZExpansion\Vehicles\Ground\Sedan_02\config.bin/CfgVehicles/Sedan_02_Door_2_2/DamageSystem/DamageZones/Doors/Health/
15:26:59.339 Updating base class ->GUIInventoryAttachmentsProps, by DayZExpansion\Vehicles\Ground\Truck_01\config.bin/CfgVehicles/Truck_01_Covered/GUIInventoryAttachmentsProps/
15:26:59.339 Updating base class ->Body, by DayZExpansion\Vehicles\Ground\Truck_01\config.bin/CfgVehicles/Truck_01_Covered/GUIInventoryAttachmentsProps/Body/
15:26:59.452 DodgeChallengerDemon_BOSS\config.bin/CfgNonAIVehicles/ProxyJerryCan.inventorySlot: Cannot update non array from array
15:26:59.473 DodgeChargerHellcat_BOSS\config.bin/CfgNonAIVehicles/ProxyJerryCan.inventorySlot: Cannot update non array from array
15:26:59.563 DodgeRam_3500\config.bin/CfgNonAIVehicles/ProxyJerryCan.inventorySlot: Cannot update non array from array
15:26:59.563 Updating base class ProxyBaseBuilding->ProxyVehiclePart, by DodgeRam_3500\config.bin/CfgNonAIVehicles/ProxySingle_Metal_Sheet/
15:26:59.563 Updating base class ProxyBaseBuilding->ProxyVehiclePart, by DodgeRam_3500\config.bin/CfgNonAIVehicles/Proxysingle_plank/
15:26:59.567 Updating base class ->Clothing, by DZ\characters\backpacks\config.bin/cfgVehicles/DryBag_ColorBase/
15:26:59.568 Updating base class ->Clothing, by DZ\characters\backpacks\config.bin/cfgVehicles/MountainBag_ColorBase/
15:26:59.569 Updating base class ->MountainBag_ColorBase, by DZ\characters\backpacks\config.bin/cfgVehicles/MountainBag_Red/
15:26:59.578 Updating base class ->Clothing, by DZ\characters\backpacks\config.bin/cfgVehicles/CoyoteBag_ColorBase/
15:26:59.689 Updating base class base_closeShot_SoundShader->new_closeShotSMG_SoundShader, by DZ\sounds\hpp\config.bin/CfgSoundShaders/Famas_closeShot_SoundShader/
15:26:59.689 Updating base class base_midShot_SoundShader->new_midShotSMG_SoundShader, by DZ\sounds\hpp\config.bin/CfgSoundShaders/Famas_midShot_SoundShader/
15:26:59.689 Updating base class base_distShot_SoundShader->new_distShotRifle_SoundShader, by DZ\sounds\hpp\config.bin/CfgSoundShaders/Famas_distShot_SoundShader/
15:26:59.721 Updating base class ->closeExplosionSmall_SoundShader, by DZ\sounds\hpp\config.bin/CfgSoundShaders/Flashgrenade_closeExplosion_SoundShader/
15:26:59.721 Updating base class ->midExplosionSmall_SoundShader, by DZ\sounds\hpp\config.bin/CfgSoundShaders/Flashgrenade_midExplosion_SoundShader/
15:26:59.721 Updating base class ->distExplosionSmall_SoundShader, by DZ\sounds\hpp\config.bin/CfgSoundShaders/Flashgrenade_distExplosion_SoundShader/
15:27:00.182 Updating base class Rifle_Shot_Base_SoundSet->AR_Shot_Base_SoundSet, by DZ\sounds\hpp\config.bin/CfgSoundSets/Famas_Shot_SoundSet/
15:27:00.544 Updating base class ->Magazine_Base, by DZ\weapons\ammunition\config.bin/CfgMagazines/Ammunition_Base/
15:27:00.551 Updating base class ->Bullet_Base, by DZ\weapons\melee\config.bin/CfgAmmo/MeleeDamage/
15:27:00.568 Updating base class ->Inventory_Base, by DZ\weapons\melee\blade\config.bin/CfgVehicles/CombatKnife/
15:27:00.602 e60\config.bin/CfgNonAIVehicles/Proxya_plate.inventorySlot: Cannot update non array from array
15:27:00.621 esc\config.bin/CfgNonAIVehicles/Proxya_plate.inventorySlot: Cannot update non array from array
15:27:00.718 Gemera\config.bin/CfgNonAIVehicles/Proxya_plate.inventorySlot: Cannot update non array from array
15:27:00.764 gt63\config.bin/CfgNonAIVehicles/Proxya_plate.inventorySlot: Cannot update non array from array
15:27:00.783 GunnerTruck\config.bin/CfgNonAIVehicles/ProxyJerryCan.inventorySlot: Cannot update non array from array
15:27:00.813 Huracan_Tecnica\config.bin/CfgNonAIVehicles/Proxya_plate.inventorySlot: Cannot update non array from array
15:27:00.827 hx58\config.bin/CfgNonAIVehicles/Proxya_plate.inventorySlot: Cannot update non array from array
15:27:00.827 hx58\config.bin/CfgNonAIVehicles/ProxyJerryCan.inventorySlot: Cannot update non array from array
15:27:00.888 JGC_G63W463\config.bin/CfgNonAIVehicles/Proxysea_chest.inventorySlot: Cannot update non array from array
15:27:00.889 Updating base class ->Driver, by Kamaz_TyphoonK\config.bin/CfgVehicles/CarScript/Crew/Driver/
15:27:00.889 Updating base class ->CoDriver, by Kamaz_TyphoonK\config.bin/CfgVehicles/CarScript/Crew/CoDriver/
15:27:00.921 Updating base class ProxyBaseBuilding->ProxyVehiclePart, by Kamaz_TyphoonK\config.bin/CfgNonAIVehicles/Proxywooden_log/
15:27:00.921 Kamaz_TyphoonK\config.bin/CfgNonAIVehicles/ProxyJerryCan.inventorySlot: Cannot update non array from array
15:27:00.921 Kamaz_TyphoonK\config.bin/CfgNonAIVehicles/Proxysea_chest.inventorySlot: Cannot update non array from array
15:27:00.930 Lada_niva_2329\config.bin/CfgNonAIVehicles/ProxyJerryCan.inventorySlot: Cannot update non array from array
15:27:00.949 Updating base class Driver->, by LAPV\config.bin/CfgVehicles/CarScript/Crew/Driver/
15:27:00.949 Updating base class CoDriver->, by LAPV\config.bin/CfgVehicles/CarScript/Crew/CoDriver/
15:27:00.958 Updating base class baseEnginelapv_SoundShader->baseEngineLAPV_camo_SoundShader, by LAPV_camo\config.bin/CfgSoundShaders/LAPV_Engine_Ext_Rpm0_SoundShader/
15:27:00.958 Updating base class baseEnginelapv_SoundShader->baseEngineLAPV_camo_SoundShader, by LAPV_camo\config.bin/CfgSoundShaders/LAPV_Engine_Ext_Rpm1_SoundShader/
15:27:00.958 Updating base class baseEnginelapv_SoundShader->baseEngineLAPV_camo_SoundShader, by LAPV_camo\config.bin/CfgSoundShaders/LAPV_Engine_Offload_Ext_Rpm1_SoundShader/
15:27:00.958 Updating base class baseEnginelapv_SoundShader->baseEngineLAPV_camo_SoundShader, by LAPV_camo\config.bin/CfgSoundShaders/LAPV_Engine_Ext_Rpm2_SoundShader/
15:27:00.958 Updating base class baseEnginelapv_SoundShader->baseEngineLAPV_camo_SoundShader, by LAPV_camo\config.bin/CfgSoundShaders/LAPV_Engine_Offload_Ext_Rpm2_SoundShader/
15:27:00.958 Updating base class baseEnginelapv_SoundShader->baseEngineLAPV_camo_SoundShader, by LAPV_camo\config.bin/CfgSoundShaders/LAPV_Engine_Ext_Rpm3_SoundShader/
15:27:00.959 Updating base class baseEnginelapv_SoundShader->baseEngineLAPV_camo_SoundShader, by LAPV_camo\config.bin/CfgSoundShaders/LAPV_Engine_Offload_Ext_Rpm3_SoundShader/
15:27:00.959 Updating base class baseEnginelapv_SoundShader->baseEngineLAPV_camo_SoundShader, by LAPV_camo\config.bin/CfgSoundShaders/LAPV_Engine_Ext_Rpm4_SoundShader/
15:27:00.959 Updating base class baseEnginelapv_SoundShader->baseEngineLAPV_camo_SoundShader, by LAPV_camo\config.bin/CfgSoundShaders/LAPV_Engine_Offload_Ext_Rpm4_SoundShader/
15:27:00.959 Updating base class baseEnginelapv_SoundShader->baseEngineLAPV_camo_SoundShader, by LAPV_camo\config.bin/CfgSoundShaders/LAPV_Engine_Ext_Rpm5_SoundShader/
15:27:00.959 Updating base class baseEnginelapv_SoundShader->baseEngineLAPV_camo_SoundShader, by LAPV_camo\config.bin/CfgSoundShaders/LAPV_Engine_Offload_Ext_Rpm5_SoundShader/
15:27:00.959 Updating base class baseEnginelapv_SoundShader->baseEngineLAPV_camo_SoundShader, by LAPV_camo\config.bin/CfgSoundShaders/LAPV_Engine_Ext_Broken_SoundShader/
15:27:00.965 Updating base class baseEngineLAPV_camo_SoundShader->baseEngineLAPV_green_SoundShader, by LAPV_green\config.bin/CfgSoundShaders/LAPV_Engine_Ext_Rpm0_SoundShader/
15:27:00.965 Updating base class baseEngineLAPV_camo_SoundShader->baseEngineLAPV_green_SoundShader, by LAPV_green\config.bin/CfgSoundShaders/LAPV_Engine_Ext_Rpm1_SoundShader/
15:27:00.965 Updating base class baseEngineLAPV_camo_SoundShader->baseEngineLAPV_green_SoundShader, by LAPV_green\config.bin/CfgSoundShaders/LAPV_Engine_Offload_Ext_Rpm1_SoundShader/
15:27:00.966 Updating base class baseEngineLAPV_camo_SoundShader->baseEngineLAPV_green_SoundShader, by LAPV_green\config.bin/CfgSoundShaders/LAPV_Engine_Ext_Rpm2_SoundShader/
15:27:00.966 Updating base class baseEngineLAPV_camo_SoundShader->baseEngineLAPV_green_SoundShader, by LAPV_green\config.bin/CfgSoundShaders/LAPV_Engine_Offload_Ext_Rpm2_SoundShader/
15:27:00.966 Updating base class baseEngineLAPV_camo_SoundShader->baseEngineLAPV_green_SoundShader, by LAPV_green\config.bin/CfgSoundShaders/LAPV_Engine_Ext_Rpm3_SoundShader/
15:27:00.966 Updating base class baseEngineLAPV_camo_SoundShader->baseEngineLAPV_green_SoundShader, by LAPV_green\config.bin/CfgSoundShaders/LAPV_Engine_Offload_Ext_Rpm3_SoundShader/
15:27:00.966 Updating base class baseEngineLAPV_camo_SoundShader->baseEngineLAPV_green_SoundShader, by LAPV_green\config.bin/CfgSoundShaders/LAPV_Engine_Ext_Rpm4_SoundShader/
15:27:00.966 Updating base class baseEngineLAPV_camo_SoundShader->baseEngineLAPV_green_SoundShader, by LAPV_green\config.bin/CfgSoundShaders/LAPV_Engine_Offload_Ext_Rpm4_SoundShader/
15:27:00.966 Updating base class baseEngineLAPV_camo_SoundShader->baseEngineLAPV_green_SoundShader, by LAPV_green\config.bin/CfgSoundShaders/LAPV_Engine_Ext_Rpm5_SoundShader/
15:27:00.966 Updating base class baseEngineLAPV_camo_SoundShader->baseEngineLAPV_green_SoundShader, by LAPV_green\config.bin/CfgSoundShaders/LAPV_Engine_Offload_Ext_Rpm5_SoundShader/
15:27:00.967 Updating base class baseEngineLAPV_camo_SoundShader->baseEngineLAPV_green_SoundShader, by LAPV_green\config.bin/CfgSoundShaders/LAPV_Engine_Ext_Broken_SoundShader/
15:27:00.977 Updating base class baseEngineLAPV_green_SoundShader->baseEngineLAPV_tan_SoundShader, by LAPV_tan\config.bin/CfgSoundShaders/LAPV_Engine_Ext_Rpm0_SoundShader/
15:27:00.977 Updating base class baseEngineLAPV_green_SoundShader->baseEngineLAPV_tan_SoundShader, by LAPV_tan\config.bin/CfgSoundShaders/LAPV_Engine_Ext_Rpm1_SoundShader/
15:27:00.978 Updating base class baseEngineLAPV_green_SoundShader->baseEngineLAPV_tan_SoundShader, by LAPV_tan\config.bin/CfgSoundShaders/LAPV_Engine_Offload_Ext_Rpm1_SoundShader/
15:27:00.978 Updating base class baseEngineLAPV_green_SoundShader->baseEngineLAPV_tan_SoundShader, by LAPV_tan\config.bin/CfgSoundShaders/LAPV_Engine_Ext_Rpm2_SoundShader/
15:27:00.981 Updating base class baseEngineLAPV_green_SoundShader->baseEngineLAPV_tan_SoundShader, by LAPV_tan\config.bin/CfgSoundShaders/LAPV_Engine_Offload_Ext_Rpm2_SoundShader/
15:27:00.982 Updating base class baseEngineLAPV_green_SoundShader->baseEngineLAPV_tan_SoundShader, by LAPV_tan\config.bin/CfgSoundShaders/LAPV_Engine_Ext_Rpm3_SoundShader/
15:27:00.982 Updating base class baseEngineLAPV_green_SoundShader->baseEngineLAPV_tan_SoundShader, by LAPV_tan\config.bin/CfgSoundShaders/LAPV_Engine_Offload_Ext_Rpm3_SoundShader/
15:27:00.982 Updating base class baseEngineLAPV_green_SoundShader->baseEngineLAPV_tan_SoundShader, by LAPV_tan\config.bin/CfgSoundShaders/LAPV_Engine_Ext_Rpm4_SoundShader/
15:27:00.983 Updating base class baseEngineLAPV_green_SoundShader->baseEngineLAPV_tan_SoundShader, by LAPV_tan\config.bin/CfgSoundShaders/LAPV_Engine_Offload_Ext_Rpm4_SoundShader/
15:27:00.983 Updating base class baseEngineLAPV_green_SoundShader->baseEngineLAPV_tan_SoundShader, by LAPV_tan\config.bin/CfgSoundShaders/LAPV_Engine_Ext_Rpm5_SoundShader/
15:27:00.983 Updating base class baseEngineLAPV_green_SoundShader->baseEngineLAPV_tan_SoundShader, by LAPV_tan\config.bin/CfgSoundShaders/LAPV_Engine_Offload_Ext_Rpm5_SoundShader/
15:27:00.985 Updating base class baseEngineLAPV_green_SoundShader->baseEngineLAPV_tan_SoundShader, by LAPV_tan\config.bin/CfgSoundShaders/LAPV_Engine_Ext_Broken_SoundShader/
15:27:01.52  lfa\config.bin/CfgNonAIVehicles/Proxya_plate.inventorySlot: Cannot update non array from array
15:27:01.169 M3_G80\config.bin/CfgNonAIVehicles/Proxya_plate.inventorySlot: Cannot update non array from array
15:27:01.199 m4w\config.bin/CfgNonAIVehicles/Proxya_plate.inventorySlot: Cannot update non array from array
15:27:01.221 m5\config.bin/CfgNonAIVehicles/Proxya_plate.inventorySlot: Cannot update non array from array
15:27:01.251 Updating base class ->ProxyVehiclePart, by MBM_GoKart\config.bin/CfgNonAIVehicles/Proxyback/
15:27:01.251 MBM_GoKart\config.bin/CfgNonAIVehicles/Proxyback.inventorySlot: Cannot update non array from array
15:27:01.296 MRAP_Cougar\config.bin/CfgVehicles/FirstAidKit.inventorySlot: Cannot update non array from array
15:27:01.320 MUCI\config.bin/CfgNonAIVehicles/Proxya_plate.inventorySlot: Cannot update non array from array
15:27:01.320 Updating base class ->Ammunition_Base, by My_DF_Weapons_Ammo\ammo\config.bin/CfgMagazines/My_DF_Weapons_Ammo_Base/
15:27:02.34  PAZ_bandit_8x8\config.bin/CfgVehicles/FirstAidKit.inventorySlot: Cannot update non array from array
15:27:02.34  PAZ_bandit_8x8\config.bin/CfgVehicles/SmallProtectorCase.inventorySlot: Cannot update non array from array
15:27:02.37  Updating base class ProxyVehiclePart->ProxyAttachment, by PAZ_bandit_8x8\config.bin/CfgNonAIVehicles/ProxyJerryCan/
15:27:02.37  PAZ_bandit_8x8\config.bin/CfgNonAIVehicles/ProxyJerryCan.inventorySlot: Cannot update non array from array
15:27:02.37  PAZ_bandit_8x8\config.bin/CfgNonAIVehicles/Proxysea_chest.inventorySlot: Cannot update non array from array
15:27:02.37  PAZ_bandit_8x8\config.bin/CfgNonAIVehicles/ProxyFirstAidKit.inventorySlot: Cannot update non array from array
15:27:02.37  PAZ_bandit_8x8\config.bin/CfgNonAIVehicles/Proxy300roundbox.inventorySlot: Cannot update non array from array
15:27:02.37  Updating base class ProxyAttachment->ProxyVehiclePart, by PAZ_bandit_8x8\config.bin/CfgNonAIVehicles/Proxyprotector_case/
15:27:02.63  Updating base class baseEnginegtr_SoundShader->baseEngineOffroad_SoundShader, by Projects\Callatic_Vehicles_Free_Pack\vehicles\nissangtr2015\config.bin/CfgSoundShaders/GTR_Engine_Ext_Rpm0_SoundShader/
15:27:02.64  Updating base class baseEnginegtr_SoundShader->baseEngineOffroad_SoundShader, by Projects\Callatic_Vehicles_Free_Pack\vehicles\nissangtr2015\config.bin/CfgSoundShaders/GTR_Engine_Ext_Rpm1_SoundShader/
15:27:02.64  Updating base class baseEnginegtr_SoundShader->baseEngineOffroad_SoundShader, by Projects\Callatic_Vehicles_Free_Pack\vehicles\nissangtr2015\config.bin/CfgSoundShaders/GTR_Engine_Offload_Ext_Rpm1_SoundShader/
15:27:02.64  Updating base class baseEnginegtr_SoundShader->baseEngineOffroad_SoundShader, by Projects\Callatic_Vehicles_Free_Pack\vehicles\nissangtr2015\config.bin/CfgSoundShaders/GTR_Engine_Ext_Rpm2_SoundShader/
15:27:02.64  Updating base class baseEnginegtr_SoundShader->baseEngineOffroad_SoundShader, by Projects\Callatic_Vehicles_Free_Pack\vehicles\nissangtr2015\config.bin/CfgSoundShaders/GTR_Engine_Offload_Ext_Rpm2_SoundShader/
15:27:02.64  Updating base class baseEnginegtr_SoundShader->baseEngineOffroad_SoundShader, by Projects\Callatic_Vehicles_Free_Pack\vehicles\nissangtr2015\config.bin/CfgSoundShaders/GTR_Engine_Ext_Rpm3_SoundShader/
15:27:02.65  Updating base class baseEnginegtr_SoundShader->baseEngineOffroad_SoundShader, by Projects\Callatic_Vehicles_Free_Pack\vehicles\nissangtr2015\config.bin/CfgSoundShaders/GTR_Engine_Offload_Ext_Rpm3_SoundShader/
15:27:02.65  Updating base class baseEnginegtr_SoundShader->baseEngineOffroad_SoundShader, by Projects\Callatic_Vehicles_Free_Pack\vehicles\nissangtr2015\config.bin/CfgSoundShaders/GTR_Engine_Ext_Rpm4_SoundShader/
15:27:02.65  Updating base class baseEnginegtr_SoundShader->baseEngineOffroad_SoundShader, by Projects\Callatic_Vehicles_Free_Pack\vehicles\nissangtr2015\config.bin/CfgSoundShaders/GTR_Engine_Offload_Ext_Rpm4_SoundShader/
15:27:02.65  Updating base class baseEnginegtr_SoundShader->baseEngineOffroad_SoundShader, by Projects\Callatic_Vehicles_Free_Pack\vehicles\nissangtr2015\config.bin/CfgSoundShaders/GTR_Engine_Ext_Rpm5_SoundShader/
15:27:02.66  Updating base class baseEnginegtr_SoundShader->baseEngineOffroad_SoundShader, by Projects\Callatic_Vehicles_Free_Pack\vehicles\nissangtr2015\config.bin/CfgSoundShaders/GTR_Engine_Offload_Ext_Rpm5_SoundShader/
15:27:02.66  Updating base class baseEnginegtr_SoundShader->baseEngineOffroad_SoundShader, by Projects\Callatic_Vehicles_Free_Pack\vehicles\nissangtr2015\config.bin/CfgSoundShaders/GTR_Engine_Ext_Broken_SoundShader/
15:27:02.83  Updating base class ProxyAttachment->ProxyVehiclePart, by Projects\Callatic_Vehicles_Free_Pack\vehicles\nissangtr2015\config.bin/CfgNonAIVehicles/Proxyjerrycan/
15:27:02.91  rag\rag_vehicles\rag_vehicles_scripts\config.bin/CfgNonAIVehicles/Proxyjerrycan.inventorySlot: Cannot update non array from array
15:27:02.91  Updating base class ProxyAttachment->ProxyVehiclePart, by rag\rag_vehicles\rag_vehicles_scripts\config.bin/CfgNonAIVehicles/Proxycamo_net_p/
15:27:02.91  rag\rag_vehicles\rag_vehicles_scripts\config.bin/CfgNonAIVehicles/Proxyshovel.inventorySlot: Cannot update non array from array
15:27:02.91  rag\rag_vehicles\rag_vehicles_scripts\config.bin/CfgNonAIVehicles/ProxyFirstAidKit.inventorySlot: Cannot update non array from array
15:27:02.91  rag\rag_vehicles\rag_vehicles_scripts\config.bin/CfgNonAIVehicles/Proxysea_chest.inventorySlot: Cannot update non array from array
15:27:02.91  Updating base class ProxyAttachment->ProxyVehiclePart, by rag\rag_vehicles\rag_vehicles_scripts\config.bin/CfgNonAIVehicles/ProxyWalkieTalkie/
15:27:02.158 rmodf8\config.bin/CfgNonAIVehicles/Proxya_plate.inventorySlot: Cannot update non array from array
15:27:02.193 savage_shishiga\config.bin/CfgVehicles/CanisterGasoline.inventorySlot: Cannot update non array from array
15:27:02.193 savage_shishiga\config.bin/CfgVehicles/FirstAidKit.inventorySlot: Cannot update non array from array
15:27:02.200 savage_shishiga\config.bin/CfgNonAIVehicles/ProxyJerryCan.inventorySlot: Cannot update non array from array
15:27:02.200 savage_shishiga\config.bin/CfgNonAIVehicles/Proxysea_chest.inventorySlot: Cannot update non array from array
15:27:02.200 Updating base class ProxyVehiclePart->ProxyPart, by savage_shishiga\config.bin/CfgNonAIVehicles/Proxy300RoundBox/
15:27:02.200 savage_shishiga\config.bin/CfgNonAIVehicles/Proxy300RoundBox.inventorySlot: Cannot update non array from array
15:27:02.200 Updating base class ProxyVehiclePart->ProxyPart, by savage_shishiga\config.bin/CfgNonAIVehicles/ProxyFirstAidKit/
15:27:02.200 savage_shishiga\config.bin/CfgNonAIVehicles/ProxyFirstAidKit.inventorySlot: Cannot update non array from array
15:27:02.224 sl65\config.bin/CfgVehicles/CanisterGasoline.inventorySlot: Cannot update non array from array
15:27:02.242 sl65\config.bin/CfgNonAIVehicles/Proxysea_chest.inventorySlot: Cannot update non array from array
15:27:02.384 Updating base class new_closeShotSMG_SoundShader->base_closeShot_SoundShader, by SR_Weapons\weapons\firearms\scar-mk16\config.bin/CfgSoundShaders/SCAR_closeShot_SoundShader/
15:27:02.384 Updating base class new_midShotSMG_SoundShader->base_midShot_SoundShader, by SR_Weapons\weapons\firearms\scar-mk16\config.bin/CfgSoundShaders/SCAR_midShot_SoundShader/
15:27:02.384 Updating base class new_distShotRifle_SoundShader->base_distShot_SoundShader, by SR_Weapons\weapons\firearms\scar-mk16\config.bin/CfgSoundShaders/SCAR_distShot_SoundShader/
15:27:02.384 Updating base class AR_Shot_Base_SoundSet->Rifle_Shot_Base_SoundSet, by SR_Weapons\weapons\firearms\scar-mk16\config.bin/CfgSoundSets/SCAR_Shot_SoundSet/
15:27:02.390 Updating base class new_closeShotSMG_SoundShader->, by SR_Weapons\weapons\sniperifle\m14\config.bin/CfgSoundShaders/m14_closeShot_SoundShader/
15:27:02.390 Updating base class new_midShotSMG_SoundShader->, by SR_Weapons\weapons\sniperifle\m14\config.bin/CfgSoundShaders/m14_midShot_SoundShader/
15:27:02.390 Updating base class new_distShotRifle_SoundShader->, by SR_Weapons\weapons\sniperifle\m14\config.bin/CfgSoundShaders/m14_distShot_SoundShader/
15:27:02.390 SR_Weapons\weapons\sniperifle\m14\config.bin/CfgSoundShaders/m14_distShot_SoundShader.rangeCurve: Cannot update non array from array
15:27:02.390 Updating base class base_HomeSilenced_closeShot_SoundShader->, by SR_Weapons\weapons\sniperifle\m14\config.bin/CfgSoundShaders/m14_silencerHomeMadeCloseShot_SoundShader/
15:27:02.391 Updating base class base_HomeSilenced_midShot_SoundShader->, by SR_Weapons\weapons\sniperifle\m14\config.bin/CfgSoundShaders/m14_silencerHomeMadeMidShot_SoundShader/
15:27:02.391 Updating base class base_HomeSilenced_distShot_SoundShader->, by SR_Weapons\weapons\sniperifle\m14\config.bin/CfgSoundShaders/m14_silencerHomeMadeDistShot_SoundShader/
15:27:02.427 Star_APC_Cobra\config.bin/CfgVehicles/CanisterGasoline.inventorySlot: Cannot update non array from array
15:27:02.471 Star_APC_Cobra\config.bin/CfgNonAIVehicles/ProxyJerryCan.inventorySlot: Cannot update non array from array
15:27:02.471 Star_APC_Cobra\config.bin/CfgNonAIVehicles/Proxya_plate.inventorySlot: Cannot update non array from array
15:27:02.506 Star_Audi_R8\config.bin/CfgNonAIVehicles/Proxya_plate.inventorySlot: Cannot update non array from array
15:27:02.545 Star_Audi_RS5\config.bin/CfgNonAIVehicles/Proxya_plate.inventorySlot: Cannot update non array from array
15:27:02.636 Star_Camaro_1969\config.bin/CfgNonAIVehicles/Proxya_plate.inventorySlot: Cannot update non array from array
15:27:02.651 Star_Chevrolet_Z71\config.bin/CfgVehicles/CanisterGasoline.inventorySlot: Cannot update non array from array
15:27:02.679 Star_Chevrolet_Z71\config.bin/CfgNonAIVehicles/ProxyJerryCan.inventorySlot: Cannot update non array from array
15:27:02.742 Star_Golf_MK1\config.bin/CfgNonAIVehicles/Proxya_plate.inventorySlot: Cannot update non array from array
15:27:02.748 Star_Hummer_H1\config.bin/CfgVehicles/CanisterGasoline.inventorySlot: Cannot update non array from array
15:27:02.781 Star_Hummer_H1\config.bin/CfgNonAIVehicles/ProxyJerryCan.inventorySlot: Cannot update non array from array
15:27:02.926 Star_Mitsubishi_Spyder\config.bin/CfgVehicles/CanisterGasoline.inventorySlot: Cannot update non array from array
15:27:02.969 Star_Mitsubishi_Spyder\config.bin/CfgNonAIVehicles/Proxya_plate.inventorySlot: Cannot update non array from array
15:27:02.976 Star_Oshkosh_M1083\config.bin/CfgVehicles/CanisterGasoline.inventorySlot: Cannot update non array from array
15:27:02.985 Star_Oshkosh_M1083\config.bin/CfgNonAIVehicles/Proxya_plate.inventorySlot: Cannot update non array from array
15:27:02.985 Star_Oshkosh_M1083\config.bin/CfgNonAIVehicles/ProxyJerryCan.inventorySlot: Cannot update non array from array
15:27:02.992 Star_Passat_TSI\config.bin/CfgVehicles/CanisterGasoline.inventorySlot: Cannot update non array from array
15:27:03.64  Star_Porsche_944\config.bin/CfgNonAIVehicles/Proxya_plate.inventorySlot: Cannot update non array from array
15:27:03.72  Star_Rover_Defender\config.bin/CfgVehicles/CanisterGasoline.inventorySlot: Cannot update non array from array
15:27:03.239 Star_Rover_Defender\config.bin/CfgNonAIVehicles/ProxyJerryCan.inventorySlot: Cannot update non array from array
15:27:03.276 SVJ\config.bin/CfgNonAIVehicles/Proxya_plate.inventorySlot: Cannot update non array from array
15:27:03.301 t6\config.bin/CfgNonAIVehicles/Proxya_plate.inventorySlot: Cannot update non array from array
15:27:03.413 Updating base class Toyota_Engine_SoundShader->baseEngineToyota_SoundShader, by Toyota_86_RB_BOSS\sounds\config.bin/CfgSoundShaders/Toyota_engine_ext_rpm1_SoundShader/
15:27:03.414 Updating base class Toyota_Engine_SoundShader->baseEngineToyota_SoundShader, by Toyota_86_RB_BOSS\sounds\config.bin/CfgSoundShaders/Toyota_engine_ext_rpm2_SoundShader/
15:27:03.414 Updating base class Toyota_Engine_SoundShader->baseEngineToyota_SoundShader, by Toyota_86_RB_BOSS\sounds\config.bin/CfgSoundShaders/Toyota_engine_ext_rpm3_SoundShader/
15:27:03.415 Updating base class Toyota_Engine_SoundShader->baseEngineToyota_SoundShader, by Toyota_86_RB_BOSS\sounds\config.bin/CfgSoundShaders/Toyota_engine_ext_rpm4_SoundShader/
15:27:03.415 Updating base class Toyota_Engine_SoundShader->baseEngineToyota_SoundShader, by Toyota_86_RB_BOSS\sounds\config.bin/CfgSoundShaders/Toyota_engine_ext_rpm5_SoundShader/
15:27:03.416 Updating base class Toyota_Engine_SoundSet->baseEngine_EXT_SoundSet, by Toyota_86_RB_BOSS\sounds\config.bin/CfgSoundSets/Toyota_engine_ext_rpm1_SoundSet/
15:27:03.416 Updating base class Toyota_Engine_SoundSet->baseEngine_EXT_SoundSet, by Toyota_86_RB_BOSS\sounds\config.bin/CfgSoundSets/Toyota_engine_ext_rpm2_SoundSet/
15:27:03.416 Updating base class Toyota_Engine_SoundSet->baseEngine_EXT_SoundSet, by Toyota_86_RB_BOSS\sounds\config.bin/CfgSoundSets/Toyota_engine_ext_rpm3_SoundSet/
15:27:03.417 Updating base class Toyota_Engine_SoundSet->baseEngine_EXT_SoundSet, by Toyota_86_RB_BOSS\sounds\config.bin/CfgSoundSets/Toyota_engine_ext_rpm4_SoundSet/
15:27:03.417 Updating base class Toyota_Engine_SoundSet->baseEngine_EXT_SoundSet, by Toyota_86_RB_BOSS\sounds\config.bin/CfgSoundSets/Toyota_engine_ext_rpm5_SoundSet/
15:27:03.454 tundra\config.bin/CfgNonAIVehicles/Proxya_plate.inventorySlot: Cannot update non array from array
15:27:03.551 V140\config.bin/CfgNonAIVehicles/Proxya_plate.inventorySlot: Cannot update non array from array
15:27:03.572 vg7_scorpion\vg7_scorpion\config.bin/cfgvehicles/SmallProtectorCase.inventorySlot: Cannot update non array from array
15:27:03.591 Updating base class ProxyPart->ProxyVehiclePart, by vg7_scorpion\vg7_scorpion\config.bin/CfgNonAIVehicles/Proxybattery_car/
15:27:03.609 viper\config.bin/CfgNonAIVehicles/Proxya_plate.inventorySlot: Cannot update non array from array
15:27:03.621 Updating base class RifleNew_Shot_Base_SoundSet->Rifle_Shot_Base_SoundSet, by weapon_a\sound\config.bin/CfgSoundSets/M14_Shot_SoundSet/
15:27:03.621 Updating base class RifleNew_Tail_Base_SoundSet->rifle_tail_Base_soundset, by weapon_a\sound\config.bin/CfgSoundSets/M14_Tail_SoundSet/
15:27:03.621 Updating base class RifleNew_Tail_Interior_Base_SoundSet->Rifle_InteriorTail_Base_SoundSet, by weapon_a\sound\config.bin/CfgSoundSets/M14_InteriorTail_SoundSet/
15:27:03.621 Updating base class RifleNew_Shot_SilencerHome_Base_SoundSet->Rifle_silencerHomemade_Base_SoundSet, by weapon_a\sound\config.bin/CfgSoundSets/M14_silencerHomeMade_SoundSet/
15:27:03.625 Updating base class ->closeShotRifle_SoundShader, by weapon_a\sound\config.bin/CfgSoundShaders/M14_closeShot_SoundShader/
15:27:03.625 Updating base class ->distShotRifle_SoundShader, by weapon_a\sound\config.bin/CfgSoundShaders/M14_distShot_SoundShader/
15:27:03.626 Updating base class ->base_HomeSilenced_closeShot_SoundShader, by weapon_a\sound\config.bin/CfgSoundShaders/M14_silencerHomeMadeCloseShot_SoundShader/
15:27:03.626 Updating base class ->base_HomeSilenced_distShot_SoundShader, by weapon_a\sound\config.bin/CfgSoundShaders/M14_silencerHomeMadeDistShot_SoundShader/
15:27:03.628 Updating base class new_closeShotRifle_SoundShader->base_closeShot_SoundShader, by weapon_a\weapons\m79\config.bin/CfgSoundShaders/m79_closeShot_SoundShader/
15:27:03.628 Updating base class new_midShotRifle_SoundShader->base_closeShot_SoundShader, by weapon_a\weapons\m79\config.bin/CfgSoundShaders/m79_midShot_SoundShader/
15:27:03.636 Updating base class AR_Shot_Base_SoundSet->Rifle_Shot_Base_SoundSet, by weapon_b\sounds\soundsak74\config.cpp/CfgSoundSets/ak74_Shot_SoundSet/
15:27:03.636 Updating base class AR_Tail_Base_SoundSet->rifle_tail_Base_soundset, by weapon_b\sounds\soundsak74\config.cpp/CfgSoundSets/ak74_Tail_SoundSet/
15:27:03.637 Updating base class AR_Tail_Interior_Base_SoundSet->Rifle_InteriorTail_Base_SoundSet, by weapon_b\sounds\soundsak74\config.cpp/CfgSoundSets/ak74_InteriorTail_SoundSet/
15:27:03.637 Updating base class AR_Shot_Silencer_Base_SoundSet->Rifle_silencerShot_Base_SoundSet, by weapon_b\sounds\soundsak74\config.cpp/CfgSoundSets/ak74_silencer_SoundSet/
15:27:03.637 Updating base class AR_Tail_Silencer_Interior_Base_SoundSet->Rifle_silencerInteriorTail_Base_SoundSet, by weapon_b\sounds\soundsak74\config.cpp/CfgSoundSets/ak74_silencerInteriorTail_SoundSet/
15:27:03.637 Updating base class AR_Shot_SilencerHome_Base_SoundSet->Rifle_silencerHomemade_Base_SoundSet, by weapon_b\sounds\soundsak74\config.cpp/CfgSoundSets/ak74_silencerHomeMade_SoundSet/
15:27:03.637 Updating base class new_closeShotSMG_SoundShader->closeShotRifle_SoundShader, by weapon_b\sounds\soundsak74\config.cpp/CfgSoundShaders/ak74_closeShot_SoundShader/
15:27:03.637 Updating base class new_distShotRifle_SoundShader->distShotRifle_SoundShader, by weapon_b\sounds\soundsak74\config.cpp/CfgSoundShaders/ak74_distShot_SoundShader/
15:27:03.638 Updating base class AR_Shot_Base_SoundSet->Rifle_Shot_Base_SoundSet, by weapon_b\sounds\soundsakm\config.bin/CfgSoundSets/akm_Shot_SoundSet/
15:27:03.638 Updating base class AR_Tail_Base_SoundSet->rifle_tail_Base_soundset, by weapon_b\sounds\soundsakm\config.bin/CfgSoundSets/akm_Tail_SoundSet/
15:27:03.638 Updating base class AR_Tail_Interior_Base_SoundSet->Rifle_InteriorTail_Base_SoundSet, by weapon_b\sounds\soundsakm\config.bin/CfgSoundSets/akm_InteriorTail_SoundSet/
15:27:03.638 Updating base class AR_Shot_Silencer_Base_SoundSet->Rifle_silencerShot_Base_SoundSet, by weapon_b\sounds\soundsakm\config.bin/CfgSoundSets/akm_silencer_SoundSet/
15:27:03.638 Updating base class AR_Tail_Silencer_Interior_Base_SoundSet->Rifle_silencerInteriorTail_Base_SoundSet, by weapon_b\sounds\soundsakm\config.bin/CfgSoundSets/akm_silencerInteriorTail_SoundSet/
15:27:03.638 Updating base class AR_Shot_SilencerHome_Base_SoundSet->Rifle_silencerHomemade_Base_SoundSet, by weapon_b\sounds\soundsakm\config.bin/CfgSoundSets/akm_silencerHomeMade_SoundSet/
15:27:03.638 Updating base class new_closeShotSMG_SoundShader->closeShotRifle_SoundShader, by weapon_b\sounds\soundsakm\config.bin/CfgSoundShaders/akm_closeShot_SoundShader/
15:27:03.638 Updating base class new_distShotRifle_SoundShader->distShotRifle_SoundShader, by weapon_b\sounds\soundsakm\config.bin/CfgSoundShaders/akm_distShot_SoundShader/
15:27:03.638 Updating base class AR_Shot_Base_SoundSet->Rifle_Shot_Base_SoundSet, by weapon_b\sounds\soundsaks74u\config.bin/CfgSoundSets/aksu_Shot_SoundSet/
15:27:03.638 Updating base class AR_Tail_Base_SoundSet->rifle_tail_Base_soundset, by weapon_b\sounds\soundsaks74u\config.bin/CfgSoundSets/aksu_Tail_SoundSet/
15:27:03.638 Updating base class AR_Tail_Interior_Base_SoundSet->Rifle_InteriorTail_Base_SoundSet, by weapon_b\sounds\soundsaks74u\config.bin/CfgSoundSets/aksu_InteriorTail_SoundSet/
15:27:03.638 Updating base class AR_Shot_Silencer_Base_SoundSet->Rifle_silencerShot_Base_SoundSet, by weapon_b\sounds\soundsaks74u\config.bin/CfgSoundSets/aksu_silencer_SoundSet/
15:27:03.638 Updating base class AR_Tail_Silencer_Interior_Base_SoundSet->Rifle_silencerInteriorTail_Base_SoundSet, by weapon_b\sounds\soundsaks74u\config.bin/CfgSoundSets/aksu_silencerInteriorTail_SoundSet/
15:27:03.638 Updating base class AR_Shot_SilencerHome_Base_SoundSet->Rifle_silencerHomemade_Base_SoundSet, by weapon_b\sounds\soundsaks74u\config.bin/CfgSoundSets/aksu_silencerHomeMade_SoundSet/
15:27:03.639 Updating base class new_closeShotSMG_SoundShader->closeShotRifle_SoundShader, by weapon_b\sounds\soundsaks74u\config.bin/CfgSoundShaders/aksu_closeShot_SoundShader/
15:27:03.639 Updating base class new_distShotRifle_SoundShader->distShotRifle_SoundShader, by weapon_b\sounds\soundsaks74u\config.bin/CfgSoundShaders/aksu_distShot_SoundShader/
15:27:03.722 23HennesseyF150D\config.bin/CfgNonAIVehicles/Proxya_plate.inventorySlot: Cannot update non array from array
15:27:03.734 Updating base class Pistol_Shot_Base_SoundSet->Rifle_Shot_Base_SoundSet, by A2Weapons\smgs\uzi\config.bin/CfgSoundSets/UZI_Shot_SoundSet/
15:27:03.767 A_Charger\config.bin/CfgNonAIVehicles/Proxya_plate.inventorySlot: Cannot update non array from array
15:27:03.786 a_Mustang\config.bin/CfgNonAIVehicles/Proxya_plate.inventorySlot: Cannot update non array from array
15:27:03.804 A_NSX\config.bin/CfgNonAIVehicles/Proxya_plate.inventorySlot: Cannot update non array from array
15:27:03.963 airboat_RUS\config.cpp/CfgVehicles/CanisterGasoline.inventorySlot: Cannot update non array from array
15:27:03.965 airboat_RUS\config.cpp/CfgNonAIVehicles/ProxyJerryCan.inventorySlot: Cannot update non array from array
15:27:03.965 Updating base class ProxyPart->ProxyVehiclePart, by airboat_RUS\config.cpp/CfgNonAIVehicles/Proxy300RoundBox/
15:27:03.965 airboat_RUS\config.cpp/CfgNonAIVehicles/Proxy300RoundBox.inventorySlot: Cannot update non array from array
15:27:03.985 Armada_BearCat\config.bin/CfgVehicles/CanisterGasoline.inventorySlot: Cannot update non array from array
15:27:03.993 Armada_BearCat\config.bin/CfgNonAIVehicles/Proxya_plate.inventorySlot: Cannot update non array from array
15:27:03.994 Armada_plate\config.bin/CfgNonAIVehicles/Proxya_plate.inventorySlot: Cannot update non array from array
15:27:04.26  artillery_tractor\config.cpp/CfgVehicles/CanisterGasoline.inventorySlot: Cannot update non array from array
15:27:04.39  Updating base class ProxyAttachment->ProxyVehiclePart, by artillery_tractor\config.cpp/CfgNonAIVehicles/ProxyPistol/
15:27:04.39  artillery_tractor\config.cpp/CfgNonAIVehicles/Proxywooden_log.inventorySlot: Cannot update non array from array
15:27:04.39  artillery_tractor\config.cpp/CfgNonAIVehicles/ProxyJerryCan.inventorySlot: Cannot update non array from array
15:27:04.115 AZLK_2141RF\config.cpp/CfgVehicles/CanisterGasoline.inventorySlot: Cannot update non array from array
15:27:04.133 AZLK_2141RF\config.cpp/CfgNonAIVehicles/ProxyJerryCan.inventorySlot: Cannot update non array from array
15:27:04.143 azlk_400\config.cpp/CfgVehicles/CanisterGasoline.inventorySlot: Cannot update non array from array
15:27:04.151 azlk_400\config.cpp/CfgNonAIVehicles/ProxyJerryCan.inventorySlot: Cannot update non array from array
15:27:04.158 azov_4220\config.bin/CfgVehicles/CanisterGasoline.inventorySlot: Cannot update non array from array
15:27:04.161 azov_4220\config.bin/CfgNonAIVehicles/ProxyJerryCan.inventorySlot: Cannot update non array from array
15:27:04.213 Updating base class ProxyVehiclePart->ProxyAttachment, by body_slot\config.cpp/CfgNonAIVehicles/Proxyhood/
15:27:04.231 BRDM2_RF\config.cpp/CfgVehicles/CanisterGasoline.inventorySlot: Cannot update non array from array
15:27:04.245 BRDM2_RF\config.cpp/CfgNonAIVehicles/ProxyJerryCan.inventorySlot: Cannot update non array from array
15:27:04.256 BTR_80\config.cpp/CfgVehicles/CanisterGasoline.inventorySlot: Cannot update non array from array
15:27:04.275 BTR_80\config.cpp/CfgNonAIVehicles/ProxyJerryCan.inventorySlot: Cannot update non array from array
15:27:04.275 BTR_80\config.cpp/CfgNonAIVehicles/Proxysea_chest.inventorySlot: Cannot update non array from array
15:27:04.313 c7\config.bin/CfgNonAIVehicles/Proxya_plate.inventorySlot: Cannot update non array from array
15:27:04.332 Camaro\config.bin/CfgNonAIVehicles/Proxya_plate.inventorySlot: Cannot update non array from array
15:27:04.352 chevelle1970\config.bin/CfgNonAIVehicles/Proxya_plate.inventorySlot: Cannot update non array from array
15:27:04.384 Chevrolet_NapalmNova_BOSS\config.bin/CfgNonAIVehicles/ProxyJerryCan.inventorySlot: Cannot update non array from array
15:27:04.394 CrSk_BMW_525i_E34\config.bin/CfgVehicles/CanisterGasoline.inventorySlot: Cannot update non array from array
15:27:04.424 CrSk_BMW_525i_E34\config.bin/CfgNonAIVehicles/ProxyJerryCan.inventorySlot: Cannot update non array from array
15:27:04.446 CrSk_VAZ_2107\config.bin/CfgVehicles/CanisterGasoline.inventorySlot: Cannot update non array from array
15:27:04.448 Updating base class ->CarDoor, by CrSk_VAZ_2107\config.bin/CfgVehicles/VAZ2107_dver_1_1/
15:27:04.448 Updating base class ->VAZ2107_dver_1_1, by CrSk_VAZ_2107\config.bin/CfgVehicles/VAZ2107_dver_2_1/
15:27:04.448 Updating base class ->VAZ2107_dver_1_1, by CrSk_VAZ_2107\config.bin/CfgVehicles/VAZ2107_dver_1_2/
15:27:04.448 Updating base class ->VAZ2107_dver_1_1, by CrSk_VAZ_2107\config.bin/CfgVehicles/VAZ2107_dver_2_2/
15:27:04.448 Updating base class ->VAZ2107_dver_1_1, by CrSk_VAZ_2107\config.bin/CfgVehicles/VAZ2107_kapot/
15:27:04.448 Updating base class ->VAZ2107_kapot, by CrSk_VAZ_2107\config.bin/CfgVehicles/VAZ2107_bagazhnik/
15:27:04.453 Updating base class ->CrSk_VAZ_2107_base, by CrSk_VAZ_2107\config.bin/CfgVehicles/CrSk_VAZ_2107/
15:27:04.454 Updating base class ->CrSk_VAZ_2107, by CrSk_VAZ_2107\config.bin/CfgVehicles/CrSk_VAZ_2107_AWD/
15:27:04.455 Updating base class ->CrSk_VAZ_2107, by CrSk_VAZ_2107\config.bin/CfgVehicles/CrSk_VAZ_2107_RWD/
15:27:04.456 CrSk_VAZ_2107\config.bin/CfgNonAIVehicles/ProxyJerryCan.inventorySlot: Cannot update non array from array
15:27:04.456 CrSk_VAZ_2107\config.bin/CfgNonAIVehicles/Proxysea_chest.inventorySlot: Cannot update non array from array
15:27:04.482 daytona\config.bin/CfgNonAIVehicles/Proxya_plate.inventorySlot: Cannot update non array from array
15:27:04.587 Updating base class Expansion_BaseVehicles_SoundSet->, by DayZExpansion\Sounds\Vehicles\Water\LHD\config.bin/CfgSoundSets/Expansion_Horn_SoundSet/
15:27:04.624 Updating base class ->ExpansionSpraycanBase, by DayZExpansion\Vehicles\Air\Merlin\config.bin/CfgVehicles/ExpansionSpraycanDahoman/
15:27:04.625 Updating base class ->ExpansionSpraycanBase, by DayZExpansion\Vehicles\Air\Merlin\config.bin/CfgVehicles/ExpansionSpraycanIon/
15:27:04.625 Updating base class ->ExpansionSpraycanBase, by DayZExpansion\Vehicles\Air\Merlin\config.bin/CfgVehicles/ExpansionSpraycanPresident/
15:27:04.626 Updating base class ->ExpansionSpraycanBase, by DayZExpansion\Vehicles\Air\Merlin\config.bin/CfgVehicles/ExpansionSpraycanVrana/
15:27:04.626 Updating base class ->ExpansionSpraycanBase, by DayZExpansion\Vehicles\Air\Merlin\config.bin/CfgVehicles/ExpansionSpraycanWave/
15:27:04.636 Updating base class ->ExpansionSpraycanBase, by DayZExpansion\Vehicles\Air\Mh6\config.bin/CfgVehicles/ExpansionSpraycanBlueline/
15:27:04.638 Updating base class ->ExpansionSpraycanBase, by DayZExpansion\Vehicles\Air\Mh6\config.bin/CfgVehicles/ExpansionSpraycanDigital/
15:27:04.641 Updating base class ->ExpansionSpraycanBase, by DayZExpansion\Vehicles\Air\Mh6\config.bin/CfgVehicles/ExpansionSpraycanElliptical/
15:27:04.643 Updating base class ->ExpansionSpraycanBase, by DayZExpansion\Vehicles\Air\Mh6\config.bin/CfgVehicles/ExpansionSpraycanFurious/
15:27:04.646 Updating base class ->ExpansionSpraycanBase, by DayZExpansion\Vehicles\Air\Mh6\config.bin/CfgVehicles/ExpansionSpraycanGrayWatcher/
15:27:04.648 Updating base class ->ExpansionSpraycanBase, by DayZExpansion\Vehicles\Air\Mh6\config.bin/CfgVehicles/ExpansionSpraycanJeans/
15:27:04.652 Updating base class ->ExpansionSpraycanBase, by DayZExpansion\Vehicles\Air\Mh6\config.bin/CfgVehicles/ExpansionSpraycanResistance/
15:27:04.654 Updating base class ->ExpansionSpraycanBase, by DayZExpansion\Vehicles\Air\Mh6\config.bin/CfgVehicles/ExpansionSpraycanShadow/
15:27:04.657 Updating base class ->ExpansionSpraycanBase, by DayZExpansion\Vehicles\Air\Mh6\config.bin/CfgVehicles/ExpansionSpraycanSheriff/
15:27:04.659 Updating base class ->ExpansionSpraycanBase, by DayZExpansion\Vehicles\Air\Mh6\config.bin/CfgVehicles/ExpansionSpraycanSpeedy/
15:27:04.662 Updating base class ->ExpansionSpraycanBase, by DayZExpansion\Vehicles\Air\Mh6\config.bin/CfgVehicles/ExpansionSpraycanSunset/
15:27:04.667 Updating base class ->ExpansionSpraycanBase, by DayZExpansion\Vehicles\Air\Mh6\config.bin/CfgVehicles/ExpansionSpraycanWasp/
15:27:04.683 Updating base class ->ExpansionSpraycanBase, by DayZExpansion\Vehicles\Air\Uh1h\config.bin/CfgVehicles/ExpansionSpraycanCivilian/
15:27:04.686 Updating base class ->ExpansionSpraycanBase, by DayZExpansion\Vehicles\Air\Uh1h\config.bin/CfgVehicles/ExpansionSpraycanMedical/
15:27:04.688 Updating base class ->ExpansionSpraycanBase, by DayZExpansion\Vehicles\Air\Uh1h\config.bin/CfgVehicles/ExpansionSpraycanUber/
15:27:04.720 dodge_power_wagonrus\config.cpp/CfgVehicles/CanisterGasoline.inventorySlot: Cannot update non array from array
15:27:04.739 dodge_power_wagonrus\config.cpp/CfgNonAIVehicles/ProxyJerryCan.inventorySlot: Cannot update non array from array
15:27:04.746 dodge_rust_Z\config.bin/CfgVehicles/CanisterGasoline.inventorySlot: Cannot update non array from array
15:27:04.756 Updating base class ProxyVehiclePart->ProxyAttachment, by dodge_rust_Z\config.bin/CfgNonAIVehicles/ProxyJerryCan/
15:27:04.756 dodge_rust_Z\config.bin/CfgNonAIVehicles/ProxyJerryCan.inventorySlot: Cannot update non array from array
15:27:04.756 dodge_rust_Z\config.bin/CfgNonAIVehicles/Proxysea_chest.inventorySlot: Cannot update non array from array
15:27:04.769 Updating base class ->ItemOptics, by DZ\characters\glasses\config.bin/CfgVehicles/NVGoggles/
15:27:04.775 Updating base class ->Inventory_Base, by DZ\gear\cooking\config.bin/CfgVehicles/FireplaceBase/
15:27:04.786 Updating base class ->Inventory_Base, by DZ\gear\tools\config.bin/CfgVehicles/Pliers/
15:27:04.816 F1_Pickup\config.cpp/CfgVehicles/CanisterGasoline.inventorySlot: Cannot update non array from array
15:27:04.825 Updating base class ProxyAttachment->ProxyVehiclePart, by F1_Pickup\config.cpp/CfgNonAIVehicles/ProxyJerryCan/
15:27:04.825 F1_Pickup\config.cpp/CfgNonAIVehicles/ProxyJerryCan.inventorySlot: Cannot update non array from array
15:27:04.837 GAZ21_Volga\config.cpp/CfgVehicles/CanisterGasoline.inventorySlot: Cannot update non array from array
15:27:04.852 GAZ21_Volga\config.cpp/CfgNonAIVehicles/ProxyJerryCan.inventorySlot: Cannot update non array from array
15:27:04.864 GAZ_12\config.cpp/CfgVehicles/CanisterGasoline.inventorySlot: Cannot update non array from array
15:27:04.875 GAZ_12\config.cpp/CfgNonAIVehicles/ProxyJerryCan.inventorySlot: Cannot update non array from array
15:27:04.888 GAZ_13_Chaika\config.cpp/CfgVehicles/CanisterGasoline.inventorySlot: Cannot update non array from array
15:27:04.906 GAZ_13_Chaika\config.cpp/CfgNonAIVehicles/ProxyJerryCan.inventorySlot: Cannot update non array from array
15:27:04.917 Gaz_233002_Tiger\config.cpp/CfgVehicles/CanisterGasoline.inventorySlot: Cannot update non array from array
15:27:04.923 Gaz_233002_Tiger\config.cpp/CfgNonAIVehicles/ProxyJerryCan.inventorySlot: Cannot update non array from array
15:27:04.935 GAZ_3110_volga\config.cpp/CfgVehicles/CanisterGasoline.inventorySlot: Cannot update non array from array
15:27:04.947 GAZ_3110_volga\config.cpp/CfgNonAIVehicles/ProxyJerryCan.inventorySlot: Cannot update non array from array
15:27:04.963 GAZ_33081\config.cpp/CfgVehicles/CanisterGasoline.inventorySlot: Cannot update non array from array
15:27:04.970 GAZ_33081\config.cpp/CfgNonAIVehicles/ProxyJerryCan.inventorySlot: Cannot update non array from array
15:27:04.982 gaz_51\config.cpp/CfgVehicles/CanisterGasoline.inventorySlot: Cannot update non array from array
15:27:04.993 gaz_51\config.cpp/CfgNonAIVehicles/ProxyJerryCan.inventorySlot: Cannot update non array from array
15:27:05.04  Gaz_53RF\config.cpp/CfgVehicles/CanisterGasoline.inventorySlot: Cannot update non array from array
15:27:05.11  Gaz_53RF\config.cpp/CfgNonAIVehicles/ProxyShovel.inventorySlot: Cannot update non array from array
15:27:05.11  Gaz_53RF\config.cpp/CfgNonAIVehicles/ProxyJerryCan.inventorySlot: Cannot update non array from array
15:27:05.22  GAZ_66\config.cpp/CfgVehicles/CanisterGasoline.inventorySlot: Cannot update non array from array
15:27:05.37  GAZ_66\config.cpp/CfgNonAIVehicles/ProxyJerryCan.inventorySlot: Cannot update non array from array
15:27:05.37  GAZ_66\config.cpp/CfgNonAIVehicles/Proxysingle_plank.inventorySlot: Cannot update non array from array
15:27:05.37  GAZ_66\config.cpp/CfgNonAIVehicles/Proxywooden_log.inventorySlot: Cannot update non array from array
15:27:05.54  GAZ_69_rus\config.cpp/CfgVehicles/CanisterGasoline.inventorySlot: Cannot update non array from array
15:27:05.76  GAZ_69_rus\config.cpp/CfgNonAIVehicles/ProxyJerryCan.inventorySlot: Cannot update non array from array
15:27:05.87  GAZ_M20\config.cpp/CfgVehicles/CanisterGasoline.inventorySlot: Cannot update non array from array
15:27:05.106 GAZ_M20\config.cpp/CfgNonAIVehicles/ProxyJerryCan.inventorySlot: Cannot update non array from array
15:27:05.124 Gecko_ATV_RUS\config.cpp/CfgVehicles/CanisterGasoline.inventorySlot: Cannot update non array from array
15:27:05.124 Gecko_ATV_RUS\config.cpp/CfgVehicles/SmallProtectorCase.inventorySlot: Cannot update non array from array
15:27:05.131 Gecko_ATV_RUS\config.cpp/CfgNonAIVehicles/Proxy300RoundBox.inventorySlot: Cannot update non array from array
15:27:05.144 IJ_2125_Kombi\config.cpp/CfgVehicles/CanisterGasoline.inventorySlot: Cannot update non array from array
15:27:05.161 IJ_2125_Kombi\config.cpp/CfgNonAIVehicles/ProxyJerryCan.inventorySlot: Cannot update non array from array
15:27:05.174 ij_2715_RF\config.cpp/CfgVehicles/CanisterGasoline.inventorySlot: Cannot update non array from array
15:27:05.190 ij_2715_RF\config.cpp/CfgNonAIVehicles/ProxyJerryCan.inventorySlot: Cannot update non array from array
15:27:05.396 Updating base class Inventory_Base->Container_Base, by JPC_Vest\config.bin/cfgVehicles/Morphine/
15:27:05.396 Updating base class Inventory_Base->Container_Base, by JPC_Vest\config.bin/cfgVehicles/Epinephrine/
15:27:05.396 Updating base class Inventory_Base->Container_Base, by JPC_Vest\config.bin/cfgVehicles/AntiChemInjector/
15:27:05.398 Updating base class ->ProxyAttachment, by JPC_Vest\config.bin/CfgNonAIVehicles/Proxygloves/
15:27:05.399 Updating base class ProxyVehiclePart->ProxyAttachment, by JPC_Vest\config.bin/CfgNonAIVehicles/ProxyWalkieTalkie/
15:27:05.443 kamaz_4310RUS\config.cpp/CfgVehicles/CanisterGasoline.inventorySlot: Cannot update non array from array
15:27:05.454 Updating base class ProxyHeadgear->ProxyVehiclePart, by kamaz_4310RUS\config.cpp/CfgNonAIVehicles/Proxyheadgear_dz/
15:27:05.467 KAVZ685_RF\config.cpp/CfgVehicles/CanisterGasoline.inventorySlot: Cannot update non array from array
15:27:05.478 KAVZ685_RF\config.cpp/CfgNonAIVehicles/ProxyJerryCan.inventorySlot: Cannot update non array from array
15:27:05.489 Kraz_255B\config.cpp/CfgVehicles/CanisterGasoline.inventorySlot: Cannot update non array from array
15:27:05.499 Kraz_255B\config.cpp/CfgNonAIVehicles/ProxyJerryCan.inventorySlot: Cannot update non array from array
15:27:05.512 KubanG1\config.cpp/CfgVehicles/CanisterGasoline.inventorySlot: Cannot update non array from array
15:27:05.520 KubanG1\config.cpp/CfgNonAIVehicles/ProxyJerryCan.inventorySlot: Cannot update non array from array
15:27:05.532 LadaNiva2329\config.cpp/CfgVehicles/CanisterGasoline.inventorySlot: Cannot update non array from array
15:27:05.538 LadaNiva2329\config.cpp/CfgNonAIVehicles/ProxyJerryCan.inventorySlot: Cannot update non array from array
15:27:05.538 LadaNiva2329\config.cpp/CfgNonAIVehicles/Proxysea_chest.inventorySlot: Cannot update non array from array
15:27:05.551 LIAZ_677RF\config.cpp/CfgVehicles/CanisterGasoline.inventorySlot: Cannot update non array from array
15:27:05.558 LIAZ_677RF\config.cpp/CfgNonAIVehicles/ProxyJerryCan.inventorySlot: Cannot update non array from array
15:27:05.568 LUAZ_969\config.cpp/CfgVehicles/CanisterGasoline.inventorySlot: Cannot update non array from array
15:27:05.579 LUAZ_969\config.cpp/CfgNonAIVehicles/ProxyJerryCan.inventorySlot: Cannot update non array from array
15:27:05.591 moskvich_407\config.cpp/CfgVehicles/CanisterGasoline.inventorySlot: Cannot update non array from array
15:27:05.606 moskvich_407\config.cpp/CfgNonAIVehicles/ProxyJerryCan.inventorySlot: Cannot update non array from array
15:27:05.619 MTLB_RF\config.cpp/CfgVehicles/CanisterGasoline.inventorySlot: Cannot update non array from array
15:27:05.635 MTLB_RF\config.cpp/CfgNonAIVehicles/ProxyJerryCan.inventorySlot: Cannot update non array from array
15:27:05.658 patriot_2760_RUS\config.cpp/CfgVehicles/CanisterGasoline.inventorySlot: Cannot update non array from array
15:27:05.678 patriot_2760_RUS\config.cpp/CfgNonAIVehicles/ProxyJerryCan.inventorySlot: Cannot update non array from array
15:27:05.690 PAZ_672\config.cpp/CfgVehicles/CanisterGasoline.inventorySlot: Cannot update non array from array
15:27:05.697 PAZ_672\config.cpp/CfgNonAIVehicles/ProxyJerryCan.inventorySlot: Cannot update non array from array
15:27:05.697 PAZ_672\config.cpp/CfgNonAIVehicles/Proxysea_chest.inventorySlot: Cannot update non array from array
15:27:05.708 rag\rag_vehicles\rag_baja\config.bin/CfgVehicles/CanisterGasoline.inventorySlot: Cannot update non array from array
15:27:05.722 rag\rag_vehicles\rag_gaz69\config.bin/CfgVehicles/CanisterGasoline.inventorySlot: Cannot update non array from array
15:27:05.724 rag\rag_vehicles\rag_hummer\config.bin/CfgVehicles/CanisterGasoline.inventorySlot: Cannot update non array from array
15:27:05.724 rag\rag_vehicles\rag_hummer\config.bin/CfgVehicles/FirstAidKit.inventorySlot: Cannot update non array from array
15:27:05.764 rag\rag_vehicles\rag_landrover_110\config.bin/CfgVehicles/CanisterGasoline.inventorySlot: Cannot update non array from array
15:27:05.806 tractor_UMZ_RUS\config.cpp/CfgVehicles/CanisterGasoline.inventorySlot: Cannot update non array from array
15:27:05.811 tractor_UMZ_RUS\config.cpp/CfgNonAIVehicles/ProxyJerryCan.inventorySlot: Cannot update non array from array
15:27:05.824 UAZ_27722_mchs\config.cpp/CfgVehicles/CanisterGasoline.inventorySlot: Cannot update non array from array
15:27:05.847 UAZ_27722_mchs\config.cpp/CfgNonAIVehicles/ProxyJerryCan.inventorySlot: Cannot update non array from array
15:27:05.859 UAZ_31519_Police\config.cpp/CfgVehicles/CanisterGasoline.inventorySlot: Cannot update non array from array
15:27:05.875 UAZ_31519_Police\config.cpp/CfgNonAIVehicles/ProxyJerryCan.inventorySlot: Cannot update non array from array
15:27:05.887 UAZ_3163\config.cpp/CfgVehicles/CanisterGasoline.inventorySlot: Cannot update non array from array
15:27:05.934 UAZ_3163\config.cpp/CfgNonAIVehicles/ProxyJerryCan.inventorySlot: Cannot update non array from array
15:27:05.934 UAZ_3163\config.cpp/CfgNonAIVehicles/Proxysea_chest.inventorySlot: Cannot update non array from array
15:27:05.948 UAZ_3172\config.cpp/CfgVehicles/CanisterGasoline.inventorySlot: Cannot update non array from array
15:27:05.966 UAZ_3172\config.cpp/CfgNonAIVehicles/ProxyJerryCan.inventorySlot: Cannot update non array from array
15:27:05.982 UAZ_33094\config.cpp/CfgVehicles/CanisterGasoline.inventorySlot: Cannot update non array from array
15:27:05.991 UAZ_33094\config.cpp/CfgNonAIVehicles/ProxyJerryCan.inventorySlot: Cannot update non array from array
15:27:05.991 UAZ_33094\config.cpp/CfgNonAIVehicles/Proxysea_chest.inventorySlot: Cannot update non array from array
15:27:06.05  UAZ_3962\config.cpp/CfgVehicles/CanisterGasoline.inventorySlot: Cannot update non array from array
15:27:06.21  UAZ_3962\config.cpp/CfgNonAIVehicles/ProxyJerryCan.inventorySlot: Cannot update non array from array
15:27:06.21  UAZ_3962\config.cpp/CfgNonAIVehicles/Proxysea_chest.inventorySlot: Cannot update non array from array
15:27:06.37  UAZ_469_army\config.cpp/CfgVehicles/CanisterGasoline.inventorySlot: Cannot update non array from array
15:27:06.69  UAZ_469_army\config.cpp/CfgNonAIVehicles/ProxyJerryCan.inventorySlot: Cannot update non array from array
15:27:06.81  UAZ_469_Hunter\config.cpp/CfgVehicles/CanisterGasoline.inventorySlot: Cannot update non array from array
15:27:06.88  UAZ_469_Hunter\config.cpp/CfgNonAIVehicles/ProxyJerryCan.inventorySlot: Cannot update non array from array
15:27:06.88  UAZ_469_Hunter\config.cpp/CfgNonAIVehicles/Proxysea_chest.inventorySlot: Cannot update non array from array
15:27:06.102 UAZ_469_milicia\config.cpp/CfgVehicles/CanisterGasoline.inventorySlot: Cannot update non array from array
15:27:06.107 UAZ_469_milicia\config.cpp/CfgNonAIVehicles/ProxyJerryCan.inventorySlot: Cannot update non array from array
15:27:06.119 UAZ_Patrot_Pikap\config.cpp/CfgVehicles/CanisterGasoline.inventorySlot: Cannot update non array from array
15:27:06.141 UAZ_Patrot_Pikap\config.cpp/CfgNonAIVehicles/ProxyJerryCan.inventorySlot: Cannot update non array from array
15:27:06.155 URAL_375_1964\config.cpp/CfgVehicles/CanisterGasoline.inventorySlot: Cannot update non array from array
15:27:06.163 URAL_375_1964\config.cpp/CfgNonAIVehicles/ProxyJerryCan.inventorySlot: Cannot update non array from array
15:27:06.174 VAZ_2104RF\config.cpp/CfgVehicles/CanisterGasoline.inventorySlot: Cannot update non array from array
15:27:06.190 VAZ_2104RF\config.cpp/CfgNonAIVehicles/ProxyJerryCan.inventorySlot: Cannot update non array from array
15:27:06.190 VAZ_2104RF\config.cpp/CfgNonAIVehicles/Proxysea_chest.inventorySlot: Cannot update non array from array
15:27:06.203 VAZ_2105_RUS\config.cpp/CfgVehicles/CanisterGasoline.inventorySlot: Cannot update non array from array
15:27:06.228 VAZ_2105_RUS\config.cpp/CfgNonAIVehicles/ProxyJerryCan.inventorySlot: Cannot update non array from array
15:27:06.228 VAZ_2105_RUS\config.cpp/CfgNonAIVehicles/Proxysea_chest.inventorySlot: Cannot update non array from array
15:27:06.238 vaz_2106_RF\config.cpp/CfgVehicles/CanisterGasoline.inventorySlot: Cannot update non array from array
15:27:06.265 vaz_2106_RF\config.cpp/CfgNonAIVehicles/ProxyJerryCan.inventorySlot: Cannot update non array from array
15:27:06.278 VAZ_2107RF\config.cpp/CfgVehicles/CanisterGasoline.inventorySlot: Cannot update non array from array
15:27:06.305 VAZ_2107RF\config.cpp/CfgNonAIVehicles/ProxyJerryCan.inventorySlot: Cannot update non array from array
15:27:06.305 VAZ_2107RF\config.cpp/CfgNonAIVehicles/Proxysea_chest.inventorySlot: Cannot update non array from array
15:27:06.321 VAZ_21099R\config.cpp/CfgVehicles/CanisterGasoline.inventorySlot: Cannot update non array from array
15:27:06.350 VAZ_21099R\config.cpp/CfgNonAIVehicles/ProxyJerryCan.inventorySlot: Cannot update non array from array
15:27:06.363 VAZ_2109_RF\config.cpp/CfgVehicles/CanisterGasoline.inventorySlot: Cannot update non array from array
15:27:06.397 VAZ_2109_RF\config.cpp/CfgNonAIVehicles/ProxyJerryCan.inventorySlot: Cannot update non array from array
15:27:06.409 VBL\config.cpp/CfgVehicles/CanisterGasoline.inventorySlot: Cannot update non array from array
15:27:06.431 VBL\config.cpp/CfgNonAIVehicles/ProxyJerryCan.inventorySlot: Cannot update non array from array
15:27:06.432 VBL\config.cpp/CfgNonAIVehicles/Proxyshovel.inventorySlot: Cannot update non array from array
15:27:06.445 Volkswagen_Golf_RUS\config.cpp/CfgVehicles/CanisterGasoline.inventorySlot: Cannot update non array from array
15:27:06.460 Volkswagen_Golf_RUS\config.cpp/CfgNonAIVehicles/ProxyJerryCan.inventorySlot: Cannot update non array from array
15:27:06.483 ZAZ_965\config.cpp/CfgVehicles/CanisterGasoline.inventorySlot: Cannot update non array from array
15:27:06.495 ZAZ_965\config.cpp/CfgNonAIVehicles/ProxyJerryCan.inventorySlot: Cannot update non array from array
15:27:06.509 ZAZ_968\config.cpp/CfgVehicles/CanisterGasoline.inventorySlot: Cannot update non array from array
15:27:06.523 ZAZ_968\config.cpp/CfgNonAIVehicles/ProxyJerryCan.inventorySlot: Cannot update non array from array
15:27:06.540 ZAZ_968M\config.cpp/CfgVehicles/CanisterGasoline.inventorySlot: Cannot update non array from array
15:27:06.551 ZAZ_968M\config.cpp/CfgNonAIVehicles/ProxyJerryCan.inventorySlot: Cannot update non array from array
15:27:06.565 ZIL133_double\config.cpp/CfgVehicles/CanisterGasoline.inventorySlot: Cannot update non array from array
15:27:06.575 ZIL133_double\config.cpp/CfgNonAIVehicles/ProxyJerryCan.inventorySlot: Cannot update non array from array
15:27:06.590 ZIL_130\config.cpp/CfgVehicles/CanisterGasoline.inventorySlot: Cannot update non array from array
15:27:06.601 ZIL_130\config.cpp/CfgNonAIVehicles/ProxyJerryCan.inventorySlot: Cannot update non array from array
15:27:06.614 ZIL_130_ac40\config.cpp/CfgVehicles/CanisterGasoline.inventorySlot: Cannot update non array from array
15:27:06.626 ZIL_130_ac40\config.cpp/CfgNonAIVehicles/ProxyJerryCan.inventorySlot: Cannot update non array from array
15:27:06.640 ZIL_131\config.cpp/CfgVehicles/CanisterGasoline.inventorySlot: Cannot update non array from array
15:27:06.648 ZIL_131\config.cpp/CfgNonAIVehicles/Proxysea_chest.inventorySlot: Cannot update non array from array
15:27:06.661 ZIL_157_rus\config.cpp/CfgVehicles/CanisterGasoline.inventorySlot: Cannot update non array from array
15:27:06.675 ZIL_157_rus\config.cpp/CfgNonAIVehicles/ProxyJerryCan.inventorySlot: Cannot update non array from array
15:27:06.675 ZIL_157_rus\config.cpp/CfgNonAIVehicles/Proxywooden_log.inventorySlot: Cannot update non array from array
15:27:06.675 ZIL_157_rus\config.cpp/CfgNonAIVehicles/Proxysingle_plank.inventorySlot: Cannot update non array from array
15:27:06.688 2140_SL\config.cpp/CfgVehicles/CanisterGasoline.inventorySlot: Cannot update non array from array
15:27:06.708 2140_SL\config.cpp/CfgNonAIVehicles/ProxyJerryCan.inventorySlot: Cannot update non array from array
15:27:06.720 Updating base class ->Inventory_Base, by BaseBuildingPlus\config.bin/CfgVehicles/BBP_KIT_BASE/
15:27:06.720 Updating base class ->Inventory_Base, by BaseBuildingPlus\config.bin/CfgVehicles/BBP_WALL_BASE/
15:27:06.720 Updating base class ->BBP_WALL_BASE, by BaseBuildingPlus\config.bin/CfgVehicles/BBP_GATE_BASE/
15:27:06.720 Updating base class ->BBP_WALL_BASE, by BaseBuildingPlus\config.bin/CfgVehicles/BBP_DOOR_BASE/
15:27:06.787 cng_uaz_31514\config.bin/CfgVehicles/CanisterGasoline.inventorySlot: Cannot update non array from array
15:27:06.787 cng_uaz_31514\config.bin/CfgNonAIVehicles/ProxyJerryCan.inventorySlot: Cannot update non array from array
15:27:06.848 cng_uaz_452\config.bin/CfgVehicles/CanisterGasoline.inventorySlot: Cannot update non array from array
15:27:07.02  cng_vaz2109\config.bin/CfgVehicles/CanisterGasoline.inventorySlot: Cannot update non array from array
15:27:07.370 String "STR_VestBackpack6sh112" not found (not in localization table)
15:27:07.371 String "STR_Slot_Maska1Visor" not found (not in localization table)
15:27:07.376 String "STR_CNG_UAZ_452_wheel_SP1" not found (not in localization table)
15:27:07.376 String "STR_CNG_UAZ_452_wheel_SP2" not found (not in localization table)
15:27:07.376 String "STR_CNG_UAZ_452_wheel_SP2" not found (not in localization table)
15:27:07.376 String "STR_CNG_UAZ_452_wheel_SP2" not found (not in localization table)
15:27:07.468 Failed to load TextureHeaderManager from file "2140_SL\texheaders.bin" - failed to open the file.
15:27:07.468 Failed adding texture headers from file "2140_SL\texheaders.bin"
15:27:07.469 Failed to load TextureHeaderManager from file "airboat_RUS\texheaders.bin" - failed to open the file.
15:27:07.469 Failed adding texture headers from file "airboat_RUS\texheaders.bin"
15:27:07.469 Failed to load TextureHeaderManager from file "artillery_tractor\texheaders.bin" - failed to open the file.
15:27:07.469 Failed adding texture headers from file "artillery_tractor\texheaders.bin"
15:27:07.469 Failed to load TextureHeaderManager from file "AZLK_2141RF\texheaders.bin" - failed to open the file.
15:27:07.469 Failed adding texture headers from file "AZLK_2141RF\texheaders.bin"
15:27:07.469 Failed to load TextureHeaderManager from file "azlk_400\texheaders.bin" - failed to open the file.
15:27:07.469 Failed adding texture headers from file "azlk_400\texheaders.bin"
15:27:07.470 Failed to load TextureHeaderManager from file "BRDM2_RF\texheaders.bin" - failed to open the file.
15:27:07.470 Failed adding texture headers from file "BRDM2_RF\texheaders.bin"
15:27:07.470 Failed to load TextureHeaderManager from file "BTR_80\texheaders.bin" - failed to open the file.
15:27:07.470 Failed adding texture headers from file "BTR_80\texheaders.bin"
15:27:07.471 Failed to load TextureHeaderManager from file "dodge_power_wagonrus\texheaders.bin" - failed to open the file.
15:27:07.471 Failed adding texture headers from file "dodge_power_wagonrus\texheaders.bin"
15:27:07.471 Failed to load TextureHeaderManager from file "F1_Pickup\texheaders.bin" - failed to open the file.
15:27:07.471 Failed adding texture headers from file "F1_Pickup\texheaders.bin"
15:27:07.472 Failed to load TextureHeaderManager from file "GAZ21_Volga\texheaders.bin" - failed to open the file.
15:27:07.472 Failed adding texture headers from file "GAZ21_Volga\texheaders.bin"
15:27:07.472 Failed to load TextureHeaderManager from file "GAZ_12\texheaders.bin" - failed to open the file.
15:27:07.472 Failed adding texture headers from file "GAZ_12\texheaders.bin"
15:27:07.472 Failed to load TextureHeaderManager from file "GAZ_13_Chaika\texheaders.bin" - failed to open the file.
15:27:07.472 Failed adding texture headers from file "GAZ_13_Chaika\texheaders.bin"
15:27:07.473 Failed to load TextureHeaderManager from file "Gaz_233002_Tiger\texheaders.bin" - failed to open the file.
15:27:07.473 Failed adding texture headers from file "Gaz_233002_Tiger\texheaders.bin"
15:27:07.473 Failed to load TextureHeaderManager from file "GAZ_3110_volga\texheaders.bin" - failed to open the file.
15:27:07.473 Failed adding texture headers from file "GAZ_3110_volga\texheaders.bin"
15:27:07.473 Failed to load TextureHeaderManager from file "GAZ_33081\texheaders.bin" - failed to open the file.
15:27:07.473 Failed adding texture headers from file "GAZ_33081\texheaders.bin"
15:27:07.473 Failed to load TextureHeaderManager from file "gaz_51\texheaders.bin" - failed to open the file.
15:27:07.473 Failed adding texture headers from file "gaz_51\texheaders.bin"
15:27:07.473 Failed to load TextureHeaderManager from file "Gaz_53RF\texheaders.bin" - failed to open the file.
15:27:07.473 Failed adding texture headers from file "Gaz_53RF\texheaders.bin"
15:27:07.473 Failed to load TextureHeaderManager from file "GAZ_66\texheaders.bin" - failed to open the file.
15:27:07.473 Failed adding texture headers from file "GAZ_66\texheaders.bin"
15:27:07.474 Failed to load TextureHeaderManager from file "GAZ_69_rus\texheaders.bin" - failed to open the file.
15:27:07.474 Failed adding texture headers from file "GAZ_69_rus\texheaders.bin"
15:27:07.474 Failed to load TextureHeaderManager from file "GAZ_M20\texheaders.bin" - failed to open the file.
15:27:07.474 Failed adding texture headers from file "GAZ_M20\texheaders.bin"
15:27:07.474 Failed to load TextureHeaderManager from file "Gecko_ATV_RUS\texheaders.bin" - failed to open the file.
15:27:07.474 Failed adding texture headers from file "Gecko_ATV_RUS\texheaders.bin"
15:27:07.475 Failed to load TextureHeaderManager from file "IJ_2125_Kombi\texheaders.bin" - failed to open the file.
15:27:07.475 Failed adding texture headers from file "IJ_2125_Kombi\texheaders.bin"
15:27:07.475 Failed to load TextureHeaderManager from file "ij_2715_RF\texheaders.bin" - failed to open the file.
15:27:07.475 Failed adding texture headers from file "ij_2715_RF\texheaders.bin"
15:27:07.475 Failed to load TextureHeaderManager from file "kamaz_4310RUS\texheaders.bin" - failed to open the file.
15:27:07.475 Failed adding texture headers from file "kamaz_4310RUS\texheaders.bin"
15:27:07.476 Failed to load TextureHeaderManager from file "KAVZ685_RF\texheaders.bin" - failed to open the file.
15:27:07.476 Failed adding texture headers from file "KAVZ685_RF\texheaders.bin"
15:27:07.476 Failed to load TextureHeaderManager from file "Kraz_255B\texheaders.bin" - failed to open the file.
15:27:07.476 Failed adding texture headers from file "Kraz_255B\texheaders.bin"
15:27:07.476 Failed to load TextureHeaderManager from file "KubanG1\texheaders.bin" - failed to open the file.
15:27:07.476 Failed adding texture headers from file "KubanG1\texheaders.bin"
15:27:07.476 Failed to load TextureHeaderManager from file "LadaNiva2329\texheaders.bin" - failed to open the file.
15:27:07.476 Failed adding texture headers from file "LadaNiva2329\texheaders.bin"
15:27:07.477 Failed to load TextureHeaderManager from file "LIAZ_677RF\texheaders.bin" - failed to open the file.
15:27:07.477 Failed adding texture headers from file "LIAZ_677RF\texheaders.bin"
15:27:07.477 Failed to load TextureHeaderManager from file "LUAZ_969\texheaders.bin" - failed to open the file.
15:27:07.477 Failed adding texture headers from file "LUAZ_969\texheaders.bin"
15:27:07.477 Failed to load TextureHeaderManager from file "moskvich_407\texheaders.bin" - failed to open the file.
15:27:07.477 Failed adding texture headers from file "moskvich_407\texheaders.bin"
15:27:07.477 Failed to load TextureHeaderManager from file "MTLB_RF\texheaders.bin" - failed to open the file.
15:27:07.477 Failed adding texture headers from file "MTLB_RF\texheaders.bin"
15:27:07.477 Failed to load TextureHeaderManager from file "patriot_2760_RUS\texheaders.bin" - failed to open the file.
15:27:07.477 Failed adding texture headers from file "patriot_2760_RUS\texheaders.bin"
15:27:07.478 Failed to load TextureHeaderManager from file "PAZ_672\texheaders.bin" - failed to open the file.
15:27:07.478 Failed adding texture headers from file "PAZ_672\texheaders.bin"
15:27:07.478 Failed to load TextureHeaderManager from file "tractor_UMZ_RUS\texheaders.bin" - failed to open the file.
15:27:07.478 Failed adding texture headers from file "tractor_UMZ_RUS\texheaders.bin"
15:27:07.479 Failed to load TextureHeaderManager from file "UAZ_27722_mchs\texheaders.bin" - failed to open the file.
15:27:07.479 Failed adding texture headers from file "UAZ_27722_mchs\texheaders.bin"
15:27:07.479 Failed to load TextureHeaderManager from file "UAZ_31519_Police\texheaders.bin" - failed to open the file.
15:27:07.479 Failed adding texture headers from file "UAZ_31519_Police\texheaders.bin"
15:27:07.479 Failed to load TextureHeaderManager from file "UAZ_3163\texheaders.bin" - failed to open the file.
15:27:07.479 Failed adding texture headers from file "UAZ_3163\texheaders.bin"
15:27:07.479 Failed to load TextureHeaderManager from file "UAZ_3172\texheaders.bin" - failed to open the file.
15:27:07.479 Failed adding texture headers from file "UAZ_3172\texheaders.bin"
15:27:07.479 Failed to load TextureHeaderManager from file "UAZ_33094\texheaders.bin" - failed to open the file.
15:27:07.479 Failed adding texture headers from file "UAZ_33094\texheaders.bin"
15:27:07.480 Failed to load TextureHeaderManager from file "UAZ_3962\texheaders.bin" - failed to open the file.
15:27:07.480 Failed adding texture headers from file "UAZ_3962\texheaders.bin"
15:27:07.480 Failed to load TextureHeaderManager from file "UAZ_469_army\texheaders.bin" - failed to open the file.
15:27:07.480 Failed adding texture headers from file "UAZ_469_army\texheaders.bin"
15:27:07.481 Failed to load TextureHeaderManager from file "UAZ_469_Hunter\texheaders.bin" - failed to open the file.
15:27:07.481 Failed adding texture headers from file "UAZ_469_Hunter\texheaders.bin"
15:27:07.481 Failed to load TextureHeaderManager from file "UAZ_469_milicia\texheaders.bin" - failed to open the file.
15:27:07.481 Failed adding texture headers from file "UAZ_469_milicia\texheaders.bin"
15:27:07.482 Failed to load TextureHeaderManager from file "UAZ_Patrot_Pikap\texheaders.bin" - failed to open the file.
15:27:07.482 Failed adding texture headers from file "UAZ_Patrot_Pikap\texheaders.bin"
15:27:07.482 Failed to load TextureHeaderManager from file "URAL_375_1964\texheaders.bin" - failed to open the file.
15:27:07.482 Failed adding texture headers from file "URAL_375_1964\texheaders.bin"
15:27:07.482 Failed to load TextureHeaderManager from file "VAZ_2104RF\texheaders.bin" - failed to open the file.
15:27:07.482 Failed adding texture headers from file "VAZ_2104RF\texheaders.bin"
15:27:07.482 Failed to load TextureHeaderManager from file "VAZ_2105_RUS\texheaders.bin" - failed to open the file.
15:27:07.482 Failed adding texture headers from file "VAZ_2105_RUS\texheaders.bin"
15:27:07.482 Failed to load TextureHeaderManager from file "vaz_2106_RF\texheaders.bin" - failed to open the file.
15:27:07.482 Failed adding texture headers from file "vaz_2106_RF\texheaders.bin"
15:27:07.482 Failed to load TextureHeaderManager from file "VAZ_2107RF\texheaders.bin" - failed to open the file.
15:27:07.482 Failed adding texture headers from file "VAZ_2107RF\texheaders.bin"
15:27:07.483 Failed to load TextureHeaderManager from file "VAZ_21099R\texheaders.bin" - failed to open the file.
15:27:07.483 Failed adding texture headers from file "VAZ_21099R\texheaders.bin"
15:27:07.484 Failed to load TextureHeaderManager from file "VAZ_2109_RF\texheaders.bin" - failed to open the file.
15:27:07.484 Failed adding texture headers from file "VAZ_2109_RF\texheaders.bin"
15:27:07.484 Failed to load TextureHeaderManager from file "VBL\texheaders.bin" - failed to open the file.
15:27:07.484 Failed adding texture headers from file "VBL\texheaders.bin"
15:27:07.485 Failed to load TextureHeaderManager from file "Volkswagen_Golf_RUS\texheaders.bin" - failed to open the file.
15:27:07.485 Failed adding texture headers from file "Volkswagen_Golf_RUS\texheaders.bin"
15:27:07.485 Failed to load TextureHeaderManager from file "ZAZ_965\texheaders.bin" - failed to open the file.
15:27:07.485 Failed adding texture headers from file "ZAZ_965\texheaders.bin"
15:27:07.485 Failed to load TextureHeaderManager from file "ZAZ_968\texheaders.bin" - failed to open the file.
15:27:07.485 Failed adding texture headers from file "ZAZ_968\texheaders.bin"
15:27:07.485 Failed to load TextureHeaderManager from file "ZAZ_968M\texheaders.bin" - failed to open the file.
15:27:07.485 Failed adding texture headers from file "ZAZ_968M\texheaders.bin"
15:27:07.486 Failed to load TextureHeaderManager from file "ZIL133_double\texheaders.bin" - failed to open the file.
15:27:07.486 Failed adding texture headers from file "ZIL133_double\texheaders.bin"
15:27:07.486 Failed to load TextureHeaderManager from file "ZIL_130\texheaders.bin" - failed to open the file.
15:27:07.486 Failed adding texture headers from file "ZIL_130\texheaders.bin"
15:27:07.486 Failed to load TextureHeaderManager from file "ZIL_130_ac40\texheaders.bin" - failed to open the file.
15:27:07.486 Failed adding texture headers from file "ZIL_130_ac40\texheaders.bin"
15:27:07.487 Failed to load TextureHeaderManager from file "ZIL_131\texheaders.bin" - failed to open the file.
15:27:07.487 Failed adding texture headers from file "ZIL_131\texheaders.bin"
15:27:07.487 Failed to load TextureHeaderManager from file "ZIL_157_rus\texheaders.bin" - failed to open the file.
15:27:07.487 Failed adding texture headers from file "ZIL_157_rus\texheaders.bin"
15:27:09.93  ENGINE       : Enfusion engine version 0.1
15:27:09.104 ENGINE       : FileSystem: Adding relative directory 'G:\SteamLibrary\steamapps\common\DayZServer' to RV filesystem under name CurrentDir
15:27:09.105 ENGINE       : Loading config '$CurrentDir:DayZSetting.xml'
15:27:09.116 ENGINE       : FileSystem: Adding package 'G:\SteamLibrary\steamapps\common\DayZServer\@DayZ-Expansion-BaseBuilding\addons\objects_gear_exampleopenablelockablecontainers.pbo' to RV filesystem
15:27:09.116 ENGINE       : FileSystem: Adding package 'G:\SteamLibrary\steamapps\common\DayZServer\@DayZ-Expansion-Vehicles\addons\sounds_vehicles_ground_offroadhatchback.pbo' to RV filesystem
15:27:09.116 ENGINE       : FileSystem: Adding package 'G:\SteamLibrary\steamapps\common\DayZServer\@DayZ-Expansion-Core\addons\core_objects_temporaryownedcontainer.pbo' to RV filesystem
15:27:09.116 ENGINE       : FileSystem: Adding package 'G:\SteamLibrary\steamapps\common\DayZServer\@DayZ-Expansion-Vehicles\addons\sounds_vehicles_ground_truck_01_base.pbo' to RV filesystem
15:27:09.117 ENGINE       : FileSystem: Adding package 'G:\SteamLibrary\steamapps\common\DayZServer\@DayZ-Expansion-Vehicles\addons\sounds_vehicles_ground_civiliansedan.pbo' to RV filesystem
15:27:09.117 ENGINE       : FileSystem: Adding package 'G:\SteamLibrary\steamapps\common\DayZServer\@DayZ-Expansion-Vehicles\addons\sounds_vehicles_ground_hatchback_02.pbo' to RV filesystem
15:27:09.117 ENGINE       : FileSystem: Adding package 'G:\SteamLibrary\steamapps\common\DayZServer\@DayZ-Expansion\addons\objects_structures_lighthouse_lamp.pbo' to RV filesystem
15:27:09.118 ENGINE       : FileSystem: Adding package 'G:\SteamLibrary\steamapps\common\DayZServer\@DayZ-Expansion-BaseBuilding\addons\objects_basebuilding_vanilla_tents.pbo' to RV filesystem
15:27:09.118 ENGINE       : FileSystem: Adding package 'G:\SteamLibrary\steamapps\common\DayZServer\@DayZ-Expansion-Vehicles\addons\vehicles_ground_offroadhatchback.pbo' to RV filesystem
15:27:09.118 ENGINE       : FileSystem: Adding package 'G:\SteamLibrary\steamapps\common\DayZServer\@DayZ-Expansion\addons\worlds_chernarusplus_vanillarays.pbo' to RV filesystem
15:27:09.118 ENGINE       : FileSystem: Adding package 'G:\SteamLibrary\steamapps\common\DayZServer\@DayZ-Expansion\addons\objects_structures_expansionflag.pbo' to RV filesystem
15:27:09.119 ENGINE       : FileSystem: Adding package 'G:\SteamLibrary\steamapps\common\DayZServer\@DayZ-Expansion-BaseBuilding\addons\objects_basebuilding_electricity.pbo' to RV filesystem
15:27:09.119 ENGINE       : FileSystem: Adding package 'G:\SteamLibrary\steamapps\common\DayZServer\@DayZ-Expansion-Licensed\addons\objects_structures_grass_sample.pbo' to RV filesystem
15:27:09.120 ENGINE       : FileSystem: Adding package 'G:\SteamLibrary\steamapps\common\DayZServer\@DayZ-Expansion-BaseBuilding\addons\virtualcontainerstorage_scripts.pbo' to RV filesystem
15:27:09.120 ENGINE       : FileSystem: Adding package 'G:\SteamLibrary\steamapps\common\DayZServer\@DayZ-Expansion-BaseBuilding\addons\basebuilding_objects_explosives.pbo' to RV filesystem
15:27:09.121 ENGINE       : FileSystem: Adding package 'G:\SteamLibrary\steamapps\common\DayZServer\@DayZ-Expansion-BaseBuilding\addons\objects_basebuilding_tents_kits.pbo' to RV filesystem
15:27:09.121 ENGINE       : FileSystem: Adding package 'G:\SteamLibrary\steamapps\common\DayZServer\@DayZ-Expansion-Vehicles\addons\sounds_vehicles_ground_sedan_02.pbo' to RV filesystem
15:27:09.122 ENGINE       : FileSystem: Adding package 'G:\SteamLibrary\steamapps\common\DayZServer\@DayZ-Expansion-Vehicles\addons\vehicles_ground_civilliansedan.pbo' to RV filesystem
15:27:09.122 ENGINE       : FileSystem: Adding package 'G:\SteamLibrary\steamapps\common\DayZServer\@DayZ-Expansion-Licensed\addons\objects_structures_hanged_body.pbo' to RV filesystem
15:27:09.122 ENGINE       : FileSystem: Adding package 'G:\SteamLibrary\steamapps\common\DayZServer\@DayZ-Expansion-Vehicles\addons\sounds_vehicles_air_hatchbird.pbo' to RV filesystem
15:27:09.122 ENGINE       : FileSystem: Adding package 'G:\SteamLibrary\steamapps\common\DayZServer\@DayZ-Expansion-Core\addons\notificationscheduler_scripts.pbo' to RV filesystem
15:27:09.122 ENGINE       : FileSystem: Adding package 'G:\SteamLibrary\steamapps\common\DayZServer\@DayZ-Expansion-Licensed\addons\sounds_vehicles_ground_vodnik.pbo' to RV filesystem
15:27:09.123 ENGINE       : FileSystem: Adding package 'G:\SteamLibrary\steamapps\common\DayZServer\@DayZ-Expansion-Licensed\addons\sounds_vehicles_water_utility.pbo' to RV filesystem
15:27:09.124 ENGINE       : FileSystem: Adding package 'G:\SteamLibrary\steamapps\common\DayZServer\@DayZ-Expansion-Licensed\addons\sounds_vehicles_ground_tt650.pbo' to RV filesystem
15:27:09.124 ENGINE       : FileSystem: Adding package 'G:\SteamLibrary\steamapps\common\DayZServer\@DayZ-Expansion-Vehicles\addons\vehicles_ground_hatchback_02.pbo' to RV filesystem
15:27:09.125 ENGINE       : FileSystem: Adding package 'G:\SteamLibrary\steamapps\common\DayZServer\@DayZ-Expansion\addons\objects_structures_ivyautumn.pbo' to RV filesystem
15:27:09.125 ENGINE       : FileSystem: Adding package 'G:\SteamLibrary\steamapps\common\DayZServer\@DayZ-Expansion-Licensed\addons\sounds_vehicles_water_zodiac.pbo' to RV filesystem
15:27:09.125 ENGINE       : FileSystem: Adding package 'G:\SteamLibrary\steamapps\common\DayZServer\@DayZ-Expansion-BaseBuilding\addons\objects_basebuilding_pillars.pbo' to RV filesystem
15:27:09.125 ENGINE       : FileSystem: Adding package 'G:\SteamLibrary\steamapps\common\DayZServer\@DayZ-Expansion-BaseBuilding\addons\objects_basebuilding_stairs.pbo' to RV filesystem
15:27:09.126 ENGINE       : FileSystem: Adding package 'G:\SteamLibrary\steamapps\common\DayZServer\@DayZ-Expansion-BaseBuilding\addons\objects_basebuilding_floors.pbo' to RV filesystem
15:27:09.126 ENGINE       : FileSystem: Adding package 'G:\SteamLibrary\steamapps\common\DayZServer\@DayZ-Expansion-Core\addons\structures_industrial_power.pbo' to RV filesystem
15:27:09.127 ENGINE       : FileSystem: Adding package 'G:\SteamLibrary\steamapps\common\DayZServer\@DayZ-Expansion-Core\addons\core_objects_navmeshcarvers.pbo' to RV filesystem
15:27:09.127 ENGINE       : FileSystem: Adding package 'G:\SteamLibrary\steamapps\common\DayZServer\@DayZ-Expansion-Licensed\addons\sounds_vehicles_ground_n250.pbo' to RV filesystem
15:27:09.128 ENGINE       : FileSystem: Adding package 'G:\SteamLibrary\steamapps\common\DayZServer\@DayZ-Expansion-Licensed\addons\sounds_vehicles_air_bell412.pbo' to RV filesystem
15:27:09.128 ENGINE       : FileSystem: Adding package 'G:\SteamLibrary\steamapps\common\DayZServer\@DayZ-Expansion-Core\addons\structures_residential_misc.pbo' to RV filesystem
15:27:09.128 ENGINE       : FileSystem: Adding package 'G:\SteamLibrary\steamapps\common\DayZServer\@DayZ-Expansion\addons\worlds_chernarusplus_gloom.pbo' to RV filesystem
15:27:09.128 ENGINE       : FileSystem: Adding package 'G:\SteamLibrary\steamapps\common\DayZServer\@DayZ-Expansion-BaseBuilding\addons\objects_basebuilding_walls.pbo' to RV filesystem
15:27:09.129 ENGINE       : FileSystem: Adding package 'G:\SteamLibrary\steamapps\common\DayZServer\@DayZ-Expansion-BaseBuilding\addons\objects_basebuilding_flags.pbo' to RV filesystem
15:27:09.129 ENGINE       : FileSystem: Adding package 'G:\SteamLibrary\steamapps\common\DayZServer\@DayZ-Expansion-Licensed\addons\sounds_vehicles_air_merlin.pbo' to RV filesystem
15:27:09.130 ENGINE       : FileSystem: Adding package 'G:\SteamLibrary\steamapps\common\DayZServer\@DayZ-Expansion-BaseBuilding\addons\objects_basebuilding_items.pbo' to RV filesystem
15:27:09.130 ENGINE       : FileSystem: Adding package 'G:\SteamLibrary\steamapps\common\DayZServer\@DayZ-Expansion-Vehicles\addons\vehicles_ground_offroad_02.pbo' to RV filesystem
15:27:09.130 ENGINE       : FileSystem: Adding package 'G:\SteamLibrary\steamapps\common\DayZServer\@DayZ-Expansion-Licensed\addons\objects_basebuilding_gates.pbo' to RV filesystem
15:27:09.130 ENGINE       : FileSystem: Adding package 'G:\SteamLibrary\steamapps\common\DayZServer\@DayZ-Expansion-BaseBuilding\addons\objects_basebuilding_ramps.pbo' to RV filesystem
15:27:09.131 ENGINE       : FileSystem: Adding package 'G:\SteamLibrary\steamapps\common\DayZServer\@DayZ-Expansion-Core\addons\structures_industrial_misc.pbo' to RV filesystem
15:27:09.131 ENGINE       : FileSystem: Adding package 'G:\SteamLibrary\steamapps\common\DayZServer\@DayZ-Expansion-BaseBuilding\addons\objects_basebuilding_safes.pbo' to RV filesystem
15:27:09.132 ENGINE       : FileSystem: Adding package 'G:\SteamLibrary\steamapps\common\DayZServer\@DayZ-Expansion-Licensed\addons\objects_basebuilding_tents.pbo' to RV filesystem
15:27:09.132 ENGINE       : FileSystem: Adding package 'G:\SteamLibrary\steamapps\common\DayZServer\@DayZ-Expansion-Licensed\addons\objects_weapons_explosives.pbo' to RV filesystem
15:27:09.133 ENGINE       : FileSystem: Adding package 'G:\SteamLibrary\steamapps\common\DayZServer\@DayZ-Expansion-Vehicles\addons\sounds_vehicles_ground_bus.pbo' to RV filesystem
15:27:09.133 ENGINE       : FileSystem: Adding package 'G:\SteamLibrary\steamapps\common\DayZServer\@DayZ-Expansion-Licensed\addons\objects_basebuilding_misc.pbo' to RV filesystem
15:27:09.134 ENGINE       : FileSystem: Adding package 'G:\SteamLibrary\steamapps\common\DayZServer\@DayZ-Expansion-BaseBuilding\addons\objects_basebuilding_data.pbo' to RV filesystem
15:27:09.134 ENGINE       : FileSystem: Adding package 'G:\SteamLibrary\steamapps\common\DayZServer\@DayZ-Expansion-BaseBuilding\addons\languagecore_basebuilding.pbo' to RV filesystem
15:27:09.134 ENGINE       : FileSystem: Adding package 'G:\SteamLibrary\steamapps\common\DayZServer\@DayZ-Expansion-BaseBuilding\addons\sounds_items_propanetorch.pbo' to RV filesystem
15:27:09.134 ENGINE       : FileSystem: Adding package 'G:\SteamLibrary\steamapps\common\DayZServer\@DayZ-Expansion-Core\addons\core_objects_circuitboard.pbo' to RV filesystem
15:27:09.135 ENGINE       : FileSystem: Adding package 'G:\SteamLibrary\steamapps\common\DayZServer\@DayZ-Expansion-Licensed\addons\sounds_vehicles_water_lhd.pbo' to RV filesystem
15:27:09.136 ENGINE       : FileSystem: Adding package 'G:\SteamLibrary\steamapps\common\DayZServer\@DayZ-Expansion\addons\objects_structures_editor.pbo' to RV filesystem
15:27:09.136 ENGINE       : FileSystem: Adding package 'G:\SteamLibrary\steamapps\common\DayZServer\@DayZ-Expansion\addons\data_characters_backpacks.pbo' to RV filesystem
15:27:09.137 ENGINE       : FileSystem: Adding package 'G:\SteamLibrary\steamapps\common\DayZServer\@DayZ-Expansion-Vehicles\addons\vehicles_ground_landrover.pbo' to RV filesystem
15:27:09.137 ENGINE       : FileSystem: Adding package 'G:\SteamLibrary\steamapps\common\DayZServer\@DayZ-Expansion\addons\objects_structures_signs.pbo' to RV filesystem
15:27:09.137 ENGINE       : FileSystem: Adding package 'G:\SteamLibrary\steamapps\common\DayZServer\@DayZ-Expansion-Licensed\addons\sounds_vehicles_air_uh1h.pbo' to RV filesystem
15:27:09.138 ENGINE       : FileSystem: Adding package 'G:\SteamLibrary\steamapps\common\DayZServer\@DayZ-Expansion\addons\objects_structures_grass.pbo' to RV filesystem
15:27:09.138 ENGINE       : FileSystem: Adding package 'G:\SteamLibrary\steamapps\common\DayZServer\@DayZ-Expansion\addons\objects_structures_wreck.pbo' to RV filesystem
15:27:09.138 ENGINE       : FileSystem: Adding package 'G:\SteamLibrary\steamapps\common\DayZServer\@DayZ-Expansion-Vehicles\addons\vehicles_ground_sedan_02.pbo' to RV filesystem
15:27:09.139 ENGINE       : FileSystem: Adding package 'G:\SteamLibrary\steamapps\common\DayZServer\@DayZ-Expansion-BaseBuilding\addons\objects_gear_electricity.pbo' to RV filesystem
15:27:09.139 ENGINE       : FileSystem: Adding package 'G:\SteamLibrary\steamapps\common\DayZServer\@Survivor Animations\addons\player_main.pbo' to RV filesystem
15:27:09.140 ENGINE       : FileSystem: Adding package 'G:\SteamLibrary\steamapps\common\DayZServer\@DayZ-Expansion-Licensed\addons\sounds_vehicles_air_gyro.pbo' to RV filesystem
15:27:09.140 ENGINE       : FileSystem: Adding package 'G:\SteamLibrary\steamapps\common\DayZServer\@DayZ-Expansion-Vehicles\addons\vehicles_ground_truck_01.pbo' to RV filesystem
15:27:09.140 ENGINE       : FileSystem: Adding package 'G:\SteamLibrary\steamapps\common\DayZServer\@DayZ-Expansion\addons\objects_gear_consumables.pbo' to RV filesystem
15:27:09.140 ENGINE       : FileSystem: Adding package 'G:\SteamLibrary\steamapps\common\DayZServer\@DayZ-Expansion-BaseBuilding\addons\objects_structures_flags.pbo' to RV filesystem
15:27:09.141 ENGINE       : FileSystem: Adding package 'G:\SteamLibrary\steamapps\common\DayZServer\@4KBOSSKVehicles\addons\Mitsubishi_LancerEvolutionIX_BOSS_Data.pbo' to RV filesystem
15:27:09.142 ENGINE       : FileSystem: Adding package 'G:\SteamLibrary\steamapps\common\DayZServer\@DayZ-Expansion-Licensed\addons\vehicles_objects_antiair.pbo' to RV filesystem
15:27:09.142 ENGINE       : FileSystem: Adding package 'G:\SteamLibrary\steamapps\common\DayZServer\@DayZ-Expansion\addons\data_characters_armbands.pbo' to RV filesystem
15:27:09.142 ENGINE       : FileSystem: Adding package 'G:\SteamLibrary\steamapps\common\DayZServer\@DayZ-Expansion-Core\addons\objects_structures_debug.pbo' to RV filesystem
15:27:09.143 ENGINE       : FileSystem: Adding package 'G:\SteamLibrary\steamapps\common\DayZServer\@DayZ-Expansion\addons\data_characters_headgear.pbo' to RV filesystem
15:27:09.143 ENGINE       : FileSystem: Adding package 'G:\SteamLibrary\steamapps\common\DayZServer\@DayZ-Expansion-Vehicles\addons\vehicles_ground_oldbike.pbo' to RV filesystem
15:27:09.143 ENGINE       : FileSystem: Adding package 'G:\SteamLibrary\steamapps\common\DayZServer\@DayZ-Expansion\addons\objects_gear_gravecross.pbo' to RV filesystem
15:27:09.143 ENGINE       : FileSystem: Adding package 'G:\SteamLibrary\steamapps\common\DayZServer\@DayZ-Expansion-Licensed\addons\vehicles_ground_tractor.pbo' to RV filesystem
15:27:09.144 ENGINE       : FileSystem: Adding package 'G:\SteamLibrary\steamapps\common\DayZServer\@DayZ-Expansion-Licensed\addons\sounds_vehicles_air_an2.pbo' to RV filesystem
15:27:09.144 ENGINE       : FileSystem: Adding package 'G:\SteamLibrary\steamapps\common\DayZServer\@DayZ-Expansion-Licensed\addons\sounds_vehicles_air_mh6.pbo' to RV filesystem
15:27:09.145 ENGINE       : FileSystem: Adding package 'G:\SteamLibrary\steamapps\common\DayZServer\@DayZ-Expansion-Core\addons\core_objects_currencies.pbo' to RV filesystem
15:27:09.146 ENGINE       : FileSystem: Adding package 'G:\SteamLibrary\steamapps\common\DayZServer\@DayZ-Expansion\addons\languagecore_playerlist.pbo' to RV filesystem
15:27:09.146 ENGINE       : FileSystem: Adding package 'G:\SteamLibrary\steamapps\common\DayZServer\@Nissan GTR 2015 - FREE TO USE\addons\Callatic_Vehicles_Free_Pack.pbo' to RV filesystem
15:27:09.146 ENGINE       : FileSystem: Adding package 'G:\SteamLibrary\steamapps\common\DayZServer\@DayZ-Expansion-Vehicles\addons\vehicles_air_hatchbird.pbo' to RV filesystem
15:27:09.146 ENGINE       : FileSystem: Adding package 'G:\SteamLibrary\steamapps\common\DayZServer\@DayZ-Expansion-BaseBuilding\addons\0_basebuilding_preload.pbo' to RV filesystem
15:27:09.146 ENGINE       : FileSystem: Adding package 'G:\SteamLibrary\steamapps\common\DayZServer\@DayZ-Expansion\addons\objects_gear_parachute.pbo' to RV filesystem
15:27:09.147 ENGINE       : FileSystem: Adding package 'G:\SteamLibrary\steamapps\common\DayZServer\@DayZ-Expansion\addons\objects_structures_bmx.pbo' to RV filesystem
15:27:09.147 ENGINE       : FileSystem: Adding package 'G:\SteamLibrary\steamapps\common\DayZServer\@DayZ-Expansion\addons\data_characters_gloves.pbo' to RV filesystem
15:27:09.148 ENGINE       : FileSystem: Adding package 'G:\SteamLibrary\steamapps\common\DayZServer\@DayZ-Expansion-Vehicles\addons\sounds_vehicles_common.pbo' to RV filesystem
15:27:09.148 ENGINE       : FileSystem: Adding package 'G:\SteamLibrary\steamapps\common\DayZServer\@DayZ-Expansion-Licensed\addons\vehicles_ground_vodnik.pbo' to RV filesystem
15:27:09.149 ENGINE       : FileSystem: Adding package 'G:\SteamLibrary\steamapps\common\DayZServer\@DayZ-Expansion-Licensed\addons\vehicles_water_carrier.pbo' to RV filesystem
15:27:09.149 ENGINE       : FileSystem: Adding package 'G:\SteamLibrary\steamapps\common\DayZServer\@DayZ-Expansion-Licensed\addons\vehicles_water_utility.pbo' to RV filesystem
15:27:09.150 ENGINE       : FileSystem: Adding package 'G:\SteamLibrary\steamapps\common\DayZServer\@DayZ-Expansion-Vehicles\addons\vehicles_water_boat_01.pbo' to RV filesystem
15:27:09.150 ENGINE       : FileSystem: Adding package 'G:\SteamLibrary\steamapps\common\DayZServer\@DayZ-Expansion-Core\addons\core_objects_briefcase.pbo' to RV filesystem
15:27:09.151 ENGINE       : FileSystem: Adding package 'G:\SteamLibrary\steamapps\common\DayZServer\@DayZ-Expansion-Core\addons\objects_gear_spraycans.pbo' to RV filesystem
15:27:09.151 ENGINE       : FileSystem: Adding package 'G:\SteamLibrary\steamapps\common\DayZServer\@DayZ-Expansion-Vehicles\addons\vehicles_water_zodiac.pbo' to RV filesystem
15:27:09.151 ENGINE       : FileSystem: Adding package 'G:\SteamLibrary\steamapps\common\DayZServer\@DayZ-Expansion-Core\addons\sounds_items_spraycan.pbo' to RV filesystem
15:27:09.151 ENGINE       : FileSystem: Adding package 'G:\SteamLibrary\steamapps\common\DayZServer\@DayZ-Expansion-Licensed\addons\languagecore_licensed.pbo' to RV filesystem
15:27:09.151 ENGINE       : FileSystem: Adding package 'G:\SteamLibrary\steamapps\common\DayZServer\@DayZ-Expansion-Licensed\addons\vehicles_ground_tt650.pbo' to RV filesystem
15:27:09.152 ENGINE       : FileSystem: Adding package 'G:\SteamLibrary\steamapps\common\DayZServer\@DayZ-Expansion-Vehicles\addons\vehicles_objects_gear.pbo' to RV filesystem
15:27:09.152 ENGINE       : FileSystem: Adding package 'G:\SteamLibrary\steamapps\common\DayZServer\@DayZ-Expansion-Vehicles\addons\languagecore_vehicles.pbo' to RV filesystem
15:27:09.153 ENGINE       : FileSystem: Adding package 'G:\SteamLibrary\steamapps\common\DayZServer\@DayZ-Expansion-BaseBuilding\addons\basebuilding_scripts.pbo' to RV filesystem
15:27:09.154 ENGINE       : FileSystem: Adding package 'G:\SteamLibrary\steamapps\common\DayZServer\@DayZ-Expansion-Core\addons\0_modstorage_preload.pbo' to RV filesystem
15:27:09.154 ENGINE       : FileSystem: Adding package 'G:\SteamLibrary\steamapps\common\DayZServer\@DayZ-Expansion-Licensed\addons\vehicles_ground_250n.pbo' to RV filesystem
15:27:09.154 ENGINE       : FileSystem: Adding package 'G:\SteamLibrary\steamapps\common\DayZServer\@DayZ-Expansion-Core\addons\vanillafixes_animals.pbo' to RV filesystem
15:27:09.154 ENGINE       : FileSystem: Adding package 'G:\SteamLibrary\steamapps\common\DayZServer\@DayZ-Expansion-Core\addons\vanillafixes_scripts.pbo' to RV filesystem
15:27:09.154 ENGINE       : FileSystem: Adding package 'G:\SteamLibrary\steamapps\common\DayZServer\@DayZ-Expansion\addons\data_characters_tops.pbo' to RV filesystem
15:27:09.155 ENGINE       : FileSystem: Adding package 'G:\SteamLibrary\steamapps\common\DayZServer\addons\weapon_underslung.pbo' to RV filesystem
15:27:09.155 ENGINE       : FileSystem: Adding package 'G:\SteamLibrary\steamapps\common\DayZServer\@DayZ-Expansion\addons\objects_gear_guitar.pbo' to RV filesystem
15:27:09.155 ENGINE       : FileSystem: Adding package 'G:\SteamLibrary\steamapps\common\DayZServer\@DayZ-Expansion-BaseBuilding\addons\sounds_basebuilding.pbo' to RV filesystem
15:27:09.157 ENGINE       : FileSystem: Adding package 'G:\SteamLibrary\steamapps\common\DayZServer\@DayZ-Expansion-Licensed\addons\vehicles_ground_bus.pbo' to RV filesystem
15:27:09.157 ENGINE       : FileSystem: Adding package 'G:\SteamLibrary\steamapps\common\DayZServer\addons\structures_proxy_parts.pbo' to RV filesystem
15:27:09.157 ENGINE       : FileSystem: Adding package 'G:\SteamLibrary\steamapps\common\DayZServer\@4KBOSSKVehicles\addons\Mitsubishi_LancerEvolutionIX_BOSS.pbo' to RV filesystem
15:27:09.158 ENGINE       : FileSystem: Adding package 'G:\SteamLibrary\steamapps\common\DayZServer\@DayZ-Expansion-Vehicles\addons\vehicles_ground_uaz.pbo' to RV filesystem
15:27:09.158 ENGINE       : FileSystem: Adding package 'G:\SteamLibrary\steamapps\common\DayZServer\@DayZ-Expansion-Licensed\addons\vehicles_air_merlin.pbo' to RV filesystem
15:27:09.158 ENGINE       : FileSystem: Adding package 'G:\SteamLibrary\steamapps\common\DayZServer\@DayZ-Expansion-Vehicles\addons\languagecore_garage.pbo' to RV filesystem
15:27:09.159 ENGINE       : FileSystem: Adding package 'G:\SteamLibrary\steamapps\common\DayZServer\@DayZ-Expansion-Core\addons\vanillafixes_sounds.pbo' to RV filesystem
15:27:09.159 ENGINE       : FileSystem: Adding package 'G:\SteamLibrary\steamapps\common\DayZServer\@DayZ-Expansion-Licensed\addons\vehicles_air_c130j.pbo' to RV filesystem
15:27:09.160 ENGINE       : FileSystem: Adding package 'G:\SteamLibrary\steamapps\common\DayZServer\@DayZ-Expansion-Core\addons\modstorage_scripts.pbo' to RV filesystem
15:27:09.160 ENGINE       : FileSystem: Adding package 'G:\SteamLibrary\steamapps\common\DayZServer\@ChernarusRP AE86\addons\CrSk_Toyota_Sprinter_Trueno_AE86.pbo' to RV filesystem
15:27:09.160 ENGINE       : FileSystem: Adding package 'G:\SteamLibrary\steamapps\common\DayZServer\@DayZ-Expansion-Vehicles\addons\0_vehicles_preload.pbo' to RV filesystem
15:27:09.161 ENGINE       : FileSystem: Adding package 'G:\SteamLibrary\steamapps\common\DayZServer\@DayZ-Expansion-Core\addons\core_objects_bases.pbo' to RV filesystem
15:27:09.161 ENGINE       : FileSystem: Adding package 'G:\SteamLibrary\steamapps\common\DayZServer\@DayZ-Expansion\addons\worlds_enoch_gloom.pbo' to RV filesystem
15:27:09.161 ENGINE       : FileSystem: Adding package 'G:\SteamLibrary\steamapps\common\DayZServer\@DayZ-Expansion\addons\playerlist_scripts.pbo' to RV filesystem
15:27:09.161 ENGINE       : FileSystem: Adding package 'G:\SteamLibrary\steamapps\common\DayZServer\@DayZ-Expansion\addons\0_killfeed_preload.pbo' to RV filesystem
15:27:09.161 ENGINE       : FileSystem: Adding package 'G:\SteamLibrary\steamapps\common\DayZServer\@DayZ-Expansion\addons\worlds_introscenes.pbo' to RV filesystem
15:27:09.162 ENGINE       : FileSystem: Adding package 'G:\SteamLibrary\steamapps\common\DayZServer\@DayZ-Expansion-Licensed\addons\sounds_explosions.pbo' to RV filesystem
15:27:09.162 ENGINE       : FileSystem: Adding package 'G:\SteamLibrary\steamapps\common\DayZServer\@DayZ-Expansion\addons\languagecore_main.pbo' to RV filesystem
15:27:09.163 ENGINE       : FileSystem: Adding package 'G:\SteamLibrary\steamapps\common\DayZServer\addons\structures_residential_bliss.pbo' to RV filesystem
15:27:09.164 ENGINE       : FileSystem: Adding package 'G:\SteamLibrary\steamapps\common\DayZServer\addons\weapon_magazines.pbo' to RV filesystem
15:27:09.164 ENGINE       : FileSystem: Adding package 'G:\SteamLibrary\steamapps\common\DayZServer\addons\worlds_chernarusplus_nav.pbo' to RV filesystem
15:27:09.164 ENGINE       : FileSystem: Adding package 'G:\SteamLibrary\steamapps\common\DayZServer\@LMs Ferrari F40 Car (Modular Vehicle)\addons\LM_Ferrari.pbo' to RV filesystem
15:27:09.164 ENGINE       : FileSystem: Adding package 'G:\SteamLibrary\steamapps\common\DayZServer\@DayZ-Expansion-Vehicles\addons\vehicles_air_gyro.pbo' to RV filesystem
15:27:09.165 ENGINE       : FileSystem: Adding package 'G:\SteamLibrary\steamapps\common\DayZServer\addons\structures_underground_bliss.pbo' to RV filesystem
15:27:09.165 ENGINE       : FileSystem: Adding package 'G:\SteamLibrary\steamapps\common\DayZServer\@DayZ-Expansion-Core\addons\languagecore_core.pbo' to RV filesystem
15:27:09.166 ENGINE       : FileSystem: Adding package 'G:\SteamLibrary\steamapps\common\DayZServer\@DayZ-Expansion-Licensed\addons\vehicles_air_uh1h.pbo' to RV filesystem
15:27:09.166 ENGINE       : FileSystem: Adding package 'G:\SteamLibrary\steamapps\common\DayZServer\@4KBOSSKVehicles\addons\DodgeChallengerDemon_BOSS_Data.pbo' to RV filesystem
15:27:09.167 ENGINE       : FileSystem: Adding package 'G:\SteamLibrary\steamapps\common\DayZServer\@4KBOSSKVehicles\addons\Ford_Mustang_Shelby_GT500_Data.pbo' to RV filesystem
15:27:09.167 ENGINE       : FileSystem: Adding package 'G:\SteamLibrary\steamapps\common\DayZServer\@DayZ-Expansion-Vehicles\addons\vehicles_scripts.pbo' to RV filesystem
15:27:09.167 ENGINE       : FileSystem: Adding package 'G:\SteamLibrary\steamapps\common\DayZServer\@DayZ-Expansion\addons\objects_gear_box.pbo' to RV filesystem
15:27:09.167 ENGINE       : FileSystem: Adding package 'G:\SteamLibrary\steamapps\common\DayZServer\@DayZ-Expansion-BaseBuilding\addons\basebuilding_gui.pbo' to RV filesystem
15:27:09.168 ENGINE       : FileSystem: Adding package 'G:\SteamLibrary\steamapps\common\DayZServer\@DayZ-Expansion-Core\addons\vanillafixes_gui.pbo' to RV filesystem
15:27:09.168 ENGINE       : FileSystem: Adding package 'G:\SteamLibrary\steamapps\common\DayZServer\@DayZ-Expansion-Licensed\addons\vehicles_air_an2.pbo' to RV filesystem
15:27:09.168 ENGINE       : FileSystem: Adding package 'G:\SteamLibrary\steamapps\common\DayZServer\addons\weapon_supports.pbo' to RV filesystem
15:27:09.169 ENGINE       : FileSystem: Adding package 'G:\SteamLibrary\steamapps\common\DayZServer\@DayZ-Expansion-Licensed\addons\vehicles_air_mh6.pbo' to RV filesystem
15:27:09.169 ENGINE       : FileSystem: Adding package 'G:\SteamLibrary\steamapps\common\DayZServer\addons\structures_industrial_bliss.pbo' to RV filesystem
15:27:09.170 ENGINE       : FileSystem: Adding package 'G:\SteamLibrary\steamapps\common\DayZServer\@4KBOSSKVehicles\addons\Chevrolet_NapalmNova_BOSS_Data.pbo' to RV filesystem
15:27:09.170 ENGINE       : FileSystem: Adding package 'G:\SteamLibrary\steamapps\common\DayZServer\@DayZ-Expansion-Vehicles\addons\0_garage_preload.pbo' to RV filesystem
15:27:09.170 ENGINE       : FileSystem: Adding package 'G:\SteamLibrary\steamapps\common\DayZServer\@4KBOSSKVehicles\addons\DodgeChargerHellcat_BOSS_Data.pbo' to RV filesystem
15:27:09.171 ENGINE       : FileSystem: Adding package 'G:\SteamLibrary\steamapps\common\DayZServer\@4KBOSSKVehicles\addons\Ford_Raptor_MonstarTruck_Data.pbo' to RV filesystem
15:27:09.171 ENGINE       : FileSystem: Adding package 'G:\SteamLibrary\steamapps\common\DayZServer\@DayZ-Expansion-Licensed\addons\objects_airdrop.pbo' to RV filesystem
15:27:09.171 ENGINE       : FileSystem: Adding package 'G:\SteamLibrary\steamapps\common\DayZServer\addons\weapon_muzzles.pbo' to RV filesystem
15:27:09.171 ENGINE       : FileSystem: Adding package 'G:\SteamLibrary\steamapps\common\DayZServer\addons\worlds_chernarusplus.pbo' to RV filesystem
15:27:09.172 ENGINE       : FileSystem: Adding package 'G:\SteamLibrary\steamapps\common\DayZServer\addons\weapon_optics.pbo' to RV filesystem
15:27:09.172 ENGINE       : FileSystem: Adding package 'G:\SteamLibrary\steamapps\common\DayZServer\@DayZ-Expansion-Vehicles\addons\skins_vehicles.pbo' to RV filesystem
15:27:09.172 ENGINE       : FileSystem: Adding package 'G:\SteamLibrary\steamapps\common\DayZServer\@DayZ-Expansion-Vehicles\addons\garage_scripts.pbo' to RV filesystem
15:27:09.173 ENGINE       : FileSystem: Adding package 'G:\SteamLibrary\steamapps\common\DayZServer\addons\weapon_lights.pbo' to RV filesystem
15:27:09.173 ENGINE       : FileSystem: Adding package 'G:\SteamLibrary\steamapps\common\DayZServer\@DayZ-Expansion-Vehicles\addons\garage_objects.pbo' to RV filesystem
15:27:09.174 ENGINE       : FileSystem: Adding package 'G:\SteamLibrary\steamapps\common\DayZServer\addons\structures_specific_bliss.pbo' to RV filesystem
15:27:09.174 ENGINE       : FileSystem: Adding package 'G:\SteamLibrary\steamapps\common\DayZServer\addons\structures_military_bliss.pbo' to RV filesystem
15:27:09.175 ENGINE       : FileSystem: Adding package 'G:\SteamLibrary\steamapps\common\DayZServer\@DayZ-Expansion-Core\addons\0_core_preload.pbo' to RV filesystem
15:27:09.175 ENGINE       : FileSystem: Adding package 'G:\SteamLibrary\steamapps\common\DayZServer\@DayZ-Expansion\addons\playerlist_gui.pbo' to RV filesystem
15:27:09.175 ENGINE       : FileSystem: Adding package 'G:\SteamLibrary\steamapps\common\DayZServer\addons\worlds_chernarusplus_data.pbo' to RV filesystem
15:27:09.175 ENGINE       : FileSystem: Adding package 'G:\SteamLibrary\steamapps\common\DayZServer\@DayZ-Expansion\addons\sounds_church.pbo' to RV filesystem
15:27:09.175 ENGINE       : FileSystem: Adding package 'G:\SteamLibrary\steamapps\common\DayZServer\@4KBOSSKVehicles\addons\Shelby_SuperSnake_2019_BOSS.pbo' to RV filesystem
15:27:09.176 ENGINE       : FileSystem: Adding package 'G:\SteamLibrary\steamapps\common\DayZServer\@Meru_Car_Pack\addons\Mercedes_Mansory_Gronos_6x6.pbo' to RV filesystem
15:27:09.176 ENGINE       : FileSystem: Adding package 'G:\SteamLibrary\steamapps\common\DayZServer\addons\weapon_attachments_textures.pbo' to RV filesystem
15:27:09.177 ENGINE       : FileSystem: Adding package 'G:\SteamLibrary\steamapps\common\DayZServer\@DayZ-Expansion-Licensed\addons\vehicles_data.pbo' to RV filesystem
15:27:09.177 ENGINE       : FileSystem: Adding package 'G:\SteamLibrary\steamapps\common\DayZServer\addons\structures_wrecks_bliss.pbo' to RV filesystem
15:27:09.178 ENGINE       : FileSystem: Adding package 'G:\SteamLibrary\steamapps\common\DayZServer\@DayZ-Expansion-BaseBuilding\addons\objects_kits.pbo' to RV filesystem
15:27:09.178 ENGINE       : FileSystem: Adding package 'G:\SteamLibrary\steamapps\common\DayZServer\@DayZ-Expansion-Vehicles\addons\vehicles_gui.pbo' to RV filesystem
15:27:09.178 ENGINE       : FileSystem: Adding package 'G:\SteamLibrary\steamapps\common\DayZServer\addons\worlds_chernarusplus_ce.pbo' to RV filesystem
15:27:09.178 ENGINE       : FileSystem: Adding package 'G:\SteamLibrary\steamapps\common\DayZServer\@DayZ-Expansion-Core\addons\core_scripts.pbo' to RV filesystem
15:27:09.179 ENGINE       : FileSystem: Adding package 'G:\SteamLibrary\steamapps\common\DayZServer\@DayZ-Expansion-BaseBuilding\addons\objects_misc.pbo' to RV filesystem
15:27:09.179 ENGINE       : FileSystem: Adding package 'G:\SteamLibrary\steamapps\common\DayZServer\@VAZ 2107 Yandex Dfift\addons\FTM228_VAZ2107YandexDrift.pbo' to RV filesystem
15:27:09.180 ENGINE       : FileSystem: Adding package 'G:\SteamLibrary\steamapps\common\DayZServer\@4KBOSSKVehicles\addons\Chevrolet_NapalmNova_BOSS.pbo' to RV filesystem
15:27:09.180 ENGINE       : FileSystem: Adding package 'G:\SteamLibrary\steamapps\common\DayZServer\@4KBOSSKVehicles\addons\DodgeChallengerDemon_BOSS.pbo' to RV filesystem
15:27:09.180 ENGINE       : FileSystem: Adding package 'G:\SteamLibrary\steamapps\common\DayZServer\addons\structures_walls_bliss.pbo' to RV filesystem
15:27:09.180 ENGINE       : FileSystem: Adding package 'G:\SteamLibrary\steamapps\common\DayZServer\@My Delta Force Weapons\addons\My_DF_Weapons_Attachments.pbo' to RV filesystem
15:27:09.181 ENGINE       : FileSystem: Adding package 'G:\SteamLibrary\steamapps\common\DayZServer\@4KBOSSKVehicles\addons\Ford_Mustang_Shelby_GT500.pbo' to RV filesystem
15:27:09.182 ENGINE       : FileSystem: Adding package 'G:\SteamLibrary\steamapps\common\DayZServer\addons\structures_signs_bliss.pbo' to RV filesystem
15:27:09.182 ENGINE       : FileSystem: Adding package 'G:\SteamLibrary\steamapps\common\DayZServer\addons\structures_ruins_bliss.pbo' to RV filesystem
15:27:09.183 ENGINE       : FileSystem: Adding package 'G:\SteamLibrary\steamapps\common\DayZServer\addons\structures_roads_bliss.pbo' to RV filesystem
15:27:09.183 ENGINE       : FileSystem: Adding package 'G:\SteamLibrary\steamapps\common\DayZServer\addons\structures_residential.pbo' to RV filesystem
15:27:09.184 ENGINE       : FileSystem: Adding package 'G:\SteamLibrary\steamapps\common\DayZServer\addons\structures_rail_bliss.pbo' to RV filesystem
15:27:09.184 ENGINE       : FileSystem: Adding package 'G:\SteamLibrary\steamapps\common\DayZServer\@4KBOSSKVehicles\addons\Ford_Crown_Victoria_BOSS.pbo' to RV filesystem
15:27:09.184 ENGINE       : FileSystem: Adding package 'G:\SteamLibrary\steamapps\common\DayZServer\addons\structures_industrial.pbo' to RV filesystem
15:27:09.184 ENGINE       : FileSystem: Adding package 'G:\SteamLibrary\steamapps\common\DayZServer\@DayZ-Expansion-Vehicles\addons\garage_gui.pbo' to RV filesystem
15:27:09.185 ENGINE       : FileSystem: Adding package 'G:\SteamLibrary\steamapps\common\DayZServer\addons\structures_data_bliss.pbo' to RV filesystem
15:27:09.185 ENGINE       : FileSystem: Adding package 'G:\SteamLibrary\steamapps\common\DayZServer\@4KBOSSKVehicles\addons\Ford_Raptor_MonstarTruck.pbo' to RV filesystem
15:27:09.186 ENGINE       : FileSystem: Adding package 'G:\SteamLibrary\steamapps\common\DayZServer\sakhal\addons\worlds_sakhal_nav.pbo' to RV filesystem
15:27:09.187 ENGINE       : FileSystem: Adding package 'G:\SteamLibrary\steamapps\common\DayZServer\@HypeTrain\addons\trains_vanilla.pbo' to RV filesystem
15:27:09.187 ENGINE       : FileSystem: Adding package 'G:\SteamLibrary\steamapps\common\DayZServer\@DayZ-Expansion-Core\addons\definetest.pbo' to RV filesystem
15:27:09.187 ENGINE       : FileSystem: Adding package 'G:\SteamLibrary\steamapps\common\DayZServer\@4KBOSSKVehicles\addons\DodgeChargerHellcat_BOSS.pbo' to RV filesystem
15:27:09.187 ENGINE       : FileSystem: Adding package 'G:\SteamLibrary\steamapps\common\DayZServer\@DayZ-Expansion-Core\addons\sounds_ui.pbo' to RV filesystem
15:27:09.187 ENGINE       : FileSystem: Adding package 'G:\SteamLibrary\steamapps\common\DayZServer\addons\worlds_enoch_nav.pbo' to RV filesystem
15:27:09.188 ENGINE       : FileSystem: Adding package 'G:\SteamLibrary\steamapps\common\DayZServer\@DayZ-Expansion\addons\dta_world.pbo' to RV filesystem
15:27:09.188 ENGINE       : FileSystem: Adding package 'G:\SteamLibrary\steamapps\common\DayZServer\@Pristine Repair\addons\skd_Pristine_Repair.pbo' to RV filesystem
15:27:09.188 ENGINE       : FileSystem: Adding package 'G:\SteamLibrary\steamapps\common\DayZServer\@CarPack\addons\CCARPACK_PoliceLighting.pbo' to RV filesystem
15:27:09.189 ENGINE       : FileSystem: Adding package 'G:\SteamLibrary\steamapps\common\DayZServer\@DayZ-Expansion-Core\addons\core_stub.pbo' to RV filesystem
15:27:09.189 ENGINE       : FileSystem: Adding package 'G:\SteamLibrary\steamapps\common\DayZServer\addons\characters_backpacks.pbo' to RV filesystem
15:27:09.190 ENGINE       : FileSystem: Adding package 'G:\SteamLibrary\steamapps\common\DayZServer\addons\structures_furniture.pbo' to RV filesystem
15:27:09.190 ENGINE       : FileSystem: Adding package 'G:\SteamLibrary\steamapps\common\DayZServer\@DayZ-Expansion\addons\0_preload.pbo' to RV filesystem
15:27:09.190 ENGINE       : FileSystem: Adding package 'G:\SteamLibrary\steamapps\common\DayZServer\@DayZ-Expansion-Core\addons\particles.pbo' to RV filesystem
15:27:09.190 ENGINE       : FileSystem: Adding package 'G:\SteamLibrary\steamapps\common\DayZServer\@Meru_Car_Pack\addons\Urus_hycade_supersport.pbo' to RV filesystem
15:27:09.191 ENGINE       : FileSystem: Adding package 'G:\SteamLibrary\steamapps\common\DayZServer\@Meru_Car_Pack\addons\Uaz_hunter_offroad_6x6.pbo' to RV filesystem
15:27:09.191 ENGINE       : FileSystem: Adding package 'G:\SteamLibrary\steamapps\common\DayZServer\@2003 Mitsubishi Eclipse Spyder [FREE]\addons\Star_Mitsubishi_Spyder.pbo' to RV filesystem
15:27:09.192 ENGINE       : FileSystem: Adding package 'G:\SteamLibrary\steamapps\common\DayZServer\addons\characters_headgear.pbo' to RV filesystem
15:27:09.192 ENGINE       : FileSystem: Adding package 'G:\SteamLibrary\steamapps\common\DayZServer\@My Delta Force Weapons\addons\My_DF_Weapons_Shotguns.pbo' to RV filesystem
15:27:09.193 ENGINE       : FileSystem: Adding package 'G:\SteamLibrary\steamapps\common\DayZServer\@The Complete Ghillie Pack\addons\TheCompleteGhilliePack.pbo' to RV filesystem
15:27:09.193 ENGINE       : FileSystem: Adding package 'G:\SteamLibrary\steamapps\common\DayZServer\addons\structures_specific.pbo' to RV filesystem
15:27:09.193 ENGINE       : FileSystem: Adding package 'G:\SteamLibrary\steamapps\common\DayZServer\addons\weapons_projectiles.pbo' to RV filesystem
15:27:09.194 ENGINE       : FileSystem: Adding package 'G:\SteamLibrary\steamapps\common\DayZServer\@DayZ-Expansion-Core\addons\core_gui.pbo' to RV filesystem
15:27:09.194 ENGINE       : FileSystem: Adding package 'G:\SteamLibrary\steamapps\common\DayZServer\@DayZ-Expansion-Core\addons\dta_game.pbo' to RV filesystem
15:27:09.195 ENGINE       : FileSystem: Adding package 'G:\SteamLibrary\steamapps\common\DayZServer\@DayZ-Expansion-Core\addons\dta_core.pbo' to RV filesystem
15:27:09.195 ENGINE       : FileSystem: Adding package 'G:\SteamLibrary\steamapps\common\DayZServer\@Survivor Animations\addons\0_SurvivorAnimsDefines.pbo' to RV filesystem
15:27:09.195 ENGINE       : FileSystem: Adding package 'G:\SteamLibrary\steamapps\common\DayZServer\addons\structures_military.pbo' to RV filesystem
15:27:09.196 ENGINE       : FileSystem: Adding package 'G:\SteamLibrary\steamapps\common\DayZServer\sakhal\addons\worlds_sakhal.ebo' to RV filesystem
15:27:09.196 ENGINE       : FileSystem: Adding package 'G:\SteamLibrary\steamapps\common\DayZServer\@HypeTrain\addons\railnetworks.pbo' to RV filesystem
15:27:09.197 ENGINE       : FileSystem: Adding package 'G:\SteamLibrary\steamapps\common\DayZServer\@My Delta Force Weapons\addons\My_DF_Weapons_Pistols.pbo' to RV filesystem
15:27:09.197 ENGINE       : FileSystem: Adding package 'G:\SteamLibrary\steamapps\common\DayZServer\@Dabs Framework\addons\Scripts.pbo' to RV filesystem
15:27:09.198 ENGINE       : FileSystem: Adding package 'G:\SteamLibrary\steamapps\common\DayZServer\sakhal\addons\worlds_sakhal_data.pbo' to RV filesystem
15:27:09.198 ENGINE       : FileSystem: Adding package 'G:\SteamLibrary\steamapps\common\DayZServer\@My Delta Force Weapons\addons\My_DF_Weapons_Scripts.pbo' to RV filesystem
15:27:09.198 ENGINE       : FileSystem: Adding package 'G:\SteamLibrary\steamapps\common\DayZServer\@DayZ-Expansion\addons\scripts.pbo' to RV filesystem
15:27:09.199 ENGINE       : FileSystem: Adding package 'G:\SteamLibrary\steamapps\common\DayZServer\@Meru_Car_Pack\addons\Ford_velociraptor_4x4.pbo' to RV filesystem
15:27:09.199 ENGINE       : FileSystem: Adding package 'G:\SteamLibrary\steamapps\common\DayZServer\@4KBOSSKVehicles\addons\Toyota_SupraMKIV_Data.pbo' to RV filesystem
15:27:09.200 ENGINE       : FileSystem: Adding package 'G:\SteamLibrary\steamapps\common\DayZServer\@4KBOSSKVehicles\addons\Jeep_GladiatorF9_Data.pbo' to RV filesystem
15:27:09.201 ENGINE       : FileSystem: Adding package 'G:\SteamLibrary\steamapps\common\DayZServer\@Meru_Car_Pack\addons\Maybach_Virgil_Ablohs.pbo' to RV filesystem
15:27:09.201 ENGINE       : FileSystem: Adding package 'G:\SteamLibrary\steamapps\common\DayZServer\addons\characters_glasses.pbo' to RV filesystem
15:27:09.201 ENGINE       : FileSystem: Adding package 'G:\SteamLibrary\steamapps\common\DayZServer\addons\weapons_animations.pbo' to RV filesystem
15:27:09.201 ENGINE       : FileSystem: Adding package 'G:\SteamLibrary\steamapps\common\DayZServer\addons\worlds_enoch.pbo' to RV filesystem
15:27:09.202 ENGINE       : FileSystem: Adding package 'G:\SteamLibrary\steamapps\common\DayZServer\addons\weapons_explosives.pbo' to RV filesystem
15:27:09.202 ENGINE       : FileSystem: Adding package 'G:\SteamLibrary\steamapps\common\DayZServer\@4KBOSSKVehicles\addons\Ford_Mustang_SVT_Data.pbo' to RV filesystem
15:27:09.203 ENGINE       : FileSystem: Adding package 'G:\SteamLibrary\steamapps\common\DayZServer\@Meru_Car_Pack\addons\vaz_2104_trophy_truck.pbo' to RV filesystem
15:27:09.203 ENGINE       : FileSystem: Adding package 'G:\SteamLibrary\steamapps\common\DayZServer\addons\weapons_ammunition.pbo' to RV filesystem
15:27:09.203 ENGINE       : FileSystem: Adding package 'G:\SteamLibrary\steamapps\common\DayZServer\@Meru_Car_Pack\addons\Dodge_Challenger_1970.pbo' to RV filesystem
15:27:09.203 ENGINE       : FileSystem: Adding package 'G:\SteamLibrary\steamapps\common\DayZServer\@My Delta Force Weapons\addons\My_DF_Weapons_Snipers.pbo' to RV filesystem
15:27:09.204 ENGINE       : FileSystem: Adding package 'G:\SteamLibrary\steamapps\common\DayZServer\addons\characters_proxies.pbo' to RV filesystem
15:27:09.204 ENGINE       : FileSystem: Adding package 'G:\SteamLibrary\steamapps\common\DayZServer\addons\characters_zombies.pbo' to RV filesystem
15:27:09.205 ENGINE       : FileSystem: Adding package 'G:\SteamLibrary\steamapps\common\DayZServer\addons\anims_anm_infected.pbo' to RV filesystem
15:27:09.205 ENGINE       : FileSystem: Adding package 'G:\SteamLibrary\steamapps\common\DayZServer\addons\sounds_environment.pbo' to RV filesystem
15:27:09.206 ENGINE       : FileSystem: Adding package 'G:\SteamLibrary\steamapps\common\DayZServer\addons\sounds_characters.pbo' to RV filesystem
15:27:09.206 ENGINE       : FileSystem: Adding package 'G:\SteamLibrary\steamapps\common\DayZServer\addons\weapons_launchers.pbo' to RV filesystem
15:27:09.207 ENGINE       : FileSystem: Adding package 'G:\SteamLibrary\steamapps\common\DayZServer\addons\weapons_nonlethal.pbo' to RV filesystem
15:27:09.207 ENGINE       : FileSystem: Adding package 'G:\SteamLibrary\steamapps\common\DayZServer\addons\characters_gloves.pbo' to RV filesystem
15:27:09.207 ENGINE       : FileSystem: Adding package 'G:\SteamLibrary\steamapps\common\DayZServer\@Mercedes-Benz S63 AMG [FREE]\addons\Star_Mercedes_S63AMG.pbo' to RV filesystem
15:27:09.208 ENGINE       : FileSystem: Adding package 'G:\SteamLibrary\steamapps\common\DayZServer\addons\structures_wrecks.pbo' to RV filesystem
15:27:09.208 ENGINE       : FileSystem: Adding package 'G:\SteamLibrary\steamapps\common\DayZServer\@RUSForma_vehicles\addons\dodge_power_wagonrus.pbo' to RV filesystem
15:27:09.209 ENGINE       : FileSystem: Adding package 'G:\SteamLibrary\steamapps\common\DayZServer\@Meru_Car_Pack\addons\lamborghini_countach.pbo' to RV filesystem
15:27:09.209 ENGINE       : FileSystem: Adding package 'G:\SteamLibrary\steamapps\common\DayZServer\@MBM_ApocalypseTruck\addons\MBM_Apocalypse_Truck.pbo' to RV filesystem
15:27:09.210 ENGINE       : FileSystem: Adding package 'G:\SteamLibrary\steamapps\common\DayZServer\addons\characters_bodies.pbo' to RV filesystem
15:27:09.211 ENGINE       : FileSystem: Adding package 'G:\SteamLibrary\steamapps\common\DayZServer\@My Delta Force Weapons\addons\My_DF_Weapons_Melees.pbo' to RV filesystem
15:27:09.211 ENGINE       : FileSystem: Adding package 'G:\SteamLibrary\steamapps\common\DayZServer\sakhal\addons\structures_sakhal.pbo' to RV filesystem
15:27:09.211 ENGINE       : FileSystem: Adding package 'G:\SteamLibrary\steamapps\common\DayZServer\@My Delta Force Weapons\addons\My_DF_Weapons_Rifles.pbo' to RV filesystem
15:27:09.211 ENGINE       : FileSystem: Adding package 'G:\SteamLibrary\steamapps\common\DayZServer\@HypeTrain\addons\structures.pbo' to RV filesystem
15:27:09.212 ENGINE       : FileSystem: Adding package 'G:\SteamLibrary\steamapps\common\DayZServer\@VPPAdminTools\addons\assets.pbo' to RV filesystem
15:27:09.212 ENGINE       : FileSystem: Adding package 'G:\SteamLibrary\steamapps\common\DayZServer\@Gerphelius_CarXFence\addons\Gerph_CarXFence_Core.pbo' to RV filesystem
15:27:09.213 ENGINE       : FileSystem: Adding package 'G:\SteamLibrary\steamapps\common\DayZServer\@Gerphelius_CarXFence\addons\Gerph_CarXFence_Main.pbo' to RV filesystem
15:27:09.213 ENGINE       : FileSystem: Adding package 'G:\SteamLibrary\steamapps\common\DayZServer\@4KBOSSKVehicles\addons\Ford_Bronco_XLT_Data.pbo' to RV filesystem
15:27:09.213 ENGINE       : FileSystem: Adding package 'G:\SteamLibrary\steamapps\common\DayZServer\@Meru_Car_Pack\addons\Dodge_Charger_Legend.pbo' to RV filesystem
15:27:09.214 ENGINE       : FileSystem: Adding package 'G:\SteamLibrary\steamapps\common\DayZServer\@CarPack\addons\Star_Jeep_Rubi_Extra.pbo' to RV filesystem
15:27:09.214 ENGINE       : FileSystem: Adding package 'G:\SteamLibrary\steamapps\common\DayZServer\addons\worlds_enoch_data.pbo' to RV filesystem
15:27:09.215 ENGINE       : FileSystem: Adding package 'G:\SteamLibrary\steamapps\common\DayZServer\@Meru_Car_Pack\addons\Brabus_Rocket_Mutant.pbo' to RV filesystem
15:27:09.215 ENGINE       : FileSystem: Adding package 'G:\SteamLibrary\steamapps\common\DayZServer\@Free_Suit_black_Rose\addons\Free_Suit_black_Rose.pbo' to RV filesystem
15:27:09.215 ENGINE       : FileSystem: Adding package 'G:\SteamLibrary\steamapps\common\DayZServer\@Meru_Car_Pack\addons\Audi_Q8_Prior_Design.pbo' to RV filesystem
15:27:09.215 ENGINE       : FileSystem: Adding package 'G:\SteamLibrary\steamapps\common\DayZServer\addons\characters_heads.pbo' to RV filesystem
15:27:09.216 ENGINE       : FileSystem: Adding package 'G:\SteamLibrary\steamapps\common\DayZServer\@CarPack\addons\Star_Rover_Defender.pbo' to RV filesystem
15:27:09.216 ENGINE       : FileSystem: Adding package 'G:\SteamLibrary\steamapps\common\DayZServer\@4KBOSSKVehicles\addons\NissanGTRNismo_Data.pbo' to RV filesystem
15:27:09.217 ENGINE       : FileSystem: Adding package 'G:\SteamLibrary\steamapps\common\DayZServer\@Meru_Car_Pack\addons\audi_rs7_supersport.pbo' to RV filesystem
15:27:09.217 ENGINE       : FileSystem: Adding package 'G:\SteamLibrary\steamapps\common\DayZServer\@4KBOSSKVehicles\addons\Nissan_Skyline_Data.pbo' to RV filesystem
15:27:09.218 ENGINE       : FileSystem: Adding package 'G:\SteamLibrary\steamapps\common\DayZServer\@Namalsk Island\addons\namalsk_navmesh.pbo' to RV filesystem
15:27:09.218 ENGINE       : FileSystem: Adding package 'G:\SteamLibrary\steamapps\common\DayZServer\@Meru_Car_Pack\addons\aston_martin_one_77.pbo' to RV filesystem
15:27:09.218 ENGINE       : FileSystem: Adding package 'G:\SteamLibrary\steamapps\common\DayZServer\addons\vehicles_wheeled.pbo' to RV filesystem
15:27:09.218 ENGINE       : FileSystem: Adding package 'G:\SteamLibrary\steamapps\common\DayZServer\@Namalsk Island\addons\namalsk_scripts.pbo' to RV filesystem
15:27:09.219 ENGINE       : FileSystem: Adding package 'G:\SteamLibrary\steamapps\common\DayZServer\@Namalsk Island\addons\namalsk_terrain.pbo' to RV filesystem
15:27:09.219 ENGINE       : FileSystem: Adding package 'G:\SteamLibrary\steamapps\common\DayZServer\sakhal\addons\worlds_sakhal_ce.pbo' to RV filesystem
15:27:09.220 ENGINE       : FileSystem: Adding package 'G:\SteamLibrary\steamapps\common\DayZServer\addons\anims_anm_player.pbo' to RV filesystem
15:27:09.220 ENGINE       : FileSystem: Adding package 'G:\SteamLibrary\steamapps\common\DayZServer\addons\anims_workspaces.pbo' to RV filesystem
15:27:09.221 ENGINE       : FileSystem: Adding package 'G:\SteamLibrary\steamapps\common\DayZServer\@Meru_Car_Pack\addons\Ford_raptor_monster.pbo' to RV filesystem
15:27:09.221 ENGINE       : FileSystem: Adding package 'G:\SteamLibrary\steamapps\common\DayZServer\addons\weapons_shotguns.pbo' to RV filesystem
15:27:09.222 ENGINE       : FileSystem: Adding package 'G:\SteamLibrary\steamapps\common\DayZServer\@Meru_Car_Pack\addons\Gelentvagen_Maybach.pbo' to RV filesystem
15:27:09.222 ENGINE       : FileSystem: Adding package 'G:\SteamLibrary\steamapps\common\DayZServer\addons\characters_belts.pbo' to RV filesystem
15:27:09.223 ENGINE       : FileSystem: Adding package 'G:\SteamLibrary\steamapps\common\DayZServer\@M110\addons\M110.pbo' to RV filesystem
15:27:09.223 ENGINE       : FileSystem: Adding package 'G:\SteamLibrary\steamapps\common\DayZServer\@MBM_UnderglowLights\addons\MBM_UnderglowLights.pbo' to RV filesystem
15:27:09.223 ENGINE       : FileSystem: Adding package 'G:\SteamLibrary\steamapps\common\DayZServer\@Blackouts Scorpion\addons\vg7_scorpion_weapon.pbo' to RV filesystem
15:27:09.224 ENGINE       : FileSystem: Adding package 'G:\SteamLibrary\steamapps\common\DayZServer\addons\characters_masks.pbo' to RV filesystem
15:27:09.224 ENGINE       : FileSystem: Adding package 'G:\SteamLibrary\steamapps\common\DayZServer\addons\characters_pants.pbo' to RV filesystem
15:27:09.225 ENGINE       : FileSystem: Adding package 'G:\SteamLibrary\steamapps\common\DayZServer\addons\characters_shoes.pbo' to RV filesystem
15:27:09.225 ENGINE       : FileSystem: Adding package 'G:\SteamLibrary\steamapps\common\DayZServer\addons\characters_vests.pbo' to RV filesystem
15:27:09.226 ENGINE       : FileSystem: Adding package 'G:\SteamLibrary\steamapps\common\DayZServer\addons\gear_consumables.pbo' to RV filesystem
15:27:09.226 ENGINE       : FileSystem: Adding package 'G:\SteamLibrary\steamapps\common\DayZServer\addons\gear_cultivation.pbo' to RV filesystem
15:27:09.226 ENGINE       : FileSystem: Adding package 'G:\SteamLibrary\steamapps\common\DayZServer\@Meru_Car_Pack\addons\rolls_Royce_offroad.pbo' to RV filesystem
15:27:09.226 ENGINE       : FileSystem: Adding package 'G:\SteamLibrary\steamapps\common\DayZServer\addons\structures_roads.pbo' to RV filesystem
15:27:09.227 ENGINE       : FileSystem: Adding package 'G:\SteamLibrary\steamapps\common\DayZServer\addons\weapons_firearms.pbo' to RV filesystem
15:27:09.227 ENGINE       : FileSystem: Adding package 'G:\SteamLibrary\steamapps\common\DayZServer\addons\structures_walls.pbo' to RV filesystem
15:27:09.228 ENGINE       : FileSystem: Adding package 'G:\SteamLibrary\steamapps\common\DayZServer\@RUSForma_vehicles\addons\Volkswagen_Golf_RUS.pbo' to RV filesystem
15:27:09.228 ENGINE       : FileSystem: Adding package 'G:\SteamLibrary\steamapps\common\DayZServer\@UniversalSuppressor\addons\UniversalSuppressor.pbo' to RV filesystem
15:27:09.229 ENGINE       : FileSystem: Adding package 'G:\SteamLibrary\steamapps\common\DayZServer\addons\structures_ruins.pbo' to RV filesystem
15:27:09.229 ENGINE       : FileSystem: Adding package 'G:\SteamLibrary\steamapps\common\DayZServer\addons\structures_signs.pbo' to RV filesystem
15:27:09.230 ENGINE       : FileSystem: Adding package 'G:\SteamLibrary\steamapps\common\DayZServer\@Meru_Car_Pack\addons\Nissan_r36_Offroad.pbo' to RV filesystem
15:27:09.230 ENGINE       : FileSystem: Adding package 'G:\SteamLibrary\steamapps\common\DayZServer\sakhal\addons\surfaces_sakhal.pbo' to RV filesystem
15:27:09.231 ENGINE       : FileSystem: Adding package 'G:\SteamLibrary\steamapps\common\DayZServer\addons\weapons_archery.pbo' to RV filesystem
15:27:09.231 ENGINE       : FileSystem: Adding package 'G:\SteamLibrary\steamapps\common\DayZServer\addons\characters_data.pbo' to RV filesystem
15:27:09.231 ENGINE       : FileSystem: Adding package 'G:\SteamLibrary\steamapps\common\DayZServer\addons\structures_rail.pbo' to RV filesystem
15:27:09.232 ENGINE       : FileSystem: Adding package 'G:\SteamLibrary\steamapps\common\DayZServer\addons\weapons_proxies.pbo' to RV filesystem
15:27:09.232 ENGINE       : FileSystem: Adding package 'G:\SteamLibrary\steamapps\common\DayZServer\@Syndicate Breaching Charge\addons\SG_BreachingCharge.pbo' to RV filesystem
15:27:09.233 ENGINE       : FileSystem: Adding package 'G:\SteamLibrary\steamapps\common\DayZServer\addons\structures_data.pbo' to RV filesystem
15:27:09.234 ENGINE       : FileSystem: Adding package 'G:\SteamLibrary\steamapps\common\DayZServer\addons\weapons_pistols.pbo' to RV filesystem
15:27:09.234 ENGINE       : FileSystem: Adding package 'G:\SteamLibrary\steamapps\common\DayZServer\addons\sounds_vehicles.pbo' to RV filesystem
15:27:09.234 ENGINE       : FileSystem: Adding package 'G:\SteamLibrary\steamapps\common\DayZServer\@My Delta Force Weapons\addons\My_DF_Weapons_Ammo.pbo' to RV filesystem
15:27:09.234 ENGINE       : FileSystem: Adding package 'G:\SteamLibrary\steamapps\common\DayZServer\@NoPants Storage Bags\addons\NoPants_StorageBag.pbo' to RV filesystem
15:27:09.235 ENGINE       : FileSystem: Adding package 'G:\SteamLibrary\steamapps\common\DayZServer\addons\characters_tops.pbo' to RV filesystem
15:27:09.235 ENGINE       : FileSystem: Adding package 'G:\SteamLibrary\steamapps\common\DayZServer\@Expansion Prototype spaceship\addons\ExpansionMi8Sample.pbo' to RV filesystem
15:27:09.236 ENGINE       : FileSystem: Adding package 'G:\SteamLibrary\steamapps\common\DayZServer\@Meru_Car_Pack\addons\jeep_gladiator_6x6.pbo' to RV filesystem
15:27:09.237 ENGINE       : FileSystem: Adding package 'G:\SteamLibrary\steamapps\common\DayZServer\@Meru_Car_Pack\addons\toyota_alphard_6x6.pbo' to RV filesystem
15:27:09.237 ENGINE       : FileSystem: Adding package 'G:\SteamLibrary\steamapps\common\DayZServer\@WindstridesClothingPack\addons\WindstrideClothing.pbo' to RV filesystem
15:27:09.237 ENGINE       : FileSystem: Adding package 'G:\SteamLibrary\steamapps\common\DayZServer\@CarPack\addons\Star_Oshkosh_M1083.pbo' to RV filesystem
15:27:09.237 ENGINE       : FileSystem: Adding package 'G:\SteamLibrary\steamapps\common\DayZServer\addons\gear_containers.pbo' to RV filesystem
15:27:09.238 ENGINE       : FileSystem: Adding package 'G:\SteamLibrary\steamapps\common\DayZServer\@CarPack\addons\Star_Mercedes_190E.pbo' to RV filesystem
15:27:09.238 ENGINE       : FileSystem: Adding package 'G:\SteamLibrary\steamapps\common\DayZServer\@4KBOSSKVehicles\addons\DodgeRam_2021_BOSS.pbo' to RV filesystem
15:27:09.239 ENGINE       : FileSystem: Adding package 'G:\SteamLibrary\steamapps\common\DayZServer\@CarPack\addons\Star_Chevrolet_Z71.pbo' to RV filesystem
15:27:09.239 ENGINE       : FileSystem: Adding package 'G:\SteamLibrary\steamapps\common\DayZServer\@SR_WeaponsPack\addons\SR_Weapons_Scripts.pbo' to RV filesystem
15:27:09.240 ENGINE       : FileSystem: Adding package 'G:\SteamLibrary\steamapps\common\DayZServer\addons\gear_navigation.pbo' to RV filesystem
15:27:09.240 ENGINE       : FileSystem: Adding package 'G:\SteamLibrary\steamapps\common\DayZServer\addons\worlds_enoch_ce.pbo' to RV filesystem
15:27:09.240 ENGINE       : FileSystem: Adding package 'G:\SteamLibrary\steamapps\common\DayZServer\@My Delta Force Weapons\addons\My_DF_Weapons_LMG.pbo' to RV filesystem
15:27:09.241 ENGINE       : FileSystem: Adding package 'G:\SteamLibrary\steamapps\common\DayZServer\addons\vehicles_parts.pbo' to RV filesystem
15:27:09.241 ENGINE       : FileSystem: Adding package 'G:\SteamLibrary\steamapps\common\DayZServer\addons\vehicles_water.pbo' to RV filesystem
15:27:09.242 ENGINE       : FileSystem: Adding package 'G:\SteamLibrary\steamapps\common\DayZServer\@Unknown Ghillie Mod\addons\UnknownGhillieMod.pbo' to RV filesystem
15:27:09.242 ENGINE       : FileSystem: Adding package 'G:\SteamLibrary\steamapps\common\DayZServer\@CarPack\addons\Dodge_Charger_EMP.pbo' to RV filesystem
15:27:09.243 ENGINE       : FileSystem: Adding package 'G:\SteamLibrary\steamapps\common\DayZServer\@[CrSk] BMW 525i E34\addons\CrSk_BMW_525i_E34.pbo' to RV filesystem
15:27:09.243 ENGINE       : FileSystem: Adding package 'G:\SteamLibrary\steamapps\common\DayZServer\@My Delta Force Weapons\addons\My_DF_Weapons_SMG.pbo' to RV filesystem
15:27:09.243 ENGINE       : FileSystem: Adding package 'G:\SteamLibrary\steamapps\common\DayZServer\@Meru_Car_Pack\addons\Ford_mustang_2024.pbo' to RV filesystem
15:27:09.244 ENGINE       : FileSystem: Adding package 'G:\SteamLibrary\steamapps\common\DayZServer\@RUSForma_vehicles\addons\artillery_tractor.pbo' to RV filesystem
15:27:09.244 ENGINE       : FileSystem: Adding package 'G:\SteamLibrary\steamapps\common\DayZServer\@4KBOSSKVehicles\addons\Lifted_Tahoe_Data.pbo' to RV filesystem
15:27:09.245 ENGINE       : FileSystem: Adding package 'G:\SteamLibrary\steamapps\common\DayZServer\@GhillieFix\addons\FTM228_GhillieFix.pbo' to RV filesystem
15:27:09.245 ENGINE       : FileSystem: Adding package 'G:\SteamLibrary\steamapps\common\DayZServer\@4KBOSSKVehicles\addons\4K_PoliceLighting.pbo' to RV filesystem
15:27:09.246 ENGINE       : FileSystem: Adding package 'G:\SteamLibrary\steamapps\common\DayZServer\@CarPack\addons\Toyota_86_RB_BOSS.pbo' to RV filesystem
15:27:09.246 ENGINE       : FileSystem: Adding package 'G:\SteamLibrary\steamapps\common\DayZServer\addons\surfaces_bliss.pbo' to RV filesystem
15:27:09.247 ENGINE       : FileSystem: Adding package 'G:\SteamLibrary\steamapps\common\DayZServer\@DayZ-Expansion\addons\gui.pbo' to RV filesystem
15:27:09.247 ENGINE       : FileSystem: Adding package 'G:\SteamLibrary\steamapps\common\DayZServer\@Dabs Framework\addons\GUI.pbo' to RV filesystem
15:27:09.248 ENGINE       : FileSystem: Adding package 'G:\SteamLibrary\steamapps\common\DayZServer\@AmmoStackBullet\addons\AmmoStacks_BySobr.pbo' to RV filesystem
15:27:09.248 ENGINE       : FileSystem: Adding package 'G:\SteamLibrary\steamapps\common\DayZServer\addons\sounds_weapons.pbo' to RV filesystem
15:27:09.248 ENGINE       : FileSystem: Adding package 'G:\SteamLibrary\steamapps\common\DayZServer\@Meru_Car_Pack\addons\audi_rsq8_offroad.pbo' to RV filesystem
15:27:09.248 ENGINE       : FileSystem: Adding package 'G:\SteamLibrary\steamapps\common\DayZServer\@My Delta Force Weapons\addons\My_DF_Weapons_DMR.pbo' to RV filesystem
15:27:09.249 ENGINE       : FileSystem: Adding package 'G:\SteamLibrary\steamapps\common\DayZServer\@RUSForma_vehicles\addons\Gaz_233002_Tiger.pbo' to RV filesystem
15:27:09.250 ENGINE       : FileSystem: Adding package 'G:\SteamLibrary\steamapps\common\DayZServer\@4KBOSSKVehicles\addons\Toyota_SupraMKIV.pbo' to RV filesystem
15:27:09.250 ENGINE       : FileSystem: Adding package 'G:\SteamLibrary\steamapps\common\DayZServer\@RUSForma_vehicles\addons\UAZ_Patrot_Pikap.pbo' to RV filesystem
15:27:09.251 ENGINE       : FileSystem: Adding package 'G:\SteamLibrary\steamapps\common\DayZServer\addons\weapons_melee.pbo' to RV filesystem
15:27:09.251 ENGINE       : FileSystem: Adding package 'G:\SteamLibrary\steamapps\common\DayZServer\@BaseBuildingPlus\addons\BaseBuildingPlus.pbo' to RV filesystem
15:27:09.251 ENGINE       : FileSystem: Adding package 'G:\SteamLibrary\steamapps\common\DayZServer\addons\vehicles_data.pbo' to RV filesystem
15:27:09.251 ENGINE       : FileSystem: Adding package 'G:\SteamLibrary\steamapps\common\DayZServer\@4KBOSSKVehicles\addons\BMW_M3_Data_BOSS.pbo' to RV filesystem
15:27:09.252 ENGINE       : FileSystem: Adding package 'G:\SteamLibrary\steamapps\common\DayZServer\@Meru_Car_Pack\addons\Nissan_GTR_Limit.pbo' to RV filesystem
15:27:09.252 ENGINE       : FileSystem: Adding package 'G:\SteamLibrary\steamapps\common\DayZServer\@Meru_Car_Pack\addons\GAZ_2410_offroad.pbo' to RV filesystem
15:27:09.253 ENGINE       : FileSystem: Adding package 'G:\SteamLibrary\steamapps\common\DayZServer\@CarPack\addons\Star_Porsche_944.pbo' to RV filesystem
15:27:09.253 ENGINE       : FileSystem: Adding package 'G:\SteamLibrary\steamapps\common\DayZServer\@RUSForma_vehicles\addons\UAZ_31519_Police.pbo' to RV filesystem
15:27:09.254 ENGINE       : FileSystem: Adding package 'G:\SteamLibrary\steamapps\common\DayZServer\@4KBOSSKVehicles\addons\Jeep_GladiatorF9.pbo' to RV filesystem
15:27:09.254 ENGINE       : FileSystem: Adding package 'G:\SteamLibrary\steamapps\common\DayZServer\@LMs Vehicle HUDs\addons\LM_Vehicles_HUDs.pbo' to RV filesystem
15:27:09.254 ENGINE       : FileSystem: Adding package 'G:\SteamLibrary\steamapps\common\DayZServer\addons\gear_crafting.pbo' to RV filesystem
15:27:09.254 ENGINE       : FileSystem: Adding package 'G:\SteamLibrary\steamapps\common\DayZServer\addons\animals_bliss.pbo' to RV filesystem
15:27:09.255 ENGINE       : FileSystem: Adding package 'G:\SteamLibrary\steamapps\common\DayZServer\@VPPAdminTools RU Translate\addons\VPPATRUTranslate.pbo' to RV filesystem
15:27:09.255 ENGINE       : FileSystem: Adding package 'G:\SteamLibrary\steamapps\common\DayZServer\@CarPack\addons\WideBody_Hellcat.pbo' to RV filesystem
15:27:09.256 ENGINE       : FileSystem: Adding package 'G:\SteamLibrary\steamapps\common\DayZServer\@RaG_Vehicle_Pack\addons\rag_vehicles.pbo' to RV filesystem
15:27:09.256 ENGINE       : FileSystem: Adding package 'G:\SteamLibrary\steamapps\common\DayZServer\@Namalsk Island\addons\namalsk_data.pbo' to RV filesystem
15:27:09.257 ENGINE       : FileSystem: Adding package 'G:\SteamLibrary\steamapps\common\DayZServer\@CarPack\addons\Star_Camaro_1969.pbo' to RV filesystem
15:27:09.257 ENGINE       : FileSystem: Adding package 'G:\SteamLibrary\steamapps\common\DayZServer\@Meru_Car_Pack\addons\bentley_bentayga.pbo' to RV filesystem
15:27:09.257 ENGINE       : FileSystem: Adding package 'G:\SteamLibrary\steamapps\common\DayZServer\@4KBOSSKVehicles\addons\Ford_Mustang_SVT.pbo' to RV filesystem
15:27:09.257 ENGINE       : FileSystem: Adding package 'G:\SteamLibrary\steamapps\common\DayZServer\@CarPack\addons\23HennesseyF150D.pbo' to RV filesystem
15:27:09.258 ENGINE       : FileSystem: Adding package 'G:\SteamLibrary\steamapps\common\DayZServer\@RUSForma_vehicles\addons\patriot_2760_RUS.pbo' to RV filesystem
15:27:09.258 ENGINE       : FileSystem: Adding package 'G:\SteamLibrary\steamapps\common\DayZServer\sakhal\addons\plants_sakhal.pbo' to RV filesystem
15:27:09.258 ENGINE       : FileSystem: Adding package 'G:\SteamLibrary\steamapps\common\DayZServer\@snegurka\addons\xdz_snegurka.pbo' to RV filesystem
15:27:09.259 ENGINE       : FileSystem: Adding package 'G:\SteamLibrary\steamapps\common\DayZServer\@HypeTrain\addons\sounds.pbo' to RV filesystem
15:27:09.260 ENGINE       : FileSystem: Adding package 'G:\SteamLibrary\steamapps\common\DayZServer\@Meru_Car_Pack\addons\Bugatti_offroad.pbo' to RV filesystem
15:27:09.260 ENGINE       : FileSystem: Adding package 'G:\SteamLibrary\steamapps\common\DayZServer\@RUSForma_vehicles\addons\UAZ_469_milicia.pbo' to RV filesystem
15:27:09.260 ENGINE       : FileSystem: Adding package 'G:\SteamLibrary\steamapps\common\DayZServer\sakhal\addons\rocks_sakhal.pbo' to RV filesystem
15:27:09.261 ENGINE       : FileSystem: Adding package 'G:\SteamLibrary\steamapps\common\DayZServer\@HypeTrain\addons\items.pbo' to RV filesystem
15:27:09.261 ENGINE       : FileSystem: Adding package 'G:\SteamLibrary\steamapps\common\DayZServer\sakhal\addons\water_sakhal.pbo' to RV filesystem
15:27:09.261 ENGINE       : FileSystem: Adding package 'G:\SteamLibrary\steamapps\common\DayZServer\addons\sounds_music.pbo' to RV filesystem
15:27:09.262 ENGINE       : FileSystem: Adding package 'G:\SteamLibrary\steamapps\common\DayZServer\@Volkswagen Passat TSI [FREE]\addons\Star_Passat_TSI.pbo' to RV filesystem
15:27:09.262 ENGINE       : FileSystem: Adding package 'G:\SteamLibrary\steamapps\common\DayZServer\@RepaireRadiator\addons\RepaireRadiator.pbo' to RV filesystem
15:27:09.263 ENGINE       : FileSystem: Adding package 'G:\SteamLibrary\steamapps\common\DayZServer\@VanillaPlusPlusMapRUS\addons\VanillaPPMapRUS.pbo' to RV filesystem
15:27:09.263 ENGINE       : FileSystem: Adding package 'G:\SteamLibrary\steamapps\common\DayZServer\@Meru_Car_Pack\addons\Aventador_LP700.pbo' to RV filesystem
15:27:09.264 ENGINE       : FileSystem: Adding package 'G:\SteamLibrary\steamapps\common\DayZServer\addons\sounds_bliss.pbo' to RV filesystem
15:27:09.264 ENGINE       : FileSystem: Adding package 'G:\SteamLibrary\steamapps\common\DayZServer\addons\weapons_data.pbo' to RV filesystem
15:27:09.265 ENGINE       : FileSystem: Adding package 'G:\SteamLibrary\steamapps\common\DayZServer\addons\weapons_misc.pbo' to RV filesystem
15:27:09.265 ENGINE       : FileSystem: Adding package 'G:\SteamLibrary\steamapps\common\DayZServer\@4KBOSSKVehicles\addons\Porsche_911_GT3.pbo' to RV filesystem
15:27:09.265 ENGINE       : FileSystem: Adding package 'G:\SteamLibrary\steamapps\common\DayZServer\@CarPack\addons\Huracan_Tecnica.pbo' to RV filesystem
15:27:09.265 ENGINE       : FileSystem: Adding package 'G:\SteamLibrary\steamapps\common\DayZServer\@4KBOSSKVehicles\addons\BMW_M5g90_Sadan.pbo' to RV filesystem
15:27:09.266 ENGINE       : FileSystem: Adding package 'G:\SteamLibrary\steamapps\common\DayZServer\@RUSForma_vehicles\addons\tractor_UMZ_RUS.pbo' to RV filesystem
15:27:09.266 ENGINE       : FileSystem: Adding package 'G:\SteamLibrary\steamapps\common\DayZServer\@RUSForma_vehicles\addons\RUSForma_wheels.pbo' to RV filesystem
15:27:09.267 ENGINE       : FileSystem: Adding package 'G:\SteamLibrary\steamapps\common\DayZServer\@CarPack\addons\Star_Car_Crates.pbo' to RV filesystem
15:27:09.267 ENGINE       : FileSystem: Adding package 'G:\SteamLibrary\steamapps\common\DayZServer\addons\plants_bliss.pbo' to RV filesystem
15:27:09.268 ENGINE       : FileSystem: Adding package 'G:\SteamLibrary\steamapps\common\DayZServer\@Storage Unlocked\addons\StorageUnlocked.pbo' to RV filesystem
15:27:09.268 ENGINE       : FileSystem: Adding package 'G:\SteamLibrary\steamapps\common\DayZServer\addons\gear_camping.pbo' to RV filesystem
15:27:09.268 ENGINE       : FileSystem: Adding package 'G:\SteamLibrary\steamapps\common\DayZServer\@4KBOSSKVehicles\addons\Ford_Bronco_XLT.pbo' to RV filesystem
15:27:09.268 ENGINE       : FileSystem: Adding package 'G:\SteamLibrary\steamapps\common\DayZServer\addons\gear_medical.pbo' to RV filesystem
15:27:09.269 ENGINE       : FileSystem: Adding package 'G:\SteamLibrary\steamapps\common\DayZServer\addons\gear_cooking.pbo' to RV filesystem
15:27:09.269 ENGINE       : FileSystem: Adding package 'G:\SteamLibrary\steamapps\common\DayZServer\@Meru_Car_Pack\addons\Patreot_offroad.pbo' to RV filesystem
15:27:09.270 ENGINE       : FileSystem: Adding package 'G:\SteamLibrary\steamapps\common\DayZServer\@GAZ 66 SHISHIGA\addons\savage_shishiga.pbo' to RV filesystem
15:27:09.271 ENGINE       : FileSystem: Adding package 'G:\SteamLibrary\steamapps\common\DayZServer\@Meru_Car_Pack\addons\Lada_niva_2329.pbo' to RV filesystem
15:27:09.271 ENGINE       : FileSystem: Adding package 'G:\SteamLibrary\steamapps\common\DayZServer\@CarPack\addons\Star_APC_Cobra.pbo' to RV filesystem
15:27:09.271 ENGINE       : FileSystem: Adding package 'G:\SteamLibrary\steamapps\common\DayZServer\addons\gear_optics.pbo' to RV filesystem
15:27:09.271 ENGINE       : FileSystem: Adding package 'G:\SteamLibrary\steamapps\common\DayZServer\addons\modules_dayz.pbo' to RV filesystem
15:27:09.272 ENGINE       : FileSystem: Adding package 'G:\SteamLibrary\steamapps\common\DayZServer\@4KBOSSKVehicles\addons\Kamaz_TyphoonK.pbo' to RV filesystem
15:27:09.272 ENGINE       : FileSystem: Adding package 'G:\SteamLibrary\steamapps\common\DayZServer\@4KBOSSKVehicles\addons\MotorHome_BOSS.pbo' to RV filesystem
15:27:09.273 ENGINE       : FileSystem: Adding package 'G:\SteamLibrary\steamapps\common\DayZServer\@4KBOSSKVehicles\addons\NissanGTRNismo.pbo' to RV filesystem
15:27:09.273 ENGINE       : FileSystem: Adding package 'G:\SteamLibrary\steamapps\common\DayZServer\@RUSForma_vehicles\addons\GAZ_3110_volga.pbo' to RV filesystem
15:27:09.273 ENGINE       : FileSystem: Adding package 'G:\SteamLibrary\steamapps\common\DayZServer\@4KBOSSKVehicles\addons\Nissan_Skyline.pbo' to RV filesystem
15:27:09.274 ENGINE       : FileSystem: Adding package 'G:\SteamLibrary\steamapps\common\DayZServer\@Meru_Car_Pack\addons\audi_rs6_avant.pbo' to RV filesystem
15:27:09.274 ENGINE       : FileSystem: Adding package 'G:\SteamLibrary\steamapps\common\DayZServer\@CarPack\addons\Star_Hummer_H1.pbo' to RV filesystem
15:27:09.275 ENGINE       : FileSystem: Adding package 'G:\SteamLibrary\steamapps\common\DayZServer\@Expansion Ka52\addons\Expansion_Ka52.pbo' to RV filesystem
15:27:09.275 ENGINE       : FileSystem: Adding package 'G:\SteamLibrary\steamapps\common\DayZServer\@RUSForma_vehicles\addons\UAZ_27722_mchs.pbo' to RV filesystem
15:27:09.275 ENGINE       : FileSystem: Adding package 'G:\SteamLibrary\steamapps\common\DayZServer\addons\rocks_bliss.pbo' to RV filesystem
15:27:09.276 ENGINE       : FileSystem: Adding package 'G:\SteamLibrary\steamapps\common\DayZServer\@4KBOSSKVehicles\addons\Unmarked_Tahoe.pbo' to RV filesystem
15:27:09.276 ENGINE       : FileSystem: Adding package 'G:\SteamLibrary\steamapps\common\DayZServer\@LMs Helicopter Flight Systems\addons\LM_Helicopters.pbo' to RV filesystem
15:27:09.277 ENGINE       : FileSystem: Adding package 'G:\SteamLibrary\steamapps\common\DayZServer\@HypeTrain\addons\core.pbo' to RV filesystem
15:27:09.277 ENGINE       : FileSystem: Adding package 'G:\SteamLibrary\steamapps\common\DayZServer\@Meru_Car_Pack\addons\PAZ_bandit_8x8.pbo' to RV filesystem
15:27:09.278 ENGINE       : FileSystem: Adding package 'G:\SteamLibrary\steamapps\common\DayZServer\@VPPAdminTools\addons\VPPStaticItems.pbo' to RV filesystem
15:27:09.278 ENGINE       : FileSystem: Adding package 'G:\SteamLibrary\steamapps\common\DayZServer\@RUSForma_vehicles\addons\UAZ_469_Hunter.pbo' to RV filesystem
15:27:09.278 ENGINE       : FileSystem: Adding package 'G:\SteamLibrary\steamapps\common\DayZServer\@CarPack\addons\Armada_BearCat.pbo' to RV filesystem
15:27:09.279 ENGINE       : FileSystem: Adding package 'G:\SteamLibrary\steamapps\common\DayZServer\@AutoCarFlip\addons\HB_FlipVehicle.pbo' to RV filesystem
15:27:09.280 ENGINE       : FileSystem: Adding package 'G:\SteamLibrary\steamapps\common\DayZServer\addons\gear_drinks.pbo' to RV filesystem
15:27:09.280 ENGINE       : FileSystem: Adding package 'G:\SteamLibrary\steamapps\common\DayZServer\sakhal\addons\data_sakhal.pbo' to RV filesystem
15:27:09.281 ENGINE       : FileSystem: Adding package 'G:\SteamLibrary\steamapps\common\DayZServer\@CarPack\addons\x5mcompetition.pbo' to RV filesystem
15:27:09.281 ENGINE       : FileSystem: Adding package 'G:\SteamLibrary\steamapps\common\DayZServer\addons\water_bliss.pbo' to RV filesystem
15:27:09.281 ENGINE       : FileSystem: Adding package 'G:\SteamLibrary\steamapps\common\DayZServer\@4KBOSSKVehicles\addons\GMC_BOSS_Data.pbo' to RV filesystem
15:27:09.281 ENGINE       : FileSystem: Adding package 'G:\SteamLibrary\steamapps\common\DayZServer\@CF\addons\scripts.pbo' to RV filesystem
15:27:09.282 ENGINE       : FileSystem: Adding package 'G:\SteamLibrary\steamapps\common\DayZServer\@Bed-Respawning\addons\BedRespawning.pbo' to RV filesystem
15:27:09.282 ENGINE       : FileSystem: Adding package 'G:\SteamLibrary\steamapps\common\DayZServer\@Namalsk Island\addons\ns_sounds.pbo' to RV filesystem
15:27:09.283 ENGINE       : FileSystem: Adding package 'G:\SteamLibrary\steamapps\common\DayZServer\@Namalsk Island\addons\ns_plants.pbo' to RV filesystem
15:27:09.284 ENGINE       : FileSystem: Adding package 'G:\SteamLibrary\steamapps\common\DayZServer\@Radash_namber\addons\Radash_namber.pbo' to RV filesystem
15:27:09.284 ENGINE       : FileSystem: Adding package 'G:\SteamLibrary\steamapps\common\DayZServer\@SNAFU Weapons\addons\SNAFU_Guns_06.pbo' to RV filesystem
15:27:09.284 ENGINE       : FileSystem: Adding package 'G:\SteamLibrary\steamapps\common\DayZServer\@VPPAdminTools\addons\VPPAdminTools.pbo' to RV filesystem
15:27:09.284 ENGINE       : FileSystem: Adding package 'G:\SteamLibrary\steamapps\common\DayZServer\@[CnG]UAZ_31514\addons\CnG_UAZ_31514.pbo' to RV filesystem
15:27:09.285 ENGINE       : FileSystem: Adding package 'G:\SteamLibrary\steamapps\common\DayZServer\@RUSForma_vehicles\addons\URAL_375_1964.pbo' to RV filesystem
15:27:09.285 ENGINE       : FileSystem: Adding package 'G:\SteamLibrary\steamapps\common\DayZServer\@SNAFU Weapons\addons\SNAFU_Scripts.pbo' to RV filesystem
15:27:09.286 ENGINE       : FileSystem: Adding package 'G:\SteamLibrary\steamapps\common\DayZServer\addons\sounds_hpp.pbo' to RV filesystem
15:27:09.286 ENGINE       : FileSystem: Adding package 'G:\SteamLibrary\steamapps\common\DayZServer\@[CrSk] VAZ-2107\addons\CrSk_VAZ_2107.pbo' to RV filesystem
15:27:09.287 ENGINE       : FileSystem: Adding package 'G:\SteamLibrary\steamapps\common\DayZServer\@Survivor Animations\addons\SurvivorAnims.pbo' to RV filesystem
15:27:09.287 ENGINE       : FileSystem: Adding package 'G:\SteamLibrary\steamapps\common\DayZServer\addons\gear_traps.pbo' to RV filesystem
15:27:09.287 ENGINE       : FileSystem: Adding package 'G:\SteamLibrary\steamapps\common\DayZServer\addons\gear_tools.pbo' to RV filesystem
15:27:09.288 ENGINE       : FileSystem: Adding package 'G:\SteamLibrary\steamapps\common\DayZServer\addons\gear_radio.pbo' to RV filesystem
15:27:09.288 ENGINE       : FileSystem: Adding package 'G:\SteamLibrary\steamapps\common\DayZServer\@Meru_Car_Pack\addons\Hammer_H1_6x6.pbo' to RV filesystem
15:27:09.289 ENGINE       : FileSystem: Adding package 'G:\SteamLibrary\steamapps\common\DayZServer\@Unknown Ghillie Mod\addons\CamoNetPoncho.pbo' to RV filesystem
15:27:09.289 ENGINE       : FileSystem: Adding package 'G:\SteamLibrary\steamapps\common\DayZServer\@RUSForma_vehicles\addons\ZIL133_double.pbo' to RV filesystem
15:27:09.290 ENGINE       : FileSystem: Adding package 'G:\SteamLibrary\steamapps\common\DayZServer\@Umbrella Clothing Admin\addons\umbrellaadmin.pbo' to RV filesystem
15:27:09.291 ENGINE       : FileSystem: Adding package 'G:\SteamLibrary\steamapps\common\DayZServer\@RUSForma_vehicles\addons\GAZ_13_Chaika.pbo' to RV filesystem
15:27:09.291 ENGINE       : FileSystem: Adding package 'G:\SteamLibrary\steamapps\common\DayZServer\@CF\addons\legacy.pbo' to RV filesystem
15:27:09.291 ENGINE       : FileSystem: Adding package 'G:\SteamLibrary\steamapps\common\DayZServer\@CarPack\addons\Star_Golf_MK1.pbo' to RV filesystem
15:27:09.292 ENGINE       : FileSystem: Adding package 'G:\SteamLibrary\steamapps\common\DayZServer\@SNAFU Weapons\addons\SNAFU_Guns_05.pbo' to RV filesystem
15:27:09.292 ENGINE       : FileSystem: Adding package 'G:\SteamLibrary\steamapps\common\DayZServer\@SNAFU Weapons\addons\SNAFU_Guns_03.pbo' to RV filesystem
15:27:09.293 ENGINE       : FileSystem: Adding package 'G:\SteamLibrary\steamapps\common\DayZServer\@RUSForma_vehicles\addons\Gecko_ATV_RUS.pbo' to RV filesystem
15:27:09.293 ENGINE       : FileSystem: Adding package 'G:\SteamLibrary\steamapps\common\DayZServer\addons\data_bliss.pbo' to RV filesystem
15:27:09.294 ENGINE       : FileSystem: Adding package 'G:\SteamLibrary\steamapps\common\DayZServer\@SNAFU Weapons\addons\SNAFU_Guns_02.pbo' to RV filesystem
15:27:09.294 ENGINE       : FileSystem: Adding package 'G:\SteamLibrary\steamapps\common\DayZServer\@SNAFU Weapons\addons\SNAFU_Guns_01.pbo' to RV filesystem
15:27:09.294 ENGINE       : FileSystem: Adding package 'G:\SteamLibrary\steamapps\common\DayZServer\@RUSForma_vehicles\addons\kamaz_4310RUS.pbo' to RV filesystem
15:27:09.294 ENGINE       : FileSystem: Adding package 'G:\SteamLibrary\steamapps\common\DayZServer\addons\gear_books.pbo' to RV filesystem
15:27:09.295 ENGINE       : FileSystem: Adding package 'G:\SteamLibrary\steamapps\common\DayZServer\@RUSForma_vehicles\addons\IJ_2125_Kombi.pbo' to RV filesystem
15:27:09.295 ENGINE       : FileSystem: Adding package 'G:\SteamLibrary\steamapps\common\DayZServer\@4KBOSSKVehicles\addons\DodgeRam_3500.pbo' to RV filesystem
15:27:09.296 ENGINE       : FileSystem: Adding package 'G:\SteamLibrary\steamapps\common\DayZServer\@CarPack\addons\Star_Audi_RS5.pbo' to RV filesystem
15:27:09.296 ENGINE       : FileSystem: Adding package 'G:\SteamLibrary\steamapps\common\DayZServer\@CarPack\addons\Star_BMW_G81.pbo' to RV filesystem
15:27:09.297 ENGINE       : FileSystem: Adding package 'G:\SteamLibrary\steamapps\common\DayZServer\@BMW E38 [FREE]\addons\Star_BMW_E38.pbo' to RV filesystem
15:27:09.297 ENGINE       : FileSystem: Adding package 'G:\SteamLibrary\steamapps\common\DayZServer\@CarPack\addons\Star_Audi_R8.pbo' to RV filesystem
15:27:09.298 ENGINE       : FileSystem: Adding package 'G:\SteamLibrary\steamapps\common\DayZServer\@SnowClothing\addons\SnowClothing.pbo' to RV filesystem
15:27:09.298 ENGINE       : FileSystem: Adding package 'G:\SteamLibrary\steamapps\common\DayZServer\@RUSForma_vehicles\addons\LadaNiva2329.pbo' to RV filesystem
15:27:09.298 ENGINE       : FileSystem: Adding package 'G:\SteamLibrary\steamapps\common\DayZServer\@CarPack\addons\Armada_plate.pbo' to RV filesystem
15:27:09.299 ENGINE       : FileSystem: Adding package 'G:\SteamLibrary\steamapps\common\DayZServer\@JosiesHiluxZ\addons\JosiesHiluxZ.pbo' to RV filesystem
15:27:09.299 ENGINE       : FileSystem: Adding package 'G:\SteamLibrary\steamapps\common\DayZServer\@SR_WeaponsPack\addons\SR_WeaponsV2.pbo' to RV filesystem
15:27:09.300 ENGINE       : FileSystem: Adding package 'G:\SteamLibrary\steamapps\common\DayZServer\@Namalsk Survival\addons\ns_music.pbo' to RV filesystem
15:27:09.300 ENGINE       : FileSystem: Adding package 'G:\SteamLibrary\steamapps\common\DayZServer\addons\gear_food.pbo' to RV filesystem
15:27:09.301 ENGINE       : FileSystem: Adding package 'G:\SteamLibrary\steamapps\common\DayZServer\@RUSForma_vehicles\addons\VAZ_2105_RUS.pbo' to RV filesystem
15:27:09.301 ENGINE       : FileSystem: Adding package 'G:\SteamLibrary\steamapps\common\DayZServer\@4KBOSSKVehicles\addons\Audi_RS6_ABT.pbo' to RV filesystem
15:27:09.301 ENGINE       : FileSystem: Adding package 'G:\SteamLibrary\steamapps\common\DayZServer\@dodge_rust_Z_radash\addons\dodge_rust_Z.pbo' to RV filesystem
15:27:09.302 ENGINE       : FileSystem: Adding package 'G:\SteamLibrary\steamapps\common\DayZServer\@4KBOSSKVehicles\addons\Lifted_Tahoe.pbo' to RV filesystem
15:27:09.302 ENGINE       : FileSystem: Adding package 'G:\SteamLibrary\steamapps\common\DayZServer\@CarPack\addons\chevelle1970.pbo' to RV filesystem
15:27:09.303 ENGINE       : FileSystem: Adding package 'G:\SteamLibrary\steamapps\common\DayZServer\@VanillaPlusPlusMap\addons\VanillaPPMap.pbo' to RV filesystem
15:27:09.303 ENGINE       : FileSystem: Adding package 'G:\SteamLibrary\steamapps\common\DayZServer\@Meru_Car_Pack\addons\Volga_pickup.pbo' to RV filesystem
15:27:09.303 ENGINE       : FileSystem: Adding package 'G:\SteamLibrary\steamapps\common\DayZServer\@SNAFU Weapons\addons\SNAFU_Scopes.pbo' to RV filesystem
15:27:09.303 ENGINE       : FileSystem: Adding package 'G:\SteamLibrary\steamapps\common\DayZServer\@Meru_Car_Pack\addons\UAZ_452_Next.pbo' to RV filesystem
15:27:09.304 ENGINE       : FileSystem: Adding package 'G:\SteamLibrary\steamapps\common\DayZServer\@Meru_Car_Pack\addons\shelby_gt500.pbo' to RV filesystem
15:27:09.304 ENGINE       : FileSystem: Adding package 'G:\SteamLibrary\steamapps\common\DayZServer\addons\anims_cfg.pbo' to RV filesystem
15:27:09.305 ENGINE       : FileSystem: Adding package 'G:\SteamLibrary\steamapps\common\DayZServer\@Armored Vehicle Pack\addons\Jeep_Wnagler.pbo' to RV filesystem
15:27:09.306 ENGINE       : FileSystem: Adding package 'G:\SteamLibrary\steamapps\common\DayZServer\@RUSForma_vehicles\addons\ZIL_130_ac40.pbo' to RV filesystem
15:27:09.307 ENGINE       : FileSystem: Adding package 'G:\SteamLibrary\steamapps\common\DayZServer\@RUSForma_vehicles\addons\UAZ_469_army.pbo' to RV filesystem
15:27:09.307 ENGINE       : FileSystem: Adding package 'G:\SteamLibrary\steamapps\common\DayZServer\@4KBOSSKVehicles\addons\ToyotaRunner.pbo' to RV filesystem
15:27:09.307 ENGINE       : FileSystem: Adding package 'G:\SteamLibrary\steamapps\common\DayZServer\@RUSForma_vehicles\addons\moskvich_407.pbo' to RV filesystem
15:27:09.307 ENGINE       : FileSystem: Adding package 'G:\SteamLibrary\steamapps\common\DayZServer\dta\languagecore.pbo' to RV filesystem
15:27:09.308 ENGINE       : FileSystem: Adding package 'G:\SteamLibrary\steamapps\common\DayZServer\addons\sounds_ai.pbo' to RV filesystem
15:27:09.308 ENGINE       : FileSystem: Adding package 'G:\SteamLibrary\steamapps\common\DayZServer\@Blackouts Scorpion\addons\vg7_scorpion.pbo' to RV filesystem
15:27:09.309 ENGINE       : FileSystem: Adding package 'G:\SteamLibrary\steamapps\common\DayZServer\@Meru_Car_Pack\addons\Ford_raptor.pbo' to RV filesystem
15:27:09.309 ENGINE       : FileSystem: Adding package 'G:\SteamLibrary\steamapps\common\DayZServer\addons\ai_bliss.pbo' to RV filesystem
15:27:09.310 ENGINE       : FileSystem: Adding package 'G:\SteamLibrary\steamapps\common\DayZServer\@[CnG]VAZ_2109\addons\CnG_VAZ2109.pbo' to RV filesystem
15:27:09.310 ENGINE       : FileSystem: Adding package 'G:\SteamLibrary\steamapps\common\DayZServer\@4KBOSSKVehicles\addons\Audi_R8_v10.pbo' to RV filesystem
15:27:09.311 ENGINE       : FileSystem: Adding package 'G:\SteamLibrary\steamapps\common\DayZServer\@[CnG]UAZ_452\addons\CnG_UAZ_452.pbo' to RV filesystem
15:27:09.311 ENGINE       : FileSystem: Adding package 'G:\SteamLibrary\steamapps\common\DayZServer\@RUSForma_vehicles\addons\airboat_RUS.pbo' to RV filesystem
15:27:09.311 ENGINE       : FileSystem: Adding package 'G:\SteamLibrary\steamapps\common\DayZServer\@RUSForma_vehicles\addons\AZLK_2141RF.pbo' to RV filesystem
15:27:09.311 ENGINE       : FileSystem: Adding package 'G:\SteamLibrary\steamapps\common\DayZServer\@Armored Vehicle Pack\addons\Glowler_ITV.pbo' to RV filesystem
15:27:09.313 ENGINE       : FileSystem: Adding package 'G:\SteamLibrary\steamapps\common\DayZServer\@Mercedes-Benz AMG G63 W463\addons\JGC_G63W463.pbo' to RV filesystem
15:27:09.313 ENGINE       : FileSystem: Adding package 'G:\SteamLibrary\steamapps\common\DayZServer\@RUSForma_vehicles\addons\GAZ21_Volga.pbo' to RV filesystem
15:27:09.314 ENGINE       : FileSystem: Adding package 'G:\SteamLibrary\steamapps\common\DayZServer\@Meru_Car_Pack\addons\Armored_bus.pbo' to RV filesystem
15:27:09.314 ENGINE       : FileSystem: Adding package 'G:\SteamLibrary\steamapps\common\DayZServer\@Meru_Car_Pack\addons\AMC_Javelin.pbo' to RV filesystem
15:27:09.314 ENGINE       : FileSystem: Adding package 'G:\SteamLibrary\steamapps\common\DayZServer\@CarPack\addons\BelAirChevy.pbo' to RV filesystem
15:27:09.314 ENGINE       : FileSystem: Adding package 'G:\SteamLibrary\steamapps\common\DayZServer\@RUSForma_vehicles\addons\vaz_2106_RF.pbo' to RV filesystem
15:27:09.315 ENGINE       : FileSystem: Adding package 'G:\SteamLibrary\steamapps\common\DayZServer\@Backpack Wings\addons\LS_Textures.pbo' to RV filesystem
15:27:09.316 ENGINE       : FileSystem: Adding package 'G:\SteamLibrary\steamapps\common\DayZServer\@RUSForma_vehicles\addons\ZIL_157_rus.pbo' to RV filesystem
15:27:09.316 ENGINE       : FileSystem: Adding package 'G:\SteamLibrary\steamapps\common\DayZServer\@BaseBuildingPlus\addons\BBP_keybind.pbo' to RV filesystem
15:27:09.317 ENGINE       : FileSystem: Adding package 'G:\SteamLibrary\steamapps\common\DayZServer\@4KBOSSKVehicles\addons\BMW_M3_BOSS.pbo' to RV filesystem
15:27:09.317 ENGINE       : FileSystem: Adding package 'G:\SteamLibrary\steamapps\common\DayZServer\@Namalsk Survival\addons\ns_dayz.pbo' to RV filesystem
15:27:09.317 ENGINE       : FileSystem: Adding package 'G:\SteamLibrary\steamapps\common\DayZServer\@RUSForma_vehicles\addons\VAZ_2109_RF.pbo' to RV filesystem
15:27:09.318 ENGINE       : FileSystem: Adding package 'G:\SteamLibrary\steamapps\common\DayZServer\addons\surfaces.pbo' to RV filesystem
15:27:09.318 ENGINE       : FileSystem: Adding package 'G:\SteamLibrary\steamapps\common\DayZServer\@GhillieBand\addons\Ghillieband.pbo' to RV filesystem
15:27:09.318 ENGINE       : FileSystem: Adding package 'G:\SteamLibrary\steamapps\common\DayZServer\@GunnerTruckOshkosh\addons\GunnerTruck.pbo' to RV filesystem
15:27:09.319 ENGINE       : FileSystem: Adding package 'G:\SteamLibrary\steamapps\common\DayZServer\@Armored Vehicle Pack\addons\MRAP_Cougar.pbo' to RV filesystem
15:27:09.319 ENGINE       : FileSystem: Adding package 'G:\SteamLibrary\steamapps\common\DayZServer\@Tactical Flava\addons\clothing_a.pbo' to RV filesystem
15:27:09.320 ENGINE       : FileSystem: Adding package 'G:\SteamLibrary\steamapps\common\DayZServer\@Armored Vehicle Pack\addons\LAPV_green.pbo' to RV filesystem
15:27:09.320 ENGINE       : FileSystem: Adding package 'G:\SteamLibrary\steamapps\common\DayZServer\@RUSForma_vehicles\addons\VAZ_2107RF.pbo' to RV filesystem
15:27:09.321 ENGINE       : FileSystem: Adding package 'G:\SteamLibrary\steamapps\common\DayZServer\@AI Bandits\addons\AI_Bandits.pbo' to RV filesystem
15:27:09.321 ENGINE       : FileSystem: Adding package 'G:\SteamLibrary\steamapps\common\DayZServer\@CarPack\addons\taxi_plate.pbo' to RV filesystem
15:27:09.322 ENGINE       : FileSystem: Adding package 'G:\SteamLibrary\steamapps\common\DayZServer\@RUSForma_vehicles\addons\LIAZ_677RF.pbo' to RV filesystem
15:27:09.322 ENGINE       : FileSystem: Adding package 'G:\SteamLibrary\steamapps\common\DayZServer\@DayZ Horse\addons\dayz_horse.pbo' to RV filesystem
15:27:09.322 ENGINE       : FileSystem: Adding package 'G:\SteamLibrary\steamapps\common\DayZServer\@Meru_Car_Pack\addons\bmw_x7_6x6.pbo' to RV filesystem
15:27:09.323 ENGINE       : FileSystem: Adding package 'G:\SteamLibrary\steamapps\common\DayZServer\@Zens Core Mod\addons\ZenModCore.pbo' to RV filesystem
15:27:09.323 ENGINE       : FileSystem: Adding package 'G:\SteamLibrary\steamapps\common\DayZServer\@4KBOSSKVehicles\addons\Civic_Data.pbo' to RV filesystem
15:27:09.324 ENGINE       : FileSystem: Adding package 'G:\SteamLibrary\steamapps\common\DayZServer\@RUSForma_vehicles\addons\VAZ_21099R.pbo' to RV filesystem
15:27:09.324 ENGINE       : FileSystem: Adding package 'G:\SteamLibrary\steamapps\common\DayZServer\@RUSForma_vehicles\addons\KAVZ685_RF.pbo' to RV filesystem
15:27:09.325 ENGINE       : FileSystem: Adding package 'G:\SteamLibrary\steamapps\common\DayZServer\@SNAFU Weapons\addons\SNAFU_Guns.pbo' to RV filesystem
15:27:09.325 ENGINE       : FileSystem: Adding package 'G:\SteamLibrary\steamapps\common\DayZServer\addons\animals.pbo' to RV filesystem
15:27:09.325 ENGINE       : FileSystem: Adding package 'G:\SteamLibrary\steamapps\common\DayZServer\@SetNaemnic\addons\SetNaemnic.pbo' to RV filesystem
15:27:09.326 ENGINE       : FileSystem: Adding package 'G:\SteamLibrary\steamapps\common\DayZServer\@RUSForma_vehicles\addons\ij_2715_RF.pbo' to RV filesystem
15:27:09.326 ENGINE       : FileSystem: Adding package 'G:\SteamLibrary\steamapps\common\DayZServer\@Tactical Flava\addons\grenades_a.pbo' to RV filesystem
15:27:09.327 ENGINE       : FileSystem: Adding package 'G:\SteamLibrary\steamapps\common\DayZServer\@Meru_Car_Pack\addons\Niva_Urban.pbo' to RV filesystem
15:27:09.327 ENGINE       : FileSystem: Adding package 'G:\SteamLibrary\steamapps\common\DayZServer\@CarPack\addons\Star_Agera.pbo' to RV filesystem
15:27:09.328 ENGINE       : FileSystem: Adding package 'G:\SteamLibrary\steamapps\common\DayZServer\@SR_WeaponsPack\addons\SR_Weapons.pbo' to RV filesystem
15:27:09.328 ENGINE       : FileSystem: Adding package 'G:\SteamLibrary\steamapps\common\DayZServer\@RUSForma_vehicles\addons\VAZ_2104RF.pbo' to RV filesystem
15:27:09.328 ENGINE       : FileSystem: Adding package 'G:\SteamLibrary\steamapps\common\DayZServer\@RUSForma_vehicles\addons\GAZ_69_rus.pbo' to RV filesystem
15:27:09.329 ENGINE       : FileSystem: Adding package 'G:\SteamLibrary\steamapps\common\DayZServer\@CarPack\addons\pofirebird.pbo' to RV filesystem
15:27:09.329 ENGINE       : FileSystem: Adding package 'G:\SteamLibrary\steamapps\common\DayZServer\@MBM_GoKart\addons\MBM_GoKart.pbo' to RV filesystem
15:27:09.330 ENGINE       : FileSystem: Adding package 'G:\SteamLibrary\steamapps\common\DayZServer\@RUSForma_vehicles\addons\F1_Pickup.pbo' to RV filesystem
15:27:09.331 ENGINE       : FileSystem: Adding package 'G:\SteamLibrary\steamapps\common\DayZServer\@GAZ_Tigr_FIXED\addons\mike_Tigr.pbo' to RV filesystem
15:27:09.331 ENGINE       : FileSystem: Adding package 'G:\SteamLibrary\steamapps\common\DayZServer\@Loot Barrel Transfer\addons\BarrelFIX.pbo' to RV filesystem
15:27:09.331 ENGINE       : FileSystem: Adding package 'G:\SteamLibrary\steamapps\common\DayZServer\@RUSForma_vehicles\addons\GAZ_33081.pbo' to RV filesystem
15:27:09.331 ENGINE       : FileSystem: Adding package 'G:\SteamLibrary\steamapps\common\DayZServer\@Armored Vehicle Pack\addons\LAPV_camo.pbo' to RV filesystem
15:27:09.332 ENGINE       : FileSystem: Adding package 'G:\SteamLibrary\steamapps\common\DayZServer\@CarPack\addons\A_Charger.pbo' to RV filesystem
15:27:09.332 ENGINE       : FileSystem: Adding package 'G:\SteamLibrary\steamapps\common\DayZServer\@RUSForma_vehicles\addons\UAZ_33094.pbo' to RV filesystem
15:27:09.333 ENGINE       : FileSystem: Adding package 'G:\SteamLibrary\steamapps\common\DayZServer\addons\server_data.pbo' to RV filesystem
15:27:09.333 ENGINE       : FileSystem: Adding package 'G:\SteamLibrary\steamapps\common\DayZServer\@CarPack\addons\a_Mustang.pbo' to RV filesystem
15:27:09.334 ENGINE       : FileSystem: Adding package 'G:\SteamLibrary\steamapps\common\DayZServer\addons\plants.pbo' to RV filesystem
15:27:09.334 ENGINE       : FileSystem: Adding package 'G:\SteamLibrary\steamapps\common\DayZServer\@Meru_Car_Pack\addons\Ural_2022.pbo' to RV filesystem
15:27:09.334 ENGINE       : FileSystem: Adding package 'G:\SteamLibrary\steamapps\common\DayZServer\@Meru_Car_Pack\addons\azov_4220.pbo' to RV filesystem
15:27:09.334 ENGINE       : FileSystem: Adding package 'G:\SteamLibrary\steamapps\common\DayZServer\@SNAFU Weapons\addons\GCGN_Guns.pbo' to RV filesystem
15:27:09.335 ENGINE       : FileSystem: Adding package 'G:\SteamLibrary\steamapps\common\DayZServer\@CarPack\addons\Star_Enzo.pbo' to RV filesystem
15:27:09.335 ENGINE       : FileSystem: Adding package 'G:\SteamLibrary\steamapps\common\DayZServer\@Meru_Car_Pack\addons\IZH_27175.pbo' to RV filesystem
15:27:09.336 ENGINE       : FileSystem: Adding package 'G:\SteamLibrary\steamapps\common\DayZServer\@SNAFU Weapons\addons\SNAFU_WW2.pbo' to RV filesystem
15:27:09.336 ENGINE       : FileSystem: Adding package 'G:\SteamLibrary\steamapps\common\DayZServer\@Slot for Ghillie\addons\body_slot.pbo' to RV filesystem
15:27:09.337 ENGINE       : FileSystem: Adding package 'G:\SteamLibrary\steamapps\common\DayZServer\@RUSForma_vehicles\addons\Kraz_255B.pbo' to RV filesystem
15:27:09.337 ENGINE       : FileSystem: Adding package 'G:\SteamLibrary\steamapps\common\DayZServer\@[Remastered] Arma Weapon Pack\addons\A2Weapons.pbo' to RV filesystem
15:27:09.338 ENGINE       : FileSystem: Adding package 'G:\SteamLibrary\steamapps\common\DayZServer\@CF\addons\gui.pbo' to RV filesystem
15:27:09.338 ENGINE       : FileSystem: Adding package 'G:\SteamLibrary\steamapps\common\DayZServer\@SuppressorHealth\addons\Suppressor.pbo' to RV filesystem
15:27:09.338 ENGINE       : FileSystem: Adding package 'G:\SteamLibrary\steamapps\common\DayZServer\@Code Lock\addons\CodeLock.pbo' to RV filesystem
15:27:09.338 ENGINE       : FileSystem: Adding package 'G:\SteamLibrary\steamapps\common\DayZServer\@RUSForma_vehicles\addons\LUAZ_969.pbo' to RV filesystem
15:27:09.339 ENGINE       : FileSystem: Adding package 'G:\SteamLibrary\steamapps\common\DayZServer\@Zens Sleeping Mod\addons\ZenSleep.pbo' to RV filesystem
15:27:09.339 ENGINE       : FileSystem: Adding package 'G:\SteamLibrary\steamapps\common\DayZServer\@Meru_Car_Pack\addons\Niva_028.pbo' to RV filesystem
15:27:09.340 ENGINE       : FileSystem: Adding package 'G:\SteamLibrary\steamapps\common\DayZServer\addons\water.pbo' to RV filesystem
15:27:09.341 ENGINE       : FileSystem: Adding package 'G:\SteamLibrary\steamapps\common\DayZServer\dta\graphics.pbo' to RV filesystem
15:27:09.341 ENGINE       : FileSystem: Adding package 'G:\SteamLibrary\steamapps\common\DayZServer\@Tactical Flava\addons\script_a.pbo' to RV filesystem
15:27:09.342 ENGINE       : FileSystem: Adding package 'G:\SteamLibrary\steamapps\common\DayZServer\@CarPack\addons\rx8hachi.pbo' to RV filesystem
15:27:09.342 ENGINE       : FileSystem: Adding package 'G:\SteamLibrary\steamapps\common\DayZServer\@RUSForma_vehicles\addons\azlk_400.pbo' to RV filesystem
15:27:09.343 ENGINE       : FileSystem: Adding package 'G:\SteamLibrary\steamapps\common\DayZServer\addons\rocks.pbo' to RV filesystem
15:27:09.343 ENGINE       : FileSystem: Adding package 'G:\SteamLibrary\steamapps\common\DayZServer\@RUSForma_vehicles\addons\UAZ_3163.pbo' to RV filesystem
15:27:09.344 ENGINE       : FileSystem: Adding package 'G:\SteamLibrary\steamapps\common\DayZServer\@RUSForma_vehicles\addons\BRDM2_RF.pbo' to RV filesystem
15:27:09.344 ENGINE       : FileSystem: Adding package 'G:\SteamLibrary\steamapps\common\DayZServer\@Armored Vehicle Pack\addons\LAPV_tan.pbo' to RV filesystem
15:27:09.345 ENGINE       : FileSystem: Adding package 'G:\SteamLibrary\steamapps\common\DayZServer\@RUSForma_vehicles\addons\UAZ_3172.pbo' to RV filesystem
15:27:09.345 ENGINE       : FileSystem: Adding package 'G:\SteamLibrary\steamapps\common\DayZServer\@4KBOSSKVehicles\addons\GMC_BOSS.pbo' to RV filesystem
15:27:09.345 ENGINE       : FileSystem: Adding package 'G:\SteamLibrary\steamapps\common\DayZServer\@RUSForma_vehicles\addons\UAZ_3962.pbo' to RV filesystem
15:27:09.346 ENGINE       : FileSystem: Adding package 'G:\SteamLibrary\steamapps\common\DayZServer\@RUSForma_vehicles\addons\Gaz_53RF.pbo' to RV filesystem
15:27:09.346 ENGINE       : FileSystem: Adding package 'G:\SteamLibrary\steamapps\common\DayZServer\@Umbrella Clothing\addons\umbrella.pbo' to RV filesystem
15:27:09.347 ENGINE       : FileSystem: Adding package 'G:\SteamLibrary\steamapps\common\DayZServer\@RUSForma_vehicles\addons\ZAZ_968M.pbo' to RV filesystem
15:27:09.348 ENGINE       : FileSystem: Adding package 'G:\SteamLibrary\steamapps\common\DayZServer\@CarPack\addons\GT2RS_MR.pbo' to RV filesystem
15:27:09.348 ENGINE       : FileSystem: Adding package 'G:\SteamLibrary\steamapps\common\DayZServer\@Free Cassette Recorder\addons\CJ_Radio.pbo' to RV filesystem
15:27:09.348 ENGINE       : FileSystem: Adding package 'G:\SteamLibrary\steamapps\common\DayZServer\@MMG - Mightys Military Gear\addons\JPC_Vest.pbo' to RV filesystem
15:27:09.348 ENGINE       : FileSystem: Adding package 'G:\SteamLibrary\steamapps\common\DayZServer\@Tactical Flava\addons\weapon_c.pbo' to RV filesystem
15:27:09.349 ENGINE       : FileSystem: Adding package 'G:\SteamLibrary\steamapps\common\DayZServer\@Tactical Flava\addons\weapon_b.pbo' to RV filesystem
15:27:09.350 ENGINE       : FileSystem: Adding package 'G:\SteamLibrary\steamapps\common\DayZServer\@Tactical Flava\addons\weapon_a.pbo' to RV filesystem
15:27:09.350 ENGINE       : FileSystem: Adding package 'G:\SteamLibrary\steamapps\common\DayZServer\@RUSForma_vehicles\addons\PAZ_672.pbo' to RV filesystem
15:27:09.351 ENGINE       : FileSystem: Adding package 'G:\SteamLibrary\steamapps\common\DayZServer\@RUSForma_vehicles\addons\MTLB_RF.pbo' to RV filesystem
15:27:09.351 ENGINE       : FileSystem: Adding package 'G:\SteamLibrary\steamapps\common\DayZServer\@Tactical Flava\addons\optic_a.pbo' to RV filesystem
15:27:09.351 ENGINE       : FileSystem: Adding package 'G:\SteamLibrary\steamapps\common\DayZServer\@RUSForma_vehicles\addons\KubanG1.pbo' to RV filesystem
15:27:09.351 ENGINE       : FileSystem: Adding package 'G:\SteamLibrary\steamapps\common\DayZServer\addons\dz.pbo' to RV filesystem
15:27:09.352 ENGINE       : FileSystem: Adding package 'G:\SteamLibrary\steamapps\common\DayZServer\@RUSForma_vehicles\addons\GAZ_M20.pbo' to RV filesystem
15:27:09.353 ENGINE       : FileSystem: Adding package 'G:\SteamLibrary\steamapps\common\DayZServer\@Tactical Flava\addons\armor_a.pbo' to RV filesystem
15:27:09.353 ENGINE       : FileSystem: Adding package 'G:\SteamLibrary\steamapps\common\DayZServer\@4KBOSSKVehicles\addons\4Kplate.pbo' to RV filesystem
15:27:09.353 ENGINE       : FileSystem: Adding package 'G:\SteamLibrary\steamapps\common\DayZServer\dta\scripts.pbo' to RV filesystem
15:27:09.354 ENGINE       : FileSystem: Adding package 'G:\SteamLibrary\steamapps\common\DayZServer\@RUSForma_vehicles\addons\ZAZ_965.pbo' to RV filesystem
15:27:09.354 ENGINE       : FileSystem: Adding package 'G:\SteamLibrary\steamapps\common\DayZServer\@SNAFU Weapons\addons\Guns_01.pbo' to RV filesystem
15:27:09.355 ENGINE       : FileSystem: Adding package 'G:\SteamLibrary\steamapps\common\DayZServer\@RUSForma_vehicles\addons\ZAZ_968.pbo' to RV filesystem
15:27:09.355 ENGINE       : FileSystem: Adding package 'G:\SteamLibrary\steamapps\common\DayZServer\@CarPack\addons\daytona.pbo' to RV filesystem
15:27:09.356 ENGINE       : FileSystem: Adding package 'G:\SteamLibrary\steamapps\common\DayZServer\@Namalsk Island\addons\ns2.pbo' to RV filesystem
15:27:09.356 ENGINE       : FileSystem: Adding package 'G:\SteamLibrary\steamapps\common\DayZServer\@RUSForma_vehicles\addons\A3_UI_F.pbo' to RV filesystem
15:27:09.357 ENGINE       : FileSystem: Adding package 'G:\SteamLibrary\steamapps\common\DayZServer\@RUSForma_vehicles\addons\ZIL_130.pbo' to RV filesystem
15:27:09.357 ENGINE       : FileSystem: Adding package 'G:\SteamLibrary\steamapps\common\DayZServer\@RUSForma_vehicles\addons\2140_SL.pbo' to RV filesystem
15:27:09.357 ENGINE       : FileSystem: Adding package 'G:\SteamLibrary\steamapps\common\DayZServer\@Namalsk Island\addons\ns3.pbo' to RV filesystem
15:27:09.357 ENGINE       : FileSystem: Adding package 'G:\SteamLibrary\steamapps\common\DayZServer\@RUSForma_vehicles\addons\ZIL_131.pbo' to RV filesystem
15:27:09.358 ENGINE       : FileSystem: Adding package 'G:\SteamLibrary\steamapps\common\DayZServer\@CarPack\addons\180sxrb.pbo' to RV filesystem
15:27:09.358 ENGINE       : FileSystem: Adding package 'G:\SteamLibrary\steamapps\common\DayZServer\@CarPack\addons\rmodf8.pbo' to RV filesystem
15:27:09.359 ENGINE       : FileSystem: Adding package 'G:\SteamLibrary\steamapps\common\DayZServer\@RUSForma_vehicles\addons\gaz_51.pbo' to RV filesystem
15:27:09.359 ENGINE       : FileSystem: Adding package 'G:\SteamLibrary\steamapps\common\DayZServer\@CarPack\addons\Gemera.pbo' to RV filesystem
15:27:09.360 ENGINE       : FileSystem: Adding package 'G:\SteamLibrary\steamapps\common\DayZServer\@RUSForma_vehicles\addons\BTR_80.pbo' to RV filesystem
15:27:09.361 ENGINE       : FileSystem: Adding package 'G:\SteamLibrary\steamapps\common\DayZServer\@Namalsk Island\addons\ns.pbo' to RV filesystem
15:27:09.361 ENGINE       : FileSystem: Adding package 'G:\SteamLibrary\steamapps\common\DayZServer\dta\system.pbo' to RV filesystem
15:27:09.361 ENGINE       : FileSystem: Adding package 'G:\SteamLibrary\steamapps\common\DayZServer\@CarPack\addons\Camaro.pbo' to RV filesystem
15:27:09.361 ENGINE       : FileSystem: Adding package 'G:\SteamLibrary\steamapps\common\DayZServer\@RUSForma_vehicles\addons\GAZ_12.pbo' to RV filesystem
15:27:09.362 ENGINE       : FileSystem: Adding package 'G:\SteamLibrary\steamapps\common\DayZServer\@CarPack\addons\tundra.pbo' to RV filesystem
15:27:09.362 ENGINE       : FileSystem: Adding package 'G:\SteamLibrary\steamapps\common\DayZServer\@RUSForma_vehicles\addons\GAZ_66.pbo' to RV filesystem
15:27:09.363 ENGINE       : FileSystem: Adding package 'G:\SteamLibrary\steamapps\common\DayZServer\@CarPack\addons\M3_G80.pbo' to RV filesystem
15:27:09.363 ENGINE       : FileSystem: Adding package 'G:\SteamLibrary\steamapps\common\DayZServer\@CarPack\addons\A_NSX.pbo' to RV filesystem
15:27:09.364 ENGINE       : FileSystem: Adding package 'G:\SteamLibrary\steamapps\common\DayZServer\addons\ai.pbo' to RV filesystem
15:27:09.364 ENGINE       : FileSystem: Adding package 'G:\SteamLibrary\steamapps\common\DayZServer\@CarPack\addons\jesko.pbo' to RV filesystem
15:27:09.364 ENGINE       : FileSystem: Adding package 'G:\SteamLibrary\steamapps\common\DayZServer\@4KBOSSKVehicles\addons\Civic.pbo' to RV filesystem
15:27:09.365 ENGINE       : FileSystem: Adding package 'G:\SteamLibrary\steamapps\common\DayZServer\addons\ui.pbo' to RV filesystem
15:27:09.366 ENGINE       : FileSystem: Adding package 'G:\SteamLibrary\steamapps\common\DayZServer\@CarPack\addons\viper.pbo' to RV filesystem
15:27:09.366 ENGINE       : FileSystem: Adding package 'G:\SteamLibrary\steamapps\common\DayZServer\@CarPack\addons\V140.pbo' to RV filesystem
15:27:09.366 ENGINE       : FileSystem: Adding package 'G:\SteamLibrary\steamapps\common\DayZServer\@Mercedes-Benz SL 65 AMG Black Series\addons\sl65.pbo' to RV filesystem
15:27:09.366 ENGINE       : FileSystem: Adding package 'G:\SteamLibrary\steamapps\common\DayZServer\@Armored Vehicle Pack\addons\LAPV.pbo' to RV filesystem
15:27:09.366 ENGINE       : FileSystem: Adding package 'G:\SteamLibrary\steamapps\common\DayZServer\@CarPack\addons\MUCI.pbo' to RV filesystem
15:27:09.367 ENGINE       : FileSystem: Adding package 'G:\SteamLibrary\steamapps\common\DayZServer\@CarPack\addons\hx58.pbo' to RV filesystem
15:27:09.367 ENGINE       : FileSystem: Adding package 'G:\SteamLibrary\steamapps\common\DayZServer\@CarPack\addons\gt63.pbo' to RV filesystem
15:27:09.368 ENGINE       : FileSystem: Adding package 'G:\SteamLibrary\steamapps\common\DayZServer\dta\core.pbo' to RV filesystem
15:27:09.368 ENGINE       : FileSystem: Adding package 'G:\SteamLibrary\steamapps\common\DayZServer\@CarPack\addons\r32.pbo' to RV filesystem
15:27:09.368 ENGINE       : FileSystem: Adding package 'G:\SteamLibrary\steamapps\common\DayZServer\@CarPack\addons\mk5.pbo' to RV filesystem
15:27:09.369 ENGINE       : FileSystem: Adding package 'G:\SteamLibrary\steamapps\common\DayZServer\@CarPack\addons\SVJ.pbo' to RV filesystem
15:27:09.369 ENGINE       : FileSystem: Adding package 'G:\SteamLibrary\steamapps\common\DayZServer\@CarPack\addons\lfa.pbo' to RV filesystem
15:27:09.370 ENGINE       : FileSystem: Adding package 'G:\SteamLibrary\steamapps\common\DayZServer\@CarPack\addons\f22.pbo' to RV filesystem
15:27:09.370 ENGINE       : FileSystem: Adding package 'G:\SteamLibrary\steamapps\common\DayZServer\@RUSForma_vehicles\addons\VBL.pbo' to RV filesystem
15:27:09.371 ENGINE       : FileSystem: Adding package 'G:\SteamLibrary\steamapps\common\DayZServer\@CarPack\addons\esc.pbo' to RV filesystem
15:27:09.371 ENGINE       : FileSystem: Adding package 'G:\SteamLibrary\steamapps\common\DayZServer\dta\gui.pbo' to RV filesystem
15:27:09.371 ENGINE       : FileSystem: Adding package 'G:\SteamLibrary\steamapps\common\DayZServer\@CarPack\addons\e60.pbo' to RV filesystem
15:27:09.372 ENGINE       : FileSystem: Adding package 'G:\SteamLibrary\steamapps\common\DayZServer\@CarPack\addons\m4w.pbo' to RV filesystem
15:27:09.372 ENGINE       : FileSystem: Adding package 'G:\SteamLibrary\steamapps\common\DayZServer\dta\bin.pbo' to RV filesystem
15:27:09.373 ENGINE       : FileSystem: Adding package 'G:\SteamLibrary\steamapps\common\DayZServer\@CarPack\addons\c7.pbo' to RV filesystem
15:27:09.373 ENGINE       : FileSystem: Adding package 'G:\SteamLibrary\steamapps\common\DayZServer\@CarPack\addons\m5.pbo' to RV filesystem
15:27:09.374 ENGINE       : FileSystem: Adding package 'G:\SteamLibrary\steamapps\common\DayZServer\@CarPack\addons\t6.pbo' to RV filesystem
15:27:09.374 ENGINE       : FileSystem: Added 638 RV banks
15:27:09.374 ENGINE    (W): No module info used, trying to identify -> 0x37E00000
15:27:09.375 ENGINE       : CPU vendor         : GenuineIntel
15:27:09.375 ENGINE       : CPU type           : 1
15:27:09.375 ENGINE       : CPU name           : 11th Gen Intel(R) Core(TM) i5-11400H @ 2.70GHz
15:27:09.375 ENGINE       : CPU cache info     : L1 [Inst 32KB, Data 48KB], L2 [Unif 1280KB], L3 [Unif 12288KB]
15:27:09.375 ENGINE       : CPU count logical  : 12
15:27:09.375 ENGINE       : CPU count physical : 6
15:27:09.375 ENGINE       : CPU features       : mmx sse sse2 sse3 ssse3 sse4_1 sse4_2 aesni pclmulqdq osxsave avx sha avx2 avx512f
15:27:09.375 ENGINE    (W): Adjusting job system settings to have at least one job worker thread.
15:27:09.402 ENGINE       : FileSystem: Adding relative directory 'G:\SteamLibrary\steamapps\common\DayZServer\profiles' to RV filesystem under name profile
15:27:09.402 ENGINE       : FileSystem: Adding relative directory 'G:\SteamLibrary\steamapps\common\DayZServer\profiles\Users\Server' to RV filesystem under name saves
15:27:09.605 SCRIPT       : Module: GameLib; loaded 27x files; 29x classes; used 41/2097 kB (1) of static memory; defines: "DAYZ_1_29,SERVER_FOR_WINDOWS,SERVER,PLATFORM_WINDOWS,RELEASE,NO_GUI,NO_GUI_INGAME,DZ_Expansion_BaseBuilding_Preload,DZ_Expansion_Core_Preload,DZ_Expansion_Garage_Preload,DZ_Expansion_KillFeed_Preload,DZ_Expansion_ModStorage_Preload,EXPANSION_MODSTORAGE,DZ_Expansion_Preload,DZ_Expansion_Vehicles_Preload,SurvivorAnimsDefines,armor_a,SobrMods_Barrel_Fix,BBP_keybind,BedRespawning,CJ_Radio_Scripts,CodeLock,DabsFramework,DZ_Expansion_DefineTest,sakhal,Ford_Bronco_XLT,Ford_Bronco_XLT_Data,Ford_Crown_Victoria_BOSS,Ford_Mustang_Shelby_GT500,Ford_Mustang_Shelby_GT500_Data,Ford_Mustang_SVT,Ford_Raptor_MonsterTruck,Ford_Raptor_MonstarTruck_Data,GCGN_Guns,Gerph_CarXFence_Core,Gerph_CarXFence_Main,GMC_BOSS,GMC_BOSS_Data,grenades_a,GT2RS_MR,Guns_CFG,HB_FlipVehicle,HypeTrain,HypeTrain_742_Locomotive,Jeep_GladiatorF9,Jeep_GladiatorF9_Data,JM_CommunityFramework,CF_MODULE_CONFIG,CF_EXPRESSION,CF_TRACE_STA
15:27:09.605 [Inputs] Loading inputs default "bin/constants.xml"
15:27:09.688 [Inputs] Loading inputs default "bin/specific.xml"
15:27:09.689 [Inputs] Loading inputs default "BBP_keybind/data/modded_Inputs.xml"
15:27:09.689 [Inputs] Loading inputs default "HB_FlipVehicle/Inputs/inputs.xml"
15:27:09.690 [Inputs] Loading inputs default "HypeTrain/core/inputs.xml"
15:27:09.691 [Inputs] Loading inputs default "LM_Helicopters/scripts/data/Inputs.xml"
15:27:09.691 [Inputs] Loading inputs default "My_DF_Weapons_Scripts/Inputs.xml"
15:27:09.692 [Inputs] Loading inputs default "nst/ns_dayz/scripts/Data/Inputs.xml"
15:27:09.692 [Inputs] Loading inputs default "script_a/Inputs.xml"
15:27:09.692 [Inputs] Loading inputs default "VanillaPPMap/data/modded_Inputs.xml"
15:27:09.692 !!! [Inputs] Cannot load inputs default "", file does not exist
15:27:09.692 !!! [Inputs] Failed to load MODDED inputs - file name/ path invalid?
15:27:09.692 [Inputs] Loading inputs default "VPPAdminTools/data/modded_Inputs.xml"
15:27:09.694 [Inputs] Loading inputs default "WindstrideClothing/Inputs.xml"
15:27:09.695 [Inputs] Loading inputs default "4K_PoliceLighting/scripts/inputs.xml"
15:27:09.695 [Inputs] Loading inputs default "CCARPACK_PoliceLighting/scripts/inputs.xml"
15:27:09.695 [Inputs] Loading inputs default "MBM_UnderglowLights/gui/inputs.xml"
15:27:09.696 !!! [Inputs] Cannot load inputs default "", file does not exist
15:27:09.696 !!! [Inputs] Failed to load MODDED inputs - file name/ path invalid?
15:27:09.696 [Inputs] Loading inputs default "rag/rag_vehicles/rag_vehicles_scripts/4_World/rag_vehicles/inputs/inputs.xml"
15:27:09.696 [Inputs] Loading inputs default "vg7_scorpion/vg7_scorpion/inputs.xml"
15:27:09.696 [Inputs] Loading inputs default "DayZExpansion/PlayerList/Scripts/Data/Inputs.xml"
15:27:09.697 [Inputs] Loading inputs default "DayZExpansion/Scripts/Data/Inputs.xml"
15:27:09.697 [Inputs] Loading inputs default "DayZExpansion/Vehicles/Scripts/Data/Inputs.xml"
15:27:09.698 [Inputs] Loading inputs default "Dayz_Horse/Data/Inputs.xml"
15:27:09.698 [Inputs] Loading inputs default "DayZExpansion/BaseBuilding/Scripts/Data/Inputs.xml"
15:27:09.698 [Inputs] Loading inputs cfg "profiles\Users\Survivor\Server.core.xml"
15:27:09.698 !!! [Inputs] Cannot read inputs cfg "profiles\Users\Survivor\Server.core.xml", parser error
15:27:09.698 [Inputs] Loading inputs cfg "bin/core.xml"
15:27:09.699 !!! [Inputs] Cannot load input preset "#STR_USER", file does not exist
15:27:09.702 [Inputs] Exporting inputs cfg "profiles\Users\Survivor\Server.core.xml"
15:27:09.717 SCRIPT       : Registered 463 temporary action enum(s), UAN==463
15:27:09.938 SCRIPT    (W): @"BaseBuildingPlus/scripts/3_Game/bbpconfig.c,143": FIX-ME: Unexpected statement 'ref'
15:27:09.983 SCRIPT    (W): @"CodeLock/scripts/3_game/dayzgame.c,13": FIX-ME: Method argument can't be strong reference
15:27:10.36  SCRIPT    (W): @"VanillaPPMap/3_Game/vanillaplusplus.c,36": FIX-ME: Method argument can't be strong reference
15:27:10.36  SCRIPT    (W): @"VanillaPPMap/3_Game/vanillaplusplus.c,106": FIX-ME: Method argument can't be strong reference
15:27:10.36  SCRIPT    (W): @"VanillaPPMap/3_Game/vanillaplusplus.c,118": FIX-ME: Method argument can't be strong reference
15:27:10.36  SCRIPT    (W): @"VanillaPPMap/3_Game/vanillaplusplus.c,134": FIX-ME: Method argument can't be strong reference
15:27:10.39  SCRIPT    (W): @"VanillaPPMap/3_Game/json\models\markerscacheinterface.c,5": FIX-ME: Method argument can't be strong reference
15:27:10.39  SCRIPT    (W): @"VanillaPPMap/3_Game/json\models\markerscacheinterface.c,7": FIX-ME: Method argument can't be strong reference
15:27:10.39  SCRIPT    (W): @"VanillaPPMap/3_Game/json\models\mapmarkerscache.c,26": FIX-ME: Method argument can't be strong reference
15:27:10.39  SCRIPT    (W): @"VanillaPPMap/3_Game/json\models\mapmarkerscache.c,46": FIX-ME: Method argument can't be strong reference
15:27:10.67  SCRIPT    (W): @"VanillaPPMap/3_Game/json\models\vppmapconfig.c,11": FIX-ME: Method argument can't be strong reference
15:27:10.897 SCRIPT    (W): @"VanillaPPMap/3_Game/json\clientmarkerscache.c,15": FIX-ME: Method argument can't be strong reference
15:27:11.465 SCRIPT       : Module: Game; loaded 992x files; 2661x classes; used 7280/33554 kB (21) of static memory; defines: "DAYZ_1_29,SERVER_FOR_WINDOWS,SERVER,PLATFORM_WINDOWS,RELEASE,NO_GUI,NO_GUI_INGAME,DZ_Expansion_BaseBuilding_Preload,DZ_Expansion_Core_Preload,DZ_Expansion_Garage_Preload,DZ_Expansion_KillFeed_Preload,DZ_Expansion_ModStorage_Preload,EXPANSION_MODSTORAGE,DZ_Expansion_Preload,DZ_Expansion_Vehicles_Preload,SurvivorAnimsDefines,armor_a,SobrMods_Barrel_Fix,BBP_keybind,BedRespawning,CJ_Radio_Scripts,CodeLock,DabsFramework,DZ_Expansion_DefineTest,sakhal,Ford_Bronco_XLT,Ford_Bronco_XLT_Data,Ford_Crown_Victoria_BOSS,Ford_Mustang_Shelby_GT500,Ford_Mustang_Shelby_GT500_Data,Ford_Mustang_SVT,Ford_Raptor_MonsterTruck,Ford_Raptor_MonstarTruck_Data,GCGN_Guns,Gerph_CarXFence_Core,Gerph_CarXFence_Main,GMC_BOSS,GMC_BOSS_Data,grenades_a,GT2RS_MR,Guns_CFG,HB_FlipVehicle,HypeTrain,HypeTrain_742_Locomotive,Jeep_GladiatorF9,Jeep_GladiatorF9_Data,JM_CommunityFramework,CF_MODULE_CONFIG,CF_EXPRESSION,CF_TRACE
15:27:11.477 SCRIPT       : ... Backlit Effects Enabled
15:27:18.00  SCRIPT       : DZM_Projects Map! by DaOne
15:27:18.00  SCRIPT       : VPPNotificationManager()
15:27:18.00  SCRIPT       : [VPPAT] Internal VPPNotifications module loaded!
15:27:18.00  SCRIPT       : [DayZ Game]:: DayZGame(): Initializing V++ Admin Tools.
15:27:18.00  SCRIPT       : 15:27:18.000 [EXPANSION LOG]: DayZGame<0x000001F7E25591B0> Start time (local time) 2026-08-17 15:24:09
15:27:18.00  SCRIPT       : 15:27:18.001 [EXPANSION LOG]: DayZGame<0x000001F7E25591B0> Start time (UTC) 2026-08-17 08:24:09
15:27:18.00  SCRIPT       : 15:27:18.001 [EXPANSION LOG]: DayZGame<0x000001F7E25591B0> Runtime since start (seconds) 189.071
15:27:18.00  ANIMATION (E): Can't load @Zens Sleeping Mod/Anims/cfg/skeletons.anim.xml
15:27:18.01  ANIMATION (E): Failed to open file, line 0, column 0
15:27:18.01  ANIMATION (E): Can't load @Zens Core Mod/Anims/cfg/skeletons.anim.xml
15:27:18.01  ANIMATION (E): Failed to open file, line 0, column 0
15:27:18.01  ANIMATION (E): Can't load @WindstridesClothingPack/Anims/cfg/skeletons.anim.xml
15:27:18.01  ANIMATION (E): Failed to open file, line 0, column 0
15:27:18.01  ANIMATION (E): Can't load @Volkswagen Passat TSI [FREE]/Anims/cfg/skeletons.anim.xml
15:27:18.01  ANIMATION (E): Failed to open file, line 0, column 0
15:27:18.01  ANIMATION (E): Can't load @VAZ 2107 Yandex Dfift/Anims/cfg/skeletons.anim.xml
15:27:18.01  ANIMATION (E): Failed to open file, line 0, column 0
15:27:18.01  ANIMATION (E): Can't load @VanillaPlusPlusMapRUS/Anims/cfg/skeletons.anim.xml
15:27:18.01  ANIMATION (E): Failed to open file, line 0, column 0
15:27:18.01  ANIMATION (E): Can't load @VanillaPlusPlusMap/Anims/cfg/skeletons.anim.xml
15:27:18.01  ANIMATION (E): Failed to open file, line 0, column 0
15:27:18.01  ANIMATION (E): Can't load @Unknown Ghillie Mod/Anims/cfg/skeletons.anim.xml
15:27:18.01  ANIMATION (E): Failed to open file, line 0, column 0
15:27:18.01  ANIMATION (E): Can't load @UniversalSuppressor/Anims/cfg/skeletons.anim.xml
15:27:18.01  ANIMATION (E): Failed to open file, line 0, column 0
15:27:18.01  ANIMATION (E): Can't load @Umbrella Clothing Admin/Anims/cfg/skeletons.anim.xml
15:27:18.01  ANIMATION (E): Failed to open file, line 0, column 0
15:27:18.01  ANIMATION (E): Can't load @Umbrella Clothing/Anims/cfg/skeletons.anim.xml
15:27:18.01  ANIMATION (E): Failed to open file, line 0, column 0
15:27:18.01  ANIMATION (E): Can't load @The Complete Ghillie Pack/Anims/cfg/skeletons.anim.xml
15:27:18.01  ANIMATION (E): Failed to open file, line 0, column 0
15:27:18.01  ANIMATION (E): Can't load @Tactical Flava/Anims/cfg/skeletons.anim.xml
15:27:18.01  ANIMATION (E): Failed to open file, line 0, column 0
15:27:18.01  ANIMATION (E): Can't load @Syndicate Breaching Charge/Anims/cfg/skeletons.anim.xml
15:27:18.01  ANIMATION (E): Failed to open file, line 0, column 0
15:27:18.01  ANIMATION (E): Can't load @Survivor Animations/Anims/cfg/skeletons.anim.xml
15:27:18.01  ANIMATION (E): Failed to open file, line 0, column 0
15:27:18.01  ANIMATION (E): Can't load @SuppressorHealth/Anims/cfg/skeletons.anim.xml
15:27:18.01  ANIMATION (E): Failed to open file, line 0, column 0
15:27:18.01  ANIMATION (E): Can't load @Storage Unlocked/Anims/cfg/skeletons.anim.xml
15:27:18.01  ANIMATION (E): Failed to open file, line 0, column 0
15:27:18.01  ANIMATION (E): Can't load @SR_WeaponsPack/Anims/cfg/skeletons.anim.xml
15:27:18.01  ANIMATION (E): Failed to open file, line 0, column 0
15:27:18.01  ANIMATION (E): Can't load @SnowClothing/Anims/cfg/skeletons.anim.xml
15:27:18.01  ANIMATION (E): Failed to open file, line 0, column 0
15:27:18.01  ANIMATION (E): Can't load @snegurka/Anims/cfg/skeletons.anim.xml
15:27:18.01  ANIMATION (E): Failed to open file, line 0, column 0
15:27:18.01  ANIMATION (E): Can't load @SNAFU Weapons/Anims/cfg/skeletons.anim.xml
15:27:18.01  ANIMATION (E): Failed to open file, line 0, column 0
15:27:18.01  ANIMATION (E): Can't load @Slot for Ghillie/Anims/cfg/skeletons.anim.xml
15:27:18.01  ANIMATION (E): Failed to open file, line 0, column 0
15:27:18.01  ANIMATION (E): Can't load @SetNaemnic/Anims/cfg/skeletons.anim.xml
15:27:18.01  ANIMATION (E): Failed to open file, line 0, column 0
15:27:18.01  ANIMATION (E): Can't load @RUSForma_vehicles/Anims/cfg/skeletons.anim.xml
15:27:18.01  ANIMATION (E): Failed to open file, line 0, column 0
15:27:18.01  ANIMATION (E): Can't load @RepaireRadiator/Anims/cfg/skeletons.anim.xml
15:27:18.01  ANIMATION (E): Failed to open file, line 0, column 0
15:27:18.01  ANIMATION (E): Can't load @RaG_Vehicle_Pack/Anims/cfg/skeletons.anim.xml
15:27:18.01  ANIMATION (E): Failed to open file, line 0, column 0
15:27:18.01  ANIMATION (E): Can't load @Radash_namber/Anims/cfg/skeletons.anim.xml
15:27:18.01  ANIMATION (E): Failed to open file, line 0, column 0
15:27:18.01  ANIMATION (E): Can't load @Pristine Repair/Anims/cfg/skeletons.anim.xml
15:27:18.01  ANIMATION (E): Failed to open file, line 0, column 0
15:27:18.01  ANIMATION (E): Can't load @NoPants Storage Bags/Anims/cfg/skeletons.anim.xml
15:27:18.01  ANIMATION (E): Failed to open file, line 0, column 0
15:27:18.01  ANIMATION (E): Can't load @Nissan GTR 2015 - FREE TO USE/Anims/cfg/skeletons.anim.xml
15:27:18.01  ANIMATION (E): Failed to open file, line 0, column 0
15:27:18.01  ANIMATION (E): Can't load @My Delta Force Weapons/Anims/cfg/skeletons.anim.xml
15:27:18.01  ANIMATION (E): Failed to open file, line 0, column 0
15:27:18.01  ANIMATION (E): Can't load @MMG - Mightys Military Gear/Anims/cfg/skeletons.anim.xml
15:27:18.01  ANIMATION (E): Failed to open file, line 0, column 0
15:27:18.01  ANIMATION (E): Can't load @Meru_Car_Pack/Anims/cfg/skeletons.anim.xml
15:27:18.01  ANIMATION (E): Failed to open file, line 0, column 0
15:27:18.01  ANIMATION (E): Can't load @Mercedes-Benz SL 65 AMG Black Series/Anims/cfg/skeletons.anim.xml
15:27:18.01  ANIMATION (E): Failed to open file, line 0, column 0
15:27:18.01  ANIMATION (E): Can't load @Mercedes-Benz S63 AMG [FREE]/Anims/cfg/skeletons.anim.xml
15:27:18.01  ANIMATION (E): Failed to open file, line 0, column 0
15:27:18.01  ANIMATION (E): Can't load @Mercedes-Benz AMG G63 W463/Anims/cfg/skeletons.anim.xml
15:27:18.01  ANIMATION (E): Failed to open file, line 0, column 0
15:27:18.01  ANIMATION (E): Can't load @MBM_UnderglowLights/Anims/cfg/skeletons.anim.xml
15:27:18.01  ANIMATION (E): Failed to open file, line 0, column 0
15:27:18.01  ANIMATION (E): Can't load @MBM_GoKart/Anims/cfg/skeletons.anim.xml
15:27:18.01  ANIMATION (E): Failed to open file, line 0, column 0
15:27:18.01  ANIMATION (E): Can't load @MBM_ApocalypseTruck/Anims/cfg/skeletons.anim.xml
15:27:18.01  ANIMATION (E): Failed to open file, line 0, column 0
15:27:18.01  ANIMATION (E): Can't load @M110/Anims/cfg/skeletons.anim.xml
15:27:18.01  ANIMATION (E): Failed to open file, line 0, column 0
15:27:18.01  ANIMATION (E): Can't load @Loot Barrel Transfer/Anims/cfg/skeletons.anim.xml
15:27:18.01  ANIMATION (E): Failed to open file, line 0, column 0
15:27:18.01  ANIMATION (E): Can't load @LMs Vehicle HUDs/Anims/cfg/skeletons.anim.xml
15:27:18.01  ANIMATION (E): Failed to open file, line 0, column 0
15:27:18.01  ANIMATION (E): Can't load @LMs Helicopter Flight Systems/Anims/cfg/skeletons.anim.xml
15:27:18.01  ANIMATION (E): Failed to open file, line 0, column 0
15:27:18.01  ANIMATION (E): Can't load @LMs Ferrari F40 Car (Modular Vehicle)/Anims/cfg/skeletons.anim.xml
15:27:18.01  ANIMATION (E): Failed to open file, line 0, column 0
15:27:18.01  ANIMATION (E): Can't load @JosiesHiluxZ/Anims/cfg/skeletons.anim.xml
15:27:18.01  ANIMATION (E): Failed to open file, line 0, column 0
15:27:18.01  ANIMATION (E): Can't load @HypeTrain/Anims/cfg/skeletons.anim.xml
15:27:18.01  ANIMATION (E): Failed to open file, line 0, column 0
15:27:18.01  ANIMATION (E): Can't load @GunnerTruckOshkosh/Anims/cfg/skeletons.anim.xml
15:27:18.01  ANIMATION (E): Failed to open file, line 0, column 0
15:27:18.01  ANIMATION (E): Can't load @GhillieFix/Anims/cfg/skeletons.anim.xml
15:27:18.01  ANIMATION (E): Failed to open file, line 0, column 0
15:27:18.01  ANIMATION (E): Can't load @GhillieBand/Anims/cfg/skeletons.anim.xml
15:27:18.01  ANIMATION (E): Failed to open file, line 0, column 0
15:27:18.01  ANIMATION (E): Can't load @Gerphelius_CarXFence/Anims/cfg/skeletons.anim.xml
15:27:18.01  ANIMATION (E): Failed to open file, line 0, column 0
15:27:18.01  ANIMATION (E): Can't load @GAZ_Tigr_FIXED/Anims/cfg/skeletons.anim.xml
15:27:18.01  ANIMATION (E): Failed to open file, line 0, column 0
15:27:18.01  ANIMATION (E): Can't load @GAZ 66 SHISHIGA/Anims/cfg/skeletons.anim.xml
15:27:18.01  ANIMATION (E): Failed to open file, line 0, column 0
15:27:18.01  ANIMATION (E): Can't load @Free_Suit_black_Rose/Anims/cfg/skeletons.anim.xml
15:27:18.01  ANIMATION (E): Failed to open file, line 0, column 0
15:27:18.01  ANIMATION (E): Can't load @Free Cassette Recorder/Anims/cfg/skeletons.anim.xml
15:27:18.01  ANIMATION (E): Failed to open file, line 0, column 0
15:27:18.01  ANIMATION (E): Can't load @Expansion Prototype spaceship/Anims/cfg/skeletons.anim.xml
15:27:18.01  ANIMATION (E): Failed to open file, line 0, column 0
15:27:18.01  ANIMATION (E): Can't load @Expansion Ka52/Anims/cfg/skeletons.anim.xml
15:27:18.01  ANIMATION (E): Failed to open file, line 0, column 0
15:27:18.01  ANIMATION (E): Can't load @dodge_rust_Z_radash/Anims/cfg/skeletons.anim.xml
15:27:18.01  ANIMATION (E): Failed to open file, line 0, column 0
15:27:18.01  ANIMATION (E): Can't load @DayZ-Expansion-Vehicles/Anims/cfg/skeletons.anim.xml
15:27:18.03  ANIMATION (E): Failed to open file, line 0, column 0
15:27:18.03  ANIMATION (E): Can't load @DayZ-Expansion-Licensed/Anims/cfg/skeletons.anim.xml
15:27:18.03  ANIMATION (E): Failed to open file, line 0, column 0
15:27:18.03  ANIMATION (E): Can't load @DayZ-Expansion-Core/Anims/cfg/skeletons.anim.xml
15:27:18.03  ANIMATION (E): Failed to open file, line 0, column 0
15:27:18.03  ANIMATION (E): Can't load @DayZ-Expansion-BaseBuilding/Anims/cfg/skeletons.anim.xml
15:27:18.03  ANIMATION (E): Failed to open file, line 0, column 0
15:27:18.03  ANIMATION (E): Can't load @DayZ-Expansion/Anims/cfg/skeletons.anim.xml
15:27:18.03  ANIMATION (E): Failed to open file, line 0, column 0
15:27:18.03  ENGINE       : Skeleton definition successfully loaded (Dayz_Horse/horse_skeleton.anim.xml)
15:27:18.03  ANIMATION (E): Can't load @Code Lock/Anims/cfg/skeletons.anim.xml
15:27:18.03  ANIMATION (E): Failed to open file, line 0, column 0
15:27:18.03  ANIMATION (E): Can't load @ChernarusRP AE86/Anims/cfg/skeletons.anim.xml
15:27:18.03  ANIMATION (E): Failed to open file, line 0, column 0
15:27:18.03  ANIMATION (E): Can't load @CarPack/Anims/cfg/skeletons.anim.xml
15:27:18.03  ANIMATION (E): Failed to open file, line 0, column 0
15:27:18.03  ANIMATION (E): Can't load @BMW E38 [FREE]/Anims/cfg/skeletons.anim.xml
15:27:18.03  ANIMATION (E): Failed to open file, line 0, column 0
15:27:18.03  ANIMATION (E): Can't load @Blackouts Scorpion/Anims/cfg/skeletons.anim.xml
15:27:18.03  ANIMATION (E): Failed to open file, line 0, column 0
15:27:18.03  ANIMATION (E): Can't load @Bed-Respawning/Anims/cfg/skeletons.anim.xml
15:27:18.03  ANIMATION (E): Failed to open file, line 0, column 0
15:27:18.03  ANIMATION (E): Can't load @BaseBuildingPlus/Anims/cfg/skeletons.anim.xml
15:27:18.03  ANIMATION (E): Failed to open file, line 0, column 0
15:27:18.03  ANIMATION (E): Can't load @Backpack Wings/Anims/cfg/skeletons.anim.xml
15:27:18.03  ANIMATION (E): Failed to open file, line 0, column 0
15:27:18.03  ANIMATION (E): Can't load @AutoCarFlip/Anims/cfg/skeletons.anim.xml
15:27:18.03  ANIMATION (E): Failed to open file, line 0, column 0
15:27:18.03  ANIMATION (E): Can't load @Armored Vehicle Pack/Anims/cfg/skeletons.anim.xml
15:27:18.03  ANIMATION (E): Failed to open file, line 0, column 0
15:27:18.03  ANIMATION (E): Can't load @AmmoStackBullet/Anims/cfg/skeletons.anim.xml
15:27:18.03  ANIMATION (E): Failed to open file, line 0, column 0
15:27:18.04  ENGINE       : Skeleton definition successfully loaded (AI_Bandits/anims/bandit_skeleton.anim.xml)
15:27:18.05  ANIMATION (E): Can't load @2003 Mitsubishi Eclipse Spyder [FREE]/Anims/cfg/skeletons.anim.xml
15:27:18.05  ANIMATION (E): Failed to open file, line 0, column 0
15:27:18.05  ANIMATION (E): Can't load @4KBOSSKVehicles/Anims/cfg/skeletons.anim.xml
15:27:18.05  ANIMATION (E): Failed to open file, line 0, column 0
15:27:18.05  ANIMATION (E): Can't load @[Remastered] Arma Weapon Pack/Anims/cfg/skeletons.anim.xml
15:27:18.05  ANIMATION (E): Failed to open file, line 0, column 0
15:27:18.05  ANIMATION (E): Can't load @[CrSk] VAZ-2107/Anims/cfg/skeletons.anim.xml
15:27:18.05  ANIMATION (E): Failed to open file, line 0, column 0
15:27:18.05  ANIMATION (E): Can't load @[CrSk] BMW 525i E34/Anims/cfg/skeletons.anim.xml
15:27:18.05  ANIMATION (E): Failed to open file, line 0, column 0
15:27:18.05  ANIMATION (E): Can't load @[CnG]VAZ_2109/Anims/cfg/skeletons.anim.xml
15:27:18.05  ANIMATION (E): Failed to open file, line 0, column 0
15:27:18.05  ANIMATION (E): Can't load @[CnG]UAZ_31514/Anims/cfg/skeletons.anim.xml
15:27:18.05  ANIMATION (E): Failed to open file, line 0, column 0
15:27:18.05  ANIMATION (E): Can't load @[CnG]UAZ_452/Anims/cfg/skeletons.anim.xml
15:27:18.05  ANIMATION (E): Failed to open file, line 0, column 0
15:27:18.05  ANIMATION (E): Can't load @VPPAdminTools RU Translate/Anims/cfg/skeletons.anim.xml
15:27:18.05  ANIMATION (E): Failed to open file, line 0, column 0
15:27:18.05  ANIMATION (E): Can't load @VPPAdminTools/Anims/cfg/skeletons.anim.xml
15:27:18.05  ANIMATION (E): Failed to open file, line 0, column 0
15:27:18.05  ANIMATION (E): Can't load @Namalsk Island/Anims/cfg/skeletons.anim.xml
15:27:18.05  ANIMATION (E): Failed to open file, line 0, column 0
15:27:18.05  ANIMATION (E): Can't load @Namalsk Survival/Anims/cfg/skeletons.anim.xml
15:27:18.05  ANIMATION (E): Failed to open file, line 0, column 0
15:27:18.05  ANIMATION (E): Can't load @Dabs Framework/Anims/cfg/skeletons.anim.xml
15:27:18.05  ANIMATION (E): Failed to open file, line 0, column 0
15:27:18.05  ANIMATION (E): Can't load @CF/Anims/cfg/skeletons.anim.xml
15:27:18.05  ANIMATION (E): Failed to open file, line 0, column 0
15:27:18.05  ANIMATION (E): Can't load sakhal/Anims/cfg/skeletons.anim.xml
15:27:18.05  ANIMATION (E): Failed to open file, line 0, column 0
15:27:18.07  ENGINE       : Skeleton definition successfully loaded (DZ/Anims/cfg/skeletons.anim.xml)
15:27:18.08  ENGINE       : Enfusion engine successfully created
15:27:19.705 Warning Message: No entry 'bin\config.bin/CfgWorlds/DefaultWorld/Weather/Overcast/Weather1.farCloud'.
15:27:19.705 Warning Message: Trying to access error value.
15:27:19.705 Warning Message: No entry 'bin\config.bin/CfgWorlds/DefaultWorld/Weather/Overcast/Weather1.cloud'.
15:27:19.705 Warning Message: Trying to access error value.
15:27:19.705 Warning Message: No entry 'bin\config.bin/CfgWorlds/DefaultWorld/Weather/Overcast/Weather2.farCloud'.
15:27:19.706 Warning Message: Trying to access error value.
15:27:19.706 Warning Message: No entry 'bin\config.bin/CfgWorlds/DefaultWorld/Weather/Overcast/Weather2.cloud'.
15:27:19.706 Warning Message: Trying to access error value.
15:27:19.706 Warning Message: No entry 'bin\config.bin/CfgWorlds/DefaultWorld/Weather/Overcast/Weather3.farCloud'.
15:27:19.706 Warning Message: Trying to access error value.
15:27:19.706 Warning Message: No entry 'bin\config.bin/CfgWorlds/DefaultWorld/Weather/Overcast/Weather3.cloud'.
15:27:19.706 Warning Message: Trying to access error value.
15:27:19.706 Warning Message: No entry 'bin\config.bin/CfgWorlds/DefaultWorld/Weather/Overcast/Weather4.farCloud'.
15:27:19.706 Warning Message: Trying to access error value.
15:27:19.706 Warning Message: No entry 'bin\config.bin/CfgWorlds/DefaultWorld/Weather/Overcast/Weather4.cloud'.
15:27:19.706 Warning Message: Trying to access error value.
15:27:19.706 Warning Message: No entry 'bin\config.bin/CfgWorlds/DefaultWorld/Weather/Overcast/Weather5.farCloud'.
15:27:19.706 Warning Message: Trying to access error value.
15:27:19.706 Warning Message: No entry 'bin\config.bin/CfgWorlds/DefaultWorld/Weather/Overcast/Weather5.cloud'.
15:27:19.706 Warning Message: Trying to access error value.
15:27:19.706 Warning Message: No entry 'bin\config.bin/CfgWorlds/DefaultWorld/Weather/LightingNew/C_Day60.spaceIntensity'.
15:27:19.706 Warning Message: Trying to access error value.
15:27:19.706 Warning Message: No entry 'bin\config.bin/CfgWorlds/DefaultWorld/Weather/LightingNew/C_Day60.starsIntensity'.
15:27:19.706 Warning Message: Trying to access error value.
15:27:19.706 Warning Message: No entry 'bin\config.bin/CfgWorlds/DefaultWorld/Weather/LightingNew/C_Day60.atmosphereIntensity'.
15:27:19.706 Warning Message: Trying to access error value.
15:27:19.706 Warning Message: No entry 'bin\config.bin/CfgWorlds/DefaultWorld/Weather/LightingNew/C_Day60.NearCloud'.
15:27:19.706 Warning Message: No entry 'bin\config.bin/CfgWorlds/DefaultWorld/Weather/Overcast/Weather1.farCloud'.
15:27:19.707 Warning Message: Trying to access error value.
15:27:19.707 Warning Message: No entry 'bin\config.bin/CfgWorlds/DefaultWorld/Weather/Overcast/Weather1.cloud'.
15:27:19.707 Warning Message: Trying to access error value.
15:27:19.707 Warning Message: No entry 'bin\config.bin/CfgWorlds/DefaultWorld/Weather/Overcast/Weather2.farCloud'.
15:27:19.707 Warning Message: Trying to access error value.
15:27:19.707 Warning Message: No entry 'bin\config.bin/CfgWorlds/DefaultWorld/Weather/Overcast/Weather2.cloud'.
15:27:19.707 Warning Message: Trying to access error value.
15:27:19.707 Warning Message: No entry 'bin\config.bin/CfgWorlds/DefaultWorld/Weather/Overcast/Weather3.farCloud'.
15:27:19.707 Warning Message: Trying to access error value.
15:27:19.707 Warning Message: No entry 'bin\config.bin/CfgWorlds/DefaultWorld/Weather/Overcast/Weather3.cloud'.
15:27:19.707 Warning Message: Trying to access error value.
15:27:19.707 Warning Message: No entry 'bin\config.bin/CfgWorlds/DefaultWorld/Weather/Overcast/Weather4.farCloud'.
15:27:19.707 Warning Message: Trying to access error value.
15:27:19.707 Warning Message: No entry 'bin\config.bin/CfgWorlds/DefaultWorld/Weather/Overcast/Weather4.cloud'.
15:27:19.707 Warning Message: Trying to access error value.
15:27:19.707 Warning Message: No entry 'bin\config.bin/CfgWorlds/DefaultWorld/Weather/Overcast/Weather5.farCloud'.
15:27:19.707 Warning Message: Trying to access error value.
15:27:19.707 Warning Message: No entry 'bin\config.bin/CfgWorlds/DefaultWorld/Weather/Overcast/Weather5.cloud'.
15:27:19.707 Warning Message: Trying to access error value.
15:27:19.707 Warning Message: No entry 'bin\config.bin/CfgWorlds/DefaultWorld/Weather/LightingNew/C_Day60.spaceIntensity'.
15:27:19.707 Warning Message: Trying to access error value.
15:27:19.707 Warning Message: No entry 'bin\config.bin/CfgWorlds/DefaultWorld/Weather/LightingNew/C_Day60.starsIntensity'.
15:27:19.707 Warning Message: Trying to access error value.
15:27:19.707 Warning Message: No entry 'bin\config.bin/CfgWorlds/DefaultWorld/Weather/LightingNew/C_Day60.atmosphereIntensity'.
15:27:19.707 Warning Message: Trying to access error value.
15:27:19.707 Warning Message: No entry 'bin\config.bin/CfgWorlds/DefaultWorld/Weather/LightingNew/C_Day60.NearCloud'.
15:27:19.707 Warning Message: No entry 'bin\config.bin/CfgWorlds/DefaultWorld.volFogOffset'.
15:27:19.707 Warning Message: Trying to access error value.
15:27:19.707 Warning Message: No entry 'bin\config.bin/CfgWorlds/DefaultWorld.spaceObject'.
15:27:19.707 Warning Message: Trying to access error value.
15:27:19.707 Warning Message: No entry 'bin\config.bin/CfgWorlds/DefaultWorld.atmosphereObject'.
15:27:19.707 Warning Message: Trying to access error value.
15:27:19.707 Atmosphere not loaded, using old 'sky'.
15:27:19.708 Warning Message: No entry 'bin\config.bin/CfgWorlds/DefaultWorld.nearCloudObject'.
15:27:19.708 Warning Message: Trying to access error value.
15:27:19.708 Warning Message: No entry 'bin\config.bin/CfgWorlds/DefaultWorld.cloudObject'.
15:27:19.708 Warning Message: Trying to access error value.
15:27:19.708 Warning Message: No entry 'bin\config.bin/CfgWorlds/DefaultWorld.horizonObject'.
15:27:19.708 Warning Message: Trying to access error value.
15:27:19.710 WORLD        : PreloadVehicles
15:27:19.726 PROFILING    : PreloadVehicles took: 15.521100 ms
15:27:21.530 SCRIPT    (W): @"HB_FlipVehicle/Scripts/4_World/classes\registeractions.c,28": Missing ';' at the end of line
15:27:21.530 SCRIPT    (W): @"HypeTrain/core/scripts_mp/core/objects/train\trainpartenginebase.c,201": FIX-ME: Missing function scope
15:27:21.530 SCRIPT    (W): @"HypeTrain/core/scripts_mp/core/objects/train\trainpartenginebase.c,203": FIX-ME: Missing function scope
15:27:21.530 SCRIPT    (W): @"HypeTrain/core/scripts_mp/core/objects/train\trainpartenginebase.c,205": FIX-ME: Missing function scope
15:27:21.530 SCRIPT    (W): @"HypeTrain/core/scripts_mp/core/objects/train\trainpartenginebase.c,207": FIX-ME: Missing function scope
15:27:21.530 SCRIPT    (W): @"HypeTrain/core/scripts_mp/core/objects/train\trainpartenginebase.c,209": FIX-ME: Missing function scope
15:27:21.530 SCRIPT    (W): @"HypeTrain/core/scripts_mp/core/objects/train\trainpartenginebase.c,211": FIX-ME: Missing function scope
15:27:21.530 SCRIPT    (W): @"HypeTrain/core/scripts_mp/core/objects/train\trainpartenginebase.c,213": FIX-ME: Missing function scope
15:27:21.530 SCRIPT    (W): @"HypeTrain/core/scripts_mp/core/objects/train\trainpartenginebase.c,215": FIX-ME: Missing function scope
15:27:21.530 SCRIPT    (W): @"HypeTrain/core/scripts_mp/core/objects/train\trainpartenginebase.c,217": FIX-ME: Missing function scope
15:27:21.530 SCRIPT    (W): @"HypeTrain/core/scripts_mp/core/objects/train\trainpartenginebase.c,219": FIX-ME: Missing function scope
15:27:21.530 SCRIPT    (W): @"HypeTrain/core/scripts_mp/core/objects/train\trainpartenginebase.c,276": FIX-ME: Missing function scope
15:27:21.530 SCRIPT    (W): @"HypeTrain/core/scripts_mp/core/objects/train\trainpartenginebase.c,336": FIX-ME: Missing function scope
15:27:21.531 SCRIPT    (W): @"HypeTrain/core/scripts_mp/core/objects/train\trainpartbase.c,152": FIX-ME: Missing function scope
15:27:21.531 SCRIPT    (W): @"HypeTrain/core/scripts_mp/core/objects/train\trainpartbase.c,154": FIX-ME: Missing function scope
15:27:21.531 SCRIPT    (W): @"HypeTrain/core/scripts_mp/core/objects/train\trainpartbase.c,156": FIX-ME: Missing function scope
15:27:21.531 SCRIPT    (W): @"HypeTrain/core/scripts_mp/core/objects/train\trainpartbase.c,158": FIX-ME: Missing function scope
15:27:21.531 SCRIPT    (W): @"HypeTrain/core/scripts_mp/core/objects/train\trainpartbase.c,160": FIX-ME: Missing function scope
15:27:21.531 SCRIPT    (W): @"HypeTrain/core/scripts_mp/core/objects/train\trainpartbase.c,162": FIX-ME: Missing function scope
15:27:21.531 SCRIPT    (W): @"HypeTrain/core/scripts_mp/core/objects/train\trainpartbase.c,164": FIX-ME: Missing function scope
15:27:21.531 SCRIPT    (W): @"HypeTrain/core/scripts_mp/core/objects/train\trainpartbase.c,166": FIX-ME: Missing function scope
15:27:21.531 SCRIPT    (W): @"HypeTrain/core/scripts_mp/core/objects/train\trainpartbase.c,168": FIX-ME: Missing function scope
15:27:21.531 SCRIPT    (W): @"HypeTrain/core/scripts_mp/core/objects/train\trainpartbase.c,170": FIX-ME: Missing function scope
15:27:21.531 SCRIPT    (W): @"HypeTrain/core/scripts_mp/core/objects/train\trainpartbase.c,172": FIX-ME: Missing function scope
15:27:21.531 SCRIPT    (W): @"HypeTrain/core/scripts_mp/core/objects/train\trainpartbase.c,174": FIX-ME: Missing function scope
15:27:21.531 SCRIPT    (W): @"HypeTrain/core/scripts_mp/core/objects/train\trainpartbase.c,176": FIX-ME: Missing function scope
15:27:21.531 SCRIPT    (W): @"HypeTrain/core/scripts_mp/core/objects/train\trainpartbase.c,178": FIX-ME: Missing function scope
15:27:21.531 SCRIPT    (W): @"HypeTrain/core/scripts_mp/core/objects/train\trainpartbase.c,180": FIX-ME: Missing function scope
15:27:21.531 SCRIPT    (W): @"HypeTrain/core/scripts_mp/core/objects/train\trainpartbase.c,182": FIX-ME: Missing function scope
15:27:21.531 SCRIPT    (W): @"HypeTrain/core/scripts_mp/core/objects/train\trainpartbase.c,184": FIX-ME: Missing function scope
15:27:21.531 SCRIPT    (W): @"HypeTrain/core/scripts_mp/core/objects/train\trainpartbase.c,186": FIX-ME: Missing function scope
15:27:21.531 SCRIPT    (W): @"HypeTrain/core/scripts_mp/core/objects/train\trainpartbase.c,188": FIX-ME: Missing function scope
15:27:21.531 SCRIPT    (W): @"HypeTrain/core/scripts_mp/core/objects/train\trainpartbase.c,190": FIX-ME: Missing function scope
15:27:21.531 SCRIPT    (W): @"HypeTrain/core/scripts_mp/core/objects/train\trainpartbase.c,192": FIX-ME: Missing function scope
15:27:21.531 SCRIPT    (W): @"HypeTrain/core/scripts_mp/core/objects/train\trainpartbase.c,194": FIX-ME: Missing function scope
15:27:21.531 SCRIPT    (W): @"HypeTrain/core/scripts_mp/core/objects/train\trainpartbase.c,196": FIX-ME: Missing function scope
15:27:21.531 SCRIPT    (W): @"HypeTrain/core/scripts_mp/core/objects/train\trainpartbase.c,198": FIX-ME: Missing function scope
15:27:21.531 SCRIPT    (W): @"HypeTrain/core/scripts_mp/core/objects/train\trainpartbase.c,207": FIX-ME: Missing function scope
15:27:21.531 SCRIPT    (W): @"HypeTrain/core/scripts_mp/core/objects/train\trainpartbase.c,209": FIX-ME: Missing function scope
15:27:21.531 SCRIPT    (W): @"HypeTrain/core/scripts_mp/core/objects/train\trainpartbase.c,287": FIX-ME: Missing function scope
15:27:21.533 SCRIPT    (W): @"HypeTrain/core/scripts_mp/core/logic/driver\humancommandtraindriver.c,205": FIX-ME: Missing function scope
15:27:21.551 SCRIPT    (W): @"script_a/Scripts/4_World/entities\creatures\infected\zombiebase.c,280": FIX-ME: Unmatched brackets detected!
15:27:21.552 SCRIPT    (W): @"script_a/Scripts/4_World/bipod\megagovno.c,5": FIX-ME: Missing function scope
15:27:21.552 SCRIPT    (W): @"script_a/Scripts/4_World/bipod\megagovno.c,13": FIX-ME: Missing function scope
15:27:21.552 SCRIPT    (W): @"script_a/Scripts/4_World/bipod\megagovno.c,15": FIX-ME: Missing function scope
15:27:21.552 SCRIPT    (W): @"script_a/Scripts/4_World/bipod\megagovno.c,17": FIX-ME: Missing function scope
15:27:21.552 SCRIPT    (W): @"script_a/Scripts/4_World/bipod\megagovno.c,46": FIX-ME: Missing function scope
15:27:21.552 SCRIPT    (W): @"script_a/Scripts/4_World/bipod\megagovno.c,54": FIX-ME: Missing function scope
15:27:21.552 SCRIPT    (W): @"script_a/Scripts/4_World/bipod\megagovno.c,56": FIX-ME: Missing function scope
15:27:21.552 SCRIPT    (W): @"script_a/Scripts/4_World/bipod\megagovno.c,58": FIX-ME: Missing function scope
15:27:21.552 SCRIPT    (W): @"script_a/Scripts/4_World/bipod\megagovno.c,99": FIX-ME: Missing function scope
15:27:21.552 SCRIPT    (W): @"script_a/Scripts/4_World/classes\useractionscomponent\actions\singleuse\action.c,16": FIX-ME: Missing function scope
15:27:21.552 SCRIPT    (W): @"script_a/Scripts/4_World/classes\useractionscomponent\actions\singleuse\action.c,74": FIX-ME: Missing function scope
15:27:21.552 SCRIPT    (W): @"script_a/Scripts/4_World/classes\useractionscomponent\actions\singleuse\action.c,131": FIX-ME: Missing function scope
15:27:21.584 SCRIPT    (W): @"vg7_scorpion/vg7_scorpion/Scripts/4_World/action\actiontogglevg7scorpionsmokescreen.c,50": condition with no body?
15:27:21.904 SCRIPT    (W): @"kamaz_4310RUS\scripts\4_World/carscript_kamaz_4310rus_cabinmanipulte.c,8": FIX-ME: Overriding function 'IsCabinCanManipulate' but not marked as 'override'
15:27:21.904 SCRIPT    (W): @"kamaz_4310RUS\scripts\4_World/carscript_kamaz_4310rus_cabinmanipulte.c,13": FIX-ME: Overriding function 'GetCabinAnimationSource' but not marked as 'override'
15:27:21.904 SCRIPT    (W): @"kamaz_4310RUS\scripts\4_World/carscript_kamaz_4310rus_cabinmanipulte.c,18": FIX-ME: Overriding function 'IsCabinRised' but not marked as 'override'
15:27:21.904 SCRIPT    (W): @"kamaz_4310RUS\scripts\4_World/carscript_kamaz_4310rus_cabinmanipulte.c,23": FIX-ME: Overriding function 'IsPassengersInCabin' but not marked as 'override'
15:27:21.904 SCRIPT    (W): @"tractor_UMZ_RUS\scripts\4_World/carscript.c,4": FIX-ME: Overriding function 'HandleDoorsSound' but not marked as 'override'
15:27:21.907 SCRIPT    (W): @"script_a/Scripts/4_World/entities\itembase\weapon\weapon_base.c,3": FIX-ME: Overriding function 'IsBipodDeployed' but not marked as 'override'
15:27:21.915 SCRIPT    (W): @"CodeLock/scripts/4_world/entities\codelock.c,308": FIX-ME: Method argument can't be strong reference
15:27:22.07  SCRIPT    (W): @"script_a/Scripts/4_World/weapons\m14_dmr.c,151": FIX-ME: Overriding function 'AssembleGun' but not marked as 'override'
15:27:22.43  SCRIPT    (W): @"kamaz_4310RUS\scripts\4_World/static\miscgameplayfunctions.c,6": FIX-ME: Overriding function 'IsInsideCar' but not marked as 'override'
15:27:22.107 SCRIPT    (W): @"Jeep_Wnagler/scripts/Jeep_Wnagler/jeep_wnagler.c,171": FIX-ME: Overriding function 'GetDoorConditionPointFromSelection' but not marked as 'override'
15:27:22.144 SCRIPT    (W): @"LM_Helicopters/scripts/4_world/llamahelicopterscript.c,366": FIX-ME: Overriding function 'GetCameraDistance' but not marked as 'override'
15:27:22.158 SCRIPT    (W): @"CodeLock/scripts/4_world/pluginmanager\pluginbase\permissions\codelockpermissionmanager.c,46": FIX-ME: Method argument can't be strong reference
15:27:22.215 SCRIPT    (W): @"script_a/Scripts/4_World/weapons\ak105_bullpup.c,48": FIX-ME: Overriding function 'AssembleGun' but not marked as 'override'
15:27:22.231 SCRIPT    (W): @"script_a/Scripts/4_World/weapons\pkm.c,105": FIX-ME: Overriding function 'AssembleGun' but not marked as 'override'
15:27:22.269 SCRIPT    (W): @"script_a/Scripts/4_World/weapons\m14_dmr.c,86": FIX-ME: Overriding function 'AssembleGun' but not marked as 'override'
15:27:22.273 SCRIPT    (W): @"BaseBuildingPlus/scripts/4_World/basebuildingplusui\entites\manbase\playerbase.c,16": FIX-ME: Overriding function 'ToggleBookReading' but not marked as 'override'
15:27:22.273 SCRIPT    (W): @"BaseBuildingPlus/scripts/4_World/basebuildingplusui\entites\manbase\playerbase.c,20": FIX-ME: Overriding function 'IsReadingBook' but not marked as 'override'
15:27:22.290 SCRIPT    (W): @"Glowler_ITV/scripts/Glowler_ITV/glowler_itv.c,162": FIX-ME: Overriding function 'GetDoorConditionPointFromSelection' but not marked as 'override'
15:27:22.314 SCRIPT    (W): @"script_a/Scripts/4_World/weapons\pkm.c,252": FIX-ME: Overriding function 'AssembleGun' but not marked as 'override'
15:27:22.348 SCRIPT    (W): @"MRAP_Cougar/scripts/MRAP_Cougar/mrap_cougar.c,235": FIX-ME: Overriding function 'GetDoorConditionPointFromSelection' but not marked as 'override'
15:27:22.372 SCRIPT    (W): @"LAPV_camo/scripts/LAPV_camo/lapv_camo.c,270": FIX-ME: Overriding function 'GetDoorConditionPointFromSelection' but not marked as 'override'
15:27:22.433 SCRIPT    (W): @"CodeLock/scripts/4_world/gui\guestcodemenu.c,29": FIX-ME: Overriding function 'SendRPC' but not marked as 'override'
15:27:22.446 SCRIPT    (W): @"script_a/Scripts/4_World/bipod\bipod_base.c,93": FIX-ME: Overriding function 'IsBipodInUse' but not marked as 'override'
15:27:22.484 SCRIPT    (W): @"script_a/Scripts/4_World/bipod\bipod_base.c,84": FIX-ME: Overriding function 'IsBipodInUse' but not marked as 'override'
15:27:22.492 SCRIPT    (W): @"CodeLock/scripts/4_world/gui\claimcodemenu.c,27": FIX-ME: Overriding function 'SendRPC' but not marked as 'override'
15:27:22.492 SCRIPT    (W): @"SR_Weapons_Scripts/scripts/4_world/weapons\scar_h.c,26": FIX-ME: Overriding function 'EEItemDetached' but not marked as 'override'
15:27:22.497 SCRIPT    (W): @"BedRespawning/scripts/4_World/bedmanager.c,188": FIX-ME: Method argument can't be strong reference
15:27:22.505 SCRIPT    (W): @"CodeLock/scripts/4_world/gui\entercodemenu.c,37": FIX-ME: Overriding function 'SendRPC' but not marked as 'override'
15:27:22.537 SCRIPT    (W): @"script_a/Scripts/4_World/weapons\anzio20.c,321": FIX-ME: Overriding function 'AssembleGun' but not marked as 'override'
15:27:22.577 SCRIPT    (W): @"SR_Weapons_Scripts/scripts/4_world/weapons\rsass.c,30": FIX-ME: Overriding function 'EEItemDetached' but not marked as 'override'
15:27:22.579 SCRIPT    (W): @"SR_Weapons_Scripts/scripts/4_world/weapons\scar_l.c,26": FIX-ME: Overriding function 'EEItemDetached' but not marked as 'override'
15:27:22.598 SCRIPT    (W): @"script_a/Scripts/4_World/classes\useractionscomponent\actions\singleuse\action.c,180": Possible variable name conflict 'second_item_health'
15:27:22.605 SCRIPT    (W): @"LAPV_tan/scripts/LAPV_tan/lapv_tan.c,270": FIX-ME: Overriding function 'GetDoorConditionPointFromSelection' but not marked as 'override'
15:27:22.621 SCRIPT    (W): @"script_a/Scripts/4_World/weapons\m249.c,27": FIX-ME: Overriding function 'AssembleGun' but not marked as 'override'
15:27:22.624 SCRIPT    (W): @"script_a/Scripts/4_World/bipod\bipod_base.c,112": FIX-ME: Overriding function 'IsBipodInUse' but not marked as 'override'
15:27:22.691 SCRIPT    (W): @"CodeLock/scripts/4_world/gui\setcodemenu.c,31": FIX-ME: Overriding function 'CheckState' but not marked as 'override'
15:27:22.700 SCRIPT    (W): @"script_a/Scripts/4_World/entities\itembase\tf_burningshard.c,115": FIX-ME: Overriding function 'IsTakeable' but not marked as 'override'
15:27:22.700 SCRIPT    (W): @"script_a/Scripts/4_World/entities\itembase\tf_burningshard.c,120": FIX-ME: Overriding function 'CanHaveTemperature' but not marked as 'override'
15:27:22.712 SCRIPT    (W): @"WindstrideClothing/scripts/4_World/namalsk\frostbite.c,4": FIX-ME: Overriding function 'CheckSlotOfInterest' but not marked as 'override'
15:27:22.718 SCRIPT    (W): @"LAPV_green/scripts/LAPV_green/lapv_green.c,270": FIX-ME: Overriding function 'GetDoorConditionPointFromSelection' but not marked as 'override'
15:27:22.723 SCRIPT    (W): @"script_a/Scripts/4_World/bipod\bipod_base.c,102": FIX-ME: Overriding function 'IsBipodInUse' but not marked as 'override'
15:27:22.741 SCRIPT    (W): @"script_a/Scripts/4_World/weapons\m240.c,27": FIX-ME: Overriding function 'AssembleGun' but not marked as 'override'
15:27:22.780 SCRIPT    (W): @"LAPV/scripts/LAPV/lapv.c,270": FIX-ME: Overriding function 'GetDoorConditionPointFromSelection' but not marked as 'override'
15:27:25.648 SCRIPT    (W): @"CodeLock/scripts/4_world/actions\continuous\actiondestroycodelockontent.c,73": Possible variable name conflict '_Health'
15:27:25.745 SCRIPT    (W): @"CodeLock/scripts/4_world/actions\continuous\actiondestroycodelockonfence.c,67": Possible variable name conflict '_Health'
15:27:32.593 SCRIPT    (W): @"jesko/scripts/jesko/jesko.c,97": 'GetController' is obsolete: Use methods directly on Car
15:27:33.145 SCRIPT    (W): @"MBM_Apocalypse_Truck\scripts\4_World/entities\vehicle\apocalypsetruck.c,262": 'GetController' is obsolete: Use methods directly on Car
15:27:35.352 SCRIPT    (W): @"Ural_2022\scripts\4_World/ural_2022.c,200": 'GetThrust' is obsolete: Use Car.GetThrottle
15:27:35.527 SCRIPT    (W): @"vg7_scorpion/vg7_scorpion/Scripts/4_World/action\actiontogglevg7scorpionstandupchopper.c,69": FIX-ME: Unsafe down-casting, use 'Car.Cast' for safe down-casting
15:27:35.839 SCRIPT    (W): @"AI_Bandits/Scripts/4_World/classes\sriptedentity\trigger.c,180": FIX-ME: Unsafe down-casting, use 'InfectedBanditBase.Cast' for safe down-casting
15:27:45.606 SCRIPT    (W): @"Dayz_Horse/Scripts/4_World/dayzplayerimplement.c,180": No need to use 'Cast' for up-casting
15:27:47.100 SCRIPT       : Initializing globals 'World'
15:27:47.100  SCRIPT       : [GazBaloonConfig] config found, loading...
15:27:47.464 SCRIPT       : Module: World; loaded 7305x files; 15501x classes; used 22453/33554 kB (66) of static memory; defines: "DAYZ_1_29,SERVER_FOR_WINDOWS,SERVER,PLATFORM_WINDOWS,RELEASE,NO_GUI,NO_GUI_INGAME,DZ_Expansion_BaseBuilding_Preload,DZ_Expansion_Core_Preload,DZ_Expansion_Garage_Preload,DZ_Expansion_KillFeed_Preload,DZ_Expansion_ModStorage_Preload,EXPANSION_MODSTORAGE,DZ_Expansion_Preload,DZ_Expansion_Vehicles_Preload,SurvivorAnimsDefines,armor_a,SobrMods_Barrel_Fix,BBP_keybind,BedRespawning,CJ_Radio_Scripts,CodeLock,DabsFramework,DZ_Expansion_DefineTest,sakhal,Ford_Bronco_XLT,Ford_Bronco_XLT_Data,Ford_Crown_Victoria_BOSS,Ford_Mustang_Shelby_GT500,Ford_Mustang_Shelby_GT500_Data,Ford_Mustang_SVT,Ford_Raptor_MonsterTruck,Ford_Raptor_MonstarTruck_Data,GCGN_Guns,Gerph_CarXFence_Core,Gerph_CarXFence_Main,GMC_BOSS,GMC_BOSS_Data,grenades_a,GT2RS_MR,Guns_CFG,HB_FlipVehicle,HypeTrain,HypeTrain_742_Locomotive,Jeep_GladiatorF9,Jeep_GladiatorF9_Data,JM_CommunityFramework,CF_MODULE_CONFIG,CF_EXPRESSION,CF_T
15:27:47.952 Warning: CfgWeapons missing in PreloadConfig - may slow down vehicle creation
15:27:47.953 Warning: CfgMagazines missing in PreloadConfig - may slow down vehicle creation
15:27:47.953 String "STR_DN_UNKNOWN" not found (not in localization table)
15:27:47.953 String "STR_DN_TRANSPORT" not found (not in localization table)
15:27:47.953 String "STR_DN_CAR" not found (not in localization table)
15:27:47.953 String "STR_DN_BOAT" not found (not in localization table)
15:27:47.953 String "STR_DN_HELICOPTER" not found (not in localization table)
15:27:47.953 String "STR_DN_HELICOPTER" not found (not in localization table)
15:27:47.953 String "STR_DN_UNKNOWN" not found (not in localization table)
15:27:47.953 String "STR_DN_MAN" not found (not in localization table)
15:27:47.953 String "STR_DN_ANIMAL" not found (not in localization table)
15:27:47.953 String "STR_DN_UNKNOWN" not found (not in localization table)
15:27:47.953 String "STR_DN_BUNKER" not found (not in localization table)
15:27:47.953 String "STR_DN_UNKNOWN" not found (not in localization table)
15:27:47.953 String "STR_DN_UNKNOWN" not found (not in localization table)
15:27:47.953 String "STR_DN_UNKNOWN" not found (not in localization table)
15:27:47.953 String "STR_DN_UNKNOWN" not found (not in localization table)
15:27:47.953 String "STR_DN_MAN" not found (not in localization table)
15:27:47.953 String "STR_DN_MAN" not found (not in localization table)
15:27:47.953 String "STR_DN_MAN" not found (not in localization table)
15:27:47.953 Warning Message: No entry 'bin\config.bin/CfgVehicles/Inventory_Base/DamageSystem.DamageZones'.
15:27:47.953 Warning Message: No entry 'bin\config.bin/CfgVehicles/Inventory_Base/DamageSystem.DamageZones'.
15:27:47.953 Warning Message: No entry 'bin\config.bin/CfgVehicles/Inventory_Base/DamageSystem.DamageZones'.
15:27:47.953 Warning Message: No entry 'bin\config.bin/CfgVehicles/Inventory_Base/DamageSystem.DamageZones'.
15:27:47.954 Warning Message: No entry 'bin\config.bin/CfgVehicles/Inventory_Base/DamageSystem.DamageZones'.
15:27:47.954 Warning Message: No entry 'bin\config.bin/CfgVehicles/Inventory_Base/DamageSystem.DamageZones'.
15:27:47.954 Warning Message: No entry 'bin\config.bin/CfgVehicles/Inventory_Base/DamageSystem.DamageZones'.
15:27:47.954 Warning Message: No entry 'bin\config.bin/CfgVehicles/Inventory_Base/DamageSystem.DamageZones'.
15:27:47.954 Warning Message: No entry 'bin\config.bin/CfgVehicles/Inventory_Base/DamageSystem.DamageZones'.
15:27:47.954 Warning Message: No entry 'bin\config.bin/CfgVehicles/Inventory_Base/DamageSystem.DamageZones'.
15:27:47.954 Warning Message: No entry 'bin\config.bin/CfgVehicles/Clothing_Base/DamageSystem.DamageZones'.
15:27:47.954 Warning Message: No entry 'bin\config.bin/CfgVehicles/Inventory_Base/DamageSystem.DamageZones'.
15:27:47.954 Warning Message: No entry 'bin\config.bin/CfgVehicles/Inventory_Base/DamageSystem.DamageZones'.
15:27:47.954 Warning Message: No entry 'bin\config.bin/CfgVehicles/Inventory_Base/DamageSystem.DamageZones'.
15:27:47.954 Warning Message: No entry 'bin\config.bin/CfgVehicles/Inventory_Base/DamageSystem.DamageZones'.
15:27:47.954 Warning Message: No entry 'bin\config.bin/CfgVehicles/BBP_WALL_BASE/DamageSystem.DamageZones'.
15:27:47.954 Warning Message: No entry 'bin\config.bin/CfgVehicles/BBP_WALL_BASE/DamageSystem.DamageZones'.
15:27:47.954 Warning Message: No entry 'bin\config.bin/CfgVehicles/BBP_WALL_BASE/DamageSystem.DamageZones'.
15:27:47.955 Warning Message: No entry 'bin\config.bin/CfgVehicles/BBP_Carpet/DamageSystem/GlobalHealth/GlobalArmor.hitpoints'.
15:27:47.955 Warning Message: Trying to access error value.
15:27:47.955 Warning Message: No entry 'bin\config.bin/CfgVehicles/BBP_Carpet/DamageSystem.DamageZones'.
15:27:47.955 Warning Message: No entry 'bin\config.bin/CfgVehicles/BBP_Plaster/DamageSystem/GlobalHealth/GlobalArmor.hitpoints'.
15:27:47.955 Warning Message: Trying to access error value.
15:27:47.955 Warning Message: No entry 'bin\config.bin/CfgVehicles/BBP_Plaster/DamageSystem.DamageZones'.
15:27:47.955 Warning Message: No entry 'bin\config.bin/CfgVehicles/BBP_WallPaper/DamageSystem/GlobalHealth/GlobalArmor.hitpoints'.
15:27:47.955 Warning Message: Trying to access error value.
15:27:47.955 Warning Message: No entry 'bin\config.bin/CfgVehicles/BBP_WallPaper/DamageSystem.DamageZones'.
15:27:47.955 Warning Message: No entry 'bin\config.bin/CfgVehicles/BBP_WallPaper_Mural/DamageSystem/GlobalHealth/GlobalArmor.hitpoints'.
15:27:47.955 Warning Message: Trying to access error value.
15:27:47.955 Warning Message: No entry 'bin\config.bin/CfgVehicles/BBP_WallPaper_Mural/DamageSystem.DamageZones'.
15:27:47.955 Warning Message: No entry 'bin\config.bin/CfgVehicles/WoodenCrate/DamageSystem.DamageZones'.
15:27:47.961 Warning Message: No entry 'bin\config.bin/CfgVehicles/BBP_Workstation_Base/DamageSystem.DamageZones'.
15:27:47.961 Warning Message: No entry 'bin\config.bin/CfgVehicles/Inventory_Base/DamageSystem.DamageZones'.
15:27:47.961 Warning Message: No entry 'bin\config.bin/CfgVehicles/Inventory_Base/DamageSystem.DamageZones'.
15:27:47.962 Warning Message: No entry 'bin\config.bin/CfgVehicles/Inventory_Base/DamageSystem.DamageZones'.
15:27:47.962 Warning Message: No entry 'bin\config.bin/CfgVehicles/Inventory_Base/DamageSystem.DamageZones'.
15:27:47.962 Warning Message: No entry 'bin\config.bin/CfgVehicles/Inventory_Base/DamageSystem.DamageZones'.
15:27:47.962 Warning Message: No entry 'bin\config.bin/CfgVehicles/Inventory_Base/DamageSystem.DamageZones'.
15:27:47.962 Warning Message: No entry 'bin\config.bin/CfgVehicles/ExpansionMoneyBanknote_Base/DamageSystem.DamageZones'.
15:27:47.962 Warning Message: No entry 'bin\config.bin/CfgVehicles/Inventory_Base/DamageSystem.DamageZones'.
15:27:47.962 Warning Message: No entry 'bin\config.bin/CfgVehicles/Inventory_Base/DamageSystem.DamageZones'.
15:27:47.962 Warning Message: No entry 'bin\config.bin/CfgVehicles/Inventory_Base/DamageSystem.DamageZones'.
15:27:47.962 Warning Message: No entry 'bin\config.bin/CfgVehicles/Inventory_Base/DamageSystem.DamageZones'.
15:27:47.962 Warning Message: No entry 'bin\config.bin/CfgVehicles/ExpansionMoneyBanknote_InsanityStack/DamageSystem.DamageZones'.
15:27:47.962 Warning Message: No entry 'bin\config.bin/CfgVehicles/ExpansionKitBase/DamageSystem/GlobalHealth/GlobalArmor.hitpoints'.
15:27:47.962 Warning Message: Trying to access error value.
15:27:47.962 Warning Message: No entry 'bin\config.bin/CfgVehicles/ExpansionKitBase/DamageSystem.DamageZones'.
15:27:47.962 Warning Message: No entry 'bin\config.bin/CfgVehicles/ExpansionKitBase/DamageSystem/GlobalHealth/GlobalArmor.hitpoints'.
15:27:47.962 Warning Message: Trying to access error value.
15:27:47.962 Warning Message: No entry 'bin\config.bin/CfgVehicles/ExpansionKitBase/DamageSystem.DamageZones'.
15:27:47.963 Warning Message: No entry 'bin\config.bin/CfgVehicles/ExpansionKitBase/DamageSystem/GlobalHealth/GlobalArmor.hitpoints'.
15:27:47.963 Warning Message: Trying to access error value.
15:27:47.963 Warning Message: No entry 'bin\config.bin/CfgVehicles/ExpansionKitBase/DamageSystem.DamageZones'.
15:27:47.963 Warning Message: No entry 'bin\config.bin/CfgVehicles/ExpansionKitBase/DamageSystem/GlobalHealth/GlobalArmor.hitpoints'.
15:27:47.963 Warning Message: Trying to access error value.
15:27:47.963 Warning Message: No entry 'bin\config.bin/CfgVehicles/ExpansionKitBase/DamageSystem.DamageZones'.
15:27:47.963 Warning Message: No entry 'bin\config.bin/CfgVehicles/Inventory_Base/DamageSystem.DamageZones'.
15:27:47.963 Warning Message: No entry 'bin\config.bin/CfgVehicles/ExpansionFloorBase/DamageSystem.DamageZones'.
15:27:47.963 Warning Message: No entry 'bin\config.bin/CfgVehicles/Inventory_Base/DamageSystem.DamageZones'.
15:27:47.963 Warning Message: No entry 'bin\config.bin/CfgVehicles/Inventory_Base/DamageSystem.DamageZones'.
15:27:47.964 Warning Message: No entry 'bin\config.bin/CfgVehicles/Inventory_Base/DamageSystem.DamageZones'.
15:27:47.964 Warning Message: No entry 'bin\config.bin/CfgVehicles/ExpansionSafeBase/DamageSystem.DamageZones'.
15:27:47.964 Warning Message: No entry 'bin\config.bin/CfgVehicles/ExpansionStairBase/DamageSystem.DamageZones'.
15:27:47.964 Warning Message: No entry 'bin\config.bin/CfgVehicles/Inventory_Base/DamageSystem.DamageZones'.
15:27:47.964 Warning Message: No entry 'bin\config.bin/CfgVehicles/Inventory_Base/DamageSystem.DamageZones'.
15:27:47.964 Warning Message: No entry 'bin\config.bin/CfgVehicles/Inventory_Base/DamageSystem.DamageZones'.
15:27:47.964 Warning Message: No entry 'bin\config.bin/CfgVehicles/Inventory_Base/DamageSystem.DamageZones'.
15:27:47.964 Warning Message: No entry 'bin\config.bin/CfgVehicles/Inventory_Base/DamageSystem.DamageZones'.
15:27:47.964 Warning Message: No entry 'bin\config.bin/CfgVehicles/Inventory_Base/DamageSystem.DamageZones'.
15:27:47.964 Warning Message: No entry 'bin\config.bin/CfgVehicles/Inventory_Base/DamageSystem.DamageZones'.
15:27:47.964 String "STR_DN_ANIMAL" not found (not in localization table)
15:27:47.964 String "STR_DN_ANIMAL" not found (not in localization table)
15:27:47.964 Warning Message: No entry 'bin\config.bin/CfgVehicles/Animal_GallusGallusDomesticusF/DamageSystem.DamageZones'.
15:27:47.965 Warning Message: No entry 'bin\config.bin/CfgVehicles/Clothing_Base/DamageSystem.DamageZones'.
15:27:47.965 Warning Message: No entry 'bin\config.bin/CfgVehicles/WorkingGloves_ColorBase/DamageSystem.DamageZones'.
15:27:47.965 Warning Message: No entry 'bin\config.bin/CfgVehicles/TacticalGloves_ColorBase/DamageSystem.DamageZones'.
15:27:47.966 Warning Message: No entry 'bin\config.bin/CfgVehicles/NBCGloves_ColorBase/DamageSystem.DamageZones'.
15:27:47.966 Warning Message: No entry 'bin\config.bin/CfgVehicles/SurgicalGloves_ColorBase/DamageSystem.DamageZones'.
15:27:47.966 Warning Message: No entry 'bin\config.bin/CfgVehicles/LeatherGloves_ColorBase/DamageSystem.DamageZones'.
15:27:47.966 Warning Message: No entry 'bin\config.bin/CfgVehicles/OMNOGloves_ColorBase/DamageSystem.DamageZones'.
15:27:47.966 Warning Message: No entry 'bin\config.bin/CfgVehicles/WoolGloves_ColorBase/DamageSystem.DamageZones'.
15:27:47.966 Warning Message: No entry 'bin\config.bin/CfgVehicles/WoolGlovesFingerless_ColorBase/DamageSystem.DamageZones'.
15:27:47.966 Warning Message: No entry 'bin\config.bin/CfgVehicles/PaddedGloves_ColorBase/DamageSystem.DamageZones'.
15:27:47.966 Warning Message: No entry 'bin\config.bin/CfgVehicles/SkiGloves_ColorBase/DamageSystem.DamageZones'.
15:27:47.967 Warning Message: No entry 'bin\config.bin/CfgVehicles/BallisticHelmet_ColorBase/DamageSystem.DamageZones'.
15:27:47.967 Warning Message: No entry 'bin\config.bin/CfgVehicles/BaseballCap_ColorBase/DamageSystem.DamageZones'.
15:27:47.967 Warning Message: No entry 'bin\config.bin/CfgVehicles/ConstructionHelmet_ColorBase/DamageSystem.DamageZones'.
15:27:47.967 Warning Message: No entry 'bin\config.bin/CfgVehicles/BeanieHat_ColorBase/DamageSystem.DamageZones'.
15:27:47.967 Warning Message: No entry 'bin\config.bin/CfgVehicles/Ushanka_ColorBase/DamageSystem.DamageZones'.
15:27:47.967 Warning Message: No entry 'bin\config.bin/CfgVehicles/MotoHelmet_ColorBase/DamageSystem.DamageZones'.
15:27:47.967 Warning Message: No entry 'bin\config.bin/CfgVehicles/DarkMotoHelmet_ColorBase/DamageSystem.DamageZones'.
15:27:47.967 Warning Message: No entry 'bin\config.bin/CfgVehicles/Headtorch_ColorBase/DamageSystem.DamageZones'.
15:27:47.967 Warning Message: No entry 'bin\config.bin/CfgVehicles/Bandana_ColorBase/DamageSystem.DamageZones'.
15:27:47.967 Warning Message: No entry 'bin\config.bin/CfgVehicles/Shemag_ColorBase/DamageSystem.DamageZones'.
15:27:47.968 Warning Message: No entry 'bin\config.bin/CfgVehicles/RadarCap_ColorBase/DamageSystem.DamageZones'.
15:27:47.968 Warning Message: No entry 'bin\config.bin/CfgVehicles/MilitaryBeret_ColorBase/DamageSystem.DamageZones'.
15:27:47.968 Warning Message: No entry 'bin\config.bin/CfgVehicles/FlatCap_ColorBase/DamageSystem.DamageZones'.
15:27:47.968 Warning Message: No entry 'bin\config.bin/CfgVehicles/ZmijovkaCap_ColorBase/DamageSystem.DamageZones'.
15:27:47.968 Warning Message: No entry 'bin\config.bin/CfgVehicles/CowboyHat_ColorBase/DamageSystem.DamageZones'.
15:27:47.968 Warning Message: No entry 'bin\config.bin/CfgVehicles/BoonieHat_ColorBase/DamageSystem.DamageZones'.
15:27:47.968 Warning Message: No entry 'bin\config.bin/CfgVehicles/FirefightersHelmet_ColorBase/DamageSystem.DamageZones'.
15:27:47.968 Warning Message: No entry 'bin\config.bin/CfgVehicles/SkateHelmet_ColorBase/DamageSystem.DamageZones'.
15:27:47.969 Warning Message: No entry 'bin\config.bin/CfgVehicles/GhillieHood_ColorBase/DamageSystem.DamageZones'.
15:27:47.969 Warning Message: No entry 'bin\config.bin/CfgVehicles/LeatherHat_ColorBase/DamageSystem.DamageZones'.
15:27:47.969 Warning Message: No entry 'bin\config.bin/CfgVehicles/MedicalScrubsHat_ColorBase/DamageSystem.DamageZones'.
15:27:47.969 Warning Message: No entry 'bin\config.bin/CfgVehicles/DirtBikeHelmet_ColorBase/DamageSystem.DamageZones'.
15:27:47.969 Warning Message: No entry 'bin\config.bin/CfgVehicles/NBCHoodBase/DamageSystem.DamageZones'.
15:27:47.969 Warning Message: No entry 'bin\config.bin/CfgVehicles/HockeyHelmet_ColorBase/DamageSystem.DamageZones'.
15:27:47.970 Warning Message: No entry 'bin\config.bin/CfgVehicles/WitchHood_ColorBase/DamageSystem.DamageZones'.
15:27:47.970 Warning Message: No entry 'bin\config.bin/CfgVehicles/WitchHoodCoif_ColorBase/DamageSystem.DamageZones'.
15:27:47.970 Warning Message: No entry 'bin\config.bin/CfgVehicles/WinterCoif_ColorBase/DamageSystem.DamageZones'.
15:27:47.970 Warning Message: No entry 'bin\config.bin/CfgVehicles/OKZKCap_ColorBase/DamageSystem.DamageZones'.
15:27:47.970 Warning Message: No entry 'bin\config.bin/CfgVehicles/PetushokHat_ColorBase/DamageSystem.DamageZones'.
15:27:47.970 Warning Message: No entry 'bin\config.bin/CfgVehicles/Clothing_Base/DamageSystem.DamageZones'.
15:27:47.971 Warning Message: No entry 'bin\config.bin/CfgVehicles/Clothing_Base/DamageSystem.DamageZones'.
15:27:47.971 Warning Message: No entry 'bin\config.bin/CfgVehicles/SnowstormUshanka_ColorBase/DamageSystem.DamageZones'.
15:27:47.971 Warning Message: No entry 'bin\config.bin/CfgVehicles/BudenovkaHat_ColorBase/DamageSystem.DamageZones'.
15:27:47.971 Warning Message: No entry 'bin\config.bin/CfgVehicles/SherpaHat_ColorBase/DamageSystem.DamageZones'.
15:27:47.971 Warning Message: No entry 'bin\config.bin/CfgVehicles/Clothing_Base/DamageSystem.DamageZones'.
15:27:47.971 Warning Message: No entry 'bin\config.bin/CfgVehicles/T56TankerHelmet_ColorBase/DamageSystem.DamageZones'.
15:27:47.971 Warning Message: No entry 'bin\config.bin/CfgVehicles/MilitaryCap_ColorBase/DamageSystem.DamageZones'.
15:27:47.971 Warning Message: No entry 'bin\config.bin/CfgVehicles/BalaclavaMask_ColorBase/DamageSystem.DamageZones'.
15:27:47.971 Warning Message: No entry 'bin\config.bin/CfgVehicles/Clothing_Base/DamageSystem.DamageZones'.
15:27:47.971 Warning Message: No entry 'bin\config.bin/CfgVehicles/GP5GasMask_Filter/DamageSystem.DamageZones'.
15:27:47.971 Warning Message: No entry 'bin\config.bin/CfgVehicles/Balaclava3Holes_ColorBase/DamageSystem.DamageZones'.
15:27:47.972 Warning Message: No entry 'bin\config.bin/CfgVehicles/Jeans_ColorBase/DamageSystem.DamageZones'.
15:27:47.972 Warning Message: No entry 'bin\config.bin/CfgVehicles/CargoPants_ColorBase/DamageSystem.DamageZones'.
15:27:47.972 Warning Message: No entry 'bin\config.bin/CfgVehicles/HunterPants_ColorBase/DamageSystem.DamageZones'.
15:27:47.972 Warning Message: No entry 'bin\config.bin/CfgVehicles/CanvasPants_ColorBase/DamageSystem.DamageZones'.
15:27:47.972 Warning Message: No entry 'bin\config.bin/CfgVehicles/CanvasPantsMidi_ColorBase/DamageSystem.DamageZones'.
15:27:47.972 Warning Message: No entry 'bin\config.bin/CfgVehicles/TrackSuitPants_ColorBase/DamageSystem.DamageZones'.
15:27:47.990 Warning Message: No entry 'bin\config.bin/CfgVehicles/GorkaPants_ColorBase/DamageSystem.DamageZones'.
15:27:47.990 Warning Message: No entry 'bin\config.bin/CfgVehicles/ParamedicPants_ColorBase/DamageSystem.DamageZones'.
15:27:47.990 Warning Message: No entry 'bin\config.bin/CfgVehicles/FirefightersPants_ColorBase/DamageSystem.DamageZones'.
15:27:47.990 Warning Message: No entry 'bin\config.bin/CfgVehicles/LeatherPants_ColorBase/DamageSystem.DamageZones'.
15:27:47.990 Warning Message: No entry 'bin\config.bin/CfgVehicles/MedicalScrubsPants_ColorBase/DamageSystem.DamageZones'.
15:27:47.990 Warning Message: No entry 'bin\config.bin/CfgVehicles/USMCPants_ColorBase/DamageSystem.DamageZones'.
15:27:47.990 Warning Message: No entry 'bin\config.bin/CfgVehicles/OMKPants_ColorBase/DamageSystem.DamageZones'.
15:27:47.991 Warning Message: No entry 'bin\config.bin/CfgVehicles/SlacksPants_ColorBase/DamageSystem.DamageZones'.
15:27:47.991 Warning Message: No entry 'bin\config.bin/CfgVehicles/NBCPantsBase/DamageSystem.DamageZones'.
15:27:47.991 Warning Message: No entry 'bin\config.bin/CfgVehicles/Breeches_ColorBase/DamageSystem.DamageZones'.
15:27:47.991 Warning Message: No entry 'bin\config.bin/CfgVehicles/ShortJeans_ColorBase/DamageSystem.DamageZones'.
15:27:47.991 Warning Message: No entry 'bin\config.bin/CfgVehicles/Skirt_ColorBase/DamageSystem.DamageZones'.
15:27:47.991 Warning Message: No entry 'bin\config.bin/CfgVehicles/JumpsuitPants_ColorBase/DamageSystem.DamageZones'.
15:27:47.992 Warning Message: No entry 'bin\config.bin/CfgVehicles/AthleticShoes_ColorBase/DamageSystem.DamageZones'.
15:27:47.992 Warning Message: No entry 'bin\config.bin/CfgVehicles/HikingBoots_ColorBase/DamageSystem.DamageZones'.
15:27:47.992 Warning Message: No entry 'bin\config.bin/CfgVehicles/HikingBootsLow_ColorBase/DamageSystem.DamageZones'.
15:27:47.992 Warning Message: No entry 'bin\config.bin/CfgVehicles/Wellies_ColorBase/DamageSystem.DamageZones'.
15:27:47.992 Warning Message: No entry 'bin\config.bin/CfgVehicles/WorkingBoots_ColorBase/DamageSystem.DamageZones'.
15:27:47.993 Warning Message: No entry 'bin\config.bin/CfgVehicles/JungleBoots_ColorBase/DamageSystem.DamageZones'.
15:27:47.993 Warning Message: No entry 'bin\config.bin/CfgVehicles/DressShoes_ColorBase/DamageSystem.DamageZones'.
15:27:47.993 Warning Message: No entry 'bin\config.bin/CfgVehicles/MilitaryBoots_ColorBase/DamageSystem.DamageZones'.
15:27:47.993 Warning Message: No entry 'bin\config.bin/CfgVehicles/CombatBoots_ColorBase/DamageSystem.DamageZones'.
15:27:47.993 Warning Message: No entry 'bin\config.bin/CfgVehicles/JoggingShoes_ColorBase/DamageSystem.DamageZones'.
15:27:47.993 Warning Message: No entry 'bin\config.bin/CfgVehicles/LeatherShoes_ColorBase/DamageSystem.DamageZones'.
15:27:47.993 Warning Message: No entry 'bin\config.bin/CfgVehicles/Sneakers_ColorBase/DamageSystem.DamageZones'.
15:27:47.993 Warning Message: No entry 'bin\config.bin/CfgVehicles/NBCBootsBase/DamageSystem.DamageZones'.
15:27:47.993 Warning Message: No entry 'bin\config.bin/CfgVehicles/Ballerinas_ColorBase/DamageSystem.DamageZones'.
15:27:47.993 Warning Message: No entry 'bin\config.bin/CfgVehicles/TraditionalBoots_ColorBase/DamageSystem.DamageZones'.
15:27:47.993 Warning Message: No entry 'bin\config.bin/CfgVehicles/ColdOperationBoots_ColorBase/DamageSystem.DamageZones'.
15:27:47.994 Warning Message: No entry 'bin\config.bin/CfgVehicles/DownJacket_ColorBase/DamageSystem.DamageZones'.
15:27:47.994 Warning Message: No entry 'bin\config.bin/CfgVehicles/Armband_ColorBase/DamageSystem.DamageZones'.
15:27:47.994 Warning Message: No entry 'bin\config.bin/CfgVehicles/Sweater_ColorBase/DamageSystem.DamageZones'.
15:27:47.995 Warning Message: No entry 'bin\config.bin/CfgVehicles/Sweater_ChristmasColorbase/DamageSystem.DamageZones'.
15:27:47.995 Warning Message: No entry 'bin\config.bin/CfgVehicles/Shirt_ColorBase/DamageSystem.DamageZones'.
15:27:47.995 Warning Message: No entry 'bin\config.bin/CfgVehicles/TShirt_ColorBase/DamageSystem.DamageZones'.
15:27:47.996 Warning Message: No entry 'bin\config.bin/CfgVehicles/Hoodie_ColorBase/DamageSystem.DamageZones'.
15:27:47.996 Warning Message: No entry 'bin\config.bin/CfgVehicles/TacticalShirt_ColorBase/DamageSystem.DamageZones'.
15:27:47.996 Warning Message: No entry 'bin\config.bin/CfgVehicles/HikingJacket_ColorBase/DamageSystem.DamageZones'.
15:27:47.996 Warning Message: No entry 'bin\config.bin/CfgVehicles/Raincoat_ColorBase/DamageSystem.DamageZones'.
15:27:47.996 Warning Message: No entry 'bin\config.bin/CfgVehicles/M65Jacket_ColorBase/DamageSystem.DamageZones'.
15:27:47.997 Warning Message: No entry 'bin\config.bin/CfgVehicles/TTsKOJacket_ColorBase/DamageSystem.DamageZones'.
15:27:47.997 Warning Message: No entry 'bin\config.bin/CfgVehicles/GorkaEJacket_ColorBase/DamageSystem.DamageZones'.
15:27:47.997 Warning Message: No entry 'bin\config.bin/CfgVehicles/RidersJacket_ColorBase/DamageSystem.DamageZones'.
15:27:47.997 Warning Message: No entry 'bin\config.bin/CfgVehicles/WoolCoat_ColorBase/DamageSystem.DamageZones'.
15:27:47.997 Warning Message: No entry 'bin\config.bin/CfgVehicles/TrackSuitJacket_ColorBase/DamageSystem.DamageZones'.
15:27:47.997 Warning Message: No entry 'bin\config.bin/CfgVehicles/BushlatPoliceJacket_ColorBase/DamageSystem.DamageZones'.
15:27:47.997 Warning Message: No entry 'bin\config.bin/CfgVehicles/ParamedicJacket_ColorBase/DamageSystem.DamageZones'.
15:27:47.997 Warning Message: No entry 'bin\config.bin/CfgVehicles/FirefighterJacket_ColorBase/DamageSystem.DamageZones'.
15:27:47.997 Warning Message: No entry 'bin\config.bin/CfgVehicles/MiniDress_ColorBase/DamageSystem.DamageZones'.
15:27:47.997 Warning Message: No entry 'bin\config.bin/CfgVehicles/QuiltedJacket_ColorBase/DamageSystem.DamageZones'.
15:27:47.997 Warning Message: No entry 'bin\config.bin/CfgVehicles/BomberJacket_ColorBase/DamageSystem.DamageZones'.
15:27:47.997 Warning Message: No entry 'bin\config.bin/CfgVehicles/LeatherJacket_ColorBase/DamageSystem.DamageZones'.
15:27:47.998 Warning Message: No entry 'bin\config.bin/CfgVehicles/HuntingJacket_ColorBase/DamageSystem.DamageZones'.
15:27:47.998 Warning Message: No entry 'bin\config.bin/CfgVehicles/MedicalScrubsShirt_ColorBase/DamageSystem.DamageZones'.
15:27:47.998 Warning Message: No entry 'bin\config.bin/CfgVehicles/NurseDress_ColorBase/DamageSystem.DamageZones'.
15:27:47.998 Warning Message: No entry 'bin\config.bin/CfgVehicles/USMCJacket_ColorBase/DamageSystem.DamageZones'.
15:27:47.998 Warning Message: No entry 'bin\config.bin/CfgVehicles/OMKJacket_ColorBase/DamageSystem.DamageZones'.
15:27:47.998 Warning Message: No entry 'bin\config.bin/CfgVehicles/Blouse_ColorBase/DamageSystem.DamageZones'.
15:27:47.998 Warning Message: No entry 'bin\config.bin/CfgVehicles/NBCJacketBase/DamageSystem.DamageZones'.
15:27:47.999 Warning Message: No entry 'bin\config.bin/CfgVehicles/JumpsuitJacket_ColorBase/DamageSystem.DamageZones'.
15:27:47.999 Warning Message: No entry 'bin\config.bin/CfgVehicles/ManSuit_ColorBase/DamageSystem.DamageZones'.
15:27:47.999 Warning Message: No entry 'bin\config.bin/CfgVehicles/WomanSuit_ColorBase/DamageSystem.DamageZones'.
15:27:47.999 Warning Message: No entry 'bin\config.bin/CfgVehicles/LeatherShirt_ColorBase/DamageSystem.DamageZones'.
15:27:47.999 Warning Message: No entry 'bin\config.bin/CfgVehicles/WinterMilitaryCoat_ColorBase/DamageSystem.DamageZones'.
15:27:48.00  Warning Message: No entry 'bin\config.bin/CfgVehicles/MilitarySweater_ColorBase/DamageSystem.DamageZones'.
15:27:48.00  Warning Message: No entry 'bin\config.bin/CfgVehicles/GulagJacket_ColorBase/DamageSystem.DamageZones'.
15:27:48.00  Warning Message: No entry 'bin\config.bin/CfgVehicles/PilotJacket_ColorBase/DamageSystem.DamageZones'.
15:27:48.00  Warning Message: No entry 'bin\config.bin/CfgVehicles/PressVest_ColorBase/DamageSystem.DamageZones'.
15:27:48.00  Warning Message: No entry 'bin\config.bin/CfgVehicles/UKAssVest_ColorBase/DamageSystem.DamageZones'.
15:27:48.01  Warning Message: No entry 'bin\config.bin/CfgVehicles/HighCapacityVest_ColorBase/DamageSystem.DamageZones'.
15:27:48.01  Warning Message: No entry 'bin\config.bin/CfgVehicles/LeatherStorageVest_ColorBase/DamageSystem.DamageZones'.
15:27:48.01  String "STR_DN_MAN" not found (not in localization table)
15:27:48.74  Warning Message: No entry 'bin\config.bin/CfgVehicles/ItemBook/DamageSystem.DamageZones'.
15:27:48.74  Warning Message: No entry 'bin\config.bin/CfgVehicles/Inventory_Base/DamageSystem.DamageZones'.
15:27:48.74  Warning Message: No entry 'bin\config.bin/CfgVehicles/Inventory_Base/DamageSystem.DamageZones'.
15:27:48.74  Warning Message: No entry 'bin\config.bin/CfgVehicles/ShelterBase/DamageSystem.DamageZones'.
15:27:48.74  Warning Message: No entry 'bin\config.bin/CfgVehicles/Flag_Base/DamageSystem.DamageZones'.
15:27:48.74  Warning Message: No entry 'bin\config.bin/CfgVehicles/Barrel_ColorBase/DamageSystem.DamageZones'.
15:27:48.75  Warning Message: No entry 'bin\config.bin/CfgVehicles/Inventory_Base/DamageSystem.DamageZones'.
15:27:48.75  Warning Message: No entry 'bin\config.bin/CfgVehicles/Bear_ColorBase/DamageSystem.DamageZones'.
15:27:48.75  Warning Message: No entry 'bin\config.bin/CfgVehicles/WaterproofBag_ColorBase/DamageSystem.DamageZones'.
15:27:48.75  Warning Message: No entry 'bin\config.bin/CfgVehicles/GiftBox_Base/DamageSystem.DamageZones'.
15:27:48.75  Warning Message: No entry 'bin\config.bin/CfgVehicles/GiftBox_Base/DamageSystem.DamageZones'.
15:27:48.75  Warning Message: No entry 'bin\config.bin/CfgVehicles/GiftBox_Base/DamageSystem.DamageZones'.
15:27:48.75  Warning Message: No entry 'bin\config.bin/CfgVehicles/GiftBox_Base/DamageSystem.DamageZones'.
15:27:48.76  Warning Message: No entry 'bin\config.bin/CfgVehicles/Spear/DamageSystem.DamageZones'.
15:27:48.76  Warning Message: No entry 'bin\config.bin/CfgVehicles/SeedBase/DamageSystem.DamageZones'.
15:27:48.76  Warning Message: No entry 'bin\config.bin/CfgVehicles/Inventory_Base/DamageSystem.DamageZones'.
15:27:48.76  Warning Message: No entry 'bin\config.bin/CfgVehicles/WaterPouch_ColorBase/DamageSystem.DamageZones'.
15:27:48.76  Warning Message: No entry 'bin\config.bin/CfgVehicles/SodaCan_ColorBase/DamageSystem.DamageZones'.
15:27:48.76  Warning Message: No entry 'bin\config.bin/CfgVehicles/Zagorky_ColorBase/DamageSystem.DamageZones'.
15:27:48.77  Warning Message: No entry 'bin\config.bin/CfgVehicles/Snack_ColorBase/DamageSystem.DamageZones'.
15:27:48.77  Warning Message: No entry 'bin\config.bin/CfgVehicles/Candycane_Colorbase/DamageSystem.DamageZones'.
15:27:48.77  Warning Message: No entry 'bin\config.bin/CfgVehicles/FoodCan_250g_ColorBase/DamageSystem.DamageZones'.
15:27:48.77  Warning Message: No entry 'bin\config.bin/CfgVehicles/FoodCan_250g_Opened_ColorBase/DamageSystem.DamageZones'.
15:27:48.77  Warning Message: No entry 'bin\config.bin/CfgVehicles/FoodCan_100g_ColorBase/DamageSystem.DamageZones'.
15:27:48.77  Warning Message: No entry 'bin\config.bin/CfgVehicles/FoodCan_100g_Opened_ColorBase/DamageSystem.DamageZones'.
15:27:48.77  Warning Message: No entry 'bin\config.bin/CfgVehicles/DeadChicken_ColorBase/DamageSystem.DamageZones'.
15:27:48.77  Warning Message: No entry 'bin\config.bin/CfgVehicles/Inventory_Base/DamageSystem.DamageZones'.
15:27:48.78  Warning Message: No entry 'bin\config.bin/CfgVehicles/CigarettePack_ColorBase/DamageSystem.DamageZones'.
15:27:48.78  Warning Message: No entry 'bin\config.bin/CfgVehicles/Inventory_Base/DamageSystem.DamageZones'.
15:27:48.78  Warning Message: No entry 'bin\config.bin/CfgVehicles/Inventory_Base/DamageSystem.DamageZones'.
15:27:48.78  Warning Message: No entry 'bin\config.bin/CfgVehicles/Inventory_Base/DamageSystem.DamageZones'.
15:27:48.78  Warning Message: No entry 'bin\config.bin/CfgVehicles/Inventory_Base/DamageSystem.DamageZones'.
15:27:48.80  String "STR_DN_BOAT" not found (not in localization table)
15:27:48.80  String "STR_DN_CAR" not found (not in localization table)
15:27:48.80  String "STR_DN_CAR" not found (not in localization table)
15:27:48.80  String "STR_DN_CAR" not found (not in localization table)
15:27:48.80  String "STR_DN_CAR" not found (not in localization table)
15:27:48.80  String "STR_DN_CAR" not found (not in localization table)
15:27:48.82  Warning Message: No entry 'bin\config.bin/CfgVehicles/Inventory_Base/DamageSystem.DamageZones'.
15:27:48.83  Warning Message: No entry 'bin\config.bin/CfgVehicles/Inventory_Base/DamageSystem.DamageZones'.
15:27:48.83  Warning Message: No entry 'bin\config.bin/CfgVehicles/Inventory_Base/DamageSystem.DamageZones'.
15:27:48.83  Warning Message: No entry 'bin\config.bin/CfgVehicles/Inventory_Base/DamageSystem.DamageZones'.
15:27:48.83  Warning Message: No entry 'bin\config.bin/CfgVehicles/MK4Optic_ColorBase/DamageSystem.DamageZones'.
15:27:48.83  Warning Message: No entry 'bin\config.bin/CfgVehicles/Inventory_Base/DamageSystem.DamageZones'.
15:27:48.83  Warning Message: No entry 'bin\config.bin/CfgVehicles/Inventory_Base/DamageSystem.DamageZones'.
15:27:48.83  Warning Message: No entry 'bin\config.bin/CfgVehicles/Inventory_Base/DamageSystem.DamageZones'.
15:27:48.83  Warning Message: No entry 'bin\config.bin/CfgVehicles/Inventory_Base/DamageSystem.DamageZones'.
15:27:48.84  Warning Message: No entry 'bin\config.bin/CfgVehicles/Inventory_Base/DamageSystem.DamageZones'.
15:27:48.84  Warning Message: No entry 'bin\config.bin/CfgVehicles/M18SmokeGrenade_ColorBase/DamageSystem.DamageZones'.
15:27:48.84  Warning Message: No entry 'bin\config.bin/CfgVehicles/RDG2SmokeGrenade_ColorBase/DamageSystem.DamageZones'.
15:27:48.84  Warning Message: No entry 'bin\config.bin/CfgVehicles/SimulationModule.scope'.
15:27:48.84  Warning Message: Trying to access error value.
15:27:48.84  Warning Message: No entry 'bin\config.bin/CfgVehicles/SimulationModule.model'.
15:27:48.84  Warning Message: Trying to access error value.
15:27:48.84  Warning Message: No entry 'bin\config.bin/CfgVehicles/SimulationModule.simulation'.
15:27:48.84  Warning Message: Trying to access error value.
15:27:48.84  Warning Message: No entry 'bin\config.bin/CfgVehicles/SimulationModule.displayName'.
15:27:48.84  Warning Message: Trying to access error value.
15:27:48.84  Warning Message: No entry 'bin\config.bin/CfgVehicles/SimulationModule.destrType'.
15:27:48.84  Warning Message: Trying to access error value.
15:27:48.84  Warning Message: No entry 'bin\config.bin/CfgVehicles/SimulationModule.itemsCargoSize'.
15:27:48.84  Warning Message: No entry 'bin\config.bin/CfgVehicles/SimulationModule.clothingType'.
15:27:48.84  Warning Message: Trying to access error value.
15:27:48.84  Warning Message: No entry 'bin\config.bin/CfgVehicles/SimulationModule.soundEngine'.
15:27:48.84  Warning Message: Size: '/' not an array
15:27:48.84  Warning Message: No entry 'bin\config.bin/CfgVehicles/SimulationModule.soundCrash'.
15:27:48.84  Warning Message: Size: '/' not an array
15:27:48.84  Warning Message: No entry 'bin\config.bin/CfgVehicles/SimulationModule.soundLandCrash'.
15:27:48.84  Warning Message: Size: '/' not an array
15:27:48.84  Warning Message: No entry 'bin\config.bin/CfgVehicles/SimulationModule.soundWaterCrash'.
15:27:48.84  Warning Message: Size: '/' not an array
15:27:48.84  Warning Message: No entry 'bin\config.bin/CfgVehicles/SimulationModule.reversed'.
15:27:48.84  Warning Message: Trying to access error value.
15:27:48.84  Warning Message: No entry 'bin\config.bin/CfgVehicles/AnimationSources.scope'.
15:27:48.84  Warning Message: Trying to access error value.
15:27:48.84  Warning Message: No entry 'bin\config.bin/CfgVehicles/AnimationSources.model'.
15:27:48.84  Warning Message: Trying to access error value.
15:27:48.84  Warning Message: No entry 'bin\config.bin/CfgVehicles/AnimationSources.simulation'.
15:27:48.84  Warning Message: Trying to access error value.
15:27:48.84  Warning Message: No entry 'bin\config.bin/CfgVehicles/AnimationSources.displayName'.
15:27:48.84  Warning Message: Trying to access error value.
15:27:48.84  Warning Message: No entry 'bin\config.bin/CfgVehicles/AnimationSources.destrType'.
15:27:48.84  Warning Message: Trying to access error value.
15:27:48.84  Warning Message: No entry 'bin\config.bin/CfgVehicles/AnimationSources.itemsCargoSize'.
15:27:48.84  Warning Message: No entry 'bin\config.bin/CfgVehicles/AnimationSources.clothingType'.
15:27:48.84  Warning Message: Trying to access error value.
15:27:48.84  Warning Message: No entry 'bin\config.bin/CfgVehicles/AnimationSources.soundEngine'.
15:27:48.84  Warning Message: Size: '/' not an array
15:27:48.84  Warning Message: No entry 'bin\config.bin/CfgVehicles/AnimationSources.soundCrash'.
15:27:48.84  Warning Message: Size: '/' not an array
15:27:48.84  Warning Message: No entry 'bin\config.bin/CfgVehicles/AnimationSources.soundLandCrash'.
15:27:48.84  Warning Message: Size: '/' not an array
15:27:48.84  Warning Message: No entry 'bin\config.bin/CfgVehicles/AnimationSources.soundWaterCrash'.
15:27:48.84  Warning Message: Size: '/' not an array
15:27:48.84  Warning Message: No entry 'bin\config.bin/CfgVehicles/AnimationSources.reversed'.
15:27:48.84  Warning Message: Trying to access error value.
15:27:48.84  Warning Message: No entry 'bin\config.bin/CfgVehicles/DamageSystem.scope'.
15:27:48.84  Warning Message: Trying to access error value.
15:27:48.84  Warning Message: No entry 'bin\config.bin/CfgVehicles/DamageSystem.model'.
15:27:48.84  Warning Message: Trying to access error value.
15:27:48.84  Warning Message: No entry 'bin\config.bin/CfgVehicles/DamageSystem.simulation'.
15:27:48.84  Warning Message: Trying to access error value.
15:27:48.84  Warning Message: No entry 'bin\config.bin/CfgVehicles/DamageSystem.displayName'.
15:27:48.84  Warning Message: Trying to access error value.
15:27:48.84  Warning Message: No entry 'bin\config.bin/CfgVehicles/DamageSystem.destrType'.
15:27:48.84  Warning Message: Trying to access error value.
15:27:48.84  Warning Message: No entry 'bin\config.bin/CfgVehicles/DamageSystem.itemsCargoSize'.
15:27:48.84  Warning Message: No entry 'bin\config.bin/CfgVehicles/DamageSystem.clothingType'.
15:27:48.84  Warning Message: Trying to access error value.
15:27:48.84  Warning Message: No entry 'bin\config.bin/CfgVehicles/DamageSystem.soundEngine'.
15:27:48.84  Warning Message: Size: '/' not an array
15:27:48.84  Warning Message: No entry 'bin\config.bin/CfgVehicles/DamageSystem.soundCrash'.
15:27:48.84  Warning Message: Size: '/' not an array
15:27:48.84  Warning Message: No entry 'bin\config.bin/CfgVehicles/DamageSystem.soundLandCrash'.
15:27:48.84  Warning Message: Size: '/' not an array
15:27:48.84  Warning Message: No entry 'bin\config.bin/CfgVehicles/DamageSystem.soundWaterCrash'.
15:27:48.84  Warning Message: Size: '/' not an array
15:27:48.84  Warning Message: No entry 'bin\config.bin/CfgVehicles/DamageSystem.reversed'.
15:27:48.84  Warning Message: Trying to access error value.
15:27:48.84  Warning Message: No entry 'bin\config.bin/CfgVehicles/GlobalHealth.scope'.
15:27:48.84  Warning Message: Trying to access error value.
15:27:48.84  Warning Message: No entry 'bin\config.bin/CfgVehicles/GlobalHealth.model'.
15:27:48.84  Warning Message: Trying to access error value.
15:27:48.84  Warning Message: No entry 'bin\config.bin/CfgVehicles/GlobalHealth.simulation'.
15:27:48.84  Warning Message: Trying to access error value.
15:27:48.84  Warning Message: No entry 'bin\config.bin/CfgVehicles/GlobalHealth.displayName'.
15:27:48.84  Warning Message: Trying to access error value.
15:27:48.84  Warning Message: No entry 'bin\config.bin/CfgVehicles/GlobalHealth.destrType'.
15:27:48.84  Warning Message: Trying to access error value.
15:27:48.84  Warning Message: No entry 'bin\config.bin/CfgVehicles/GlobalHealth.itemsCargoSize'.
15:27:48.84  Warning Message: No entry 'bin\config.bin/CfgVehicles/GlobalHealth.clothingType'.
15:27:48.84  Warning Message: Trying to access error value.
15:27:48.84  Warning Message: No entry 'bin\config.bin/CfgVehicles/GlobalHealth.soundEngine'.
15:27:48.84  Warning Message: Size: '/' not an array
15:27:48.84  Warning Message: No entry 'bin\config.bin/CfgVehicles/GlobalHealth.soundCrash'.
15:27:48.84  Warning Message: Size: '/' not an array
15:27:48.84  Warning Message: No entry 'bin\config.bin/CfgVehicles/GlobalHealth.soundLandCrash'.
15:27:48.84  Warning Message: Size: '/' not an array
15:27:48.84  Warning Message: No entry 'bin\config.bin/CfgVehicles/GlobalHealth.soundWaterCrash'.
15:27:48.84  Warning Message: Size: '/' not an array
15:27:48.84  Warning Message: No entry 'bin\config.bin/CfgVehicles/GlobalHealth.reversed'.
15:27:48.84  Warning Message: Trying to access error value.
15:27:48.84  Warning Message: No entry 'bin\config.bin/CfgVehicles/DamageZones.scope'.
15:27:48.84  Warning Message: Trying to access error value.
15:27:48.84  Warning Message: No entry 'bin\config.bin/CfgVehicles/DamageZones.model'.
15:27:48.84  Warning Message: Trying to access error value.
15:27:48.84  Warning Message: No entry 'bin\config.bin/CfgVehicles/DamageZones.simulation'.
15:27:48.84  Warning Message: Trying to access error value.
15:27:48.84  Warning Message: No entry 'bin\config.bin/CfgVehicles/DamageZones.displayName'.
15:27:48.84  Warning Message: Trying to access error value.
15:27:48.84  Warning Message: No entry 'bin\config.bin/CfgVehicles/DamageZones.destrType'.
15:27:48.84  Warning Message: Trying to access error value.
15:27:48.84  Warning Message: No entry 'bin\config.bin/CfgVehicles/DamageZones.itemsCargoSize'.
15:27:48.84  Warning Message: No entry 'bin\config.bin/CfgVehicles/DamageZones.clothingType'.
15:27:48.84  Warning Message: Trying to access error value.
15:27:48.84  Warning Message: No entry 'bin\config.bin/CfgVehicles/DamageZones.soundEngine'.
15:27:48.84  Warning Message: Size: '/' not an array
15:27:48.84  Warning Message: No entry 'bin\config.bin/CfgVehicles/DamageZones.soundCrash'.
15:27:48.84  Warning Message: Size: '/' not an array
15:27:48.84  Warning Message: No entry 'bin\config.bin/CfgVehicles/DamageZones.soundLandCrash'.
15:27:48.84  Warning Message: Size: '/' not an array
15:27:48.84  Warning Message: No entry 'bin\config.bin/CfgVehicles/DamageZones.soundWaterCrash'.
15:27:48.84  Warning Message: Size: '/' not an array
15:27:48.84  Warning Message: No entry 'bin\config.bin/CfgVehicles/DamageZones.reversed'.
15:27:48.84  Warning Message: Trying to access error value.
15:27:48.84  Warning Message: No entry 'bin\config.bin/CfgVehicles/Window.scope'.
15:27:48.84  Warning Message: Trying to access error value.
15:27:48.84  Warning Message: No entry 'bin\config.bin/CfgVehicles/Window.model'.
15:27:48.84  Warning Message: Trying to access error value.
15:27:48.84  Warning Message: No entry 'bin\config.bin/CfgVehicles/Window.simulation'.
15:27:48.84  Warning Message: Trying to access error value.
15:27:48.84  Warning Message: No entry 'bin\config.bin/CfgVehicles/Window.displayName'.
15:27:48.84  Warning Message: Trying to access error value.
15:27:48.84  Warning Message: No entry 'bin\config.bin/CfgVehicles/Window.destrType'.
15:27:48.84  Warning Message: Trying to access error value.
15:27:48.84  Warning Message: No entry 'bin\config.bin/CfgVehicles/Window.itemsCargoSize'.
15:27:48.84  Warning Message: No entry 'bin\config.bin/CfgVehicles/Window.clothingType'.
15:27:48.84  Warning Message: Trying to access error value.
15:27:48.84  Warning Message: No entry 'bin\config.bin/CfgVehicles/Window.soundEngine'.
15:27:48.84  Warning Message: Size: '/' not an array
15:27:48.84  Warning Message: No entry 'bin\config.bin/CfgVehicles/Window.soundCrash'.
15:27:48.84  Warning Message: Size: '/' not an array
15:27:48.84  Warning Message: No entry 'bin\config.bin/CfgVehicles/Window.soundLandCrash'.
15:27:48.84  Warning Message: Size: '/' not an array
15:27:48.84  Warning Message: No entry 'bin\config.bin/CfgVehicles/Window.soundWaterCrash'.
15:27:48.84  Warning Message: Size: '/' not an array
15:27:48.84  Warning Message: No entry 'bin\config.bin/CfgVehicles/Window.reversed'.
15:27:48.84  Warning Message: Trying to access error value.
15:27:48.84  Warning Message: No entry 'bin\config.bin/CfgVehicles/Health.scope'.
15:27:48.84  Warning Message: Trying to access error value.
15:27:48.84  Warning Message: No entry 'bin\config.bin/CfgVehicles/Health.model'.
15:27:48.84  Warning Message: Trying to access error value.
15:27:48.84  Warning Message: No entry 'bin\config.bin/CfgVehicles/Health.simulation'.
15:27:48.84  Warning Message: Trying to access error value.
15:27:48.84  Warning Message: No entry 'bin\config.bin/CfgVehicles/Health.displayName'.
15:27:48.84  Warning Message: Trying to access error value.
15:27:48.84  Warning Message: No entry 'bin\config.bin/CfgVehicles/Health.destrType'.
15:27:48.84  Warning Message: Trying to access error value.
15:27:48.84  Warning Message: No entry 'bin\config.bin/CfgVehicles/Health.itemsCargoSize'.
15:27:48.84  Warning Message: No entry 'bin\config.bin/CfgVehicles/Health.clothingType'.
15:27:48.84  Warning Message: Trying to access error value.
15:27:48.84  Warning Message: No entry 'bin\config.bin/CfgVehicles/Health.soundEngine'.
15:27:48.84  Warning Message: Size: '/' not an array
15:27:48.84  Warning Message: No entry 'bin\config.bin/CfgVehicles/Health.soundCrash'.
15:27:48.84  Warning Message: Size: '/' not an array
15:27:48.84  Warning Message: No entry 'bin\config.bin/CfgVehicles/Health.soundLandCrash'.
15:27:48.84  Warning Message: Size: '/' not an array
15:27:48.84  Warning Message: No entry 'bin\config.bin/CfgVehicles/Health.soundWaterCrash'.
15:27:48.84  Warning Message: Size: '/' not an array
15:27:48.84  Warning Message: No entry 'bin\config.bin/CfgVehicles/Health.reversed'.
15:27:48.84  Warning Message: Trying to access error value.
15:27:48.85  DamageSystem Warning: Inventory slot bronco_Cargo1 doesn't exists
15:27:48.85  DamageSystem Warning: Inventory slot bronco_Cargo2 doesn't exists
15:27:48.85  Warning Message: No entry 'bin\config.bin/CfgVehicles/Axles.scope'.
15:27:48.85  Warning Message: Trying to access error value.
15:27:48.85  Warning Message: No entry 'bin\config.bin/CfgVehicles/Axles.model'.
15:27:48.85  Warning Message: Trying to access error value.
15:27:48.85  Warning Message: No entry 'bin\config.bin/CfgVehicles/Axles.simulation'.
15:27:48.85  Warning Message: Trying to access error value.
15:27:48.85  Warning Message: No entry 'bin\config.bin/CfgVehicles/Axles.displayName'.
15:27:48.85  Warning Message: Trying to access error value.
15:27:48.85  Warning Message: No entry 'bin\config.bin/CfgVehicles/Axles.destrType'.
15:27:48.85  Warning Message: Trying to access error value.
15:27:48.85  Warning Message: No entry 'bin\config.bin/CfgVehicles/Axles.itemsCargoSize'.
15:27:48.85  Warning Message: No entry 'bin\config.bin/CfgVehicles/Axles.clothingType'.
15:27:48.85  Warning Message: Trying to access error value.
15:27:48.85  Warning Message: No entry 'bin\config.bin/CfgVehicles/Axles.soundEngine'.
15:27:48.85  Warning Message: Size: '/' not an array
15:27:48.85  Warning Message: No entry 'bin\config.bin/CfgVehicles/Axles.soundCrash'.
15:27:48.85  Warning Message: Size: '/' not an array
15:27:48.85  Warning Message: No entry 'bin\config.bin/CfgVehicles/Axles.soundLandCrash'.
15:27:48.85  Warning Message: Size: '/' not an array
15:27:48.85  Warning Message: No entry 'bin\config.bin/CfgVehicles/Axles.soundWaterCrash'.
15:27:48.85  Warning Message: Size: '/' not an array
15:27:48.85  Warning Message: No entry 'bin\config.bin/CfgVehicles/Axles.reversed'.
15:27:48.85  Warning Message: Trying to access error value.
15:27:48.85  Warning Message: No entry 'bin\config.bin/CfgVehicles/Front.scope'.
15:27:48.85  Warning Message: Trying to access error value.
15:27:48.85  Warning Message: No entry 'bin\config.bin/CfgVehicles/Front.model'.
15:27:48.85  Warning Message: Trying to access error value.
15:27:48.85  Warning Message: No entry 'bin\config.bin/CfgVehicles/Front.simulation'.
15:27:48.85  Warning Message: Trying to access error value.
15:27:48.85  Warning Message: No entry 'bin\config.bin/CfgVehicles/Front.displayName'.
15:27:48.85  Warning Message: Trying to access error value.
15:27:48.85  Warning Message: No entry 'bin\config.bin/CfgVehicles/Front.destrType'.
15:27:48.85  Warning Message: Trying to access error value.
15:27:48.85  Warning Message: No entry 'bin\config.bin/CfgVehicles/Front.itemsCargoSize'.
15:27:48.85  Warning Message: No entry 'bin\config.bin/CfgVehicles/Front.clothingType'.
15:27:48.85  Warning Message: Trying to access error value.
15:27:48.85  Warning Message: No entry 'bin\config.bin/CfgVehicles/Front.soundEngine'.
15:27:48.85  Warning Message: Size: '/' not an array
15:27:48.85  Warning Message: No entry 'bin\config.bin/CfgVehicles/Front.soundCrash'.
15:27:48.85  Warning Message: Size: '/' not an array
15:27:48.85  Warning Message: No entry 'bin\config.bin/CfgVehicles/Front.soundLandCrash'.
15:27:48.85  Warning Message: Size: '/' not an array
15:27:48.85  Warning Message: No entry 'bin\config.bin/CfgVehicles/Front.soundWaterCrash'.
15:27:48.85  Warning Message: Size: '/' not an array
15:27:48.85  Warning Message: No entry 'bin\config.bin/CfgVehicles/Front.reversed'.
15:27:48.85  Warning Message: Trying to access error value.
15:27:48.85  Warning Message: No entry 'bin\config.bin/CfgVehicles/Wheels.scope'.
15:27:48.85  Warning Message: Trying to access error value.
15:27:48.85  Warning Message: No entry 'bin\config.bin/CfgVehicles/Wheels.model'.
15:27:48.85  Warning Message: Trying to access error value.
15:27:48.85  Warning Message: No entry 'bin\config.bin/CfgVehicles/Wheels.simulation'.
15:27:48.85  Warning Message: Trying to access error value.
15:27:48.85  Warning Message: No entry 'bin\config.bin/CfgVehicles/Wheels.displayName'.
15:27:48.85  Warning Message: Trying to access error value.
15:27:48.85  Warning Message: No entry 'bin\config.bin/CfgVehicles/Wheels.destrType'.
15:27:48.85  Warning Message: Trying to access error value.
15:27:48.85  Warning Message: No entry 'bin\config.bin/CfgVehicles/Wheels.itemsCargoSize'.
15:27:48.85  Warning Message: No entry 'bin\config.bin/CfgVehicles/Wheels.clothingType'.
15:27:48.85  Warning Message: Trying to access error value.
15:27:48.85  Warning Message: No entry 'bin\config.bin/CfgVehicles/Wheels.soundEngine'.
15:27:48.85  Warning Message: Size: '/' not an array
15:27:48.85  Warning Message: No entry 'bin\config.bin/CfgVehicles/Wheels.soundCrash'.
15:27:48.85  Warning Message: Size: '/' not an array
15:27:48.85  Warning Message: No entry 'bin\config.bin/CfgVehicles/Wheels.soundLandCrash'.
15:27:48.85  Warning Message: Size: '/' not an array
15:27:48.85  Warning Message: No entry 'bin\config.bin/CfgVehicles/Wheels.soundWaterCrash'.
15:27:48.85  Warning Message: Size: '/' not an array
15:27:48.85  Warning Message: No entry 'bin\config.bin/CfgVehicles/Wheels.reversed'.
15:27:48.85  Warning Message: Trying to access error value.
15:27:48.85  Warning Message: No entry 'bin\config.bin/CfgVehicles/Left.scope'.
15:27:48.85  Warning Message: Trying to access error value.
15:27:48.85  Warning Message: No entry 'bin\config.bin/CfgVehicles/Left.model'.
15:27:48.85  Warning Message: Trying to access error value.
15:27:48.85  Warning Message: No entry 'bin\config.bin/CfgVehicles/Left.simulation'.
15:27:48.85  Warning Message: Trying to access error value.
15:27:48.85  Warning Message: No entry 'bin\config.bin/CfgVehicles/Left.displayName'.
15:27:48.85  Warning Message: Trying to access error value.
15:27:48.85  Warning Message: No entry 'bin\config.bin/CfgVehicles/Left.destrType'.
15:27:48.85  Warning Message: Trying to access error value.
15:27:48.85  Warning Message: No entry 'bin\config.bin/CfgVehicles/Left.itemsCargoSize'.
15:27:48.85  Warning Message: No entry 'bin\config.bin/CfgVehicles/Left.clothingType'.
15:27:48.85  Warning Message: Trying to access error value.
15:27:48.85  Warning Message: No entry 'bin\config.bin/CfgVehicles/Left.soundEngine'.
15:27:48.85  Warning Message: Size: '/' not an array
15:27:48.85  Warning Message: No entry 'bin\config.bin/CfgVehicles/Left.soundCrash'.
15:27:48.85  Warning Message: Size: '/' not an array
15:27:48.85  Warning Message: No entry 'bin\config.bin/CfgVehicles/Left.soundLandCrash'.
15:27:48.85  Warning Message: Size: '/' not an array
15:27:48.85  Warning Message: No entry 'bin\config.bin/CfgVehicles/Left.soundWaterCrash'.
15:27:48.85  Warning Message: Size: '/' not an array
15:27:48.85  Warning Message: No entry 'bin\config.bin/CfgVehicles/Left.reversed'.
15:27:48.85  Warning Message: Trying to access error value.
15:27:48.85  Warning Message: No entry 'bin\config.bin/CfgVehicles/Right.scope'.
15:27:48.85  Warning Message: Trying to access error value.
15:27:48.85  Warning Message: No entry 'bin\config.bin/CfgVehicles/Right.model'.
15:27:48.85  Warning Message: Trying to access error value.
15:27:48.85  Warning Message: No entry 'bin\config.bin/CfgVehicles/Right.simulation'.
15:27:48.85  Warning Message: Trying to access error value.
15:27:48.85  Warning Message: No entry 'bin\config.bin/CfgVehicles/Right.displayName'.
15:27:48.85  Warning Message: Trying to access error value.
15:27:48.85  Warning Message: No entry 'bin\config.bin/CfgVehicles/Right.destrType'.
15:27:48.85  Warning Message: Trying to access error value.
15:27:48.85  Warning Message: No entry 'bin\config.bin/CfgVehicles/Right.itemsCargoSize'.
15:27:48.85  Warning Message: No entry 'bin\config.bin/CfgVehicles/Right.clothingType'.
15:27:48.85  Warning Message: Trying to access error value.
15:27:48.85  Warning Message: No entry 'bin\config.bin/CfgVehicles/Right.soundEngine'.
15:27:48.85  Warning Message: Size: '/' not an array
15:27:48.85  Warning Message: No entry 'bin\config.bin/CfgVehicles/Right.soundCrash'.
15:27:48.85  Warning Message: Size: '/' not an array
15:27:48.85  Warning Message: No entry 'bin\config.bin/CfgVehicles/Right.soundLandCrash'.
15:27:48.85  Warning Message: Size: '/' not an array
15:27:48.85  Warning Message: No entry 'bin\config.bin/CfgVehicles/Right.soundWaterCrash'.
15:27:48.85  Warning Message: Size: '/' not an array
15:27:48.85  Warning Message: No entry 'bin\config.bin/CfgVehicles/Right.reversed'.
15:27:48.85  Warning Message: Trying to access error value.
15:27:48.85  Warning Message: No entry 'bin\config.bin/CfgVehicles/Rear.scope'.
15:27:48.85  Warning Message: Trying to access error value.
15:27:48.85  Warning Message: No entry 'bin\config.bin/CfgVehicles/Rear.model'.
15:27:48.85  Warning Message: Trying to access error value.
15:27:48.85  Warning Message: No entry 'bin\config.bin/CfgVehicles/Rear.simulation'.
15:27:48.85  Warning Message: Trying to access error value.
15:27:48.85  Warning Message: No entry 'bin\config.bin/CfgVehicles/Rear.displayName'.
15:27:48.85  Warning Message: Trying to access error value.
15:27:48.85  Warning Message: No entry 'bin\config.bin/CfgVehicles/Rear.destrType'.
15:27:48.85  Warning Message: Trying to access error value.
15:27:48.85  Warning Message: No entry 'bin\config.bin/CfgVehicles/Rear.itemsCargoSize'.
15:27:48.85  Warning Message: No entry 'bin\config.bin/CfgVehicles/Rear.clothingType'.
15:27:48.85  Warning Message: Trying to access error value.
15:27:48.85  Warning Message: No entry 'bin\config.bin/CfgVehicles/Rear.soundEngine'.
15:27:48.85  Warning Message: Size: '/' not an array
15:27:48.85  Warning Message: No entry 'bin\config.bin/CfgVehicles/Rear.soundCrash'.
15:27:48.85  Warning Message: Size: '/' not an array
15:27:48.85  Warning Message: No entry 'bin\config.bin/CfgVehicles/Rear.soundLandCrash'.
15:27:48.85  Warning Message: Size: '/' not an array
15:27:48.85  Warning Message: No entry 'bin\config.bin/CfgVehicles/Rear.soundWaterCrash'.
15:27:48.85  Warning Message: Size: '/' not an array
15:27:48.85  Warning Message: No entry 'bin\config.bin/CfgVehicles/Rear.reversed'.
15:27:48.85  Warning Message: Trying to access error value.
15:27:48.85  DamageSystem Warning: There's more "transferToZonesCoefs" than "transferToZonesNames" for damage zone Back (Entity type FordCrown_Victoria_Base)
15:27:48.85  DamageSystem Warning: There's more "transferToZonesCoefs" than "transferToZonesNames" for damage zone Back (Entity type Ford_Mustang_Shelby_GT500_Base)
15:27:48.85  String "STR_DN_CAR" not found (not in localization table)
15:27:48.85  DamageSystem Warning: There's more "transferToZonesCoefs" than "transferToZonesNames" for damage zone Back (Entity type FordMustang_SVT_Base)
15:27:48.87  Warning Message: No entry 'bin\config.bin/CfgVehicles/SNAFU_M249Stock_Base/DamageSystem.DamageZones'.
15:27:48.87  Warning Message: No entry 'bin\config.bin/CfgVehicles/SNAFU_M249Grip_Base/DamageSystem.DamageZones'.
15:27:48.87  Warning Message: No entry 'bin\config.bin/CfgVehicles/SNAFU_M249HG_Base/DamageSystem.DamageZones'.
15:27:48.87  Warning Message: No entry 'bin\config.bin/CfgVehicles/SNAFU_M249Bipod_Base/DamageSystem.DamageZones'.
15:27:48.87  Warning Message: No entry 'bin\config.bin/CfgVehicles/Inventory_Base/DamageSystem.DamageZones'.
15:27:48.87  Warning Message: No entry 'bin\config.bin/CfgVehicles/Doors.scope'.
15:27:48.87  Warning Message: Trying to access error value.
15:27:48.87  Warning Message: No entry 'bin\config.bin/CfgVehicles/Doors.model'.
15:27:48.87  Warning Message: Trying to access error value.
15:27:48.87  Warning Message: No entry 'bin\config.bin/CfgVehicles/Doors.simulation'.
15:27:48.87  Warning Message: Trying to access error value.
15:27:48.87  Warning Message: No entry 'bin\config.bin/CfgVehicles/Doors.displayName'.
15:27:48.87  Warning Message: Trying to access error value.
15:27:48.87  Warning Message: No entry 'bin\config.bin/CfgVehicles/Doors.destrType'.
15:27:48.87  Warning Message: Trying to access error value.
15:27:48.87  Warning Message: No entry 'bin\config.bin/CfgVehicles/Doors.itemsCargoSize'.
15:27:48.87  Warning Message: No entry 'bin\config.bin/CfgVehicles/Doors.clothingType'.
15:27:48.87  Warning Message: Trying to access error value.
15:27:48.87  Warning Message: No entry 'bin\config.bin/CfgVehicles/Doors.soundEngine'.
15:27:48.87  Warning Message: Size: '/' not an array
15:27:48.87  Warning Message: No entry 'bin\config.bin/CfgVehicles/Doors.soundCrash'.
15:27:48.87  Warning Message: Size: '/' not an array
15:27:48.87  Warning Message: No entry 'bin\config.bin/CfgVehicles/Doors.soundLandCrash'.
15:27:48.87  Warning Message: Size: '/' not an array
15:27:48.87  Warning Message: No entry 'bin\config.bin/CfgVehicles/Doors.soundWaterCrash'.
15:27:48.87  Warning Message: Size: '/' not an array
15:27:48.87  Warning Message: No entry 'bin\config.bin/CfgVehicles/Doors.reversed'.
15:27:48.87  Warning Message: Trying to access error value.
15:27:48.87  Warning Message: No entry 'bin\config.bin/CfgVehicles/HypeTrain_PartBase/DamageSystem.DamageZones'.
15:27:48.87  Warning Message: No entry 'bin\config.bin/CfgVehicles/HypeTrain_PartBase/DamageSystem.DamageZones'.
15:27:48.87  Warning Message: No entry 'bin\config.bin/CfgVehicles/HypeTrain_PartBase/DamageSystem.DamageZones'.
15:27:48.87  Warning Message: No entry 'bin\config.bin/CfgVehicles/Inventory_Base/DamageSystem.DamageZones'.
15:27:48.88  Warning Message: No entry 'bin\config.bin/CfgVehicles/Crew.scope'.
15:27:48.88  Warning Message: Trying to access error value.
15:27:48.88  Warning Message: No entry 'bin\config.bin/CfgVehicles/Crew.model'.
15:27:48.88  Warning Message: Trying to access error value.
15:27:48.88  Warning Message: No entry 'bin\config.bin/CfgVehicles/Crew.simulation'.
15:27:48.88  Warning Message: Trying to access error value.
15:27:48.88  Warning Message: No entry 'bin\config.bin/CfgVehicles/Crew.displayName'.
15:27:48.88  Warning Message: Trying to access error value.
15:27:48.88  Warning Message: No entry 'bin\config.bin/CfgVehicles/Crew.destrType'.
15:27:48.88  Warning Message: Trying to access error value.
15:27:48.88  Warning Message: No entry 'bin\config.bin/CfgVehicles/Crew.itemsCargoSize'.
15:27:48.88  Warning Message: No entry 'bin\config.bin/CfgVehicles/Crew.clothingType'.
15:27:48.88  Warning Message: Trying to access error value.
15:27:48.88  Warning Message: No entry 'bin\config.bin/CfgVehicles/Crew.soundEngine'.
15:27:48.88  Warning Message: Size: '/' not an array
15:27:48.88  Warning Message: No entry 'bin\config.bin/CfgVehicles/Crew.soundCrash'.
15:27:48.88  Warning Message: Size: '/' not an array
15:27:48.88  Warning Message: No entry 'bin\config.bin/CfgVehicles/Crew.soundLandCrash'.
15:27:48.88  Warning Message: Size: '/' not an array
15:27:48.88  Warning Message: No entry 'bin\config.bin/CfgVehicles/Crew.soundWaterCrash'.
15:27:48.88  Warning Message: Size: '/' not an array
15:27:48.88  Warning Message: No entry 'bin\config.bin/CfgVehicles/Crew.reversed'.
15:27:48.88  Warning Message: Trying to access error value.
15:27:48.88  Warning Message: No entry 'bin\config.bin/CfgVehicles/Driver.scope'.
15:27:48.88  Warning Message: Trying to access error value.
15:27:48.88  Warning Message: No entry 'bin\config.bin/CfgVehicles/Driver.model'.
15:27:48.88  Warning Message: Trying to access error value.
15:27:48.88  Warning Message: No entry 'bin\config.bin/CfgVehicles/Driver.simulation'.
15:27:48.88  Warning Message: Trying to access error value.
15:27:48.88  Warning Message: No entry 'bin\config.bin/CfgVehicles/Driver.displayName'.
15:27:48.88  Warning Message: Trying to access error value.
15:27:48.88  Warning Message: No entry 'bin\config.bin/CfgVehicles/Driver.destrType'.
15:27:48.88  Warning Message: Trying to access error value.
15:27:48.88  Warning Message: No entry 'bin\config.bin/CfgVehicles/Driver.itemsCargoSize'.
15:27:48.88  Warning Message: No entry 'bin\config.bin/CfgVehicles/Driver.clothingType'.
15:27:48.88  Warning Message: Trying to access error value.
15:27:48.88  Warning Message: No entry 'bin\config.bin/CfgVehicles/Driver.soundEngine'.
15:27:48.88  Warning Message: Size: '/' not an array
15:27:48.88  Warning Message: No entry 'bin\config.bin/CfgVehicles/Driver.soundCrash'.
15:27:48.88  Warning Message: Size: '/' not an array
15:27:48.88  Warning Message: No entry 'bin\config.bin/CfgVehicles/Driver.soundLandCrash'.
15:27:48.88  Warning Message: Size: '/' not an array
15:27:48.88  Warning Message: No entry 'bin\config.bin/CfgVehicles/Driver.soundWaterCrash'.
15:27:48.88  Warning Message: Size: '/' not an array
15:27:48.88  Warning Message: No entry 'bin\config.bin/CfgVehicles/Driver.reversed'.
15:27:48.88  Warning Message: Trying to access error value.
15:27:48.88  Warning Message: No entry 'bin\config.bin/CfgVehicles/CoDriver.scope'.
15:27:48.88  Warning Message: Trying to access error value.
15:27:48.88  Warning Message: No entry 'bin\config.bin/CfgVehicles/CoDriver.model'.
15:27:48.88  Warning Message: Trying to access error value.
15:27:48.88  Warning Message: No entry 'bin\config.bin/CfgVehicles/CoDriver.simulation'.
15:27:48.88  Warning Message: Trying to access error value.
15:27:48.89  Warning Message: No entry 'bin\config.bin/CfgVehicles/CoDriver.displayName'.
15:27:48.89  Warning Message: Trying to access error value.
15:27:48.89  Warning Message: No entry 'bin\config.bin/CfgVehicles/CoDriver.destrType'.
15:27:48.89  Warning Message: Trying to access error value.
15:27:48.89  Warning Message: No entry 'bin\config.bin/CfgVehicles/CoDriver.itemsCargoSize'.
15:27:48.89  Warning Message: No entry 'bin\config.bin/CfgVehicles/CoDriver.clothingType'.
15:27:48.89  Warning Message: Trying to access error value.
15:27:48.89  Warning Message: No entry 'bin\config.bin/CfgVehicles/CoDriver.soundEngine'.
15:27:48.89  Warning Message: Size: '/' not an array
15:27:48.89  Warning Message: No entry 'bin\config.bin/CfgVehicles/CoDriver.soundCrash'.
15:27:48.89  Warning Message: Size: '/' not an array
15:27:48.89  Warning Message: No entry 'bin\config.bin/CfgVehicles/CoDriver.soundLandCrash'.
15:27:48.89  Warning Message: Size: '/' not an array
15:27:48.89  Warning Message: No entry 'bin\config.bin/CfgVehicles/CoDriver.soundWaterCrash'.
15:27:48.89  Warning Message: Size: '/' not an array
15:27:48.89  Warning Message: No entry 'bin\config.bin/CfgVehicles/CoDriver.reversed'.
15:27:48.89  Warning Message: Trying to access error value.
15:27:48.89  Warning Message: No entry 'bin\config.bin/CfgVehicles/NoiseCarHorn.scope'.
15:27:48.89  Warning Message: Trying to access error value.
15:27:48.89  Warning Message: No entry 'bin\config.bin/CfgVehicles/NoiseCarHorn.model'.
15:27:48.89  Warning Message: Trying to access error value.
15:27:48.89  Warning Message: No entry 'bin\config.bin/CfgVehicles/NoiseCarHorn.simulation'.
15:27:48.89  Warning Message: Trying to access error value.
15:27:48.89  Warning Message: No entry 'bin\config.bin/CfgVehicles/NoiseCarHorn.displayName'.
15:27:48.89  Warning Message: Trying to access error value.
15:27:48.89  Warning Message: No entry 'bin\config.bin/CfgVehicles/NoiseCarHorn.destrType'.
15:27:48.89  Warning Message: Trying to access error value.
15:27:48.89  Warning Message: No entry 'bin\config.bin/CfgVehicles/NoiseCarHorn.itemsCargoSize'.
15:27:48.89  Warning Message: No entry 'bin\config.bin/CfgVehicles/NoiseCarHorn.clothingType'.
15:27:48.89  Warning Message: Trying to access error value.
15:27:48.89  Warning Message: No entry 'bin\config.bin/CfgVehicles/NoiseCarHorn.soundEngine'.
15:27:48.89  Warning Message: Size: '/' not an array
15:27:48.89  Warning Message: No entry 'bin\config.bin/CfgVehicles/NoiseCarHorn.soundCrash'.
15:27:48.89  Warning Message: Size: '/' not an array
15:27:48.89  Warning Message: No entry 'bin\config.bin/CfgVehicles/NoiseCarHorn.soundLandCrash'.
15:27:48.89  Warning Message: Size: '/' not an array
15:27:48.89  Warning Message: No entry 'bin\config.bin/CfgVehicles/NoiseCarHorn.soundWaterCrash'.
15:27:48.89  Warning Message: Size: '/' not an array
15:27:48.89  Warning Message: No entry 'bin\config.bin/CfgVehicles/NoiseCarHorn.reversed'.
15:27:48.89  Warning Message: Trying to access error value.
15:27:48.89  Warning Message: No entry 'bin\config.bin/CfgVehicles/MountainBag_ColorBase/DamageSystem.DamageZones'.
15:27:48.89  Warning Message: No entry 'bin\config.bin/CfgVehicles/FireplaceBase/DamageSystem.DamageZones'.
15:27:48.89  DamageSystem Warning: Inventory slot MotorHome_Wheel_1_1 doesn't exists
15:27:48.89  DamageSystem Warning: Inventory slot MotorHome_Wheel_2_1 doesn't exists
15:27:48.89  DamageSystem Warning: Inventory slot MotorHome_Wheel_1_1 doesn't exists
15:27:48.89  DamageSystem Warning: Inventory slot MotorHome_Wheel_2_1 doesn't exists
15:27:48.90  DamageSystem Warning: Inventory slot MotorHome_Wheel_1_2 doesn't exists
15:27:48.90  DamageSystem Warning: Inventory slot MotorHome_Wheel_2_2 doesn't exists
15:27:48.90  DamageSystem Warning: Inventory slot MotorHome_Wheel_1_1 doesn't exists
15:27:48.90  DamageSystem Warning: Inventory slot MotorHome_Wheel_2_1 doesn't exists
15:27:48.90  DamageSystem Warning: Inventory slot MotorHome_Wheel_1_2 doesn't exists
15:27:48.90  DamageSystem Warning: Inventory slot MotorHome_Wheel_2_2 doesn't exists
15:27:48.90  DamageSystem Warning: Inventory slot  doesn't exists
15:27:48.90  Warning Message: No entry 'bin\config.bin/CfgVehicles/Inventory_Base/DamageSystem.DamageZones'.
15:27:48.90  Warning Message: No entry 'bin\config.bin/CfgVehicles/My_DF_Weapons_Attachments_barrel_QJB201Tac_barrel/DamageSystem.DamageZones'.
15:27:48.90  Warning Message: No entry 'bin\config.bin/CfgVehicles/Inventory_Base/DamageSystem.DamageZones'.
15:27:48.91  Warning Message: No entry 'bin\config.bin/CfgVehicles/My_DF_Weapons_Attachments_barrel_SMG45_barrel/DamageSystem.DamageZones'.
15:27:48.91  Warning Message: No entry 'bin\config.bin/CfgVehicles/Inventory_Base/DamageSystem.DamageZones'.
15:27:48.91  Warning Message: No entry 'bin\config.bin/CfgVehicles/Inventory_Base/DamageSystem.DamageZones'.
15:27:48.91  Warning Message: No entry 'bin\config.bin/CfgVehicles/Inventory_Base/DamageSystem.DamageZones'.
15:27:48.91  Warning Message: No entry 'bin\config.bin/CfgVehicles/My_DF_Weapons_Attachments_other_Common/DamageSystem.DamageZones'.
15:27:48.91  Warning Message: No entry 'bin\config.bin/CfgVehicles/My_DF_Weapons_Attachments_other_cqbRailcover_Base/DamageSystem.DamageZones'.
15:27:48.91  Warning Message: No entry 'bin\config.bin/CfgVehicles/My_DF_Weapons_Attachments_other_cqbRailcover_Base/DamageSystem.DamageZones'.
15:27:48.91  Warning Message: No entry 'bin\config.bin/CfgVehicles/My_DF_Weapons_Attachments_other_cqbRailcover_Base/DamageSystem.DamageZones'.
15:27:48.91  Warning Message: No entry 'bin\config.bin/CfgVehicles/My_DF_Weapons_Attachments_other_DDRailcover_Base/DamageSystem.DamageZones'.
15:27:48.91  Warning Message: No entry 'bin\config.bin/CfgVehicles/My_DF_Weapons_Attachments_other_DDRailcover_Base/DamageSystem.DamageZones'.
15:27:48.91  Warning Message: No entry 'bin\config.bin/CfgVehicles/My_DF_Weapons_Attachments_other_DDRailcover_Base/DamageSystem.DamageZones'.
15:27:48.91  Warning Message: No entry 'bin\config.bin/CfgVehicles/My_DF_Weapons_Attachments_other_KACRailcover_Base/DamageSystem.DamageZones'.
15:27:48.91  Warning Message: No entry 'bin\config.bin/CfgVehicles/My_DF_Weapons_Attachments_other_KACRailcover_Base/DamageSystem.DamageZones'.
15:27:48.91  Warning Message: No entry 'bin\config.bin/CfgVehicles/My_DF_Weapons_Attachments_other_KACRailcover_Base/DamageSystem.DamageZones'.
15:27:48.91  Warning Message: No entry 'bin\config.bin/CfgVehicles/My_DF_Weapons_Attachments_other_metalRailcover_Base/DamageSystem.DamageZones'.
15:27:48.91  Warning Message: No entry 'bin\config.bin/CfgVehicles/My_DF_Weapons_Attachments_other_metalRailcover_Base/DamageSystem.DamageZones'.
15:27:48.92  Warning Message: No entry 'bin\config.bin/CfgVehicles/My_DF_Weapons_Attachments_other_metalRailcover_Base/DamageSystem.DamageZones'.
15:27:48.92  Warning Message: No entry 'bin\config.bin/CfgVehicles/My_DF_Weapons_Attachments_other_quickdraw_Base/DamageSystem.DamageZones'.
15:27:48.92  Warning Message: No entry 'bin\config.bin/CfgVehicles/My_DF_Weapons_Attachments_other_type2Railcover_Base/DamageSystem.DamageZones'.
15:27:48.92  Warning Message: No entry 'bin\config.bin/CfgVehicles/My_DF_Weapons_Attachments_other_type2Railcover_Base/DamageSystem.DamageZones'.
15:27:48.92  Warning Message: No entry 'bin\config.bin/CfgVehicles/My_DF_Weapons_Attachments_other_type2Railcover_Base/DamageSystem.DamageZones'.
15:27:48.92  Warning Message: No entry 'bin\config.bin/CfgVehicles/Slot_CanisterGasoline.scope'.
15:27:48.92  Warning Message: Trying to access error value.
15:27:48.92  Warning Message: No entry 'bin\config.bin/CfgVehicles/Slot_CanisterGasoline.model'.
15:27:48.92  Warning Message: Trying to access error value.
15:27:48.92  Warning Message: No entry 'bin\config.bin/CfgVehicles/Slot_CanisterGasoline.simulation'.
15:27:48.92  Warning Message: Trying to access error value.
15:27:48.92  Warning Message: No entry 'bin\config.bin/CfgVehicles/Slot_CanisterGasoline.destrType'.
15:27:48.92  Warning Message: Trying to access error value.
15:27:48.92  Warning Message: No entry 'bin\config.bin/CfgVehicles/Slot_CanisterGasoline.itemsCargoSize'.
15:27:48.92  Warning Message: No entry 'bin\config.bin/CfgVehicles/Slot_CanisterGasoline.clothingType'.
15:27:48.92  Warning Message: Trying to access error value.
15:27:48.92  Warning Message: No entry 'bin\config.bin/CfgVehicles/Slot_CanisterGasoline.soundEngine'.
15:27:48.92  Warning Message: Size: '/' not an array
15:27:48.92  Warning Message: No entry 'bin\config.bin/CfgVehicles/Slot_CanisterGasoline.soundCrash'.
15:27:48.92  Warning Message: Size: '/' not an array
15:27:48.92  Warning Message: No entry 'bin\config.bin/CfgVehicles/Slot_CanisterGasoline.soundLandCrash'.
15:27:48.92  Warning Message: Size: '/' not an array
15:27:48.92  Warning Message: No entry 'bin\config.bin/CfgVehicles/Slot_CanisterGasoline.soundWaterCrash'.
15:27:48.92  Warning Message: Size: '/' not an array
15:27:48.92  Warning Message: No entry 'bin\config.bin/CfgVehicles/Slot_CanisterGasoline.reversed'.
15:27:48.92  Warning Message: Trying to access error value.
15:27:48.93  Warning Message: No entry 'bin\config.bin/CfgVehicles/dzn_gorkahood_colorbase/DamageSystem.DamageZones'.
15:27:48.93  Warning Message: No entry 'bin\config.bin/CfgVehicles/SmershVestBackpack.scope'.
15:27:48.93  Warning Message: Trying to access error value.
15:27:48.93  Warning Message: No entry 'bin\config.bin/CfgVehicles/SmershVestBackpack.model'.
15:27:48.93  Warning Message: Trying to access error value.
15:27:48.93  Warning Message: No entry 'bin\config.bin/CfgVehicles/SmershVestBackpack.simulation'.
15:27:48.93  Warning Message: Trying to access error value.
15:27:48.93  Warning Message: No entry 'bin\config.bin/CfgVehicles/SmershVestBackpack.displayName'.
15:27:48.93  Warning Message: Trying to access error value.
15:27:48.93  Warning Message: No entry 'bin\config.bin/CfgVehicles/SmershVestBackpack.destrType'.
15:27:48.93  Warning Message: Trying to access error value.
15:27:48.93  Warning Message: No entry 'bin\config.bin/CfgVehicles/SmershVestBackpack.itemsCargoSize'.
15:27:48.93  Warning Message: No entry 'bin\config.bin/CfgVehicles/SmershVestBackpack.clothingType'.
15:27:48.93  Warning Message: Trying to access error value.
15:27:48.93  Warning Message: No entry 'bin\config.bin/CfgVehicles/SmershVestBackpack.soundEngine'.
15:27:48.93  Warning Message: Size: '/' not an array
15:27:48.93  Warning Message: No entry 'bin\config.bin/CfgVehicles/SmershVestBackpack.soundCrash'.
15:27:48.93  Warning Message: Size: '/' not an array
15:27:48.93  Warning Message: No entry 'bin\config.bin/CfgVehicles/SmershVestBackpack.soundLandCrash'.
15:27:48.93  Warning Message: Size: '/' not an array
15:27:48.93  Warning Message: No entry 'bin\config.bin/CfgVehicles/SmershVestBackpack.soundWaterCrash'.
15:27:48.93  Warning Message: Size: '/' not an array
15:27:48.93  Warning Message: No entry 'bin\config.bin/CfgVehicles/SmershVestBackpack.reversed'.
15:27:48.93  Warning Message: Trying to access error value.
15:27:48.93  Warning Message: No entry 'bin\config.bin/CfgVehicles/TF_ElcanSpecterDROptic_Base/DamageSystem.DamageZones'.
15:27:48.93  Warning Message: No entry 'bin\config.bin/CfgVehicles/TF_ElcanSpecterDR_6xOptic_Base/DamageSystem.DamageZones'.
15:27:48.94  Warning Message: No entry 'bin\config.bin/CfgVehicles/TF_EOTechXPSOptic_Base/DamageSystem.DamageZones'.
15:27:48.94  Warning Message: No entry 'bin\config.bin/CfgVehicles/TF_DeltaPointOptic/DamageSystem.DamageZones'.
15:27:48.94  Warning Message: No entry 'bin\config.bin/CfgVehicles/TF_HAMROptic/DamageSystem.DamageZones'.
15:27:48.94  Warning Message: No entry 'bin\config.bin/CfgVehicles/Inventory_Base/DamageSystem.DamageZones'.
15:27:48.94  Warning Message: No entry 'bin\config.bin/CfgVehicles/TF_PK122_ValdayOptic_Base/DamageSystem.DamageZones'.
15:27:48.95  Warning Message: No entry 'bin\config.bin/CfgVehicles/Radash_namber_2/DamageSystem.DamageZones'.
15:27:48.95  Warning Message: No entry 'bin\config.bin/CfgVehicles/SAWMERCbelt_ColorBase/DamageSystem.DamageZones'.
15:27:48.95  Warning Message: No entry 'bin\config.bin/CfgVehicles/SAWMERChood_ColorBase/DamageSystem.DamageZones'.
15:27:48.95  Warning Message: No entry 'bin\config.bin/CfgVehicles/SAWMERCmask_ColorBase/DamageSystem.DamageZones'.
15:27:48.95  Warning Message: No entry 'bin\config.bin/CfgVehicles/SAWMERCpants_ColorBase/DamageSystem.DamageZones'.
15:27:48.95  Warning Message: No entry 'bin\config.bin/CfgVehicles/SAWMERCtops_ColorBase/DamageSystem.DamageZones'.
15:27:48.95  Warning Message: No entry 'bin\config.bin/CfgVehicles/SAWMERCvest_ColorBase/DamageSystem.DamageZones'.
15:27:48.95  Warning Message: No entry 'bin\config.bin/CfgVehicles/CombatKnife/DamageSystem.DamageZones'.
15:27:48.149 Warning Message: No entry 'bin\config.bin/CfgVehicles/SNAFU_Kabar_Base/DamageSystem.DamageZones'.
15:27:48.150 Warning Message: No entry 'bin\config.bin/CfgVehicles/SNAFUMDAR_SuppBase/DamageSystem.DamageZones'.
15:27:48.150 Warning Message: No entry 'bin\config.bin/CfgVehicles/SNAFU_PEQ1_Base/DamageSystem.DamageZones'.
15:27:48.150 Warning Message: No entry 'bin\config.bin/CfgVehicles/SNAFU_Normalized_Suppressor_Base/DamageSystem.DamageZones'.
15:27:48.150 Warning Message: No entry 'bin\config.bin/CfgVehicles/SNAFU_Normalized_Suppressor_Base/DamageSystem.DamageZones'.
15:27:48.150 Warning Message: No entry 'bin\config.bin/CfgVehicles/SNAFU_LNormalized_Suppressor_Base/DamageSystem.DamageZones'.
15:27:48.151 Warning Message: No entry 'bin\config.bin/CfgVehicles/SNAFU_LNormalized_Suppressor_Base/DamageSystem.DamageZones'.
15:27:48.151 Warning Message: No entry 'bin\config.bin/CfgVehicles/SNAFU_50bmg_Suppressor_Base/DamageSystem.DamageZones'.
15:27:48.151 Warning Message: No entry 'bin\config.bin/CfgVehicles/SNAFU_SR25_Supp_Base/DamageSystem.DamageZones'.
15:27:48.151 Warning Message: No entry 'bin\config.bin/CfgVehicles/SNAFUAR15_SPR_SIL_Base/DamageSystem.DamageZones'.
15:27:48.151 Warning Message: No entry 'bin\config.bin/CfgVehicles/SNAFUAR15_SPR_SQSIL_Base/DamageSystem.DamageZones'.
15:27:48.151 Warning Message: No entry 'bin\config.bin/CfgVehicles/SNAFU_MPX_Suppressor_Base/DamageSystem.DamageZones'.
15:27:48.151 Warning Message: No entry 'bin\config.bin/CfgVehicles/SNAFU_Agram_Suppressor_Base/DamageSystem.DamageZones'.
15:27:48.152 Warning Message: No entry 'bin\config.bin/CfgVehicles/SNAFUKivaari_338_Supp_Base/DamageSystem.DamageZones'.
15:27:48.152 Warning Message: No entry 'bin\config.bin/CfgVehicles/Snafu_ScarH_SIL_Base/DamageSystem.DamageZones'.
15:27:48.152 Warning Message: No entry 'bin\config.bin/CfgVehicles/SNAFUSR3_SuppBase/DamageSystem.DamageZones'.
15:27:48.152 Warning Message: No entry 'bin\config.bin/CfgVehicles/Inventory_Base/DamageSystem.DamageZones'.
15:27:48.152 Warning Message: No entry 'bin\config.bin/CfgVehicles/SNAFU_Aimpoint_ACO_Base/DamageSystem.DamageZones'.
15:27:48.152 Warning Message: No entry 'bin\config.bin/CfgVehicles/SNAFU_Aimpoint_M5_Base/DamageSystem.DamageZones'.
15:27:48.152 Warning Message: No entry 'bin\config.bin/CfgVehicles/SNAFU_Docter_Base/DamageSystem.DamageZones'.
15:27:48.152 Warning Message: No entry 'bin\config.bin/CfgVehicles/Inventory_Base/DamageSystem.DamageZones'.
15:27:48.152 Warning Message: No entry 'bin\config.bin/CfgVehicles/SNAFU_EOTech_EXPS3_Base/DamageSystem.DamageZones'.
15:27:48.152 Warning Message: No entry 'bin\config.bin/CfgVehicles/Inventory_Base/DamageSystem.DamageZones'.
15:27:48.152 Warning Message: No entry 'bin\config.bin/CfgVehicles/SNAFU_Kahles_Base/DamageSystem.DamageZones'.
15:27:48.152 Warning Message: No entry 'bin\config.bin/CfgVehicles/SNAFU_Leupold_Mark8_Base/DamageSystem.DamageZones'.
15:27:48.153 Warning Message: No entry 'bin\config.bin/CfgVehicles/SNAFU_Nightforce_Base/DamageSystem.DamageZones'.
15:27:48.153 Warning Message: No entry 'bin\config.bin/CfgVehicles/SNAFU_Kobra_Base/DamageSystem.DamageZones'.
15:27:48.153 Warning Message: No entry 'bin\config.bin/CfgVehicles/SNAFU_Tango6T_Base/DamageSystem.DamageZones'.
15:27:48.153 Warning Message: No entry 'bin\config.bin/CfgVehicles/SNAFU_Tango6T_Base/DamageSystem.DamageZones'.
15:27:48.153 Warning Message: No entry 'bin\config.bin/CfgVehicles/SNAFU_Tango6T_Base/DamageSystem.DamageZones'.
15:27:48.153 Warning Message: No entry 'bin\config.bin/CfgVehicles/SNAFU_Tango6T_Base/DamageSystem.DamageZones'.
15:27:48.154 Warning Message: No entry 'bin\config.bin/CfgVehicles/SNAFU_Trijicon_Base/DamageSystem.DamageZones'.
15:27:48.154 Warning Message: No entry 'bin\config.bin/CfgVehicles/SNAFU_Walther_Base/DamageSystem.DamageZones'.
15:27:48.154 Warning Message: No entry 'bin\config.bin/CfgVehicles/Inventory_Base/DamageSystem.DamageZones'.
15:27:48.154 Warning Message: No entry 'bin\config.bin/CfgVehicles/Inventory_Base/DamageSystem.DamageZones'.
15:27:48.154 Warning Message: No entry 'bin\config.bin/CfgVehicles/SR_Attach_Grip_UTG_Base/DamageSystem.DamageZones'.
15:27:48.154 Warning Message: No entry 'bin\config.bin/CfgVehicles/SR_Attach_Grip_Tac_Base/DamageSystem.DamageZones'.
15:27:48.154 Warning Message: No entry 'bin\config.bin/CfgVehicles/SR_Attach_Grip_RK1_Base/DamageSystem.DamageZones'.
15:27:48.154 Warning Message: No entry 'bin\config.bin/CfgVehicles/SR_Supp_AK_Base/DamageSystem.DamageZones'.
15:27:48.155 Warning Message: No entry 'bin\config.bin/CfgVehicles/SR_Supp_AK_Cover_Base/DamageSystem.DamageZones'.
15:27:48.155 Warning Message: No entry 'bin\config.bin/CfgVehicles/SR_Supp_AK_MuzzleBreak_Base/DamageSystem.DamageZones'.
15:27:48.155 Warning Message: No entry 'bin\config.bin/CfgVehicles/SR_Attach_PistolGrips_NATO_HG_15_Base/DamageSystem.DamageZones'.
15:27:48.155 Warning Message: No entry 'bin\config.bin/CfgVehicles/SR_Attach_PistolGrips_NATO_HK_BattleGrip_Base/DamageSystem.DamageZones'.
15:27:48.155 Warning Message: No entry 'bin\config.bin/CfgVehicles/SR_Attach_PistolGrips_NATO_HK_ErgoPSG_Base/DamageSystem.DamageZones'.
15:27:48.155 Warning Message: No entry 'bin\config.bin/CfgVehicles/SR_Attach_PistolGrips_NATO_HK_V2_Base/DamageSystem.DamageZones'.
15:27:48.155 Warning Message: No entry 'bin\config.bin/CfgVehicles/SR_Attach_PistolGrips_NATO_HexGrip_Base/DamageSystem.DamageZones'.
15:27:48.155 Warning Message: No entry 'bin\config.bin/CfgVehicles/SR_Attach_PistolGrips_NATO_Skeleton_Style1_Base/DamageSystem.DamageZones'.
15:27:48.155 Warning Message: No entry 'bin\config.bin/CfgVehicles/SR_Attach_PistolGrips_NATO_Skeleton_Style2_Base/DamageSystem.DamageZones'.
15:27:48.155 Warning Message: No entry 'bin\config.bin/CfgVehicles/SR_Supp_NATO_Base/DamageSystem.DamageZones'.
15:27:48.155 Warning Message: No entry 'bin\config.bin/CfgVehicles/SR_Supp_M4_Cover_Base/DamageSystem.DamageZones'.
15:27:48.155 Warning Message: No entry 'bin\config.bin/CfgVehicles/SR_Supp_M4_KAC_Qdc_Base/DamageSystem.DamageZones'.
15:27:48.155 Warning Message: No entry 'bin\config.bin/CfgVehicles/SR_Supp_M4_QDDS_NT4_Base/DamageSystem.DamageZones'.
15:27:48.155 Warning Message: No entry 'bin\config.bin/CfgVehicles/SR_Attach_PistolGrips_AK_MOE_Base/DamageSystem.DamageZones'.
15:27:48.156 Warning Message: No entry 'bin\config.bin/CfgVehicles/SR_Attach_PistolGrips_AK_Palm_Base/DamageSystem.DamageZones'.
15:27:48.156 Warning Message: No entry 'bin\config.bin/CfgVehicles/SR_Attach_PistolGrips_AK_Zenit_RK3_Base/DamageSystem.DamageZones'.
15:27:48.156 Warning Message: No entry 'bin\config.bin/CfgVehicles/SR_Attach_PistolGrips_AK_KGB_Base/DamageSystem.DamageZones'.
15:27:48.156 Warning Message: No entry 'bin\config.bin/CfgVehicles/SR_Attach_PistolGrips_AK_12_Base/DamageSystem.DamageZones'.
15:27:48.156 Warning Message: No entry 'bin\config.bin/CfgVehicles/SR_Attach_PistolGrips_AK_Enhanced_Base/DamageSystem.DamageZones'.
15:27:48.156 Warning Message: No entry 'bin\config.bin/CfgVehicles/SR_Attach_PistolGrips_AK_Purple_Base/DamageSystem.DamageZones'.
15:27:48.156 Warning Message: No entry 'bin\config.bin/CfgVehicles/SR_Attach_Brelok_Mk5G_Base/DamageSystem.DamageZones'.
15:27:48.157 Warning Message: No entry 'bin\config.bin/CfgVehicles/SR_Attach_Brelok_Mk6G_Base/DamageSystem.DamageZones'.
15:27:48.157 Warning Message: No entry 'bin\config.bin/CfgVehicles/SR_Attach_Brelok_Mk_7g_Base/DamageSystem.DamageZones'.
15:27:48.157 Warning Message: No entry 'bin\config.bin/CfgVehicles/SR_Supp_DBR_Base/DamageSystem.DamageZones'.
15:27:48.157 Warning Message: No entry 'bin\config.bin/CfgVehicles/MM_Boots_Base/DamageSystem.DamageZones'.
15:27:48.157 Warning Message: No entry 'bin\config.bin/CfgVehicles/Inventory_Base/DamageSystem.DamageZones'.
15:27:48.158 Warning Message: No entry 'bin\config.bin/CfgVehicles/Clothing_Base/DamageSystem.DamageZones'.
15:27:48.158 Warning Message: No entry 'bin\config.bin/CfgVehicles/Clothing_Base/DamageSystem.DamageZones'.
15:27:48.158 Warning Message: No entry 'bin\config.bin/CfgVehicles/MM_GhillieHood_Base/DamageSystem.DamageZones'.
15:27:48.158 Warning Message: No entry 'bin\config.bin/CfgVehicles/MM_Gloves_Base/DamageSystem.DamageZones'.
15:27:48.158 Warning Message: No entry 'bin\config.bin/CfgVehicles/MM_Balaclava_Base/DamageSystem.DamageZones'.
15:27:48.158 Warning Message: No entry 'bin\config.bin/CfgVehicles/Slot_sea_chest.scope'.
15:27:48.158 Warning Message: Trying to access error value.
15:27:48.158 Warning Message: No entry 'bin\config.bin/CfgVehicles/Slot_sea_chest.model'.
15:27:48.158 Warning Message: Trying to access error value.
15:27:48.158 Warning Message: No entry 'bin\config.bin/CfgVehicles/Slot_sea_chest.simulation'.
15:27:48.158 Warning Message: Trying to access error value.
15:27:48.158 Warning Message: No entry 'bin\config.bin/CfgVehicles/Slot_sea_chest.destrType'.
15:27:48.159 Warning Message: Trying to access error value.
15:27:48.159 Warning Message: No entry 'bin\config.bin/CfgVehicles/Slot_sea_chest.itemsCargoSize'.
15:27:48.159 Warning Message: No entry 'bin\config.bin/CfgVehicles/Slot_sea_chest.clothingType'.
15:27:48.159 Warning Message: Trying to access error value.
15:27:48.159 Warning Message: No entry 'bin\config.bin/CfgVehicles/Slot_sea_chest.soundEngine'.
15:27:48.159 Warning Message: Size: '/' not an array
15:27:48.159 Warning Message: No entry 'bin\config.bin/CfgVehicles/Slot_sea_chest.soundCrash'.
15:27:48.159 Warning Message: Size: '/' not an array
15:27:48.159 Warning Message: No entry 'bin\config.bin/CfgVehicles/Slot_sea_chest.soundLandCrash'.
15:27:48.159 Warning Message: Size: '/' not an array
15:27:48.159 Warning Message: No entry 'bin\config.bin/CfgVehicles/Slot_sea_chest.soundWaterCrash'.
15:27:48.159 Warning Message: Size: '/' not an array
15:27:48.159 Warning Message: No entry 'bin\config.bin/CfgVehicles/Slot_sea_chest.reversed'.
15:27:48.159 Warning Message: Trying to access error value.
15:27:48.159 DamageSystem Warning: Inventory slot Toyota_Wheel_1_1 doesn't exists
15:27:48.159 DamageSystem Warning: Inventory slot Toyota_Wheel_2_1 doesn't exists
15:27:48.159 DamageSystem Warning: Inventory slot Toyota_Wheel_1_1 doesn't exists
15:27:48.159 DamageSystem Warning: Inventory slot Toyota_Wheel_2_1 doesn't exists
15:27:48.159 DamageSystem Warning: Inventory slot Toyota_Wheel_1_2 doesn't exists
15:27:48.159 DamageSystem Warning: Inventory slot Toyota_Wheel_2_2 doesn't exists
15:27:48.159 DamageSystem Warning: Inventory slot Toyota_Wheel_1_1 doesn't exists
15:27:48.159 DamageSystem Warning: Inventory slot Toyota_86_DriverDoor doesn't exists
15:27:48.159 DamageSystem Warning: Inventory slot Toyota_Wheel_2_1 doesn't exists
15:27:48.159 DamageSystem Warning: Inventory slot Toyota_Wheel_1_2 doesn't exists
15:27:48.159 DamageSystem Warning: Inventory slot Toyota_86_CargoDoor1 doesn't exists
15:27:48.159 DamageSystem Warning: Inventory slot Toyota_Wheel_2_2 doesn't exists
15:27:48.159 DamageSystem Warning: Inventory slot Toyota_86_CargoDoor2 doesn't exists
15:27:48.159 Warning Message: No entry 'bin\config.bin/CfgVehicles/CoyoteBag_ColorBase/DamageSystem.DamageZones'.
15:27:48.159 Warning Message: No entry 'bin\config.bin/CfgVehicles/DryBag_ColorBase/DamageSystem.DamageZones'.
15:27:48.176 Warning Message: No entry 'bin\config.bin/CfgVehicles/Clothing_Base/DamageSystem.DamageZones'.
15:27:48.176 Warning Message: No entry 'bin\config.bin/CfgVehicles/Clothing_Base/DamageSystem.DamageZones'.
15:27:48.176 Warning Message: No entry 'bin\config.bin/CfgVehicles/GhillieBushrag_UNKBase/DamageSystem.DamageZones'.
15:27:48.176 Warning Message: No entry 'bin\config.bin/CfgVehicles/GhillieTop_UNKBase/DamageSystem.DamageZones'.
15:27:48.176 Warning Message: No entry 'bin\config.bin/CfgVehicles/GhillieSuit_UNKBase/DamageSystem.DamageZones'.
15:27:48.176 Warning Message: No entry 'bin\config.bin/CfgVehicles/GhillieHood_UNKBase/DamageSystem.DamageZones'.
15:27:48.176 Warning Message: No entry 'bin\config.bin/CfgVehicles/GhillieAtt_UNKBase/DamageSystem.DamageZones'.
15:27:48.177 Warning Message: No entry 'bin\config.bin/CfgVehicles/ChevroletTahoe_Base/DamageSystem/DamageZones/Front/Health.healthLevels'.
15:27:48.177 Warning Message: No entry 'bin\config.bin/CfgVehicles/ChevroletTahoe_Base/DamageSystem/DamageZones/Back/Health.healthLevels'.
15:27:48.177 DamageSystem Warning: There's more "transferToZonesCoefs" than "transferToZonesNames" for damage zone Back (Entity type ChevroletTahoe_Base)
15:27:48.177 Warning Message: No entry 'bin\config.bin/CfgVehicles/ChevroletTahoe_Base/DamageSystem/DamageZones/Fender_1_1/Health.healthLevels'.
15:27:48.177 Warning Message: No entry 'bin\config.bin/CfgVehicles/ChevroletTahoe_Base/DamageSystem/DamageZones/Fender_1_1/Health.healthLevels'.
15:27:48.177 Warning Message: No entry 'bin\config.bin/CfgVehicles/ChevroletTahoe_Base/DamageSystem/DamageZones/Fender_1_1/Health.healthLevels'.
15:27:48.177 Warning Message: No entry 'bin\config.bin/CfgVehicles/ChevroletTahoe_Base/DamageSystem/DamageZones/Fender_1_1/Health.healthLevels'.
15:27:48.180 Warning Message: No entry 'bin\config.bin/CfgVehicles/Inventory_Base/DamageSystem.DamageZones'.
15:27:48.180 Warning Message: No entry 'bin\config.bin/CfgVehicles/TF_AK_AdapterBttstck_Base/DamageSystem.DamageZones'.
15:27:48.180 Warning Message: No entry 'bin\config.bin/CfgVehicles/TF_AN94_AdapterBttstck_Base/DamageSystem.DamageZones'.
15:27:48.180 Warning Message: No entry 'bin\config.bin/CfgVehicles/TF_AN94_PlasticBttstck_Base/DamageSystem.DamageZones'.
15:27:48.181 Warning Message: No entry 'bin\config.bin/CfgVehicles/TF_MAR10_Bttstck_Base/DamageSystem.DamageZones'.
15:27:48.181 Warning Message: No entry 'bin\config.bin/CfgVehicles/TF_M4_ADARBttstck_Base/DamageSystem.DamageZones'.
15:27:48.181 Warning Message: No entry 'bin\config.bin/CfgVehicles/TF_M4_CMMG_RIPBttstck_Base/DamageSystem.DamageZones'.
15:27:48.181 Warning Message: No entry 'bin\config.bin/CfgVehicles/TF_SCAR_Mk20Bttstck_Base/DamageSystem.DamageZones'.
15:27:48.181 Warning Message: No entry 'bin\config.bin/CfgVehicles/TF_SCAR_StndBttstck_Base/DamageSystem.DamageZones'.
15:27:48.181 Warning Message: No entry 'bin\config.bin/CfgVehicles/TF_SAW_RIS_Grip_Base/DamageSystem.DamageZones'.
15:27:48.182 Warning Message: No entry 'bin\config.bin/CfgVehicles/TF_AFG_RIS_Grip_Base/DamageSystem.DamageZones'.
15:27:48.182 Warning Message: No entry 'bin\config.bin/CfgVehicles/TF_AFG_MLOCK_Grip_Base/DamageSystem.DamageZones'.
15:27:48.182 Warning Message: No entry 'bin\config.bin/CfgVehicles/TF_BCM_MLOCK_Grip_Base/DamageSystem.DamageZones'.
15:27:48.182 Warning Message: No entry 'bin\config.bin/CfgVehicles/TF_RVG_RIS_Grip_Base/DamageSystem.DamageZones'.
15:27:48.182 Warning Message: No entry 'bin\config.bin/CfgVehicles/TF_SCAR_ADDHndgrd_Base/DamageSystem.DamageZones'.
15:27:48.182 Warning Message: No entry 'bin\config.bin/CfgVehicles/TF_AR10_CMMG15Hndgrd_MLOCK_Base/DamageSystem.DamageZones'.
15:27:48.183 Warning Message: No entry 'bin\config.bin/CfgVehicles/TF_AR10_CMMG9Hndgrd_MLOCK_Base/DamageSystem.DamageZones'.
15:27:48.183 Warning Message: No entry 'bin\config.bin/CfgVehicles/TF_Handguard_M4_ADAR_Base/DamageSystem.DamageZones'.
15:27:48.183 Warning Message: No entry 'bin\config.bin/CfgVehicles/TF_Handguard_M4_DD12_Base/DamageSystem.DamageZones'.
15:27:48.183 Warning Message: No entry 'bin\config.bin/CfgVehicles/TF_Handguard_M4_DD9_Base/DamageSystem.DamageZones'.
15:27:48.183 Warning Message: No entry 'bin\config.bin/CfgVehicles/TF_Handguard_M4_DD_FSP_Base/DamageSystem.DamageZones'.
15:27:48.183 Warning Message: No entry 'bin\config.bin/CfgVehicles/TF_Handguard_M4_SMR13_Base/DamageSystem.DamageZones'.
15:27:48.183 Warning Message: No entry 'bin\config.bin/CfgVehicles/TF_Handguard_M4_SMR9_Base/DamageSystem.DamageZones'.
15:27:48.183 Warning Message: No entry 'bin\config.bin/CfgVehicles/TF_M4_Hndgrd_RIS_FDE_Base/DamageSystem.DamageZones'.
15:27:48.184 Warning Message: No entry 'bin\config.bin/CfgVehicles/TF_SCAR_MREXHndgrd_Base/DamageSystem.DamageZones'.
15:27:48.184 Warning Message: No entry 'bin\config.bin/CfgVehicles/TF_SCAR_StndHndgrd_Base/DamageSystem.DamageZones'.
15:27:48.184 Warning Message: No entry 'bin\config.bin/CfgVehicles/M4_Suppressor/DamageSystem.DamageZones'.
15:27:48.184 Warning Message: No entry 'bin\config.bin/CfgVehicles/TF_SCAR_Suppressor_Base/DamageSystem.DamageZones'.
15:27:48.184 Warning Message: No entry 'bin\config.bin/CfgVehicles/TF_AK_PBS1Suppressor_Base/DamageSystem.DamageZones'.
15:27:48.184 Warning Message: No entry 'bin\config.bin/CfgVehicles/TF_M4_SOCOMSuppressor_Base/DamageSystem.DamageZones'.
15:27:48.184 Warning Message: No entry 'bin\config.bin/CfgVehicles/TF_MAR_10_Suppressor_Base/DamageSystem.DamageZones'.
15:27:48.184 Warning Message: No entry 'bin\config.bin/CfgVehicles/Inventory_Base/DamageSystem.DamageZones'.
15:27:48.184 Warning Message: No entry 'bin\config.bin/CfgVehicles/TF_Maid_Grip_Base/DamageSystem.DamageZones'.
15:27:48.184 Warning Message: No entry 'bin\config.bin/CfgVehicles/Inventory_Base/DamageSystem.DamageZones'.
15:27:48.184 Warning Message: No entry 'bin\config.bin/CfgVehicles/TF_RK3_Grip_Base/DamageSystem.DamageZones'.
15:27:48.184 Warning Message: No entry 'bin\config.bin/CfgVehicles/TF_M16_Bttstck_Base/DamageSystem.DamageZones'.
15:27:48.184 Warning Message: No entry 'bin\config.bin/CfgVehicles/TF_M4_MagpulPRSGen3Bttstck_Base/DamageSystem.DamageZones'.
15:27:48.184 Warning Message: No entry 'bin\config.bin/CfgVehicles/TF_Zenit_RK4_RIS_Grip/DamageSystem.DamageZones'.
15:27:48.184 String "STR_Zenit_RK4_Grip" not found (not in localization table)
15:27:48.185 Warning Message: No entry 'bin\config.bin/CfgVehicles/TF_M16_KACHndgrd_RIS_Base/DamageSystem.DamageZones'.
15:27:48.185 Warning Message: No entry 'bin\config.bin/CfgVehicles/TF_MOE_Grip_Base/DamageSystem.DamageZones'.
15:27:48.185 Warning Message: No entry 'bin\config.bin/CfgVehicles/TF_OMRG_Grip_Base/DamageSystem.DamageZones'.
15:27:48.185 Warning Message: No entry 'bin\config.bin/CfgVehicles/TF_TDS_Grip_Base/DamageSystem.DamageZones'.
15:27:48.185 Warning Message: No entry 'bin\config.bin/CfgVehicles/TF_KGB_MG47_Grip_Base/DamageSystem.DamageZones'.
15:27:48.185 Warning Message: No entry 'bin\config.bin/CfgVehicles/TF_AK_MOE_Base/DamageSystem.DamageZones'.
15:27:48.185 Warning Message: No entry 'bin\config.bin/CfgVehicles/TF_AK_TAPCO_Base/DamageSystem.DamageZones'.
15:27:48.185 Warning Message: No entry 'bin\config.bin/CfgVehicles/BJJ_GI_Lower_ColorBase/DamageSystem.DamageZones'.
15:27:48.185 Warning Message: No entry 'bin\config.bin/CfgVehicles/BJJ_GI_Upper_ColorBase/DamageSystem.DamageZones'.
15:27:48.185 Warning Message: No entry 'bin\config.bin/CfgVehicles/Defender_Vest_ColorBase/DamageSystem.DamageZones'.
15:27:48.185 Warning Message: No entry 'bin\config.bin/CfgVehicles/Galife_Pants_ColorBase/DamageSystem.DamageZones'.
15:27:48.185 Warning Message: No entry 'bin\config.bin/CfgVehicles/Kirza_Boots_ColorBase/DamageSystem.DamageZones'.
15:27:48.185 Warning Message: No entry 'bin\config.bin/CfgVehicles/Leather_Cloak_ColorBase/DamageSystem.DamageZones'.
15:27:48.185 Warning Message: No entry 'bin\config.bin/CfgVehicles/Legging_Shorts_ColorBase/DamageSystem.DamageZones'.
15:27:48.185 Warning Message: No entry 'bin\config.bin/CfgVehicles/Clothing_Base/DamageSystem.DamageZones'.
15:27:48.185 Warning Message: No entry 'bin\config.bin/CfgVehicles/Plague_Mask_ColorBase/DamageSystem.DamageZones'.
15:27:48.185 Warning Message: No entry 'bin\config.bin/CfgVehicles/WindstridePoncho/DamageSystem.DamageZones'.
15:27:48.185 Warning Message: No entry 'bin\config.bin/CfgVehicles/Round_Glasses_ColorBase/DamageSystem.DamageZones'.
15:27:48.187 Warning Message: No entry 'bin\config.bin/CfgVehicles/Scarf_ColorBase/DamageSystem.DamageZones'.
15:27:48.187 Warning Message: No entry 'bin\config.bin/CfgVehicles/Shabby_Hoodie_ColorBase/DamageSystem.DamageZones'.
15:27:48.187 Warning Message: No entry 'bin\config.bin/CfgVehicles/Shemagh_ColorBase/DamageSystem.DamageZones'.
15:27:48.187 Warning Message: No entry 'bin\config.bin/CfgVehicles/Shemagh_ColorBase/DamageSystem.DamageZones'.
15:27:48.187 Warning Message: No entry 'bin\config.bin/CfgVehicles/Shemagh_ColorBase/DamageSystem.DamageZones'.
15:27:48.187 Warning Message: No entry 'bin\config.bin/CfgVehicles/Shemagh_ColorBase/DamageSystem.DamageZones'.
15:27:48.187 Warning Message: No entry 'bin\config.bin/CfgVehicles/Shemagh_ColorBase/DamageSystem.DamageZones'.
15:27:48.187 Warning Message: No entry 'bin\config.bin/CfgVehicles/Shemagh_Bandit_ColorBase/DamageSystem.DamageZones'.
15:27:48.187 Warning Message: No entry 'bin\config.bin/CfgVehicles/Shemagh_Bandit_ColorBase/DamageSystem.DamageZones'.
15:27:48.187 Warning Message: No entry 'bin\config.bin/CfgVehicles/Shemagh_Bandit_ColorBase/DamageSystem.DamageZones'.
15:27:48.187 Warning Message: No entry 'bin\config.bin/CfgVehicles/Shemagh_Bandit_ColorBase/DamageSystem.DamageZones'.
15:27:48.187 Warning Message: No entry 'bin\config.bin/CfgVehicles/Shemagh_Bandit_ColorBase/DamageSystem.DamageZones'.
15:27:48.187 Warning Message: No entry 'bin\config.bin/CfgVehicles/Shemagh_Facemask_ColorBase/DamageSystem.DamageZones'.
15:27:48.187 Warning Message: No entry 'bin\config.bin/CfgVehicles/Shemagh_Facemask_ColorBase/DamageSystem.DamageZones'.
15:27:48.187 Warning Message: No entry 'bin\config.bin/CfgVehicles/Shemagh_Facemask_ColorBase/DamageSystem.DamageZones'.
15:27:48.187 Warning Message: No entry 'bin\config.bin/CfgVehicles/Shemagh_Facemask_ColorBase/DamageSystem.DamageZones'.
15:27:48.187 Warning Message: No entry 'bin\config.bin/CfgVehicles/Shemagh_Facemask_ColorBase/DamageSystem.DamageZones'.
15:27:48.187 Warning Message: No entry 'bin\config.bin/CfgVehicles/Shemagh_Scarf_ColorBase/DamageSystem.DamageZones'.
15:27:48.187 Warning Message: No entry 'bin\config.bin/CfgVehicles/Shemagh_Scarf_ColorBase/DamageSystem.DamageZones'.
15:27:48.187 Warning Message: No entry 'bin\config.bin/CfgVehicles/Shemagh_Scarf_ColorBase/DamageSystem.DamageZones'.
15:27:48.187 Warning Message: No entry 'bin\config.bin/CfgVehicles/Shemagh_Scarf_ColorBase/DamageSystem.DamageZones'.
15:27:48.187 Warning Message: No entry 'bin\config.bin/CfgVehicles/Shemagh_Scarf_ColorBase/DamageSystem.DamageZones'.
15:27:48.187 Warning Message: No entry 'bin\config.bin/CfgVehicles/SK8_Sneakers_ColorBase/DamageSystem.DamageZones'.
15:27:48.187 Warning Message: No entry 'bin\config.bin/CfgVehicles/Skinny_Jeans_ColorBase/DamageSystem.DamageZones'.
15:27:48.187 Warning Message: No entry 'bin\config.bin/CfgVehicles/Slouch_Hat_ColorBase/DamageSystem.DamageZones'.
15:27:48.187 Warning Message: No entry 'bin\config.bin/CfgVehicles/Tactical_Leg_Holster_ColorBase/DamageSystem.DamageZones'.
15:27:48.187 Warning Message: No entry 'bin\config.bin/CfgVehicles/Trapper_Hat_ColorBase/DamageSystem.DamageZones'.
15:27:48.187 Warning Message: No entry 'bin\config.bin/CfgVehicles/Wool_GreatCoat_ColorBase/DamageSystem.DamageZones'.
15:27:48.188 Warning Message: No entry 'bin\config.bin/CfgVehicles/xdz_snegurka_pants_base/DamageSystem.DamageZones'.
15:27:48.188 Warning Message: No entry 'bin\config.bin/CfgVehicles/xdz_snegurka_shirt_base/DamageSystem.DamageZones'.
15:27:48.188 Warning Message: No entry 'bin\config.bin/CfgVehicles/xdz_snegurka_hand_base/DamageSystem.DamageZones'.
15:27:48.188 Warning Message: No entry 'bin\config.bin/CfgVehicles/xdz_snegurka_boots_base/DamageSystem.DamageZones'.
15:27:48.188 Warning Message: No entry 'bin\config.bin/CfgVehicles/xdz_snegurka_helmet_base/DamageSystem.DamageZones'.
15:27:48.188 Warning Message: No entry 'bin\config.bin/CfgVehicles/xdz_snegurka_back_Base/DamageSystem.DamageZones'.
15:27:48.188 Warning Message: No entry 'bin\config.bin/CfgVehicles/Inventory_Base/DamageSystem.DamageZones'.
15:27:48.188 Warning Message: No entry 'bin\config.bin/CfgVehicles/ZenKitBase/DamageSystem.DamageZones'.
15:27:48.188 Warning Message: No entry 'bin\config.bin/CfgVehicles/ZenKitBase/DamageSystem.DamageZones'.
15:27:48.189 Warning Message: No entry 'bin\config.bin/CfgVehicles/Mich2001Helmet/DamageSystem.DamageZones'.
15:27:48.189 Warning Message: No entry 'bin\config.bin/CfgVehicles/TF_6B47Helmet_Base/DamageSystem.DamageZones'.
15:27:48.189 Warning Message: No entry 'bin\config.bin/CfgVehicles/TF_6B47HelmetCover_Base/DamageSystem.DamageZones'.
15:27:48.189 Warning Message: No entry 'bin\config.bin/CfgVehicles/TF_LSHZHelmet_ColorBase/DamageSystem.DamageZones'.
15:27:48.189 Warning Message: No entry 'bin\config.bin/CfgVehicles/TF_Maska1sh_Base/DamageSystem.DamageZones'.
15:27:48.190 Warning Message: No entry 'bin\config.bin/CfgVehicles/TF_MICH2000Helmet_Base/DamageSystem.DamageZones'.
15:27:48.190 Warning Message: No entry 'bin\config.bin/CfgVehicles/TF_MICH2000Helmet_Cover_Base/DamageSystem.DamageZones'.
15:27:48.190 Warning Message: No entry 'bin\config.bin/CfgVehicles/WeldingMask/DamageSystem.DamageZones'.
15:27:48.190 Warning Message: No entry 'bin\config.bin/CfgVehicles/TF_WeldingMask_Base/DamageSystem.DamageZones'.
15:27:48.190 Warning Message: No entry 'bin\config.bin/CfgVehicles/TF_Pouch_Buttpack_6sh112_Base/DamageSystem.DamageZones'.
15:27:48.190 String "STR_TF_Pouch_Buttpack" not found (not in localization table)
15:27:48.190 Warning Message: No entry 'bin\config.bin/CfgVehicles/TF_Pouch_Buttpack_6sh112_Base/DamageSystem.DamageZones'.
15:27:48.190 String "STR_TF_Pouch_Buttpack" not found (not in localization table)
15:27:48.190 Warning Message: No entry 'bin\config.bin/CfgVehicles/TF_Pouch_Buttpack_6sh112_Base/DamageSystem.DamageZones'.
15:27:48.190 String "STR_TF_Pouch_Buttpack" not found (not in localization table)
15:27:48.191 Warning Message: No entry 'bin\config.bin/CfgVehicles/TF_Pouch_Mag3_AVS_Base/DamageSystem.DamageZones'.
15:27:48.191 Warning Message: No entry 'bin\config.bin/CfgVehicles/TF_Pouch_Mag3_FastMag_Base/DamageSystem.DamageZones'.
15:27:48.191 Warning Message: No entry 'bin\config.bin/CfgVehicles/TF_Pouch_Med_AFAK_Base/DamageSystem.DamageZones'.
15:27:48.191 Warning Message: No entry 'bin\config.bin/CfgVehicles/TF_Pouch_Gren2_AVS_Base/DamageSystem.DamageZones'.
15:27:48.191 Warning Message: No entry 'bin\config.bin/CfgVehicles/TF_Pouch_Utility_Large_Base/DamageSystem.DamageZones'.
15:27:48.191 Warning Message: No entry 'bin\config.bin/CfgVehicles/TF_Pouch_Mag3_JPC_Base/DamageSystem.DamageZones'.
15:27:48.191 Warning Message: No entry 'bin\config.bin/CfgVehicles/TF_6sh112_Base/DamageSystem.DamageZones'.
15:27:48.256 Warning Message: No entry 'bin\config.bin/CfgVehicles/TF_Pouch_Dump_Mag_Base/DamageSystem.DamageZones'.
15:27:48.256 Warning Message: No entry 'bin\config.bin/CfgVehicles/TF_Pouch_Gren_3g_Base/DamageSystem.DamageZones'.
15:27:48.256 Warning Message: No entry 'bin\config.bin/CfgVehicles/TF_Pouch_Gren_2g_Base/DamageSystem.DamageZones'.
15:27:48.256 Warning Message: No entry 'bin\config.bin/CfgVehicles/TF_Pouch_LMG_Base/DamageSystem.DamageZones'.
15:27:48.256 Warning Message: No entry 'bin\config.bin/CfgVehicles/TF_LMG_M4Pouch_Base/DamageSystem.DamageZones'.
15:27:48.256 Warning Message: No entry 'bin\config.bin/CfgVehicles/TF_Pouch_Mag2_Base/DamageSystem.DamageZones'.
15:27:48.256 Warning Message: No entry 'bin\config.bin/CfgVehicles/TF_Pouch_Mag3_Base/DamageSystem.DamageZones'.
15:27:48.256 Warning Message: No entry 'bin\config.bin/CfgVehicles/TF_Pouch_Med_v1_Base/DamageSystem.DamageZones'.
15:27:48.256 Warning Message: No entry 'bin\config.bin/CfgVehicles/TF_Pouch_Med_v2_Base/DamageSystem.DamageZones'.
15:27:48.256 Warning Message: No entry 'bin\config.bin/CfgVehicles/TF_MedPouch3_Base/DamageSystem.DamageZones'.
15:27:48.258 DamageSystem Warning: There's more "transferToZonesCoefs" than "transferToZonesNames" for damage zone Back (Entity type BMW_M3_BOSS_Base)
15:27:48.258 DamageSystem Warning: There's more "transferToZonesCoefs" than "transferToZonesNames" for damage zone Fender_2_2 (Entity type BMW_M3_BOSS_Base)
15:27:48.258 DamageSystem Warning: There's more "transferToZonesCoefs" than "transferToZonesNames" for damage zone Back (Entity type BMW_M5g90_Sadan_Base)
15:27:48.258 Warning Message: No entry 'bin\config.bin/CfgVehicles/INK_CamoNetPoncho_Base/DamageSystem.DamageZones'.
15:27:48.258 DamageSystem Warning: There's more "transferToZonesCoefs" than "transferToZonesNames" for damage zone Back (Entity type Civic_Base)
15:27:48.258 Warning Message: No entry 'bin\config.bin/CfgVehicles/TF_CamelBakBag_ColorBase/DamageSystem.DamageZones'.
15:27:48.258 Warning Message: No entry 'bin\config.bin/CfgVehicles/TFRifleSling_ColorBase/DamageSystem.DamageZones'.
15:27:48.258 Warning Message: No entry 'bin\config.bin/CfgVehicles/TF_Foil_base/DamageSystem.DamageZones'.
15:27:48.258 Warning Message: No entry 'bin\config.bin/CfgVehicles/TF_Pants_6sh122_ColorBase/DamageSystem.DamageZones'.
15:27:48.259 Warning Message: No entry 'bin\config.bin/CfgVehicles/TF_CargoPantsShort_ColorBase/DamageSystem.DamageZones'.
15:27:48.259 Warning Message: No entry 'bin\config.bin/CfgVehicles/TF_G3CombatPants_ColorBase/DamageSystem.DamageZones'.
15:27:48.259 Warning Message: No entry 'bin\config.bin/CfgVehicles/TF_6sh122Jacket_ColorBase/DamageSystem.DamageZones'.
15:27:48.259 Warning Message: No entry 'bin\config.bin/CfgVehicles/TF_G3CombatShirt_ColorBase/DamageSystem.DamageZones'.
15:27:48.259 Warning Message: No entry 'bin\config.bin/CfgVehicles/GUIInventoryAttachmentsProps.scope'.
15:27:48.259 Warning Message: Trying to access error value.
15:27:48.260 Warning Message: No entry 'bin\config.bin/CfgVehicles/GUIInventoryAttachmentsProps.model'.
15:27:48.260 Warning Message: Trying to access error value.
15:27:48.260 Warning Message: No entry 'bin\config.bin/CfgVehicles/GUIInventoryAttachmentsProps.simulation'.
15:27:48.260 Warning Message: Trying to access error value.
15:27:48.260 Warning Message: No entry 'bin\config.bin/CfgVehicles/GUIInventoryAttachmentsProps.displayName'.
15:27:48.260 Warning Message: Trying to access error value.
15:27:48.260 Warning Message: No entry 'bin\config.bin/CfgVehicles/GUIInventoryAttachmentsProps.destrType'.
15:27:48.260 Warning Message: Trying to access error value.
15:27:48.260 Warning Message: No entry 'bin\config.bin/CfgVehicles/GUIInventoryAttachmentsProps.itemsCargoSize'.
15:27:48.260 Warning Message: No entry 'bin\config.bin/CfgVehicles/GUIInventoryAttachmentsProps.clothingType'.
15:27:48.260 Warning Message: Trying to access error value.
15:27:48.260 Warning Message: No entry 'bin\config.bin/CfgVehicles/GUIInventoryAttachmentsProps.soundEngine'.
15:27:48.260 Warning Message: Size: '/' not an array
15:27:48.260 Warning Message: No entry 'bin\config.bin/CfgVehicles/GUIInventoryAttachmentsProps.soundCrash'.
15:27:48.260 Warning Message: Size: '/' not an array
15:27:48.260 Warning Message: No entry 'bin\config.bin/CfgVehicles/GUIInventoryAttachmentsProps.soundLandCrash'.
15:27:48.260 Warning Message: Size: '/' not an array
15:27:48.260 Warning Message: No entry 'bin\config.bin/CfgVehicles/GUIInventoryAttachmentsProps.soundWaterCrash'.
15:27:48.260 Warning Message: Size: '/' not an array
15:27:48.260 Warning Message: No entry 'bin\config.bin/CfgVehicles/GUIInventoryAttachmentsProps.reversed'.
15:27:48.260 Warning Message: Trying to access error value.
15:27:48.260 Warning Message: No entry 'bin\config.bin/CfgVehicles/Expansion_FoodBase/DamageSystem.DamageZones'.
15:27:48.260 Warning Message: No entry 'bin\config.bin/CfgVehicles/ViewPilot.scope'.
15:27:48.260 Warning Message: Trying to access error value.
15:27:48.260 Warning Message: No entry 'bin\config.bin/CfgVehicles/ViewPilot.model'.
15:27:48.260 Warning Message: Trying to access error value.
15:27:48.260 Warning Message: No entry 'bin\config.bin/CfgVehicles/ViewPilot.simulation'.
15:27:48.260 Warning Message: Trying to access error value.
15:27:48.260 Warning Message: No entry 'bin\config.bin/CfgVehicles/ViewPilot.displayName'.
15:27:48.260 Warning Message: Trying to access error value.
15:27:48.260 Warning Message: No entry 'bin\config.bin/CfgVehicles/ViewPilot.destrType'.
15:27:48.260 Warning Message: Trying to access error value.
15:27:48.260 Warning Message: No entry 'bin\config.bin/CfgVehicles/ViewPilot.itemsCargoSize'.
15:27:48.260 Warning Message: No entry 'bin\config.bin/CfgVehicles/ViewPilot.clothingType'.
15:27:48.260 Warning Message: Trying to access error value.
15:27:48.260 Warning Message: No entry 'bin\config.bin/CfgVehicles/ViewPilot.soundEngine'.
15:27:48.260 Warning Message: Size: '/' not an array
15:27:48.260 Warning Message: No entry 'bin\config.bin/CfgVehicles/ViewPilot.soundCrash'.
15:27:48.260 Warning Message: Size: '/' not an array
15:27:48.260 Warning Message: No entry 'bin\config.bin/CfgVehicles/ViewPilot.soundLandCrash'.
15:27:48.260 Warning Message: Size: '/' not an array
15:27:48.260 Warning Message: No entry 'bin\config.bin/CfgVehicles/ViewPilot.soundWaterCrash'.
15:27:48.260 Warning Message: Size: '/' not an array
15:27:48.260 Warning Message: No entry 'bin\config.bin/CfgVehicles/ViewPilot.reversed'.
15:27:48.260 Warning Message: Trying to access error value.
15:27:48.260 Warning Message: No entry 'bin\config.bin/CfgVehicles/DoorsDriver.scope'.
15:27:48.260 Warning Message: Trying to access error value.
15:27:48.260 Warning Message: No entry 'bin\config.bin/CfgVehicles/DoorsDriver.model'.
15:27:48.260 Warning Message: Trying to access error value.
15:27:48.260 Warning Message: No entry 'bin\config.bin/CfgVehicles/DoorsDriver.simulation'.
15:27:48.260 Warning Message: Trying to access error value.
15:27:48.260 Warning Message: No entry 'bin\config.bin/CfgVehicles/DoorsDriver.displayName'.
15:27:48.260 Warning Message: Trying to access error value.
15:27:48.260 Warning Message: No entry 'bin\config.bin/CfgVehicles/DoorsDriver.destrType'.
15:27:48.260 Warning Message: Trying to access error value.
15:27:48.260 Warning Message: No entry 'bin\config.bin/CfgVehicles/DoorsDriver.itemsCargoSize'.
15:27:48.260 Warning Message: No entry 'bin\config.bin/CfgVehicles/DoorsDriver.clothingType'.
15:27:48.260 Warning Message: Trying to access error value.
15:27:48.260 Warning Message: No entry 'bin\config.bin/CfgVehicles/DoorsDriver.soundEngine'.
15:27:48.260 Warning Message: Size: '/' not an array
15:27:48.260 Warning Message: No entry 'bin\config.bin/CfgVehicles/DoorsDriver.soundCrash'.
15:27:48.260 Warning Message: Size: '/' not an array
15:27:48.260 Warning Message: No entry 'bin\config.bin/CfgVehicles/DoorsDriver.soundLandCrash'.
15:27:48.260 Warning Message: Size: '/' not an array
15:27:48.260 Warning Message: No entry 'bin\config.bin/CfgVehicles/DoorsDriver.soundWaterCrash'.
15:27:48.260 Warning Message: Size: '/' not an array
15:27:48.260 Warning Message: No entry 'bin\config.bin/CfgVehicles/DoorsDriver.reversed'.
15:27:48.260 Warning Message: Trying to access error value.
15:27:48.260 Warning Message: No entry 'bin\config.bin/CfgVehicles/DoorsCoDriver.scope'.
15:27:48.260 Warning Message: Trying to access error value.
15:27:48.260 Warning Message: No entry 'bin\config.bin/CfgVehicles/DoorsCoDriver.model'.
15:27:48.260 Warning Message: Trying to access error value.
15:27:48.260 Warning Message: No entry 'bin\config.bin/CfgVehicles/DoorsCoDriver.simulation'.
15:27:48.260 Warning Message: Trying to access error value.
15:27:48.260 Warning Message: No entry 'bin\config.bin/CfgVehicles/DoorsCoDriver.displayName'.
15:27:48.260 Warning Message: Trying to access error value.
15:27:48.260 Warning Message: No entry 'bin\config.bin/CfgVehicles/DoorsCoDriver.destrType'.
15:27:48.260 Warning Message: Trying to access error value.
15:27:48.260 Warning Message: No entry 'bin\config.bin/CfgVehicles/DoorsCoDriver.itemsCargoSize'.
15:27:48.260 Warning Message: No entry 'bin\config.bin/CfgVehicles/DoorsCoDriver.clothingType'.
15:27:48.260 Warning Message: Trying to access error value.
15:27:48.260 Warning Message: No entry 'bin\config.bin/CfgVehicles/DoorsCoDriver.soundEngine'.
15:27:48.260 Warning Message: Size: '/' not an array
15:27:48.260 Warning Message: No entry 'bin\config.bin/CfgVehicles/DoorsCoDriver.soundCrash'.
15:27:48.260 Warning Message: Size: '/' not an array
15:27:48.260 Warning Message: No entry 'bin\config.bin/CfgVehicles/DoorsCoDriver.soundLandCrash'.
15:27:48.260 Warning Message: Size: '/' not an array
15:27:48.260 Warning Message: No entry 'bin\config.bin/CfgVehicles/DoorsCoDriver.soundWaterCrash'.
15:27:48.260 Warning Message: Size: '/' not an array
15:27:48.260 Warning Message: No entry 'bin\config.bin/CfgVehicles/DoorsCoDriver.reversed'.
15:27:48.260 Warning Message: Trying to access error value.
15:27:48.260 Warning Message: No entry 'bin\config.bin/CfgVehicles/DoorsHood.scope'.
15:27:48.260 Warning Message: Trying to access error value.
15:27:48.260 Warning Message: No entry 'bin\config.bin/CfgVehicles/DoorsHood.model'.
15:27:48.260 Warning Message: Trying to access error value.
15:27:48.260 Warning Message: No entry 'bin\config.bin/CfgVehicles/DoorsHood.simulation'.
15:27:48.260 Warning Message: Trying to access error value.
15:27:48.260 Warning Message: No entry 'bin\config.bin/CfgVehicles/DoorsHood.displayName'.
15:27:48.260 Warning Message: Trying to access error value.
15:27:48.260 Warning Message: No entry 'bin\config.bin/CfgVehicles/DoorsHood.destrType'.
15:27:48.260 Warning Message: Trying to access error value.
15:27:48.260 Warning Message: No entry 'bin\config.bin/CfgVehicles/DoorsHood.itemsCargoSize'.
15:27:48.260 Warning Message: No entry 'bin\config.bin/CfgVehicles/DoorsHood.clothingType'.
15:27:48.260 Warning Message: Trying to access error value.
15:27:48.260 Warning Message: No entry 'bin\config.bin/CfgVehicles/DoorsHood.soundEngine'.
15:27:48.260 Warning Message: Size: '/' not an array
15:27:48.260 Warning Message: No entry 'bin\config.bin/CfgVehicles/DoorsHood.soundCrash'.
15:27:48.260 Warning Message: Size: '/' not an array
15:27:48.260 Warning Message: No entry 'bin\config.bin/CfgVehicles/DoorsHood.soundLandCrash'.
15:27:48.260 Warning Message: Size: '/' not an array
15:27:48.260 Warning Message: No entry 'bin\config.bin/CfgVehicles/DoorsHood.soundWaterCrash'.
15:27:48.260 Warning Message: Size: '/' not an array
15:27:48.260 Warning Message: No entry 'bin\config.bin/CfgVehicles/DoorsHood.reversed'.
15:27:48.260 Warning Message: Trying to access error value.
15:27:48.260 Warning Message: No entry 'bin\config.bin/CfgVehicles/DoorsTrunk.scope'.
15:27:48.260 Warning Message: Trying to access error value.
15:27:48.260 Warning Message: No entry 'bin\config.bin/CfgVehicles/DoorsTrunk.model'.
15:27:48.260 Warning Message: Trying to access error value.
15:27:48.260 Warning Message: No entry 'bin\config.bin/CfgVehicles/DoorsTrunk.simulation'.
15:27:48.260 Warning Message: Trying to access error value.
15:27:48.260 Warning Message: No entry 'bin\config.bin/CfgVehicles/DoorsTrunk.displayName'.
15:27:48.260 Warning Message: Trying to access error value.
15:27:48.260 Warning Message: No entry 'bin\config.bin/CfgVehicles/DoorsTrunk.destrType'.
15:27:48.260 Warning Message: Trying to access error value.
15:27:48.260 Warning Message: No entry 'bin\config.bin/CfgVehicles/DoorsTrunk.itemsCargoSize'.
15:27:48.260 Warning Message: No entry 'bin\config.bin/CfgVehicles/DoorsTrunk.clothingType'.
15:27:48.260 Warning Message: Trying to access error value.
15:27:48.260 Warning Message: No entry 'bin\config.bin/CfgVehicles/DoorsTrunk.soundEngine'.
15:27:48.260 Warning Message: Size: '/' not an array
15:27:48.260 Warning Message: No entry 'bin\config.bin/CfgVehicles/DoorsTrunk.soundCrash'.
15:27:48.260 Warning Message: Size: '/' not an array
15:27:48.260 Warning Message: No entry 'bin\config.bin/CfgVehicles/DoorsTrunk.soundLandCrash'.
15:27:48.260 Warning Message: Size: '/' not an array
15:27:48.260 Warning Message: No entry 'bin\config.bin/CfgVehicles/DoorsTrunk.soundWaterCrash'.
15:27:48.260 Warning Message: Size: '/' not an array
15:27:48.260 Warning Message: No entry 'bin\config.bin/CfgVehicles/DoorsTrunk.reversed'.
15:27:48.260 Warning Message: Trying to access error value.
15:27:48.260 Warning Message: No entry 'bin\config.bin/CfgVehicles/HideDestroyed_1_1.scope'.
15:27:48.260 Warning Message: Trying to access error value.
15:27:48.260 Warning Message: No entry 'bin\config.bin/CfgVehicles/HideDestroyed_1_1.model'.
15:27:48.260 Warning Message: Trying to access error value.
15:27:48.260 Warning Message: No entry 'bin\config.bin/CfgVehicles/HideDestroyed_1_1.simulation'.
15:27:48.260 Warning Message: Trying to access error value.
15:27:48.260 Warning Message: No entry 'bin\config.bin/CfgVehicles/HideDestroyed_1_1.displayName'.
15:27:48.260 Warning Message: Trying to access error value.
15:27:48.260 Warning Message: No entry 'bin\config.bin/CfgVehicles/HideDestroyed_1_1.destrType'.
15:27:48.260 Warning Message: Trying to access error value.
15:27:48.260 Warning Message: No entry 'bin\config.bin/CfgVehicles/HideDestroyed_1_1.itemsCargoSize'.
15:27:48.260 Warning Message: No entry 'bin\config.bin/CfgVehicles/HideDestroyed_1_1.clothingType'.
15:27:48.260 Warning Message: Trying to access error value.
15:27:48.260 Warning Message: No entry 'bin\config.bin/CfgVehicles/HideDestroyed_1_1.soundEngine'.
15:27:48.260 Warning Message: Size: '/' not an array
15:27:48.260 Warning Message: No entry 'bin\config.bin/CfgVehicles/HideDestroyed_1_1.soundCrash'.
15:27:48.260 Warning Message: Size: '/' not an array
15:27:48.260 Warning Message: No entry 'bin\config.bin/CfgVehicles/HideDestroyed_1_1.soundLandCrash'.
15:27:48.260 Warning Message: Size: '/' not an array
15:27:48.260 Warning Message: No entry 'bin\config.bin/CfgVehicles/HideDestroyed_1_1.soundWaterCrash'.
15:27:48.260 Warning Message: Size: '/' not an array
15:27:48.260 Warning Message: No entry 'bin\config.bin/CfgVehicles/HideDestroyed_1_1.reversed'.
15:27:48.260 Warning Message: Trying to access error value.
15:27:48.260 Warning Message: No entry 'bin\config.bin/CfgVehicles/HideDestroyed_1_2.scope'.
15:27:48.260 Warning Message: Trying to access error value.
15:27:48.260 Warning Message: No entry 'bin\config.bin/CfgVehicles/HideDestroyed_1_2.model'.
15:27:48.260 Warning Message: Trying to access error value.
15:27:48.260 Warning Message: No entry 'bin\config.bin/CfgVehicles/HideDestroyed_1_2.simulation'.
15:27:48.260 Warning Message: Trying to access error value.
15:27:48.260 Warning Message: No entry 'bin\config.bin/CfgVehicles/HideDestroyed_1_2.displayName'.
15:27:48.260 Warning Message: Trying to access error value.
15:27:48.260 Warning Message: No entry 'bin\config.bin/CfgVehicles/HideDestroyed_1_2.destrType'.
15:27:48.260 Warning Message: Trying to access error value.
15:27:48.260 Warning Message: No entry 'bin\config.bin/CfgVehicles/HideDestroyed_1_2.itemsCargoSize'.
15:27:48.260 Warning Message: No entry 'bin\config.bin/CfgVehicles/HideDestroyed_1_2.clothingType'.
15:27:48.260 Warning Message: Trying to access error value.
15:27:48.260 Warning Message: No entry 'bin\config.bin/CfgVehicles/HideDestroyed_1_2.soundEngine'.
15:27:48.260 Warning Message: Size: '/' not an array
15:27:48.260 Warning Message: No entry 'bin\config.bin/CfgVehicles/HideDestroyed_1_2.soundCrash'.
15:27:48.260 Warning Message: Size: '/' not an array
15:27:48.260 Warning Message: No entry 'bin\config.bin/CfgVehicles/HideDestroyed_1_2.soundLandCrash'.
15:27:48.260 Warning Message: Size: '/' not an array
15:27:48.260 Warning Message: No entry 'bin\config.bin/CfgVehicles/HideDestroyed_1_2.soundWaterCrash'.
15:27:48.260 Warning Message: Size: '/' not an array
15:27:48.260 Warning Message: No entry 'bin\config.bin/CfgVehicles/HideDestroyed_1_2.reversed'.
15:27:48.260 Warning Message: Trying to access error value.
15:27:48.260 Warning Message: No entry 'bin\config.bin/CfgVehicles/HideDestroyed_2_1.scope'.
15:27:48.260 Warning Message: Trying to access error value.
15:27:48.260 Warning Message: No entry 'bin\config.bin/CfgVehicles/HideDestroyed_2_1.model'.
15:27:48.260 Warning Message: Trying to access error value.
15:27:48.260 Warning Message: No entry 'bin\config.bin/CfgVehicles/HideDestroyed_2_1.simulation'.
15:27:48.260 Warning Message: Trying to access error value.
15:27:48.260 Warning Message: No entry 'bin\config.bin/CfgVehicles/HideDestroyed_2_1.displayName'.
15:27:48.260 Warning Message: Trying to access error value.
15:27:48.260 Warning Message: No entry 'bin\config.bin/CfgVehicles/HideDestroyed_2_1.destrType'.
15:27:48.260 Warning Message: Trying to access error value.
15:27:48.260 Warning Message: No entry 'bin\config.bin/CfgVehicles/HideDestroyed_2_1.itemsCargoSize'.
15:27:48.260 Warning Message: No entry 'bin\config.bin/CfgVehicles/HideDestroyed_2_1.clothingType'.
15:27:48.260 Warning Message: Trying to access error value.
15:27:48.260 Warning Message: No entry 'bin\config.bin/CfgVehicles/HideDestroyed_2_1.soundEngine'.
15:27:48.260 Warning Message: Size: '/' not an array
15:27:48.260 Warning Message: No entry 'bin\config.bin/CfgVehicles/HideDestroyed_2_1.soundCrash'.
15:27:48.260 Warning Message: Size: '/' not an array
15:27:48.260 Warning Message: No entry 'bin\config.bin/CfgVehicles/HideDestroyed_2_1.soundLandCrash'.
15:27:48.260 Warning Message: Size: '/' not an array
15:27:48.260 Warning Message: No entry 'bin\config.bin/CfgVehicles/HideDestroyed_2_1.soundWaterCrash'.
15:27:48.260 Warning Message: Size: '/' not an array
15:27:48.260 Warning Message: No entry 'bin\config.bin/CfgVehicles/HideDestroyed_2_1.reversed'.
15:27:48.260 Warning Message: Trying to access error value.
15:27:48.260 Warning Message: No entry 'bin\config.bin/CfgVehicles/HideDestroyed_2_2.scope'.
15:27:48.260 Warning Message: Trying to access error value.
15:27:48.260 Warning Message: No entry 'bin\config.bin/CfgVehicles/HideDestroyed_2_2.model'.
15:27:48.260 Warning Message: Trying to access error value.
15:27:48.260 Warning Message: No entry 'bin\config.bin/CfgVehicles/HideDestroyed_2_2.simulation'.
15:27:48.260 Warning Message: Trying to access error value.
15:27:48.260 Warning Message: No entry 'bin\config.bin/CfgVehicles/HideDestroyed_2_2.displayName'.
15:27:48.260 Warning Message: Trying to access error value.
15:27:48.260 Warning Message: No entry 'bin\config.bin/CfgVehicles/HideDestroyed_2_2.destrType'.
15:27:48.260 Warning Message: Trying to access error value.
15:27:48.260 Warning Message: No entry 'bin\config.bin/CfgVehicles/HideDestroyed_2_2.itemsCargoSize'.
15:27:48.260 Warning Message: No entry 'bin\config.bin/CfgVehicles/HideDestroyed_2_2.clothingType'.
15:27:48.260 Warning Message: Trying to access error value.
15:27:48.260 Warning Message: No entry 'bin\config.bin/CfgVehicles/HideDestroyed_2_2.soundEngine'.
15:27:48.260 Warning Message: Size: '/' not an array
15:27:48.260 Warning Message: No entry 'bin\config.bin/CfgVehicles/HideDestroyed_2_2.soundCrash'.
15:27:48.260 Warning Message: Size: '/' not an array
15:27:48.260 Warning Message: No entry 'bin\config.bin/CfgVehicles/HideDestroyed_2_2.soundLandCrash'.
15:27:48.260 Warning Message: Size: '/' not an array
15:27:48.260 Warning Message: No entry 'bin\config.bin/CfgVehicles/HideDestroyed_2_2.soundWaterCrash'.
15:27:48.260 Warning Message: Size: '/' not an array
15:27:48.260 Warning Message: No entry 'bin\config.bin/CfgVehicles/HideDestroyed_2_2.reversed'.
15:27:48.260 Warning Message: Trying to access error value.
15:27:48.260 Warning Message: No entry 'bin\config.bin/CfgVehicles/AnimHitWheel_1_1.scope'.
15:27:48.260 Warning Message: Trying to access error value.
15:27:48.260 Warning Message: No entry 'bin\config.bin/CfgVehicles/AnimHitWheel_1_1.model'.
15:27:48.260 Warning Message: Trying to access error value.
15:27:48.260 Warning Message: No entry 'bin\config.bin/CfgVehicles/AnimHitWheel_1_1.simulation'.
15:27:48.260 Warning Message: Trying to access error value.
15:27:48.260 Warning Message: No entry 'bin\config.bin/CfgVehicles/AnimHitWheel_1_1.displayName'.
15:27:48.260 Warning Message: Trying to access error value.
15:27:48.260 Warning Message: No entry 'bin\config.bin/CfgVehicles/AnimHitWheel_1_1.destrType'.
15:27:48.260 Warning Message: Trying to access error value.
15:27:48.260 Warning Message: No entry 'bin\config.bin/CfgVehicles/AnimHitWheel_1_1.itemsCargoSize'.
15:27:48.260 Warning Message: No entry 'bin\config.bin/CfgVehicles/AnimHitWheel_1_1.clothingType'.
15:27:48.260 Warning Message: Trying to access error value.
15:27:48.260 Warning Message: No entry 'bin\config.bin/CfgVehicles/AnimHitWheel_1_1.soundEngine'.
15:27:48.260 Warning Message: Size: '/' not an array
15:27:48.260 Warning Message: No entry 'bin\config.bin/CfgVehicles/AnimHitWheel_1_1.soundCrash'.
15:27:48.260 Warning Message: Size: '/' not an array
15:27:48.260 Warning Message: No entry 'bin\config.bin/CfgVehicles/AnimHitWheel_1_1.soundLandCrash'.
15:27:48.260 Warning Message: Size: '/' not an array
15:27:48.260 Warning Message: No entry 'bin\config.bin/CfgVehicles/AnimHitWheel_1_1.soundWaterCrash'.
15:27:48.260 Warning Message: Size: '/' not an array
15:27:48.260 Warning Message: No entry 'bin\config.bin/CfgVehicles/AnimHitWheel_1_1.reversed'.
15:27:48.260 Warning Message: Trying to access error value.
15:27:48.260 Warning Message: No entry 'bin\config.bin/CfgVehicles/AnimHitWheel_1_2.scope'.
15:27:48.260 Warning Message: Trying to access error value.
15:27:48.260 Warning Message: No entry 'bin\config.bin/CfgVehicles/AnimHitWheel_1_2.model'.
15:27:48.260 Warning Message: Trying to access error value.
15:27:48.260 Warning Message: No entry 'bin\config.bin/CfgVehicles/AnimHitWheel_1_2.simulation'.
15:27:48.260 Warning Message: Trying to access error value.
15:27:48.260 Warning Message: No entry 'bin\config.bin/CfgVehicles/AnimHitWheel_1_2.displayName'.
15:27:48.260 Warning Message: Trying to access error value.
15:27:48.260 Warning Message: No entry 'bin\config.bin/CfgVehicles/AnimHitWheel_1_2.destrType'.
15:27:48.260 Warning Message: Trying to access error value.
15:27:48.260 Warning Message: No entry 'bin\config.bin/CfgVehicles/AnimHitWheel_1_2.itemsCargoSize'.
15:27:48.260 Warning Message: No entry 'bin\config.bin/CfgVehicles/AnimHitWheel_1_2.clothingType'.
15:27:48.260 Warning Message: Trying to access error value.
15:27:48.260 Warning Message: No entry 'bin\config.bin/CfgVehicles/AnimHitWheel_1_2.soundEngine'.
15:27:48.260 Warning Message: Size: '/' not an array
15:27:48.260 Warning Message: No entry 'bin\config.bin/CfgVehicles/AnimHitWheel_1_2.soundCrash'.
15:27:48.260 Warning Message: Size: '/' not an array
15:27:48.261 Warning Message: No entry 'bin\config.bin/CfgVehicles/AnimHitWheel_1_2.soundLandCrash'.
15:27:48.261 Warning Message: Size: '/' not an array
15:27:48.261 Warning Message: No entry 'bin\config.bin/CfgVehicles/AnimHitWheel_1_2.soundWaterCrash'.
15:27:48.261 Warning Message: Size: '/' not an array
15:27:48.261 Warning Message: No entry 'bin\config.bin/CfgVehicles/AnimHitWheel_1_2.reversed'.
15:27:48.261 Warning Message: Trying to access error value.
15:27:48.261 Warning Message: No entry 'bin\config.bin/CfgVehicles/AnimHitWheel_2_1.scope'.
15:27:48.261 Warning Message: Trying to access error value.
15:27:48.261 Warning Message: No entry 'bin\config.bin/CfgVehicles/AnimHitWheel_2_1.model'.
15:27:48.261 Warning Message: Trying to access error value.
15:27:48.261 Warning Message: No entry 'bin\config.bin/CfgVehicles/AnimHitWheel_2_1.simulation'.
15:27:48.261 Warning Message: Trying to access error value.
15:27:48.261 Warning Message: No entry 'bin\config.bin/CfgVehicles/AnimHitWheel_2_1.displayName'.
15:27:48.261 Warning Message: Trying to access error value.
15:27:48.261 Warning Message: No entry 'bin\config.bin/CfgVehicles/AnimHitWheel_2_1.destrType'.
15:27:48.261 Warning Message: Trying to access error value.
15:27:48.261 Warning Message: No entry 'bin\config.bin/CfgVehicles/AnimHitWheel_2_1.itemsCargoSize'.
15:27:48.261 Warning Message: No entry 'bin\config.bin/CfgVehicles/AnimHitWheel_2_1.clothingType'.
15:27:48.261 Warning Message: Trying to access error value.
15:27:48.261 Warning Message: No entry 'bin\config.bin/CfgVehicles/AnimHitWheel_2_1.soundEngine'.
15:27:48.261 Warning Message: Size: '/' not an array
15:27:48.261 Warning Message: No entry 'bin\config.bin/CfgVehicles/AnimHitWheel_2_1.soundCrash'.
15:27:48.261 Warning Message: Size: '/' not an array
15:27:48.261 Warning Message: No entry 'bin\config.bin/CfgVehicles/AnimHitWheel_2_1.soundLandCrash'.
15:27:48.261 Warning Message: Size: '/' not an array
15:27:48.261 Warning Message: No entry 'bin\config.bin/CfgVehicles/AnimHitWheel_2_1.soundWaterCrash'.
15:27:48.261 Warning Message: Size: '/' not an array
15:27:48.261 Warning Message: No entry 'bin\config.bin/CfgVehicles/AnimHitWheel_2_1.reversed'.
15:27:48.261 Warning Message: Trying to access error value.
15:27:48.261 Warning Message: No entry 'bin\config.bin/CfgVehicles/AnimHitWheel_2_2.scope'.
15:27:48.261 Warning Message: Trying to access error value.
15:27:48.261 Warning Message: No entry 'bin\config.bin/CfgVehicles/AnimHitWheel_2_2.model'.
15:27:48.261 Warning Message: Trying to access error value.
15:27:48.261 Warning Message: No entry 'bin\config.bin/CfgVehicles/AnimHitWheel_2_2.simulation'.
15:27:48.261 Warning Message: Trying to access error value.
15:27:48.261 Warning Message: No entry 'bin\config.bin/CfgVehicles/AnimHitWheel_2_2.displayName'.
15:27:48.261 Warning Message: Trying to access error value.
15:27:48.261 Warning Message: No entry 'bin\config.bin/CfgVehicles/AnimHitWheel_2_2.destrType'.
15:27:48.261 Warning Message: Trying to access error value.
15:27:48.261 Warning Message: No entry 'bin\config.bin/CfgVehicles/AnimHitWheel_2_2.itemsCargoSize'.
15:27:48.261 Warning Message: No entry 'bin\config.bin/CfgVehicles/AnimHitWheel_2_2.clothingType'.
15:27:48.261 Warning Message: Trying to access error value.
15:27:48.261 Warning Message: No entry 'bin\config.bin/CfgVehicles/AnimHitWheel_2_2.soundEngine'.
15:27:48.261 Warning Message: Size: '/' not an array
15:27:48.261 Warning Message: No entry 'bin\config.bin/CfgVehicles/AnimHitWheel_2_2.soundCrash'.
15:27:48.261 Warning Message: Size: '/' not an array
15:27:48.261 Warning Message: No entry 'bin\config.bin/CfgVehicles/AnimHitWheel_2_2.soundLandCrash'.
15:27:48.261 Warning Message: Size: '/' not an array
15:27:48.261 Warning Message: No entry 'bin\config.bin/CfgVehicles/AnimHitWheel_2_2.soundWaterCrash'.
15:27:48.261 Warning Message: Size: '/' not an array
15:27:48.261 Warning Message: No entry 'bin\config.bin/CfgVehicles/AnimHitWheel_2_2.reversed'.
15:27:48.261 Warning Message: Trying to access error value.
15:27:48.261 Warning Message: No entry 'bin\config.bin/CfgVehicles/HitDoorsHood.scope'.
15:27:48.261 Warning Message: Trying to access error value.
15:27:48.261 Warning Message: No entry 'bin\config.bin/CfgVehicles/HitDoorsHood.model'.
15:27:48.261 Warning Message: Trying to access error value.
15:27:48.261 Warning Message: No entry 'bin\config.bin/CfgVehicles/HitDoorsHood.simulation'.
15:27:48.261 Warning Message: Trying to access error value.
15:27:48.261 Warning Message: No entry 'bin\config.bin/CfgVehicles/HitDoorsHood.displayName'.
15:27:48.261 Warning Message: Trying to access error value.
15:27:48.261 Warning Message: No entry 'bin\config.bin/CfgVehicles/HitDoorsHood.destrType'.
15:27:48.261 Warning Message: Trying to access error value.
15:27:48.261 Warning Message: No entry 'bin\config.bin/CfgVehicles/HitDoorsHood.itemsCargoSize'.
15:27:48.261 Warning Message: No entry 'bin\config.bin/CfgVehicles/HitDoorsHood.clothingType'.
15:27:48.261 Warning Message: Trying to access error value.
15:27:48.261 Warning Message: No entry 'bin\config.bin/CfgVehicles/HitDoorsHood.soundEngine'.
15:27:48.261 Warning Message: Size: '/' not an array
15:27:48.261 Warning Message: No entry 'bin\config.bin/CfgVehicles/HitDoorsHood.soundCrash'.
15:27:48.261 Warning Message: Size: '/' not an array
15:27:48.261 Warning Message: No entry 'bin\config.bin/CfgVehicles/HitDoorsHood.soundLandCrash'.
15:27:48.261 Warning Message: Size: '/' not an array
15:27:48.261 Warning Message: No entry 'bin\config.bin/CfgVehicles/HitDoorsHood.soundWaterCrash'.
15:27:48.261 Warning Message: Size: '/' not an array
15:27:48.261 Warning Message: No entry 'bin\config.bin/CfgVehicles/HitDoorsHood.reversed'.
15:27:48.261 Warning Message: Trying to access error value.
15:27:48.261 Warning Message: No entry 'bin\config.bin/CfgVehicles/HitDoorsTrunk.scope'.
15:27:48.261 Warning Message: Trying to access error value.
15:27:48.261 Warning Message: No entry 'bin\config.bin/CfgVehicles/HitDoorsTrunk.model'.
15:27:48.261 Warning Message: Trying to access error value.
15:27:48.261 Warning Message: No entry 'bin\config.bin/CfgVehicles/HitDoorsTrunk.simulation'.
15:27:48.261 Warning Message: Trying to access error value.
15:27:48.261 Warning Message: No entry 'bin\config.bin/CfgVehicles/HitDoorsTrunk.displayName'.
15:27:48.261 Warning Message: Trying to access error value.
15:27:48.261 Warning Message: No entry 'bin\config.bin/CfgVehicles/HitDoorsTrunk.destrType'.
15:27:48.261 Warning Message: Trying to access error value.
15:27:48.261 Warning Message: No entry 'bin\config.bin/CfgVehicles/HitDoorsTrunk.itemsCargoSize'.
15:27:48.261 Warning Message: No entry 'bin\config.bin/CfgVehicles/HitDoorsTrunk.clothingType'.
15:27:48.261 Warning Message: Trying to access error value.
15:27:48.261 Warning Message: No entry 'bin\config.bin/CfgVehicles/HitDoorsTrunk.soundEngine'.
15:27:48.261 Warning Message: Size: '/' not an array
15:27:48.261 Warning Message: No entry 'bin\config.bin/CfgVehicles/HitDoorsTrunk.soundCrash'.
15:27:48.261 Warning Message: Size: '/' not an array
15:27:48.261 Warning Message: No entry 'bin\config.bin/CfgVehicles/HitDoorsTrunk.soundLandCrash'.
15:27:48.261 Warning Message: Size: '/' not an array
15:27:48.261 Warning Message: No entry 'bin\config.bin/CfgVehicles/HitDoorsTrunk.soundWaterCrash'.
15:27:48.261 Warning Message: Size: '/' not an array
15:27:48.261 Warning Message: No entry 'bin\config.bin/CfgVehicles/HitDoorsTrunk.reversed'.
15:27:48.261 Warning Message: Trying to access error value.
15:27:48.261 Warning Message: No entry 'bin\config.bin/CfgVehicles/HitDoorsDrivers.scope'.
15:27:48.261 Warning Message: Trying to access error value.
15:27:48.261 Warning Message: No entry 'bin\config.bin/CfgVehicles/HitDoorsDrivers.model'.
15:27:48.261 Warning Message: Trying to access error value.
15:27:48.261 Warning Message: No entry 'bin\config.bin/CfgVehicles/HitDoorsDrivers.simulation'.
15:27:48.261 Warning Message: Trying to access error value.
15:27:48.261 Warning Message: No entry 'bin\config.bin/CfgVehicles/HitDoorsDrivers.displayName'.
15:27:48.261 Warning Message: Trying to access error value.
15:27:48.261 Warning Message: No entry 'bin\config.bin/CfgVehicles/HitDoorsDrivers.destrType'.
15:27:48.261 Warning Message: Trying to access error value.
15:27:48.261 Warning Message: No entry 'bin\config.bin/CfgVehicles/HitDoorsDrivers.itemsCargoSize'.
15:27:48.261 Warning Message: No entry 'bin\config.bin/CfgVehicles/HitDoorsDrivers.clothingType'.
15:27:48.261 Warning Message: Trying to access error value.
15:27:48.261 Warning Message: No entry 'bin\config.bin/CfgVehicles/HitDoorsDrivers.soundEngine'.
15:27:48.261 Warning Message: Size: '/' not an array
15:27:48.261 Warning Message: No entry 'bin\config.bin/CfgVehicles/HitDoorsDrivers.soundCrash'.
15:27:48.261 Warning Message: Size: '/' not an array
15:27:48.261 Warning Message: No entry 'bin\config.bin/CfgVehicles/HitDoorsDrivers.soundLandCrash'.
15:27:48.261 Warning Message: Size: '/' not an array
15:27:48.261 Warning Message: No entry 'bin\config.bin/CfgVehicles/HitDoorsDrivers.soundWaterCrash'.
15:27:48.261 Warning Message: Size: '/' not an array
15:27:48.261 Warning Message: No entry 'bin\config.bin/CfgVehicles/HitDoorsDrivers.reversed'.
15:27:48.261 Warning Message: Trying to access error value.
15:27:48.261 Warning Message: No entry 'bin\config.bin/CfgVehicles/HitDoorsCoDrivers.scope'.
15:27:48.261 Warning Message: Trying to access error value.
15:27:48.261 Warning Message: No entry 'bin\config.bin/CfgVehicles/HitDoorsCoDrivers.model'.
15:27:48.261 Warning Message: Trying to access error value.
15:27:48.261 Warning Message: No entry 'bin\config.bin/CfgVehicles/HitDoorsCoDrivers.simulation'.
15:27:48.261 Warning Message: Trying to access error value.
15:27:48.261 Warning Message: No entry 'bin\config.bin/CfgVehicles/HitDoorsCoDrivers.displayName'.
15:27:48.261 Warning Message: Trying to access error value.
15:27:48.261 Warning Message: No entry 'bin\config.bin/CfgVehicles/HitDoorsCoDrivers.destrType'.
15:27:48.261 Warning Message: Trying to access error value.
15:27:48.261 Warning Message: No entry 'bin\config.bin/CfgVehicles/HitDoorsCoDrivers.itemsCargoSize'.
15:27:48.261 Warning Message: No entry 'bin\config.bin/CfgVehicles/HitDoorsCoDrivers.clothingType'.
15:27:48.261 Warning Message: Trying to access error value.
15:27:48.261 Warning Message: No entry 'bin\config.bin/CfgVehicles/HitDoorsCoDrivers.soundEngine'.
15:27:48.261 Warning Message: Size: '/' not an array
15:27:48.261 Warning Message: No entry 'bin\config.bin/CfgVehicles/HitDoorsCoDrivers.soundCrash'.
15:27:48.261 Warning Message: Size: '/' not an array
15:27:48.261 Warning Message: No entry 'bin\config.bin/CfgVehicles/HitDoorsCoDrivers.soundLandCrash'.
15:27:48.261 Warning Message: Size: '/' not an array
15:27:48.261 Warning Message: No entry 'bin\config.bin/CfgVehicles/HitDoorsCoDrivers.soundWaterCrash'.
15:27:48.261 Warning Message: Size: '/' not an array
15:27:48.261 Warning Message: No entry 'bin\config.bin/CfgVehicles/HitDoorsCoDrivers.reversed'.
15:27:48.261 Warning Message: Trying to access error value.
15:27:48.261 Warning Message: No entry 'bin\config.bin/CfgVehicles/HitDoorsCargo.scope'.
15:27:48.261 Warning Message: Trying to access error value.
15:27:48.261 Warning Message: No entry 'bin\config.bin/CfgVehicles/HitDoorsCargo.model'.
15:27:48.261 Warning Message: Trying to access error value.
15:27:48.261 Warning Message: No entry 'bin\config.bin/CfgVehicles/HitDoorsCargo.simulation'.
15:27:48.261 Warning Message: Trying to access error value.
15:27:48.261 Warning Message: No entry 'bin\config.bin/CfgVehicles/HitDoorsCargo.displayName'.
15:27:48.261 Warning Message: Trying to access error value.
15:27:48.261 Warning Message: No entry 'bin\config.bin/CfgVehicles/HitDoorsCargo.destrType'.
15:27:48.261 Warning Message: Trying to access error value.
15:27:48.261 Warning Message: No entry 'bin\config.bin/CfgVehicles/HitDoorsCargo.itemsCargoSize'.
15:27:48.261 Warning Message: No entry 'bin\config.bin/CfgVehicles/HitDoorsCargo.clothingType'.
15:27:48.261 Warning Message: Trying to access error value.
15:27:48.261 Warning Message: No entry 'bin\config.bin/CfgVehicles/HitDoorsCargo.soundEngine'.
15:27:48.261 Warning Message: Size: '/' not an array
15:27:48.261 Warning Message: No entry 'bin\config.bin/CfgVehicles/HitDoorsCargo.soundCrash'.
15:27:48.261 Warning Message: Size: '/' not an array
15:27:48.261 Warning Message: No entry 'bin\config.bin/CfgVehicles/HitDoorsCargo.soundLandCrash'.
15:27:48.261 Warning Message: Size: '/' not an array
15:27:48.261 Warning Message: No entry 'bin\config.bin/CfgVehicles/HitDoorsCargo.soundWaterCrash'.
15:27:48.261 Warning Message: Size: '/' not an array
15:27:48.261 Warning Message: No entry 'bin\config.bin/CfgVehicles/HitDoorsCargo.reversed'.
15:27:48.261 Warning Message: Trying to access error value.
15:27:48.261 Warning Message: No entry 'bin\config.bin/CfgVehicles/Inventory_Base/DamageSystem.DamageZones'.
15:27:48.261 String "STR_DN_TRANSPORT" not found (not in localization table)
15:27:48.261 String "STR_DN_TRANSPORT" not found (not in localization table)
15:27:48.261 String "STR_DN_TRANSPORT" not found (not in localization table)
15:27:48.261 Warning Message: No entry 'bin\config.bin/CfgVehicles/Inventory_Base/DamageSystem.DamageZones'.
15:27:48.261 String "STR_DN_CAR" not found (not in localization table)
15:27:48.261 String "STR_DN_TRANSPORT" not found (not in localization table)
15:27:48.261 String "STR_DN_TRANSPORT" not found (not in localization table)
15:27:48.261 Warning Message: No entry 'bin\config.bin/CfgVehicles/Inventory_Base/DamageSystem.DamageZones'.
15:27:48.261 DamageSystem Warning: Inventory slot Engine doesn't exists
15:27:48.261 DamageSystem Warning: Inventory slot Engine doesn't exists
15:27:48.261 Warning Message: No entry 'bin\config.bin/CfgVehicles/TransitBusWheel.scope'.
15:27:48.261 Warning Message: Trying to access error value.
15:27:48.261 Warning Message: No entry 'bin\config.bin/CfgVehicles/TransitBusWheel.model'.
15:27:48.261 Warning Message: Trying to access error value.
15:27:48.261 Warning Message: No entry 'bin\config.bin/CfgVehicles/TransitBusWheel.simulation'.
15:27:48.261 Warning Message: Trying to access error value.
15:27:48.261 Warning Message: No entry 'bin\config.bin/CfgVehicles/TransitBusWheel.displayName'.
15:27:48.261 Warning Message: Trying to access error value.
15:27:48.261 Warning Message: No entry 'bin\config.bin/CfgVehicles/TransitBusWheel.destrType'.
15:27:48.261 Warning Message: Trying to access error value.
15:27:48.261 Warning Message: No entry 'bin\config.bin/CfgVehicles/TransitBusWheel.itemsCargoSize'.
15:27:48.261 Warning Message: No entry 'bin\config.bin/CfgVehicles/TransitBusWheel.clothingType'.
15:27:48.261 Warning Message: Trying to access error value.
15:27:48.261 Warning Message: No entry 'bin\config.bin/CfgVehicles/TransitBusWheel.soundEngine'.
15:27:48.261 Warning Message: Size: '/' not an array
15:27:48.261 Warning Message: No entry 'bin\config.bin/CfgVehicles/TransitBusWheel.soundCrash'.
15:27:48.261 Warning Message: Size: '/' not an array
15:27:48.261 Warning Message: No entry 'bin\config.bin/CfgVehicles/TransitBusWheel.soundLandCrash'.
15:27:48.261 Warning Message: Size: '/' not an array
15:27:48.261 Warning Message: No entry 'bin\config.bin/CfgVehicles/TransitBusWheel.soundWaterCrash'.
15:27:48.261 Warning Message: Size: '/' not an array
15:27:48.261 Warning Message: No entry 'bin\config.bin/CfgVehicles/TransitBusWheel.reversed'.
15:27:48.261 Warning Message: Trying to access error value.
15:27:48.261 Warning Message: No entry 'bin\config.bin/CfgVehicles/TransitBusWheelDouble.scope'.
15:27:48.261 Warning Message: Trying to access error value.
15:27:48.261 Warning Message: No entry 'bin\config.bin/CfgVehicles/TransitBusWheelDouble.model'.
15:27:48.261 Warning Message: Trying to access error value.
15:27:48.261 Warning Message: No entry 'bin\config.bin/CfgVehicles/TransitBusWheelDouble.simulation'.
15:27:48.261 Warning Message: Trying to access error value.
15:27:48.261 Warning Message: No entry 'bin\config.bin/CfgVehicles/TransitBusWheelDouble.displayName'.
15:27:48.261 Warning Message: Trying to access error value.
15:27:48.261 Warning Message: No entry 'bin\config.bin/CfgVehicles/TransitBusWheelDouble.destrType'.
15:27:48.261 Warning Message: Trying to access error value.
15:27:48.261 Warning Message: No entry 'bin\config.bin/CfgVehicles/TransitBusWheelDouble.itemsCargoSize'.
15:27:48.261 Warning Message: No entry 'bin\config.bin/CfgVehicles/TransitBusWheelDouble.clothingType'.
15:27:48.261 Warning Message: Trying to access error value.
15:27:48.261 Warning Message: No entry 'bin\config.bin/CfgVehicles/TransitBusWheelDouble.soundEngine'.
15:27:48.261 Warning Message: Size: '/' not an array
15:27:48.261 Warning Message: No entry 'bin\config.bin/CfgVehicles/TransitBusWheelDouble.soundCrash'.
15:27:48.261 Warning Message: Size: '/' not an array
15:27:48.261 Warning Message: No entry 'bin\config.bin/CfgVehicles/TransitBusWheelDouble.soundLandCrash'.
15:27:48.261 Warning Message: Size: '/' not an array
15:27:48.261 Warning Message: No entry 'bin\config.bin/CfgVehicles/TransitBusWheelDouble.soundWaterCrash'.
15:27:48.261 Warning Message: Size: '/' not an array
15:27:48.261 Warning Message: No entry 'bin\config.bin/CfgVehicles/TransitBusWheelDouble.reversed'.
15:27:48.261 Warning Message: Trying to access error value.
15:27:48.261 Warning Message: No entry 'bin\config.bin/CfgVehicles/Inventory_Base/DamageSystem.DamageZones'.
15:27:48.261 Warning Message: No entry 'bin\config.bin/CfgVehicles/Inventory_Base/DamageSystem.DamageZones'.
15:27:48.261 Warning Message: No entry 'bin\config.bin/CfgVehicles/Inventory_Base/DamageSystem.DamageZones'.
15:27:48.261 Warning Message: No entry 'bin\config.bin/CfgVehicles/Inventory_Base/DamageSystem.DamageZones'.
15:27:48.262 Warning Message: No entry 'bin\config.bin/CfgVehicles/Body.scope'.
15:27:48.262 Warning Message: Trying to access error value.
15:27:48.262 Warning Message: No entry 'bin\config.bin/CfgVehicles/Body.model'.
15:27:48.262 Warning Message: Trying to access error value.
15:27:48.262 Warning Message: No entry 'bin\config.bin/CfgVehicles/Body.simulation'.
15:27:48.262 Warning Message: Trying to access error value.
15:27:48.262 Warning Message: No entry 'bin\config.bin/CfgVehicles/Body.displayName'.
15:27:48.262 Warning Message: Trying to access error value.
15:27:48.262 Warning Message: No entry 'bin\config.bin/CfgVehicles/Body.destrType'.
15:27:48.262 Warning Message: Trying to access error value.
15:27:48.262 Warning Message: No entry 'bin\config.bin/CfgVehicles/Body.itemsCargoSize'.
15:27:48.262 Warning Message: No entry 'bin\config.bin/CfgVehicles/Body.clothingType'.
15:27:48.262 Warning Message: Trying to access error value.
15:27:48.262 Warning Message: No entry 'bin\config.bin/CfgVehicles/Body.soundEngine'.
15:27:48.262 Warning Message: Size: '/' not an array
15:27:48.262 Warning Message: No entry 'bin\config.bin/CfgVehicles/Body.soundCrash'.
15:27:48.262 Warning Message: Size: '/' not an array
15:27:48.262 Warning Message: No entry 'bin\config.bin/CfgVehicles/Body.soundLandCrash'.
15:27:48.262 Warning Message: Size: '/' not an array
15:27:48.262 Warning Message: No entry 'bin\config.bin/CfgVehicles/Body.soundWaterCrash'.
15:27:48.262 Warning Message: Size: '/' not an array
15:27:48.262 Warning Message: No entry 'bin\config.bin/CfgVehicles/Body.reversed'.
15:27:48.262 Warning Message: Trying to access error value.
15:27:48.262 Warning Message: No entry 'bin\config.bin/CfgVehicles/Vehicle_CivSedanWheel/DamageSystem.DamageZones'.
15:27:48.262 Warning Message: No entry 'bin\config.bin/CfgVehicles/Vehicle_CivSedanWheel/DamageSystem.DamageZones'.
15:27:48.264 Warning Message: No entry 'bin\config.bin/CfgVehicles/Vehicle_Hatchback_02_Wheel/DamageSystem.DamageZones'.
15:27:48.264 String "STR_Hatchback_02_Wheel0" not found (not in localization table)
15:27:48.264 Warning Message: No entry 'bin\config.bin/CfgVehicles/Vehicle_Hatchback_02_Wheel/DamageSystem.DamageZones'.
15:27:48.264 String "STR_Hatchback_02_Wheel0" not found (not in localization table)
15:27:48.264 Warning Message: No entry 'bin\config.bin/CfgVehicles/Expansion_Landrover_Base/DamageSystem/DamageZones/WindowFront.fatalInjuryCoef'.
15:27:48.264 Warning Message: Trying to access error value.
15:27:48.264 DamageSystem Warning: Inventory slot Radiator doesn't exists
15:27:48.264 Warning Message: No entry 'bin\config.bin/CfgVehicles/ExpansionAttachments.scope'.
15:27:48.264 Warning Message: Trying to access error value.
15:27:48.264 Warning Message: No entry 'bin\config.bin/CfgVehicles/ExpansionAttachments.model'.
15:27:48.264 Warning Message: Trying to access error value.
15:27:48.266 Warning Message: No entry 'bin\config.bin/CfgVehicles/ExpansionAttachments.simulation'.
15:27:48.266 Warning Message: Trying to access error value.
15:27:48.266 Warning Message: No entry 'bin\config.bin/CfgVehicles/ExpansionAttachments.displayName'.
15:27:48.266 Warning Message: Trying to access error value.
15:27:48.266 Warning Message: No entry 'bin\config.bin/CfgVehicles/ExpansionAttachments.destrType'.
15:27:48.266 Warning Message: Trying to access error value.
15:27:48.266 Warning Message: No entry 'bin\config.bin/CfgVehicles/ExpansionAttachments.itemsCargoSize'.
15:27:48.266 Warning Message: No entry 'bin\config.bin/CfgVehicles/ExpansionAttachments.clothingType'.
15:27:48.266 Warning Message: Trying to access error value.
15:27:48.266 Warning Message: No entry 'bin\config.bin/CfgVehicles/ExpansionAttachments.soundEngine'.
15:27:48.266 Warning Message: Size: '/' not an array
15:27:48.266 Warning Message: No entry 'bin\config.bin/CfgVehicles/ExpansionAttachments.soundCrash'.
15:27:48.266 Warning Message: Size: '/' not an array
15:27:48.266 Warning Message: No entry 'bin\config.bin/CfgVehicles/ExpansionAttachments.soundLandCrash'.
15:27:48.266 Warning Message: Size: '/' not an array
15:27:48.266 Warning Message: No entry 'bin\config.bin/CfgVehicles/ExpansionAttachments.soundWaterCrash'.
15:27:48.266 Warning Message: Size: '/' not an array
15:27:48.266 Warning Message: No entry 'bin\config.bin/CfgVehicles/ExpansionAttachments.reversed'.
15:27:48.266 Warning Message: Trying to access error value.
15:27:48.266 Warning Message: No entry 'bin\config.bin/CfgVehicles/Vehicle_HatchbackWheel/DamageSystem.DamageZones'.
15:27:48.266 Warning Message: No entry 'bin\config.bin/CfgVehicles/Vehicle_HatchbackWheel/DamageSystem.DamageZones'.
15:27:48.267 Warning Message: No entry 'bin\config.bin/CfgVehicles/Inventory_Base/DamageSystem.DamageZones'.
15:27:48.267 DamageSystem Warning: Inventory slot  doesn't exists
15:27:48.267 DamageSystem Warning: Inventory slot  doesn't exists
15:27:48.267 DamageSystem Warning: Inventory slot  doesn't exists
15:27:48.267 DamageSystem Warning: Inventory slot  doesn't exists
15:27:48.267 Warning Message: No entry 'bin\config.bin/CfgVehicles/Vehicle_Sedan_02_Wheel/DamageSystem.DamageZones'.
15:27:48.267 Warning Message: No entry 'bin\config.bin/CfgVehicles/Vehicle_Sedan_02_Wheel/DamageSystem.DamageZones'.
15:27:48.269 Warning Message: No entry 'bin\config.bin/CfgVehicles/Vehicle_ExpansionTractorFrontWheel/DamageSystem.DamageZones'.
15:27:48.270 Warning Message: No entry 'bin\config.bin/CfgVehicles/Vehicle_ExpansionTractorBackWheel/DamageSystem.DamageZones'.
15:27:48.270 Warning Message: No entry 'bin\config.bin/CfgVehicles/Engine.scope'.
15:27:48.270 Warning Message: Trying to access error value.
15:27:48.270 Warning Message: No entry 'bin\config.bin/CfgVehicles/Engine.model'.
15:27:48.270 Warning Message: Trying to access error value.
15:27:48.270 Warning Message: No entry 'bin\config.bin/CfgVehicles/Engine.simulation'.
15:27:48.270 Warning Message: Trying to access error value.
15:27:48.270 Warning Message: No entry 'bin\config.bin/CfgVehicles/Engine.displayName'.
15:27:48.270 Warning Message: Trying to access error value.
15:27:48.270 Warning Message: No entry 'bin\config.bin/CfgVehicles/Engine.destrType'.
15:27:48.270 Warning Message: Trying to access error value.
15:27:48.270 Warning Message: No entry 'bin\config.bin/CfgVehicles/Engine.itemsCargoSize'.
15:27:48.270 Warning Message: No entry 'bin\config.bin/CfgVehicles/Engine.clothingType'.
15:27:48.270 Warning Message: Trying to access error value.
15:27:48.270 Warning Message: No entry 'bin\config.bin/CfgVehicles/Engine.soundEngine'.
15:27:48.270 Warning Message: Size: '/' not an array
15:27:48.270 Warning Message: No entry 'bin\config.bin/CfgVehicles/Engine.soundCrash'.
15:27:48.270 Warning Message: Size: '/' not an array
15:27:48.270 Warning Message: No entry 'bin\config.bin/CfgVehicles/Engine.soundLandCrash'.
15:27:48.270 Warning Message: Size: '/' not an array
15:27:48.270 Warning Message: No entry 'bin\config.bin/CfgVehicles/Engine.soundWaterCrash'.
15:27:48.270 Warning Message: Size: '/' not an array
15:27:48.270 Warning Message: No entry 'bin\config.bin/CfgVehicles/Engine.reversed'.
15:27:48.270 Warning Message: Trying to access error value.
15:27:48.271 Warning Message: No entry 'bin\config.bin/CfgVehicles/Vehicle_Truck_01_Wheel/DamageSystem.DamageZones'.
15:27:48.271 Warning Message: No entry 'bin\config.bin/CfgVehicles/Vehicle_Truck_01_Wheel/DamageSystem.DamageZones'.
15:27:48.271 Warning Message: No entry 'bin\config.bin/CfgVehicles/Vehicle_Truck_01_WheelDouble/DamageSystem.DamageZones'.
15:27:48.271 Warning Message: No entry 'bin\config.bin/CfgVehicles/Vehicle_Truck_01_WheelDouble/DamageSystem.DamageZones'.
15:27:48.271 Warning Message: No entry 'bin\config.bin/CfgVehicles/Inventory_Base/DamageSystem.DamageZones'.
15:27:48.271 Warning Message: No entry 'bin\config.bin/CfgVehicles/Vehicle_ExpansionVodnikWheel/DamageSystem.DamageZones'.
15:27:48.271 Warning Message: No entry 'bin\config.bin/CfgVehicles/CarCoverBase/DamageSystem.DamageZones'.
15:27:48.271 Warning Message: No entry 'bin\config.bin/CfgVehicles/ExpansionVehicleCover/DamageSystem.DamageZones'.
15:27:48.271 String "STR_EXPANSION_VEHICLE_COVER" not found (not in localization table)
15:27:48.271 DamageSystem Warning: There's more "transferToZonesCoefs" than "transferToZonesNames" for damage zone Back (Entity type dodgechargerhellcat_base)
15:27:48.272 DamageSystem Warning: There's more "transferToZonesCoefs" than "transferToZonesNames" for damage zone Back (Entity type DodgeRam_BOSS)
15:27:48.273 Warning Message: No entry 'bin\config.bin/CfgVehicles/DodgeRam_3500_FrontBumper_ModdedBase/DamageSystem.DamageZones'.
15:27:48.273 Warning Message: No entry 'bin\config.bin/CfgVehicles/TaloonBag_ColorBase/DamageSystem.DamageZones'.
15:27:48.273 Warning Message: No entry 'bin\config.bin/CfgVehicles/ChildBag_ColorBase/DamageSystem.DamageZones'.
15:27:48.273 Warning Message: No entry 'bin\config.bin/CfgVehicles/Clothing_Base/DamageSystem.DamageZones'.
15:27:48.273 Warning Message: No entry 'bin\config.bin/CfgVehicles/AssaultBag_ColorBase/DamageSystem.DamageZones'.
15:27:48.273 Warning Message: No entry 'bin\config.bin/CfgVehicles/Attack2Bag_ColorBase/DamageSystem.DamageZones'.
15:27:48.273 Warning Message: No entry 'bin\config.bin/CfgVehicles/AliceBag_ColorBase/DamageSystem.DamageZones'.
15:27:48.274 Warning Message: No entry 'bin\config.bin/CfgVehicles/SlingBag_ColorBase/DamageSystem.DamageZones'.
15:27:48.274 Warning Message: No entry 'bin\config.bin/CfgVehicles/ArmyPouch_ColorBase/DamageSystem.DamageZones'.
15:27:48.274 Warning Message: No entry 'bin\config.bin/CfgVehicles/DuffelBagSmall_ColorBase/DamageSystem.DamageZones'.
15:27:48.274 Warning Message: No entry 'bin\config.bin/CfgVehicles/Clothing_Base/DamageSystem.DamageZones'.
15:27:48.274 Warning Message: No entry 'bin\config.bin/CfgVehicles/DrysackBag_ColorBase/DamageSystem.DamageZones'.
15:27:48.274 Warning Message: No entry 'bin\config.bin/CfgVehicles/LeatherBelt_ColorBase/DamageSystem.DamageZones'.
15:27:48.274 Warning Message: No entry 'bin\config.bin/CfgVehicles/HipPack_ColorBase/DamageSystem.DamageZones'.
15:27:48.275 Warning Message: No entry 'bin\config.bin/CfgVehicles/Spraycan_ColorBase/DamageSystem.DamageZones'.
15:27:48.275 Warning Message: No entry 'bin\config.bin/CfgVehicles/Chemlight_ColorBase/DamageSystem.DamageZones'.
15:27:48.275 Warning Message: No entry 'bin\config.bin/CfgVehicles/Inventory_Base/DamageSystem.DamageZones'.
15:27:48.275 Warning Message: No entry 'bin\config.bin/CfgVehicles/Inventory_Base/DamageSystem.DamageZones'.
15:27:48.275 Warning Message: No entry 'bin\config.bin/CfgVehicles/MorsecodeLeaflet_ColorBase/DamageSystem.DamageZones'.
15:27:48.275 Warning Message: No entry 'bin\config.bin/CfgVehicles/Inventory_Base/DamageSystem.DamageZones'.
15:27:48.275 Warning Message: No entry 'bin\config.bin/CfgVehicles/nidle.scope'.
15:27:48.275 Warning Message: Trying to access error value.
15:27:48.275 Warning Message: No entry 'bin\config.bin/CfgVehicles/nidle.model'.
15:27:48.275 Warning Message: Trying to access error value.
15:27:48.275 Warning Message: No entry 'bin\config.bin/CfgVehicles/nidle.simulation'.
15:27:48.275 Warning Message: Trying to access error value.
15:27:48.275 Warning Message: No entry 'bin\config.bin/CfgVehicles/nidle.displayName'.
15:27:48.275 Warning Message: Trying to access error value.
15:27:48.275 Warning Message: No entry 'bin\config.bin/CfgVehicles/nidle.destrType'.
15:27:48.275 Warning Message: Trying to access error value.
15:27:48.275 Warning Message: No entry 'bin\config.bin/CfgVehicles/nidle.itemsCargoSize'.
15:27:48.275 Warning Message: No entry 'bin\config.bin/CfgVehicles/nidle.clothingType'.
15:27:48.275 Warning Message: Trying to access error value.
15:27:48.275 Warning Message: No entry 'bin\config.bin/CfgVehicles/nidle.soundEngine'.
15:27:48.275 Warning Message: Size: '/' not an array
15:27:48.275 Warning Message: No entry 'bin\config.bin/CfgVehicles/nidle.soundCrash'.
15:27:48.275 Warning Message: Size: '/' not an array
15:27:48.275 Warning Message: No entry 'bin\config.bin/CfgVehicles/nidle.soundLandCrash'.
15:27:48.275 Warning Message: Size: '/' not an array
15:27:48.275 Warning Message: No entry 'bin\config.bin/CfgVehicles/nidle.soundWaterCrash'.
15:27:48.275 Warning Message: Size: '/' not an array
15:27:48.275 Warning Message: No entry 'bin\config.bin/CfgVehicles/nidle.reversed'.
15:27:48.275 Warning Message: Trying to access error value.
15:27:48.275 Warning Message: No entry 'bin\config.bin/CfgVehicles/SNAFU_M200Stock_Base/DamageSystem.DamageZones'.
15:27:48.275 Warning Message: No entry 'bin\config.bin/CfgVehicles/SNAFU_M200Bipod_Base/DamageSystem.DamageZones'.
15:27:48.275 Warning Message: No entry 'bin\config.bin/CfgVehicles/Inventory_Base/DamageSystem.DamageZones'.
15:27:48.275 String "STR_DN_CAR" not found (not in localization table)
15:27:48.277 Warning Message: No entry 'bin\config.bin/CfgVehicles/MBM_Apocalypse_Truck_Base/DamageSystem/DamageZones/Reflector_1_2.fatalInjuryCoef'.
15:27:48.277 Warning Message: Trying to access error value.
15:27:48.277 Warning Message: No entry 'bin\config.bin/CfgVehicles/MBM_Apocalypse_Truck_Base/DamageSystem/DamageZones/Reflector_2_2.fatalInjuryCoef'.
15:27:48.277 Warning Message: Trying to access error value.
15:27:48.277 Warning Message: No entry 'bin\config.bin/CfgVehicles/Inventory_Base/DamageSystem.DamageZones'.
15:27:48.277 Warning Message: No entry 'bin\config.bin/CfgVehicles/Inventory_Base/DamageSystem.DamageZones'.
15:27:48.277 Warning Message: No entry 'bin\config.bin/CfgVehicles/Inventory_Base/DamageSystem.DamageZones'.
15:27:48.278 Warning Message: No entry 'bin\config.bin/CfgVehicles/Inventory_Base/DamageSystem.DamageZones'.
15:27:48.278 Warning Message: No entry 'bin\config.bin/CfgVehicles/Inventory_Base/DamageSystem.DamageZones'.
15:27:48.278 Warning Message: No entry 'bin\config.bin/CfgVehicles/Inventory_Base/DamageSystem.DamageZones'.
15:27:48.278 Warning Message: No entry 'bin\config.bin/CfgVehicles/Inventory_Base/DamageSystem.DamageZones'.
15:27:48.278 Warning Message: No entry 'bin\config.bin/CfgVehicles/Inventory_Base/DamageSystem.DamageZones'.
15:27:48.278 Warning Message: No entry 'bin\config.bin/CfgVehicles/Inventory_Base/DamageSystem.DamageZones'.
15:27:48.278 Warning Message: No entry 'bin\config.bin/CfgVehicles/Inventory_Base/DamageSystem.DamageZones'.
15:27:48.278 Warning Message: No entry 'bin\config.bin/CfgVehicles/Inventory_Base/DamageSystem.DamageZones'.
15:27:48.278 Warning Message: No entry 'bin\config.bin/CfgVehicles/Inventory_Base/DamageSystem.DamageZones'.
15:27:48.278 Warning Message: No entry 'bin\config.bin/CfgVehicles/Inventory_Base/DamageSystem.DamageZones'.
15:27:48.278 Warning Message: No entry 'bin\config.bin/CfgVehicles/Inventory_Base/DamageSystem.DamageZones'.
15:27:48.278 Warning Message: No entry 'bin\config.bin/CfgVehicles/My_DF_Weapons_Attachments_other_Bison_mag_additional/DamageSystem.DamageZones'.
15:27:48.278 String "STR_My_DF_Weapons_Attachments_other_Bison_mag_additional0" not found (not in localization table)
15:27:48.278 Warning Message: No entry 'bin\config.bin/CfgVehicles/Inventory_Base/DamageSystem.DamageZones'.
15:27:48.278 Warning Message: No entry 'bin\config.bin/CfgVehicles/Inventory_Base/DamageSystem.DamageZones'.
15:27:48.278 Warning Message: No entry 'bin\config.bin/CfgVehicles/Inventory_Base/DamageSystem.DamageZones'.
15:27:48.278 Warning Message: No entry 'bin\config.bin/CfgVehicles/Inventory_Base/DamageSystem.DamageZones'.
15:27:48.278 Warning Message: No entry 'bin\config.bin/CfgVehicles/My_DF_Weapons_Attachments_pisg_SG553_pisg/DamageSystem.DamageZones'.
15:27:48.279 Warning Message: No entry 'bin\config.bin/CfgVehicles/Inventory_Base/DamageSystem.DamageZones'.
15:27:48.279 Warning Message: No entry 'bin\config.bin/CfgVehicles/My_DF_Weapons_Attachments_stock_M250_bufferadapter/DamageSystem.DamageZones'.
15:27:48.279 Warning Message: No entry 'bin\config.bin/CfgVehicles/AssaultBag_ColorBase/DamageSystem.DamageZones'.
15:27:48.280 DamageSystem Warning: There's more "transferToZonesCoefs" than "transferToZonesNames" for damage zone Reflector_1_1 (Entity type NissanGTR2015_base)
15:27:48.280 DamageSystem Warning: There's more "transferToZonesCoefs" than "transferToZonesNames" for damage zone Reflector_2_1 (Entity type NissanGTR2015_base)
15:27:48.280 String "STR_DN_CAR" not found (not in localization table)
15:27:48.281 String "STR_DN_CAR" not found (not in localization table)
15:27:48.281 Warning Message: No entry 'bin\config.bin/CfgVehicles/Inventory_Base/DamageSystem.DamageZones'.
15:27:48.281 Warning Message: No entry 'bin\config.bin/CfgVehicles/Inventory_Base/DamageSystem.DamageZones'.
15:27:48.281 Warning Message: No entry 'bin\config.bin/CfgVehicles/Inventory_Base/DamageSystem.DamageZones'.
15:27:48.281 Warning Message: No entry 'bin\config.bin/CfgVehicles/Inventory_Base/DamageSystem.DamageZones'.
15:27:48.281 Warning Message: No entry 'bin\config.bin/CfgVehicles/Inventory_Base/DamageSystem.DamageZones'.
15:27:48.281 Warning Message: No entry 'bin\config.bin/CfgVehicles/Inventory_Base/DamageSystem.DamageZones'.
15:27:48.281 Warning Message: No entry 'bin\config.bin/CfgVehicles/SNAFU_556_Barrel10/DamageSystem.DamageZones'.
15:27:48.281 Warning Message: No entry 'bin\config.bin/CfgVehicles/SNAFU_556_Barrel14/DamageSystem.DamageZones'.
15:27:48.281 Warning Message: No entry 'bin\config.bin/CfgVehicles/SNAFU_556_Barrel14_DV/DamageSystem.DamageZones'.
15:27:48.281 Warning Message: No entry 'bin\config.bin/CfgVehicles/SNAFU_556_Barrel16/DamageSystem.DamageZones'.
15:27:48.281 Warning Message: No entry 'bin\config.bin/CfgVehicles/SNAFU_SKS_Bayonet_Base/DamageSystem.DamageZones'.
15:27:48.281 Warning Message: No entry 'bin\config.bin/CfgVehicles/AK_PlasticBttstck/DamageSystem.DamageZones'.
15:27:48.308 Bad uvSource None in dz\vehicles\wheeled\truck_01\data\truck_01_rim.rvmat stage 4 (Super, tex dz\vehicles\wheeled\truck_01\data\truck_01_rim_as.paa)
15:27:48.333 Warning Message: No entry 'bin\config.bin/CfgVehicles/SR_Attach_AK_Btt_Tac_Base/DamageSystem.DamageZones'.
15:27:48.334 Warning Message: No entry 'bin\config.bin/CfgVehicles/SR_Attach_AK_Btt_Tac2_Base/DamageSystem.DamageZones'.
15:27:48.334 Warning Message: No entry 'bin\config.bin/CfgVehicles/SR_Attach_AK_BttZenit_Base/DamageSystem.DamageZones'.
15:27:48.334 Warning Message: No entry 'bin\config.bin/CfgVehicles/SR_Attach_MP155_Btt_Base/DamageSystem.DamageZones'.
15:27:48.334 Warning Message: No entry 'bin\config.bin/CfgVehicles/SR_Attach_SV98_Btt_Base/DamageSystem.DamageZones'.
15:27:48.334 Warning Message: No entry 'bin\config.bin/CfgVehicles/Inventory_Base/DamageSystem.DamageZones'.
15:27:48.334 Warning Message: No entry 'bin\config.bin/CfgVehicles/Inventory_Base/DamageSystem.DamageZones'.
15:27:48.334 Warning Message: No entry 'bin\config.bin/CfgVehicles/Inventory_Base/DamageSystem.DamageZones'.
15:27:48.335 Warning Message: No entry 'bin\config.bin/CfgVehicles/Clothing_Base/DamageSystem.DamageZones'.
15:27:48.335 Warning Message: No entry 'bin\config.bin/CfgVehicles/SobrSuppressor_Universal_Base/DamageSystem.DamageZones'.
15:27:48.335 Warning Message: No entry 'bin\config.bin/CfgVehicles/PistolCore.scope'.
15:27:48.335 Warning Message: Trying to access error value.
15:27:48.335 Warning Message: No entry 'bin\config.bin/CfgVehicles/PistolCore.model'.
15:27:48.335 Warning Message: Trying to access error value.
15:27:48.335 Warning Message: No entry 'bin\config.bin/CfgVehicles/PistolCore.simulation'.
15:27:48.335 Warning Message: Trying to access error value.
15:27:48.335 Warning Message: No entry 'bin\config.bin/CfgVehicles/PistolCore.displayName'.
15:27:48.335 Warning Message: Trying to access error value.
15:27:48.335 Warning Message: No entry 'bin\config.bin/CfgVehicles/PistolCore.destrType'.
15:27:48.335 Warning Message: Trying to access error value.
15:27:48.335 Warning Message: No entry 'bin\config.bin/CfgVehicles/PistolCore.itemsCargoSize'.
15:27:48.335 Warning Message: No entry 'bin\config.bin/CfgVehicles/PistolCore.clothingType'.
15:27:48.335 Warning Message: Trying to access error value.
15:27:48.335 Warning Message: No entry 'bin\config.bin/CfgVehicles/PistolCore.soundEngine'.
15:27:48.335 Warning Message: Size: '/' not an array
15:27:48.335 Warning Message: No entry 'bin\config.bin/CfgVehicles/PistolCore.soundCrash'.
15:27:48.335 Warning Message: Size: '/' not an array
15:27:48.335 Warning Message: No entry 'bin\config.bin/CfgVehicles/PistolCore.soundLandCrash'.
15:27:48.335 Warning Message: Size: '/' not an array
15:27:48.335 Warning Message: No entry 'bin\config.bin/CfgVehicles/PistolCore.soundWaterCrash'.
15:27:48.335 Warning Message: Size: '/' not an array
15:27:48.335 Warning Message: No entry 'bin\config.bin/CfgVehicles/PistolCore.reversed'.
15:27:48.335 Warning Message: Trying to access error value.
15:27:48.335 Warning Message: No entry 'bin\config.bin/CfgVehicles/Clothing_Base/DamageSystem.DamageZones'.
15:27:48.336 Warning Message: No entry 'bin\config.bin/CfgVehicles/Pistol_Base.scope'.
15:27:48.336 Warning Message: Trying to access error value.
15:27:48.336 Warning Message: No entry 'bin\config.bin/CfgVehicles/Pistol_Base.model'.
15:27:48.336 Warning Message: Trying to access error value.
15:27:48.336 Warning Message: No entry 'bin\config.bin/CfgVehicles/Pistol_Base.simulation'.
15:27:48.336 Warning Message: Trying to access error value.
15:27:48.336 Warning Message: No entry 'bin\config.bin/CfgVehicles/Pistol_Base.displayName'.
15:27:48.336 Warning Message: Trying to access error value.
15:27:48.336 Warning Message: No entry 'bin\config.bin/CfgVehicles/Pistol_Base.destrType'.
15:27:48.336 Warning Message: Trying to access error value.
15:27:48.336 Warning Message: No entry 'bin\config.bin/CfgVehicles/Pistol_Base.itemsCargoSize'.
15:27:48.336 Warning Message: No entry 'bin\config.bin/CfgVehicles/Pistol_Base.clothingType'.
15:27:48.336 Warning Message: Trying to access error value.
15:27:48.336 Warning Message: No entry 'bin\config.bin/CfgVehicles/Pistol_Base.soundEngine'.
15:27:48.336 Warning Message: Size: '/' not an array
15:27:48.336 Warning Message: No entry 'bin\config.bin/CfgVehicles/Pistol_Base.soundCrash'.
15:27:48.336 Warning Message: Size: '/' not an array
15:27:48.336 Warning Message: No entry 'bin\config.bin/CfgVehicles/Pistol_Base.soundLandCrash'.
15:27:48.336 Warning Message: Size: '/' not an array
15:27:48.336 Warning Message: No entry 'bin\config.bin/CfgVehicles/Pistol_Base.soundWaterCrash'.
15:27:48.336 Warning Message: Size: '/' not an array
15:27:48.336 Warning Message: No entry 'bin\config.bin/CfgVehicles/Pistol_Base.reversed'.
15:27:48.336 Warning Message: Trying to access error value.
15:27:48.337 Warning Message: No entry 'bin\config.bin/CfgVehicles/Inventory_Base/DamageSystem.DamageZones'.
15:27:48.337 Warning Message: No entry 'bin\config.bin/CfgVehicles/TF_AVS_Zipper_Panel_Base/DamageSystem.DamageZones'.
15:27:48.337 Warning Message: No entry 'bin\config.bin/CfgVehicles/TF_MAP_Backpacks_Base/DamageSystem.DamageZones'.
15:27:48.337 Warning Message: No entry 'bin\config.bin/CfgVehicles/TF_6B23_112Vest/DamageSystem.DamageZones'.
15:27:48.337 Warning Message: No entry 'bin\config.bin/CfgVehicles/TF_6B23Vest/DamageSystem.DamageZones'.
15:27:48.337 Warning Message: No entry 'bin\config.bin/CfgVehicles/TF_6B43Vest_Base/DamageSystem.DamageZones'.
15:27:48.337 Warning Message: No entry 'bin\config.bin/CfgVehicles/TF_Vest_AVS_Base/DamageSystem.DamageZones'.
15:27:48.338 Warning Message: No entry 'bin\config.bin/CfgVehicles/TF_Vest_IMTV_Base/DamageSystem.DamageZones'.
15:27:48.338 Warning Message: No entry 'bin\config.bin/CfgVehicles/TF_Vest_JPC_Base/DamageSystem.DamageZones'.
15:27:48.338 Warning Message: No entry 'bin\config.bin/CfgVehicles/TF_Vest_LV_MBAV_Base/DamageSystem.DamageZones'.
15:27:48.338 DamageSystem Warning: There's more "transferToZonesCoefs" than "transferToZonesNames" for damage zone Back (Entity type Chevrolet_NapalmNova_Base)
15:27:48.338 DamageSystem Warning: There's more "transferToZonesCoefs" than "transferToZonesNames" for damage zone Fender_2_2 (Entity type Chevrolet_NapalmNova_Base)
15:27:48.338 String "STR_DN_CAR" not found (not in localization table)
15:27:48.339 String "STR_DN_CAR" not found (not in localization table)
15:27:48.339 Warning Message: No entry 'bin\config.bin/CfgVehicles/Engines.scope'.
15:27:48.339 Warning Message: Trying to access error value.
15:27:48.339 Warning Message: No entry 'bin\config.bin/CfgVehicles/Engines.model'.
15:27:48.339 Warning Message: Trying to access error value.
15:27:48.339 Warning Message: No entry 'bin\config.bin/CfgVehicles/Engines.simulation'.
15:27:48.339 Warning Message: Trying to access error value.
15:27:48.339 Warning Message: No entry 'bin\config.bin/CfgVehicles/Engines.displayName'.
15:27:48.339 Warning Message: Trying to access error value.
15:27:48.339 Warning Message: No entry 'bin\config.bin/CfgVehicles/Engines.destrType'.
15:27:48.339 Warning Message: Trying to access error value.
15:27:48.339 Warning Message: No entry 'bin\config.bin/CfgVehicles/Engines.itemsCargoSize'.
15:27:48.339 Warning Message: No entry 'bin\config.bin/CfgVehicles/Engines.clothingType'.
15:27:48.339 Warning Message: Trying to access error value.
15:27:48.339 Warning Message: No entry 'bin\config.bin/CfgVehicles/Engines.soundEngine'.
15:27:48.339 Warning Message: Size: '/' not an array
15:27:48.339 Warning Message: No entry 'bin\config.bin/CfgVehicles/Engines.soundCrash'.
15:27:48.339 Warning Message: Size: '/' not an array
15:27:48.339 Warning Message: No entry 'bin\config.bin/CfgVehicles/Engines.soundLandCrash'.
15:27:48.339 Warning Message: Size: '/' not an array
15:27:48.339 Warning Message: No entry 'bin\config.bin/CfgVehicles/Engines.soundWaterCrash'.
15:27:48.339 Warning Message: Size: '/' not an array
15:27:48.339 Warning Message: No entry 'bin\config.bin/CfgVehicles/Engines.reversed'.
15:27:48.339 Warning Message: Trying to access error value.
15:27:48.339 Warning Message: No entry 'bin\config.bin/CfgVehicles/Props.scope'.
15:27:48.339 Warning Message: Trying to access error value.
15:27:48.339 Warning Message: No entry 'bin\config.bin/CfgVehicles/Props.model'.
15:27:48.339 Warning Message: Trying to access error value.
15:27:48.339 Warning Message: No entry 'bin\config.bin/CfgVehicles/Props.simulation'.
15:27:48.339 Warning Message: Trying to access error value.
15:27:48.339 Warning Message: No entry 'bin\config.bin/CfgVehicles/Props.displayName'.
15:27:48.339 Warning Message: Trying to access error value.
15:27:48.339 Warning Message: No entry 'bin\config.bin/CfgVehicles/Props.destrType'.
15:27:48.339 Warning Message: Trying to access error value.
15:27:48.339 Warning Message: No entry 'bin\config.bin/CfgVehicles/Props.itemsCargoSize'.
15:27:48.339 Warning Message: No entry 'bin\config.bin/CfgVehicles/Props.clothingType'.
15:27:48.339 Warning Message: Trying to access error value.
15:27:48.339 Warning Message: No entry 'bin\config.bin/CfgVehicles/Props.soundEngine'.
15:27:48.339 Warning Message: Size: '/' not an array
15:27:48.339 Warning Message: No entry 'bin\config.bin/CfgVehicles/Props.soundCrash'.
15:27:48.339 Warning Message: Size: '/' not an array
15:27:48.339 Warning Message: No entry 'bin\config.bin/CfgVehicles/Props.soundLandCrash'.
15:27:48.339 Warning Message: Size: '/' not an array
15:27:48.339 Warning Message: No entry 'bin\config.bin/CfgVehicles/Props.soundWaterCrash'.
15:27:48.339 Warning Message: Size: '/' not an array
15:27:48.339 Warning Message: No entry 'bin\config.bin/CfgVehicles/Props.reversed'.
15:27:48.339 Warning Message: Trying to access error value.
15:27:48.339 Warning Message: No entry 'bin\config.bin/CfgVehicles/Prop.scope'.
15:27:48.339 Warning Message: Trying to access error value.
15:27:48.339 Warning Message: No entry 'bin\config.bin/CfgVehicles/Prop.model'.
15:27:48.339 Warning Message: Trying to access error value.
15:27:48.339 Warning Message: No entry 'bin\config.bin/CfgVehicles/Prop.simulation'.
15:27:48.339 Warning Message: Trying to access error value.
15:27:48.339 Warning Message: No entry 'bin\config.bin/CfgVehicles/Prop.displayName'.
15:27:48.339 Warning Message: Trying to access error value.
15:27:48.339 Warning Message: No entry 'bin\config.bin/CfgVehicles/Prop.destrType'.
15:27:48.339 Warning Message: Trying to access error value.
15:27:48.339 Warning Message: No entry 'bin\config.bin/CfgVehicles/Prop.itemsCargoSize'.
15:27:48.339 Warning Message: No entry 'bin\config.bin/CfgVehicles/Prop.clothingType'.
15:27:48.339 Warning Message: Trying to access error value.
15:27:48.339 Warning Message: No entry 'bin\config.bin/CfgVehicles/Prop.soundEngine'.
15:27:48.339 Warning Message: Size: '/' not an array
15:27:48.339 Warning Message: No entry 'bin\config.bin/CfgVehicles/Prop.soundCrash'.
15:27:48.339 Warning Message: Size: '/' not an array
15:27:48.339 Warning Message: No entry 'bin\config.bin/CfgVehicles/Prop.soundLandCrash'.
15:27:48.339 Warning Message: Size: '/' not an array
15:27:48.339 Warning Message: No entry 'bin\config.bin/CfgVehicles/Prop.soundWaterCrash'.
15:27:48.339 Warning Message: Size: '/' not an array
15:27:48.339 Warning Message: No entry 'bin\config.bin/CfgVehicles/Prop.reversed'.
15:27:48.339 Warning Message: Trying to access error value.
15:27:48.339 Warning Message: No entry 'bin\config.bin/CfgVehicles/Vehicle_ExpansionAnWheel/DamageSystem.DamageZones'.
15:27:48.339 Warning Message: No entry 'bin\config.bin/CfgVehicles/Vehicle_ExpansionAnWheelSmall/DamageSystem.DamageZones'.
15:27:48.340 Warning Message: No entry 'bin\config.bin/CfgVehicles/Vehicle_ExpansionC130JWheel/DamageSystem.DamageZones'.
15:27:48.340 Warning Message: No entry 'bin\config.bin/CfgVehicles/Suspension.scope'.
15:27:48.340 Warning Message: Trying to access error value.
15:27:48.340 Warning Message: No entry 'bin\config.bin/CfgVehicles/Suspension.model'.
15:27:48.340 Warning Message: Trying to access error value.
15:27:48.340 Warning Message: No entry 'bin\config.bin/CfgVehicles/Suspension.simulation'.
15:27:48.340 Warning Message: Trying to access error value.
15:27:48.340 Warning Message: No entry 'bin\config.bin/CfgVehicles/Suspension.displayName'.
15:27:48.340 Warning Message: Trying to access error value.
15:27:48.340 Warning Message: No entry 'bin\config.bin/CfgVehicles/Suspension.destrType'.
15:27:48.340 Warning Message: Trying to access error value.
15:27:48.340 Warning Message: No entry 'bin\config.bin/CfgVehicles/Suspension.itemsCargoSize'.
15:27:48.340 Warning Message: No entry 'bin\config.bin/CfgVehicles/Suspension.clothingType'.
15:27:48.340 Warning Message: Trying to access error value.
15:27:48.340 Warning Message: No entry 'bin\config.bin/CfgVehicles/Suspension.soundEngine'.
15:27:48.340 Warning Message: Size: '/' not an array
15:27:48.340 Warning Message: No entry 'bin\config.bin/CfgVehicles/Suspension.soundCrash'.
15:27:48.340 Warning Message: Size: '/' not an array
15:27:48.340 Warning Message: No entry 'bin\config.bin/CfgVehicles/Suspension.soundLandCrash'.
15:27:48.340 Warning Message: Size: '/' not an array
15:27:48.340 Warning Message: No entry 'bin\config.bin/CfgVehicles/Suspension.soundWaterCrash'.
15:27:48.340 Warning Message: Size: '/' not an array
15:27:48.340 Warning Message: No entry 'bin\config.bin/CfgVehicles/Suspension.reversed'.
15:27:48.340 Warning Message: Trying to access error value.
15:27:48.340 Warning Message: No entry 'bin\config.bin/CfgVehicles/Vehicle_ExpansionGyrocopter/DamageSystem.DamageZones'.
15:27:48.340 Warning Message: No entry 'bin\config.bin/CfgVehicles/Chassis.scope'.
15:27:48.340 Warning Message: Trying to access error value.
15:27:48.340 Warning Message: No entry 'bin\config.bin/CfgVehicles/Chassis.model'.
15:27:48.340 Warning Message: Trying to access error value.
15:27:48.340 Warning Message: No entry 'bin\config.bin/CfgVehicles/Chassis.simulation'.
15:27:48.340 Warning Message: Trying to access error value.
15:27:48.340 Warning Message: No entry 'bin\config.bin/CfgVehicles/Chassis.displayName'.
15:27:48.340 Warning Message: Trying to access error value.
15:27:48.340 Warning Message: No entry 'bin\config.bin/CfgVehicles/Chassis.destrType'.
15:27:48.340 Warning Message: Trying to access error value.
15:27:48.340 Warning Message: No entry 'bin\config.bin/CfgVehicles/Chassis.itemsCargoSize'.
15:27:48.340 Warning Message: No entry 'bin\config.bin/CfgVehicles/Chassis.clothingType'.
15:27:48.340 Warning Message: Trying to access error value.
15:27:48.340 Warning Message: No entry 'bin\config.bin/CfgVehicles/Chassis.soundEngine'.
15:27:48.340 Warning Message: Size: '/' not an array
15:27:48.340 Warning Message: No entry 'bin\config.bin/CfgVehicles/Chassis.soundCrash'.
15:27:48.340 Warning Message: Size: '/' not an array
15:27:48.340 Warning Message: No entry 'bin\config.bin/CfgVehicles/Chassis.soundLandCrash'.
15:27:48.340 Warning Message: Size: '/' not an array
15:27:48.340 Warning Message: No entry 'bin\config.bin/CfgVehicles/Chassis.soundWaterCrash'.
15:27:48.340 Warning Message: Size: '/' not an array
15:27:48.340 Warning Message: No entry 'bin\config.bin/CfgVehicles/Chassis.reversed'.
15:27:48.340 Warning Message: Trying to access error value.
15:27:48.340 Warning Message: No entry 'bin\config.bin/CfgVehicles/Vehicle_ExpansionMerlinFrontWheel/DamageSystem.DamageZones'.
15:27:48.340 Warning Message: No entry 'bin\config.bin/CfgVehicles/Vehicle_ExpansionMerlinBackWheel/DamageSystem.DamageZones'.
15:27:48.341 Warning Message: No entry 'bin\config.bin/CfgVehicles/Vehicle_ExpansionUh1h/DamageSystem.DamageZones'.
15:27:48.342 Warning Message: No entry 'bin\config.bin/CfgVehicles/SportGlasses_ColorBase/DamageSystem.DamageZones'.
15:27:48.342 Warning Message: No entry 'bin\config.bin/CfgVehicles/Clothing_Base/DamageSystem.DamageZones'.
15:27:48.342 Warning Message: No entry 'bin\config.bin/CfgVehicles/SkiGoggles_ColorBase/DamageSystem.DamageZones'.
15:27:48.342 Warning Message: No entry 'bin\config.bin/CfgVehicles/FireplaceBase/DamageSystem.DamageZones'.
15:27:48.342 Warning Message: No entry 'bin\config.bin/CfgVehicles/Inventory_Base/DamageSystem.DamageZones'.
15:27:48.342 Warning Message: No entry 'bin\config.bin/CfgVehicles/AlarmClock_ColorBase/DamageSystem.DamageZones'.
15:27:48.342 Warning Message: No entry 'bin\config.bin/CfgVehicles/Pen_ColorBase/DamageSystem.DamageZones'.
15:27:48.342 Warning Message: No entry 'bin\config.bin/CfgVehicles/ShippingContainerKeys_ColorBase/DamageSystem.DamageZones'.
15:27:48.342 Warning Message: No entry 'bin\config.bin/CfgVehicles/ExpansionWheel.scope'.
15:27:48.342 Warning Message: Trying to access error value.
15:27:48.342 Warning Message: No entry 'bin\config.bin/CfgVehicles/ExpansionWheel.model'.
15:27:48.342 Warning Message: Trying to access error value.
15:27:48.342 Warning Message: No entry 'bin\config.bin/CfgVehicles/ExpansionWheel.simulation'.
15:27:48.342 Warning Message: Trying to access error value.
15:27:48.342 Warning Message: No entry 'bin\config.bin/CfgVehicles/ExpansionWheel.displayName'.
15:27:48.342 Warning Message: Trying to access error value.
15:27:48.342 Warning Message: No entry 'bin\config.bin/CfgVehicles/ExpansionWheel.destrType'.
15:27:48.342 Warning Message: Trying to access error value.
15:27:48.342 Warning Message: No entry 'bin\config.bin/CfgVehicles/ExpansionWheel.itemsCargoSize'.
15:27:48.342 Warning Message: No entry 'bin\config.bin/CfgVehicles/ExpansionWheel.clothingType'.
15:27:48.342 Warning Message: Trying to access error value.
15:27:48.342 Warning Message: No entry 'bin\config.bin/CfgVehicles/ExpansionWheel.soundEngine'.
15:27:48.342 Warning Message: Size: '/' not an array
15:27:48.342 Warning Message: No entry 'bin\config.bin/CfgVehicles/ExpansionWheel.soundCrash'.
15:27:48.342 Warning Message: Size: '/' not an array
15:27:48.342 Warning Message: No entry 'bin\config.bin/CfgVehicles/ExpansionWheel.soundLandCrash'.
15:27:48.342 Warning Message: Size: '/' not an array
15:27:48.342 Warning Message: No entry 'bin\config.bin/CfgVehicles/ExpansionWheel.soundWaterCrash'.
15:27:48.342 Warning Message: Size: '/' not an array
15:27:48.342 Warning Message: No entry 'bin\config.bin/CfgVehicles/ExpansionWheel.reversed'.
15:27:48.342 Warning Message: Trying to access error value.
15:27:48.343 Warning Message: No entry 'bin\config.bin/CfgVehicles/JPC_Vest_Base/DamageSystem.DamageZones'.
15:27:48.343 Warning Message: No entry 'bin\config.bin/CfgVehicles/tt_vest_Base/DamageSystem.DamageZones'.
15:27:48.343 Warning Message: No entry 'bin\config.bin/CfgVehicles/mmg_chestrig_Base/DamageSystem.DamageZones'.
15:27:48.343 Warning Message: No entry 'bin\config.bin/CfgVehicles/heavyvest_base/DamageSystem.DamageZones'.
15:27:48.343 Warning Message: No entry 'bin\config.bin/CfgVehicles/mk5_vest_base/DamageSystem.DamageZones'.
15:27:48.344 Warning Message: No entry 'bin\config.bin/CfgVehicles/mag_pouch_Base/DamageSystem.DamageZones'.
15:27:48.344 Warning Message: No entry 'bin\config.bin/CfgVehicles/double_magpouch_base/DamageSystem.DamageZones'.
15:27:48.344 Warning Message: No entry 'bin\config.bin/CfgVehicles/triple_magpouch_base/DamageSystem.DamageZones'.
15:27:48.344 Warning Message: No entry 'bin\config.bin/CfgVehicles/multiple_magpouch_base/DamageSystem.DamageZones'.
15:27:48.344 Warning Message: No entry 'bin\config.bin/CfgVehicles/JPCMed_Pouch_base/DamageSystem.DamageZones'.
15:27:48.344 Warning Message: No entry 'bin\config.bin/CfgVehicles/JPCammo_pouch_base/DamageSystem.DamageZones'.
15:27:48.345 Warning Message: No entry 'bin\config.bin/CfgVehicles/tactical_pouch_base/DamageSystem.DamageZones'.
15:27:48.345 Warning Message: No entry 'bin\config.bin/CfgVehicles/mmg_dump_poch_base/DamageSystem.DamageZones'.
15:27:48.345 Warning Message: No entry 'bin\config.bin/CfgVehicles/holster_pouch_base/DamageSystem.DamageZones'.
15:27:48.345 Warning Message: No entry 'bin\config.bin/CfgVehicles/mk5_utility_pouch_base/DamageSystem.DamageZones'.
15:27:48.345 Warning Message: No entry 'bin\config.bin/CfgVehicles/mk5_grenade_pouch_base/DamageSystem.DamageZones'.
15:27:48.345 Warning Message: No entry 'bin\config.bin/CfgVehicles/carrier_backpack_base/DamageSystem.DamageZones'.
15:27:48.345 Warning Message: No entry 'bin\config.bin/CfgVehicles/supplybag_base/DamageSystem.DamageZones'.
15:27:48.345 Warning Message: No entry 'bin\config.bin/CfgVehicles/assault_pack_base/DamageSystem.DamageZones'.
15:27:48.345 Warning Message: No entry 'bin\config.bin/CfgVehicles/camelback_base/DamageSystem.DamageZones'.
15:27:48.345 Warning Message: No entry 'bin\config.bin/CfgVehicles/mmps_bag_base/DamageSystem.DamageZones'.
15:27:48.345 Warning Message: No entry 'bin\config.bin/CfgVehicles/falconbelt_base/DamageSystem.DamageZones'.
15:27:48.345 Warning Message: No entry 'bin\config.bin/CfgVehicles/mmg_cargobelt_base/DamageSystem.DamageZones'.
15:27:48.346 Warning Message: No entry 'bin\config.bin/CfgVehicles/tactical_helmet_base/DamageSystem.DamageZones'.
15:27:48.346 Warning Message: No entry 'bin\config.bin/CfgVehicles/striker_helmet_base/DamageSystem.DamageZones'.
15:27:48.346 Warning Message: No entry 'bin\config.bin/CfgVehicles/mmg_armored_helmet_base/DamageSystem.DamageZones'.
15:27:48.346 Warning Message: No entry 'bin\config.bin/CfgVehicles/mmg_armored_helmet_visor_down/DamageSystem.DamageZones'.
15:27:48.346 Warning Message: No entry 'bin\config.bin/CfgVehicles/mmg_armored_helmet_visor_up/DamageSystem.DamageZones'.
15:27:48.346 Warning Message: No entry 'bin\config.bin/CfgVehicles/mmg_boonie_base/DamageSystem.DamageZones'.
15:27:48.346 WORLD        : Create entity type 'headphones_base'
15:27:48.347  WORLD        : Create entity type 'PersonalRadio'
15:27:48.347   ENTITY    (E): Type 'Inventory_BaseType' must be inherited from class 'ItemTransmitterType'
15:27:48.347 Warning Message: No entry 'bin\config.bin/CfgVehicles/PersonalRadio/DamageSystem.DamageZones'.
15:27:48.347 Warning Message: No entry 'bin\config.bin/CfgVehicles/headphones_base/DamageSystem.DamageZones'.
15:27:48.347 Warning Message: No entry 'bin\config.bin/CfgVehicles/tac_goggles_red_base/DamageSystem.DamageZones'.
15:27:48.347 Warning Message: No entry 'bin\config.bin/CfgVehicles/tac_goggles_blue_base/DamageSystem.DamageZones'.
15:27:48.347 Warning Message: No entry 'bin\config.bin/CfgVehicles/tac_goggles_clear_base/DamageSystem.DamageZones'.
15:27:48.347 Warning Message: No entry 'bin\config.bin/CfgVehicles/ballistic_earcover_base/DamageSystem.DamageZones'.
15:27:48.359 Bad uvSource None in jpc_vest\data\vest\jpc_vest\jpc_vest_damaged.rvmat stage 5 (Super, tex #(ai,64,64,1)fresnel(1,0.7))
15:27:48.360 Bad uvSource None in jpc_vest\data\vest\jpc_vest\jpc_vest_destruct.rvmat stage 5 (Super, tex #(ai,64,64,1)fresnel(1,0.7))
15:27:48.360 Bad uvSource None in jpc_vest\data\vest\tt_vest\tt_vest_damaged.rvmat stage 5 (Super, tex #(ai,64,64,1)fresnel(1,0.7))
15:27:48.361 Bad uvSource None in jpc_vest\data\pouch\mag_pouch\jpcmag_pouch_damaged.rvmat stage 5 (Super, tex #(ai,64,64,1)fresnel(1,0.7))
15:27:48.361 Bad uvSource None in jpc_vest\data\pouch\mag_pouch\jpcmag_pouch_destruct.rvmat stage 5 (Super, tex #(ai,64,64,1)fresnel(1,0.7))
15:27:48.361 Bad uvSource None in jpc_vest\data\pouch\ammo_pouch\jpcammo_pouch_damaged.rvmat stage 5 (Super, tex #(ai,64,64,1)fresnel(1,0.7))
15:27:48.361 Bad uvSource None in jpc_vest\data\pouch\ammo_pouch\jpcammo_pouch_destruct.rvmat stage 5 (Super, tex #(ai,64,64,1)fresnel(1,0.7))
15:27:48.362 Bad uvSource None in jpc_vest\data\backpack\assault_pack\assault_pack_damaged.rvmat stage 5 (Super, tex #(ai,64,64,1)fresnel(1,0.7))
15:27:48.362 Bad uvSource None in jpc_vest\data\backpack\assault_pack\assault_pack_destruct.rvmat stage 5 (Super, tex #(ai,64,64,1)fresnel(1,0.7))
15:27:48.363 Bad uvSource None in jpc_vest\data\backpack\camelback\camelback_damaged.rvmat stage 5 (Super, tex #(ai,64,64,1)fresnel(1,0.7))
15:27:48.363 Bad uvSource None in jpc_vest\data\backpack\camelback\camelback_destruct.rvmat stage 5 (Super, tex #(ai,64,64,1)fresnel(1,0.7))
15:27:48.363 Bad uvSource None in jpc_vest\data\backpack\carrier_backpack\carrierbackpack_damaged.rvmat stage 5 (Super, tex #(ai,64,64,1)fresnel(1,0.7))
15:27:48.364 Bad uvSource None in jpc_vest\data\backpack\carrier_backpack\carrierbackpack_destruct.rvmat stage 5 (Super, tex #(ai,64,64,1)fresnel(1,0.7))
15:27:48.364 Warning Message: No entry 'bin\config.bin/CfgVehicles/tactical_visor_base/DamageSystem.DamageZones'.
15:27:48.364 Warning Message: No entry 'bin\config.bin/CfgVehicles/PlateCarrierHolster/DamageSystem.DamageZones'.
15:27:48.364 Warning Message: No entry 'bin\config.bin/CfgVehicles/PlateCarrierHolster/DamageSystem.DamageZones'.
15:27:48.364 Warning Message: No entry 'bin\config.bin/CfgVehicles/NylonKnifeSheath/DamageSystem.DamageZones'.
15:27:48.364 Warning Message: No entry 'bin\config.bin/CfgVehicles/NylonKnifeSheath.ClothingTypes'.
15:27:48.364 Warning Message: No entry 'bin\config.bin/CfgVehicles/JPCsheath_Base/DamageSystem.DamageZones'.
15:27:48.364 Warning Message: No entry 'bin\config.bin/CfgVehicles/Canteen/DamageSystem.DamageZones'.
15:27:48.364 Warning Message: No entry 'bin\config.bin/CfgVehicles/JPC_Bottle_Base/DamageSystem.DamageZones'.
15:27:48.364 Warning Message: No entry 'bin\config.bin/CfgVehicles/carbine_base/DamageSystem.DamageZones'.
15:27:48.364 Warning Message: No entry 'bin\config.bin/CfgVehicles/operatorshirt_base/DamageSystem.DamageZones'.
15:27:48.366 Warning Message: No entry 'bin\config.bin/CfgVehicles/mmg_tactical_shirt_base/DamageSystem.DamageZones'.
15:27:48.366 Warning Message: No entry 'bin\config.bin/CfgVehicles/mmg_void_shirt_base/DamageSystem.DamageZones'.
15:27:48.366 Warning Message: No entry 'bin\config.bin/CfgVehicles/mmg_tactical_pants_base/DamageSystem.DamageZones'.
15:27:48.366 Warning Message: No entry 'bin\config.bin/CfgVehicles/CargoPants_ColorBase/DamageSystem.DamageZones'.
15:27:48.366 Warning Message: No entry 'bin\config.bin/CfgVehicles/TacticalShirt_ColorBase/DamageSystem.DamageZones'.
15:27:48.367 Warning Message: No entry 'bin\config.bin/CfgVehicles/facemask_base/DamageSystem.DamageZones'.
15:27:48.367 Warning Message: No entry 'bin\config.bin/CfgVehicles/BalaclavaMask_ColorBase/DamageSystem.DamageZones'.
15:27:48.367 Warning Message: No entry 'bin\config.bin/CfgVehicles/Clothing_Base/DamageSystem.DamageZones'.
15:27:48.367 Warning Message: No entry 'bin\config.bin/CfgVehicles/Clothing_Base/DamageSystem.DamageZones'.
15:27:48.367 Warning Message: No entry 'bin\config.bin/CfgVehicles/mmg_gp_nvg_base/DamageSystem.DamageZones'.
15:27:48.374 DamageSystem Warning: There's more "transferToZonesCoefs" than "transferToZonesNames" for damage zone Reflector_1_1 (Entity type UAZ_31514_base)
15:27:48.374 DamageSystem Warning: There's more "transferToZonesCoefs" than "transferToZonesNames" for damage zone Reflector_2_1 (Entity type UAZ_31514_base)
15:27:48.375 DamageSystem Warning: There's more "transferToZonesCoefs" than "transferToZonesNames" for damage zone Fender_1_2 (Entity type UAZ_31514_base)
15:27:48.375 DamageSystem Warning: Inventory slot Radiator doesn't exists
15:27:48.375 DamageSystem Warning: There's more "transferToZonesCoefs" than "transferToZonesNames" for damage zone Reflector_1_1 (Entity type UAZ_31514_base_cargo2)
15:27:48.375 DamageSystem Warning: There's more "transferToZonesCoefs" than "transferToZonesNames" for damage zone Reflector_2_1 (Entity type UAZ_31514_base_cargo2)
15:27:48.375 DamageSystem Warning: There's more "transferToZonesCoefs" than "transferToZonesNames" for damage zone Fender_1_2 (Entity type UAZ_31514_base_cargo2)
15:27:48.376 DamageSystem Warning: Inventory slot Radiator doesn't exists
15:27:48.376 DamageSystem Warning: There's more "transferToZonesCoefs" than "transferToZonesNames" for damage zone Reflector_1_1 (Entity type UAZ_31514_hunter_base)
15:27:48.376 DamageSystem Warning: There's more "transferToZonesCoefs" than "transferToZonesNames" for damage zone Reflector_2_1 (Entity type UAZ_31514_hunter_base)
15:27:48.376 DamageSystem Warning: Inventory slot offroad_02_wheel_spare_3 doesn't exists
15:27:48.376 DamageSystem Warning: There's more "transferToZonesCoefs" than "transferToZonesNames" for damage zone Fender_1_2 (Entity type UAZ_31514_hunter_base)
15:27:48.376 DamageSystem Warning: Inventory slot Radiator doesn't exists
15:27:48.378 DamageSystem Warning: There's more "transferToZonesCoefs" than "transferToZonesNames" for damage zone Reflector_1_1 (Entity type UAZ_452_base)
15:27:48.378 DamageSystem Warning: There's more "transferToZonesCoefs" than "transferToZonesNames" for damage zone Reflector_2_1 (Entity type UAZ_452_base)
15:27:48.378 DamageSystem Warning: Inventory slot Radiator doesn't exists
15:27:48.380 Bad uvSource None in jpc_vest\data\backpack\supplybag\supplybag_damaged.rvmat stage 5 (Super, tex #(ai,64,64,1)fresnel(1,0.7))
15:27:48.381 Bad uvSource None in jpc_vest\data\backpack\supplybag\supplybag_destruct.rvmat stage 5 (Super, tex #(ai,64,64,1)fresnel(1,0.7))
15:27:48.381 Bad uvSource None in jpc_vest\data\belt\falcon_b1\falconbelt_damaged.rvmat stage 5 (Super, tex #(ai,64,64,1)fresnel(1,0.7))
15:27:48.381 Bad uvSource None in jpc_vest\data\belt\falcon_b1\falconbelt_destruct.rvmat stage 5 (Super, tex #(ai,64,64,1)fresnel(1,0.7))
15:27:48.382 Bad uvSource None in jpc_vest\data\clothing\boonie\boonie_damaged.rvmat stage 5 (Super, tex #(ai,64,64,1)fresnel(1,0.7))
15:27:48.382 Bad uvSource None in jpc_vest\data\clothing\boonie\boonie_destruct.rvmat stage 5 (Super, tex #(ai,64,64,1)fresnel(1,0.7))
15:27:48.383 Bad uvSource None in jpc_vest\data\helmet\armored_helmet\armored_helmet_damaged.rvmat stage 5 (Super, tex #(ai,64,64,1)fresnel(1,0.7))
15:27:48.383 Bad uvSource None in jpc_vest\data\helmet\armored_helmet\armored_helmet_destruct.rvmat stage 5 (Super, tex #(ai,64,64,1)fresnel(1,0.7))
15:27:48.384 Bad uvSource None in jpc_vest\data\helmet\headphones\headphones_damaged.rvmat stage 5 (Super, tex #(ai,64,64,1)fresnel(1,0.7))
15:27:48.384 Bad uvSource None in jpc_vest\data\helmet\headphones\headphones_destruct.rvmat stage 5 (Super, tex #(ai,64,64,1)fresnel(1,0.7))
15:27:48.385 Bad uvSource None in jpc_vest\data\helmet\striker_helmet\striker_helmet_damaged.rvmat stage 5 (Super, tex #(ai,64,64,1)fresnel(1,0.7))
15:27:48.385 Bad uvSource None in jpc_vest\data\helmet\striker_helmet\striker_helmet_destruct.rvmat stage 5 (Super, tex #(ai,64,64,1)fresnel(1,0.7))
15:27:48.385 Bad uvSource None in jpc_vest\data\helmet\tactical_helmet\tactical_helmet_damaged.rvmat stage 5 (Super, tex #(ai,64,64,1)fresnel(1,0.7))
15:27:48.385 Bad uvSource None in jpc_vest\data\helmet\tactical_helmet\tactical_helmet_destruct.rvmat stage 5 (Super, tex #(ai,64,64,1)fresnel(1,0.7))
15:27:48.385 Bad uvSource None in jpc_vest\data\item\tac_goggles\tac_goggles_damaged.rvmat stage 5 (Super, tex #(ai,64,64,1)fresnel(1,0.7))
15:27:48.385 Bad uvSource None in jpc_vest\data\item\tac_goggles\tac_goggles_destruct.rvmat stage 5 (Super, tex #(ai,64,64,1)fresnel(1,0.7))
15:27:48.386 Bad uvSource None in jpc_vest\data\pouch\holster_pouch\holster_pouch_damaged.rvmat stage 5 (Super, tex #(ai,64,64,1)fresnel(1,0.7))
15:27:48.386 Bad uvSource None in jpc_vest\data\pouch\holster_pouch\holster_pouch_destruct.rvmat stage 5 (Super, tex #(ai,64,64,1)fresnel(1,0.7))
15:27:48.388 Bad uvSource None in jpc_vest\data\pouch\med_pouch\jpcmedpouch_damaged.rvmat stage 5 (Super, tex #(ai,64,64,1)fresnel(1,0.7))
15:27:48.388 Bad uvSource None in jpc_vest\data\pouch\med_pouch\jpcmedpouch_destruct.rvmat stage 5 (Super, tex #(ai,64,64,1)fresnel(1,0.7))
15:27:48.388 Bad uvSource None in jpc_vest\data\pouch\single_magpouch\single_magpouch_damaged.rvmat stage 5 (Super, tex #(ai,64,64,1)fresnel(1,0.7))
15:27:48.388 Bad uvSource None in jpc_vest\data\pouch\single_magpouch\single_magpouch_destruct.rvmat stage 5 (Super, tex #(ai,64,64,1)fresnel(1,0.7))
15:27:48.388 Bad uvSource None in jpc_vest\data\pouch\tactical_pouch\tactical_pouch_damaged.rvmat stage 5 (Super, tex #(ai,64,64,1)fresnel(1,0.7))
15:27:48.389 Bad uvSource None in jpc_vest\data\pouch\tactical_pouch\tactical_pouch_destruct.rvmat stage 5 (Super, tex #(ai,64,64,1)fresnel(1,0.7))
15:27:48.389 Bad uvSource None in jpc_vest\data\vest\chestrig\chestrig_damaged.rvmat stage 5 (Super, tex #(ai,64,64,1)fresnel(1,0.7))
15:27:48.389 Bad uvSource None in jpc_vest\data\vest\chestrig\chestrig_destruct.rvmat stage 5 (Super, tex #(ai,64,64,1)fresnel(1,0.7))
15:27:48.389 Bad uvSource None in jpc_vest\data\vest\heavyvest\heavyvest_damaged.rvmat stage 5 (Super, tex #(ai,64,64,1)fresnel(1,0.7))
15:27:48.390 Bad uvSource None in jpc_vest\data\vest\heavyvest\heavyvest_destruct.rvmat stage 5 (Super, tex #(ai,64,64,1)fresnel(1,0.7))
15:27:48.390 Bad uvSource None in jpc_vest\data\vest\mk5_vest\ratnik_damaged.rvmat stage 5 (Super, tex #(ai,64,64,1)fresnel(1,0.7))
15:27:48.390 Bad uvSource None in jpc_vest\data\vest\mk5_vest\ratnik_destruct.rvmat stage 5 (Super, tex #(ai,64,64,1)fresnel(1,0.7))
15:27:48.390 Bad uvSource None in jpc_vest\data\vest\tt_vest\tt_vest_destruct.rvmat stage 5 (Super, tex #(ai,64,64,1)fresnel(1,0.7))
15:27:48.393 Bad uvSource None in jpc_vest\data\item\sheath\sheath_damaged.rvmat stage 5 (Super, tex #(ai,64,64,1)fresnel(1,0.7))
15:27:48.393 Bad uvSource None in jpc_vest\data\item\sheath\sheath_destruct.rvmat stage 5 (Super, tex #(ai,64,64,1)fresnel(1,0.7))
15:27:48.394 Bad uvSource None in jpc_vest\data\clothing\operator_shirt\operator_shirt_damaged.rvmat stage 5 (Super, tex #(ai,64,64,1)fresnel(1,0.7))
15:27:48.394 Bad uvSource None in jpc_vest\data\clothing\operator_shirt\operator_shirt_destruct.rvmat stage 5 (Super, tex #(ai,64,64,1)fresnel(1,0.7))
15:27:48.406 DamageSystem Warning: There's more "transferToZonesCoefs" than "transferToZonesNames" for damage zone Reflector_1_1 (Entity type UAZ_452_offroad_base)
15:27:48.406 DamageSystem Warning: There's more "transferToZonesCoefs" than "transferToZonesNames" for damage zone Reflector_2_1 (Entity type UAZ_452_offroad_base)
15:27:48.406 DamageSystem Warning: Inventory slot Radiator doesn't exists
15:27:48.407 DamageSystem Warning: There's more "transferToZonesCoefs" than "transferToZonesNames" for damage zone Reflector_1_1 (Entity type UAZ_452_offroad_exp_base)
15:27:48.407 DamageSystem Warning: There's more "transferToZonesCoefs" than "transferToZonesNames" for damage zone Reflector_2_1 (Entity type UAZ_452_offroad_exp_base)
15:27:48.408 DamageSystem Warning: Inventory slot Radiator doesn't exists
15:27:48.408 DamageSystem Warning: There's more "transferToZonesCoefs" than "transferToZonesNames" for damage zone Reflector_1_1 (Entity type UAZ_452_offroad_raid_base)
15:27:48.408 DamageSystem Warning: There's more "transferToZonesCoefs" than "transferToZonesNames" for damage zone Reflector_2_1 (Entity type UAZ_452_offroad_raid_base)
15:27:48.408 DamageSystem Warning: Inventory slot Radiator doesn't exists
15:27:48.409 DamageSystem Warning: There's more "transferToZonesCoefs" than "transferToZonesNames" for damage zone Reflector_1_1 (Entity type UAZ_452_wreck_base)
15:27:48.409 DamageSystem Warning: There's more "transferToZonesCoefs" than "transferToZonesNames" for damage zone Reflector_2_1 (Entity type UAZ_452_wreck_base)
15:27:48.414 Bad uvSource None in jpc_vest\data\item\bottle\jpc_bottle_damaged.rvmat stage 5 (Super, tex #(ai,64,64,1)fresnel(1,0.7))
15:27:48.414 Bad uvSource None in jpc_vest\data\item\bottle\jpc_bottle_destruct.rvmat stage 5 (Super, tex #(ai,64,64,1)fresnel(1,0.7))
15:27:48.415 DamageSystem Warning: There's more "transferToZonesCoefs" than "transferToZonesNames" for damage zone Fender_2_1 (Entity type UAZ_452_wreck_base)
15:27:48.415 DamageSystem Warning: Inventory slot Radiator doesn't exists
15:27:48.420 DamageSystem Warning: There's more "transferToZonesCoefs" than "transferToZonesNames" for damage zone Fender_2_1 (Entity type CnG_VAZ2109_base_mad)
15:27:48.421 Warning Message: No entry 'bin\config.bin/CfgVehicles/Clothing_Base/DamageSystem.DamageZones'.
15:27:48.421 Warning Message: No entry 'bin\config.bin/CfgVehicles/Clothing_Base/DamageSystem.DamageZones'.
15:27:48.421 Warning Message: No entry 'bin\config.bin/CfgVehicles/Clothing_Base/DamageSystem.DamageZones'.
15:27:48.421 Warning Message: No entry 'bin\config.bin/CfgVehicles/Clothing_Base/DamageSystem.DamageZones'.
15:27:48.421 Warning Message: No entry 'bin\config.bin/CfgVehicles/Clothing_Base/DamageSystem.DamageZones'.
15:27:48.421 Warning Message: No entry 'bin\config.bin/CfgVehicles/Inventory_Base/DamageSystem.DamageZones'.
15:27:48.889 Unrecognized CfgNonAIVehicles simulation seagull in bin\config.bin/CfgNonAIVehicles/Bird/
15:27:48.889 Unrecognized CfgNonAIVehicles simulation seagull in bin\config.bin/CfgNonAIVehicles/Insect/
15:27:48.889 Unknown inventory slot 'Att_ExpansionLumber1' in class 'bin\config.bin/CfgNonAIVehicles/ProxyLumber_1/'
15:27:48.889 Unknown inventory slot 'Att_ExpansionLumber_2' in class 'bin\config.bin/CfgNonAIVehicles/ProxyLumber_2/'
15:27:48.895 Warning Message: No entry 'bin\config.bin/CfgNonAIVehicles/ProxyCrew.simulation'.
15:27:48.895 Warning Message: Trying to access error value.
15:27:48.895 Unrecognized CfgNonAIVehicles simulation  in bin\config.bin/CfgNonAIVehicles/ProxyCrew/
15:27:48.895 Warning Message: No entry 'bin\config.bin/CfgNonAIVehicles/ProxyCrew.model'.
15:27:48.895 Warning Message: Trying to access error value.
15:27:48.895 Warning Message: No entry 'bin\config.bin/CfgNonAIVehicles/ProxyCrew.simulation'.
15:27:48.895 Warning Message: Trying to access error value.
15:27:48.898 Unknown inventory slot 'WeaponHandguardSR25' in class 'bin\config.bin/CfgNonAIVehicles/Proxyhandguard_ar10_lancer_lch7_carbon/'
15:27:48.898 Unknown inventory slot 'WeaponHandguardSR25' in class 'bin\config.bin/CfgNonAIVehicles/ProxyHandguard_AR10_NoveskeLong/'
15:27:48.898 Unknown inventory slot 'WeaponHandguardSR25' in class 'bin\config.bin/CfgNonAIVehicles/ProxyHandguard_AR10_NoveskeShort/'
15:27:48.898 Unknown inventory slot 'WeaponHandguardSR25' in class 'bin\config.bin/CfgNonAIVehicles/ProxyHandguard_AR10_URX/'
15:27:49.35  String "STR_CfgMagazines_Mag_CZ550_4rnd0" not found (not in localization table)
15:27:49.181 String "STR_My_DF_Weapons_Ammo_M203_Grenade0" not found (not in localization table)
15:27:49.181 String "STR_My_DF_Weapons_Ammo_VOG25_Grenade0" not found (not in localization table)
15:27:49.181 Warning Message: No entry 'bin\config.bin/CfgSoundShaders.IZH18_Closure_SoundShader'.
15:27:49.181 Warning Message: No entry '.samples'.
15:27:49.181 Warning Message: Size: '/' not an array
15:27:49.181 Warning Message: Size: '/' not an array
15:27:49.251 Warning Message: No entry 'bin\config.bin/CfgWeapons/OpticsInfoRifle.simulation'.
15:27:49.251 Warning Message: Trying to access error value.
15:27:49.251 Warning Message: No entry 'bin\config.bin/CfgWeapons/OpticsInfoRifle.model'.
15:27:49.251 Warning Message: Trying to access error value.
15:27:49.251 Warning Message: No entry 'bin\config.bin/CfgWeapons/OpticsInfoRifle.simulation'.
15:27:49.251 Warning Message: Trying to access error value.
15:27:49.251 Warning Message: No entry 'bin\config.bin/CfgWeapons/OpticsInfoRifle.displayName'.
15:27:49.251 Warning Message: Trying to access error value.
15:27:49.251 Warning Message: No entry 'bin\config.bin/CfgWeapons/OpticsInfoRifle.destrType'.
15:27:49.251 Warning Message: Trying to access error value.
15:27:49.251 Warning Message: No entry 'bin\config.bin/CfgWeapons/OpticsInfoRifle.itemsCargoSize'.
15:27:49.251 Warning Message: No entry 'bin\config.bin/CfgWeapons/OpticsInfoRifle.clothingType'.
15:27:49.251 Warning Message: Trying to access error value.
15:27:49.251 Warning Message: No entry 'bin\config.bin/CfgWeapons/OpticsInfoRifle.soundEngine'.
15:27:49.251 Warning Message: Size: '/' not an array
15:27:49.251 Warning Message: No entry 'bin\config.bin/CfgWeapons/OpticsInfoRifle.soundCrash'.
15:27:49.251 Warning Message: Size: '/' not an array
15:27:49.251 Warning Message: No entry 'bin\config.bin/CfgWeapons/OpticsInfoRifle.soundLandCrash'.
15:27:49.251 Warning Message: Size: '/' not an array
15:27:49.251 Warning Message: No entry 'bin\config.bin/CfgWeapons/OpticsInfoRifle.soundWaterCrash'.
15:27:49.251 Warning Message: Size: '/' not an array
15:27:49.251 Warning Message: No entry 'bin\config.bin/CfgWeapons/OpticsInfoRifle.reversed'.
15:27:49.251 Warning Message: Trying to access error value.
15:27:49.251 Warning Message: No entry 'bin\config.bin/CfgWeapons/OpticsInfoRifle.muzzles'.
15:27:49.251 Warning Message: Size: '/' not an array
15:27:49.274 Warning Message: No entry 'bin\config.bin/CfgWeapons/GCGN_Vepr_Base/OpticsInfo.opticsZoomMin'.
15:27:49.274 Warning Message: Trying to access error value.
15:27:49.274 Warning Message: No entry 'bin\config.bin/CfgWeapons/GCGN_Vepr_Base/OpticsInfo.opticsZoomMax'.
15:27:49.274 Warning Message: Trying to access error value.
15:27:49.274 Warning Message: No entry 'bin\config.bin/CfgWeapons/GCGN_Vepr_Base/OpticsInfo.opticsZoomInit'.
15:27:49.274 Warning Message: Trying to access error value.
15:27:49.275 Warning Message: No entry 'bin\config.bin/CfgWeapons/GCGN_Vityaz_Base/OpticsInfo.opticsZoomMin'.
15:27:49.275 Warning Message: Trying to access error value.
15:27:49.275 Warning Message: No entry 'bin\config.bin/CfgWeapons/GCGN_Vityaz_Base/OpticsInfo.opticsZoomMax'.
15:27:49.275 Warning Message: Trying to access error value.
15:27:49.275 Warning Message: No entry 'bin\config.bin/CfgWeapons/GCGN_Vityaz_Base/OpticsInfo.opticsZoomInit'.
15:27:49.275 Warning Message: Trying to access error value.
15:27:49.279 unable to create magazine GCGN_Acr_Mag
15:27:49.279 Warning Message: No entry 'bin\config.bin/CfgWeapons/ACR_Base/OpticsInfo.opticsZoomMin'.
15:27:49.279 Warning Message: Trying to access error value.
15:27:49.279 Warning Message: No entry 'bin\config.bin/CfgWeapons/ACR_Base/OpticsInfo.opticsZoomMax'.
15:27:49.279 Warning Message: Trying to access error value.
15:27:49.279 Warning Message: No entry 'bin\config.bin/CfgWeapons/ACR_Base/OpticsInfo.opticsZoomInit'.
15:27:49.279 Warning Message: Trying to access error value.
15:27:49.279 Warning Message: No entry 'bin\config.bin/CfgWeapons/HK416_Base/OpticsInfo.opticsZoomMin'.
15:27:49.279 Warning Message: Trying to access error value.
15:27:49.279 Warning Message: No entry 'bin\config.bin/CfgWeapons/HK416_Base/OpticsInfo.opticsZoomMax'.
15:27:49.279 Warning Message: Trying to access error value.
15:27:49.279 Warning Message: No entry 'bin\config.bin/CfgWeapons/HK416_Base/OpticsInfo.opticsZoomInit'.
15:27:49.279 Warning Message: Trying to access error value.
15:27:49.281 Warning Message: No entry 'bin\config.bin/CfgWeapons/SNHK417_Base/OpticsInfo.opticsZoomMin'.
15:27:49.281 Warning Message: Trying to access error value.
15:27:49.281 Warning Message: No entry 'bin\config.bin/CfgWeapons/SNHK417_Base/OpticsInfo.opticsZoomMax'.
15:27:49.281 Warning Message: Trying to access error value.
15:27:49.281 Warning Message: No entry 'bin\config.bin/CfgWeapons/SNHK417_Base/OpticsInfo.opticsZoomInit'.
15:27:49.281 Warning Message: Trying to access error value.
15:27:49.282 Warning Message: No entry 'bin\config.bin/CfgWeapons/IA2_Base/OpticsInfo.opticsZoomMin'.
15:27:49.282 Warning Message: Trying to access error value.
15:27:49.282 Warning Message: No entry 'bin\config.bin/CfgWeapons/IA2_Base/OpticsInfo.opticsZoomMax'.
15:27:49.282 Warning Message: Trying to access error value.
15:27:49.282 Warning Message: No entry 'bin\config.bin/CfgWeapons/IA2_Base/OpticsInfo.opticsZoomInit'.
15:27:49.282 Warning Message: Trying to access error value.
15:27:49.283 Warning Message: No entry 'bin\config.bin/CfgWeapons/MK18_Base/OpticsInfo.opticsZoomMin'.
15:27:49.283 Warning Message: Trying to access error value.
15:27:49.283 Warning Message: No entry 'bin\config.bin/CfgWeapons/MK18_Base/OpticsInfo.opticsZoomMax'.
15:27:49.283 Warning Message: Trying to access error value.
15:27:49.283 Warning Message: No entry 'bin\config.bin/CfgWeapons/MK18_Base/OpticsInfo.opticsZoomInit'.
15:27:49.283 Warning Message: Trying to access error value.
15:27:49.284 Warning Message: No entry 'bin\config.bin/CfgWeapons/SCAR_Base/OpticsInfo.opticsZoomMin'.
15:27:49.284 Warning Message: Trying to access error value.
15:27:49.284 Warning Message: No entry 'bin\config.bin/CfgWeapons/SCAR_Base/OpticsInfo.opticsZoomMax'.
15:27:49.284 Warning Message: Trying to access error value.
15:27:49.284 Warning Message: No entry 'bin\config.bin/CfgWeapons/SCAR_Base/OpticsInfo.opticsZoomInit'.
15:27:49.284 Warning Message: Trying to access error value.
15:27:49.284 Warning Message: No entry 'bin\config.bin/CfgWeapons/SG550_Base/OpticsInfo.opticsZoomMin'.
15:27:49.284 Warning Message: Trying to access error value.
15:27:49.284 Warning Message: No entry 'bin\config.bin/CfgWeapons/SG550_Base/OpticsInfo.opticsZoomMax'.
15:27:49.284 Warning Message: Trying to access error value.
15:27:49.284 Warning Message: No entry 'bin\config.bin/CfgWeapons/SG550_Base/OpticsInfo.opticsZoomInit'.
15:27:49.284 Warning Message: Trying to access error value.
15:27:49.284 Warning Message: No entry 'bin\config.bin/CfgWeapons/SG552_Base/OpticsInfo.opticsZoomMin'.
15:27:49.284 Warning Message: Trying to access error value.
15:27:49.284 Warning Message: No entry 'bin\config.bin/CfgWeapons/SG552_Base/OpticsInfo.opticsZoomMax'.
15:27:49.284 Warning Message: Trying to access error value.
15:27:49.284 Warning Message: No entry 'bin\config.bin/CfgWeapons/SG552_Base/OpticsInfo.opticsZoomInit'.
15:27:49.284 Warning Message: Trying to access error value.
15:27:49.305 Warning Message: No entry 'bin\config.bin/CfgWeapons/VR80_Base/OpticsInfo.opticsZoomMin'.
15:27:49.305 Warning Message: Trying to access error value.
15:27:49.305 Warning Message: No entry 'bin\config.bin/CfgWeapons/VR80_Base/OpticsInfo.opticsZoomMax'.
15:27:49.305 Warning Message: Trying to access error value.
15:27:49.305 Warning Message: No entry 'bin\config.bin/CfgWeapons/VR80_Base/OpticsInfo.opticsZoomInit'.
15:27:49.305 Warning Message: Trying to access error value.
15:27:49.306 Warning Message: No entry 'bin\config.bin/CfgWeapons/My_DF_Weapons_DMR_M14_Base/OpticsInfo.opticsZoomMin'.
15:27:49.306 Warning Message: Trying to access error value.
15:27:49.306 Warning Message: No entry 'bin\config.bin/CfgWeapons/My_DF_Weapons_DMR_M14_Base/OpticsInfo.opticsZoomMax'.
15:27:49.306 Warning Message: Trying to access error value.
15:27:49.306 Warning Message: No entry 'bin\config.bin/CfgWeapons/My_DF_Weapons_DMR_M14_Base/OpticsInfo.opticsZoomInit'.
15:27:49.306 Warning Message: Trying to access error value.
15:27:49.307 Warning Message: No entry 'bin\config.bin/CfgWeapons/My_DF_Weapons_DMR_Marlin_Base/OpticsInfo.opticsZoomMin'.
15:27:49.307 Warning Message: Trying to access error value.
15:27:49.307 Warning Message: No entry 'bin\config.bin/CfgWeapons/My_DF_Weapons_DMR_Marlin_Base/OpticsInfo.opticsZoomMax'.
15:27:49.307 Warning Message: Trying to access error value.
15:27:49.307 Warning Message: No entry 'bin\config.bin/CfgWeapons/My_DF_Weapons_DMR_Marlin_Base/OpticsInfo.opticsZoomInit'.
15:27:49.307 Warning Message: Trying to access error value.
15:27:49.308 Warning Message: No entry 'bin\config.bin/CfgWeapons/My_DF_Weapons_DMR_Mini14_Base/OpticsInfo.opticsZoomMin'.
15:27:49.308 Warning Message: Trying to access error value.
15:27:49.308 Warning Message: No entry 'bin\config.bin/CfgWeapons/My_DF_Weapons_DMR_Mini14_Base/OpticsInfo.opticsZoomMax'.
15:27:49.308 Warning Message: Trying to access error value.
15:27:49.308 Warning Message: No entry 'bin\config.bin/CfgWeapons/My_DF_Weapons_DMR_Mini14_Base/OpticsInfo.opticsZoomInit'.
15:27:49.308 Warning Message: Trying to access error value.
15:27:49.310 Warning Message: No entry 'bin\config.bin/CfgWeapons/My_DF_Weapons_DMR_PSG_Base/OpticsInfo.opticsZoomMin'.
15:27:49.310 Warning Message: Trying to access error value.
15:27:49.310 Warning Message: No entry 'bin\config.bin/CfgWeapons/My_DF_Weapons_DMR_PSG_Base/OpticsInfo.opticsZoomMax'.
15:27:49.310 Warning Message: Trying to access error value.
15:27:49.310 Warning Message: No entry 'bin\config.bin/CfgWeapons/My_DF_Weapons_DMR_PSG_Base/OpticsInfo.opticsZoomInit'.
15:27:49.310 Warning Message: Trying to access error value.
15:27:49.311 Warning Message: No entry 'bin\config.bin/CfgWeapons/My_DF_Weapons_DMR_SKS_Base/OpticsInfo.opticsZoomMin'.
15:27:49.311 Warning Message: Trying to access error value.
15:27:49.311 Warning Message: No entry 'bin\config.bin/CfgWeapons/My_DF_Weapons_DMR_SKS_Base/OpticsInfo.opticsZoomMax'.
15:27:49.311 Warning Message: Trying to access error value.
15:27:49.311 Warning Message: No entry 'bin\config.bin/CfgWeapons/My_DF_Weapons_DMR_SKS_Base/OpticsInfo.opticsZoomInit'.
15:27:49.311 Warning Message: Trying to access error value.
15:27:49.311 Warning Message: No entry 'bin\config.bin/CfgWeapons/My_DF_Weapons_DMR_SKS_Morden_Base/OpticsInfo.opticsZoomMin'.
15:27:49.311 Warning Message: Trying to access error value.
15:27:49.311 Warning Message: No entry 'bin\config.bin/CfgWeapons/My_DF_Weapons_DMR_SKS_Morden_Base/OpticsInfo.opticsZoomMax'.
15:27:49.311 Warning Message: Trying to access error value.
15:27:49.311 Warning Message: No entry 'bin\config.bin/CfgWeapons/My_DF_Weapons_DMR_SKS_Morden_Base/OpticsInfo.opticsZoomInit'.
15:27:49.311 Warning Message: Trying to access error value.
15:27:49.312 Warning Message: No entry 'bin\config.bin/CfgWeapons/My_DF_Weapons_DMR_SP9_Base/OpticsInfo.opticsZoomMin'.
15:27:49.312 Warning Message: Trying to access error value.
15:27:49.312 Warning Message: No entry 'bin\config.bin/CfgWeapons/My_DF_Weapons_DMR_SP9_Base/OpticsInfo.opticsZoomMax'.
15:27:49.312 Warning Message: Trying to access error value.
15:27:49.312 Warning Message: No entry 'bin\config.bin/CfgWeapons/My_DF_Weapons_DMR_SP9_Base/OpticsInfo.opticsZoomInit'.
15:27:49.312 Warning Message: Trying to access error value.
15:27:49.313 Warning Message: No entry 'bin\config.bin/CfgWeapons/My_DF_Weapons_DMR_SR25_Base/OpticsInfo.opticsZoomMin'.
15:27:49.313 Warning Message: Trying to access error value.
15:27:49.313 Warning Message: No entry 'bin\config.bin/CfgWeapons/My_DF_Weapons_DMR_SR25_Base/OpticsInfo.opticsZoomMax'.
15:27:49.313 Warning Message: Trying to access error value.
15:27:49.313 Warning Message: No entry 'bin\config.bin/CfgWeapons/My_DF_Weapons_DMR_SR25_Base/OpticsInfo.opticsZoomInit'.
15:27:49.313 Warning Message: Trying to access error value.
15:27:49.313 Warning Message: No entry 'bin\config.bin/CfgWeapons/My_DF_Weapons_DMR_SVD_Base/OpticsInfo.opticsZoomMin'.
15:27:49.313 Warning Message: Trying to access error value.
15:27:49.313 Warning Message: No entry 'bin\config.bin/CfgWeapons/My_DF_Weapons_DMR_SVD_Base/OpticsInfo.opticsZoomMax'.
15:27:49.313 Warning Message: Trying to access error value.
15:27:49.313 Warning Message: No entry 'bin\config.bin/CfgWeapons/My_DF_Weapons_DMR_SVD_Base/OpticsInfo.opticsZoomInit'.
15:27:49.313 Warning Message: Trying to access error value.
15:27:49.315 Warning Message: No entry 'bin\config.bin/CfgWeapons/My_DF_Weapons_LMG_M249_Base/OpticsInfo.opticsZoomMin'.
15:27:49.315 Warning Message: Trying to access error value.
15:27:49.315 Warning Message: No entry 'bin\config.bin/CfgWeapons/My_DF_Weapons_LMG_M249_Base/OpticsInfo.opticsZoomMax'.
15:27:49.315 Warning Message: Trying to access error value.
15:27:49.315 Warning Message: No entry 'bin\config.bin/CfgWeapons/My_DF_Weapons_LMG_M249_Base/OpticsInfo.opticsZoomInit'.
15:27:49.315 Warning Message: Trying to access error value.
15:27:49.347 Warning Message: No entry 'bin\config.bin/CfgWeapons/My_DF_Weapons_LMG_M250_Base/OpticsInfo.opticsZoomMin'.
15:27:49.347 Warning Message: Trying to access error value.
15:27:49.347 Warning Message: No entry 'bin\config.bin/CfgWeapons/My_DF_Weapons_LMG_M250_Base/OpticsInfo.opticsZoomMax'.
15:27:49.347 Warning Message: Trying to access error value.
15:27:49.347 Warning Message: No entry 'bin\config.bin/CfgWeapons/My_DF_Weapons_LMG_M250_Base/OpticsInfo.opticsZoomInit'.
15:27:49.347 Warning Message: Trying to access error value.
15:27:49.354 Warning Message: No entry 'bin\config.bin/CfgWeapons/My_DF_Weapons_LMG_PKM_Base/OpticsInfo.opticsZoomMin'.
15:27:49.354 Warning Message: Trying to access error value.
15:27:49.354 Warning Message: No entry 'bin\config.bin/CfgWeapons/My_DF_Weapons_LMG_PKM_Base/OpticsInfo.opticsZoomMax'.
15:27:49.354 Warning Message: Trying to access error value.
15:27:49.354 Warning Message: No entry 'bin\config.bin/CfgWeapons/My_DF_Weapons_LMG_PKM_Base/OpticsInfo.opticsZoomInit'.
15:27:49.354 Warning Message: Trying to access error value.
15:27:49.356 Warning Message: No entry 'bin\config.bin/CfgWeapons/My_DF_Weapons_LMG_QJB201_Base/OpticsInfo.opticsZoomMin'.
15:27:49.356 Warning Message: Trying to access error value.
15:27:49.357 Warning Message: No entry 'bin\config.bin/CfgWeapons/My_DF_Weapons_LMG_QJB201_Base/OpticsInfo.opticsZoomMax'.
15:27:49.357 Warning Message: Trying to access error value.
15:27:49.357 Warning Message: No entry 'bin\config.bin/CfgWeapons/My_DF_Weapons_LMG_QJB201_Base/OpticsInfo.opticsZoomInit'.
15:27:49.357 Warning Message: Trying to access error value.
15:27:49.358 Warning Message: Value not an array.
15:27:49.358 Warning Message: Value not an array.
15:27:49.358 Warning Message: Value not an array.
15:27:49.358 Warning Message: Value not an array.
15:27:49.358 Warning Message: Value not an array.
15:27:49.358 Warning Message: Value not an array.
15:27:49.358 Warning Message: Value not an array.
15:27:49.358 Warning Message: Value not an array.
15:27:49.358 Warning Message: Value not an array.
15:27:49.358 Warning Message: Value not an array.
15:27:49.358 Warning Message: Value not an array.
15:27:49.358 Warning Message: Value not an array.
15:27:49.358 Warning Message: Value not an array.
15:27:49.358 Warning Message: Value not an array.
15:27:49.358 Warning Message: Value not an array.
15:27:49.358 Warning Message: Value not an array.
15:27:49.358 Warning Message: Value not an array.
15:27:49.358 Warning Message: Value not an array.
15:27:49.358 Warning Message: Value not an array.
15:27:49.358 Warning Message: Value not an array.
15:27:49.358 Warning Message: Value not an array.
15:27:49.358 Warning Message: Value not an array.
15:27:49.358 Warning Message: Value not an array.
15:27:49.358 Warning Message: Value not an array.
15:27:49.358 Warning Message: Value not an array.
15:27:49.358 Warning Message: Value not an array.
15:27:49.358 Warning Message: Value not an array.
15:27:49.358 Warning Message: Value not an array.
15:27:49.358 Warning Message: Value not an array.
15:27:49.358 Warning Message: Value not an array.
15:27:49.435 Warning Message: Value not an array.
15:27:49.435 Warning Message: Value not an array.
15:27:49.435 Warning Message: Value not an array.
15:27:49.435 Warning Message: Value not an array.
15:27:49.435 Warning Message: Value not an array.
15:27:49.435 Warning Message: Value not an array.
15:27:49.435 Warning Message: Value not an array.
15:27:49.435 Warning Message: Value not an array.
15:27:49.435 Warning Message: Value not an array.
15:27:49.435 Warning Message: Value not an array.
15:27:49.435 Warning Message: Value not an array.
15:27:49.435 Warning Message: Value not an array.
15:27:49.435 Warning Message: Value not an array.
15:27:49.435 Warning Message: Value not an array.
15:27:49.435 Warning Message: Value not an array.
15:27:49.435 Warning Message: Value not an array.
15:27:49.435 Warning Message: Value not an array.
15:27:49.435 Warning Message: Value not an array.
15:27:49.435 Warning Message: Value not an array.
15:27:49.435 Warning Message: Value not an array.
15:27:49.435 Warning Message: Value not an array.
15:27:49.435 Warning Message: Value not an array.
15:27:49.435 Warning Message: Value not an array.
15:27:49.435 Warning Message: Value not an array.
15:27:49.436 Warning Message: Value not an array.
15:27:49.436 Warning Message: Value not an array.
15:27:49.436 Warning Message: Value not an array.
15:27:49.436 Warning Message: Value not an array.
15:27:49.436 Warning Message: Value not an array.
15:27:49.436 Warning Message: Value not an array.
15:27:49.436 Warning Message: Value not an array.
15:27:49.436 Warning Message: Value not an array.
15:27:49.436 Warning Message: Value not an array.
15:27:49.436 Warning Message: Value not an array.
15:27:49.436 Warning Message: Value not an array.
15:27:49.436 Warning Message: Value not an array.
15:27:49.436 Warning Message: Value not an array.
15:27:49.436 Warning Message: Value not an array.
15:27:49.436 Warning Message: Value not an array.
15:27:49.436 Warning Message: Value not an array.
15:27:49.436 Warning Message: Value not an array.
15:27:49.436 Warning Message: Value not an array.
15:27:49.438 Warning Message: Value not an array.
15:27:49.438 Warning Message: Value not an array.
15:27:49.438 Warning Message: Value not an array.
15:27:49.438 Warning Message: Value not an array.
15:27:49.438 Warning Message: Value not an array.
15:27:49.438 Warning Message: Value not an array.
15:27:49.461 Warning Message: No entry 'bin\config.bin/CfgWeapons/My_DF_Weapons_SMG_QCQ171_Base/OpticsInfo.opticsZoomMin'.
15:27:49.461 Warning Message: Trying to access error value.
15:27:49.461 Warning Message: No entry 'bin\config.bin/CfgWeapons/My_DF_Weapons_SMG_QCQ171_Base/OpticsInfo.opticsZoomMax'.
15:27:49.461 Warning Message: Trying to access error value.
15:27:49.461 Warning Message: No entry 'bin\config.bin/CfgWeapons/My_DF_Weapons_SMG_QCQ171_Base/OpticsInfo.opticsZoomInit'.
15:27:49.461 Warning Message: Trying to access error value.
15:27:49.472 Warning Message: No entry 'bin\config.bin/CfgWeapons/SNAFU_AK103A_Base/OpticsInfo.opticsZoomMin'.
15:27:49.472 Warning Message: Trying to access error value.
15:27:49.472 Warning Message: No entry 'bin\config.bin/CfgWeapons/SNAFU_AK103A_Base/OpticsInfo.opticsZoomMax'.
15:27:49.472 Warning Message: Trying to access error value.
15:27:49.472 Warning Message: No entry 'bin\config.bin/CfgWeapons/SNAFU_AK103A_Base/OpticsInfo.opticsZoomInit'.
15:27:49.472 Warning Message: Trying to access error value.
15:27:49.522 Warning Message: No entry 'bin\config.bin/CfgWeapons/SNAFU_AK12A_Base/OpticsInfo.opticsZoomMin'.
15:27:49.522 Warning Message: Trying to access error value.
15:27:49.522 Warning Message: No entry 'bin\config.bin/CfgWeapons/SNAFU_AK12A_Base/OpticsInfo.opticsZoomMax'.
15:27:49.522 Warning Message: Trying to access error value.
15:27:49.522 Warning Message: No entry 'bin\config.bin/CfgWeapons/SNAFU_AK12A_Base/OpticsInfo.opticsZoomInit'.
15:27:49.522 Warning Message: Trying to access error value.
15:27:49.522 Warning Message: No entry 'bin\config.bin/CfgWeapons/SNAFU_AK19_Base/OpticsInfo.opticsZoomMin'.
15:27:49.522 Warning Message: Trying to access error value.
15:27:49.522 Warning Message: No entry 'bin\config.bin/CfgWeapons/SNAFU_AK19_Base/OpticsInfo.opticsZoomMax'.
15:27:49.522 Warning Message: Trying to access error value.
15:27:49.522 Warning Message: No entry 'bin\config.bin/CfgWeapons/SNAFU_AK19_Base/OpticsInfo.opticsZoomInit'.
15:27:49.522 Warning Message: Trying to access error value.
15:27:49.523 Warning Message: No entry 'bin\config.bin/CfgWeapons/SNAFU_AK308_Base/OpticsInfo.opticsZoomMin'.
15:27:49.523 Warning Message: Trying to access error value.
15:27:49.523 Warning Message: No entry 'bin\config.bin/CfgWeapons/SNAFU_AK308_Base/OpticsInfo.opticsZoomMax'.
15:27:49.523 Warning Message: Trying to access error value.
15:27:49.523 Warning Message: No entry 'bin\config.bin/CfgWeapons/SNAFU_AK308_Base/OpticsInfo.opticsZoomInit'.
15:27:49.523 Warning Message: Trying to access error value.
15:27:49.528 Warning Message: No entry 'bin\config.bin/CfgWeapons/SNAFU_PDW_Base.FullAuto'.
15:27:49.528 Warning Message: No entry '.displayName'.
15:27:49.528 Warning Message: Trying to access error value.
15:27:49.528 Warning Message: No entry '.autoFire'.
15:27:49.528 Warning Message: Trying to access error value.
15:27:49.528 Warning Message: No entry '.burst'.
15:27:49.528 Warning Message: Trying to access error value.
15:27:49.528 Warning Message: No entry '.reloadTime'.
15:27:49.528 Warning Message: Trying to access error value.
15:27:49.528 Warning Message: No entry '.dispersion'.
15:27:49.528 Warning Message: Trying to access error value.
15:27:49.528 Warning Message: No entry '.soundContinuous'.
15:27:49.528 Warning Message: Trying to access error value.
15:27:49.528 Warning Message: No entry '.barrelArmor'.
15:27:49.528 Warning Message: Trying to access error value.
15:27:49.528 Warning Message: No entry '.soundBegin'.
15:27:49.528 Warning Message: Size: '/' not an array
15:27:49.528 Warning Message: Size: '/' not an array
15:27:49.528 Warning Message: No entry 'bin\config.bin/CfgWeapons/SNAFU_PDW_Base.SemiAuto'.
15:27:49.528 Warning Message: No entry '.displayName'.
15:27:49.528 Warning Message: Trying to access error value.
15:27:49.528 Warning Message: No entry '.autoFire'.
15:27:49.528 Warning Message: Trying to access error value.
15:27:49.528 Warning Message: No entry '.burst'.
15:27:49.528 Warning Message: Trying to access error value.
15:27:49.528 Warning Message: No entry '.reloadTime'.
15:27:49.528 Warning Message: Trying to access error value.
15:27:49.528 Warning Message: No entry '.dispersion'.
15:27:49.528 Warning Message: Trying to access error value.
15:27:49.528 Warning Message: No entry '.soundContinuous'.
15:27:49.528 Warning Message: Trying to access error value.
15:27:49.528 Warning Message: No entry '.barrelArmor'.
15:27:49.528 Warning Message: Trying to access error value.
15:27:49.528 Warning Message: No entry '.soundBegin'.
15:27:49.528 Warning Message: Size: '/' not an array
15:27:49.528 Warning Message: Size: '/' not an array
15:27:49.528 Warning Message: No entry 'bin\config.bin/CfgWeapons/SNAFU_PDW_Base/OpticsInfo.opticsZoomMin'.
15:27:49.528 Warning Message: Trying to access error value.
15:27:49.528 Warning Message: No entry 'bin\config.bin/CfgWeapons/SNAFU_PDW_Base/OpticsInfo.opticsZoomMax'.
15:27:49.528 Warning Message: Trying to access error value.
15:27:49.528 Warning Message: No entry 'bin\config.bin/CfgWeapons/SNAFU_PDW_Base/OpticsInfo.opticsZoomInit'.
15:27:49.528 Warning Message: Trying to access error value.
15:27:49.528 Warning Message: No entry 'bin\config.bin/CfgWeapons/SNAFU_RPK16_Base/OpticsInfo.opticsZoomMin'.
15:27:49.528 Warning Message: Trying to access error value.
15:27:49.528 Warning Message: No entry 'bin\config.bin/CfgWeapons/SNAFU_RPK16_Base/OpticsInfo.opticsZoomMax'.
15:27:49.528 Warning Message: Trying to access error value.
15:27:49.528 Warning Message: No entry 'bin\config.bin/CfgWeapons/SNAFU_RPK16_Base/OpticsInfo.opticsZoomInit'.
15:27:49.528 Warning Message: Trying to access error value.
15:27:49.532 Warning Message: No entry 'bin\config.bin/CfgWeapons/SNAFU_AEK545_Base/OpticsInfo.opticsZoomMin'.
15:27:49.532 Warning Message: Trying to access error value.
15:27:49.532 Warning Message: No entry 'bin\config.bin/CfgWeapons/SNAFU_AEK545_Base/OpticsInfo.opticsZoomMax'.
15:27:49.532 Warning Message: Trying to access error value.
15:27:49.532 Warning Message: No entry 'bin\config.bin/CfgWeapons/SNAFU_AEK545_Base/OpticsInfo.opticsZoomInit'.
15:27:49.532 Warning Message: Trying to access error value.
15:27:49.533 Warning Message: No entry 'bin\config.bin/CfgWeapons/SNAFU_CZ805_Base/OpticsInfo.opticsZoomMin'.
15:27:49.533 Warning Message: Trying to access error value.
15:27:49.533 Warning Message: No entry 'bin\config.bin/CfgWeapons/SNAFU_CZ805_Base/OpticsInfo.opticsZoomMax'.
15:27:49.533 Warning Message: Trying to access error value.
15:27:49.533 Warning Message: No entry 'bin\config.bin/CfgWeapons/SNAFU_CZ805_Base/OpticsInfo.opticsZoomInit'.
15:27:49.533 Warning Message: Trying to access error value.
15:27:49.555 Warning Message: No entry 'bin\config.bin/CfgWeapons/SNAFU_KAC_Base/OpticsInfo.opticsZoomMin'.
15:27:49.555 Warning Message: Trying to access error value.
15:27:49.555 Warning Message: No entry 'bin\config.bin/CfgWeapons/SNAFU_KAC_Base/OpticsInfo.opticsZoomMax'.
15:27:49.555 Warning Message: Trying to access error value.
15:27:49.555 Warning Message: No entry 'bin\config.bin/CfgWeapons/SNAFU_KAC_Base/OpticsInfo.opticsZoomInit'.
15:27:49.555 Warning Message: Trying to access error value.
15:27:49.556 Warning Message: No entry 'bin\config.bin/CfgWeapons/SNAFUMDAR_Base/OpticsInfo.opticsZoomMin'.
15:27:49.556 Warning Message: Trying to access error value.
15:27:49.556 Warning Message: No entry 'bin\config.bin/CfgWeapons/SNAFUMDAR_Base/OpticsInfo.opticsZoomMax'.
15:27:49.556 Warning Message: Trying to access error value.
15:27:49.556 Warning Message: No entry 'bin\config.bin/CfgWeapons/SNAFUMDAR_Base/OpticsInfo.opticsZoomInit'.
15:27:49.556 Warning Message: Trying to access error value.
15:27:49.558 Warning Message: No entry 'bin\config.bin/CfgWeapons/SNAFU_SR3Vikhr_Base/OpticsInfo.opticsZoomMin'.
15:27:49.558 Warning Message: Trying to access error value.
15:27:49.558 Warning Message: No entry 'bin\config.bin/CfgWeapons/SNAFU_SR3Vikhr_Base/OpticsInfo.opticsZoomMax'.
15:27:49.558 Warning Message: Trying to access error value.
15:27:49.558 Warning Message: No entry 'bin\config.bin/CfgWeapons/SNAFU_SR3Vikhr_Base/OpticsInfo.opticsZoomInit'.
15:27:49.558 Warning Message: Trying to access error value.
15:27:49.558 Warning Message: No entry 'bin\config.bin/CfgWeapons/SNAFU_AK5C_Base/OpticsInfo.opticsZoomMin'.
15:27:49.558 Warning Message: Trying to access error value.
15:27:49.558 Warning Message: No entry 'bin\config.bin/CfgWeapons/SNAFU_AK5C_Base/OpticsInfo.opticsZoomMax'.
15:27:49.558 Warning Message: Trying to access error value.
15:27:49.558 Warning Message: No entry 'bin\config.bin/CfgWeapons/SNAFU_AK5C_Base/OpticsInfo.opticsZoomInit'.
15:27:49.558 Warning Message: Trying to access error value.
15:27:49.559 Warning Message: No entry 'bin\config.bin/CfgWeapons/SNAFU_Bren_Base/OpticsInfo.opticsZoomMin'.
15:27:49.559 Warning Message: Trying to access error value.
15:27:49.559 Warning Message: No entry 'bin\config.bin/CfgWeapons/SNAFU_Bren_Base/OpticsInfo.opticsZoomMax'.
15:27:49.559 Warning Message: Trying to access error value.
15:27:49.560 Warning Message: No entry 'bin\config.bin/CfgWeapons/SNAFU_Bren_Base/OpticsInfo.opticsZoomInit'.
15:27:49.560 Warning Message: Trying to access error value.
15:27:49.561 Warning Message: No entry 'bin\config.bin/CfgWeapons/SNAFU_M60_Base/OpticsInfo.opticsZoomMin'.
15:27:49.561 Warning Message: Trying to access error value.
15:27:49.561 Warning Message: No entry 'bin\config.bin/CfgWeapons/SNAFU_M60_Base/OpticsInfo.opticsZoomMax'.
15:27:49.561 Warning Message: Trying to access error value.
15:27:49.561 Warning Message: No entry 'bin\config.bin/CfgWeapons/SNAFU_M60_Base/OpticsInfo.opticsZoomInit'.
15:27:49.561 Warning Message: Trying to access error value.
15:27:49.562 Warning Message: No entry 'bin\config.bin/CfgWeapons/SNAFUPPSh_Base/OpticsInfo.opticsZoomMin'.
15:27:49.562 Warning Message: Trying to access error value.
15:27:49.562 Warning Message: No entry 'bin\config.bin/CfgWeapons/SNAFUPPSh_Base/OpticsInfo.opticsZoomMax'.
15:27:49.562 Warning Message: Trying to access error value.
15:27:49.562 Warning Message: No entry 'bin\config.bin/CfgWeapons/SNAFUPPSh_Base/OpticsInfo.opticsZoomInit'.
15:27:49.562 Warning Message: Trying to access error value.
15:27:49.564 Warning Message: No entry 'bin\config.bin/CfgWeapons/SNAFURPD_Base/OpticsInfo.opticsZoomMin'.
15:27:49.564 Warning Message: Trying to access error value.
15:27:49.564 Warning Message: No entry 'bin\config.bin/CfgWeapons/SNAFURPD_Base/OpticsInfo.opticsZoomMax'.
15:27:49.564 Warning Message: Trying to access error value.
15:27:49.564 Warning Message: No entry 'bin\config.bin/CfgWeapons/SNAFURPD_Base/OpticsInfo.opticsZoomInit'.
15:27:49.564 Warning Message: Trying to access error value.
15:27:49.566 Warning Message: No entry 'bin\config.bin/CfgWeapons/SNAFUSten_Base/OpticsInfo.opticsZoomMin'.
15:27:49.566 Warning Message: Trying to access error value.
15:27:49.566 Warning Message: No entry 'bin\config.bin/CfgWeapons/SNAFUSten_Base/OpticsInfo.opticsZoomMax'.
15:27:49.566 Warning Message: Trying to access error value.
15:27:49.566 Warning Message: No entry 'bin\config.bin/CfgWeapons/SNAFUSten_Base/OpticsInfo.opticsZoomInit'.
15:27:49.566 Warning Message: Trying to access error value.
15:27:49.589 Warning Message: No entry 'bin\config.bin/CfgWeapons/SNAFUAlligator_Base/OpticsInfo.opticsZoomMin'.
15:27:49.589 Warning Message: Trying to access error value.
15:27:49.589 Warning Message: No entry 'bin\config.bin/CfgWeapons/SNAFUAlligator_Base/OpticsInfo.opticsZoomMax'.
15:27:49.589 Warning Message: Trying to access error value.
15:27:49.589 Warning Message: No entry 'bin\config.bin/CfgWeapons/SNAFUAlligator_Base/OpticsInfo.opticsZoomInit'.
15:27:49.589 Warning Message: Trying to access error value.
15:27:49.591 Warning Message: No entry 'bin\config.bin/CfgWeapons/SNAFUAUG_Base/OpticsInfo.opticsZoomMin'.
15:27:49.591 Warning Message: Trying to access error value.
15:27:49.591 Warning Message: No entry 'bin\config.bin/CfgWeapons/SNAFUAUG_Base/OpticsInfo.opticsZoomMax'.
15:27:49.591 Warning Message: Trying to access error value.
15:27:49.591 Warning Message: No entry 'bin\config.bin/CfgWeapons/SNAFUAUG_Base/OpticsInfo.opticsZoomInit'.
15:27:49.591 Warning Message: Trying to access error value.
15:27:49.592 Warning Message: No entry 'bin\config.bin/CfgWeapons/SNAFUDVL10M2_Base/OpticsInfo.opticsZoomMin'.
15:27:49.592 Warning Message: Trying to access error value.
15:27:49.592 Warning Message: No entry 'bin\config.bin/CfgWeapons/SNAFUDVL10M2_Base/OpticsInfo.opticsZoomMax'.
15:27:49.592 Warning Message: Trying to access error value.
15:27:49.592 Warning Message: No entry 'bin\config.bin/CfgWeapons/SNAFUDVL10M2_Base/OpticsInfo.opticsZoomInit'.
15:27:49.592 Warning Message: Trying to access error value.
15:27:49.592 Warning Message: No entry 'bin\config.bin/CfgWeapons/SNAFUFAMAS_Base/OpticsInfo.opticsZoomMin'.
15:27:49.592 Warning Message: Trying to access error value.
15:27:49.592 Warning Message: No entry 'bin\config.bin/CfgWeapons/SNAFUFAMAS_Base/OpticsInfo.opticsZoomMax'.
15:27:49.592 Warning Message: Trying to access error value.
15:27:49.592 Warning Message: No entry 'bin\config.bin/CfgWeapons/SNAFUFAMAS_Base/OpticsInfo.opticsZoomInit'.
15:27:49.592 Warning Message: Trying to access error value.
15:27:49.594 Warning Message: No entry 'bin\config.bin/CfgSoundShaders.M4_Closure_SoundShader'.
15:27:49.594 Warning Message: No entry '.samples'.
15:27:49.594 Warning Message: Size: '/' not an array
15:27:49.594 Warning Message: Size: '/' not an array
15:27:49.594 Warning Message: No entry 'bin\config.bin/CfgWeapons/SNAFUHoneyBadger_Base/OpticsInfo.opticsZoomMin'.
15:27:49.594 Warning Message: Trying to access error value.
15:27:49.594 Warning Message: No entry 'bin\config.bin/CfgWeapons/SNAFUHoneyBadger_Base/OpticsInfo.opticsZoomMax'.
15:27:49.594 Warning Message: Trying to access error value.
15:27:49.594 Warning Message: No entry 'bin\config.bin/CfgWeapons/SNAFUHoneyBadger_Base/OpticsInfo.opticsZoomInit'.
15:27:49.594 Warning Message: Trying to access error value.
15:27:49.595 Warning Message: No entry 'bin\config.bin/CfgSoundShaders.Glock19_Closure_SoundShader'.
15:27:49.595 Warning Message: No entry '.samples'.
15:27:49.595 Warning Message: Size: '/' not an array
15:27:49.595 Warning Message: Size: '/' not an array
15:27:49.595 Warning Message: No entry 'bin\config.bin/CfgWeapons/SNAFUKH9_Base/OpticsInfo.opticsZoomMin'.
15:27:49.595 Warning Message: Trying to access error value.
15:27:49.595 Warning Message: No entry 'bin\config.bin/CfgWeapons/SNAFUKH9_Base/OpticsInfo.opticsZoomMax'.
15:27:49.595 Warning Message: Trying to access error value.
15:27:49.595 Warning Message: No entry 'bin\config.bin/CfgWeapons/SNAFUKH9_Base/OpticsInfo.opticsZoomInit'.
15:27:49.595 Warning Message: Trying to access error value.
15:27:49.596 Warning Message: No entry 'bin\config.bin/CfgWeapons/SNAFUM1A_Base/OpticsInfo.opticsZoomMin'.
15:27:49.596 Warning Message: Trying to access error value.
15:27:49.596 Warning Message: No entry 'bin\config.bin/CfgWeapons/SNAFUM1A_Base/OpticsInfo.opticsZoomMax'.
15:27:49.596 Warning Message: Trying to access error value.
15:27:49.596 Warning Message: No entry 'bin\config.bin/CfgWeapons/SNAFUM1A_Base/OpticsInfo.opticsZoomInit'.
15:27:49.596 Warning Message: Trying to access error value.
15:27:49.596 Warning Message: No entry 'bin\config.bin/CfgWeapons/SNAFUMarlin1895_Base/OpticsInfo.opticsZoomMin'.
15:27:49.596 Warning Message: Trying to access error value.
15:27:49.596 Warning Message: No entry 'bin\config.bin/CfgWeapons/SNAFUMarlin1895_Base/OpticsInfo.opticsZoomMax'.
15:27:49.596 Warning Message: Trying to access error value.
15:27:49.597 Warning Message: No entry 'bin\config.bin/CfgWeapons/SNAFUMarlin1895_Base/OpticsInfo.opticsZoomInit'.
15:27:49.597 Warning Message: Trying to access error value.
15:27:49.622 Warning Message: No entry 'bin\config.bin/CfgWeapons/SNAFUMk12_Base/OpticsInfo.opticsZoomMin'.
15:27:49.622 Warning Message: Trying to access error value.
15:27:49.622 Warning Message: No entry 'bin\config.bin/CfgWeapons/SNAFUMk12_Base/OpticsInfo.opticsZoomMax'.
15:27:49.622 Warning Message: Trying to access error value.
15:27:49.622 Warning Message: No entry 'bin\config.bin/CfgWeapons/SNAFUMk12_Base/OpticsInfo.opticsZoomInit'.
15:27:49.622 Warning Message: Trying to access error value.
15:27:49.623 Warning Message: No entry 'bin\config.bin/CfgWeapons/SNAFUP90_Base/OpticsInfo.opticsZoomMin'.
15:27:49.623 Warning Message: Trying to access error value.
15:27:49.623 Warning Message: No entry 'bin\config.bin/CfgWeapons/SNAFUP90_Base/OpticsInfo.opticsZoomMax'.
15:27:49.623 Warning Message: Trying to access error value.
15:27:49.623 Warning Message: No entry 'bin\config.bin/CfgWeapons/SNAFUP90_Base/OpticsInfo.opticsZoomInit'.
15:27:49.623 Warning Message: Trying to access error value.
15:27:49.623 Warning Message: No entry 'bin\config.bin/CfgWeapons/SNAFUSA80_Base/OpticsInfo.opticsZoomMin'.
15:27:49.623 Warning Message: Trying to access error value.
15:27:49.623 Warning Message: No entry 'bin\config.bin/CfgWeapons/SNAFUSA80_Base/OpticsInfo.opticsZoomMax'.
15:27:49.623 Warning Message: Trying to access error value.
15:27:49.623 Warning Message: No entry 'bin\config.bin/CfgWeapons/SNAFUSA80_Base/OpticsInfo.opticsZoomInit'.
15:27:49.623 Warning Message: Trying to access error value.
15:27:49.624 Warning Message: No entry 'bin\config.bin/CfgWeapons/SNAFUSRSA2_Base/OpticsInfo.opticsZoomMin'.
15:27:49.624 Warning Message: Trying to access error value.
15:27:49.624 Warning Message: No entry 'bin\config.bin/CfgWeapons/SNAFUSRSA2_Base/OpticsInfo.opticsZoomMax'.
15:27:49.624 Warning Message: Trying to access error value.
15:27:49.624 Warning Message: No entry 'bin\config.bin/CfgWeapons/SNAFUSRSA2_Base/OpticsInfo.opticsZoomInit'.
15:27:49.624 Warning Message: Trying to access error value.
15:27:49.625 Warning Message: No entry 'bin\config.bin/CfgSoundShaders.Glock19_Closure_SoundShader'.
15:27:49.625 Warning Message: No entry '.samples'.
15:27:49.625 Warning Message: Size: '/' not an array
15:27:49.625 Warning Message: Size: '/' not an array
15:27:49.625 Warning Message: No entry 'bin\config.bin/CfgWeapons/SNAFUThompsonMk2_Base/OpticsInfo.opticsZoomMin'.
15:27:49.625 Warning Message: Trying to access error value.
15:27:49.625 Warning Message: No entry 'bin\config.bin/CfgWeapons/SNAFUThompsonMk2_Base/OpticsInfo.opticsZoomMax'.
15:27:49.625 Warning Message: Trying to access error value.
15:27:49.625 Warning Message: No entry 'bin\config.bin/CfgWeapons/SNAFUThompsonMk2_Base/OpticsInfo.opticsZoomInit'.
15:27:49.625 Warning Message: Trying to access error value.
15:27:49.626 Warning Message: No entry 'bin\config.bin/CfgWeapons/SNAFUUzi_Base/OpticsInfo.opticsZoomMin'.
15:27:49.626 Warning Message: Trying to access error value.
15:27:49.626 Warning Message: No entry 'bin\config.bin/CfgWeapons/SNAFUUzi_Base/OpticsInfo.opticsZoomMax'.
15:27:49.626 Warning Message: Trying to access error value.
15:27:49.626 Warning Message: No entry 'bin\config.bin/CfgWeapons/SNAFUUzi_Base/OpticsInfo.opticsZoomInit'.
15:27:49.626 Warning Message: Trying to access error value.
15:27:49.627 Warning Message: No entry 'bin\config.bin/CfgWeapons/SNAFU_M1918A2_Base/OpticsInfo.opticsZoomMin'.
15:27:49.627 Warning Message: Trying to access error value.
15:27:49.627 Warning Message: No entry 'bin\config.bin/CfgWeapons/SNAFU_M1918A2_Base/OpticsInfo.opticsZoomMax'.
15:27:49.627 Warning Message: Trying to access error value.
15:27:49.627 Warning Message: No entry 'bin\config.bin/CfgWeapons/SNAFU_M1918A2_Base/OpticsInfo.opticsZoomInit'.
15:27:49.627 Warning Message: Trying to access error value.
15:27:49.627 Warning Message: No entry 'bin\config.bin/CfgWeapons/SNAFU_M70_Base/OpticsInfo.opticsZoomMin'.
15:27:49.627 Warning Message: Trying to access error value.
15:27:49.627 Warning Message: No entry 'bin\config.bin/CfgWeapons/SNAFU_M70_Base/OpticsInfo.opticsZoomMax'.
15:27:49.627 Warning Message: Trying to access error value.
15:27:49.627 Warning Message: No entry 'bin\config.bin/CfgWeapons/SNAFU_M70_Base/OpticsInfo.opticsZoomInit'.
15:27:49.627 Warning Message: Trying to access error value.
15:27:49.628 Warning Message: No entry 'bin\config.bin/CfgWeapons/SNAFU_U100_Base/OpticsInfo.opticsZoomMin'.
15:27:49.628 Warning Message: Trying to access error value.
15:27:49.628 Warning Message: No entry 'bin\config.bin/CfgWeapons/SNAFU_U100_Base/OpticsInfo.opticsZoomMax'.
15:27:49.628 Warning Message: Trying to access error value.
15:27:49.628 Warning Message: No entry 'bin\config.bin/CfgWeapons/SNAFU_U100_Base/OpticsInfo.opticsZoomInit'.
15:27:49.628 Warning Message: Trying to access error value.
15:27:49.652 Warning Message: No entry 'bin\config.bin/CfgWeapons/SNAFU_M76_Base/OpticsInfo.opticsZoomMin'.
15:27:49.652 Warning Message: Trying to access error value.
15:27:49.652 Warning Message: No entry 'bin\config.bin/CfgWeapons/SNAFU_M76_Base/OpticsInfo.opticsZoomMax'.
15:27:49.652 Warning Message: Trying to access error value.
15:27:49.652 Warning Message: No entry 'bin\config.bin/CfgWeapons/SNAFU_M76_Base/OpticsInfo.opticsZoomInit'.
15:27:49.652 Warning Message: Trying to access error value.
15:27:49.653 Warning Message: No entry 'bin\config.bin/CfgWeapons/SNAFU_M48_Base/OpticsInfo.opticsZoomMin'.
15:27:49.653 Warning Message: Trying to access error value.
15:27:49.653 Warning Message: No entry 'bin\config.bin/CfgWeapons/SNAFU_M48_Base/OpticsInfo.opticsZoomMax'.
15:27:49.653 Warning Message: Trying to access error value.
15:27:49.653 Warning Message: No entry 'bin\config.bin/CfgWeapons/SNAFU_M48_Base/OpticsInfo.opticsZoomInit'.
15:27:49.653 Warning Message: Trying to access error value.
15:27:49.653 Warning Message: No entry 'bin\config.bin/CfgWeapons/SR_Weapons_AKAlfa_Base/OpticsInfo.opticsZoomMin'.
15:27:49.653 Warning Message: Trying to access error value.
15:27:49.653 Warning Message: No entry 'bin\config.bin/CfgWeapons/SR_Weapons_AKAlfa_Base/OpticsInfo.opticsZoomMax'.
15:27:49.653 Warning Message: Trying to access error value.
15:27:49.653 Warning Message: No entry 'bin\config.bin/CfgWeapons/SR_Weapons_AKAlfa_Base/OpticsInfo.opticsZoomInit'.
15:27:49.653 Warning Message: Trying to access error value.
15:27:49.653 Warning Message: No entry 'bin\config.bin/CfgWeapons/SR_Weapons_AKAlfa_Base/OpticsInfo.distanceZoomMin'.
15:27:49.653 Warning Message: Trying to access error value.
15:27:49.653 Warning Message: No entry 'bin\config.bin/CfgWeapons/SR_Weapons_AKAlfa_Base/OpticsInfo.distanceZoomMax'.
15:27:49.653 Warning Message: Trying to access error value.
15:27:49.655 unable to create magazine SR_Mag_545_AK_Drum_75Rnd
15:27:49.656 Warning Message: No entry 'bin\config.bin/CfgWeapons/SR_Weapons_AKS_74U_Base/OpticsInfo.opticsZoomMin'.
15:27:49.656 Warning Message: Trying to access error value.
15:27:49.656 Warning Message: No entry 'bin\config.bin/CfgWeapons/SR_Weapons_AKS_74U_Base/OpticsInfo.opticsZoomMax'.
15:27:49.656 Warning Message: Trying to access error value.
15:27:49.656 Warning Message: No entry 'bin\config.bin/CfgWeapons/SR_Weapons_AKS_74U_Base/OpticsInfo.opticsZoomInit'.
15:27:49.656 Warning Message: Trying to access error value.
15:27:49.656 Warning Message: No entry 'bin\config.bin/CfgWeapons/SR_Weapons_AKS_74U_Base/OpticsInfo.distanceZoomMin'.
15:27:49.656 Warning Message: Trying to access error value.
15:27:49.656 Warning Message: No entry 'bin\config.bin/CfgWeapons/SR_Weapons_AKS_74U_Base/OpticsInfo.distanceZoomMax'.
15:27:49.656 Warning Message: Trying to access error value.
15:27:49.657 unable to create magazine SR_Mag_545_AK_Drum_75Rnd
15:27:49.657 Warning Message: No entry 'bin\config.bin/CfgWeapons/SR_Weapons_AN94_Base/OpticsInfo.opticsZoomMin'.
15:27:49.657 Warning Message: Trying to access error value.
15:27:49.657 Warning Message: No entry 'bin\config.bin/CfgWeapons/SR_Weapons_AN94_Base/OpticsInfo.opticsZoomMax'.
15:27:49.657 Warning Message: Trying to access error value.
15:27:49.657 Warning Message: No entry 'bin\config.bin/CfgWeapons/SR_Weapons_AN94_Base/OpticsInfo.opticsZoomInit'.
15:27:49.657 Warning Message: Trying to access error value.
15:27:49.657 Warning Message: No entry 'bin\config.bin/CfgWeapons/SR_Weapons_HK433_Base/OpticsInfo.opticsZoomMin'.
15:27:49.657 Warning Message: Trying to access error value.
15:27:49.657 Warning Message: No entry 'bin\config.bin/CfgWeapons/SR_Weapons_HK433_Base/OpticsInfo.opticsZoomMax'.
15:27:49.657 Warning Message: Trying to access error value.
15:27:49.657 Warning Message: No entry 'bin\config.bin/CfgWeapons/SR_Weapons_HK433_Base/OpticsInfo.opticsZoomInit'.
15:27:49.657 Warning Message: Trying to access error value.
15:27:49.657 Warning Message: No entry 'bin\config.bin/CfgWeapons/SR_Weapons_HK433_Base/OpticsInfo.distanceZoomMin'.
15:27:49.657 Warning Message: Trying to access error value.
15:27:49.657 Warning Message: No entry 'bin\config.bin/CfgWeapons/SR_Weapons_HK433_Base/OpticsInfo.distanceZoomMax'.
15:27:49.657 Warning Message: Trying to access error value.
15:27:49.658 Warning Message: No entry 'bin\config.bin/CfgWeapons/SR_Weapons_HB_Base/OpticsInfo.opticsZoomMin'.
15:27:49.658 Warning Message: Trying to access error value.
15:27:49.658 Warning Message: No entry 'bin\config.bin/CfgWeapons/SR_Weapons_HB_Base/OpticsInfo.opticsZoomMax'.
15:27:49.658 Warning Message: Trying to access error value.
15:27:49.658 Warning Message: No entry 'bin\config.bin/CfgWeapons/SR_Weapons_HB_Base/OpticsInfo.opticsZoomInit'.
15:27:49.658 Warning Message: Trying to access error value.
15:27:49.659 Warning Message: No entry 'bin\config.bin/CfgWeapons/SR_Weapons_PKP_Base/OpticsInfo.opticsZoomMin'.
15:27:49.659 Warning Message: Trying to access error value.
15:27:49.659 Warning Message: No entry 'bin\config.bin/CfgWeapons/SR_Weapons_PKP_Base/OpticsInfo.opticsZoomMax'.
15:27:49.659 Warning Message: Trying to access error value.
15:27:49.659 Warning Message: No entry 'bin\config.bin/CfgWeapons/SR_Weapons_PKP_Base/OpticsInfo.opticsZoomInit'.
15:27:49.659 Warning Message: Trying to access error value.
15:27:49.660 Warning Message: No entry 'bin\config.bin/CfgWeapons/SR_Weapons_PPSH_Base/OpticsInfo.opticsZoomMin'.
15:27:49.660 Warning Message: Trying to access error value.
15:27:49.660 Warning Message: No entry 'bin\config.bin/CfgWeapons/SR_Weapons_PPSH_Base/OpticsInfo.opticsZoomMax'.
15:27:49.660 Warning Message: Trying to access error value.
15:27:49.660 Warning Message: No entry 'bin\config.bin/CfgWeapons/SR_Weapons_PPSH_Base/OpticsInfo.opticsZoomInit'.
15:27:49.660 Warning Message: Trying to access error value.
15:27:49.660 Warning Message: No entry 'bin\config.bin/CfgWeapons/SR_Weapons_PPSH_Base/OpticsInfo.distanceZoomMin'.
15:27:49.660 Warning Message: Trying to access error value.
15:27:49.660 Warning Message: No entry 'bin\config.bin/CfgWeapons/SR_Weapons_PPSH_Base/OpticsInfo.distanceZoomMax'.
15:27:49.660 Warning Message: Trying to access error value.
15:27:49.672 Warning Message: No entry 'bin\config.bin/CfgWeapons/SR_Weapons_RPD_Base/OpticsInfo.opticsZoomMin'.
15:27:49.672 Warning Message: Trying to access error value.
15:27:49.672 Warning Message: No entry 'bin\config.bin/CfgWeapons/SR_Weapons_RPD_Base/OpticsInfo.opticsZoomMax'.
15:27:49.672 Warning Message: Trying to access error value.
15:27:49.672 Warning Message: No entry 'bin\config.bin/CfgWeapons/SR_Weapons_RPD_Base/OpticsInfo.opticsZoomInit'.
15:27:49.672 Warning Message: Trying to access error value.
15:27:49.673 Warning Message: No entry 'bin\config.bin/CfgWeapons/SR_Weapons_VSS_Base/OpticsInfo.opticsZoomMin'.
15:27:49.673 Warning Message: Trying to access error value.
15:27:49.673 Warning Message: No entry 'bin\config.bin/CfgWeapons/SR_Weapons_VSS_Base/OpticsInfo.opticsZoomMax'.
15:27:49.673 Warning Message: Trying to access error value.
15:27:49.673 Warning Message: No entry 'bin\config.bin/CfgWeapons/SR_Weapons_VSS_Base/OpticsInfo.opticsZoomInit'.
15:27:49.673 Warning Message: Trying to access error value.
15:27:49.677 Warning Message: No entry 'bin\config.bin/CfgWeapons/SR_Weapons_SKSTac_Base/OpticsInfo.opticsZoomMin'.
15:27:49.677 Warning Message: Trying to access error value.
15:27:49.677 Warning Message: No entry 'bin\config.bin/CfgWeapons/SR_Weapons_SKSTac_Base/OpticsInfo.opticsZoomMax'.
15:27:49.677 Warning Message: Trying to access error value.
15:27:49.677 Warning Message: No entry 'bin\config.bin/CfgWeapons/SR_Weapons_SKSTac_Base/OpticsInfo.opticsZoomInit'.
15:27:49.677 Warning Message: Trying to access error value.
15:27:49.678 Warning Message: No entry 'bin\config.bin/CfgWeapons/SR_Weapons_AK101_Base/OpticsInfo.opticsZoomMin'.
15:27:49.678 Warning Message: Trying to access error value.
15:27:49.678 Warning Message: No entry 'bin\config.bin/CfgWeapons/SR_Weapons_AK101_Base/OpticsInfo.opticsZoomMax'.
15:27:49.678 Warning Message: Trying to access error value.
15:27:49.678 Warning Message: No entry 'bin\config.bin/CfgWeapons/SR_Weapons_AK101_Base/OpticsInfo.opticsZoomInit'.
15:27:49.678 Warning Message: Trying to access error value.
15:27:49.678 Warning Message: No entry 'bin\config.bin/CfgWeapons/SR_Weapons_AK101_Base/OpticsInfo.distanceZoomMin'.
15:27:49.678 Warning Message: Trying to access error value.
15:27:49.678 Warning Message: No entry 'bin\config.bin/CfgWeapons/SR_Weapons_AK101_Base/OpticsInfo.distanceZoomMax'.
15:27:49.678 Warning Message: Trying to access error value.
15:27:49.678 Warning Message: No entry 'bin\config.bin/CfgWeapons/SR_Weapons_AK102_Base/OpticsInfo.opticsZoomMin'.
15:27:49.678 Warning Message: Trying to access error value.
15:27:49.678 Warning Message: No entry 'bin\config.bin/CfgWeapons/SR_Weapons_AK102_Base/OpticsInfo.opticsZoomMax'.
15:27:49.678 Warning Message: Trying to access error value.
15:27:49.678 Warning Message: No entry 'bin\config.bin/CfgWeapons/SR_Weapons_AK102_Base/OpticsInfo.opticsZoomInit'.
15:27:49.678 Warning Message: Trying to access error value.
15:27:49.678 Warning Message: No entry 'bin\config.bin/CfgWeapons/SR_Weapons_AK102_Base/OpticsInfo.distanceZoomMin'.
15:27:49.678 Warning Message: Trying to access error value.
15:27:49.678 Warning Message: No entry 'bin\config.bin/CfgWeapons/SR_Weapons_AK102_Base/OpticsInfo.distanceZoomMax'.
15:27:49.678 Warning Message: Trying to access error value.
15:27:49.679 Warning Message: No entry 'bin\config.bin/CfgWeapons/SR_Weapons_AK103_Base/OpticsInfo.opticsZoomMin'.
15:27:49.679 Warning Message: Trying to access error value.
15:27:49.679 Warning Message: No entry 'bin\config.bin/CfgWeapons/SR_Weapons_AK103_Base/OpticsInfo.opticsZoomMax'.
15:27:49.679 Warning Message: Trying to access error value.
15:27:49.679 Warning Message: No entry 'bin\config.bin/CfgWeapons/SR_Weapons_AK103_Base/OpticsInfo.opticsZoomInit'.
15:27:49.679 Warning Message: Trying to access error value.
15:27:49.679 Warning Message: No entry 'bin\config.bin/CfgWeapons/SR_Weapons_AK103_Base/OpticsInfo.distanceZoomMin'.
15:27:49.679 Warning Message: Trying to access error value.
15:27:49.679 Warning Message: No entry 'bin\config.bin/CfgWeapons/SR_Weapons_AK103_Base/OpticsInfo.distanceZoomMax'.
15:27:49.679 Warning Message: Trying to access error value.
15:27:49.680 Warning Message: No entry 'bin\config.bin/CfgWeapons/SR_Weapons_AK104_Base/OpticsInfo.opticsZoomMin'.
15:27:49.680 Warning Message: Trying to access error value.
15:27:49.680 Warning Message: No entry 'bin\config.bin/CfgWeapons/SR_Weapons_AK104_Base/OpticsInfo.opticsZoomMax'.
15:27:49.680 Warning Message: Trying to access error value.
15:27:49.680 Warning Message: No entry 'bin\config.bin/CfgWeapons/SR_Weapons_AK104_Base/OpticsInfo.opticsZoomInit'.
15:27:49.680 Warning Message: Trying to access error value.
15:27:49.680 Warning Message: No entry 'bin\config.bin/CfgWeapons/SR_Weapons_AK104_Base/OpticsInfo.distanceZoomMin'.
15:27:49.680 Warning Message: Trying to access error value.
15:27:49.680 Warning Message: No entry 'bin\config.bin/CfgWeapons/SR_Weapons_AK104_Base/OpticsInfo.distanceZoomMax'.
15:27:49.680 Warning Message: Trying to access error value.
15:27:49.680 unable to create magazine SR_Mag_545_AK_Drum_75Rnd
15:27:49.680 Warning Message: No entry 'bin\config.bin/CfgWeapons/SR_Weapons_AK105_Base/OpticsInfo.opticsZoomMin'.
15:27:49.680 Warning Message: Trying to access error value.
15:27:49.680 Warning Message: No entry 'bin\config.bin/CfgWeapons/SR_Weapons_AK105_Base/OpticsInfo.opticsZoomMax'.
15:27:49.680 Warning Message: Trying to access error value.
15:27:49.680 Warning Message: No entry 'bin\config.bin/CfgWeapons/SR_Weapons_AK105_Base/OpticsInfo.opticsZoomInit'.
15:27:49.680 Warning Message: Trying to access error value.
15:27:49.680 Warning Message: No entry 'bin\config.bin/CfgWeapons/SR_Weapons_AK105_Base/OpticsInfo.distanceZoomMin'.
15:27:49.680 Warning Message: Trying to access error value.
15:27:49.680 Warning Message: No entry 'bin\config.bin/CfgWeapons/SR_Weapons_AK105_Base/OpticsInfo.distanceZoomMax'.
15:27:49.680 Warning Message: Trying to access error value.
15:27:49.680 unable to create magazine SR_Mag_545_AK_Drum_75Rnd
15:27:49.680 Warning Message: No entry 'bin\config.bin/CfgWeapons/SR_Weapons_AK12_Base/OpticsInfo.opticsZoomMin'.
15:27:49.680 Warning Message: Trying to access error value.
15:27:49.680 Warning Message: No entry 'bin\config.bin/CfgWeapons/SR_Weapons_AK12_Base/OpticsInfo.opticsZoomMax'.
15:27:49.680 Warning Message: Trying to access error value.
15:27:49.680 Warning Message: No entry 'bin\config.bin/CfgWeapons/SR_Weapons_AK12_Base/OpticsInfo.opticsZoomInit'.
15:27:49.680 Warning Message: Trying to access error value.
15:27:49.680 Warning Message: No entry 'bin\config.bin/CfgWeapons/SR_Weapons_AK12_Base/OpticsInfo.distanceZoomMin'.
15:27:49.680 Warning Message: Trying to access error value.
15:27:49.680 Warning Message: No entry 'bin\config.bin/CfgWeapons/SR_Weapons_AK12_Base/OpticsInfo.distanceZoomMax'.
15:27:49.680 Warning Message: Trying to access error value.
15:27:49.680 unable to create magazine SR_Mag_545_AK_Drum_75Rnd
15:27:49.680 Warning Message: No entry 'bin\config.bin/CfgWeapons/SR_Weapons_AK74_Base/OpticsInfo.opticsZoomMin'.
15:27:49.680 Warning Message: Trying to access error value.
15:27:49.680 Warning Message: No entry 'bin\config.bin/CfgWeapons/SR_Weapons_AK74_Base/OpticsInfo.opticsZoomMax'.
15:27:49.680 Warning Message: Trying to access error value.
15:27:49.680 Warning Message: No entry 'bin\config.bin/CfgWeapons/SR_Weapons_AK74_Base/OpticsInfo.opticsZoomInit'.
15:27:49.680 Warning Message: Trying to access error value.
15:27:49.680 Warning Message: No entry 'bin\config.bin/CfgWeapons/SR_Weapons_AK74_Base/OpticsInfo.distanceZoomMin'.
15:27:49.680 Warning Message: Trying to access error value.
15:27:49.680 Warning Message: No entry 'bin\config.bin/CfgWeapons/SR_Weapons_AK74_Base/OpticsInfo.distanceZoomMax'.
15:27:49.680 Warning Message: Trying to access error value.
15:27:49.681 Warning Message: No entry 'bin\config.bin/CfgWeapons/SR_Weapons_HK416_Base/OpticsInfo.opticsZoomMin'.
15:27:49.681 Warning Message: Trying to access error value.
15:27:49.681 Warning Message: No entry 'bin\config.bin/CfgWeapons/SR_Weapons_HK416_Base/OpticsInfo.opticsZoomMax'.
15:27:49.681 Warning Message: Trying to access error value.
15:27:49.681 Warning Message: No entry 'bin\config.bin/CfgWeapons/SR_Weapons_HK416_Base/OpticsInfo.opticsZoomInit'.
15:27:49.681 Warning Message: Trying to access error value.
15:27:49.682 Warning Message: No entry 'bin\config.bin/CfgWeapons/SR_Weapons_M4A4_Base/OpticsInfo.opticsZoomMin'.
15:27:49.682 Warning Message: Trying to access error value.
15:27:49.682 Warning Message: No entry 'bin\config.bin/CfgWeapons/SR_Weapons_M4A4_Base/OpticsInfo.opticsZoomMax'.
15:27:49.682 Warning Message: Trying to access error value.
15:27:49.682 Warning Message: No entry 'bin\config.bin/CfgWeapons/SR_Weapons_M4A4_Base/OpticsInfo.opticsZoomInit'.
15:27:49.682 Warning Message: Trying to access error value.
15:27:49.682 Warning Message: No entry 'bin\config.bin/CfgWeapons/SR_Weapons_Mk47_Mutant_Base/OpticsInfo.opticsZoomMin'.
15:27:49.682 Warning Message: Trying to access error value.
15:27:49.682 Warning Message: No entry 'bin\config.bin/CfgWeapons/SR_Weapons_Mk47_Mutant_Base/OpticsInfo.opticsZoomMax'.
15:27:49.682 Warning Message: Trying to access error value.
15:27:49.682 Warning Message: No entry 'bin\config.bin/CfgWeapons/SR_Weapons_Mk47_Mutant_Base/OpticsInfo.opticsZoomInit'.
15:27:49.682 Warning Message: Trying to access error value.
15:27:49.683 Warning Message: No entry 'bin\config.bin/CfgWeapons/SR_Weapons_RD704_Base/OpticsInfo.opticsZoomMin'.
15:27:49.683 Warning Message: Trying to access error value.
15:27:49.683 Warning Message: No entry 'bin\config.bin/CfgWeapons/SR_Weapons_RD704_Base/OpticsInfo.opticsZoomMax'.
15:27:49.683 Warning Message: Trying to access error value.
15:27:49.683 Warning Message: No entry 'bin\config.bin/CfgWeapons/SR_Weapons_RD704_Base/OpticsInfo.opticsZoomInit'.
15:27:49.683 Warning Message: Trying to access error value.
15:27:49.683 unable to create magazine SR_Mag_545_AK_Drum_75Rnd
15:27:49.683 Warning Message: No entry 'bin\config.bin/CfgWeapons/SR_Weapons_RPK16_Base/OpticsInfo.opticsZoomMin'.
15:27:49.683 Warning Message: Trying to access error value.
15:27:49.683 Warning Message: No entry 'bin\config.bin/CfgWeapons/SR_Weapons_RPK16_Base/OpticsInfo.opticsZoomMax'.
15:27:49.683 Warning Message: Trying to access error value.
15:27:49.683 Warning Message: No entry 'bin\config.bin/CfgWeapons/SR_Weapons_RPK16_Base/OpticsInfo.opticsZoomInit'.
15:27:49.683 Warning Message: Trying to access error value.
15:27:49.683 Warning Message: No entry 'bin\config.bin/CfgWeapons/SR_Weapons_RPK16_Base/OpticsInfo.distanceZoomMin'.
15:27:49.683 Warning Message: Trying to access error value.
15:27:49.683 Warning Message: No entry 'bin\config.bin/CfgWeapons/SR_Weapons_RPK16_Base/OpticsInfo.distanceZoomMax'.
15:27:49.683 Warning Message: Trying to access error value.
15:27:49.685 Warning Message: No entry 'bin\config.bin/CfgWeapons/SR_Weapons_VPO215_Base/OpticsInfo.opticsZoomMin'.
15:27:49.685 Warning Message: Trying to access error value.
15:27:49.685 Warning Message: No entry 'bin\config.bin/CfgWeapons/SR_Weapons_VPO215_Base/OpticsInfo.opticsZoomMax'.
15:27:49.685 Warning Message: Trying to access error value.
15:27:49.685 Warning Message: No entry 'bin\config.bin/CfgWeapons/SR_Weapons_VPO215_Base/OpticsInfo.opticsZoomInit'.
15:27:49.685 Warning Message: Trying to access error value.
15:27:49.686 Warning Message: No entry 'bin\config.bin/CfgWeapons/vg7_scorpion_smg_Base/OpticsInfo.opticsZoomMin'.
15:27:49.686 Warning Message: Trying to access error value.
15:27:49.686 Warning Message: No entry 'bin\config.bin/CfgWeapons/vg7_scorpion_smg_Base/OpticsInfo.opticsZoomMax'.
15:27:49.686 Warning Message: Trying to access error value.
15:27:49.686 Warning Message: No entry 'bin\config.bin/CfgWeapons/vg7_scorpion_smg_Base/OpticsInfo.opticsZoomInit'.
15:27:49.686 Warning Message: Trying to access error value.
15:27:49.686 Warning Message: No entry 'bin\config.bin/CfgWeapons/TF_M4A1_Base/OpticsInfo.opticsZoomMin'.
15:27:49.686 Warning Message: Trying to access error value.
15:27:49.686 Warning Message: No entry 'bin\config.bin/CfgWeapons/TF_M4A1_Base/OpticsInfo.opticsZoomMax'.
15:27:49.686 Warning Message: Trying to access error value.
15:27:49.686 Warning Message: No entry 'bin\config.bin/CfgWeapons/TF_M4A1_Base/OpticsInfo.opticsZoomInit'.
15:27:49.686 Warning Message: Trying to access error value.
15:27:49.686 Warning Message: No entry 'bin\config.bin/CfgWeapons/TF_ADAR2_15_Base/OpticsInfo.opticsZoomMin'.
15:27:49.686 Warning Message: Trying to access error value.
15:27:49.686 Warning Message: No entry 'bin\config.bin/CfgWeapons/TF_ADAR2_15_Base/OpticsInfo.opticsZoomMax'.
15:27:49.686 Warning Message: Trying to access error value.
15:27:49.686 Warning Message: No entry 'bin\config.bin/CfgWeapons/TF_ADAR2_15_Base/OpticsInfo.opticsZoomInit'.
15:27:49.686 Warning Message: Trying to access error value.
15:27:49.688 Warning Message: No entry 'bin\config.bin/CfgWeapons/TF_AK101_Base/OpticsInfo.opticsZoomMin'.
15:27:49.688 Warning Message: Trying to access error value.
15:27:49.688 Warning Message: No entry 'bin\config.bin/CfgWeapons/TF_AK101_Base/OpticsInfo.opticsZoomMax'.
15:27:49.688 Warning Message: Trying to access error value.
15:27:49.688 Warning Message: No entry 'bin\config.bin/CfgWeapons/TF_AK101_Base/OpticsInfo.opticsZoomInit'.
15:27:49.688 Warning Message: Trying to access error value.
15:27:49.688 Warning Message: No entry 'bin\config.bin/CfgWeapons/TF_AK102_Base/OpticsInfo.opticsZoomMin'.
15:27:49.688 Warning Message: Trying to access error value.
15:27:49.688 Warning Message: No entry 'bin\config.bin/CfgWeapons/TF_AK102_Base/OpticsInfo.opticsZoomMax'.
15:27:49.688 Warning Message: Trying to access error value.
15:27:49.688 Warning Message: No entry 'bin\config.bin/CfgWeapons/TF_AK102_Base/OpticsInfo.opticsZoomInit'.
15:27:49.688 Warning Message: Trying to access error value.
15:27:49.690 Warning Message: No entry 'bin\config.bin/CfgWeapons/TF_AK103_Base/OpticsInfo.opticsZoomMin'.
15:27:49.690 Warning Message: Trying to access error value.
15:27:49.690 Warning Message: No entry 'bin\config.bin/CfgWeapons/TF_AK103_Base/OpticsInfo.opticsZoomMax'.
15:27:49.690 Warning Message: Trying to access error value.
15:27:49.690 Warning Message: No entry 'bin\config.bin/CfgWeapons/TF_AK103_Base/OpticsInfo.opticsZoomInit'.
15:27:49.690 Warning Message: Trying to access error value.
15:27:49.705 Warning Message: No entry 'bin\config.bin/CfgWeapons/TF_AK104_Base/OpticsInfo.opticsZoomMin'.
15:27:49.705 Warning Message: Trying to access error value.
15:27:49.705 Warning Message: No entry 'bin\config.bin/CfgWeapons/TF_AK104_Base/OpticsInfo.opticsZoomMax'.
15:27:49.705 Warning Message: Trying to access error value.
15:27:49.705 Warning Message: No entry 'bin\config.bin/CfgWeapons/TF_AK104_Base/OpticsInfo.opticsZoomInit'.
15:27:49.705 Warning Message: Trying to access error value.
15:27:49.707 Warning Message: No entry 'bin\config.bin/CfgWeapons/TF_AK105_Base/OpticsInfo.opticsZoomMin'.
15:27:49.707 Warning Message: Trying to access error value.
15:27:49.707 Warning Message: No entry 'bin\config.bin/CfgWeapons/TF_AK105_Base/OpticsInfo.opticsZoomMax'.
15:27:49.707 Warning Message: Trying to access error value.
15:27:49.707 Warning Message: No entry 'bin\config.bin/CfgWeapons/TF_AK105_Base/OpticsInfo.opticsZoomInit'.
15:27:49.707 Warning Message: Trying to access error value.
15:27:49.707 Warning Message: No entry 'bin\config.bin/CfgWeapons/TF_AK74M_Base/OpticsInfo.opticsZoomMin'.
15:27:49.707 Warning Message: Trying to access error value.
15:27:49.707 Warning Message: No entry 'bin\config.bin/CfgWeapons/TF_AK74M_Base/OpticsInfo.opticsZoomMax'.
15:27:49.707 Warning Message: Trying to access error value.
15:27:49.707 Warning Message: No entry 'bin\config.bin/CfgWeapons/TF_AK74M_Base/OpticsInfo.opticsZoomInit'.
15:27:49.707 Warning Message: Trying to access error value.
15:27:49.708 Warning Message: No entry 'bin\config.bin/CfgWeapons/TF_AKM_Base/OpticsInfo.opticsZoomMin'.
15:27:49.708 Warning Message: Trying to access error value.
15:27:49.708 Warning Message: No entry 'bin\config.bin/CfgWeapons/TF_AKM_Base/OpticsInfo.opticsZoomMax'.
15:27:49.708 Warning Message: Trying to access error value.
15:27:49.708 Warning Message: No entry 'bin\config.bin/CfgWeapons/TF_AKM_Base/OpticsInfo.opticsZoomInit'.
15:27:49.708 Warning Message: Trying to access error value.
15:27:49.708 Warning Message: No entry 'bin\config.bin/CfgWeapons/TF_AKMN_Base/OpticsInfo.opticsZoomMin'.
15:27:49.708 Warning Message: Trying to access error value.
15:27:49.708 Warning Message: No entry 'bin\config.bin/CfgWeapons/TF_AKMN_Base/OpticsInfo.opticsZoomMax'.
15:27:49.708 Warning Message: Trying to access error value.
15:27:49.708 Warning Message: No entry 'bin\config.bin/CfgWeapons/TF_AKMN_Base/OpticsInfo.opticsZoomInit'.
15:27:49.708 Warning Message: Trying to access error value.
15:27:49.709 Warning Message: No entry 'bin\config.bin/CfgWeapons/TF_AKS74U_Base/OpticsInfo.opticsZoomMin'.
15:27:49.709 Warning Message: Trying to access error value.
15:27:49.709 Warning Message: No entry 'bin\config.bin/CfgWeapons/TF_AKS74U_Base/OpticsInfo.opticsZoomMax'.
15:27:49.709 Warning Message: Trying to access error value.
15:27:49.709 Warning Message: No entry 'bin\config.bin/CfgWeapons/TF_AKS74U_Base/OpticsInfo.opticsZoomInit'.
15:27:49.709 Warning Message: Trying to access error value.
15:27:49.709 Warning Message: No entry 'bin\config.bin/CfgWeapons/TF_AN94_Base/OpticsInfo.opticsZoomMin'.
15:27:49.709 Warning Message: Trying to access error value.
15:27:49.709 Warning Message: No entry 'bin\config.bin/CfgWeapons/TF_AN94_Base/OpticsInfo.opticsZoomMax'.
15:27:49.709 Warning Message: Trying to access error value.
15:27:49.709 Warning Message: No entry 'bin\config.bin/CfgWeapons/TF_AN94_Base/OpticsInfo.opticsZoomInit'.
15:27:49.709 Warning Message: Trying to access error value.
15:27:49.710 Warning Message: No entry 'bin\config.bin/CfgWeapons/TF_Anzio20_Base/OpticsInfo.opticsZoomMin'.
15:27:49.710 Warning Message: Trying to access error value.
15:27:49.710 Warning Message: No entry 'bin\config.bin/CfgWeapons/TF_Anzio20_Base/OpticsInfo.opticsZoomMax'.
15:27:49.710 Warning Message: Trying to access error value.
15:27:49.710 Warning Message: No entry 'bin\config.bin/CfgWeapons/TF_Anzio20_Base/OpticsInfo.opticsZoomInit'.
15:27:49.710 Warning Message: Trying to access error value.
15:27:49.711 Warning Message: No entry 'bin\config.bin/CfgWeapons/TF_M14_DMR_Base/OpticsInfo.opticsZoomMin'.
15:27:49.711 Warning Message: Trying to access error value.
15:27:49.711 Warning Message: No entry 'bin\config.bin/CfgWeapons/TF_M14_DMR_Base/OpticsInfo.opticsZoomMax'.
15:27:49.711 Warning Message: Trying to access error value.
15:27:49.711 Warning Message: No entry 'bin\config.bin/CfgWeapons/TF_M14_DMR_Base/OpticsInfo.opticsZoomInit'.
15:27:49.711 Warning Message: Trying to access error value.
15:27:49.711 Warning Message: No entry 'bin\config.bin/CfgWeapons/TF_M14_EBR_Base/OpticsInfo.opticsZoomMin'.
15:27:49.711 Warning Message: Trying to access error value.
15:27:49.711 Warning Message: No entry 'bin\config.bin/CfgWeapons/TF_M14_EBR_Base/OpticsInfo.opticsZoomMax'.
15:27:49.711 Warning Message: Trying to access error value.
15:27:49.711 Warning Message: No entry 'bin\config.bin/CfgWeapons/TF_M14_EBR_Base/OpticsInfo.opticsZoomInit'.
15:27:49.711 Warning Message: Trying to access error value.
15:27:49.711 Warning Message: No entry 'bin\config.bin/CfgWeapons/TF_M14_Base/OpticsInfo.opticsZoomMin'.
15:27:49.711 Warning Message: Trying to access error value.
15:27:49.711 Warning Message: No entry 'bin\config.bin/CfgWeapons/TF_M14_Base/OpticsInfo.opticsZoomMax'.
15:27:49.711 Warning Message: Trying to access error value.
15:27:49.711 Warning Message: No entry 'bin\config.bin/CfgWeapons/TF_M14_Base/OpticsInfo.opticsZoomInit'.
15:27:49.711 Warning Message: Trying to access error value.
15:27:49.713 Warning Message: No entry 'bin\config.bin/CfgWeapons/TF_M1A_Base/OpticsInfo.opticsZoomMin'.
15:27:49.713 Warning Message: Trying to access error value.
15:27:49.713 Warning Message: No entry 'bin\config.bin/CfgWeapons/TF_M1A_Base/OpticsInfo.opticsZoomMax'.
15:27:49.713 Warning Message: Trying to access error value.
15:27:49.713 Warning Message: No entry 'bin\config.bin/CfgWeapons/TF_M1A_Base/OpticsInfo.opticsZoomInit'.
15:27:49.713 Warning Message: Trying to access error value.
15:27:49.714 Warning Message: No entry 'bin\config.bin/CfgWeapons/TF_MAR_10_Base/OpticsInfo.opticsZoomMin'.
15:27:49.714 Warning Message: Trying to access error value.
15:27:49.714 Warning Message: No entry 'bin\config.bin/CfgWeapons/TF_MAR_10_Base/OpticsInfo.opticsZoomMax'.
15:27:49.714 Warning Message: Trying to access error value.
15:27:49.714 Warning Message: No entry 'bin\config.bin/CfgWeapons/TF_MAR_10_Base/OpticsInfo.opticsZoomInit'.
15:27:49.714 Warning Message: Trying to access error value.
15:27:49.714 Warning Message: No entry 'bin\config.bin/CfgWeapons/TF_SCAR_L_Base/OpticsInfo.opticsZoomMin'.
15:27:49.714 Warning Message: Trying to access error value.
15:27:49.714 Warning Message: No entry 'bin\config.bin/CfgWeapons/TF_SCAR_L_Base/OpticsInfo.opticsZoomMax'.
15:27:49.714 Warning Message: Trying to access error value.
15:27:49.714 Warning Message: No entry 'bin\config.bin/CfgWeapons/TF_SCAR_L_Base/OpticsInfo.opticsZoomInit'.
15:27:49.714 Warning Message: Trying to access error value.
15:27:49.715 Warning Message: No entry 'bin\config.bin/CfgWeapons/TF_SCAR_L_CQC_Base/OpticsInfo.opticsZoomMin'.
15:27:49.715 Warning Message: Trying to access error value.
15:27:49.715 Warning Message: No entry 'bin\config.bin/CfgWeapons/TF_SCAR_L_CQC_Base/OpticsInfo.opticsZoomMax'.
15:27:49.715 Warning Message: Trying to access error value.
15:27:49.715 Warning Message: No entry 'bin\config.bin/CfgWeapons/TF_SCAR_L_CQC_Base/OpticsInfo.opticsZoomInit'.
15:27:49.715 Warning Message: Trying to access error value.
15:27:49.718 Warning Message: No entry 'bin\config.bin/CfgWeapons/TF_SCAR_H_Base/OpticsInfo.opticsZoomMin'.
15:27:49.718 Warning Message: Trying to access error value.
15:27:49.718 Warning Message: No entry 'bin\config.bin/CfgWeapons/TF_SCAR_H_Base/OpticsInfo.opticsZoomMax'.
15:27:49.718 Warning Message: Trying to access error value.
15:27:49.718 Warning Message: No entry 'bin\config.bin/CfgWeapons/TF_SCAR_H_Base/OpticsInfo.opticsZoomInit'.
15:27:49.718 Warning Message: Trying to access error value.
15:27:49.718 Warning Message: No entry 'bin\config.bin/CfgWeapons/TF_SCAR_H_CQC_Base/OpticsInfo.opticsZoomMin'.
15:27:49.718 Warning Message: Trying to access error value.
15:27:49.718 Warning Message: No entry 'bin\config.bin/CfgWeapons/TF_SCAR_H_CQC_Base/OpticsInfo.opticsZoomMax'.
15:27:49.718 Warning Message: Trying to access error value.
15:27:49.718 Warning Message: No entry 'bin\config.bin/CfgWeapons/TF_SCAR_H_CQC_Base/OpticsInfo.opticsZoomInit'.
15:27:49.718 Warning Message: Trying to access error value.
15:27:49.718 Warning Message: No entry 'bin\config.bin/CfgWeapons/TF_SCAR_20_Base/OpticsInfo.opticsZoomMin'.
15:27:49.718 Warning Message: Trying to access error value.
15:27:49.718 Warning Message: No entry 'bin\config.bin/CfgWeapons/TF_SCAR_20_Base/OpticsInfo.opticsZoomMax'.
15:27:49.718 Warning Message: Trying to access error value.
15:27:49.718 Warning Message: No entry 'bin\config.bin/CfgWeapons/TF_SCAR_20_Base/OpticsInfo.opticsZoomInit'.
15:27:49.718 Warning Message: Trying to access error value.
15:27:49.719 Warning Message: No entry 'bin\config.bin/CfgWeapons/TF_MK47_CQBR_Base/OpticsInfo.opticsZoomMin'.
15:27:49.719 Warning Message: Trying to access error value.
15:27:49.719 Warning Message: No entry 'bin\config.bin/CfgWeapons/TF_MK47_CQBR_Base/OpticsInfo.opticsZoomMax'.
15:27:49.719 Warning Message: Trying to access error value.
15:27:49.719 Warning Message: No entry 'bin\config.bin/CfgWeapons/TF_MK47_CQBR_Base/OpticsInfo.opticsZoomInit'.
15:27:49.719 Warning Message: Trying to access error value.
15:27:49.720 Warning Message: No entry 'bin\config.bin/CfgWeapons/TF_MK47_Base/OpticsInfo.opticsZoomMin'.
15:27:49.720 Warning Message: Trying to access error value.
15:27:49.720 Warning Message: No entry 'bin\config.bin/CfgWeapons/TF_MK47_Base/OpticsInfo.opticsZoomMax'.
15:27:49.720 Warning Message: Trying to access error value.
15:27:49.720 Warning Message: No entry 'bin\config.bin/CfgWeapons/TF_MK47_Base/OpticsInfo.opticsZoomInit'.
15:27:49.720 Warning Message: Trying to access error value.
15:27:49.721 Warning Message: No entry 'bin\config.bin/CfgWeapons/TF_OTs_12_Tiss_Base/OpticsInfo.opticsZoomMin'.
15:27:49.721 Warning Message: Trying to access error value.
15:27:49.721 Warning Message: No entry 'bin\config.bin/CfgWeapons/TF_OTs_12_Tiss_Base/OpticsInfo.opticsZoomMax'.
15:27:49.721 Warning Message: Trying to access error value.
15:27:49.721 Warning Message: No entry 'bin\config.bin/CfgWeapons/TF_OTs_12_Tiss_Base/OpticsInfo.opticsZoomInit'.
15:27:49.721 Warning Message: Trying to access error value.
15:27:49.722 Warning Message: No entry 'bin\config.bin/CfgWeapons/TF_OTs_14_Groza_Base/OpticsInfo.opticsZoomMin'.
15:27:49.722 Warning Message: Trying to access error value.
15:27:49.722 Warning Message: No entry 'bin\config.bin/CfgWeapons/TF_OTs_14_Groza_Base/OpticsInfo.opticsZoomMax'.
15:27:49.722 Warning Message: Trying to access error value.
15:27:49.722 Warning Message: No entry 'bin\config.bin/CfgWeapons/TF_OTs_14_Groza_Base/OpticsInfo.opticsZoomInit'.
15:27:49.722 Warning Message: Trying to access error value.
15:27:49.746 Warning Message: No entry 'bin\config.bin/CfgWeapons/TF_VPO136_Base/OpticsInfo.opticsZoomMin'.
15:27:49.746 Warning Message: Trying to access error value.
15:27:49.746 Warning Message: No entry 'bin\config.bin/CfgWeapons/TF_VPO136_Base/OpticsInfo.opticsZoomMax'.
15:27:49.746 Warning Message: Trying to access error value.
15:27:49.746 Warning Message: No entry 'bin\config.bin/CfgWeapons/TF_VPO136_Base/OpticsInfo.opticsZoomInit'.
15:27:49.746 Warning Message: Trying to access error value.
15:27:49.747 Warning Message: No entry 'bin\config.bin/CfgWeapons/TF_VPO190_Base/OpticsInfo.opticsZoomMin'.
15:27:49.747 Warning Message: Trying to access error value.
15:27:49.747 Warning Message: No entry 'bin\config.bin/CfgWeapons/TF_VPO190_Base/OpticsInfo.opticsZoomMax'.
15:27:49.747 Warning Message: Trying to access error value.
15:27:49.747 Warning Message: No entry 'bin\config.bin/CfgWeapons/TF_VPO190_Base/OpticsInfo.opticsZoomInit'.
15:27:49.747 Warning Message: Trying to access error value.
15:27:49.748 Warning Message: No entry 'bin\config.bin/CfgWeapons/TF_AEK999_Base/OpticsInfo.opticsZoomMin'.
15:27:49.748 Warning Message: Trying to access error value.
15:27:49.748 Warning Message: No entry 'bin\config.bin/CfgWeapons/TF_AEK999_Base/OpticsInfo.opticsZoomMax'.
15:27:49.748 Warning Message: Trying to access error value.
15:27:49.748 Warning Message: No entry 'bin\config.bin/CfgWeapons/TF_AEK999_Base/OpticsInfo.opticsZoomInit'.
15:27:49.748 Warning Message: Trying to access error value.
15:27:49.748 Warning Message: No entry 'bin\config.bin/CfgWeapons/TF_M16A4_Base/OpticsInfo.opticsZoomMin'.
15:27:49.748 Warning Message: Trying to access error value.
15:27:49.748 Warning Message: No entry 'bin\config.bin/CfgWeapons/TF_M16A4_Base/OpticsInfo.opticsZoomMax'.
15:27:49.748 Warning Message: Trying to access error value.
15:27:49.748 Warning Message: No entry 'bin\config.bin/CfgWeapons/TF_M16A4_Base/OpticsInfo.opticsZoomInit'.
15:27:49.748 Warning Message: Trying to access error value.
15:27:49.750 Warning Message: No entry 'bin\config.bin/CfgWeapons/TF_M240_Base/OpticsInfo.opticsZoomMin'.
15:27:49.750 Warning Message: Trying to access error value.
15:27:49.750 Warning Message: No entry 'bin\config.bin/CfgWeapons/TF_M240_Base/OpticsInfo.opticsZoomMax'.
15:27:49.750 Warning Message: Trying to access error value.
15:27:49.750 Warning Message: No entry 'bin\config.bin/CfgWeapons/TF_M240_Base/OpticsInfo.opticsZoomInit'.
15:27:49.750 Warning Message: Trying to access error value.
15:27:49.751 Warning Message: No entry 'bin\config.bin/CfgWeapons/TF_M249_Base/OpticsInfo.opticsZoomMin'.
15:27:49.751 Warning Message: Trying to access error value.
15:27:49.751 Warning Message: No entry 'bin\config.bin/CfgWeapons/TF_M249_Base/OpticsInfo.opticsZoomMax'.
15:27:49.751 Warning Message: Trying to access error value.
15:27:49.751 Warning Message: No entry 'bin\config.bin/CfgWeapons/TF_M249_Base/OpticsInfo.opticsZoomInit'.
15:27:49.751 Warning Message: Trying to access error value.
15:27:49.751 Warning Message: No entry 'bin\config.bin/CfgWeapons/TF_PKM_Base/OpticsInfo.opticsZoomMin'.
15:27:49.751 Warning Message: Trying to access error value.
15:27:49.751 Warning Message: No entry 'bin\config.bin/CfgWeapons/TF_PKM_Base/OpticsInfo.opticsZoomMax'.
15:27:49.751 Warning Message: Trying to access error value.
15:27:49.751 Warning Message: No entry 'bin\config.bin/CfgWeapons/TF_PKM_Base/OpticsInfo.opticsZoomInit'.
15:27:49.751 Warning Message: Trying to access error value.
15:27:49.751 Warning Message: No entry 'bin\config.bin/CfgWeapons/TF_PKP_Base/OpticsInfo.opticsZoomMin'.
15:27:49.751 Warning Message: Trying to access error value.
15:27:49.751 Warning Message: No entry 'bin\config.bin/CfgWeapons/TF_PKP_Base/OpticsInfo.opticsZoomMax'.
15:27:49.751 Warning Message: Trying to access error value.
15:27:49.751 Warning Message: No entry 'bin\config.bin/CfgWeapons/TF_PKP_Base/OpticsInfo.opticsZoomInit'.
15:27:49.751 Warning Message: Trying to access error value.
15:27:49.752 Warning Message: No entry 'bin\config.bin/CfgWeapons/TF_SR25_Base/OpticsInfo.opticsZoomMin'.
15:27:49.752 Warning Message: Trying to access error value.
15:27:49.752 Warning Message: No entry 'bin\config.bin/CfgWeapons/TF_SR25_Base/OpticsInfo.opticsZoomMax'.
15:27:49.752 Warning Message: Trying to access error value.
15:27:49.752 Warning Message: No entry 'bin\config.bin/CfgWeapons/TF_SR25_Base/OpticsInfo.opticsZoomInit'.
15:27:49.752 Warning Message: Trying to access error value.
15:27:49.752 Warning Message: No entry 'bin\config.bin/CfgWeapons/TF_SVCh_Base/OpticsInfo.opticsZoomMin'.
15:27:49.752 Warning Message: Trying to access error value.
15:27:49.752 Warning Message: No entry 'bin\config.bin/CfgWeapons/TF_SVCh_Base/OpticsInfo.opticsZoomMax'.
15:27:49.752 Warning Message: Trying to access error value.
15:27:49.752 Warning Message: No entry 'bin\config.bin/CfgWeapons/TF_SVCh_Base/OpticsInfo.opticsZoomInit'.
15:27:49.752 Warning Message: Trying to access error value.
15:27:49.753 Warning Message: No entry 'bin\config.bin/CfgWeapons/TF_SWORD_Mk18_Mjolnir_Base/OpticsInfo.opticsZoomMin'.
15:27:49.753 Warning Message: Trying to access error value.
15:27:49.753 Warning Message: No entry 'bin\config.bin/CfgWeapons/TF_SWORD_Mk18_Mjolnir_Base/OpticsInfo.opticsZoomMax'.
15:27:49.753 Warning Message: Trying to access error value.
15:27:49.753 Warning Message: No entry 'bin\config.bin/CfgWeapons/TF_SWORD_Mk18_Mjolnir_Base/OpticsInfo.opticsZoomInit'.
15:27:49.753 Warning Message: Trying to access error value.
15:27:49.766 Warning Message: No entry 'bin\config.bin/CfgWeapons/ASC_M110_Base/OpticsInfo.opticsZoomMin'.
15:27:49.766 Warning Message: Trying to access error value.
15:27:49.766 Warning Message: No entry 'bin\config.bin/CfgWeapons/ASC_M110_Base/OpticsInfo.opticsZoomMax'.
15:27:49.766 Warning Message: Trying to access error value.
15:27:49.766 Warning Message: No entry 'bin\config.bin/CfgWeapons/ASC_M110_Base/OpticsInfo.opticsZoomInit'.
15:27:49.766 Warning Message: Trying to access error value.
15:27:49.768 Warning Message: No entry 'bin\config.bin/CfgWeapons/GCGN_HK416_Base/OpticsInfo.opticsZoomMin'.
15:27:49.768 Warning Message: Trying to access error value.
15:27:49.768 Warning Message: No entry 'bin\config.bin/CfgWeapons/GCGN_HK416_Base/OpticsInfo.opticsZoomMax'.
15:27:49.768 Warning Message: Trying to access error value.
15:27:49.768 Warning Message: No entry 'bin\config.bin/CfgWeapons/GCGN_HK416_Base/OpticsInfo.opticsZoomInit'.
15:27:49.768 Warning Message: Trying to access error value.
15:27:49.768 Warning Message: No entry 'bin\config.bin/CfgWeapons/GCGN_M110_Base/OpticsInfo.opticsZoomMin'.
15:27:49.768 Warning Message: Trying to access error value.
15:27:49.768 Warning Message: No entry 'bin\config.bin/CfgWeapons/GCGN_M110_Base/OpticsInfo.opticsZoomMax'.
15:27:49.768 Warning Message: Trying to access error value.
15:27:49.768 Warning Message: No entry 'bin\config.bin/CfgWeapons/GCGN_M110_Base/OpticsInfo.opticsZoomInit'.
15:27:49.768 Warning Message: Trying to access error value.
15:27:49.771 Warning Message: No entry 'bin\config.bin/CfgWeapons/SNSA58_Base/OpticsInfo.opticsZoomMin'.
15:27:49.771 Warning Message: Trying to access error value.
15:27:49.771 Warning Message: No entry 'bin\config.bin/CfgWeapons/SNSA58_Base/OpticsInfo.opticsZoomMax'.
15:27:49.771 Warning Message: Trying to access error value.
15:27:49.771 Warning Message: No entry 'bin\config.bin/CfgWeapons/SNSA58_Base/OpticsInfo.opticsZoomInit'.
15:27:49.771 Warning Message: Trying to access error value.
15:27:49.775 Warning Message: No entry 'bin\config.bin/CfgWeapons/SNAFU_Agram_Base/OpticsInfo.opticsZoomMin'.
15:27:49.775 Warning Message: Trying to access error value.
15:27:49.775 Warning Message: No entry 'bin\config.bin/CfgWeapons/SNAFU_Agram_Base/OpticsInfo.opticsZoomMax'.
15:27:49.775 Warning Message: Trying to access error value.
15:27:49.775 Warning Message: No entry 'bin\config.bin/CfgWeapons/SNAFU_Agram_Base/OpticsInfo.opticsZoomInit'.
15:27:49.775 Warning Message: Trying to access error value.
15:27:49.776 Warning Message: No entry 'bin\config.bin/CfgWeapons/SNAFU_AS50_Base/OpticsInfo.opticsZoomMin'.
15:27:49.776 Warning Message: Trying to access error value.
15:27:49.776 Warning Message: No entry 'bin\config.bin/CfgWeapons/SNAFU_AS50_Base/OpticsInfo.opticsZoomMax'.
15:27:49.776 Warning Message: Trying to access error value.
15:27:49.776 Warning Message: No entry 'bin\config.bin/CfgWeapons/SNAFU_AS50_Base/OpticsInfo.opticsZoomInit'.
15:27:49.776 Warning Message: Trying to access error value.
15:27:49.777 Warning Message: No entry 'bin\config.bin/CfgWeapons/SNAFU_CALI_Base/OpticsInfo.opticsZoomMin'.
15:27:49.777 Warning Message: Trying to access error value.
15:27:49.777 Warning Message: No entry 'bin\config.bin/CfgWeapons/SNAFU_CALI_Base/OpticsInfo.opticsZoomMax'.
15:27:49.777 Warning Message: Trying to access error value.
15:27:49.777 Warning Message: No entry 'bin\config.bin/CfgWeapons/SNAFU_CALI_Base/OpticsInfo.opticsZoomInit'.
15:27:49.777 Warning Message: Trying to access error value.
15:27:49.777 Warning Message: No entry 'bin\config.bin/CfgWeapons/SNAFU_Fort12_Base/OpticsInfo.opticsZoomMin'.
15:27:49.777 Warning Message: Trying to access error value.
15:27:49.777 Warning Message: No entry 'bin\config.bin/CfgWeapons/SNAFU_Fort12_Base/OpticsInfo.opticsZoomMax'.
15:27:49.777 Warning Message: Trying to access error value.
15:27:49.777 Warning Message: No entry 'bin\config.bin/CfgWeapons/SNAFU_Fort12_Base/OpticsInfo.opticsZoomInit'.
15:27:49.777 Warning Message: Trying to access error value.
15:27:49.779 Warning Message: No entry 'bin\config.bin/CfgWeapons/SNAFU_MP9_Base/OpticsInfo.opticsZoomMin'.
15:27:49.779 Warning Message: Trying to access error value.
15:27:49.779 Warning Message: No entry 'bin\config.bin/CfgWeapons/SNAFU_MP9_Base/OpticsInfo.opticsZoomMax'.
15:27:49.779 Warning Message: Trying to access error value.
15:27:49.779 Warning Message: No entry 'bin\config.bin/CfgWeapons/SNAFU_MP9_Base/OpticsInfo.opticsZoomInit'.
15:27:49.779 Warning Message: Trying to access error value.
15:27:49.780 Warning Message: No entry 'bin\config.bin/CfgWeapons/SNAFU_MPX_Base/OpticsInfo.opticsZoomMin'.
15:27:49.780 Warning Message: Trying to access error value.
15:27:49.780 Warning Message: No entry 'bin\config.bin/CfgWeapons/SNAFU_MPX_Base/OpticsInfo.opticsZoomMax'.
15:27:49.780 Warning Message: Trying to access error value.
15:27:49.780 Warning Message: No entry 'bin\config.bin/CfgWeapons/SNAFU_MPX_Base/OpticsInfo.opticsZoomInit'.
15:27:49.780 Warning Message: Trying to access error value.
15:27:49.781 Warning Message: No entry 'bin\config.bin/CfgWeapons/Snafu_PKP_Base/OpticsInfo.opticsZoomMin'.
15:27:49.781 Warning Message: Trying to access error value.
15:27:49.781 Warning Message: No entry 'bin\config.bin/CfgWeapons/Snafu_PKP_Base/OpticsInfo.opticsZoomMax'.
15:27:49.781 Warning Message: Trying to access error value.
15:27:49.781 Warning Message: No entry 'bin\config.bin/CfgWeapons/Snafu_PKP_Base/OpticsInfo.opticsZoomInit'.
15:27:49.781 Warning Message: Trying to access error value.
15:27:49.822 Warning Message: No entry 'bin\config.bin/CfgWeapons/SNAFUVECTOR_Base/OpticsInfo.opticsZoomMin'.
15:27:49.822 Warning Message: Trying to access error value.
15:27:49.822 Warning Message: No entry 'bin\config.bin/CfgWeapons/SNAFUVECTOR_Base/OpticsInfo.opticsZoomMax'.
15:27:49.822 Warning Message: Trying to access error value.
15:27:49.822 Warning Message: No entry 'bin\config.bin/CfgWeapons/SNAFUVECTOR_Base/OpticsInfo.opticsZoomInit'.
15:27:49.822 Warning Message: Trying to access error value.
15:27:49.823 Warning Message: No entry 'bin\config.bin/CfgWeapons/SNAFU_SR25_Base/OpticsInfo.opticsZoomMin'.
15:27:49.823 Warning Message: Trying to access error value.
15:27:49.823 Warning Message: No entry 'bin\config.bin/CfgWeapons/SNAFU_SR25_Base/OpticsInfo.opticsZoomMax'.
15:27:49.823 Warning Message: Trying to access error value.
15:27:49.823 Warning Message: No entry 'bin\config.bin/CfgWeapons/SNAFU_SR25_Base/OpticsInfo.opticsZoomInit'.
15:27:49.823 Warning Message: Trying to access error value.
15:27:49.824 Warning Message: No entry 'bin\config.bin/CfgWeapons/SNAFU_ADAR_Modular_Base/OpticsInfo.opticsZoomMin'.
15:27:49.824 Warning Message: Trying to access error value.
15:27:49.824 Warning Message: No entry 'bin\config.bin/CfgWeapons/SNAFU_ADAR_Modular_Base/OpticsInfo.opticsZoomMax'.
15:27:49.824 Warning Message: Trying to access error value.
15:27:49.824 Warning Message: No entry 'bin\config.bin/CfgWeapons/SNAFU_ADAR_Modular_Base/OpticsInfo.opticsZoomInit'.
15:27:49.824 Warning Message: Trying to access error value.
15:27:49.824 Warning Message: No entry 'bin\config.bin/CfgWeapons/SNAFU_AR15_Modular_Base/OpticsInfo.opticsZoomMin'.
15:27:49.824 Warning Message: Trying to access error value.
15:27:49.824 Warning Message: No entry 'bin\config.bin/CfgWeapons/SNAFU_AR15_Modular_Base/OpticsInfo.opticsZoomMax'.
15:27:49.824 Warning Message: Trying to access error value.
15:27:49.824 Warning Message: No entry 'bin\config.bin/CfgWeapons/SNAFU_AR15_Modular_Base/OpticsInfo.opticsZoomInit'.
15:27:49.824 Warning Message: Trying to access error value.
15:27:49.824 Warning Message: No entry 'bin\config.bin/CfgWeapons/SNAFUDSASA58_Base/OpticsInfo.opticsZoomMin'.
15:27:49.824 Warning Message: Trying to access error value.
15:27:49.824 Warning Message: No entry 'bin\config.bin/CfgWeapons/SNAFUDSASA58_Base/OpticsInfo.opticsZoomMax'.
15:27:49.824 Warning Message: Trying to access error value.
15:27:49.824 Warning Message: No entry 'bin\config.bin/CfgWeapons/SNAFUDSASA58_Base/OpticsInfo.opticsZoomInit'.
15:27:49.824 Warning Message: Trying to access error value.
15:27:49.825 Warning Message: No entry 'bin\config.bin/CfgWeapons/SNAFU_LVOA_Base/OpticsInfo.opticsZoomMin'.
15:27:49.825 Warning Message: Trying to access error value.
15:27:49.825 Warning Message: No entry 'bin\config.bin/CfgWeapons/SNAFU_LVOA_Base/OpticsInfo.opticsZoomMax'.
15:27:49.825 Warning Message: Trying to access error value.
15:27:49.825 Warning Message: No entry 'bin\config.bin/CfgWeapons/SNAFU_LVOA_Base/OpticsInfo.opticsZoomInit'.
15:27:49.825 Warning Message: Trying to access error value.
15:27:49.826 Warning Message: No entry 'bin\config.bin/CfgWeapons/SNAFU_M4300_Modular_Base/OpticsInfo.opticsZoomMin'.
15:27:49.826 Warning Message: Trying to access error value.
15:27:49.826 Warning Message: No entry 'bin\config.bin/CfgWeapons/SNAFU_M4300_Modular_Base/OpticsInfo.opticsZoomMax'.
15:27:49.826 Warning Message: Trying to access error value.
15:27:49.826 Warning Message: No entry 'bin\config.bin/CfgWeapons/SNAFU_M4300_Modular_Base/OpticsInfo.opticsZoomInit'.
15:27:49.826 Warning Message: Trying to access error value.
15:27:49.826 Warning Message: No entry 'bin\config.bin/CfgWeapons/SNAFU_M4_Modular_Base/OpticsInfo.opticsZoomMin'.
15:27:49.826 Warning Message: Trying to access error value.
15:27:49.826 Warning Message: No entry 'bin\config.bin/CfgWeapons/SNAFU_M4_Modular_Base/OpticsInfo.opticsZoomMax'.
15:27:49.826 Warning Message: Trying to access error value.
15:27:49.826 Warning Message: No entry 'bin\config.bin/CfgWeapons/SNAFU_M4_Modular_Base/OpticsInfo.opticsZoomInit'.
15:27:49.826 Warning Message: Trying to access error value.
15:27:49.827 Warning Message: No entry 'bin\config.bin/CfgWeapons/SNAFU_M4_Modular_Base/OpticsInfo.opticsZoomMin'.
15:27:49.827 Warning Message: Trying to access error value.
15:27:49.827 Warning Message: No entry 'bin\config.bin/CfgWeapons/SNAFU_M4_Modular_Base/OpticsInfo.opticsZoomMax'.
15:27:49.827 Warning Message: Trying to access error value.
15:27:49.827 Warning Message: No entry 'bin\config.bin/CfgWeapons/SNAFU_M4_Modular_Base/OpticsInfo.opticsZoomInit'.
15:27:49.827 Warning Message: Trying to access error value.
15:27:49.827 Warning Message: No entry 'bin\config.bin/CfgWeapons/SNAFU_M4_Modular_Base/OpticsInfo.opticsZoomMin'.
15:27:49.827 Warning Message: Trying to access error value.
15:27:49.827 Warning Message: No entry 'bin\config.bin/CfgWeapons/SNAFU_M4_Modular_Base/OpticsInfo.opticsZoomMax'.
15:27:49.827 Warning Message: Trying to access error value.
15:27:49.827 Warning Message: No entry 'bin\config.bin/CfgWeapons/SNAFU_M4_Modular_Base/OpticsInfo.opticsZoomInit'.
15:27:49.827 Warning Message: Trying to access error value.
15:27:49.828 Warning Message: No entry 'bin\config.bin/CfgWeapons/SNAFU_M4_Modular_Base/OpticsInfo.opticsZoomMin'.
15:27:49.828 Warning Message: Trying to access error value.
15:27:49.828 Warning Message: No entry 'bin\config.bin/CfgWeapons/SNAFU_M4_Modular_Base/OpticsInfo.opticsZoomMax'.
15:27:49.828 Warning Message: Trying to access error value.
15:27:49.828 Warning Message: No entry 'bin\config.bin/CfgWeapons/SNAFU_M4_Modular_Base/OpticsInfo.opticsZoomInit'.
15:27:49.828 Warning Message: Trying to access error value.
15:27:49.828 Warning Message: No entry 'bin\config.bin/CfgWeapons/SNAFU_M4_Modular_Base/OpticsInfo.opticsZoomMin'.
15:27:49.828 Warning Message: Trying to access error value.
15:27:49.828 Warning Message: No entry 'bin\config.bin/CfgWeapons/SNAFU_M4_Modular_Base/OpticsInfo.opticsZoomMax'.
15:27:49.828 Warning Message: Trying to access error value.
15:27:49.828 Warning Message: No entry 'bin\config.bin/CfgWeapons/SNAFU_M4_Modular_Base/OpticsInfo.opticsZoomInit'.
15:27:49.828 Warning Message: Trying to access error value.
15:27:49.828 Warning Message: No entry 'bin\config.bin/CfgWeapons/SNAFU_MK47Base/OpticsInfo.opticsZoomMin'.
15:27:49.828 Warning Message: Trying to access error value.
15:27:49.829 Warning Message: No entry 'bin\config.bin/CfgWeapons/SNAFU_MK47Base/OpticsInfo.opticsZoomMax'.
15:27:49.829 Warning Message: Trying to access error value.
15:27:49.829 Warning Message: No entry 'bin\config.bin/CfgWeapons/SNAFU_MK47Base/OpticsInfo.opticsZoomInit'.
15:27:49.829 Warning Message: Trying to access error value.
15:27:49.829 Warning Message: No entry 'bin\config.bin/CfgWeapons/SNAFU_Saint_Base/OpticsInfo.opticsZoomMin'.
15:27:49.829 Warning Message: Trying to access error value.
15:27:49.829 Warning Message: No entry 'bin\config.bin/CfgWeapons/SNAFU_Saint_Base/OpticsInfo.opticsZoomMax'.
15:27:49.829 Warning Message: Trying to access error value.
15:27:49.829 Warning Message: No entry 'bin\config.bin/CfgWeapons/SNAFU_Saint_Base/OpticsInfo.opticsZoomInit'.
15:27:49.829 Warning Message: Trying to access error value.
15:27:49.830 Warning Message: No entry 'bin\config.bin/CfgWeapons/SNAFU_Saint308_Base/OpticsInfo.opticsZoomMin'.
15:27:49.830 Warning Message: Trying to access error value.
15:27:49.830 Warning Message: No entry 'bin\config.bin/CfgWeapons/SNAFU_Saint308_Base/OpticsInfo.opticsZoomMax'.
15:27:49.830 Warning Message: Trying to access error value.
15:27:49.830 Warning Message: No entry 'bin\config.bin/CfgWeapons/SNAFU_Saint308_Base/OpticsInfo.opticsZoomInit'.
15:27:49.830 Warning Message: Trying to access error value.
15:27:49.830 Warning Message: No entry 'bin\config.bin/CfgWeapons/SNAFU_AR15SPR_Base/OpticsInfo.opticsZoomMin'.
15:27:49.830 Warning Message: Trying to access error value.
15:27:49.830 Warning Message: No entry 'bin\config.bin/CfgWeapons/SNAFU_AR15SPR_Base/OpticsInfo.opticsZoomMax'.
15:27:49.830 Warning Message: Trying to access error value.
15:27:49.830 Warning Message: No entry 'bin\config.bin/CfgWeapons/SNAFU_AR15SPR_Base/OpticsInfo.opticsZoomInit'.
15:27:49.830 Warning Message: Trying to access error value.
15:27:49.835 Warning Message: No entry 'bin\config.bin/CfgWeapons/Snafu_ScarH_Base/OpticsInfo.opticsZoomMin'.
15:27:49.835 Warning Message: Trying to access error value.
15:27:49.835 Warning Message: No entry 'bin\config.bin/CfgWeapons/Snafu_ScarH_Base/OpticsInfo.opticsZoomMax'.
15:27:49.835 Warning Message: Trying to access error value.
15:27:49.835 Warning Message: No entry 'bin\config.bin/CfgWeapons/Snafu_ScarH_Base/OpticsInfo.opticsZoomInit'.
15:27:49.835 Warning Message: Trying to access error value.
15:27:49.835 Warning Message: No entry 'bin\config.bin/CfgWeapons/SNAFU_G3A3_Base/OpticsInfo.opticsZoomMin'.
15:27:49.835 Warning Message: Trying to access error value.
15:27:49.835 Warning Message: No entry 'bin\config.bin/CfgWeapons/SNAFU_G3A3_Base/OpticsInfo.opticsZoomMax'.
15:27:49.835 Warning Message: Trying to access error value.
15:27:49.835 Warning Message: No entry 'bin\config.bin/CfgWeapons/SNAFU_G3A3_Base/OpticsInfo.opticsZoomInit'.
15:27:49.835 Warning Message: Trying to access error value.
15:27:49.837 Warning Message: No entry 'bin\config.bin/CfgWeapons/SNAFUTAR21_Base/OpticsInfo.opticsZoomMin'.
15:27:49.837 Warning Message: Trying to access error value.
15:27:49.837 Warning Message: No entry 'bin\config.bin/CfgWeapons/SNAFUTAR21_Base/OpticsInfo.opticsZoomMax'.
15:27:49.837 Warning Message: Trying to access error value.
15:27:49.837 Warning Message: No entry 'bin\config.bin/CfgWeapons/SNAFUTAR21_Base/OpticsInfo.opticsZoomInit'.
15:27:49.837 Warning Message: Trying to access error value.
15:27:49.838 Warning Message: No entry 'bin\config.bin/CfgWeapons/SNAFUGevar_Base/OpticsInfo.opticsZoomMin'.
15:27:49.838 Warning Message: Trying to access error value.
15:27:49.838 Warning Message: No entry 'bin\config.bin/CfgWeapons/SNAFUGevar_Base/OpticsInfo.opticsZoomMax'.
15:27:49.838 Warning Message: Trying to access error value.
15:27:49.838 Warning Message: No entry 'bin\config.bin/CfgWeapons/SNAFUGevar_Base/OpticsInfo.opticsZoomInit'.
15:27:49.838 Warning Message: Trying to access error value.
15:27:49.838 Warning Message: No entry 'bin\config.bin/CfgWeapons/SNAFUGM6Lynx_Base/OpticsInfo.opticsZoomMin'.
15:27:49.838 Warning Message: Trying to access error value.
15:27:49.838 Warning Message: No entry 'bin\config.bin/CfgWeapons/SNAFUGM6Lynx_Base/OpticsInfo.opticsZoomMax'.
15:27:49.838 Warning Message: Trying to access error value.
15:27:49.838 Warning Message: No entry 'bin\config.bin/CfgWeapons/SNAFUGM6Lynx_Base/OpticsInfo.opticsZoomInit'.
15:27:49.838 Warning Message: Trying to access error value.
15:27:49.840 Warning Message: No entry 'bin\config.bin/CfgWeapons/SNAFUM96_Base/OpticsInfo.opticsZoomMin'.
15:27:49.840 Warning Message: Trying to access error value.
15:27:49.840 Warning Message: No entry 'bin\config.bin/CfgWeapons/SNAFUM96_Base/OpticsInfo.opticsZoomMax'.
15:27:49.840 Warning Message: Trying to access error value.
15:27:49.840 Warning Message: No entry 'bin\config.bin/CfgWeapons/SNAFUM96_Base/OpticsInfo.opticsZoomInit'.
15:27:49.840 Warning Message: Trying to access error value.
15:27:49.840 Warning Message: No entry 'bin\config.bin/CfgWeapons/SNAFUPPSKN_Base/OpticsInfo.opticsZoomMin'.
15:27:49.840 Warning Message: Trying to access error value.
15:27:49.840 Warning Message: No entry 'bin\config.bin/CfgWeapons/SNAFUPPSKN_Base/OpticsInfo.opticsZoomMax'.
15:27:49.840 Warning Message: Trying to access error value.
15:27:49.840 Warning Message: No entry 'bin\config.bin/CfgWeapons/SNAFUPPSKN_Base/OpticsInfo.opticsZoomInit'.
15:27:49.840 Warning Message: Trying to access error value.
15:27:49.841 Warning Message: No entry 'bin\config.bin/CfgWeapons/SNAFUTac21_Base/OpticsInfo.opticsZoomMin'.
15:27:49.841 Warning Message: Trying to access error value.
15:27:49.841 Warning Message: No entry 'bin\config.bin/CfgWeapons/SNAFUTac21_Base/OpticsInfo.opticsZoomMax'.
15:27:49.841 Warning Message: Trying to access error value.
15:27:49.841 Warning Message: No entry 'bin\config.bin/CfgWeapons/SNAFUTac21_Base/OpticsInfo.opticsZoomInit'.
15:27:49.841 Warning Message: Trying to access error value.
15:27:49.842 Warning Message: No entry 'bin\config.bin/CfgWeapons/SNAFU_M14_Base/OpticsInfo.opticsZoomMin'.
15:27:49.842 Warning Message: Trying to access error value.
15:27:49.842 Warning Message: No entry 'bin\config.bin/CfgWeapons/SNAFU_M14_Base/OpticsInfo.opticsZoomMax'.
15:27:49.842 Warning Message: Trying to access error value.
15:27:49.842 Warning Message: No entry 'bin\config.bin/CfgWeapons/SNAFU_M14_Base/OpticsInfo.opticsZoomInit'.
15:27:49.842 Warning Message: Trying to access error value.
15:27:49.843 Warning Message: No entry 'bin\config.bin/CfgWeapons/SNAFU_SKS_Base/OpticsInfo.opticsZoomMin'.
15:27:49.843 Warning Message: Trying to access error value.
15:27:49.843 Warning Message: No entry 'bin\config.bin/CfgWeapons/SNAFU_SKS_Base/OpticsInfo.opticsZoomMax'.
15:27:49.843 Warning Message: Trying to access error value.
15:27:49.843 Warning Message: No entry 'bin\config.bin/CfgWeapons/SNAFU_SKS_Base/OpticsInfo.opticsZoomInit'.
15:27:49.843 Warning Message: Trying to access error value.
15:27:49.845 unable to create magazine SR_Mag_545_AK_Drum_75Rnd
15:27:49.845 Warning Message: No entry 'bin\config.bin/CfgWeapons/SR_Weapons_AK_PDW_Base/OpticsInfo.opticsZoomMin'.
15:27:49.845 Warning Message: Trying to access error value.
15:27:49.845 Warning Message: No entry 'bin\config.bin/CfgWeapons/SR_Weapons_AK_PDW_Base/OpticsInfo.opticsZoomMax'.
15:27:49.845 Warning Message: Trying to access error value.
15:27:49.845 Warning Message: No entry 'bin\config.bin/CfgWeapons/SR_Weapons_AK_PDW_Base/OpticsInfo.opticsZoomInit'.
15:27:49.845 Warning Message: Trying to access error value.
15:27:49.845 unable to create magazine SR_Mag_PMAG_D60_60Rnd
15:27:49.845 unable to create magazine SR_Mag_PMAG_GENM3_W_30Rnd
15:27:49.845 unable to create magazine SR_Mag_PMAG_GENM3_W_30Rnd_FDE
15:27:49.845 unable to create magazine SR_Mag_PMAG_GENM3_30Rnd
15:27:49.845 unable to create magazine SR_Mag_PMAG_GENM3_30Rnd_FDE
15:27:49.845 unable to create magazine SR_Mag_Circle10_30Rnd
15:27:49.845 unable to create magazine SR_Mag_HK_Stanag_30Rnd
15:27:49.845 unable to create magazine SR_Mag_TROY_BattleMag_30Rnd
15:27:49.845 unable to create magazine SR_Mag_PMAG_GENM3_40Rnd
15:27:49.845 unable to create magazine SR_Mag_PMAG_GENM3_40Rnd_FDE
15:27:49.845 unable to create magazine SR_Mag_SureFire_STANAG_60Rnd
15:27:49.845 unable to create magazine SR_Mag_SureFire_STANAG_100Rnd
15:27:49.845 unable to create magazine SR_Mag_HK_Gen2_30Rnd
15:27:49.845 Warning Message: No entry 'bin\config.bin/CfgWeapons/SR_Weapons_AR15_Custom_Base/OpticsInfo.opticsZoomMin'.
15:27:49.845 Warning Message: Trying to access error value.
15:27:49.845 Warning Message: No entry 'bin\config.bin/CfgWeapons/SR_Weapons_AR15_Custom_Base/OpticsInfo.opticsZoomMax'.
15:27:49.845 Warning Message: Trying to access error value.
15:27:49.845 Warning Message: No entry 'bin\config.bin/CfgWeapons/SR_Weapons_AR15_Custom_Base/OpticsInfo.opticsZoomInit'.
15:27:49.845 Warning Message: Trying to access error value.
15:27:49.846 Warning Message: No entry 'bin\config.bin/CfgWeapons/SR_Weapons_AR15_Skeleton_Base/OpticsInfo.opticsZoomMin'.
15:27:49.846 Warning Message: Trying to access error value.
15:27:49.846 Warning Message: No entry 'bin\config.bin/CfgWeapons/SR_Weapons_AR15_Skeleton_Base/OpticsInfo.opticsZoomMax'.
15:27:49.846 Warning Message: Trying to access error value.
15:27:49.846 Warning Message: No entry 'bin\config.bin/CfgWeapons/SR_Weapons_AR15_Skeleton_Base/OpticsInfo.opticsZoomInit'.
15:27:49.846 Warning Message: Trying to access error value.
15:27:49.846 Warning Message: No entry 'bin\config.bin/CfgWeapons/SR_Weapons_DDMV4_Base/OpticsInfo.opticsZoomMin'.
15:27:49.846 Warning Message: Trying to access error value.
15:27:49.846 Warning Message: No entry 'bin\config.bin/CfgWeapons/SR_Weapons_DDMV4_Base/OpticsInfo.opticsZoomMax'.
15:27:49.846 Warning Message: Trying to access error value.
15:27:49.846 Warning Message: No entry 'bin\config.bin/CfgWeapons/SR_Weapons_DDMV4_Base/OpticsInfo.opticsZoomInit'.
15:27:49.846 Warning Message: Trying to access error value.
15:27:49.847 Warning Message: No entry 'bin\config.bin/CfgWeapons/SR_Weapons_DBR_Base/OpticsInfo.opticsZoomMin'.
15:27:49.847 Warning Message: Trying to access error value.
15:27:49.847 Warning Message: No entry 'bin\config.bin/CfgWeapons/SR_Weapons_DBR_Base/OpticsInfo.opticsZoomMax'.
15:27:49.847 Warning Message: Trying to access error value.
15:27:49.847 Warning Message: No entry 'bin\config.bin/CfgWeapons/SR_Weapons_DBR_Base/OpticsInfo.opticsZoomInit'.
15:27:49.847 Warning Message: Trying to access error value.
15:27:49.881 Warning Message: No entry 'bin\config.bin/CfgWeapons/SR_Weapons_LR300_Base/OpticsInfo.opticsZoomMin'.
15:27:49.881 Warning Message: Trying to access error value.
15:27:49.881 Warning Message: No entry 'bin\config.bin/CfgWeapons/SR_Weapons_LR300_Base/OpticsInfo.opticsZoomMax'.
15:27:49.881 Warning Message: Trying to access error value.
15:27:49.881 Warning Message: No entry 'bin\config.bin/CfgWeapons/SR_Weapons_LR300_Base/OpticsInfo.opticsZoomInit'.
15:27:49.881 Warning Message: Trying to access error value.
15:27:49.882 Warning Message: No entry 'bin\config.bin/CfgWeapons/SR_Weapons_M4_Base/OpticsInfo.opticsZoomMin'.
15:27:49.882 Warning Message: Trying to access error value.
15:27:49.882 Warning Message: No entry 'bin\config.bin/CfgWeapons/SR_Weapons_M4_Base/OpticsInfo.opticsZoomMax'.
15:27:49.882 Warning Message: Trying to access error value.
15:27:49.882 Warning Message: No entry 'bin\config.bin/CfgWeapons/SR_Weapons_M4_Base/OpticsInfo.opticsZoomInit'.
15:27:49.882 Warning Message: Trying to access error value.
15:27:49.883 Warning Message: No entry 'bin\config.bin/CfgWeapons/SR_Weapons_SCAR_MK16_Base/OpticsInfo.opticsZoomMin'.
15:27:49.883 Warning Message: Trying to access error value.
15:27:49.883 Warning Message: No entry 'bin\config.bin/CfgWeapons/SR_Weapons_SCAR_MK16_Base/OpticsInfo.opticsZoomMax'.
15:27:49.883 Warning Message: Trying to access error value.
15:27:49.883 Warning Message: No entry 'bin\config.bin/CfgWeapons/SR_Weapons_SCAR_MK16_Base/OpticsInfo.opticsZoomInit'.
15:27:49.883 Warning Message: Trying to access error value.
15:27:49.884 Warning Message: No entry 'bin\config.bin/CfgWeapons/SR_Weapons_Toz106_Base/OpticsInfo.opticsZoomMin'.
15:27:49.884 Warning Message: Trying to access error value.
15:27:49.884 Warning Message: No entry 'bin\config.bin/CfgWeapons/SR_Weapons_Toz106_Base/OpticsInfo.opticsZoomMax'.
15:27:49.884 Warning Message: Trying to access error value.
15:27:49.884 Warning Message: No entry 'bin\config.bin/CfgWeapons/SR_Weapons_Toz106_Base/OpticsInfo.opticsZoomInit'.
15:27:49.884 Warning Message: Trying to access error value.
15:27:49.884 Warning Message: No entry 'bin\config.bin/CfgWeapons/SR_Weapons_AWM_Base/OpticsInfo.opticsZoomMin'.
15:27:49.884 Warning Message: Trying to access error value.
15:27:49.884 Warning Message: No entry 'bin\config.bin/CfgWeapons/SR_Weapons_AWM_Base/OpticsInfo.opticsZoomMax'.
15:27:49.884 Warning Message: Trying to access error value.
15:27:49.884 Warning Message: No entry 'bin\config.bin/CfgWeapons/SR_Weapons_AWM_Base/OpticsInfo.opticsZoomInit'.
15:27:49.884 Warning Message: Trying to access error value.
15:27:49.885 Warning Message: No entry 'bin\config.bin/CfgWeapons/SR_Weapons_DVL_Base/OpticsInfo.opticsZoomMin'.
15:27:49.885 Warning Message: Trying to access error value.
15:27:49.885 Warning Message: No entry 'bin\config.bin/CfgWeapons/SR_Weapons_DVL_Base/OpticsInfo.opticsZoomMax'.
15:27:49.885 Warning Message: Trying to access error value.
15:27:49.885 Warning Message: No entry 'bin\config.bin/CfgWeapons/SR_Weapons_DVL_Base/OpticsInfo.opticsZoomInit'.
15:27:49.885 Warning Message: Trying to access error value.
15:27:49.886 Warning Message: No entry 'bin\config.bin/CfgWeapons/SR_Weapons_K98_Tactical_Base/OpticsInfo.opticsZoomMin'.
15:27:49.886 Warning Message: Trying to access error value.
15:27:49.886 Warning Message: No entry 'bin\config.bin/CfgWeapons/SR_Weapons_K98_Tactical_Base/OpticsInfo.opticsZoomMax'.
15:27:49.886 Warning Message: Trying to access error value.
15:27:49.886 Warning Message: No entry 'bin\config.bin/CfgWeapons/SR_Weapons_K98_Tactical_Base/OpticsInfo.opticsZoomInit'.
15:27:49.886 Warning Message: Trying to access error value.
15:27:49.887 Warning Message: No entry 'bin\config.bin/CfgWeapons/SR_Weapons_M14_Base/OpticsInfo.opticsZoomMin'.
15:27:49.887 Warning Message: Trying to access error value.
15:27:49.887 Warning Message: No entry 'bin\config.bin/CfgWeapons/SR_Weapons_M14_Base/OpticsInfo.opticsZoomMax'.
15:27:49.887 Warning Message: Trying to access error value.
15:27:49.887 Warning Message: No entry 'bin\config.bin/CfgWeapons/SR_Weapons_M14_Base/OpticsInfo.opticsZoomInit'.
15:27:49.887 Warning Message: Trying to access error value.
15:27:49.888 Warning Message: No entry 'bin\config.bin/CfgWeapons/SR_Weapons_MK_Tac95_Base/OpticsInfo.opticsZoomMin'.
15:27:49.888 Warning Message: Trying to access error value.
15:27:49.888 Warning Message: No entry 'bin\config.bin/CfgWeapons/SR_Weapons_MK_Tac95_Base/OpticsInfo.opticsZoomMax'.
15:27:49.888 Warning Message: Trying to access error value.
15:27:49.888 Warning Message: No entry 'bin\config.bin/CfgWeapons/SR_Weapons_MK_Tac95_Base/OpticsInfo.opticsZoomInit'.
15:27:49.888 Warning Message: Trying to access error value.
15:27:49.888 Warning Message: No entry 'bin\config.bin/CfgWeapons/SR_Weapons_MSR_Base/OpticsInfo.opticsZoomMin'.
15:27:49.888 Warning Message: Trying to access error value.
15:27:49.888 Warning Message: No entry 'bin\config.bin/CfgWeapons/SR_Weapons_MSR_Base/OpticsInfo.opticsZoomMax'.
15:27:49.888 Warning Message: Trying to access error value.
15:27:49.888 Warning Message: No entry 'bin\config.bin/CfgWeapons/SR_Weapons_MSR_Base/OpticsInfo.opticsZoomInit'.
15:27:49.888 Warning Message: Trying to access error value.
15:27:49.889 Warning Message: No entry 'bin\config.bin/CfgWeapons/SR_Weapons_ORSIS_T5000_Base/OpticsInfo.opticsZoomMin'.
15:27:49.889 Warning Message: Trying to access error value.
15:27:49.889 Warning Message: No entry 'bin\config.bin/CfgWeapons/SR_Weapons_ORSIS_T5000_Base/OpticsInfo.opticsZoomMax'.
15:27:49.889 Warning Message: Trying to access error value.
15:27:49.889 Warning Message: No entry 'bin\config.bin/CfgWeapons/SR_Weapons_ORSIS_T5000_Base/OpticsInfo.opticsZoomInit'.
15:27:49.889 Warning Message: Trying to access error value.
15:27:49.891 Warning Message: No entry 'bin\config.bin/CfgWeapons/SR_Weapons_SV98_Base/OpticsInfo.opticsZoomMin'.
15:27:49.891 Warning Message: Trying to access error value.
15:27:49.891 Warning Message: No entry 'bin\config.bin/CfgWeapons/SR_Weapons_SV98_Base/OpticsInfo.opticsZoomMax'.
15:27:49.891 Warning Message: Trying to access error value.
15:27:49.891 Warning Message: No entry 'bin\config.bin/CfgWeapons/SR_Weapons_SV98_Base/OpticsInfo.opticsZoomInit'.
15:27:49.891 Warning Message: Trying to access error value.
15:27:49.891 Warning Message: No entry 'bin\config.bin/CfgWeapons/SR_Weapons_SV98_Tactical_Base/OpticsInfo.opticsZoomMin'.
15:27:49.891 Warning Message: Trying to access error value.
15:27:49.891 Warning Message: No entry 'bin\config.bin/CfgWeapons/SR_Weapons_SV98_Tactical_Base/OpticsInfo.opticsZoomMax'.
15:27:49.891 Warning Message: Trying to access error value.
15:27:49.891 Warning Message: No entry 'bin\config.bin/CfgWeapons/SR_Weapons_SV98_Tactical_Base/OpticsInfo.opticsZoomInit'.
15:27:49.891 Warning Message: Trying to access error value.
15:27:49.891 Warning Message: No entry 'bin\config.bin/CfgWeapons/TF_M79_Base/OpticsInfo.opticsZoomMin'.
15:27:49.891 Warning Message: Trying to access error value.
15:27:49.891 Warning Message: No entry 'bin\config.bin/CfgWeapons/TF_M79_Base/OpticsInfo.opticsZoomMax'.
15:27:49.891 Warning Message: Trying to access error value.
15:27:49.891 Warning Message: No entry 'bin\config.bin/CfgWeapons/TF_M79_Base/OpticsInfo.opticsZoomInit'.
15:27:49.891 Warning Message: Trying to access error value.
15:27:49.936 unable to create magazine 
15:27:49.936 Warning Message: No entry 'bin\config.bin/CfgWeapons/GCGN_M1Garand_Base/OpticsInfo.opticsZoomMin'.
15:27:49.936 Warning Message: Trying to access error value.
15:27:49.936 Warning Message: No entry 'bin\config.bin/CfgWeapons/GCGN_M1Garand_Base/OpticsInfo.opticsZoomMax'.
15:27:49.936 Warning Message: Trying to access error value.
15:27:49.936 Warning Message: No entry 'bin\config.bin/CfgWeapons/GCGN_M1Garand_Base/OpticsInfo.opticsZoomInit'.
15:27:49.936 Warning Message: Trying to access error value.
15:27:49.937 Warning Message: No entry 'bin\config.bin/CfgWeapons/GCGN_M82_Barret_Base/OpticsInfo.opticsZoomMin'.
15:27:49.937 Warning Message: Trying to access error value.
15:27:49.937 Warning Message: No entry 'bin\config.bin/CfgWeapons/GCGN_M82_Barret_Base/OpticsInfo.opticsZoomMax'.
15:27:49.937 Warning Message: Trying to access error value.
15:27:49.937 Warning Message: No entry 'bin\config.bin/CfgWeapons/GCGN_M82_Barret_Base/OpticsInfo.opticsZoomInit'.
15:27:49.937 Warning Message: Trying to access error value.
15:27:49.937 Warning Message: No entry 'bin\config.bin/CfgWeapons/MassMP153_Base.simulation'.
15:27:49.937 Warning Message: Trying to access error value.
15:27:49.937 Warning Message: No entry 'bin\config.bin/CfgWeapons/MassMP153_Base.model'.
15:27:49.937 Warning Message: Trying to access error value.
15:27:49.937 Warning Message: No entry 'bin\config.bin/CfgWeapons/MassMP153_Base.simulation'.
15:27:49.937 Warning Message: Trying to access error value.
15:27:49.937 Warning Message: No entry 'bin\config.bin/CfgWeapons/MassMP153_Base.displayName'.
15:27:49.937 Warning Message: Trying to access error value.
15:27:49.937 Warning Message: No entry 'bin\config.bin/CfgWeapons/MassMP153_Base.destrType'.
15:27:49.937 Warning Message: Trying to access error value.
15:27:49.937 Warning Message: No entry 'bin\config.bin/CfgWeapons/MassMP153_Base.itemsCargoSize'.
15:27:49.937 Warning Message: No entry 'bin\config.bin/CfgWeapons/MassMP153_Base.clothingType'.
15:27:49.937 Warning Message: Trying to access error value.
15:27:49.937 Warning Message: No entry 'bin\config.bin/CfgWeapons/MassMP153_Base.soundEngine'.
15:27:49.937 Warning Message: Size: '/' not an array
15:27:49.937 Warning Message: No entry 'bin\config.bin/CfgWeapons/MassMP153_Base.soundCrash'.
15:27:49.937 Warning Message: Size: '/' not an array
15:27:49.937 Warning Message: No entry 'bin\config.bin/CfgWeapons/MassMP153_Base.soundLandCrash'.
15:27:49.937 Warning Message: Size: '/' not an array
15:27:49.937 Warning Message: No entry 'bin\config.bin/CfgWeapons/MassMP153_Base.soundWaterCrash'.
15:27:49.937 Warning Message: Size: '/' not an array
15:27:49.937 Warning Message: No entry 'bin\config.bin/CfgWeapons/MassMP153_Base.reversed'.
15:27:49.937 Warning Message: Trying to access error value.
15:27:49.937 Warning Message: No entry 'bin\config.bin/CfgWeapons/MassMP153_Base.muzzles'.
15:27:49.937 Warning Message: Size: '/' not an array
15:27:49.937 Warning Message: No entry 'bin\config.bin/CfgWeapons/MassMP153Short.simulation'.
15:27:49.937 Warning Message: Trying to access error value.
15:27:49.937 Warning Message: No entry 'bin\config.bin/CfgWeapons/MassMP153Short.model'.
15:27:49.937 Warning Message: Trying to access error value.
15:27:49.937 Warning Message: No entry 'bin\config.bin/CfgWeapons/MassMP153Short.simulation'.
15:27:49.937 Warning Message: Trying to access error value.
15:27:49.937 Warning Message: No entry 'bin\config.bin/CfgWeapons/MassMP153Short.displayName'.
15:27:49.937 Warning Message: Trying to access error value.
15:27:49.937 Warning Message: No entry 'bin\config.bin/CfgWeapons/MassMP153Short.destrType'.
15:27:49.937 Warning Message: Trying to access error value.
15:27:49.937 Warning Message: No entry 'bin\config.bin/CfgWeapons/MassMP153Short.itemsCargoSize'.
15:27:49.937 Warning Message: No entry 'bin\config.bin/CfgWeapons/MassMP153Short.clothingType'.
15:27:49.937 Warning Message: Trying to access error value.
15:27:49.937 Warning Message: No entry 'bin\config.bin/CfgWeapons/MassMP153Short.soundEngine'.
15:27:49.937 Warning Message: Size: '/' not an array
15:27:49.937 Warning Message: No entry 'bin\config.bin/CfgWeapons/MassMP153Short.soundCrash'.
15:27:49.937 Warning Message: Size: '/' not an array
15:27:49.937 Warning Message: No entry 'bin\config.bin/CfgWeapons/MassMP153Short.soundLandCrash'.
15:27:49.937 Warning Message: Size: '/' not an array
15:27:49.937 Warning Message: No entry 'bin\config.bin/CfgWeapons/MassMP153Short.soundWaterCrash'.
15:27:49.937 Warning Message: Size: '/' not an array
15:27:49.937 Warning Message: No entry 'bin\config.bin/CfgWeapons/MassMP153Short.reversed'.
15:27:49.937 Warning Message: Trying to access error value.
15:27:49.937 Warning Message: No entry 'bin\config.bin/CfgWeapons/MassMP153Short.muzzles'.
15:27:49.937 Warning Message: Size: '/' not an array
15:27:49.937 Warning Message: No entry 'bin\config.bin/CfgWeapons/MassStevens301.simulation'.
15:27:49.937 Warning Message: Trying to access error value.
15:27:49.937 Warning Message: No entry 'bin\config.bin/CfgWeapons/MassStevens301.model'.
15:27:49.937 Warning Message: Trying to access error value.
15:27:49.937 Warning Message: No entry 'bin\config.bin/CfgWeapons/MassStevens301.simulation'.
15:27:49.937 Warning Message: Trying to access error value.
15:27:49.937 Warning Message: No entry 'bin\config.bin/CfgWeapons/MassStevens301.displayName'.
15:27:49.937 Warning Message: Trying to access error value.
15:27:49.937 Warning Message: No entry 'bin\config.bin/CfgWeapons/MassStevens301.destrType'.
15:27:49.937 Warning Message: Trying to access error value.
15:27:49.937 Warning Message: No entry 'bin\config.bin/CfgWeapons/MassStevens301.itemsCargoSize'.
15:27:49.937 Warning Message: No entry 'bin\config.bin/CfgWeapons/MassStevens301.clothingType'.
15:27:49.937 Warning Message: Trying to access error value.
15:27:49.937 Warning Message: No entry 'bin\config.bin/CfgWeapons/MassStevens301.soundEngine'.
15:27:49.937 Warning Message: Size: '/' not an array
15:27:49.937 Warning Message: No entry 'bin\config.bin/CfgWeapons/MassStevens301.soundCrash'.
15:27:49.937 Warning Message: Size: '/' not an array
15:27:49.937 Warning Message: No entry 'bin\config.bin/CfgWeapons/MassStevens301.soundLandCrash'.
15:27:49.937 Warning Message: Size: '/' not an array
15:27:49.937 Warning Message: No entry 'bin\config.bin/CfgWeapons/MassStevens301.soundWaterCrash'.
15:27:49.937 Warning Message: Size: '/' not an array
15:27:49.937 Warning Message: No entry 'bin\config.bin/CfgWeapons/MassStevens301.reversed'.
15:27:49.937 Warning Message: Trying to access error value.
15:27:49.937 Warning Message: No entry 'bin\config.bin/CfgWeapons/MassStevens301.muzzles'.
15:27:49.937 Warning Message: Size: '/' not an array
15:27:49.937 Warning Message: No entry 'bin\config.bin/CfgWeapons/MassStevens301SuperShort.simulation'.
15:27:49.937 Warning Message: Trying to access error value.
15:27:49.937 Warning Message: No entry 'bin\config.bin/CfgWeapons/MassStevens301SuperShort.model'.
15:27:49.937 Warning Message: Trying to access error value.
15:27:49.937 Warning Message: No entry 'bin\config.bin/CfgWeapons/MassStevens301SuperShort.simulation'.
15:27:49.937 Warning Message: Trying to access error value.
15:27:49.937 Warning Message: No entry 'bin\config.bin/CfgWeapons/MassStevens301SuperShort.displayName'.
15:27:49.937 Warning Message: Trying to access error value.
15:27:49.937 Warning Message: No entry 'bin\config.bin/CfgWeapons/MassStevens301SuperShort.destrType'.
15:27:49.937 Warning Message: Trying to access error value.
15:27:49.937 Warning Message: No entry 'bin\config.bin/CfgWeapons/MassStevens301SuperShort.itemsCargoSize'.
15:27:49.937 Warning Message: No entry 'bin\config.bin/CfgWeapons/MassStevens301SuperShort.clothingType'.
15:27:49.937 Warning Message: Trying to access error value.
15:27:49.937 Warning Message: No entry 'bin\config.bin/CfgWeapons/MassStevens301SuperShort.soundEngine'.
15:27:49.937 Warning Message: Size: '/' not an array
15:27:49.937 Warning Message: No entry 'bin\config.bin/CfgWeapons/MassStevens301SuperShort.soundCrash'.
15:27:49.937 Warning Message: Size: '/' not an array
15:27:49.937 Warning Message: No entry 'bin\config.bin/CfgWeapons/MassStevens301SuperShort.soundLandCrash'.
15:27:49.937 Warning Message: Size: '/' not an array
15:27:49.937 Warning Message: No entry 'bin\config.bin/CfgWeapons/MassStevens301SuperShort.soundWaterCrash'.
15:27:49.937 Warning Message: Size: '/' not an array
15:27:49.937 Warning Message: No entry 'bin\config.bin/CfgWeapons/MassStevens301SuperShort.reversed'.
15:27:49.937 Warning Message: Trying to access error value.
15:27:49.937 Warning Message: No entry 'bin\config.bin/CfgWeapons/MassStevens301SuperShort.muzzles'.
15:27:49.937 Warning Message: Size: '/' not an array
15:27:49.953 ANIMATION    : PreloadAnimationSets
15:27:49.953 Warning Message: 'access/' is not a class ('EnfAnimSys' accessed)
15:27:51.61  PreloadAnimationSets
15:27:51.61   ANIMATION    : AnimSetInstance load @"{0F5E6205A5E823C3}dz/anims/workspaces/player/player_main/player_main.asi"
15:27:51.61    RESOURCES (E): Failed to open object @"SurvivorAnimsExtras/animations/extras/p_cro_CustomAction_01_in.anm"
15:27:51.61    RESOURCES (E): Failed to open object @"SurvivorAnimsExtras/animations/extras/p_cro_CustomAction_01_loop.anm"
15:27:51.61    RESOURCES (E): Failed to open object @"SurvivorAnimsExtras/animations/extras/p_cro_CustomAction_01_out.anm"
15:27:51.61    RESOURCES (E): Failed to open object @"SurvivorAnimsExtras/animations/extras/p_erc_CustomAction_01_in.anm"
15:27:51.61    RESOURCES (E): Failed to open object @"SurvivorAnimsExtras/animations/extras/p_erc_CustomAction_01_loop.anm"
15:27:51.61    RESOURCES (E): Failed to open object @"SurvivorAnimsExtras/animations/extras/p_erc_CustomAction_01_out.anm"
15:27:51.61    RESOURCES (E): Failed to open object @"SurvivorAnimsExtras/animations/extras/p_cro_CustomAction_02_in.anm"
15:27:51.61    RESOURCES (E): Failed to open object @"SurvivorAnimsExtras/animations/extras/p_cro_CustomAction_02_loop.anm"
15:27:51.61    RESOURCES (E): Failed to open object @"SurvivorAnimsExtras/animations/extras/p_cro_CustomAction_02_out.anm"
15:27:51.61    RESOURCES (E): Failed to open object @"SurvivorAnimsExtras/animations/extras/p_erc_CustomAction_02_in.anm"
15:27:51.61    RESOURCES (E): Failed to open object @"SurvivorAnimsExtras/animations/extras/p_erc_CustomAction_02_loop.anm"
15:27:51.61    RESOURCES (E): Failed to open object @"SurvivorAnimsExtras/animations/extras/p_erc_CustomAction_02_out.anm"
15:27:51.61    RESOURCES (E): Failed to open object @"SurvivorAnimsExtras/animations/extras/p_cro_FB_CustomAction_01_in.anm"
15:27:51.61    RESOURCES (E): Failed to open object @"SurvivorAnimsExtras/animations/extras/p_cro_FB_CustomAction_01_loop.anm"
15:27:51.61    RESOURCES (E): Failed to open object @"SurvivorAnimsExtras/animations/extras/p_cro_FB_CustomAction_01_out.anm"
15:27:51.61    RESOURCES (E): Failed to open object @"SurvivorAnimsExtras/animations/extras/p_erc_FB_CustomAction_01_in.anm"
15:27:51.61    RESOURCES (E): Failed to open object @"SurvivorAnimsExtras/animations/extras/p_erc_FB_CustomAction_01_loop.anm"
15:27:51.61    RESOURCES (E): Failed to open object @"SurvivorAnimsExtras/animations/extras/p_erc_FB_CustomAction_01_out.anm"
15:27:51.61    RESOURCES (E): Failed to open object @"SurvivorAnimsExtras/animations/extras/p_cro_FB_CustomAction_02_in.anm"
15:27:51.61    RESOURCES (E): Failed to open object @"SurvivorAnimsExtras/animations/extras/p_cro_FB_CustomAction_02_loop.anm"
15:27:51.61    RESOURCES (E): Failed to open object @"SurvivorAnimsExtras/animations/extras/p_cro_FB_CustomAction_02_out.anm"
15:27:51.61    RESOURCES (E): Failed to open object @"SurvivorAnimsExtras/animations/extras/p_erc_FB_CustomAction_02_in.anm"
15:27:51.61    RESOURCES (E): Failed to open object @"SurvivorAnimsExtras/animations/extras/p_erc_FB_CustomAction_02_loop.anm"
15:27:51.61    RESOURCES (E): Failed to open object @"SurvivorAnimsExtras/animations/extras/p_erc_FB_CustomAction_02_out.anm"
15:27:51.61    RESOURCES (E): Failed to open object @"SurvivorAnimsExtras/animations/extras/p_cro_FB_CustomAction_03_in.anm"
15:27:51.61    RESOURCES (E): Failed to open object @"SurvivorAnimsExtras/animations/extras/p_cro_FB_CustomAction_03_loop.anm"
15:27:51.61    RESOURCES (E): Failed to open object @"SurvivorAnimsExtras/animations/extras/p_cro_FB_CustomAction_03_out.anm"
15:27:51.61    RESOURCES (E): Failed to open object @"SurvivorAnimsExtras/animations/extras/p_erc_FB_CustomAction_03_in.anm"
15:27:51.61    RESOURCES (E): Failed to open object @"SurvivorAnimsExtras/animations/extras/p_erc_FB_CustomAction_03_loop.anm"
15:27:51.61    RESOURCES (E): Failed to open object @"SurvivorAnimsExtras/animations/extras/p_erc_FB_CustomAction_03_out.anm"
15:27:51.61    RESOURCES (E): Failed to open object @"SurvivorAnimsExtras/animations/extras/p_cro_FB_CustomAction_04_in.anm"
15:27:51.61    RESOURCES (E): Failed to open object @"SurvivorAnimsExtras/animations/extras/p_cro_FB_CustomAction_04_loop.anm"
15:27:51.61    RESOURCES (E): Failed to open object @"SurvivorAnimsExtras/animations/extras/p_cro_FB_CustomAction_04_out.anm"
15:27:51.61    RESOURCES (E): Failed to open object @"SurvivorAnimsExtras/animations/extras/p_erc_FB_CustomAction_04_in.anm"
15:27:51.61    RESOURCES (E): Failed to open object @"SurvivorAnimsExtras/animations/extras/p_erc_FB_CustomAction_04_loop.anm"
15:27:51.61    RESOURCES (E): Failed to open object @"SurvivorAnimsExtras/animations/extras/p_erc_FB_CustomAction_04_out.anm"
15:27:51.61    RESOURCES (E): Failed to open object @"SurvivorAnimsExtras/animations/extras/p_cro_FB_CustomAction_05_in.anm"
15:27:51.61    RESOURCES (E): Failed to open object @"SurvivorAnimsExtras/animations/extras/p_cro_FB_CustomAction_05_loop.anm"
15:27:51.61    RESOURCES (E): Failed to open object @"SurvivorAnimsExtras/animations/extras/p_cro_FB_CustomAction_05_out.anm"
15:27:51.61    RESOURCES (E): Failed to open object @"SurvivorAnimsExtras/animations/extras/p_erc_FB_CustomAction_05_in.anm"
15:27:51.61    RESOURCES (E): Failed to open object @"SurvivorAnimsExtras/animations/extras/p_erc_FB_CustomAction_05_loop.anm"
15:27:51.61    RESOURCES (E): Failed to open object @"SurvivorAnimsExtras/animations/extras/p_erc_FB_CustomAction_05_out.anm"
15:27:51.139   RESOURCES (E): Failed to open object @"SurvivorAnimsExtras/animations/extras/p_cro_CustomActionOnce_01.anm"
15:27:51.139   RESOURCES (E): Failed to open object @"SurvivorAnimsExtras/animations/extras/p_erc_CustomActionOnce_01.anm"
15:27:51.139   RESOURCES (E): Failed to open object @"SurvivorAnimsExtras/animations/extras/p_pne_FB_CustomActionOnce_01.anm"
15:27:51.139   RESOURCES (E): Failed to open object @"SurvivorAnimsExtras/animations/extras/p_cro_CustomActionOnce_02.anm"
15:27:51.139   RESOURCES (E): Failed to open object @"SurvivorAnimsExtras/animations/extras/p_erc_CustomActionOnce_02.anm"
15:27:51.139   RESOURCES (E): Failed to open object @"SurvivorAnimsExtras/animations/extras/p_pne_FB_CustomActionOnce_02.anm"
15:27:51.139   RESOURCES (E): Failed to open object @"SurvivorAnimsExtras/animations/extras/p_cro_CustomActionOnce_03.anm"
15:27:51.139   RESOURCES (E): Failed to open object @"SurvivorAnimsExtras/animations/extras/p_erc_CustomActionOnce_03.anm"
15:27:51.140   RESOURCES (E): Failed to open object @"SurvivorAnimsExtras/animations/extras/p_pne_FB_CustomActionOnce_03.anm"
15:27:51.140   RESOURCES (E): Failed to open object @"SurvivorAnimsExtras/animations/extras/p_cro_CustomActionOnce_04.anm"
15:27:51.140   RESOURCES (E): Failed to open object @"SurvivorAnimsExtras/animations/extras/p_erc_CustomActionOnce_04.anm"
15:27:51.140   RESOURCES (E): Failed to open object @"SurvivorAnimsExtras/animations/extras/p_pne_FB_CustomActionOnce_04.anm"
15:27:51.140   RESOURCES (E): Failed to open object @"SurvivorAnimsExtras/animations/extras/p_cro_CustomActionOnce_05.anm"
15:27:51.140   RESOURCES (E): Failed to open object @"SurvivorAnimsExtras/animations/extras/p_erc_CustomActionOnce_05.anm"
15:27:51.140   RESOURCES (E): Failed to open object @"SurvivorAnimsExtras/animations/extras/p_pne_FB_CustomActionOnce_05.anm"
15:27:51.372   RESOURCES (E): Failed to open object @"SurvivorAnimsExtras/animations/extras/p_erc_CustomEmote_01_in.anm"
15:27:51.372   RESOURCES (E): Failed to open object @"SurvivorAnimsExtras/animations/extras/p_erc_CustomEmote_01_loop.anm"
15:27:51.372   RESOURCES (E): Failed to open object @"SurvivorAnimsExtras/animations/extras/p_erc_CustomEmote_01_out.anm"
15:27:51.372   RESOURCES (E): Failed to open object @"SurvivorAnimsExtras/animations/extras/p_erc_CustomEmote_02_in.anm"
15:27:51.372   RESOURCES (E): Failed to open object @"SurvivorAnimsExtras/animations/extras/p_erc_CustomEmote_02_loop.anm"
15:27:51.372   RESOURCES (E): Failed to open object @"SurvivorAnimsExtras/animations/extras/p_erc_CustomEmote_02_out.anm"
15:27:51.372   RESOURCES (E): Failed to open object @"SurvivorAnimsExtras/animations/extras/p_erc_CustomEmote_03_in.anm"
15:27:51.372   RESOURCES (E): Failed to open object @"SurvivorAnimsExtras/animations/extras/p_erc_CustomEmote_03_loop.anm"
15:27:51.372   RESOURCES (E): Failed to open object @"SurvivorAnimsExtras/animations/extras/p_erc_CustomEmote_03_out.anm"
15:27:51.372   RESOURCES (E): Failed to open object @"SurvivorAnimsExtras/animations/extras/p_erc_CustomEmote_04_in.anm"
15:27:51.372   RESOURCES (E): Failed to open object @"SurvivorAnimsExtras/animations/extras/p_erc_CustomEmote_04_loop.anm"
15:27:51.372   RESOURCES (E): Failed to open object @"SurvivorAnimsExtras/animations/extras/p_erc_CustomEmote_04_out.anm"
15:27:51.372   RESOURCES (E): Failed to open object @"SurvivorAnimsExtras/animations/extras/p_erc_CustomEmote_05_in.anm"
15:27:51.372   RESOURCES (E): Failed to open object @"SurvivorAnimsExtras/animations/extras/p_erc_CustomEmote_05_loop.anm"
15:27:51.372   RESOURCES (E): Failed to open object @"SurvivorAnimsExtras/animations/extras/p_erc_CustomEmote_05_out.anm"
15:27:51.372   RESOURCES (E): Failed to open object @"SurvivorAnimsExtras/animations/extras/p_erc_CustomEmote_06_in.anm"
15:27:51.372   RESOURCES (E): Failed to open object @"SurvivorAnimsExtras/animations/extras/p_erc_CustomEmote_06_loop.anm"
15:27:51.372   RESOURCES (E): Failed to open object @"SurvivorAnimsExtras/animations/extras/p_erc_CustomEmote_06_out.anm"
15:27:51.372   RESOURCES (E): Failed to open object @"SurvivorAnimsExtras/animations/extras/p_erc_CustomEmote_07_in.anm"
15:27:51.372   RESOURCES (E): Failed to open object @"SurvivorAnimsExtras/animations/extras/p_erc_CustomEmote_07_loop.anm"
15:27:51.372   RESOURCES (E): Failed to open object @"SurvivorAnimsExtras/animations/extras/p_erc_CustomEmote_07_out.anm"
15:27:51.372   RESOURCES (E): Failed to open object @"SurvivorAnimsExtras/animations/extras/p_erc_CustomEmote_08_in.anm"
15:27:51.372   RESOURCES (E): Failed to open object @"SurvivorAnimsExtras/animations/extras/p_erc_CustomEmote_08_loop.anm"
15:27:51.372   RESOURCES (E): Failed to open object @"SurvivorAnimsExtras/animations/extras/p_erc_CustomEmote_08_out.anm"
15:27:51.372   RESOURCES (E): Failed to open object @"SurvivorAnimsExtras/animations/extras/p_erc_CustomEmote_09_in.anm"
15:27:51.372   RESOURCES (E): Failed to open object @"SurvivorAnimsExtras/animations/extras/p_erc_CustomEmote_09_loop.anm"
15:27:51.372   RESOURCES (E): Failed to open object @"SurvivorAnimsExtras/animations/extras/p_erc_CustomEmote_09_out.anm"
15:27:51.372   RESOURCES (E): Failed to open object @"SurvivorAnimsExtras/animations/extras/p_erc_CustomEmote_10_in.anm"
15:27:51.372   RESOURCES (E): Failed to open object @"SurvivorAnimsExtras/animations/extras/p_erc_CustomEmote_10_loop.anm"
15:27:51.372   RESOURCES (E): Failed to open object @"SurvivorAnimsExtras/animations/extras/p_erc_CustomEmote_10_out.anm"
15:27:51.372   RESOURCES (E): Failed to open object @"SurvivorAnimsExtras/animations/extras/p_erc_CustomEmote_11_in.anm"
15:27:51.372   RESOURCES (E): Failed to open object @"SurvivorAnimsExtras/animations/extras/p_erc_CustomEmote_11_loop.anm"
15:27:51.372   RESOURCES (E): Failed to open object @"SurvivorAnimsExtras/animations/extras/p_erc_CustomEmote_11_out.anm"
15:27:51.372   RESOURCES (E): Failed to open object @"SurvivorAnimsExtras/animations/extras/p_erc_CustomEmote_12_in.anm"
15:27:51.372   RESOURCES (E): Failed to open object @"SurvivorAnimsExtras/animations/extras/p_erc_CustomEmote_12_loop.anm"
15:27:51.372   RESOURCES (E): Failed to open object @"SurvivorAnimsExtras/animations/extras/p_erc_CustomEmote_12_out.anm"
15:27:51.372   RESOURCES (E): Failed to open object @"SurvivorAnimsExtras/animations/extras/p_erc_CustomEmote_13_in.anm"
15:27:51.372   RESOURCES (E): Failed to open object @"SurvivorAnimsExtras/animations/extras/p_erc_CustomEmote_13_loop.anm"
15:27:51.372   RESOURCES (E): Failed to open object @"SurvivorAnimsExtras/animations/extras/p_erc_CustomEmote_13_out.anm"
15:27:51.372   RESOURCES (E): Failed to open object @"SurvivorAnimsExtras/animations/extras/p_erc_CustomEmote_14_in.anm"
15:27:51.372   RESOURCES (E): Failed to open object @"SurvivorAnimsExtras/animations/extras/p_erc_CustomEmote_14_loop.anm"
15:27:51.372   RESOURCES (E): Failed to open object @"SurvivorAnimsExtras/animations/extras/p_erc_CustomEmote_14_out.anm"
15:27:51.372   RESOURCES (E): Failed to open object @"SurvivorAnimsExtras/animations/extras/p_erc_CustomEmote_15_in.anm"
15:27:51.373   RESOURCES (E): Failed to open object @"SurvivorAnimsExtras/animations/extras/p_erc_CustomEmote_15_loop.anm"
15:27:51.373   RESOURCES (E): Failed to open object @"SurvivorAnimsExtras/animations/extras/p_erc_CustomEmote_15_out.anm"
15:27:51.373   RESOURCES (E): Failed to open object @"SurvivorAnimsExtras/animations/extras/p_erc_CustomEmote_16_in.anm"
15:27:51.373   RESOURCES (E): Failed to open object @"SurvivorAnimsExtras/animations/extras/p_erc_CustomEmote_16_loop.anm"
15:27:51.373   RESOURCES (E): Failed to open object @"SurvivorAnimsExtras/animations/extras/p_erc_CustomEmote_16_out.anm"
15:27:51.409   RESOURCES (E): Failed to open object @"SurvivorAnimsExtras/animations/extras/p_cro_CustomEmoteOnce_01.anm"
15:27:51.409   RESOURCES (E): Failed to open object @"SurvivorAnimsExtras/animations/extras/p_erc_CustomEmoteOnce_01.anm"
15:27:51.409   RESOURCES (E): Failed to open object @"SurvivorAnimsExtras/animations/extras/p_pne_CustomEmoteOnce_01.anm"
15:27:51.409   RESOURCES (E): Failed to open object @"SurvivorAnimsExtras/animations/extras/p_erc_CustomEmoteOnce_02.anm"
15:27:51.409   RESOURCES (E): Failed to open object @"SurvivorAnimsExtras/animations/extras/p_erc_CustomEmoteOnce_03.anm"
15:27:51.409   RESOURCES (E): Failed to open object @"SurvivorAnimsExtras/animations/extras/p_erc_CustomEmoteOnce_04.anm"
15:27:51.409   RESOURCES (E): Failed to open object @"SurvivorAnimsExtras/animations/extras/p_erc_CustomEmoteOnce_05.anm"
15:27:51.409   RESOURCES (E): Failed to open object @"SurvivorAnimsExtras/animations/extras/p_erc_CustomEmoteOnce_06.anm"
15:27:51.409   RESOURCES (E): Failed to open object @"SurvivorAnimsExtras/animations/extras/p_erc_CustomEmoteOnce_07.anm"
15:27:51.409   RESOURCES (E): Failed to open object @"SurvivorAnimsExtras/animations/extras/p_erc_CustomEmoteOnce_08.anm"
15:27:51.409   RESOURCES (E): Failed to open object @"SurvivorAnimsExtras/animations/extras/p_erc_CustomEmoteOnce_09.anm"
15:27:51.409   RESOURCES (E): Failed to open object @"SurvivorAnimsExtras/animations/extras/p_erc_CustomEmoteOnce_10.anm"
15:27:51.409   RESOURCES (E): Failed to open object @"SurvivorAnimsExtras/animations/extras/p_cro_FB_CustomEmoteOnce_01.anm"
15:27:51.409   RESOURCES (E): Failed to open object @"SurvivorAnimsExtras/animations/extras/p_erc_FB_CustomEmoteOnce_01.anm"
15:27:51.409   RESOURCES (E): Failed to open object @"SurvivorAnimsExtras/animations/extras/p_pne_FB_CustomEmoteOnce_01.anm"
15:27:52.868 PROFILING    : PreloadAnimationSets took: 2914.516300 ms
15:27:52.871 Warning: No components in dz\gear\camping\mediumtent.p3d:geometryView
15:27:52.872 Warning: No components in dz\gear\camping\proxies\mediumtentcamonetproxy.p3d:geometry
15:27:52.872 Warning: No components in dz\gear\camping\proxies\mediumtentcamonetproxy.p3d:geometryFire
15:27:52.872 Warning: No components in dz\gear\camping\proxies\mediumtentcamonetproxy.p3d:geometryView
15:27:52.879 Convex "component01" selection faces are less then 4 in dz\gear\camping\largetent.p3d:geometry
15:27:52.879 Convex "component02" selection faces are less then 4 in dz\gear\camping\largetent.p3d:geometry
15:27:52.879 Convex "component01" selection faces are less then 4 in dz\gear\camping\largetent.p3d:geometryFire
15:27:52.879 Convex "component02" selection faces are less then 4 in dz\gear\camping\largetent.p3d:geometryFire
15:27:52.880 Convex "component01" selection faces are less then 4 in dz\gear\camping\largetent.p3d:geometryView
15:27:52.880 Convex "component02" selection faces are less then 4 in dz\gear\camping\largetent.p3d:geometryView
15:27:52.880 Warning: No components in dz\gear\camping\largetent.p3d:geometryView
15:27:52.880 DamageSystem Warning: Selection  doesn't exists in fire geometry for entity LargeTent
15:27:52.892 Warning: No components in dz\gear\camping\cartent.p3d:geometryView
15:27:52.893 Warning: No components in dz\gear\camping\proxies\cartentcamonetproxy.p3d:geometry
15:27:52.893 Warning: No components in dz\gear\camping\proxies\cartentcamonetproxy.p3d:geometryFire
15:27:52.893 Warning: No components in dz\gear\camping\proxies\cartentcamonetproxy.p3d:geometryView
15:27:52.898 Warning: No components in dz\gear\camping\party_tent.p3d:geometryView
15:27:52.898 DamageSystem Warning: Selection  doesn't exists in fire geometry for entity PartyTent
15:27:52.901 Warning: No components in dz\gear\camping\proxies\partytentpackproxy.p3d:geometry
15:27:52.901 Warning: No components in dz\gear\camping\proxies\partytentpackproxy.p3d:geometryFire
15:27:52.903 Warning: No components in dz\gear\camping\proxies\partytentcamo1closedproxy.p3d:geometry
15:27:52.903 Warning: No components in dz\gear\camping\proxies\partytentcamo2closedproxy.p3d:geometry
15:27:52.904 Warning: No components in dz\gear\camping\proxies\partytentcamo3closedproxy.p3d:geometry
15:27:52.904 Warning: No components in dz\gear\camping\proxies\partytentcamo4closedproxy.p3d:geometry
15:27:52.904 Warning: No components in dz\gear\camping\proxies\partytentcamo5closedproxy.p3d:geometry
15:27:52.904 Warning: No components in dz\gear\camping\proxies\partytentcamo6closedproxy.p3d:geometry
15:27:52.904 Warning: No components in dz\gear\camping\proxies\partytentcamoroofproxy.p3d:geometry
15:27:52.904 Warning: No components in dz\gear\camping\proxies\partytentcamo1openedproxy.p3d:geometry
15:27:52.904 Warning: No components in dz\gear\camping\proxies\partytentcamo2openedproxy.p3d:geometry
15:27:52.904 Warning: No components in dz\gear\camping\proxies\partytentcamo3openedproxy.p3d:geometry
15:27:52.904 Warning: No components in dz\gear\camping\proxies\partytentcamo4openedproxy.p3d:geometry
15:27:52.904 Warning: No components in dz\gear\camping\proxies\partytentcamo5openedproxy.p3d:geometry
15:27:52.904 Warning: No components in dz\gear\camping\proxies\partytentcamo6openedproxy.p3d:geometry
15:27:52.906 DamageSystem Warning: Selection  doesn't exists in fire geometry for entity PartyTent_Blue
15:27:52.908 DamageSystem Warning: Selection  doesn't exists in fire geometry for entity PartyTent_Brown
15:27:52.909 DamageSystem Warning: Selection  doesn't exists in fire geometry for entity PartyTent_Lunapark
15:27:52.932 Warning: No components in dz\gear\camping\proxies\roof.p3d:geometryFire
15:27:52.934 Warning: No components in dz\gear\camping\proxies\camonet.p3d:geometry
15:27:52.934 Warning: No components in dz\gear\camping\proxies\camonet.p3d:geometryFire
15:27:52.935 Warning: No components in dz\gear\camping\proxies\barbedwire_mounted.p3d:geometry
15:27:52.935 Warning: No components in dz\gear\camping\proxies\barbedwire_mounted.p3d:geometryView
15:27:52.935 Warning: No components in dz\gear\camping\proxies\barbedwire_mounted_up.p3d:geometryView
15:27:52.935 !!! Wrong inventory shape="dz\gear\consumables\single_metal_sheet.p3d", proxyType="Proxysingle_metal_sheet", curr_slot=-1, props_size=3331
15:27:52.935 !!! Wrong inventory shape="dz\gear\consumables\single_metal_sheet.p3d", proxyType="Proxysingle_metal_sheet", curr_slot=-1, props_size=3331
15:27:52.935 !!! Wrong inventory shape="dz\gear\consumables\single_metal_sheet.p3d", proxyType="Proxysingle_metal_sheet", curr_slot=-1, props_size=3331
15:27:52.935 !!! Wrong inventory shape="dz\gear\consumables\single_metal_sheet.p3d", proxyType="Proxysingle_metal_sheet", curr_slot=-1, props_size=3331
15:27:52.935 !!! Wrong inventory shape="dz\gear\consumables\single_metal_sheet.p3d", proxyType="Proxysingle_metal_sheet", curr_slot=-1, props_size=3331
15:27:52.935 !!! Wrong inventory shape="dz\gear\consumables\single_metal_sheet.p3d", proxyType="Proxysingle_metal_sheet", curr_slot=-1, props_size=3331
15:27:52.935 !!! Wrong inventory shape="dz\gear\consumables\single_metal_sheet.p3d", proxyType="Proxysingle_metal_sheet", curr_slot=-1, props_size=3331
15:27:52.935 !!! Wrong inventory shape="dz\gear\consumables\single_metal_sheet.p3d", proxyType="Proxysingle_metal_sheet", curr_slot=-1, props_size=3331
15:27:52.935 !!! Wrong inventory shape="dz\gear\consumables\single_metal_sheet.p3d", proxyType="Proxysingle_metal_sheet", curr_slot=-1, props_size=3331
15:27:52.935 !!! Wrong inventory shape="dz\gear\consumables\single_metal_sheet.p3d", proxyType="Proxysingle_metal_sheet", curr_slot=-1, props_size=3331
15:27:52.935 !!! Wrong inventory shape="dz\gear\consumables\single_metal_sheet.p3d", proxyType="Proxysingle_metal_sheet", curr_slot=-1, props_size=3331
15:27:52.935 !!! Wrong inventory shape="dz\gear\consumables\single_metal_sheet.p3d", proxyType="Proxysingle_metal_sheet", curr_slot=-1, props_size=3331
15:27:52.935 !!! Wrong inventory shape="dz\gear\consumables\single_metal_sheet.p3d", proxyType="Proxysingle_metal_sheet", curr_slot=-1, props_size=3331
15:27:52.935 !!! Wrong inventory shape="dz\gear\consumables\single_metal_sheet.p3d", proxyType="Proxysingle_metal_sheet", curr_slot=-1, props_size=3331
15:27:52.935 !!! Wrong inventory shape="dz\gear\consumables\single_metal_sheet.p3d", proxyType="Proxysingle_metal_sheet", curr_slot=-1, props_size=3331
15:27:52.935 !!! Wrong inventory shape="dz\gear\consumables\single_metal_sheet.p3d", proxyType="Proxysingle_metal_sheet", curr_slot=-1, props_size=3331
15:27:52.935 !!! Wrong inventory shape="dz\gear\consumables\single_metal_sheet.p3d", proxyType="Proxysingle_metal_sheet", curr_slot=-1, props_size=3331
15:27:52.935 !!! Wrong inventory shape="dz\gear\consumables\single_metal_sheet.p3d", proxyType="Proxysingle_metal_sheet", curr_slot=-1, props_size=3331
15:27:52.935 !!! Wrong inventory shape="dz\gear\consumables\single_metal_sheet.p3d", proxyType="Proxysingle_metal_sheet", curr_slot=-1, props_size=3331
15:27:52.935 !!! Wrong inventory shape="dz\gear\consumables\single_metal_sheet.p3d", proxyType="Proxysingle_metal_sheet", curr_slot=-1, props_size=3331
15:27:52.935 !!! Wrong inventory shape="dz\gear\consumables\single_metal_sheet.p3d", proxyType="Proxysingle_metal_sheet", curr_slot=-1, props_size=3331
15:27:52.935 !!! Wrong inventory shape="dz\gear\consumables\single_metal_sheet.p3d", proxyType="Proxysingle_metal_sheet", curr_slot=-1, props_size=3331
15:27:52.935 !!! Wrong inventory shape="dz\gear\consumables\single_metal_sheet.p3d", proxyType="Proxysingle_metal_sheet", curr_slot=-1, props_size=3331
15:27:52.935 !!! Wrong inventory shape="dz\gear\consumables\single_metal_sheet.p3d", proxyType="Proxysingle_metal_sheet", curr_slot=-1, props_size=3331
15:27:52.935 !!! Wrong inventory shape="dz\gear\consumables\single_metal_sheet.p3d", proxyType="Proxysingle_metal_sheet", curr_slot=-1, props_size=3331
15:27:52.935 !!! Wrong inventory shape="dz\gear\consumables\single_metal_sheet.p3d", proxyType="Proxysingle_metal_sheet", curr_slot=-1, props_size=3331
15:27:52.935 !!! Wrong inventory shape="dz\gear\consumables\single_metal_sheet.p3d", proxyType="Proxysingle_metal_sheet", curr_slot=-1, props_size=3331
15:27:52.935 !!! Wrong inventory shape="dz\gear\consumables\single_metal_sheet.p3d", proxyType="Proxysingle_metal_sheet", curr_slot=-1, props_size=3331
15:27:52.935 !!! Wrong inventory shape="dz\gear\consumables\single_metal_sheet.p3d", proxyType="Proxysingle_metal_sheet", curr_slot=-1, props_size=3331
15:27:52.935 !!! Wrong inventory shape="dz\gear\consumables\single_metal_sheet.p3d", proxyType="Proxysingle_metal_sheet", curr_slot=-1, props_size=3331
15:27:52.935 !!! Wrong inventory shape="dz\gear\consumables\single_metal_sheet.p3d", proxyType="Proxysingle_metal_sheet", curr_slot=-1, props_size=3331
15:27:52.935 !!! Wrong inventory shape="dz\gear\consumables\single_metal_sheet.p3d", proxyType="Proxysingle_metal_sheet", curr_slot=-1, props_size=3331
15:27:52.935 !!! Wrong inventory shape="dz\gear\consumables\single_metal_sheet.p3d", proxyType="Proxysingle_metal_sheet", curr_slot=-1, props_size=3331
15:27:52.935 !!! Wrong inventory shape="dz\gear\consumables\single_metal_sheet.p3d", proxyType="Proxysingle_metal_sheet", curr_slot=-1, props_size=3331
15:27:52.935 !!! Wrong inventory shape="dz\gear\consumables\single_metal_sheet.p3d", proxyType="Proxysingle_metal_sheet", curr_slot=-1, props_size=3331
15:27:52.935 !!! Wrong inventory shape="dz\gear\consumables\single_metal_sheet.p3d", proxyType="Proxysingle_metal_sheet", curr_slot=-1, props_size=3331
15:27:52.935 !!! Wrong inventory shape="dz\gear\consumables\single_metal_sheet.p3d", proxyType="Proxysingle_metal_sheet", curr_slot=-1, props_size=3331
15:27:52.935 !!! Wrong inventory shape="dz\gear\consumables\single_metal_sheet.p3d", proxyType="Proxysingle_metal_sheet", curr_slot=-1, props_size=3331
15:27:52.935 !!! Wrong inventory shape="dz\gear\consumables\single_metal_sheet.p3d", proxyType="Proxysingle_metal_sheet", curr_slot=-1, props_size=3331
15:27:52.935 !!! Wrong inventory shape="dz\gear\consumables\single_metal_sheet.p3d", proxyType="Proxysingle_metal_sheet", curr_slot=-1, props_size=3331
15:27:52.935 !!! Wrong inventory shape="dz\gear\consumables\single_metal_sheet.p3d", proxyType="Proxysingle_metal_sheet", curr_slot=-1, props_size=3331
15:27:52.935 !!! Wrong inventory shape="dz\gear\consumables\single_metal_sheet.p3d", proxyType="Proxysingle_metal_sheet", curr_slot=-1, props_size=3331
15:27:52.935 !!! Wrong inventory shape="dz\gear\consumables\single_metal_sheet.p3d", proxyType="Proxysingle_metal_sheet", curr_slot=-1, props_size=3331
15:27:52.935 !!! Wrong inventory shape="dz\gear\consumables\single_metal_sheet.p3d", proxyType="Proxysingle_metal_sheet", curr_slot=-1, props_size=3331
15:27:52.935 !!! Wrong inventory shape="dz\gear\consumables\single_metal_sheet.p3d", proxyType="Proxysingle_metal_sheet", curr_slot=-1, props_size=3331
15:27:52.935 !!! Wrong inventory shape="dz\gear\consumables\single_metal_sheet.p3d", proxyType="Proxysingle_metal_sheet", curr_slot=-1, props_size=3331
15:27:52.935 !!! Wrong inventory shape="dz\gear\consumables\single_metal_sheet.p3d", proxyType="Proxysingle_metal_sheet", curr_slot=-1, props_size=3331
15:27:52.935 !!! Wrong inventory shape="dz\gear\consumables\single_metal_sheet.p3d", proxyType="Proxysingle_metal_sheet", curr_slot=-1, props_size=3331
15:27:52.935 !!! Wrong inventory shape="dz\gear\consumables\single_metal_sheet.p3d", proxyType="Proxysingle_metal_sheet", curr_slot=-1, props_size=3331
15:27:52.935 !!! Wrong inventory shape="dz\gear\consumables\single_metal_sheet.p3d", proxyType="Proxysingle_metal_sheet", curr_slot=-1, props_size=3331
15:27:52.935 !!! Wrong inventory shape="dz\gear\consumables\single_metal_sheet.p3d", proxyType="Proxysingle_metal_sheet", curr_slot=-1, props_size=3331
15:27:52.935 !!! Wrong inventory shape="dz\gear\consumables\single_metal_sheet.p3d", proxyType="Proxysingle_metal_sheet", curr_slot=-1, props_size=3331
15:27:52.935 !!! Wrong inventory shape="dz\gear\consumables\single_metal_sheet.p3d", proxyType="Proxysingle_metal_sheet", curr_slot=-1, props_size=3331
15:27:52.935 !!! Wrong inventory shape="dz\gear\consumables\single_metal_sheet.p3d", proxyType="Proxysingle_metal_sheet", curr_slot=-1, props_size=3331
15:27:52.935 !!! Wrong inventory shape="dz\gear\consumables\single_metal_sheet.p3d", proxyType="Proxysingle_metal_sheet", curr_slot=-1, props_size=3331
15:27:52.935 !!! Wrong inventory shape="dz\gear\consumables\single_metal_sheet.p3d", proxyType="Proxysingle_metal_sheet", curr_slot=-1, props_size=3331
15:27:52.935 !!! Wrong inventory shape="dz\gear\consumables\single_metal_sheet.p3d", proxyType="Proxysingle_metal_sheet", curr_slot=-1, props_size=3331
15:27:52.936 !!! Wrong inventory shape="dz\gear\consumables\single_metal_sheet.p3d", proxyType="Proxysingle_metal_sheet", curr_slot=-1, props_size=3331
15:27:52.936 !!! Wrong inventory shape="dz\gear\consumables\single_metal_sheet.p3d", proxyType="Proxysingle_metal_sheet", curr_slot=-1, props_size=3331
15:27:52.936 !!! Wrong inventory shape="dz\gear\consumables\single_metal_sheet.p3d", proxyType="Proxysingle_metal_sheet", curr_slot=-1, props_size=3331
15:27:52.936 !!! Wrong inventory shape="dz\gear\consumables\single_metal_sheet.p3d", proxyType="Proxysingle_metal_sheet", curr_slot=-1, props_size=3331
15:27:52.936 !!! Wrong inventory shape="dz\gear\consumables\single_metal_sheet.p3d", proxyType="Proxysingle_metal_sheet", curr_slot=-1, props_size=3331
15:27:52.936 !!! Wrong inventory shape="dz\gear\consumables\single_metal_sheet.p3d", proxyType="Proxysingle_metal_sheet", curr_slot=-1, props_size=3331
15:27:52.936 !!! Wrong inventory shape="dz\gear\consumables\single_metal_sheet.p3d", proxyType="Proxysingle_metal_sheet", curr_slot=-1, props_size=3331
15:27:52.936 !!! Wrong inventory shape="dz\gear\consumables\single_metal_sheet.p3d", proxyType="Proxysingle_metal_sheet", curr_slot=-1, props_size=3331
15:27:52.936 !!! Wrong inventory shape="dz\gear\consumables\single_metal_sheet.p3d", proxyType="Proxysingle_metal_sheet", curr_slot=-1, props_size=3331
15:27:52.936 !!! Wrong inventory shape="dz\gear\consumables\single_metal_sheet.p3d", proxyType="Proxysingle_metal_sheet", curr_slot=-1, props_size=3331
15:27:52.936 !!! Wrong inventory shape="dz\gear\consumables\single_metal_sheet.p3d", proxyType="Proxysingle_metal_sheet", curr_slot=-1, props_size=3331
15:27:52.936 !!! Wrong inventory shape="dz\gear\consumables\single_metal_sheet.p3d", proxyType="Proxysingle_metal_sheet", curr_slot=-1, props_size=3331
15:27:52.936 !!! Wrong inventory shape="dz\gear\consumables\single_metal_sheet.p3d", proxyType="Proxysingle_metal_sheet", curr_slot=-1, props_size=3331
15:27:52.936 !!! Wrong inventory shape="dz\gear\consumables\single_metal_sheet.p3d", proxyType="Proxysingle_metal_sheet", curr_slot=-1, props_size=3331
15:27:52.936 !!! Wrong inventory shape="dz\gear\consumables\single_metal_sheet.p3d", proxyType="Proxysingle_metal_sheet", curr_slot=-1, props_size=3331
15:27:52.936 !!! Wrong inventory shape="dz\gear\consumables\single_metal_sheet.p3d", proxyType="Proxysingle_metal_sheet", curr_slot=-1, props_size=3331
15:27:52.936 !!! Wrong inventory shape="dz\gear\consumables\single_metal_sheet.p3d", proxyType="Proxysingle_metal_sheet", curr_slot=-1, props_size=3331
15:27:52.936 !!! Wrong inventory shape="dz\gear\consumables\single_metal_sheet.p3d", proxyType="Proxysingle_metal_sheet", curr_slot=-1, props_size=3331
15:27:52.936 !!! Wrong inventory shape="dz\gear\consumables\single_metal_sheet.p3d", proxyType="Proxysingle_metal_sheet", curr_slot=-1, props_size=3331
15:27:52.936 !!! Wrong inventory shape="dz\gear\consumables\single_metal_sheet.p3d", proxyType="Proxysingle_metal_sheet", curr_slot=-1, props_size=3331
15:27:52.936 !!! Wrong inventory shape="dz\gear\consumables\single_metal_sheet.p3d", proxyType="Proxysingle_metal_sheet", curr_slot=-1, props_size=3331
15:27:52.936 !!! Wrong inventory shape="dz\gear\consumables\single_metal_sheet.p3d", proxyType="Proxysingle_metal_sheet", curr_slot=-1, props_size=3331
15:27:52.936 !!! Wrong inventory shape="dz\gear\consumables\single_metal_sheet.p3d", proxyType="Proxysingle_metal_sheet", curr_slot=-1, props_size=3331
15:27:52.936 !!! Wrong inventory shape="dz\gear\consumables\single_metal_sheet.p3d", proxyType="Proxysingle_metal_sheet", curr_slot=-1, props_size=3331
15:27:52.936 !!! Wrong inventory shape="dz\gear\consumables\single_metal_sheet.p3d", proxyType="Proxysingle_metal_sheet", curr_slot=-1, props_size=3331
15:27:52.936 !!! Wrong inventory shape="dz\gear\consumables\single_metal_sheet.p3d", proxyType="Proxysingle_metal_sheet", curr_slot=-1, props_size=3331
15:27:52.936 !!! Wrong inventory shape="dz\gear\consumables\single_metal_sheet.p3d", proxyType="Proxysingle_metal_sheet", curr_slot=-1, props_size=3331
15:27:52.936 !!! Wrong inventory shape="dz\gear\consumables\single_metal_sheet.p3d", proxyType="Proxysingle_metal_sheet", curr_slot=-1, props_size=3331
15:27:52.936 !!! Wrong inventory shape="dz\gear\consumables\single_metal_sheet.p3d", proxyType="Proxysingle_metal_sheet", curr_slot=-1, props_size=3331
15:27:52.936 !!! Wrong inventory shape="dz\gear\consumables\single_metal_sheet.p3d", proxyType="Proxysingle_metal_sheet", curr_slot=-1, props_size=3331
15:27:52.936 !!! Wrong inventory shape="dz\gear\consumables\single_metal_sheet.p3d", proxyType="Proxysingle_metal_sheet", curr_slot=-1, props_size=3331
15:27:52.936 !!! Wrong inventory shape="dz\gear\consumables\single_metal_sheet.p3d", proxyType="Proxysingle_metal_sheet", curr_slot=-1, props_size=3331
15:27:52.936 !!! Wrong inventory shape="dz\gear\consumables\single_metal_sheet.p3d", proxyType="Proxysingle_metal_sheet", curr_slot=-1, props_size=3331
15:27:52.936 !!! Wrong inventory shape="dz\gear\consumables\single_metal_sheet.p3d", proxyType="Proxysingle_metal_sheet", curr_slot=-1, props_size=3331
15:27:52.936 !!! Wrong inventory shape="dz\gear\consumables\single_metal_sheet.p3d", proxyType="Proxysingle_metal_sheet", curr_slot=-1, props_size=3331
15:27:52.936 !!! Wrong inventory shape="dz\gear\consumables\single_metal_sheet.p3d", proxyType="Proxysingle_metal_sheet", curr_slot=-1, props_size=3331
15:27:52.936 !!! Wrong inventory shape="dz\gear\consumables\single_metal_sheet.p3d", proxyType="Proxysingle_metal_sheet", curr_slot=-1, props_size=3331
15:27:52.936 !!! Wrong inventory shape="dz\gear\consumables\single_metal_sheet.p3d", proxyType="Proxysingle_metal_sheet", curr_slot=-1, props_size=3331
15:27:52.936 !!! Wrong inventory shape="dz\gear\consumables\single_metal_sheet.p3d", proxyType="Proxysingle_metal_sheet", curr_slot=-1, props_size=3331
15:27:52.936 !!! Wrong inventory shape="dz\gear\consumables\single_metal_sheet.p3d", proxyType="Proxysingle_metal_sheet", curr_slot=-1, props_size=3331
15:27:52.936 !!! Wrong inventory shape="dz\gear\consumables\single_metal_sheet.p3d", proxyType="Proxysingle_metal_sheet", curr_slot=-1, props_size=3331
15:27:52.936 !!! Wrong inventory shape="dz\gear\consumables\single_metal_sheet.p3d", proxyType="Proxysingle_metal_sheet", curr_slot=-1, props_size=3331
15:27:52.936 !!! Wrong inventory shape="dz\gear\consumables\single_metal_sheet.p3d", proxyType="Proxysingle_metal_sheet", curr_slot=-1, props_size=3331
15:27:52.936 !!! Wrong inventory shape="dz\gear\consumables\single_metal_sheet.p3d", proxyType="Proxysingle_metal_sheet", curr_slot=-1, props_size=3331
15:27:52.936 !!! Wrong inventory shape="dz\gear\consumables\single_metal_sheet.p3d", proxyType="Proxysingle_metal_sheet", curr_slot=-1, props_size=3331
15:27:52.936 !!! Wrong inventory shape="dz\gear\consumables\single_metal_sheet.p3d", proxyType="Proxysingle_metal_sheet", curr_slot=-1, props_size=3331
15:27:52.936 !!! Wrong inventory shape="dz\gear\consumables\single_metal_sheet.p3d", proxyType="Proxysingle_metal_sheet", curr_slot=-1, props_size=3331
15:27:52.936 !!! Wrong inventory shape="dz\gear\consumables\single_metal_sheet.p3d", proxyType="Proxysingle_metal_sheet", curr_slot=-1, props_size=3331
15:27:52.936 !!! Wrong inventory shape="dz\gear\consumables\single_metal_sheet.p3d", proxyType="Proxysingle_metal_sheet", curr_slot=-1, props_size=3331
15:27:52.936 !!! Wrong inventory shape="dz\gear\consumables\single_metal_sheet.p3d", proxyType="Proxysingle_metal_sheet", curr_slot=-1, props_size=3331
15:27:52.936 !!! Wrong inventory shape="dz\gear\consumables\single_metal_sheet.p3d", proxyType="Proxysingle_metal_sheet", curr_slot=-1, props_size=3331
15:27:52.936 !!! Wrong inventory shape="dz\gear\consumables\single_metal_sheet.p3d", proxyType="Proxysingle_metal_sheet", curr_slot=-1, props_size=3331
15:27:52.936 !!! Wrong inventory shape="dz\gear\consumables\single_metal_sheet.p3d", proxyType="Proxysingle_metal_sheet", curr_slot=-1, props_size=3331
15:27:52.936 !!! Wrong inventory shape="dz\gear\consumables\single_metal_sheet.p3d", proxyType="Proxysingle_metal_sheet", curr_slot=-1, props_size=3331
15:27:52.936 !!! Wrong inventory shape="dz\gear\consumables\single_metal_sheet.p3d", proxyType="Proxysingle_metal_sheet", curr_slot=-1, props_size=3331
15:27:52.936 !!! Wrong inventory shape="dz\gear\consumables\single_metal_sheet.p3d", proxyType="Proxysingle_metal_sheet", curr_slot=-1, props_size=3331
15:27:52.936 !!! Wrong inventory shape="dz\gear\consumables\single_metal_sheet.p3d", proxyType="Proxysingle_metal_sheet", curr_slot=-1, props_size=3331
15:27:52.936 !!! Wrong inventory shape="dz\gear\consumables\single_metal_sheet.p3d", proxyType="Proxysingle_metal_sheet", curr_slot=-1, props_size=3331
15:27:52.936 !!! Wrong inventory shape="dz\gear\consumables\single_metal_sheet.p3d", proxyType="Proxysingle_metal_sheet", curr_slot=-1, props_size=3331
15:27:52.936 !!! Wrong inventory shape="dz\gear\consumables\single_metal_sheet.p3d", proxyType="Proxysingle_metal_sheet", curr_slot=-1, props_size=3331
15:27:52.936 !!! Wrong inventory shape="dz\gear\consumables\single_metal_sheet.p3d", proxyType="Proxysingle_metal_sheet", curr_slot=-1, props_size=3331
15:27:52.936 !!! Wrong inventory shape="dz\gear\consumables\single_metal_sheet.p3d", proxyType="Proxysingle_metal_sheet", curr_slot=-1, props_size=3331
15:27:52.936 !!! Wrong inventory shape="dz\gear\consumables\single_metal_sheet.p3d", proxyType="Proxysingle_metal_sheet", curr_slot=-1, props_size=3331
15:27:52.942 !!! Wrong inventory shape="dz\gear\consumables\single_metal_sheet.p3d", proxyType="Proxysingle_metal_sheet", curr_slot=-1, props_size=3331
15:27:52.942 !!! Wrong inventory shape="dz\gear\consumables\single_metal_sheet.p3d", proxyType="Proxysingle_metal_sheet", curr_slot=-1, props_size=3331
15:27:52.942 !!! Wrong inventory shape="dz\gear\consumables\single_metal_sheet.p3d", proxyType="Proxysingle_metal_sheet", curr_slot=-1, props_size=3331
15:27:52.942 !!! Wrong inventory shape="dz\gear\consumables\single_metal_sheet.p3d", proxyType="Proxysingle_metal_sheet", curr_slot=-1, props_size=3331
15:27:52.942 !!! Wrong inventory shape="dz\gear\consumables\single_metal_sheet.p3d", proxyType="Proxysingle_metal_sheet", curr_slot=-1, props_size=3331
15:27:52.942 !!! Wrong inventory shape="dz\gear\consumables\single_metal_sheet.p3d", proxyType="Proxysingle_metal_sheet", curr_slot=-1, props_size=3331
15:27:52.942 !!! Wrong inventory shape="dz\gear\consumables\single_metal_sheet.p3d", proxyType="Proxysingle_metal_sheet", curr_slot=-1, props_size=3331
15:27:52.942 !!! Wrong inventory shape="dz\gear\consumables\single_metal_sheet.p3d", proxyType="Proxysingle_metal_sheet", curr_slot=-1, props_size=3331
15:27:52.942 !!! Wrong inventory shape="dz\gear\consumables\single_metal_sheet.p3d", proxyType="Proxysingle_metal_sheet", curr_slot=-1, props_size=3331
15:27:52.942 !!! Wrong inventory shape="dz\gear\consumables\single_metal_sheet.p3d", proxyType="Proxysingle_metal_sheet", curr_slot=-1, props_size=3331
15:27:52.942 !!! Wrong inventory shape="dz\gear\consumables\single_metal_sheet.p3d", proxyType="Proxysingle_metal_sheet", curr_slot=-1, props_size=3331
15:27:52.942 !!! Wrong inventory shape="dz\gear\consumables\single_metal_sheet.p3d", proxyType="Proxysingle_metal_sheet", curr_slot=-1, props_size=3331
15:27:52.942 !!! Wrong inventory shape="dz\gear\consumables\single_metal_sheet.p3d", proxyType="Proxysingle_metal_sheet", curr_slot=-1, props_size=3331
15:27:52.942 !!! Wrong inventory shape="dz\gear\consumables\single_metal_sheet.p3d", proxyType="Proxysingle_metal_sheet", curr_slot=-1, props_size=3331
15:27:52.942 !!! Wrong inventory shape="dz\gear\consumables\single_metal_sheet.p3d", proxyType="Proxysingle_metal_sheet", curr_slot=-1, props_size=3331
15:27:52.942 !!! Wrong inventory shape="dz\gear\consumables\single_metal_sheet.p3d", proxyType="Proxysingle_metal_sheet", curr_slot=-1, props_size=3331
15:27:52.942 !!! Wrong inventory shape="dz\gear\consumables\single_metal_sheet.p3d", proxyType="Proxysingle_metal_sheet", curr_slot=-1, props_size=3331
15:27:52.942 !!! Wrong inventory shape="dz\gear\consumables\single_metal_sheet.p3d", proxyType="Proxysingle_metal_sheet", curr_slot=-1, props_size=3331
15:27:52.942 !!! Wrong inventory shape="dz\gear\consumables\single_metal_sheet.p3d", proxyType="Proxysingle_metal_sheet", curr_slot=-1, props_size=3331
15:27:52.942 !!! Wrong inventory shape="dz\gear\consumables\single_metal_sheet.p3d", proxyType="Proxysingle_metal_sheet", curr_slot=-1, props_size=3331
15:27:52.942 !!! Wrong inventory shape="dz\gear\consumables\single_metal_sheet.p3d", proxyType="Proxysingle_metal_sheet", curr_slot=-1, props_size=3331
15:27:52.942 !!! Wrong inventory shape="dz\gear\consumables\single_metal_sheet.p3d", proxyType="Proxysingle_metal_sheet", curr_slot=-1, props_size=3331
15:27:52.942 !!! Wrong inventory shape="dz\gear\consumables\single_metal_sheet.p3d", proxyType="Proxysingle_metal_sheet", curr_slot=-1, props_size=3331
15:27:52.942 !!! Wrong inventory shape="dz\gear\consumables\single_metal_sheet.p3d", proxyType="Proxysingle_metal_sheet", curr_slot=-1, props_size=3331
15:27:52.942 !!! Wrong inventory shape="dz\gear\consumables\single_metal_sheet.p3d", proxyType="Proxysingle_metal_sheet", curr_slot=-1, props_size=3331
15:27:52.942 !!! Wrong inventory shape="dz\gear\consumables\single_metal_sheet.p3d", proxyType="Proxysingle_metal_sheet", curr_slot=-1, props_size=3331
15:27:52.942 !!! Wrong inventory shape="dz\gear\consumables\single_metal_sheet.p3d", proxyType="Proxysingle_metal_sheet", curr_slot=-1, props_size=3331
15:27:52.942 !!! Wrong inventory shape="dz\gear\consumables\single_metal_sheet.p3d", proxyType="Proxysingle_metal_sheet", curr_slot=-1, props_size=3331
15:27:52.942 !!! Wrong inventory shape="dz\gear\consumables\single_metal_sheet.p3d", proxyType="Proxysingle_metal_sheet", curr_slot=-1, props_size=3331
15:27:52.942 !!! Wrong inventory shape="dz\gear\consumables\single_metal_sheet.p3d", proxyType="Proxysingle_metal_sheet", curr_slot=-1, props_size=3331
15:27:52.942 !!! Wrong inventory shape="dz\gear\consumables\single_metal_sheet.p3d", proxyType="Proxysingle_metal_sheet", curr_slot=-1, props_size=3331
15:27:52.942 !!! Wrong inventory shape="dz\gear\consumables\single_metal_sheet.p3d", proxyType="Proxysingle_metal_sheet", curr_slot=-1, props_size=3331
15:27:52.942 !!! Wrong inventory shape="dz\gear\consumables\single_metal_sheet.p3d", proxyType="Proxysingle_metal_sheet", curr_slot=-1, props_size=3331
15:27:52.942 !!! Wrong inventory shape="dz\gear\consumables\single_metal_sheet.p3d", proxyType="Proxysingle_metal_sheet", curr_slot=-1, props_size=3331
15:27:52.942 !!! Wrong inventory shape="dz\gear\consumables\single_metal_sheet.p3d", proxyType="Proxysingle_metal_sheet", curr_slot=-1, props_size=3331
15:27:52.942 !!! Wrong inventory shape="dz\gear\consumables\single_metal_sheet.p3d", proxyType="Proxysingle_metal_sheet", curr_slot=-1, props_size=3331
15:27:52.942 !!! Wrong inventory shape="dz\gear\consumables\single_metal_sheet.p3d", proxyType="Proxysingle_metal_sheet", curr_slot=-1, props_size=3331
15:27:52.942 !!! Wrong inventory shape="dz\gear\consumables\single_metal_sheet.p3d", proxyType="Proxysingle_metal_sheet", curr_slot=-1, props_size=3331
15:27:52.942 !!! Wrong inventory shape="dz\gear\consumables\single_metal_sheet.p3d", proxyType="Proxysingle_metal_sheet", curr_slot=-1, props_size=3331
15:27:52.942 !!! Wrong inventory shape="dz\gear\consumables\single_metal_sheet.p3d", proxyType="Proxysingle_metal_sheet", curr_slot=-1, props_size=3331
15:27:52.942 !!! Wrong inventory shape="dz\gear\consumables\single_metal_sheet.p3d", proxyType="Proxysingle_metal_sheet", curr_slot=-1, props_size=3331
15:27:52.942 !!! Wrong inventory shape="dz\gear\consumables\single_metal_sheet.p3d", proxyType="Proxysingle_metal_sheet", curr_slot=-1, props_size=3331
15:27:52.942 !!! Wrong inventory shape="dz\gear\consumables\single_metal_sheet.p3d", proxyType="Proxysingle_metal_sheet", curr_slot=-1, props_size=3331
15:27:52.942 !!! Wrong inventory shape="dz\gear\consumables\single_metal_sheet.p3d", proxyType="Proxysingle_metal_sheet", curr_slot=-1, props_size=3331
15:27:52.942 !!! Wrong inventory shape="dz\gear\consumables\single_metal_sheet.p3d", proxyType="Proxysingle_metal_sheet", curr_slot=-1, props_size=3331
15:27:52.942 !!! Wrong inventory shape="dz\gear\consumables\single_metal_sheet.p3d", proxyType="Proxysingle_metal_sheet", curr_slot=-1, props_size=3331
15:27:52.942 !!! Wrong inventory shape="dz\gear\consumables\single_metal_sheet.p3d", proxyType="Proxysingle_metal_sheet", curr_slot=-1, props_size=3331
15:27:52.942 !!! Wrong inventory shape="dz\gear\consumables\single_metal_sheet.p3d", proxyType="Proxysingle_metal_sheet", curr_slot=-1, props_size=3331
15:27:52.942 !!! Wrong inventory shape="dz\gear\consumables\single_metal_sheet.p3d", proxyType="Proxysingle_metal_sheet", curr_slot=-1, props_size=3331
15:27:52.942 !!! Wrong inventory shape="dz\gear\consumables\single_metal_sheet.p3d", proxyType="Proxysingle_metal_sheet", curr_slot=-1, props_size=3331
15:27:52.942 !!! Wrong inventory shape="dz\gear\consumables\single_metal_sheet.p3d", proxyType="Proxysingle_metal_sheet", curr_slot=-1, props_size=3331
15:27:52.942 !!! Wrong inventory shape="dz\gear\consumables\single_metal_sheet.p3d", proxyType="Proxysingle_metal_sheet", curr_slot=-1, props_size=3331
15:27:52.942 !!! Wrong inventory shape="dz\gear\consumables\single_metal_sheet.p3d", proxyType="Proxysingle_metal_sheet", curr_slot=-1, props_size=3331
15:27:52.942 !!! Wrong inventory shape="dz\gear\consumables\single_metal_sheet.p3d", proxyType="Proxysingle_metal_sheet", curr_slot=-1, props_size=3331
15:27:52.942 !!! Wrong inventory shape="dz\gear\consumables\single_metal_sheet.p3d", proxyType="Proxysingle_metal_sheet", curr_slot=-1, props_size=3331
15:27:52.942 !!! Wrong inventory shape="dz\gear\consumables\single_metal_sheet.p3d", proxyType="Proxysingle_metal_sheet", curr_slot=-1, props_size=3331
15:27:52.942 !!! Wrong inventory shape="dz\gear\consumables\single_metal_sheet.p3d", proxyType="Proxysingle_metal_sheet", curr_slot=-1, props_size=3331
15:27:52.942 !!! Wrong inventory shape="dz\gear\consumables\single_metal_sheet.p3d", proxyType="Proxysingle_metal_sheet", curr_slot=-1, props_size=3331
15:27:52.942 !!! Wrong inventory shape="dz\gear\consumables\single_metal_sheet.p3d", proxyType="Proxysingle_metal_sheet", curr_slot=-1, props_size=3331
15:27:52.942 !!! Wrong inventory shape="dz\gear\consumables\single_metal_sheet.p3d", proxyType="Proxysingle_metal_sheet", curr_slot=-1, props_size=3331
15:27:52.942 !!! Wrong inventory shape="dz\gear\consumables\single_metal_sheet.p3d", proxyType="Proxysingle_metal_sheet", curr_slot=-1, props_size=3331
15:27:52.942 !!! Wrong inventory shape="dz\gear\consumables\single_metal_sheet.p3d", proxyType="Proxysingle_metal_sheet", curr_slot=-1, props_size=3331
15:27:52.942 !!! Wrong inventory shape="dz\gear\consumables\single_metal_sheet.p3d", proxyType="Proxysingle_metal_sheet", curr_slot=-1, props_size=3331
15:27:52.942 !!! Wrong inventory shape="dz\gear\consumables\single_metal_sheet.p3d", proxyType="Proxysingle_metal_sheet", curr_slot=-1, props_size=3331
15:27:52.942 !!! Wrong inventory shape="dz\gear\consumables\single_metal_sheet.p3d", proxyType="Proxysingle_metal_sheet", curr_slot=-1, props_size=3331
15:27:52.942 !!! Wrong inventory shape="dz\gear\consumables\single_metal_sheet.p3d", proxyType="Proxysingle_metal_sheet", curr_slot=-1, props_size=3331
15:27:52.942 !!! Wrong inventory shape="dz\gear\consumables\single_metal_sheet.p3d", proxyType="Proxysingle_metal_sheet", curr_slot=-1, props_size=3331
15:27:52.942 !!! Wrong inventory shape="dz\gear\consumables\single_metal_sheet.p3d", proxyType="Proxysingle_metal_sheet", curr_slot=-1, props_size=3331
15:27:52.942 !!! Wrong inventory shape="dz\gear\consumables\single_metal_sheet.p3d", proxyType="Proxysingle_metal_sheet", curr_slot=-1, props_size=3331
15:27:52.942 !!! Wrong inventory shape="dz\gear\consumables\single_metal_sheet.p3d", proxyType="Proxysingle_metal_sheet", curr_slot=-1, props_size=3331
15:27:52.942 !!! Wrong inventory shape="dz\gear\consumables\single_metal_sheet.p3d", proxyType="Proxysingle_metal_sheet", curr_slot=-1, props_size=3331
15:27:52.942 !!! Wrong inventory shape="dz\gear\consumables\single_metal_sheet.p3d", proxyType="Proxysingle_metal_sheet", curr_slot=-1, props_size=3331
15:27:52.942 !!! Wrong inventory shape="dz\gear\consumables\single_metal_sheet.p3d", proxyType="Proxysingle_metal_sheet", curr_slot=-1, props_size=3331
15:27:52.942 !!! Wrong inventory shape="dz\gear\consumables\single_metal_sheet.p3d", proxyType="Proxysingle_metal_sheet", curr_slot=-1, props_size=3331
15:27:52.942 !!! Wrong inventory shape="dz\gear\consumables\single_metal_sheet.p3d", proxyType="Proxysingle_metal_sheet", curr_slot=-1, props_size=3331
15:27:52.942 !!! Wrong inventory shape="dz\gear\consumables\single_metal_sheet.p3d", proxyType="Proxysingle_metal_sheet", curr_slot=-1, props_size=3331
15:27:52.942 !!! Wrong inventory shape="dz\gear\consumables\single_metal_sheet.p3d", proxyType="Proxysingle_metal_sheet", curr_slot=-1, props_size=3331
15:27:52.942 !!! Wrong inventory shape="dz\gear\consumables\single_metal_sheet.p3d", proxyType="Proxysingle_metal_sheet", curr_slot=-1, props_size=3331
15:27:52.942 !!! Wrong inventory shape="dz\gear\consumables\single_metal_sheet.p3d", proxyType="Proxysingle_metal_sheet", curr_slot=-1, props_size=3331
15:27:52.942 !!! Wrong inventory shape="dz\gear\consumables\single_metal_sheet.p3d", proxyType="Proxysingle_metal_sheet", curr_slot=-1, props_size=3331
15:27:52.942 !!! Wrong inventory shape="dz\gear\consumables\single_metal_sheet.p3d", proxyType="Proxysingle_metal_sheet", curr_slot=-1, props_size=3331
15:27:52.942 !!! Wrong inventory shape="dz\gear\consumables\single_metal_sheet.p3d", proxyType="Proxysingle_metal_sheet", curr_slot=-1, props_size=3331
15:27:52.942 !!! Wrong inventory shape="dz\gear\consumables\single_metal_sheet.p3d", proxyType="Proxysingle_metal_sheet", curr_slot=-1, props_size=3331
15:27:52.942 !!! Wrong inventory shape="dz\gear\consumables\single_metal_sheet.p3d", proxyType="Proxysingle_metal_sheet", curr_slot=-1, props_size=3331
15:27:52.942 !!! Wrong inventory shape="dz\gear\consumables\single_metal_sheet.p3d", proxyType="Proxysingle_metal_sheet", curr_slot=-1, props_size=3331
15:27:52.942 !!! Wrong inventory shape="dz\gear\consumables\single_metal_sheet.p3d", proxyType="Proxysingle_metal_sheet", curr_slot=-1, props_size=3331
15:27:52.942 !!! Wrong inventory shape="dz\gear\consumables\single_metal_sheet.p3d", proxyType="Proxysingle_metal_sheet", curr_slot=-1, props_size=3331
15:27:52.942 !!! Wrong inventory shape="dz\gear\consumables\single_metal_sheet.p3d", proxyType="Proxysingle_metal_sheet", curr_slot=-1, props_size=3331
15:27:52.942 !!! Wrong inventory shape="dz\gear\consumables\single_metal_sheet.p3d", proxyType="Proxysingle_metal_sheet", curr_slot=-1, props_size=3331
15:27:52.942 !!! Wrong inventory shape="dz\gear\consumables\single_metal_sheet.p3d", proxyType="Proxysingle_metal_sheet", curr_slot=-1, props_size=3331
15:27:52.942 !!! Wrong inventory shape="dz\gear\consumables\single_metal_sheet.p3d", proxyType="Proxysingle_metal_sheet", curr_slot=-1, props_size=3331
15:27:52.942 !!! Wrong inventory shape="dz\gear\consumables\single_metal_sheet.p3d", proxyType="Proxysingle_metal_sheet", curr_slot=-1, props_size=3331
15:27:52.942 !!! Wrong inventory shape="dz\gear\consumables\single_metal_sheet.p3d", proxyType="Proxysingle_metal_sheet", curr_slot=-1, props_size=3331
15:27:52.942 !!! Wrong inventory shape="dz\gear\consumables\single_metal_sheet.p3d", proxyType="Proxysingle_metal_sheet", curr_slot=-1, props_size=3331
15:27:52.942 !!! Wrong inventory shape="dz\gear\consumables\single_metal_sheet.p3d", proxyType="Proxysingle_metal_sheet", curr_slot=-1, props_size=3331
15:27:52.942 !!! Wrong inventory shape="dz\gear\consumables\single_metal_sheet.p3d", proxyType="Proxysingle_metal_sheet", curr_slot=-1, props_size=3331
15:27:52.942 !!! Wrong inventory shape="dz\gear\consumables\single_metal_sheet.p3d", proxyType="Proxysingle_metal_sheet", curr_slot=-1, props_size=3331
15:27:52.942 !!! Wrong inventory shape="dz\gear\consumables\single_metal_sheet.p3d", proxyType="Proxysingle_metal_sheet", curr_slot=-1, props_size=3331
15:27:52.942 !!! Wrong inventory shape="dz\gear\consumables\single_metal_sheet.p3d", proxyType="Proxysingle_metal_sheet", curr_slot=-1, props_size=3331
15:27:52.942 !!! Wrong inventory shape="dz\gear\consumables\single_metal_sheet.p3d", proxyType="Proxysingle_metal_sheet", curr_slot=-1, props_size=3331
15:27:52.942 !!! Wrong inventory shape="dz\gear\consumables\single_metal_sheet.p3d", proxyType="Proxysingle_metal_sheet", curr_slot=-1, props_size=3331
15:27:52.942 !!! Wrong inventory shape="dz\gear\consumables\single_metal_sheet.p3d", proxyType="Proxysingle_metal_sheet", curr_slot=-1, props_size=3331
15:27:52.942 !!! Wrong inventory shape="dz\gear\consumables\single_metal_sheet.p3d", proxyType="Proxysingle_metal_sheet", curr_slot=-1, props_size=3331
15:27:52.942 !!! Wrong inventory shape="dz\gear\consumables\single_metal_sheet.p3d", proxyType="Proxysingle_metal_sheet", curr_slot=-1, props_size=3331
15:27:52.942 !!! Wrong inventory shape="dz\gear\consumables\single_metal_sheet.p3d", proxyType="Proxysingle_metal_sheet", curr_slot=-1, props_size=3331
15:27:52.942 !!! Wrong inventory shape="dz\gear\consumables\single_metal_sheet.p3d", proxyType="Proxysingle_metal_sheet", curr_slot=-1, props_size=3331
15:27:52.942 !!! Wrong inventory shape="dz\gear\consumables\single_metal_sheet.p3d", proxyType="Proxysingle_metal_sheet", curr_slot=-1, props_size=3331
15:27:52.942 !!! Wrong inventory shape="dz\gear\consumables\single_metal_sheet.p3d", proxyType="Proxysingle_metal_sheet", curr_slot=-1, props_size=3331
15:27:52.942 !!! Wrong inventory shape="dz\gear\consumables\single_metal_sheet.p3d", proxyType="Proxysingle_metal_sheet", curr_slot=-1, props_size=3331
15:27:52.942 !!! Wrong inventory shape="dz\gear\consumables\single_metal_sheet.p3d", proxyType="Proxysingle_metal_sheet", curr_slot=-1, props_size=3331
15:27:52.942 !!! Wrong inventory shape="dz\gear\consumables\single_metal_sheet.p3d", proxyType="Proxysingle_metal_sheet", curr_slot=-1, props_size=3331
15:27:52.942 !!! Wrong inventory shape="dz\gear\consumables\single_metal_sheet.p3d", proxyType="Proxysingle_metal_sheet", curr_slot=-1, props_size=3331
15:27:52.942 !!! Wrong inventory shape="dz\gear\consumables\single_metal_sheet.p3d", proxyType="Proxysingle_metal_sheet", curr_slot=-1, props_size=3331
15:27:52.942 !!! Wrong inventory shape="dz\gear\consumables\single_metal_sheet.p3d", proxyType="Proxysingle_metal_sheet", curr_slot=-1, props_size=3331
15:27:52.942 !!! Wrong inventory shape="dz\gear\consumables\single_metal_sheet.p3d", proxyType="Proxysingle_metal_sheet", curr_slot=-1, props_size=3331
15:27:52.942 !!! Wrong inventory shape="dz\gear\consumables\single_metal_sheet.p3d", proxyType="Proxysingle_metal_sheet", curr_slot=-1, props_size=3331
15:27:52.942 !!! Wrong inventory shape="dz\gear\consumables\single_metal_sheet.p3d", proxyType="Proxysingle_metal_sheet", curr_slot=-1, props_size=3331
15:27:52.942 !!! Wrong inventory shape="dz\gear\consumables\single_metal_sheet.p3d", proxyType="Proxysingle_metal_sheet", curr_slot=-1, props_size=3331
15:27:52.942 !!! Wrong inventory shape="dz\gear\consumables\single_metal_sheet.p3d", proxyType="Proxysingle_metal_sheet", curr_slot=-1, props_size=3331
15:27:52.942 !!! Wrong inventory shape="dz\gear\consumables\single_metal_sheet.p3d", proxyType="Proxysingle_metal_sheet", curr_slot=-1, props_size=3331
15:27:52.952 !!! Wrong inventory shape="dz\gear\consumables\single_metal_sheet.p3d", proxyType="Proxysingle_metal_sheet", curr_slot=-1, props_size=3331
15:27:52.952 !!! Wrong inventory shape="dz\gear\consumables\single_metal_sheet.p3d", proxyType="Proxysingle_metal_sheet", curr_slot=-1, props_size=3331
15:27:52.952 !!! Wrong inventory shape="dz\gear\consumables\single_metal_sheet.p3d", proxyType="Proxysingle_metal_sheet", curr_slot=-1, props_size=3331
15:27:52.952 !!! Wrong inventory shape="dz\gear\consumables\single_metal_sheet.p3d", proxyType="Proxysingle_metal_sheet", curr_slot=-1, props_size=3331
15:27:52.952 !!! Wrong inventory shape="dz\gear\consumables\single_metal_sheet.p3d", proxyType="Proxysingle_metal_sheet", curr_slot=-1, props_size=3331
15:27:52.952 !!! Wrong inventory shape="dz\gear\consumables\single_metal_sheet.p3d", proxyType="Proxysingle_metal_sheet", curr_slot=-1, props_size=3331
15:27:52.952 !!! Wrong inventory shape="dz\gear\consumables\single_metal_sheet.p3d", proxyType="Proxysingle_metal_sheet", curr_slot=-1, props_size=3331
15:27:52.952 !!! Wrong inventory shape="dz\gear\consumables\single_metal_sheet.p3d", proxyType="Proxysingle_metal_sheet", curr_slot=-1, props_size=3331
15:27:52.952 !!! Wrong inventory shape="dz\gear\consumables\single_metal_sheet.p3d", proxyType="Proxysingle_metal_sheet", curr_slot=-1, props_size=3331
15:27:52.952 !!! Wrong inventory shape="dz\gear\consumables\single_metal_sheet.p3d", proxyType="Proxysingle_metal_sheet", curr_slot=-1, props_size=3331
15:27:52.952 !!! Wrong inventory shape="dz\gear\consumables\single_metal_sheet.p3d", proxyType="Proxysingle_metal_sheet", curr_slot=-1, props_size=3331
15:27:52.952 !!! Wrong inventory shape="dz\gear\consumables\single_metal_sheet.p3d", proxyType="Proxysingle_metal_sheet", curr_slot=-1, props_size=3331
15:27:52.952 !!! Wrong inventory shape="dz\gear\consumables\single_metal_sheet.p3d", proxyType="Proxysingle_metal_sheet", curr_slot=-1, props_size=3331
15:27:52.952 !!! Wrong inventory shape="dz\gear\consumables\single_metal_sheet.p3d", proxyType="Proxysingle_metal_sheet", curr_slot=-1, props_size=3331
15:27:52.952 !!! Wrong inventory shape="dz\gear\consumables\single_metal_sheet.p3d", proxyType="Proxysingle_metal_sheet", curr_slot=-1, props_size=3331
15:27:52.952 !!! Wrong inventory shape="dz\gear\consumables\single_metal_sheet.p3d", proxyType="Proxysingle_metal_sheet", curr_slot=-1, props_size=3331
15:27:52.952 !!! Wrong inventory shape="dz\gear\consumables\single_metal_sheet.p3d", proxyType="Proxysingle_metal_sheet", curr_slot=-1, props_size=3331
15:27:52.952 !!! Wrong inventory shape="dz\gear\consumables\single_metal_sheet.p3d", proxyType="Proxysingle_metal_sheet", curr_slot=-1, props_size=3331
15:27:52.952 !!! Wrong inventory shape="dz\gear\consumables\single_metal_sheet.p3d", proxyType="Proxysingle_metal_sheet", curr_slot=-1, props_size=3331
15:27:52.952 !!! Wrong inventory shape="dz\gear\consumables\single_metal_sheet.p3d", proxyType="Proxysingle_metal_sheet", curr_slot=-1, props_size=3331
15:27:52.952 !!! Wrong inventory shape="dz\gear\consumables\single_metal_sheet.p3d", proxyType="Proxysingle_metal_sheet", curr_slot=-1, props_size=3331
15:27:52.952 !!! Wrong inventory shape="dz\gear\consumables\single_metal_sheet.p3d", proxyType="Proxysingle_metal_sheet", curr_slot=-1, props_size=3331
15:27:52.952 !!! Wrong inventory shape="dz\gear\consumables\single_metal_sheet.p3d", proxyType="Proxysingle_metal_sheet", curr_slot=-1, props_size=3331
15:27:52.952 !!! Wrong inventory shape="dz\gear\consumables\single_metal_sheet.p3d", proxyType="Proxysingle_metal_sheet", curr_slot=-1, props_size=3331
15:27:52.952 !!! Wrong inventory shape="dz\gear\consumables\single_metal_sheet.p3d", proxyType="Proxysingle_metal_sheet", curr_slot=-1, props_size=3331
15:27:52.952 !!! Wrong inventory shape="dz\gear\consumables\single_metal_sheet.p3d", proxyType="Proxysingle_metal_sheet", curr_slot=-1, props_size=3331
15:27:52.952 !!! Wrong inventory shape="dz\gear\consumables\single_metal_sheet.p3d", proxyType="Proxysingle_metal_sheet", curr_slot=-1, props_size=3331
15:27:52.952 !!! Wrong inventory shape="dz\gear\consumables\single_metal_sheet.p3d", proxyType="Proxysingle_metal_sheet", curr_slot=-1, props_size=3331
15:27:52.952 !!! Wrong inventory shape="dz\gear\consumables\single_metal_sheet.p3d", proxyType="Proxysingle_metal_sheet", curr_slot=-1, props_size=3331
15:27:52.952 !!! Wrong inventory shape="dz\gear\consumables\single_metal_sheet.p3d", proxyType="Proxysingle_metal_sheet", curr_slot=-1, props_size=3331
15:27:52.952 !!! Wrong inventory shape="dz\gear\consumables\single_metal_sheet.p3d", proxyType="Proxysingle_metal_sheet", curr_slot=-1, props_size=3331
15:27:52.952 !!! Wrong inventory shape="dz\gear\consumables\single_metal_sheet.p3d", proxyType="Proxysingle_metal_sheet", curr_slot=-1, props_size=3331
15:27:52.952 !!! Wrong inventory shape="dz\gear\consumables\single_metal_sheet.p3d", proxyType="Proxysingle_metal_sheet", curr_slot=-1, props_size=3331
15:27:52.952 !!! Wrong inventory shape="dz\gear\consumables\single_metal_sheet.p3d", proxyType="Proxysingle_metal_sheet", curr_slot=-1, props_size=3331
15:27:52.952 !!! Wrong inventory shape="dz\gear\consumables\single_metal_sheet.p3d", proxyType="Proxysingle_metal_sheet", curr_slot=-1, props_size=3331
15:27:52.952 !!! Wrong inventory shape="dz\gear\consumables\single_metal_sheet.p3d", proxyType="Proxysingle_metal_sheet", curr_slot=-1, props_size=3331
15:27:52.952 !!! Wrong inventory shape="dz\gear\consumables\single_metal_sheet.p3d", proxyType="Proxysingle_metal_sheet", curr_slot=-1, props_size=3331
15:27:52.952 !!! Wrong inventory shape="dz\gear\consumables\single_metal_sheet.p3d", proxyType="Proxysingle_metal_sheet", curr_slot=-1, props_size=3331
15:27:52.952 !!! Wrong inventory shape="dz\gear\consumables\single_metal_sheet.p3d", proxyType="Proxysingle_metal_sheet", curr_slot=-1, props_size=3331
15:27:52.952 !!! Wrong inventory shape="dz\gear\consumables\single_metal_sheet.p3d", proxyType="Proxysingle_metal_sheet", curr_slot=-1, props_size=3331
15:27:52.952 !!! Wrong inventory shape="dz\gear\consumables\single_metal_sheet.p3d", proxyType="Proxysingle_metal_sheet", curr_slot=-1, props_size=3331
15:27:52.952 !!! Wrong inventory shape="dz\gear\consumables\single_metal_sheet.p3d", proxyType="Proxysingle_metal_sheet", curr_slot=-1, props_size=3331
15:27:52.952 !!! Wrong inventory shape="dz\gear\consumables\single_metal_sheet.p3d", proxyType="Proxysingle_metal_sheet", curr_slot=-1, props_size=3331
15:27:52.952 !!! Wrong inventory shape="dz\gear\consumables\single_metal_sheet.p3d", proxyType="Proxysingle_metal_sheet", curr_slot=-1, props_size=3331
15:27:52.953 !!! Wrong inventory shape="dz\gear\consumables\single_metal_sheet.p3d", proxyType="Proxysingle_metal_sheet", curr_slot=-1, props_size=3331
15:27:52.953 !!! Wrong inventory shape="dz\gear\consumables\single_metal_sheet.p3d", proxyType="Proxysingle_metal_sheet", curr_slot=-1, props_size=3331
15:27:52.953 !!! Wrong inventory shape="dz\gear\consumables\single_metal_sheet.p3d", proxyType="Proxysingle_metal_sheet", curr_slot=-1, props_size=3331
15:27:52.953 !!! Wrong inventory shape="dz\gear\consumables\single_metal_sheet.p3d", proxyType="Proxysingle_metal_sheet", curr_slot=-1, props_size=3331
15:27:52.953 !!! Wrong inventory shape="dz\gear\consumables\single_metal_sheet.p3d", proxyType="Proxysingle_metal_sheet", curr_slot=-1, props_size=3331
15:27:52.953 !!! Wrong inventory shape="dz\gear\consumables\single_metal_sheet.p3d", proxyType="Proxysingle_metal_sheet", curr_slot=-1, props_size=3331
15:27:52.953 !!! Wrong inventory shape="dz\gear\consumables\single_metal_sheet.p3d", proxyType="Proxysingle_metal_sheet", curr_slot=-1, props_size=3331
15:27:52.953 !!! Wrong inventory shape="dz\gear\consumables\single_metal_sheet.p3d", proxyType="Proxysingle_metal_sheet", curr_slot=-1, props_size=3331
15:27:52.953 !!! Wrong inventory shape="dz\gear\consumables\single_metal_sheet.p3d", proxyType="Proxysingle_metal_sheet", curr_slot=-1, props_size=3331
15:27:52.953 !!! Wrong inventory shape="dz\gear\consumables\single_metal_sheet.p3d", proxyType="Proxysingle_metal_sheet", curr_slot=-1, props_size=3331
15:27:52.953 !!! Wrong inventory shape="dz\gear\consumables\single_metal_sheet.p3d", proxyType="Proxysingle_metal_sheet", curr_slot=-1, props_size=3331
15:27:52.953 !!! Wrong inventory shape="dz\gear\consumables\single_metal_sheet.p3d", proxyType="Proxysingle_metal_sheet", curr_slot=-1, props_size=3331
15:27:52.953 !!! Wrong inventory shape="dz\gear\consumables\single_metal_sheet.p3d", proxyType="Proxysingle_metal_sheet", curr_slot=-1, props_size=3331
15:27:52.953 !!! Wrong inventory shape="dz\gear\consumables\single_metal_sheet.p3d", proxyType="Proxysingle_metal_sheet", curr_slot=-1, props_size=3331
15:27:52.953 !!! Wrong inventory shape="dz\gear\consumables\single_metal_sheet.p3d", proxyType="Proxysingle_metal_sheet", curr_slot=-1, props_size=3331
15:27:52.953 !!! Wrong inventory shape="dz\gear\consumables\single_metal_sheet.p3d", proxyType="Proxysingle_metal_sheet", curr_slot=-1, props_size=3331
15:27:52.953 !!! Wrong inventory shape="dz\gear\consumables\single_metal_sheet.p3d", proxyType="Proxysingle_metal_sheet", curr_slot=-1, props_size=3331
15:27:52.953 !!! Wrong inventory shape="dz\gear\consumables\single_metal_sheet.p3d", proxyType="Proxysingle_metal_sheet", curr_slot=-1, props_size=3331
15:27:52.953 !!! Wrong inventory shape="dz\gear\consumables\single_metal_sheet.p3d", proxyType="Proxysingle_metal_sheet", curr_slot=-1, props_size=3331
15:27:52.953 !!! Wrong inventory shape="dz\gear\consumables\single_metal_sheet.p3d", proxyType="Proxysingle_metal_sheet", curr_slot=-1, props_size=3331
15:27:52.953 !!! Wrong inventory shape="dz\gear\consumables\single_metal_sheet.p3d", proxyType="Proxysingle_metal_sheet", curr_slot=-1, props_size=3331
15:27:52.953 !!! Wrong inventory shape="dz\gear\consumables\single_metal_sheet.p3d", proxyType="Proxysingle_metal_sheet", curr_slot=-1, props_size=3331
15:27:52.953 !!! Wrong inventory shape="dz\gear\consumables\single_metal_sheet.p3d", proxyType="Proxysingle_metal_sheet", curr_slot=-1, props_size=3331
15:27:52.953 !!! Wrong inventory shape="dz\gear\consumables\single_metal_sheet.p3d", proxyType="Proxysingle_metal_sheet", curr_slot=-1, props_size=3331
15:27:52.953 !!! Wrong inventory shape="dz\gear\consumables\single_metal_sheet.p3d", proxyType="Proxysingle_metal_sheet", curr_slot=-1, props_size=3331
15:27:52.953 !!! Wrong inventory shape="dz\gear\consumables\single_metal_sheet.p3d", proxyType="Proxysingle_metal_sheet", curr_slot=-1, props_size=3331
15:27:52.953 !!! Wrong inventory shape="dz\gear\consumables\single_metal_sheet.p3d", proxyType="Proxysingle_metal_sheet", curr_slot=-1, props_size=3331
15:27:52.953 !!! Wrong inventory shape="dz\gear\consumables\single_metal_sheet.p3d", proxyType="Proxysingle_metal_sheet", curr_slot=-1, props_size=3331
15:27:52.953 !!! Wrong inventory shape="dz\gear\consumables\single_metal_sheet.p3d", proxyType="Proxysingle_metal_sheet", curr_slot=-1, props_size=3331
15:27:52.953 !!! Wrong inventory shape="dz\gear\consumables\single_metal_sheet.p3d", proxyType="Proxysingle_metal_sheet", curr_slot=-1, props_size=3331
15:27:52.953 !!! Wrong inventory shape="dz\gear\consumables\single_metal_sheet.p3d", proxyType="Proxysingle_metal_sheet", curr_slot=-1, props_size=3331
15:27:52.953 !!! Wrong inventory shape="dz\gear\consumables\single_metal_sheet.p3d", proxyType="Proxysingle_metal_sheet", curr_slot=-1, props_size=3331
15:27:52.953 !!! Wrong inventory shape="dz\gear\consumables\single_metal_sheet.p3d", proxyType="Proxysingle_metal_sheet", curr_slot=-1, props_size=3331
15:27:52.953 !!! Wrong inventory shape="dz\gear\consumables\single_metal_sheet.p3d", proxyType="Proxysingle_metal_sheet", curr_slot=-1, props_size=3331
15:27:52.953 !!! Wrong inventory shape="dz\gear\consumables\single_metal_sheet.p3d", proxyType="Proxysingle_metal_sheet", curr_slot=-1, props_size=3331
15:27:52.953 !!! Wrong inventory shape="dz\gear\consumables\single_metal_sheet.p3d", proxyType="Proxysingle_metal_sheet", curr_slot=-1, props_size=3331
15:27:52.953 !!! Wrong inventory shape="dz\gear\consumables\single_metal_sheet.p3d", proxyType="Proxysingle_metal_sheet", curr_slot=-1, props_size=3331
15:27:52.953 !!! Wrong inventory shape="dz\gear\consumables\single_metal_sheet.p3d", proxyType="Proxysingle_metal_sheet", curr_slot=-1, props_size=3331
15:27:52.953 !!! Wrong inventory shape="dz\gear\consumables\single_metal_sheet.p3d", proxyType="Proxysingle_metal_sheet", curr_slot=-1, props_size=3331
15:27:52.953 !!! Wrong inventory shape="dz\gear\consumables\single_metal_sheet.p3d", proxyType="Proxysingle_metal_sheet", curr_slot=-1, props_size=3331
15:27:52.953 !!! Wrong inventory shape="dz\gear\consumables\single_metal_sheet.p3d", proxyType="Proxysingle_metal_sheet", curr_slot=-1, props_size=3331
15:27:52.953 !!! Wrong inventory shape="dz\gear\consumables\single_metal_sheet.p3d", proxyType="Proxysingle_metal_sheet", curr_slot=-1, props_size=3331
15:27:52.953 !!! Wrong inventory shape="dz\gear\consumables\single_metal_sheet.p3d", proxyType="Proxysingle_metal_sheet", curr_slot=-1, props_size=3331
15:27:52.953 !!! Wrong inventory shape="dz\gear\consumables\single_metal_sheet.p3d", proxyType="Proxysingle_metal_sheet", curr_slot=-1, props_size=3331
15:27:52.953 !!! Wrong inventory shape="dz\gear\consumables\single_metal_sheet.p3d", proxyType="Proxysingle_metal_sheet", curr_slot=-1, props_size=3331
15:27:52.953 !!! Wrong inventory shape="dz\gear\consumables\single_metal_sheet.p3d", proxyType="Proxysingle_metal_sheet", curr_slot=-1, props_size=3331
15:27:52.953 !!! Wrong inventory shape="dz\gear\consumables\single_metal_sheet.p3d", proxyType="Proxysingle_metal_sheet", curr_slot=-1, props_size=3331
15:27:52.953 !!! Wrong inventory shape="dz\gear\consumables\single_metal_sheet.p3d", proxyType="Proxysingle_metal_sheet", curr_slot=-1, props_size=3331
15:27:52.953 !!! Wrong inventory shape="dz\gear\consumables\single_metal_sheet.p3d", proxyType="Proxysingle_metal_sheet", curr_slot=-1, props_size=3331
15:27:52.953 !!! Wrong inventory shape="dz\gear\consumables\single_metal_sheet.p3d", proxyType="Proxysingle_metal_sheet", curr_slot=-1, props_size=3331
15:27:52.953 !!! Wrong inventory shape="dz\gear\consumables\single_metal_sheet.p3d", proxyType="Proxysingle_metal_sheet", curr_slot=-1, props_size=3331
15:27:52.953 !!! Wrong inventory shape="dz\gear\consumables\single_metal_sheet.p3d", proxyType="Proxysingle_metal_sheet", curr_slot=-1, props_size=3331
15:27:52.953 !!! Wrong inventory shape="dz\gear\consumables\single_metal_sheet.p3d", proxyType="Proxysingle_metal_sheet", curr_slot=-1, props_size=3331
15:27:52.953 !!! Wrong inventory shape="dz\gear\consumables\single_metal_sheet.p3d", proxyType="Proxysingle_metal_sheet", curr_slot=-1, props_size=3331
15:27:52.953 !!! Wrong inventory shape="dz\gear\consumables\single_metal_sheet.p3d", proxyType="Proxysingle_metal_sheet", curr_slot=-1, props_size=3331
15:27:52.953 !!! Wrong inventory shape="dz\gear\consumables\single_metal_sheet.p3d", proxyType="Proxysingle_metal_sheet", curr_slot=-1, props_size=3331
15:27:52.953 !!! Wrong inventory shape="dz\gear\consumables\single_metal_sheet.p3d", proxyType="Proxysingle_metal_sheet", curr_slot=-1, props_size=3331
15:27:52.953 !!! Wrong inventory shape="dz\gear\consumables\single_metal_sheet.p3d", proxyType="Proxysingle_metal_sheet", curr_slot=-1, props_size=3331
15:27:52.953 !!! Wrong inventory shape="dz\gear\consumables\single_metal_sheet.p3d", proxyType="Proxysingle_metal_sheet", curr_slot=-1, props_size=3331
15:27:52.953 !!! Wrong inventory shape="dz\gear\consumables\single_metal_sheet.p3d", proxyType="Proxysingle_metal_sheet", curr_slot=-1, props_size=3331
15:27:52.953 !!! Wrong inventory shape="dz\gear\consumables\single_metal_sheet.p3d", proxyType="Proxysingle_metal_sheet", curr_slot=-1, props_size=3331
15:27:52.953 !!! Wrong inventory shape="dz\gear\consumables\single_metal_sheet.p3d", proxyType="Proxysingle_metal_sheet", curr_slot=-1, props_size=3331
15:27:52.953 !!! Wrong inventory shape="dz\gear\consumables\single_metal_sheet.p3d", proxyType="Proxysingle_metal_sheet", curr_slot=-1, props_size=3331
15:27:52.953 !!! Wrong inventory shape="dz\gear\consumables\single_metal_sheet.p3d", proxyType="Proxysingle_metal_sheet", curr_slot=-1, props_size=3331
15:27:52.953 !!! Wrong inventory shape="dz\gear\consumables\single_metal_sheet.p3d", proxyType="Proxysingle_metal_sheet", curr_slot=-1, props_size=3331
15:27:52.953 !!! Wrong inventory shape="dz\gear\consumables\single_metal_sheet.p3d", proxyType="Proxysingle_metal_sheet", curr_slot=-1, props_size=3331
15:27:52.953 !!! Wrong inventory shape="dz\gear\consumables\single_metal_sheet.p3d", proxyType="Proxysingle_metal_sheet", curr_slot=-1, props_size=3331
15:27:52.953 !!! Wrong inventory shape="dz\gear\consumables\single_metal_sheet.p3d", proxyType="Proxysingle_metal_sheet", curr_slot=-1, props_size=3331
15:27:52.953 !!! Wrong inventory shape="dz\gear\consumables\single_metal_sheet.p3d", proxyType="Proxysingle_metal_sheet", curr_slot=-1, props_size=3331
15:27:52.953 !!! Wrong inventory shape="dz\gear\consumables\single_metal_sheet.p3d", proxyType="Proxysingle_metal_sheet", curr_slot=-1, props_size=3331
15:27:52.953 !!! Wrong inventory shape="dz\gear\consumables\single_metal_sheet.p3d", proxyType="Proxysingle_metal_sheet", curr_slot=-1, props_size=3331
15:27:52.953 !!! Wrong inventory shape="dz\gear\consumables\single_metal_sheet.p3d", proxyType="Proxysingle_metal_sheet", curr_slot=-1, props_size=3331
15:27:52.953 !!! Wrong inventory shape="dz\gear\consumables\single_metal_sheet.p3d", proxyType="Proxysingle_metal_sheet", curr_slot=-1, props_size=3331
15:27:52.953 !!! Wrong inventory shape="dz\gear\consumables\single_metal_sheet.p3d", proxyType="Proxysingle_metal_sheet", curr_slot=-1, props_size=3331
15:27:52.953 !!! Wrong inventory shape="dz\gear\consumables\single_metal_sheet.p3d", proxyType="Proxysingle_metal_sheet", curr_slot=-1, props_size=3331
15:27:52.953 !!! Wrong inventory shape="dz\gear\consumables\single_metal_sheet.p3d", proxyType="Proxysingle_metal_sheet", curr_slot=-1, props_size=3331
15:27:52.964 !!! Wrong inventory shape="dz\gear\consumables\single_metal_sheet.p3d", proxyType="Proxysingle_metal_sheet", curr_slot=-1, props_size=3331
15:27:52.964 !!! Wrong inventory shape="dz\gear\consumables\single_metal_sheet.p3d", proxyType="Proxysingle_metal_sheet", curr_slot=-1, props_size=3331
15:27:52.964 !!! Wrong inventory shape="dz\gear\consumables\single_metal_sheet.p3d", proxyType="Proxysingle_metal_sheet", curr_slot=-1, props_size=3331
15:27:52.964 !!! Wrong inventory shape="dz\gear\consumables\single_metal_sheet.p3d", proxyType="Proxysingle_metal_sheet", curr_slot=-1, props_size=3331
15:27:52.964 !!! Wrong inventory shape="dz\gear\consumables\single_metal_sheet.p3d", proxyType="Proxysingle_metal_sheet", curr_slot=-1, props_size=3331
15:27:52.964 !!! Wrong inventory shape="dz\gear\consumables\single_metal_sheet.p3d", proxyType="Proxysingle_metal_sheet", curr_slot=-1, props_size=3331
15:27:52.964 !!! Wrong inventory shape="dz\gear\consumables\single_metal_sheet.p3d", proxyType="Proxysingle_metal_sheet", curr_slot=-1, props_size=3331
15:27:52.964 !!! Wrong inventory shape="dz\gear\consumables\single_metal_sheet.p3d", proxyType="Proxysingle_metal_sheet", curr_slot=-1, props_size=3331
15:27:52.964 !!! Wrong inventory shape="dz\gear\consumables\single_metal_sheet.p3d", proxyType="Proxysingle_metal_sheet", curr_slot=-1, props_size=3331
15:27:52.964 !!! Wrong inventory shape="dz\gear\consumables\single_metal_sheet.p3d", proxyType="Proxysingle_metal_sheet", curr_slot=-1, props_size=3331
15:27:52.964 !!! Wrong inventory shape="dz\gear\consumables\single_metal_sheet.p3d", proxyType="Proxysingle_metal_sheet", curr_slot=-1, props_size=3331
15:27:52.964 !!! Wrong inventory shape="dz\gear\consumables\single_metal_sheet.p3d", proxyType="Proxysingle_metal_sheet", curr_slot=-1, props_size=3331
15:27:52.964 !!! Wrong inventory shape="dz\gear\consumables\single_metal_sheet.p3d", proxyType="Proxysingle_metal_sheet", curr_slot=-1, props_size=3331
15:27:52.964 !!! Wrong inventory shape="dz\gear\consumables\single_metal_sheet.p3d", proxyType="Proxysingle_metal_sheet", curr_slot=-1, props_size=3331
15:27:52.964 !!! Wrong inventory shape="dz\gear\consumables\single_metal_sheet.p3d", proxyType="Proxysingle_metal_sheet", curr_slot=-1, props_size=3331
15:27:52.964 !!! Wrong inventory shape="dz\gear\consumables\single_metal_sheet.p3d", proxyType="Proxysingle_metal_sheet", curr_slot=-1, props_size=3331
15:27:52.964 !!! Wrong inventory shape="dz\gear\consumables\single_metal_sheet.p3d", proxyType="Proxysingle_metal_sheet", curr_slot=-1, props_size=3331
15:27:52.964 !!! Wrong inventory shape="dz\gear\consumables\single_metal_sheet.p3d", proxyType="Proxysingle_metal_sheet", curr_slot=-1, props_size=3331
15:27:52.964 !!! Wrong inventory shape="dz\gear\consumables\single_metal_sheet.p3d", proxyType="Proxysingle_metal_sheet", curr_slot=-1, props_size=3331
15:27:52.964 !!! Wrong inventory shape="dz\gear\consumables\single_metal_sheet.p3d", proxyType="Proxysingle_metal_sheet", curr_slot=-1, props_size=3331
15:27:52.964 !!! Wrong inventory shape="dz\gear\consumables\single_metal_sheet.p3d", proxyType="Proxysingle_metal_sheet", curr_slot=-1, props_size=3331
15:27:52.964 !!! Wrong inventory shape="dz\gear\consumables\single_metal_sheet.p3d", proxyType="Proxysingle_metal_sheet", curr_slot=-1, props_size=3331
15:27:52.964 !!! Wrong inventory shape="dz\gear\consumables\single_metal_sheet.p3d", proxyType="Proxysingle_metal_sheet", curr_slot=-1, props_size=3331
15:27:52.964 !!! Wrong inventory shape="dz\gear\consumables\single_metal_sheet.p3d", proxyType="Proxysingle_metal_sheet", curr_slot=-1, props_size=3331
15:27:52.964 !!! Wrong inventory shape="dz\gear\consumables\single_metal_sheet.p3d", proxyType="Proxysingle_metal_sheet", curr_slot=-1, props_size=3331
15:27:52.964 !!! Wrong inventory shape="dz\gear\consumables\single_metal_sheet.p3d", proxyType="Proxysingle_metal_sheet", curr_slot=-1, props_size=3331
15:27:52.964 !!! Wrong inventory shape="dz\gear\consumables\single_metal_sheet.p3d", proxyType="Proxysingle_metal_sheet", curr_slot=-1, props_size=3331
15:27:52.964 !!! Wrong inventory shape="dz\gear\consumables\single_metal_sheet.p3d", proxyType="Proxysingle_metal_sheet", curr_slot=-1, props_size=3331
15:27:52.964 !!! Wrong inventory shape="dz\gear\consumables\single_metal_sheet.p3d", proxyType="Proxysingle_metal_sheet", curr_slot=-1, props_size=3331
15:27:52.964 !!! Wrong inventory shape="dz\gear\consumables\single_metal_sheet.p3d", proxyType="Proxysingle_metal_sheet", curr_slot=-1, props_size=3331
15:27:52.964 !!! Wrong inventory shape="dz\gear\consumables\single_metal_sheet.p3d", proxyType="Proxysingle_metal_sheet", curr_slot=-1, props_size=3331
15:27:52.964 !!! Wrong inventory shape="dz\gear\consumables\single_metal_sheet.p3d", proxyType="Proxysingle_metal_sheet", curr_slot=-1, props_size=3331
15:27:52.964 !!! Wrong inventory shape="dz\gear\consumables\single_metal_sheet.p3d", proxyType="Proxysingle_metal_sheet", curr_slot=-1, props_size=3331
15:27:52.964 !!! Wrong inventory shape="dz\gear\consumables\single_metal_sheet.p3d", proxyType="Proxysingle_metal_sheet", curr_slot=-1, props_size=3331
15:27:52.964 !!! Wrong inventory shape="dz\gear\consumables\single_metal_sheet.p3d", proxyType="Proxysingle_metal_sheet", curr_slot=-1, props_size=3331
15:27:52.964 !!! Wrong inventory shape="dz\gear\consumables\single_metal_sheet.p3d", proxyType="Proxysingle_metal_sheet", curr_slot=-1, props_size=3331
15:27:52.964 !!! Wrong inventory shape="dz\gear\consumables\single_metal_sheet.p3d", proxyType="Proxysingle_metal_sheet", curr_slot=-1, props_size=3331
15:27:52.964 !!! Wrong inventory shape="dz\gear\consumables\single_metal_sheet.p3d", proxyType="Proxysingle_metal_sheet", curr_slot=-1, props_size=3331
15:27:52.964 !!! Wrong inventory shape="dz\gear\consumables\single_metal_sheet.p3d", proxyType="Proxysingle_metal_sheet", curr_slot=-1, props_size=3331
15:27:52.964 !!! Wrong inventory shape="dz\gear\consumables\single_metal_sheet.p3d", proxyType="Proxysingle_metal_sheet", curr_slot=-1, props_size=3331
15:27:52.964 !!! Wrong inventory shape="dz\gear\consumables\single_metal_sheet.p3d", proxyType="Proxysingle_metal_sheet", curr_slot=-1, props_size=3331
15:27:52.964 !!! Wrong inventory shape="dz\gear\consumables\single_metal_sheet.p3d", proxyType="Proxysingle_metal_sheet", curr_slot=-1, props_size=3331
15:27:52.964 !!! Wrong inventory shape="dz\gear\consumables\single_metal_sheet.p3d", proxyType="Proxysingle_metal_sheet", curr_slot=-1, props_size=3331
15:27:52.964 !!! Wrong inventory shape="dz\gear\consumables\single_metal_sheet.p3d", proxyType="Proxysingle_metal_sheet", curr_slot=-1, props_size=3331
15:27:52.964 !!! Wrong inventory shape="dz\gear\consumables\single_metal_sheet.p3d", proxyType="Proxysingle_metal_sheet", curr_slot=-1, props_size=3331
15:27:52.964 !!! Wrong inventory shape="dz\gear\consumables\single_metal_sheet.p3d", proxyType="Proxysingle_metal_sheet", curr_slot=-1, props_size=3331
15:27:52.964 !!! Wrong inventory shape="dz\gear\consumables\single_metal_sheet.p3d", proxyType="Proxysingle_metal_sheet", curr_slot=-1, props_size=3331
15:27:52.964 !!! Wrong inventory shape="dz\gear\consumables\single_metal_sheet.p3d", proxyType="Proxysingle_metal_sheet", curr_slot=-1, props_size=3331
15:27:52.964 !!! Wrong inventory shape="dz\gear\consumables\single_metal_sheet.p3d", proxyType="Proxysingle_metal_sheet", curr_slot=-1, props_size=3331
15:27:52.964 !!! Wrong inventory shape="dz\gear\consumables\single_metal_sheet.p3d", proxyType="Proxysingle_metal_sheet", curr_slot=-1, props_size=3331
15:27:52.964 !!! Wrong inventory shape="dz\gear\consumables\single_metal_sheet.p3d", proxyType="Proxysingle_metal_sheet", curr_slot=-1, props_size=3331
15:27:52.964 !!! Wrong inventory shape="dz\gear\consumables\single_metal_sheet.p3d", proxyType="Proxysingle_metal_sheet", curr_slot=-1, props_size=3331
15:27:52.964 !!! Wrong inventory shape="dz\gear\consumables\single_metal_sheet.p3d", proxyType="Proxysingle_metal_sheet", curr_slot=-1, props_size=3331
15:27:52.964 !!! Wrong inventory shape="dz\gear\consumables\single_metal_sheet.p3d", proxyType="Proxysingle_metal_sheet", curr_slot=-1, props_size=3331
15:27:52.964 !!! Wrong inventory shape="dz\gear\consumables\single_metal_sheet.p3d", proxyType="Proxysingle_metal_sheet", curr_slot=-1, props_size=3331
15:27:52.964 !!! Wrong inventory shape="dz\gear\consumables\single_metal_sheet.p3d", proxyType="Proxysingle_metal_sheet", curr_slot=-1, props_size=3331
15:27:52.964 !!! Wrong inventory shape="dz\gear\consumables\single_metal_sheet.p3d", proxyType="Proxysingle_metal_sheet", curr_slot=-1, props_size=3331
15:27:52.964 !!! Wrong inventory shape="dz\gear\consumables\single_metal_sheet.p3d", proxyType="Proxysingle_metal_sheet", curr_slot=-1, props_size=3331
15:27:52.964 !!! Wrong inventory shape="dz\gear\consumables\single_metal_sheet.p3d", proxyType="Proxysingle_metal_sheet", curr_slot=-1, props_size=3331
15:27:52.964 !!! Wrong inventory shape="dz\gear\consumables\single_metal_sheet.p3d", proxyType="Proxysingle_metal_sheet", curr_slot=-1, props_size=3331
15:27:52.965 !!! Wrong inventory shape="dz\gear\consumables\single_metal_sheet.p3d", proxyType="Proxysingle_metal_sheet", curr_slot=-1, props_size=3331
15:27:52.965 !!! Wrong inventory shape="dz\gear\consumables\single_metal_sheet.p3d", proxyType="Proxysingle_metal_sheet", curr_slot=-1, props_size=3331
15:27:52.965 !!! Wrong inventory shape="dz\gear\consumables\single_metal_sheet.p3d", proxyType="Proxysingle_metal_sheet", curr_slot=-1, props_size=3331
15:27:52.965 !!! Wrong inventory shape="dz\gear\consumables\single_metal_sheet.p3d", proxyType="Proxysingle_metal_sheet", curr_slot=-1, props_size=3331
15:27:52.965 !!! Wrong inventory shape="dz\gear\consumables\single_metal_sheet.p3d", proxyType="Proxysingle_metal_sheet", curr_slot=-1, props_size=3331
15:27:52.965 !!! Wrong inventory shape="dz\gear\consumables\single_metal_sheet.p3d", proxyType="Proxysingle_metal_sheet", curr_slot=-1, props_size=3331
15:27:52.965 !!! Wrong inventory shape="dz\gear\consumables\single_metal_sheet.p3d", proxyType="Proxysingle_metal_sheet", curr_slot=-1, props_size=3331
15:27:52.965 !!! Wrong inventory shape="dz\gear\consumables\single_metal_sheet.p3d", proxyType="Proxysingle_metal_sheet", curr_slot=-1, props_size=3331
15:27:52.965 !!! Wrong inventory shape="dz\gear\consumables\single_metal_sheet.p3d", proxyType="Proxysingle_metal_sheet", curr_slot=-1, props_size=3331
15:27:52.965 !!! Wrong inventory shape="dz\gear\consumables\single_metal_sheet.p3d", proxyType="Proxysingle_metal_sheet", curr_slot=-1, props_size=3331
15:27:52.965 !!! Wrong inventory shape="dz\gear\consumables\single_metal_sheet.p3d", proxyType="Proxysingle_metal_sheet", curr_slot=-1, props_size=3331
15:27:52.965 !!! Wrong inventory shape="dz\gear\consumables\single_metal_sheet.p3d", proxyType="Proxysingle_metal_sheet", curr_slot=-1, props_size=3331
15:27:52.965 !!! Wrong inventory shape="dz\gear\consumables\single_metal_sheet.p3d", proxyType="Proxysingle_metal_sheet", curr_slot=-1, props_size=3331
15:27:52.965 !!! Wrong inventory shape="dz\gear\consumables\single_metal_sheet.p3d", proxyType="Proxysingle_metal_sheet", curr_slot=-1, props_size=3331
15:27:52.965 !!! Wrong inventory shape="dz\gear\consumables\single_metal_sheet.p3d", proxyType="Proxysingle_metal_sheet", curr_slot=-1, props_size=3331
15:27:52.965 !!! Wrong inventory shape="dz\gear\consumables\single_metal_sheet.p3d", proxyType="Proxysingle_metal_sheet", curr_slot=-1, props_size=3331
15:27:52.965 !!! Wrong inventory shape="dz\gear\consumables\single_metal_sheet.p3d", proxyType="Proxysingle_metal_sheet", curr_slot=-1, props_size=3331
15:27:52.965 !!! Wrong inventory shape="dz\gear\consumables\single_metal_sheet.p3d", proxyType="Proxysingle_metal_sheet", curr_slot=-1, props_size=3331
15:27:52.965 !!! Wrong inventory shape="dz\gear\consumables\single_metal_sheet.p3d", proxyType="Proxysingle_metal_sheet", curr_slot=-1, props_size=3331
15:27:52.965 !!! Wrong inventory shape="dz\gear\consumables\single_metal_sheet.p3d", proxyType="Proxysingle_metal_sheet", curr_slot=-1, props_size=3331
15:27:52.965 !!! Wrong inventory shape="dz\gear\consumables\single_metal_sheet.p3d", proxyType="Proxysingle_metal_sheet", curr_slot=-1, props_size=3331
15:27:52.965 !!! Wrong inventory shape="dz\gear\consumables\single_metal_sheet.p3d", proxyType="Proxysingle_metal_sheet", curr_slot=-1, props_size=3331
15:27:52.965 !!! Wrong inventory shape="dz\gear\consumables\single_metal_sheet.p3d", proxyType="Proxysingle_metal_sheet", curr_slot=-1, props_size=3331
15:27:52.965 !!! Wrong inventory shape="dz\gear\consumables\single_metal_sheet.p3d", proxyType="Proxysingle_metal_sheet", curr_slot=-1, props_size=3331
15:27:52.965 !!! Wrong inventory shape="dz\gear\consumables\single_metal_sheet.p3d", proxyType="Proxysingle_metal_sheet", curr_slot=-1, props_size=3331
15:27:52.965 !!! Wrong inventory shape="dz\gear\consumables\single_metal_sheet.p3d", proxyType="Proxysingle_metal_sheet", curr_slot=-1, props_size=3331
15:27:52.965 !!! Wrong inventory shape="dz\gear\consumables\single_metal_sheet.p3d", proxyType="Proxysingle_metal_sheet", curr_slot=-1, props_size=3331
15:27:52.965 !!! Wrong inventory shape="dz\gear\consumables\single_metal_sheet.p3d", proxyType="Proxysingle_metal_sheet", curr_slot=-1, props_size=3331
15:27:52.965 !!! Wrong inventory shape="dz\gear\consumables\single_metal_sheet.p3d", proxyType="Proxysingle_metal_sheet", curr_slot=-1, props_size=3331
15:27:52.965 !!! Wrong inventory shape="dz\gear\consumables\single_metal_sheet.p3d", proxyType="Proxysingle_metal_sheet", curr_slot=-1, props_size=3331
15:27:52.965 !!! Wrong inventory shape="dz\gear\consumables\single_metal_sheet.p3d", proxyType="Proxysingle_metal_sheet", curr_slot=-1, props_size=3331
15:27:52.965 !!! Wrong inventory shape="dz\gear\consumables\single_metal_sheet.p3d", proxyType="Proxysingle_metal_sheet", curr_slot=-1, props_size=3331
15:27:52.965 !!! Wrong inventory shape="dz\gear\consumables\single_metal_sheet.p3d", proxyType="Proxysingle_metal_sheet", curr_slot=-1, props_size=3331
15:27:52.965 !!! Wrong inventory shape="dz\gear\consumables\single_metal_sheet.p3d", proxyType="Proxysingle_metal_sheet", curr_slot=-1, props_size=3331
15:27:52.965 !!! Wrong inventory shape="dz\gear\consumables\single_metal_sheet.p3d", proxyType="Proxysingle_metal_sheet", curr_slot=-1, props_size=3331
15:27:52.965 !!! Wrong inventory shape="dz\gear\consumables\single_metal_sheet.p3d", proxyType="Proxysingle_metal_sheet", curr_slot=-1, props_size=3331
15:27:52.965 !!! Wrong inventory shape="dz\gear\consumables\single_metal_sheet.p3d", proxyType="Proxysingle_metal_sheet", curr_slot=-1, props_size=3331
15:27:52.965 !!! Wrong inventory shape="dz\gear\consumables\single_metal_sheet.p3d", proxyType="Proxysingle_metal_sheet", curr_slot=-1, props_size=3331
15:27:52.965 !!! Wrong inventory shape="dz\gear\consumables\single_metal_sheet.p3d", proxyType="Proxysingle_metal_sheet", curr_slot=-1, props_size=3331
15:27:52.965 !!! Wrong inventory shape="dz\gear\consumables\single_metal_sheet.p3d", proxyType="Proxysingle_metal_sheet", curr_slot=-1, props_size=3331
15:27:52.965 !!! Wrong inventory shape="dz\gear\consumables\single_metal_sheet.p3d", proxyType="Proxysingle_metal_sheet", curr_slot=-1, props_size=3331
15:27:52.965 !!! Wrong inventory shape="dz\gear\consumables\single_metal_sheet.p3d", proxyType="Proxysingle_metal_sheet", curr_slot=-1, props_size=3331
15:27:52.965 !!! Wrong inventory shape="dz\gear\consumables\single_metal_sheet.p3d", proxyType="Proxysingle_metal_sheet", curr_slot=-1, props_size=3331
15:27:52.965 !!! Wrong inventory shape="dz\gear\consumables\single_metal_sheet.p3d", proxyType="Proxysingle_metal_sheet", curr_slot=-1, props_size=3331
15:27:52.965 !!! Wrong inventory shape="dz\gear\consumables\single_metal_sheet.p3d", proxyType="Proxysingle_metal_sheet", curr_slot=-1, props_size=3331
15:27:52.965 !!! Wrong inventory shape="dz\gear\consumables\single_metal_sheet.p3d", proxyType="Proxysingle_metal_sheet", curr_slot=-1, props_size=3331
15:27:52.965 !!! Wrong inventory shape="dz\gear\consumables\single_metal_sheet.p3d", proxyType="Proxysingle_metal_sheet", curr_slot=-1, props_size=3331
15:27:52.965 !!! Wrong inventory shape="dz\gear\consumables\single_metal_sheet.p3d", proxyType="Proxysingle_metal_sheet", curr_slot=-1, props_size=3331
15:27:52.965 !!! Wrong inventory shape="dz\gear\consumables\single_metal_sheet.p3d", proxyType="Proxysingle_metal_sheet", curr_slot=-1, props_size=3331
15:27:52.965 !!! Wrong inventory shape="dz\gear\consumables\single_metal_sheet.p3d", proxyType="Proxysingle_metal_sheet", curr_slot=-1, props_size=3331
15:27:52.965 !!! Wrong inventory shape="dz\gear\consumables\single_metal_sheet.p3d", proxyType="Proxysingle_metal_sheet", curr_slot=-1, props_size=3331
15:27:52.965 !!! Wrong inventory shape="dz\gear\consumables\single_metal_sheet.p3d", proxyType="Proxysingle_metal_sheet", curr_slot=-1, props_size=3331
15:27:52.965 !!! Wrong inventory shape="dz\gear\consumables\single_metal_sheet.p3d", proxyType="Proxysingle_metal_sheet", curr_slot=-1, props_size=3331
15:27:52.965 !!! Wrong inventory shape="dz\gear\consumables\single_metal_sheet.p3d", proxyType="Proxysingle_metal_sheet", curr_slot=-1, props_size=3331
15:27:52.965 !!! Wrong inventory shape="dz\gear\consumables\single_metal_sheet.p3d", proxyType="Proxysingle_metal_sheet", curr_slot=-1, props_size=3331
15:27:52.965 !!! Wrong inventory shape="dz\gear\consumables\single_metal_sheet.p3d", proxyType="Proxysingle_metal_sheet", curr_slot=-1, props_size=3331
15:27:52.965 !!! Wrong inventory shape="dz\gear\consumables\single_metal_sheet.p3d", proxyType="Proxysingle_metal_sheet", curr_slot=-1, props_size=3331
15:27:52.965 !!! Wrong inventory shape="dz\gear\consumables\single_metal_sheet.p3d", proxyType="Proxysingle_metal_sheet", curr_slot=-1, props_size=3331
15:27:52.965 !!! Wrong inventory shape="dz\gear\consumables\single_metal_sheet.p3d", proxyType="Proxysingle_metal_sheet", curr_slot=-1, props_size=3331
15:27:52.965 !!! Wrong inventory shape="dz\gear\consumables\single_metal_sheet.p3d", proxyType="Proxysingle_metal_sheet", curr_slot=-1, props_size=3331
15:27:52.972 !!! Wrong inventory shape="dz\gear\consumables\single_metal_sheet.p3d", proxyType="Proxysingle_metal_sheet", curr_slot=-1, props_size=3331
15:27:52.972 !!! Wrong inventory shape="dz\gear\consumables\single_metal_sheet.p3d", proxyType="Proxysingle_metal_sheet", curr_slot=-1, props_size=3331
15:27:52.972 !!! Wrong inventory shape="dz\gear\consumables\single_metal_sheet.p3d", proxyType="Proxysingle_metal_sheet", curr_slot=-1, props_size=3331
15:27:52.972 !!! Wrong inventory shape="dz\gear\consumables\single_metal_sheet.p3d", proxyType="Proxysingle_metal_sheet", curr_slot=-1, props_size=3331
15:27:52.972 !!! Wrong inventory shape="dz\gear\consumables\single_metal_sheet.p3d", proxyType="Proxysingle_metal_sheet", curr_slot=-1, props_size=3331
15:27:52.972 !!! Wrong inventory shape="dz\gear\consumables\single_metal_sheet.p3d", proxyType="Proxysingle_metal_sheet", curr_slot=-1, props_size=3331
15:27:52.972 !!! Wrong inventory shape="dz\gear\consumables\single_metal_sheet.p3d", proxyType="Proxysingle_metal_sheet", curr_slot=-1, props_size=3331
15:27:52.972 !!! Wrong inventory shape="dz\gear\consumables\single_metal_sheet.p3d", proxyType="Proxysingle_metal_sheet", curr_slot=-1, props_size=3331
15:27:52.972 !!! Wrong inventory shape="dz\gear\consumables\single_metal_sheet.p3d", proxyType="Proxysingle_metal_sheet", curr_slot=-1, props_size=3331
15:27:52.972 !!! Wrong inventory shape="dz\gear\consumables\single_metal_sheet.p3d", proxyType="Proxysingle_metal_sheet", curr_slot=-1, props_size=3331
15:27:52.972 !!! Wrong inventory shape="dz\gear\consumables\single_metal_sheet.p3d", proxyType="Proxysingle_metal_sheet", curr_slot=-1, props_size=3331
15:27:52.972 !!! Wrong inventory shape="dz\gear\consumables\single_metal_sheet.p3d", proxyType="Proxysingle_metal_sheet", curr_slot=-1, props_size=3331
15:27:52.972 !!! Wrong inventory shape="dz\gear\consumables\single_metal_sheet.p3d", proxyType="Proxysingle_metal_sheet", curr_slot=-1, props_size=3331
15:27:52.972 !!! Wrong inventory shape="dz\gear\consumables\single_metal_sheet.p3d", proxyType="Proxysingle_metal_sheet", curr_slot=-1, props_size=3331
15:27:52.972 !!! Wrong inventory shape="dz\gear\consumables\single_metal_sheet.p3d", proxyType="Proxysingle_metal_sheet", curr_slot=-1, props_size=3331
15:27:52.972 !!! Wrong inventory shape="dz\gear\consumables\single_metal_sheet.p3d", proxyType="Proxysingle_metal_sheet", curr_slot=-1, props_size=3331
15:27:52.972 !!! Wrong inventory shape="dz\gear\consumables\single_metal_sheet.p3d", proxyType="Proxysingle_metal_sheet", curr_slot=-1, props_size=3331
15:27:52.972 !!! Wrong inventory shape="dz\gear\consumables\single_metal_sheet.p3d", proxyType="Proxysingle_metal_sheet", curr_slot=-1, props_size=3331
15:27:52.972 !!! Wrong inventory shape="dz\gear\consumables\single_metal_sheet.p3d", proxyType="Proxysingle_metal_sheet", curr_slot=-1, props_size=3331
15:27:52.972 !!! Wrong inventory shape="dz\gear\consumables\single_metal_sheet.p3d", proxyType="Proxysingle_metal_sheet", curr_slot=-1, props_size=3331
15:27:52.972 !!! Wrong inventory shape="dz\gear\consumables\single_metal_sheet.p3d", proxyType="Proxysingle_metal_sheet", curr_slot=-1, props_size=3331
15:27:52.972 !!! Wrong inventory shape="dz\gear\consumables\single_metal_sheet.p3d", proxyType="Proxysingle_metal_sheet", curr_slot=-1, props_size=3331
15:27:52.972 !!! Wrong inventory shape="dz\gear\consumables\single_metal_sheet.p3d", proxyType="Proxysingle_metal_sheet", curr_slot=-1, props_size=3331
15:27:52.972 !!! Wrong inventory shape="dz\gear\consumables\single_metal_sheet.p3d", proxyType="Proxysingle_metal_sheet", curr_slot=-1, props_size=3331
15:27:52.972 !!! Wrong inventory shape="dz\gear\consumables\single_metal_sheet.p3d", proxyType="Proxysingle_metal_sheet", curr_slot=-1, props_size=3331
15:27:52.972 !!! Wrong inventory shape="dz\gear\consumables\single_metal_sheet.p3d", proxyType="Proxysingle_metal_sheet", curr_slot=-1, props_size=3331
15:27:52.972 !!! Wrong inventory shape="dz\gear\consumables\single_metal_sheet.p3d", proxyType="Proxysingle_metal_sheet", curr_slot=-1, props_size=3331
15:27:52.972 !!! Wrong inventory shape="dz\gear\consumables\single_metal_sheet.p3d", proxyType="Proxysingle_metal_sheet", curr_slot=-1, props_size=3331
15:27:52.972 !!! Wrong inventory shape="dz\gear\consumables\single_metal_sheet.p3d", proxyType="Proxysingle_metal_sheet", curr_slot=-1, props_size=3331
15:27:52.972 !!! Wrong inventory shape="dz\gear\consumables\single_metal_sheet.p3d", proxyType="Proxysingle_metal_sheet", curr_slot=-1, props_size=3331
15:27:52.972 !!! Wrong inventory shape="dz\gear\consumables\single_metal_sheet.p3d", proxyType="Proxysingle_metal_sheet", curr_slot=-1, props_size=3331
15:27:52.972 !!! Wrong inventory shape="dz\gear\consumables\single_metal_sheet.p3d", proxyType="Proxysingle_metal_sheet", curr_slot=-1, props_size=3331
15:27:52.972 !!! Wrong inventory shape="dz\gear\consumables\single_metal_sheet.p3d", proxyType="Proxysingle_metal_sheet", curr_slot=-1, props_size=3331
15:27:52.972 !!! Wrong inventory shape="dz\gear\consumables\single_metal_sheet.p3d", proxyType="Proxysingle_metal_sheet", curr_slot=-1, props_size=3331
15:27:52.972 !!! Wrong inventory shape="dz\gear\consumables\single_metal_sheet.p3d", proxyType="Proxysingle_metal_sheet", curr_slot=-1, props_size=3331
15:27:52.972 !!! Wrong inventory shape="dz\gear\consumables\single_metal_sheet.p3d", proxyType="Proxysingle_metal_sheet", curr_slot=-1, props_size=3331
15:27:52.972 !!! Wrong inventory shape="dz\gear\consumables\single_metal_sheet.p3d", proxyType="Proxysingle_metal_sheet", curr_slot=-1, props_size=3331
15:27:52.972 !!! Wrong inventory shape="dz\gear\consumables\single_metal_sheet.p3d", proxyType="Proxysingle_metal_sheet", curr_slot=-1, props_size=3331
15:27:52.972 !!! Wrong inventory shape="dz\gear\consumables\single_metal_sheet.p3d", proxyType="Proxysingle_metal_sheet", curr_slot=-1, props_size=3331
15:27:52.972 !!! Wrong inventory shape="dz\gear\consumables\single_metal_sheet.p3d", proxyType="Proxysingle_metal_sheet", curr_slot=-1, props_size=3331
15:27:52.972 !!! Wrong inventory shape="dz\gear\consumables\single_metal_sheet.p3d", proxyType="Proxysingle_metal_sheet", curr_slot=-1, props_size=3331
15:27:52.972 !!! Wrong inventory shape="dz\gear\consumables\single_metal_sheet.p3d", proxyType="Proxysingle_metal_sheet", curr_slot=-1, props_size=3331
15:27:52.972 !!! Wrong inventory shape="dz\gear\consumables\single_metal_sheet.p3d", proxyType="Proxysingle_metal_sheet", curr_slot=-1, props_size=3331
15:27:52.972 !!! Wrong inventory shape="dz\gear\consumables\single_metal_sheet.p3d", proxyType="Proxysingle_metal_sheet", curr_slot=-1, props_size=3331
15:27:52.972 !!! Wrong inventory shape="dz\gear\consumables\single_metal_sheet.p3d", proxyType="Proxysingle_metal_sheet", curr_slot=-1, props_size=3331
15:27:52.972 !!! Wrong inventory shape="dz\gear\consumables\single_metal_sheet.p3d", proxyType="Proxysingle_metal_sheet", curr_slot=-1, props_size=3331
15:27:52.972 !!! Wrong inventory shape="dz\gear\consumables\single_metal_sheet.p3d", proxyType="Proxysingle_metal_sheet", curr_slot=-1, props_size=3331
15:27:52.972 !!! Wrong inventory shape="dz\gear\consumables\single_metal_sheet.p3d", proxyType="Proxysingle_metal_sheet", curr_slot=-1, props_size=3331
15:27:52.972 !!! Wrong inventory shape="dz\gear\consumables\single_metal_sheet.p3d", proxyType="Proxysingle_metal_sheet", curr_slot=-1, props_size=3331
15:27:52.972 !!! Wrong inventory shape="dz\gear\consumables\single_metal_sheet.p3d", proxyType="Proxysingle_metal_sheet", curr_slot=-1, props_size=3331
15:27:52.972 !!! Wrong inventory shape="dz\gear\consumables\single_metal_sheet.p3d", proxyType="Proxysingle_metal_sheet", curr_slot=-1, props_size=3331
15:27:52.972 !!! Wrong inventory shape="dz\gear\consumables\single_metal_sheet.p3d", proxyType="Proxysingle_metal_sheet", curr_slot=-1, props_size=3331
15:27:52.972 !!! Wrong inventory shape="dz\gear\consumables\single_metal_sheet.p3d", proxyType="Proxysingle_metal_sheet", curr_slot=-1, props_size=3331
15:27:52.972 !!! Wrong inventory shape="dz\gear\consumables\single_metal_sheet.p3d", proxyType="Proxysingle_metal_sheet", curr_slot=-1, props_size=3331
15:27:52.972 !!! Wrong inventory shape="dz\gear\consumables\single_metal_sheet.p3d", proxyType="Proxysingle_metal_sheet", curr_slot=-1, props_size=3331
15:27:52.972 !!! Wrong inventory shape="dz\gear\consumables\single_metal_sheet.p3d", proxyType="Proxysingle_metal_sheet", curr_slot=-1, props_size=3331
15:27:52.972 !!! Wrong inventory shape="dz\gear\consumables\single_metal_sheet.p3d", proxyType="Proxysingle_metal_sheet", curr_slot=-1, props_size=3331
15:27:52.972 !!! Wrong inventory shape="dz\gear\consumables\single_metal_sheet.p3d", proxyType="Proxysingle_metal_sheet", curr_slot=-1, props_size=3331
15:27:52.972 !!! Wrong inventory shape="dz\gear\consumables\single_metal_sheet.p3d", proxyType="Proxysingle_metal_sheet", curr_slot=-1, props_size=3331
15:27:52.972 !!! Wrong inventory shape="dz\gear\consumables\single_metal_sheet.p3d", proxyType="Proxysingle_metal_sheet", curr_slot=-1, props_size=3331
15:27:52.972 !!! Wrong inventory shape="dz\gear\consumables\single_metal_sheet.p3d", proxyType="Proxysingle_metal_sheet", curr_slot=-1, props_size=3331
15:27:52.972 !!! Wrong inventory shape="dz\gear\consumables\single_metal_sheet.p3d", proxyType="Proxysingle_metal_sheet", curr_slot=-1, props_size=3331
15:27:52.972 !!! Wrong inventory shape="dz\gear\consumables\single_metal_sheet.p3d", proxyType="Proxysingle_metal_sheet", curr_slot=-1, props_size=3331
15:27:52.972 !!! Wrong inventory shape="dz\gear\consumables\single_metal_sheet.p3d", proxyType="Proxysingle_metal_sheet", curr_slot=-1, props_size=3331
15:27:52.972 !!! Wrong inventory shape="dz\gear\consumables\single_metal_sheet.p3d", proxyType="Proxysingle_metal_sheet", curr_slot=-1, props_size=3331
15:27:52.972 !!! Wrong inventory shape="dz\gear\consumables\single_metal_sheet.p3d", proxyType="Proxysingle_metal_sheet", curr_slot=-1, props_size=3331
15:27:52.972 !!! Wrong inventory shape="dz\gear\consumables\single_metal_sheet.p3d", proxyType="Proxysingle_metal_sheet", curr_slot=-1, props_size=3331
15:27:52.972 !!! Wrong inventory shape="dz\gear\consumables\single_metal_sheet.p3d", proxyType="Proxysingle_metal_sheet", curr_slot=-1, props_size=3331
15:27:52.972 !!! Wrong inventory shape="dz\gear\consumables\single_metal_sheet.p3d", proxyType="Proxysingle_metal_sheet", curr_slot=-1, props_size=3331
15:27:52.972 !!! Wrong inventory shape="dz\gear\consumables\single_metal_sheet.p3d", proxyType="Proxysingle_metal_sheet", curr_slot=-1, props_size=3331
15:27:52.972 !!! Wrong inventory shape="dz\gear\consumables\single_metal_sheet.p3d", proxyType="Proxysingle_metal_sheet", curr_slot=-1, props_size=3331
15:27:52.972 !!! Wrong inventory shape="dz\gear\consumables\single_metal_sheet.p3d", proxyType="Proxysingle_metal_sheet", curr_slot=-1, props_size=3331
15:27:52.972 !!! Wrong inventory shape="dz\gear\consumables\single_metal_sheet.p3d", proxyType="Proxysingle_metal_sheet", curr_slot=-1, props_size=3331
15:27:52.972 !!! Wrong inventory shape="dz\gear\consumables\single_metal_sheet.p3d", proxyType="Proxysingle_metal_sheet", curr_slot=-1, props_size=3331
15:27:52.972 !!! Wrong inventory shape="dz\gear\consumables\single_metal_sheet.p3d", proxyType="Proxysingle_metal_sheet", curr_slot=-1, props_size=3331
15:27:52.972 !!! Wrong inventory shape="dz\gear\consumables\single_metal_sheet.p3d", proxyType="Proxysingle_metal_sheet", curr_slot=-1, props_size=3331
15:27:52.972 !!! Wrong inventory shape="dz\gear\consumables\single_metal_sheet.p3d", proxyType="Proxysingle_metal_sheet", curr_slot=-1, props_size=3331
15:27:52.972 !!! Wrong inventory shape="dz\gear\consumables\single_metal_sheet.p3d", proxyType="Proxysingle_metal_sheet", curr_slot=-1, props_size=3331
15:27:52.972 !!! Wrong inventory shape="dz\gear\consumables\single_metal_sheet.p3d", proxyType="Proxysingle_metal_sheet", curr_slot=-1, props_size=3331
15:27:52.972 !!! Wrong inventory shape="dz\gear\consumables\single_metal_sheet.p3d", proxyType="Proxysingle_metal_sheet", curr_slot=-1, props_size=3331
15:27:52.972 !!! Wrong inventory shape="dz\gear\consumables\single_metal_sheet.p3d", proxyType="Proxysingle_metal_sheet", curr_slot=-1, props_size=3331
15:27:52.972 !!! Wrong inventory shape="dz\gear\consumables\single_metal_sheet.p3d", proxyType="Proxysingle_metal_sheet", curr_slot=-1, props_size=3331
15:27:52.972 !!! Wrong inventory shape="dz\gear\consumables\single_metal_sheet.p3d", proxyType="Proxysingle_metal_sheet", curr_slot=-1, props_size=3331
15:27:52.972 !!! Wrong inventory shape="dz\gear\consumables\single_metal_sheet.p3d", proxyType="Proxysingle_metal_sheet", curr_slot=-1, props_size=3331
15:27:52.972 !!! Wrong inventory shape="dz\gear\consumables\single_metal_sheet.p3d", proxyType="Proxysingle_metal_sheet", curr_slot=-1, props_size=3331
15:27:52.972 !!! Wrong inventory shape="dz\gear\consumables\single_metal_sheet.p3d", proxyType="Proxysingle_metal_sheet", curr_slot=-1, props_size=3331
15:27:52.972 !!! Wrong inventory shape="dz\gear\consumables\single_metal_sheet.p3d", proxyType="Proxysingle_metal_sheet", curr_slot=-1, props_size=3331
15:27:52.972 !!! Wrong inventory shape="dz\gear\consumables\single_metal_sheet.p3d", proxyType="Proxysingle_metal_sheet", curr_slot=-1, props_size=3331
15:27:52.972 !!! Wrong inventory shape="dz\gear\consumables\single_metal_sheet.p3d", proxyType="Proxysingle_metal_sheet", curr_slot=-1, props_size=3331
15:27:52.972 !!! Wrong inventory shape="dz\gear\consumables\single_metal_sheet.p3d", proxyType="Proxysingle_metal_sheet", curr_slot=-1, props_size=3331
15:27:52.972 !!! Wrong inventory shape="dz\gear\consumables\single_metal_sheet.p3d", proxyType="Proxysingle_metal_sheet", curr_slot=-1, props_size=3331
15:27:52.972 !!! Wrong inventory shape="dz\gear\consumables\single_metal_sheet.p3d", proxyType="Proxysingle_metal_sheet", curr_slot=-1, props_size=3331
15:27:52.972 !!! Wrong inventory shape="dz\gear\consumables\single_metal_sheet.p3d", proxyType="Proxysingle_metal_sheet", curr_slot=-1, props_size=3331
15:27:52.972 !!! Wrong inventory shape="dz\gear\consumables\single_metal_sheet.p3d", proxyType="Proxysingle_metal_sheet", curr_slot=-1, props_size=3331
15:27:52.972 !!! Wrong inventory shape="dz\gear\consumables\single_metal_sheet.p3d", proxyType="Proxysingle_metal_sheet", curr_slot=-1, props_size=3331
15:27:52.972 !!! Wrong inventory shape="dz\gear\consumables\single_metal_sheet.p3d", proxyType="Proxysingle_metal_sheet", curr_slot=-1, props_size=3331
15:27:52.972 !!! Wrong inventory shape="dz\gear\consumables\single_metal_sheet.p3d", proxyType="Proxysingle_metal_sheet", curr_slot=-1, props_size=3331
15:27:52.972 !!! Wrong inventory shape="dz\gear\consumables\single_metal_sheet.p3d", proxyType="Proxysingle_metal_sheet", curr_slot=-1, props_size=3331
15:27:52.972 !!! Wrong inventory shape="dz\gear\consumables\single_metal_sheet.p3d", proxyType="Proxysingle_metal_sheet", curr_slot=-1, props_size=3331
15:27:52.972 !!! Wrong inventory shape="dz\gear\consumables\single_metal_sheet.p3d", proxyType="Proxysingle_metal_sheet", curr_slot=-1, props_size=3331
15:27:52.972 !!! Wrong inventory shape="dz\gear\consumables\single_metal_sheet.p3d", proxyType="Proxysingle_metal_sheet", curr_slot=-1, props_size=3331
15:27:52.972 !!! Wrong inventory shape="dz\gear\consumables\single_metal_sheet.p3d", proxyType="Proxysingle_metal_sheet", curr_slot=-1, props_size=3331
15:27:52.972 !!! Wrong inventory shape="dz\gear\consumables\single_metal_sheet.p3d", proxyType="Proxysingle_metal_sheet", curr_slot=-1, props_size=3331
15:27:52.972 !!! Wrong inventory shape="dz\gear\consumables\single_metal_sheet.p3d", proxyType="Proxysingle_metal_sheet", curr_slot=-1, props_size=3331
15:27:52.972 !!! Wrong inventory shape="dz\gear\consumables\single_metal_sheet.p3d", proxyType="Proxysingle_metal_sheet", curr_slot=-1, props_size=3331
15:27:52.972 !!! Wrong inventory shape="dz\gear\consumables\single_metal_sheet.p3d", proxyType="Proxysingle_metal_sheet", curr_slot=-1, props_size=3331
15:27:52.972 !!! Wrong inventory shape="dz\gear\consumables\single_metal_sheet.p3d", proxyType="Proxysingle_metal_sheet", curr_slot=-1, props_size=3331
15:27:52.972 !!! Wrong inventory shape="dz\gear\consumables\single_metal_sheet.p3d", proxyType="Proxysingle_metal_sheet", curr_slot=-1, props_size=3331
15:27:52.972 !!! Wrong inventory shape="dz\gear\consumables\single_metal_sheet.p3d", proxyType="Proxysingle_metal_sheet", curr_slot=-1, props_size=3331
15:27:52.972 !!! Wrong inventory shape="dz\gear\consumables\single_metal_sheet.p3d", proxyType="Proxysingle_metal_sheet", curr_slot=-1, props_size=3331
15:27:52.972 !!! Wrong inventory shape="dz\gear\consumables\single_metal_sheet.p3d", proxyType="Proxysingle_metal_sheet", curr_slot=-1, props_size=3331
15:27:52.972 !!! Wrong inventory shape="dz\gear\consumables\single_metal_sheet.p3d", proxyType="Proxysingle_metal_sheet", curr_slot=-1, props_size=3331
15:27:52.972 !!! Wrong inventory shape="dz\gear\consumables\single_metal_sheet.p3d", proxyType="Proxysingle_metal_sheet", curr_slot=-1, props_size=3331
15:27:52.972 !!! Wrong inventory shape="dz\gear\consumables\single_metal_sheet.p3d", proxyType="Proxysingle_metal_sheet", curr_slot=-1, props_size=3331
15:27:52.972 !!! Wrong inventory shape="dz\gear\consumables\single_metal_sheet.p3d", proxyType="Proxysingle_metal_sheet", curr_slot=-1, props_size=3331
15:27:52.972 !!! Wrong inventory shape="dz\gear\consumables\single_metal_sheet.p3d", proxyType="Proxysingle_metal_sheet", curr_slot=-1, props_size=3331
15:27:52.972 !!! Wrong inventory shape="dz\gear\consumables\single_metal_sheet.p3d", proxyType="Proxysingle_metal_sheet", curr_slot=-1, props_size=3331
15:27:52.972 !!! Wrong inventory shape="dz\gear\consumables\single_metal_sheet.p3d", proxyType="Proxysingle_metal_sheet", curr_slot=-1, props_size=3331
15:27:52.972 !!! Wrong inventory shape="dz\gear\consumables\single_metal_sheet.p3d", proxyType="Proxysingle_metal_sheet", curr_slot=-1, props_size=3331
15:27:52.972 !!! Wrong inventory shape="dz\gear\consumables\single_metal_sheet.p3d", proxyType="Proxysingle_metal_sheet", curr_slot=-1, props_size=3331
15:27:53.07  DamageSystem Warning: Selection wall_gate doesn't exists in fire geometry for entity Fence
15:27:53.11  Warning: No components in dz\gear\camping\proxies\gate.p3d:geometry
15:27:53.11  Warning: No components in dz\gear\camping\proxies\gate.p3d:geometryView
15:27:53.11  !!! Wrong inventory shape="dz\gear\consumables\single_metal_sheet.p3d", proxyType="Proxysingle_metal_sheet", curr_slot=-1, props_size=3331
15:27:53.11  !!! Wrong inventory shape="dz\gear\consumables\single_metal_sheet.p3d", proxyType="Proxysingle_metal_sheet", curr_slot=-1, props_size=3331
15:27:53.11  !!! Wrong inventory shape="dz\gear\consumables\single_metal_sheet.p3d", proxyType="Proxysingle_metal_sheet", curr_slot=-1, props_size=3331
15:27:53.11  !!! Wrong inventory shape="dz\gear\consumables\single_metal_sheet.p3d", proxyType="Proxysingle_metal_sheet", curr_slot=-1, props_size=3331
15:27:53.11  !!! Wrong inventory shape="dz\gear\consumables\single_metal_sheet.p3d", proxyType="Proxysingle_metal_sheet", curr_slot=-1, props_size=3331
15:27:53.11  !!! Wrong inventory shape="dz\gear\consumables\single_metal_sheet.p3d", proxyType="Proxysingle_metal_sheet", curr_slot=-1, props_size=3331
15:27:53.11  !!! Wrong inventory shape="dz\gear\consumables\single_metal_sheet.p3d", proxyType="Proxysingle_metal_sheet", curr_slot=-1, props_size=3331
15:27:53.11  !!! Wrong inventory shape="dz\gear\consumables\single_metal_sheet.p3d", proxyType="Proxysingle_metal_sheet", curr_slot=-1, props_size=3331
15:27:53.11  !!! Wrong inventory shape="dz\gear\consumables\single_metal_sheet.p3d", proxyType="Proxysingle_metal_sheet", curr_slot=-1, props_size=3331
15:27:53.11  !!! Wrong inventory shape="dz\gear\consumables\single_metal_sheet.p3d", proxyType="Proxysingle_metal_sheet", curr_slot=-1, props_size=3331
15:27:53.11  !!! Wrong inventory shape="dz\gear\consumables\single_metal_sheet.p3d", proxyType="Proxysingle_metal_sheet", curr_slot=-1, props_size=3331
15:27:53.11  !!! Wrong inventory shape="dz\gear\consumables\single_metal_sheet.p3d", proxyType="Proxysingle_metal_sheet", curr_slot=-1, props_size=3331
15:27:53.12  !!! Wrong inventory shape="dz\gear\consumables\single_metal_sheet.p3d", proxyType="Proxysingle_metal_sheet", curr_slot=-1, props_size=3331
15:27:53.12  !!! Wrong inventory shape="dz\gear\consumables\single_metal_sheet.p3d", proxyType="Proxysingle_metal_sheet", curr_slot=-1, props_size=3331
15:27:53.12  !!! Wrong inventory shape="dz\gear\consumables\single_metal_sheet.p3d", proxyType="Proxysingle_metal_sheet", curr_slot=-1, props_size=3331
15:27:53.12  !!! Wrong inventory shape="dz\gear\consumables\single_metal_sheet.p3d", proxyType="Proxysingle_metal_sheet", curr_slot=-1, props_size=3331
15:27:53.12  !!! Wrong inventory shape="dz\gear\consumables\single_metal_sheet.p3d", proxyType="Proxysingle_metal_sheet", curr_slot=-1, props_size=3331
15:27:53.12  !!! Wrong inventory shape="dz\gear\consumables\single_metal_sheet.p3d", proxyType="Proxysingle_metal_sheet", curr_slot=-1, props_size=3331
15:27:53.12  !!! Wrong inventory shape="dz\gear\consumables\single_metal_sheet.p3d", proxyType="Proxysingle_metal_sheet", curr_slot=-1, props_size=3331
15:27:53.12  !!! Wrong inventory shape="dz\gear\consumables\single_metal_sheet.p3d", proxyType="Proxysingle_metal_sheet", curr_slot=-1, props_size=3331
15:27:53.12  !!! Wrong inventory shape="dz\gear\consumables\single_metal_sheet.p3d", proxyType="Proxysingle_metal_sheet", curr_slot=-1, props_size=3331
15:27:53.12  !!! Wrong inventory shape="dz\gear\consumables\single_metal_sheet.p3d", proxyType="Proxysingle_metal_sheet", curr_slot=-1, props_size=3331
15:27:53.12  !!! Wrong inventory shape="dz\gear\consumables\single_metal_sheet.p3d", proxyType="Proxysingle_metal_sheet", curr_slot=-1, props_size=3331
15:27:53.12  !!! Wrong inventory shape="dz\gear\consumables\single_metal_sheet.p3d", proxyType="Proxysingle_metal_sheet", curr_slot=-1, props_size=3331
15:27:53.12  !!! Wrong inventory shape="dz\gear\consumables\single_metal_sheet.p3d", proxyType="Proxysingle_metal_sheet", curr_slot=-1, props_size=3331
15:27:53.12  !!! Wrong inventory shape="dz\gear\consumables\single_metal_sheet.p3d", proxyType="Proxysingle_metal_sheet", curr_slot=-1, props_size=3331
15:27:53.12  !!! Wrong inventory shape="dz\gear\consumables\single_metal_sheet.p3d", proxyType="Proxysingle_metal_sheet", curr_slot=-1, props_size=3331
15:27:53.12  !!! Wrong inventory shape="dz\gear\consumables\single_metal_sheet.p3d", proxyType="Proxysingle_metal_sheet", curr_slot=-1, props_size=3331
15:27:53.12  !!! Wrong inventory shape="dz\gear\consumables\single_metal_sheet.p3d", proxyType="Proxysingle_metal_sheet", curr_slot=-1, props_size=3331
15:27:53.12  !!! Wrong inventory shape="dz\gear\consumables\single_metal_sheet.p3d", proxyType="Proxysingle_metal_sheet", curr_slot=-1, props_size=3331
15:27:53.12  !!! Wrong inventory shape="dz\gear\consumables\single_metal_sheet.p3d", proxyType="Proxysingle_metal_sheet", curr_slot=-1, props_size=3331
15:27:53.12  !!! Wrong inventory shape="dz\gear\consumables\single_metal_sheet.p3d", proxyType="Proxysingle_metal_sheet", curr_slot=-1, props_size=3331
15:27:53.12  !!! Wrong inventory shape="dz\gear\consumables\single_metal_sheet.p3d", proxyType="Proxysingle_metal_sheet", curr_slot=-1, props_size=3331
15:27:53.12  !!! Wrong inventory shape="dz\gear\consumables\single_metal_sheet.p3d", proxyType="Proxysingle_metal_sheet", curr_slot=-1, props_size=3331
15:27:53.12  !!! Wrong inventory shape="dz\gear\consumables\single_metal_sheet.p3d", proxyType="Proxysingle_metal_sheet", curr_slot=-1, props_size=3331
15:27:53.12  !!! Wrong inventory shape="dz\gear\consumables\single_metal_sheet.p3d", proxyType="Proxysingle_metal_sheet", curr_slot=-1, props_size=3331
15:27:53.12  !!! Wrong inventory shape="dz\gear\consumables\single_metal_sheet.p3d", proxyType="Proxysingle_metal_sheet", curr_slot=-1, props_size=3331
15:27:53.12  !!! Wrong inventory shape="dz\gear\consumables\single_metal_sheet.p3d", proxyType="Proxysingle_metal_sheet", curr_slot=-1, props_size=3331
15:27:53.12  !!! Wrong inventory shape="dz\gear\consumables\single_metal_sheet.p3d", proxyType="Proxysingle_metal_sheet", curr_slot=-1, props_size=3331
15:27:53.12  !!! Wrong inventory shape="dz\gear\consumables\single_metal_sheet.p3d", proxyType="Proxysingle_metal_sheet", curr_slot=-1, props_size=3331
15:27:53.12  !!! Wrong inventory shape="dz\gear\consumables\single_metal_sheet.p3d", proxyType="Proxysingle_metal_sheet", curr_slot=-1, props_size=3331
15:27:53.12  !!! Wrong inventory shape="dz\gear\consumables\single_metal_sheet.p3d", proxyType="Proxysingle_metal_sheet", curr_slot=-1, props_size=3331
15:27:53.12  !!! Wrong inventory shape="dz\gear\consumables\single_metal_sheet.p3d", proxyType="Proxysingle_metal_sheet", curr_slot=-1, props_size=3331
15:27:53.12  !!! Wrong inventory shape="dz\gear\consumables\single_metal_sheet.p3d", proxyType="Proxysingle_metal_sheet", curr_slot=-1, props_size=3331
15:27:53.12  !!! Wrong inventory shape="dz\gear\consumables\single_metal_sheet.p3d", proxyType="Proxysingle_metal_sheet", curr_slot=-1, props_size=3331
15:27:53.12  !!! Wrong inventory shape="dz\gear\consumables\single_metal_sheet.p3d", proxyType="Proxysingle_metal_sheet", curr_slot=-1, props_size=3331
15:27:53.12  !!! Wrong inventory shape="dz\gear\consumables\single_metal_sheet.p3d", proxyType="Proxysingle_metal_sheet", curr_slot=-1, props_size=3331
15:27:53.12  !!! Wrong inventory shape="dz\gear\consumables\single_metal_sheet.p3d", proxyType="Proxysingle_metal_sheet", curr_slot=-1, props_size=3331
15:27:53.27  Warning: No components in dz\vehicles\wheeled\sedan_02\proxy\sedan_02_interior.p3d:geometryFire
15:27:53.27  Warning: No components in dz\vehicles\wheeled\sedan_02\proxy\sedan_02_interior.p3d:geometryView
15:27:53.27  Warning Message: No entry 'bin\config.bin/CfgNonAIVehicles/ProxyCrew_Driver.simulation'.
15:27:53.27  Warning Message: Trying to access error value.
15:27:53.27  Unrecognized CfgNonAIVehicles simulation  in bin\config.bin/CfgNonAIVehicles/ProxyCrew_Driver/
15:27:53.27  Warning Message: No entry 'bin\config.bin/CfgNonAIVehicles/ProxyCrew_Driver.simulation'.
15:27:53.27  Warning Message: Trying to access error value.
15:27:53.27  Warning Message: No entry 'bin\config.bin/CfgNonAIVehicles/ProxyCrew_Cargo.simulation'.
15:27:53.27  Warning Message: Trying to access error value.
15:27:53.27  Unrecognized CfgNonAIVehicles simulation  in bin\config.bin/CfgNonAIVehicles/ProxyCrew_Cargo/
15:27:53.27  Warning Message: No entry 'bin\config.bin/CfgNonAIVehicles/ProxyCrew_Cargo.simulation'.
15:27:53.27  Warning Message: Trying to access error value.
15:27:53.34  Warning: No components in dz\vehicles\wheeled\sedan_02\proxy\sedan_02_glass2.p3d:geometryFire
15:27:53.47  Warning: No components in dz\vehicles\wheeled\offroadhatchback\proxy\nivaengine.p3d:geometry
15:27:53.47  Warning: No components in dz\vehicles\wheeled\offroadhatchback\proxy\nivaengine.p3d:geometryView
15:27:53.95  Warning: No components in dz\vehicles\wheeled\hatchback_02\proxy\hatchback_02_interior.p3d:geometry
15:27:53.96  Warning: No components in dz\vehicles\wheeled\hatchback_02\proxy\hatchback_02_engine.p3d:geometry
15:27:53.96  Warning: No components in dz\vehicles\wheeled\hatchback_02\proxy\hatchback_02_engine.p3d:geometryFire
15:27:53.96  Warning: No components in dz\vehicles\wheeled\hatchback_02\proxy\hatchback_02_engine.p3d:geometryView
15:27:53.125 Warning: No components in dz\vehicles\wheeled\civiliansedan\proxy\prox_int.p3d:geometry
15:27:53.125 Warning: No components in dz\vehicles\wheeled\civiliansedan\proxy\prox_int.p3d:geometryFire
15:27:53.125 Warning: No components in dz\vehicles\wheeled\civiliansedan\proxy\prox_int.p3d:geometryView
15:27:53.126 Warning: No components in dz\vehicles\wheeled\civiliansedan\proxy\sedan_engine.p3d:geometry
15:27:53.126 Warning: No components in dz\vehicles\wheeled\civiliansedan\proxy\sedan_engine.p3d:geometryFire
15:27:53.126 Warning: No components in dz\vehicles\wheeled\civiliansedan\proxy\sedan_engine.p3d:geometryView
15:27:53.160 Truck_01_Covered: Engine_Rotate - unknown animation source rpmspeed
15:27:53.160 ENTITY       : Load entity type 'Truck_01_Covered'
15:27:53.160  PHYSICS   (E): Action selection 'seat_cargo1' was not found in view or fire geometry level of model when parsing class Crew::Crew
15:27:53.160  PHYSICS   (E): Action selection 'seat_cargo2' was not found in view or fire geometry level of model when parsing class Crew::Crew
15:27:53.160  PHYSICS   (E): Action selection 'seat_cargo3' was not found in view or fire geometry level of model when parsing class Crew::Crew
15:27:53.161  PHYSICS   (E): Action selection 'seat_cargo4' was not found in view or fire geometry level of model when parsing class Crew::Crew
15:27:53.161  PHYSICS   (E): Action selection 'seat_cargo5' was not found in view or fire geometry level of model when parsing class Crew::Crew
15:27:53.161  PHYSICS   (E): Action selection 'seat_cargo6' was not found in view or fire geometry level of model when parsing class Crew::Crew
15:27:53.161  PHYSICS   (E): Action selection 'seat_cargo7' was not found in view or fire geometry level of model when parsing class Crew::Crew
15:27:53.161  PHYSICS   (E): Action selection 'seat_cargo8' was not found in view or fire geometry level of model when parsing class Crew::Crew
15:27:53.161  PHYSICS   (E): Action selection 'seat_cargo9' was not found in view or fire geometry level of model when parsing class Crew::Crew
15:27:53.161  PHYSICS   (E): Action selection 'seat_cargo10' was not found in view or fire geometry level of model when parsing class Crew::Crew
15:27:53.161  PHYSICS   (E): Action selection 'seat_cargo11' was not found in view or fire geometry level of model when parsing class Crew::Crew
15:27:53.161  PHYSICS   (E): Action selection 'seat_cargo12' was not found in view or fire geometry level of model when parsing class Crew::Crew
15:27:53.161  PHYSICS   (E): Action selection 'seat_cargo13' was not found in view or fire geometry level of model when parsing class Crew::Crew
15:27:53.161  PHYSICS   (E): Action selection 'seat_cargo14' was not found in view or fire geometry level of model when parsing class Crew::Crew
15:27:53.167 !!! Wrong inventory shape="dz\gear\consumables\single_metal_sheet.p3d", proxyType="Proxysingle_metal_sheet", curr_slot=-1, props_size=3331
15:27:53.167 !!! Wrong inventory shape="dz\gear\consumables\single_metal_sheet.p3d", proxyType="Proxysingle_metal_sheet", curr_slot=-1, props_size=3331
15:27:53.167 !!! Wrong inventory shape="dz\gear\consumables\single_metal_sheet.p3d", proxyType="Proxysingle_metal_sheet", curr_slot=-1, props_size=3331
15:27:53.167 !!! Wrong inventory shape="dz\gear\consumables\single_metal_sheet.p3d", proxyType="Proxysingle_metal_sheet", curr_slot=-1, props_size=3331
15:27:53.167 !!! Wrong inventory shape="dz\gear\consumables\single_metal_sheet.p3d", proxyType="Proxysingle_metal_sheet", curr_slot=-1, props_size=3331
15:27:53.167 !!! Wrong inventory shape="dz\gear\consumables\single_metal_sheet.p3d", proxyType="Proxysingle_metal_sheet", curr_slot=-1, props_size=3331
15:27:53.167 !!! Wrong inventory shape="dz\gear\consumables\single_metal_sheet.p3d", proxyType="Proxysingle_metal_sheet", curr_slot=-1, props_size=3331
15:27:53.167 !!! Wrong inventory shape="dz\gear\consumables\single_metal_sheet.p3d", proxyType="Proxysingle_metal_sheet", curr_slot=-1, props_size=3331
15:27:53.167 !!! Wrong inventory shape="dz\gear\consumables\single_metal_sheet.p3d", proxyType="Proxysingle_metal_sheet", curr_slot=-1, props_size=3331
15:27:53.167 !!! Wrong inventory shape="dz\gear\consumables\single_metal_sheet.p3d", proxyType="Proxysingle_metal_sheet", curr_slot=-1, props_size=3331
15:27:53.167 !!! Wrong inventory shape="dz\gear\consumables\single_metal_sheet.p3d", proxyType="Proxysingle_metal_sheet", curr_slot=-1, props_size=3331
15:27:53.167 !!! Wrong inventory shape="dz\gear\consumables\single_metal_sheet.p3d", proxyType="Proxysingle_metal_sheet", curr_slot=-1, props_size=3331
15:27:53.168 Warning: No components in dz\vehicles\wheeled\truck_01\proxy\truck_01_engine.p3d:geometry
15:27:53.168 Warning: No components in dz\vehicles\wheeled\truck_01\proxy\truck_01_engine.p3d:geometryView
15:27:53.168 Warning: No components in dz\vehicles\wheeled\truck_01\proxy\truck_01_engine_rotate_1.p3d:geometry
15:27:53.253 Truck_01_Covered_Blue: Engine_Rotate - unknown animation source rpmspeed
15:27:53.253 ENTITY       : Load entity type 'Truck_01_Covered_Blue'
15:27:53.253  PHYSICS   (E): Action selection 'seat_cargo1' was not found in view or fire geometry level of model when parsing class Crew::Crew
15:27:53.253  PHYSICS   (E): Action selection 'seat_cargo2' was not found in view or fire geometry level of model when parsing class Crew::Crew
15:27:53.253  PHYSICS   (E): Action selection 'seat_cargo3' was not found in view or fire geometry level of model when parsing class Crew::Crew
15:27:53.253  PHYSICS   (E): Action selection 'seat_cargo4' was not found in view or fire geometry level of model when parsing class Crew::Crew
15:27:53.253  PHYSICS   (E): Action selection 'seat_cargo5' was not found in view or fire geometry level of model when parsing class Crew::Crew
15:27:53.253  PHYSICS   (E): Action selection 'seat_cargo6' was not found in view or fire geometry level of model when parsing class Crew::Crew
15:27:53.253  PHYSICS   (E): Action selection 'seat_cargo7' was not found in view or fire geometry level of model when parsing class Crew::Crew
15:27:53.253  PHYSICS   (E): Action selection 'seat_cargo8' was not found in view or fire geometry level of model when parsing class Crew::Crew
15:27:53.253  PHYSICS   (E): Action selection 'seat_cargo9' was not found in view or fire geometry level of model when parsing class Crew::Crew
15:27:53.253  PHYSICS   (E): Action selection 'seat_cargo10' was not found in view or fire geometry level of model when parsing class Crew::Crew
15:27:53.253  PHYSICS   (E): Action selection 'seat_cargo11' was not found in view or fire geometry level of model when parsing class Crew::Crew
15:27:53.253  PHYSICS   (E): Action selection 'seat_cargo12' was not found in view or fire geometry level of model when parsing class Crew::Crew
15:27:53.253  PHYSICS   (E): Action selection 'seat_cargo13' was not found in view or fire geometry level of model when parsing class Crew::Crew
15:27:53.253  PHYSICS   (E): Action selection 'seat_cargo14' was not found in view or fire geometry level of model when parsing class Crew::Crew
15:27:53.286 !!! Wrong inventory shape="dz\gear\consumables\single_metal_sheet.p3d", proxyType="Proxysingle_metal_sheet", curr_slot=-1, props_size=3331
15:27:53.286 !!! Wrong inventory shape="dz\gear\consumables\single_metal_sheet.p3d", proxyType="Proxysingle_metal_sheet", curr_slot=-1, props_size=3331
15:27:53.286 !!! Wrong inventory shape="dz\gear\consumables\single_metal_sheet.p3d", proxyType="Proxysingle_metal_sheet", curr_slot=-1, props_size=3331
15:27:53.286 !!! Wrong inventory shape="dz\gear\consumables\single_metal_sheet.p3d", proxyType="Proxysingle_metal_sheet", curr_slot=-1, props_size=3331
15:27:53.286 !!! Wrong inventory shape="dz\gear\consumables\single_metal_sheet.p3d", proxyType="Proxysingle_metal_sheet", curr_slot=-1, props_size=3331
15:27:53.286 !!! Wrong inventory shape="dz\gear\consumables\single_metal_sheet.p3d", proxyType="Proxysingle_metal_sheet", curr_slot=-1, props_size=3331
15:27:53.286 !!! Wrong inventory shape="dz\gear\consumables\single_metal_sheet.p3d", proxyType="Proxysingle_metal_sheet", curr_slot=-1, props_size=3331
15:27:53.286 !!! Wrong inventory shape="dz\gear\consumables\single_metal_sheet.p3d", proxyType="Proxysingle_metal_sheet", curr_slot=-1, props_size=3331
15:27:53.286 !!! Wrong inventory shape="dz\gear\consumables\single_metal_sheet.p3d", proxyType="Proxysingle_metal_sheet", curr_slot=-1, props_size=3331
15:27:53.286 !!! Wrong inventory shape="dz\gear\consumables\single_metal_sheet.p3d", proxyType="Proxysingle_metal_sheet", curr_slot=-1, props_size=3331
15:27:53.286 !!! Wrong inventory shape="dz\gear\consumables\single_metal_sheet.p3d", proxyType="Proxysingle_metal_sheet", curr_slot=-1, props_size=3331
15:27:53.286 !!! Wrong inventory shape="dz\gear\consumables\single_metal_sheet.p3d", proxyType="Proxysingle_metal_sheet", curr_slot=-1, props_size=3331
15:27:53.319 Truck_01_Covered_Orange: Engine_Rotate - unknown animation source rpmspeed
15:27:53.320 ENTITY       : Load entity type 'Truck_01_Covered_Orange'
15:27:53.320  PHYSICS   (E): Action selection 'seat_cargo1' was not found in view or fire geometry level of model when parsing class Crew::Crew
15:27:53.320  PHYSICS   (E): Action selection 'seat_cargo2' was not found in view or fire geometry level of model when parsing class Crew::Crew
15:27:53.320  PHYSICS   (E): Action selection 'seat_cargo3' was not found in view or fire geometry level of model when parsing class Crew::Crew
15:27:53.320  PHYSICS   (E): Action selection 'seat_cargo4' was not found in view or fire geometry level of model when parsing class Crew::Crew
15:27:53.320  PHYSICS   (E): Action selection 'seat_cargo5' was not found in view or fire geometry level of model when parsing class Crew::Crew
15:27:53.320  PHYSICS   (E): Action selection 'seat_cargo6' was not found in view or fire geometry level of model when parsing class Crew::Crew
15:27:53.320  PHYSICS   (E): Action selection 'seat_cargo7' was not found in view or fire geometry level of model when parsing class Crew::Crew
15:27:53.320  PHYSICS   (E): Action selection 'seat_cargo8' was not found in view or fire geometry level of model when parsing class Crew::Crew
15:27:53.320  PHYSICS   (E): Action selection 'seat_cargo9' was not found in view or fire geometry level of model when parsing class Crew::Crew
15:27:53.320  PHYSICS   (E): Action selection 'seat_cargo10' was not found in view or fire geometry level of model when parsing class Crew::Crew
15:27:53.320  PHYSICS   (E): Action selection 'seat_cargo11' was not found in view or fire geometry level of model when parsing class Crew::Crew
15:27:53.320  PHYSICS   (E): Action selection 'seat_cargo12' was not found in view or fire geometry level of model when parsing class Crew::Crew
15:27:53.320  PHYSICS   (E): Action selection 'seat_cargo13' was not found in view or fire geometry level of model when parsing class Crew::Crew
15:27:53.320  PHYSICS   (E): Action selection 'seat_cargo14' was not found in view or fire geometry level of model when parsing class Crew::Crew
15:27:53.352 !!! Wrong inventory shape="dz\gear\consumables\single_metal_sheet.p3d", proxyType="Proxysingle_metal_sheet", curr_slot=-1, props_size=3331
15:27:53.352 !!! Wrong inventory shape="dz\gear\consumables\single_metal_sheet.p3d", proxyType="Proxysingle_metal_sheet", curr_slot=-1, props_size=3331
15:27:53.352 !!! Wrong inventory shape="dz\gear\consumables\single_metal_sheet.p3d", proxyType="Proxysingle_metal_sheet", curr_slot=-1, props_size=3331
15:27:53.352 !!! Wrong inventory shape="dz\gear\consumables\single_metal_sheet.p3d", proxyType="Proxysingle_metal_sheet", curr_slot=-1, props_size=3331
15:27:53.352 !!! Wrong inventory shape="dz\gear\consumables\single_metal_sheet.p3d", proxyType="Proxysingle_metal_sheet", curr_slot=-1, props_size=3331
15:27:53.352 !!! Wrong inventory shape="dz\gear\consumables\single_metal_sheet.p3d", proxyType="Proxysingle_metal_sheet", curr_slot=-1, props_size=3331
15:27:53.352 !!! Wrong inventory shape="dz\gear\consumables\single_metal_sheet.p3d", proxyType="Proxysingle_metal_sheet", curr_slot=-1, props_size=3331
15:27:53.352 !!! Wrong inventory shape="dz\gear\consumables\single_metal_sheet.p3d", proxyType="Proxysingle_metal_sheet", curr_slot=-1, props_size=3331
15:27:53.352 !!! Wrong inventory shape="dz\gear\consumables\single_metal_sheet.p3d", proxyType="Proxysingle_metal_sheet", curr_slot=-1, props_size=3331
15:27:53.352 !!! Wrong inventory shape="dz\gear\consumables\single_metal_sheet.p3d", proxyType="Proxysingle_metal_sheet", curr_slot=-1, props_size=3331
15:27:53.352 !!! Wrong inventory shape="dz\gear\consumables\single_metal_sheet.p3d", proxyType="Proxysingle_metal_sheet", curr_slot=-1, props_size=3331
15:27:53.352 !!! Wrong inventory shape="dz\gear\consumables\single_metal_sheet.p3d", proxyType="Proxysingle_metal_sheet", curr_slot=-1, props_size=3331
15:27:53.392 DamageSystem Warning: Selection dmgZone_bumper_1 doesn't exists in fire geometry for entity Offroad_02
15:27:53.406 Warning: No components in dz\vehicles\wheeled\offroad_02\proxy\offroad_02_body.p3d:geometry
15:27:53.406 Warning: No components in dz\vehicles\wheeled\offroad_02\proxy\offroad_02_body.p3d:geometryFire
15:27:53.406 Warning: No components in dz\vehicles\wheeled\offroad_02\proxy\offroad_02_body.p3d:geometryView
15:27:53.407 Warning: No components in dz\vehicles\wheeled\offroad_02\proxy\offroad_02_roof.p3d:geometry
15:27:53.457 NETWORK      : server: Player dpid=2 added at playerIndex=0
15:27:53.548 SUCCESS: SteamGameServer_Init(0,8766,2302,27016,3,1.29.163709)
15:27:53.549 Hostname of server: "SVOBODA DayZ"
15:27:53.553 NETWORK      : Server: SetClientState dpid=2 id=0 name=__SERVER__ CREATED -> CONNECTED
15:27:53.553 NETWORK      : Network simulation
15:27:53.553  ENGINE       : FileSystem: Adding relative directory 'G:\SteamLibrary\steamapps\common\DayZServer\mpmissions\regular.namalsk' to RV filesystem under name mission
15:27:54.274 ENGINE       : Destroying game
15:27:54.274  SCRIPT       : [DayZ Expansion] ~DayZGame
15:27:54.276  SCRIPT       : ~DayZGame()
15:27:57.53   --- Termination successfully completed --- 
