=====================================================================
== G:\SteamLibrary\steamapps\common\DayZServer\DayZServer_x64.exe
== DayZServer_x64.exe -noBattlEye -config=serverDZ.cfg -port=2302 "-profiles=G:\SteamLibrary\steamapps\common\DayZServer\ServerProfiles" -cpuCount=4 -nosplash -noPause "-mod=@CF;@Dabs Framework;@[CnG]UAZ_452;@[CnG]UAZ_31514;@[CnG]VAZ_2109;@[CrSk] BMW 525i E34;@[CrSk] VAZ-2107;@Armored Vehicle Pack;@AutoCarFlip;@BaseBuildingPlus;@Basic Map;@BMW E38 [FREE];@BMW X5 2000;@BMW_M5_CS;@ChernarusRP AE86;@Code Lock;@DayZ Horse;@DayZ-Expansion;@DayZ-Expansion-BaseBuilding;@DayZ-Expansion-Core;@DayZ-Expansion-Licensed;@Dayz-Expansion-Vehicles;@GAZ 66 SHISHIGA;@GAZ_Tigr_FIXED;@Gerphelius_CarXFence;@Honda_NSX;@JosiesHiluxZ;@M110;@MBM_ApocalypseTruck;@MBM_GoKart;@MBM_UnderglowLights;@Mercedes-Benz AMG G63 W463;@MMG - Mightys Military Gear;@Namalsk Island;@Namalsk Survival;@Nissan GTR 2015 - FREE TO USE;@RUSForma_vehicles;@SNAFU Weapons;@Survivor Animations;@Syndicate Breaching Charge;@The Complete Ghillie Pack;@Toyota_GT86_RB;@Unknown Ghillie Mod;@VAZ 2107 Yandex Dfift;@VPPAdminTools;@VPPAdminTools Ru Translate;@WindstridesClothingPack;@Zens Core Mod;@Zens Sleeping Mod"
=====================================================================
Exe timestamp: 2026/08/15 12:57:52
Current time:  2026/08/16 23:32:45
Version 1.29.163709
=====================================================================

23:32:45.732 ENGINE    (W): Process affinity forced to f
23:33:11.196 ENGINE    (W): No module info used, trying to identify -> 0x2EFD0000
23:33:11.197 ENGINE    (W): Adjusting job system settings to have at least one job worker thread.
23:33:11.387 [Inputs] Loading inputs default "bin/constants.xml"
23:33:11.390 [Inputs] Loading inputs default "bin/specific.xml"
23:33:11.392 [Inputs] Loading inputs default "BBP_keybind/data/modded_Inputs.xml"
23:33:11.392 [Inputs] Loading inputs default "HB_FlipVehicle/Inputs/inputs.xml"
23:33:11.392 [Inputs] Loading inputs default "nst/ns_dayz/scripts/Data/Inputs.xml"
23:33:11.392 [Inputs] Loading inputs default "VPPAdminTools/data/modded_Inputs.xml"
23:33:11.392 [Inputs] Loading inputs default "WindstrideClothing/Inputs.xml"
23:33:11.393 [Inputs] Loading inputs default "BasicMap/data/Inputs.xml"
23:33:11.393 [Inputs] Loading inputs default "MBM_UnderglowLights/gui/inputs.xml"
23:33:11.394 [Inputs] Loading inputs default "DayZExpansion/PlayerList/Scripts/Data/Inputs.xml"
23:33:11.394 [Inputs] Loading inputs default "DayZExpansion/Scripts/Data/Inputs.xml"
23:33:11.394 [Inputs] Loading inputs default "DayZExpansion/Vehicles/Scripts/Data/Inputs.xml"
23:33:11.395 [Inputs] Loading inputs default "Dayz_Horse/Data/Inputs.xml"
23:33:11.395 [Inputs] Loading inputs default "DayZExpansion/BaseBuilding/Scripts/Data/Inputs.xml"
23:33:11.395 [Inputs] Loading inputs cfg "G:\SteamLibrary\steamapps\common\DayZServer\ServerProfiles\Users\Survivor\Server.core.xml"
23:33:11.401 [Inputs] Exporting inputs cfg "G:\SteamLibrary\steamapps\common\DayZServer\ServerProfiles\Users\Survivor\Server.core.xml"
23:33:11.578 SCRIPT    (W): @"BaseBuildingPlus/scripts/3_Game/bbpconfig.c,143": FIX-ME: Unexpected statement 'ref'
23:33:11.611 SCRIPT    (W): @"CodeLock/scripts/3_game/dayzgame.c,13": FIX-ME: Method argument can't be strong reference
23:33:11.719 SCRIPT    (W): @"BasicMap/scripts/3_Game/basicmapcontroller.c,93": FIX-ME: Method argument can't be strong reference
23:33:11.719 SCRIPT    (W): @"BasicMap/scripts/3_Game/basicmapcontroller.c,93": FIX-ME: Method argument can't be strong reference
23:33:11.719 SCRIPT    (W): @"BasicMap/scripts/3_Game/basicmapcontroller.c,93": FIX-ME: Method argument can't be strong reference
23:33:11.719 SCRIPT    (W): @"BasicMap/scripts/3_Game/basicmapcontroller.c,132": FIX-ME: Method argument can't be strong reference
23:33:11.719 SCRIPT    (W): @"BasicMap/scripts/3_Game/basicmapcontroller.c,132": FIX-ME: Method argument can't be strong reference
23:33:11.719 SCRIPT    (W): @"BasicMap/scripts/3_Game/basicmapcontroller.c,132": FIX-ME: Method argument can't be strong reference
23:33:11.719 SCRIPT    (W): @"BasicMap/scripts/3_Game/basicmapcontroller.c,305": FIX-ME: Method argument can't be strong reference
23:33:11.719 SCRIPT    (W): @"BasicMap/scripts/3_Game/basicmapcontroller.c,447": FIX-ME: Method argument can't be strong reference
23:33:11.719 SCRIPT    (W): @"BasicMap/scripts/3_Game/basicmapcontroller.c,453": FIX-ME: Method argument can't be strong reference
23:33:11.722 SCRIPT    (W): @"BasicMap/scripts/3_Game/gui\basicmapmenu.c,556": FIX-ME: Overriding function 'LockControls' but not marked as 'override'
23:33:16.01  ANIMATION (E): Can't load @Zens Sleeping Mod/Anims/cfg/skeletons.anim.xml
23:33:16.01  ANIMATION (E): Failed to open file, line 0, column 0
23:33:16.01  ANIMATION (E): Can't load @Zens Core Mod/Anims/cfg/skeletons.anim.xml
23:33:16.01  ANIMATION (E): Failed to open file, line 0, column 0
23:33:16.01  ANIMATION (E): Can't load @WindstridesClothingPack/Anims/cfg/skeletons.anim.xml
23:33:16.01  ANIMATION (E): Failed to open file, line 0, column 0
23:33:16.01  ANIMATION (E): Can't load @VPPAdminTools Ru Translate/Anims/cfg/skeletons.anim.xml
23:33:16.01  ANIMATION (E): Failed to open file, line 0, column 0
23:33:16.01  ANIMATION (E): Can't load @VPPAdminTools/Anims/cfg/skeletons.anim.xml
23:33:16.01  ANIMATION (E): Failed to open file, line 0, column 0
23:33:16.01  ANIMATION (E): Can't load @VAZ 2107 Yandex Dfift/Anims/cfg/skeletons.anim.xml
23:33:16.01  ANIMATION (E): Failed to open file, line 0, column 0
23:33:16.01  ANIMATION (E): Can't load @Unknown Ghillie Mod/Anims/cfg/skeletons.anim.xml
23:33:16.01  ANIMATION (E): Failed to open file, line 0, column 0
23:33:16.01  ANIMATION (E): Can't load @Toyota_GT86_RB/Anims/cfg/skeletons.anim.xml
23:33:16.01  ANIMATION (E): Failed to open file, line 0, column 0
23:33:16.01  ANIMATION (E): Can't load @The Complete Ghillie Pack/Anims/cfg/skeletons.anim.xml
23:33:16.01  ANIMATION (E): Failed to open file, line 0, column 0
23:33:16.01  ANIMATION (E): Can't load @Syndicate Breaching Charge/Anims/cfg/skeletons.anim.xml
23:33:16.02  ANIMATION (E): Failed to open file, line 0, column 0
23:33:16.02  ANIMATION (E): Can't load @Survivor Animations/Anims/cfg/skeletons.anim.xml
23:33:16.02  ANIMATION (E): Failed to open file, line 0, column 0
23:33:16.02  ANIMATION (E): Can't load @SNAFU Weapons/Anims/cfg/skeletons.anim.xml
23:33:16.02  ANIMATION (E): Failed to open file, line 0, column 0
23:33:16.02  ANIMATION (E): Can't load @RUSForma_vehicles/Anims/cfg/skeletons.anim.xml
23:33:16.02  ANIMATION (E): Failed to open file, line 0, column 0
23:33:16.02  ANIMATION (E): Can't load @Nissan GTR 2015 - FREE TO USE/Anims/cfg/skeletons.anim.xml
23:33:16.02  ANIMATION (E): Failed to open file, line 0, column 0
23:33:16.02  ANIMATION (E): Can't load @Namalsk Survival/Anims/cfg/skeletons.anim.xml
23:33:16.02  ANIMATION (E): Failed to open file, line 0, column 0
23:33:16.02  ANIMATION (E): Can't load @Namalsk Island/Anims/cfg/skeletons.anim.xml
23:33:16.02  ANIMATION (E): Failed to open file, line 0, column 0
23:33:16.02  ANIMATION (E): Can't load @MMG - Mightys Military Gear/Anims/cfg/skeletons.anim.xml
23:33:16.02  ANIMATION (E): Failed to open file, line 0, column 0
23:33:16.02  ANIMATION (E): Can't load @Mercedes-Benz AMG G63 W463/Anims/cfg/skeletons.anim.xml
23:33:16.02  ANIMATION (E): Failed to open file, line 0, column 0
23:33:16.02  ANIMATION (E): Can't load @MBM_UnderglowLights/Anims/cfg/skeletons.anim.xml
23:33:16.02  ANIMATION (E): Failed to open file, line 0, column 0
23:33:16.02  ANIMATION (E): Can't load @MBM_GoKart/Anims/cfg/skeletons.anim.xml
23:33:16.02  ANIMATION (E): Failed to open file, line 0, column 0
23:33:16.02  ANIMATION (E): Can't load @MBM_ApocalypseTruck/Anims/cfg/skeletons.anim.xml
23:33:16.02  ANIMATION (E): Failed to open file, line 0, column 0
23:33:16.02  ANIMATION (E): Can't load @M110/Anims/cfg/skeletons.anim.xml
23:33:16.02  ANIMATION (E): Failed to open file, line 0, column 0
23:33:16.02  ANIMATION (E): Can't load @JosiesHiluxZ/Anims/cfg/skeletons.anim.xml
23:33:16.02  ANIMATION (E): Failed to open file, line 0, column 0
23:33:16.02  ANIMATION (E): Can't load @Honda_NSX/Anims/cfg/skeletons.anim.xml
23:33:16.02  ANIMATION (E): Failed to open file, line 0, column 0
23:33:16.02  ANIMATION (E): Can't load @Gerphelius_CarXFence/Anims/cfg/skeletons.anim.xml
23:33:16.02  ANIMATION (E): Failed to open file, line 0, column 0
23:33:16.02  ANIMATION (E): Can't load @GAZ_Tigr_FIXED/Anims/cfg/skeletons.anim.xml
23:33:16.02  ANIMATION (E): Failed to open file, line 0, column 0
23:33:16.02  ANIMATION (E): Can't load @GAZ 66 SHISHIGA/Anims/cfg/skeletons.anim.xml
23:33:16.02  ANIMATION (E): Failed to open file, line 0, column 0
23:33:16.02  ANIMATION (E): Can't load @Dayz-Expansion-Vehicles/Anims/cfg/skeletons.anim.xml
23:33:16.02  ANIMATION (E): Failed to open file, line 0, column 0
23:33:16.02  ANIMATION (E): Can't load @DayZ-Expansion-Licensed/Anims/cfg/skeletons.anim.xml
23:33:16.02  ANIMATION (E): Failed to open file, line 0, column 0
23:33:16.02  ANIMATION (E): Can't load @DayZ-Expansion-Core/Anims/cfg/skeletons.anim.xml
23:33:16.02  ANIMATION (E): Failed to open file, line 0, column 0
23:33:16.02  ANIMATION (E): Can't load @DayZ-Expansion-BaseBuilding/Anims/cfg/skeletons.anim.xml
23:33:16.02  ANIMATION (E): Failed to open file, line 0, column 0
23:33:16.02  ANIMATION (E): Can't load @DayZ-Expansion/Anims/cfg/skeletons.anim.xml
23:33:16.02  ANIMATION (E): Failed to open file, line 0, column 0
23:33:16.42  ANIMATION (E): Can't load @Code Lock/Anims/cfg/skeletons.anim.xml
23:33:16.42  ANIMATION (E): Failed to open file, line 0, column 0
23:33:16.42  ANIMATION (E): Can't load @ChernarusRP AE86/Anims/cfg/skeletons.anim.xml
23:33:16.42  ANIMATION (E): Failed to open file, line 0, column 0
23:33:16.42  ANIMATION (E): Can't load @BMW_M5_CS/Anims/cfg/skeletons.anim.xml
23:33:16.42  ANIMATION (E): Failed to open file, line 0, column 0
23:33:16.42  ANIMATION (E): Can't load @BMW X5 2000/Anims/cfg/skeletons.anim.xml
23:33:16.42  ANIMATION (E): Failed to open file, line 0, column 0
23:33:16.42  ANIMATION (E): Can't load @BMW E38 [FREE]/Anims/cfg/skeletons.anim.xml
23:33:16.42  ANIMATION (E): Failed to open file, line 0, column 0
23:33:16.42  ANIMATION (E): Can't load @Basic Map/Anims/cfg/skeletons.anim.xml
23:33:16.42  ANIMATION (E): Failed to open file, line 0, column 0
23:33:16.42  ANIMATION (E): Can't load @BaseBuildingPlus/Anims/cfg/skeletons.anim.xml
23:33:16.42  ANIMATION (E): Failed to open file, line 0, column 0
23:33:16.42  ANIMATION (E): Can't load @AutoCarFlip/Anims/cfg/skeletons.anim.xml
23:33:16.42  ANIMATION (E): Failed to open file, line 0, column 0
23:33:16.42  ANIMATION (E): Can't load @Armored Vehicle Pack/Anims/cfg/skeletons.anim.xml
23:33:16.42  ANIMATION (E): Failed to open file, line 0, column 0
23:33:16.42  ANIMATION (E): Can't load @[CrSk] VAZ-2107/Anims/cfg/skeletons.anim.xml
23:33:16.42  ANIMATION (E): Failed to open file, line 0, column 0
23:33:16.42  ANIMATION (E): Can't load @[CrSk] BMW 525i E34/Anims/cfg/skeletons.anim.xml
23:33:16.42  ANIMATION (E): Failed to open file, line 0, column 0
23:33:16.42  ANIMATION (E): Can't load @[CnG]VAZ_2109/Anims/cfg/skeletons.anim.xml
23:33:16.42  ANIMATION (E): Failed to open file, line 0, column 0
23:33:16.42  ANIMATION (E): Can't load @[CnG]UAZ_31514/Anims/cfg/skeletons.anim.xml
23:33:16.42  ANIMATION (E): Failed to open file, line 0, column 0
23:33:16.42  ANIMATION (E): Can't load @[CnG]UAZ_452/Anims/cfg/skeletons.anim.xml
23:33:16.42  ANIMATION (E): Failed to open file, line 0, column 0
23:33:16.42  ANIMATION (E): Can't load @Dabs Framework/Anims/cfg/skeletons.anim.xml
23:33:16.42  ANIMATION (E): Failed to open file, line 0, column 0
23:33:16.42  ANIMATION (E): Can't load @CF/Anims/cfg/skeletons.anim.xml
23:33:16.42  ANIMATION (E): Failed to open file, line 0, column 0
23:33:16.42  ANIMATION (E): Can't load sakhal/Anims/cfg/skeletons.anim.xml
23:33:16.42  ANIMATION (E): Failed to open file, line 0, column 0
23:33:18.163 SCRIPT    (W): @"HB_FlipVehicle/Scripts/4_World/classes\registeractions.c,28": Missing ';' at the end of line
23:33:18.369 SCRIPT    (W): @"CodeLock/scripts/4_world/entities\codelock.c,308": FIX-ME: Method argument can't be strong reference
23:33:18.381 SCRIPT    (W): @"kamaz_4310RUS\scripts\4_World/carscript_kamaz_4310rus_cabinmanipulte.c,8": FIX-ME: Overriding function 'IsCabinCanManipulate' but not marked as 'override'
23:33:18.381 SCRIPT    (W): @"kamaz_4310RUS\scripts\4_World/carscript_kamaz_4310rus_cabinmanipulte.c,13": FIX-ME: Overriding function 'GetCabinAnimationSource' but not marked as 'override'
23:33:18.381 SCRIPT    (W): @"kamaz_4310RUS\scripts\4_World/carscript_kamaz_4310rus_cabinmanipulte.c,18": FIX-ME: Overriding function 'IsCabinRised' but not marked as 'override'
23:33:18.381 SCRIPT    (W): @"kamaz_4310RUS\scripts\4_World/carscript_kamaz_4310rus_cabinmanipulte.c,23": FIX-ME: Overriding function 'IsPassengersInCabin' but not marked as 'override'
23:33:18.381 SCRIPT    (W): @"tractor_UMZ_RUS\scripts\4_World/carscript.c,4": FIX-ME: Overriding function 'HandleDoorsSound' but not marked as 'override'
23:33:18.431 SCRIPT    (W): @"BaseBuildingPlus/scripts/4_World/basebuildingplusui\entites\manbase\playerbase.c,16": FIX-ME: Overriding function 'ToggleBookReading' but not marked as 'override'
23:33:18.431 SCRIPT    (W): @"BaseBuildingPlus/scripts/4_World/basebuildingplusui\entites\manbase\playerbase.c,20": FIX-ME: Overriding function 'IsReadingBook' but not marked as 'override'
23:33:18.452 SCRIPT    (W): @"kamaz_4310RUS\scripts\4_World/static\miscgameplayfunctions.c,6": FIX-ME: Overriding function 'IsInsideCar' but not marked as 'override'
23:33:18.511 SCRIPT    (W): @"Jeep_Wnagler/scripts/Jeep_Wnagler/jeep_wnagler.c,171": FIX-ME: Overriding function 'GetDoorConditionPointFromSelection' but not marked as 'override'
23:33:18.553 SCRIPT    (W): @"CodeLock/scripts/4_world/pluginmanager\pluginbase\permissions\codelockpermissionmanager.c,46": FIX-ME: Method argument can't be strong reference
23:33:18.578 SCRIPT    (W): @"LAPV_tan/scripts/LAPV_tan/lapv_tan.c,270": FIX-ME: Overriding function 'GetDoorConditionPointFromSelection' but not marked as 'override'
23:33:18.664 SCRIPT    (W): @"Glowler_ITV/scripts/Glowler_ITV/glowler_itv.c,162": FIX-ME: Overriding function 'GetDoorConditionPointFromSelection' but not marked as 'override'
23:33:18.714 SCRIPT    (W): @"MRAP_Cougar/scripts/MRAP_Cougar/mrap_cougar.c,235": FIX-ME: Overriding function 'GetDoorConditionPointFromSelection' but not marked as 'override'
23:33:18.720 SCRIPT    (W): @"CodeLock/scripts/4_world/gui\setcodemenu.c,31": FIX-ME: Overriding function 'CheckState' but not marked as 'override'
23:33:18.729 SCRIPT    (W): @"LAPV_camo/scripts/LAPV_camo/lapv_camo.c,270": FIX-ME: Overriding function 'GetDoorConditionPointFromSelection' but not marked as 'override'
23:33:18.753 SCRIPT    (W): @"WindstrideClothing/scripts/4_World/namalsk\frostbite.c,4": FIX-ME: Overriding function 'CheckSlotOfInterest' but not marked as 'override'
23:33:18.760 SCRIPT    (W): @"LAPV_green/scripts/LAPV_green/lapv_green.c,270": FIX-ME: Overriding function 'GetDoorConditionPointFromSelection' but not marked as 'override'
23:33:18.780 SCRIPT    (W): @"x5_2000\scripts\x5_2000/x5_2000.c,7": FIX-ME: Overriding function 'DashboardShineOn' but not marked as 'override'
23:33:18.780 SCRIPT    (W): @"x5_2000\scripts\x5_2000/x5_2000.c,31": FIX-ME: Overriding function 'DashboardShineOff' but not marked as 'override'
23:33:18.782 SCRIPT    (W): @"CodeLock/scripts/4_world/gui\guestcodemenu.c,29": FIX-ME: Overriding function 'SendRPC' but not marked as 'override'
23:33:18.832 SCRIPT    (W): @"CodeLock/scripts/4_world/gui\claimcodemenu.c,27": FIX-ME: Overriding function 'SendRPC' but not marked as 'override'
23:33:18.838 SCRIPT    (W): @"LAPV/scripts/LAPV/lapv.c,270": FIX-ME: Overriding function 'GetDoorConditionPointFromSelection' but not marked as 'override'
23:33:18.844 SCRIPT    (W): @"CodeLock/scripts/4_world/gui\entercodemenu.c,37": FIX-ME: Overriding function 'SendRPC' but not marked as 'override'
23:33:21.64  SCRIPT    (W): @"CodeLock/scripts/4_world/actions\continuous\actiondestroycodelockontent.c,73": Possible variable name conflict '_Health'
23:33:21.120 SCRIPT    (W): @"CodeLock/scripts/4_world/actions\continuous\actiondestroycodelockonfence.c,67": Possible variable name conflict '_Health'
23:33:23.655 SCRIPT    (W): @"MBM_Apocalypse_Truck\scripts\4_World/entities\vehicle\apocalypsetruck.c,262": 'GetController' is obsolete: Use methods directly on Car
23:33:29.764 SCRIPT    (W): @"Dayz_Horse/Scripts/4_World/dayzplayerimplement.c,180": No need to use 'Cast' for up-casting
23:33:31.725 WORLD        : Create entity type 'headphones_base'
23:33:31.725  WORLD        : Create entity type 'PersonalRadio'
23:33:31.725   ENTITY    (E): Type 'Inventory_BaseType' must be inherited from class 'ItemTransmitterType'
23:33:33.703 PreloadAnimationSets
23:33:33.703  ANIMATION    : AnimSetInstance load @"{0F5E6205A5E823C3}dz/anims/workspaces/player/player_main/player_main.asi"
23:33:33.703   RESOURCES (E): Failed to open object @"SurvivorAnimsExtras/animations/extras/p_cro_CustomAction_01_in.anm"
23:33:33.703   RESOURCES (E): Failed to open object @"SurvivorAnimsExtras/animations/extras/p_cro_CustomAction_01_loop.anm"
23:33:33.703   RESOURCES (E): Failed to open object @"SurvivorAnimsExtras/animations/extras/p_cro_CustomAction_01_out.anm"
23:33:33.703   RESOURCES (E): Failed to open object @"SurvivorAnimsExtras/animations/extras/p_erc_CustomAction_01_in.anm"
23:33:33.703   RESOURCES (E): Failed to open object @"SurvivorAnimsExtras/animations/extras/p_erc_CustomAction_01_loop.anm"
23:33:33.703   RESOURCES (E): Failed to open object @"SurvivorAnimsExtras/animations/extras/p_erc_CustomAction_01_out.anm"
23:33:33.703   RESOURCES (E): Failed to open object @"SurvivorAnimsExtras/animations/extras/p_cro_CustomAction_02_in.anm"
23:33:33.703   RESOURCES (E): Failed to open object @"SurvivorAnimsExtras/animations/extras/p_cro_CustomAction_02_loop.anm"
23:33:33.703   RESOURCES (E): Failed to open object @"SurvivorAnimsExtras/animations/extras/p_cro_CustomAction_02_out.anm"
23:33:33.703   RESOURCES (E): Failed to open object @"SurvivorAnimsExtras/animations/extras/p_erc_CustomAction_02_in.anm"
23:33:33.703   RESOURCES (E): Failed to open object @"SurvivorAnimsExtras/animations/extras/p_erc_CustomAction_02_loop.anm"
23:33:33.703   RESOURCES (E): Failed to open object @"SurvivorAnimsExtras/animations/extras/p_erc_CustomAction_02_out.anm"
23:33:33.703   RESOURCES (E): Failed to open object @"SurvivorAnimsExtras/animations/extras/p_cro_FB_CustomAction_01_in.anm"
23:33:33.703   RESOURCES (E): Failed to open object @"SurvivorAnimsExtras/animations/extras/p_cro_FB_CustomAction_01_loop.anm"
23:33:33.703   RESOURCES (E): Failed to open object @"SurvivorAnimsExtras/animations/extras/p_cro_FB_CustomAction_01_out.anm"
23:33:33.703   RESOURCES (E): Failed to open object @"SurvivorAnimsExtras/animations/extras/p_erc_FB_CustomAction_01_in.anm"
23:33:33.703   RESOURCES (E): Failed to open object @"SurvivorAnimsExtras/animations/extras/p_erc_FB_CustomAction_01_loop.anm"
23:33:33.703   RESOURCES (E): Failed to open object @"SurvivorAnimsExtras/animations/extras/p_erc_FB_CustomAction_01_out.anm"
23:33:33.703   RESOURCES (E): Failed to open object @"SurvivorAnimsExtras/animations/extras/p_cro_FB_CustomAction_02_in.anm"
23:33:33.703   RESOURCES (E): Failed to open object @"SurvivorAnimsExtras/animations/extras/p_cro_FB_CustomAction_02_loop.anm"
23:33:33.703   RESOURCES (E): Failed to open object @"SurvivorAnimsExtras/animations/extras/p_cro_FB_CustomAction_02_out.anm"
23:33:33.703   RESOURCES (E): Failed to open object @"SurvivorAnimsExtras/animations/extras/p_erc_FB_CustomAction_02_in.anm"
23:33:33.703   RESOURCES (E): Failed to open object @"SurvivorAnimsExtras/animations/extras/p_erc_FB_CustomAction_02_loop.anm"
23:33:33.703   RESOURCES (E): Failed to open object @"SurvivorAnimsExtras/animations/extras/p_erc_FB_CustomAction_02_out.anm"
23:33:33.703   RESOURCES (E): Failed to open object @"SurvivorAnimsExtras/animations/extras/p_cro_FB_CustomAction_03_in.anm"
23:33:33.703   RESOURCES (E): Failed to open object @"SurvivorAnimsExtras/animations/extras/p_cro_FB_CustomAction_03_loop.anm"
23:33:33.703   RESOURCES (E): Failed to open object @"SurvivorAnimsExtras/animations/extras/p_cro_FB_CustomAction_03_out.anm"
23:33:33.703   RESOURCES (E): Failed to open object @"SurvivorAnimsExtras/animations/extras/p_erc_FB_CustomAction_03_in.anm"
23:33:33.703   RESOURCES (E): Failed to open object @"SurvivorAnimsExtras/animations/extras/p_erc_FB_CustomAction_03_loop.anm"
23:33:33.703   RESOURCES (E): Failed to open object @"SurvivorAnimsExtras/animations/extras/p_erc_FB_CustomAction_03_out.anm"
23:33:33.703   RESOURCES (E): Failed to open object @"SurvivorAnimsExtras/animations/extras/p_cro_FB_CustomAction_04_in.anm"
23:33:33.703   RESOURCES (E): Failed to open object @"SurvivorAnimsExtras/animations/extras/p_cro_FB_CustomAction_04_loop.anm"
23:33:33.703   RESOURCES (E): Failed to open object @"SurvivorAnimsExtras/animations/extras/p_cro_FB_CustomAction_04_out.anm"
23:33:33.703   RESOURCES (E): Failed to open object @"SurvivorAnimsExtras/animations/extras/p_erc_FB_CustomAction_04_in.anm"
23:33:33.703   RESOURCES (E): Failed to open object @"SurvivorAnimsExtras/animations/extras/p_erc_FB_CustomAction_04_loop.anm"
23:33:33.703   RESOURCES (E): Failed to open object @"SurvivorAnimsExtras/animations/extras/p_erc_FB_CustomAction_04_out.anm"
23:33:33.703   RESOURCES (E): Failed to open object @"SurvivorAnimsExtras/animations/extras/p_cro_FB_CustomAction_05_in.anm"
23:33:33.703   RESOURCES (E): Failed to open object @"SurvivorAnimsExtras/animations/extras/p_cro_FB_CustomAction_05_loop.anm"
23:33:33.703   RESOURCES (E): Failed to open object @"SurvivorAnimsExtras/animations/extras/p_cro_FB_CustomAction_05_out.anm"
23:33:33.703   RESOURCES (E): Failed to open object @"SurvivorAnimsExtras/animations/extras/p_erc_FB_CustomAction_05_in.anm"
23:33:33.703   RESOURCES (E): Failed to open object @"SurvivorAnimsExtras/animations/extras/p_erc_FB_CustomAction_05_loop.anm"
23:33:33.703   RESOURCES (E): Failed to open object @"SurvivorAnimsExtras/animations/extras/p_erc_FB_CustomAction_05_out.anm"
23:33:33.779   RESOURCES (E): Failed to open object @"SurvivorAnimsExtras/animations/extras/p_cro_CustomActionOnce_01.anm"
23:33:33.779   RESOURCES (E): Failed to open object @"SurvivorAnimsExtras/animations/extras/p_erc_CustomActionOnce_01.anm"
23:33:33.779   RESOURCES (E): Failed to open object @"SurvivorAnimsExtras/animations/extras/p_pne_FB_CustomActionOnce_01.anm"
23:33:33.779   RESOURCES (E): Failed to open object @"SurvivorAnimsExtras/animations/extras/p_cro_CustomActionOnce_02.anm"
23:33:33.779   RESOURCES (E): Failed to open object @"SurvivorAnimsExtras/animations/extras/p_erc_CustomActionOnce_02.anm"
23:33:33.779   RESOURCES (E): Failed to open object @"SurvivorAnimsExtras/animations/extras/p_pne_FB_CustomActionOnce_02.anm"
23:33:33.779   RESOURCES (E): Failed to open object @"SurvivorAnimsExtras/animations/extras/p_cro_CustomActionOnce_03.anm"
23:33:33.779   RESOURCES (E): Failed to open object @"SurvivorAnimsExtras/animations/extras/p_erc_CustomActionOnce_03.anm"
23:33:33.779   RESOURCES (E): Failed to open object @"SurvivorAnimsExtras/animations/extras/p_pne_FB_CustomActionOnce_03.anm"
23:33:33.779   RESOURCES (E): Failed to open object @"SurvivorAnimsExtras/animations/extras/p_cro_CustomActionOnce_04.anm"
23:33:33.779   RESOURCES (E): Failed to open object @"SurvivorAnimsExtras/animations/extras/p_erc_CustomActionOnce_04.anm"
23:33:33.779   RESOURCES (E): Failed to open object @"SurvivorAnimsExtras/animations/extras/p_pne_FB_CustomActionOnce_04.anm"
23:33:33.779   RESOURCES (E): Failed to open object @"SurvivorAnimsExtras/animations/extras/p_cro_CustomActionOnce_05.anm"
23:33:33.779   RESOURCES (E): Failed to open object @"SurvivorAnimsExtras/animations/extras/p_erc_CustomActionOnce_05.anm"
23:33:33.779   RESOURCES (E): Failed to open object @"SurvivorAnimsExtras/animations/extras/p_pne_FB_CustomActionOnce_05.anm"
23:33:34.06    RESOURCES (E): Failed to open object @"SurvivorAnimsExtras/animations/extras/p_erc_CustomEmote_01_in.anm"
23:33:34.06    RESOURCES (E): Failed to open object @"SurvivorAnimsExtras/animations/extras/p_erc_CustomEmote_01_loop.anm"
23:33:34.06    RESOURCES (E): Failed to open object @"SurvivorAnimsExtras/animations/extras/p_erc_CustomEmote_01_out.anm"
23:33:34.06    RESOURCES (E): Failed to open object @"SurvivorAnimsExtras/animations/extras/p_erc_CustomEmote_02_in.anm"
23:33:34.06    RESOURCES (E): Failed to open object @"SurvivorAnimsExtras/animations/extras/p_erc_CustomEmote_02_loop.anm"
23:33:34.06    RESOURCES (E): Failed to open object @"SurvivorAnimsExtras/animations/extras/p_erc_CustomEmote_02_out.anm"
23:33:34.06    RESOURCES (E): Failed to open object @"SurvivorAnimsExtras/animations/extras/p_erc_CustomEmote_03_in.anm"
23:33:34.06    RESOURCES (E): Failed to open object @"SurvivorAnimsExtras/animations/extras/p_erc_CustomEmote_03_loop.anm"
23:33:34.06    RESOURCES (E): Failed to open object @"SurvivorAnimsExtras/animations/extras/p_erc_CustomEmote_03_out.anm"
23:33:34.06    RESOURCES (E): Failed to open object @"SurvivorAnimsExtras/animations/extras/p_erc_CustomEmote_04_in.anm"
23:33:34.06    RESOURCES (E): Failed to open object @"SurvivorAnimsExtras/animations/extras/p_erc_CustomEmote_04_loop.anm"
23:33:34.06    RESOURCES (E): Failed to open object @"SurvivorAnimsExtras/animations/extras/p_erc_CustomEmote_04_out.anm"
23:33:34.06    RESOURCES (E): Failed to open object @"SurvivorAnimsExtras/animations/extras/p_erc_CustomEmote_05_in.anm"
23:33:34.06    RESOURCES (E): Failed to open object @"SurvivorAnimsExtras/animations/extras/p_erc_CustomEmote_05_loop.anm"
23:33:34.06    RESOURCES (E): Failed to open object @"SurvivorAnimsExtras/animations/extras/p_erc_CustomEmote_05_out.anm"
23:33:34.06    RESOURCES (E): Failed to open object @"SurvivorAnimsExtras/animations/extras/p_erc_CustomEmote_06_in.anm"
23:33:34.06    RESOURCES (E): Failed to open object @"SurvivorAnimsExtras/animations/extras/p_erc_CustomEmote_06_loop.anm"
23:33:34.06    RESOURCES (E): Failed to open object @"SurvivorAnimsExtras/animations/extras/p_erc_CustomEmote_06_out.anm"
23:33:34.06    RESOURCES (E): Failed to open object @"SurvivorAnimsExtras/animations/extras/p_erc_CustomEmote_07_in.anm"
23:33:34.06    RESOURCES (E): Failed to open object @"SurvivorAnimsExtras/animations/extras/p_erc_CustomEmote_07_loop.anm"
23:33:34.06    RESOURCES (E): Failed to open object @"SurvivorAnimsExtras/animations/extras/p_erc_CustomEmote_07_out.anm"
23:33:34.06    RESOURCES (E): Failed to open object @"SurvivorAnimsExtras/animations/extras/p_erc_CustomEmote_08_in.anm"
23:33:34.06    RESOURCES (E): Failed to open object @"SurvivorAnimsExtras/animations/extras/p_erc_CustomEmote_08_loop.anm"
23:33:34.06    RESOURCES (E): Failed to open object @"SurvivorAnimsExtras/animations/extras/p_erc_CustomEmote_08_out.anm"
23:33:34.06    RESOURCES (E): Failed to open object @"SurvivorAnimsExtras/animations/extras/p_erc_CustomEmote_09_in.anm"
23:33:34.06    RESOURCES (E): Failed to open object @"SurvivorAnimsExtras/animations/extras/p_erc_CustomEmote_09_loop.anm"
23:33:34.06    RESOURCES (E): Failed to open object @"SurvivorAnimsExtras/animations/extras/p_erc_CustomEmote_09_out.anm"
23:33:34.06    RESOURCES (E): Failed to open object @"SurvivorAnimsExtras/animations/extras/p_erc_CustomEmote_10_in.anm"
23:33:34.06    RESOURCES (E): Failed to open object @"SurvivorAnimsExtras/animations/extras/p_erc_CustomEmote_10_loop.anm"
23:33:34.06    RESOURCES (E): Failed to open object @"SurvivorAnimsExtras/animations/extras/p_erc_CustomEmote_10_out.anm"
23:33:34.06    RESOURCES (E): Failed to open object @"SurvivorAnimsExtras/animations/extras/p_erc_CustomEmote_11_in.anm"
23:33:34.06    RESOURCES (E): Failed to open object @"SurvivorAnimsExtras/animations/extras/p_erc_CustomEmote_11_loop.anm"
23:33:34.06    RESOURCES (E): Failed to open object @"SurvivorAnimsExtras/animations/extras/p_erc_CustomEmote_11_out.anm"
23:33:34.06    RESOURCES (E): Failed to open object @"SurvivorAnimsExtras/animations/extras/p_erc_CustomEmote_12_in.anm"
23:33:34.07    RESOURCES (E): Failed to open object @"SurvivorAnimsExtras/animations/extras/p_erc_CustomEmote_12_loop.anm"
23:33:34.07    RESOURCES (E): Failed to open object @"SurvivorAnimsExtras/animations/extras/p_erc_CustomEmote_12_out.anm"
23:33:34.07    RESOURCES (E): Failed to open object @"SurvivorAnimsExtras/animations/extras/p_erc_CustomEmote_13_in.anm"
23:33:34.07    RESOURCES (E): Failed to open object @"SurvivorAnimsExtras/animations/extras/p_erc_CustomEmote_13_loop.anm"
23:33:34.07    RESOURCES (E): Failed to open object @"SurvivorAnimsExtras/animations/extras/p_erc_CustomEmote_13_out.anm"
23:33:34.07    RESOURCES (E): Failed to open object @"SurvivorAnimsExtras/animations/extras/p_erc_CustomEmote_14_in.anm"
23:33:34.07    RESOURCES (E): Failed to open object @"SurvivorAnimsExtras/animations/extras/p_erc_CustomEmote_14_loop.anm"
23:33:34.07    RESOURCES (E): Failed to open object @"SurvivorAnimsExtras/animations/extras/p_erc_CustomEmote_14_out.anm"
23:33:34.07    RESOURCES (E): Failed to open object @"SurvivorAnimsExtras/animations/extras/p_erc_CustomEmote_15_in.anm"
23:33:34.07    RESOURCES (E): Failed to open object @"SurvivorAnimsExtras/animations/extras/p_erc_CustomEmote_15_loop.anm"
23:33:34.07    RESOURCES (E): Failed to open object @"SurvivorAnimsExtras/animations/extras/p_erc_CustomEmote_15_out.anm"
23:33:34.07    RESOURCES (E): Failed to open object @"SurvivorAnimsExtras/animations/extras/p_erc_CustomEmote_16_in.anm"
23:33:34.07    RESOURCES (E): Failed to open object @"SurvivorAnimsExtras/animations/extras/p_erc_CustomEmote_16_loop.anm"
23:33:34.07    RESOURCES (E): Failed to open object @"SurvivorAnimsExtras/animations/extras/p_erc_CustomEmote_16_out.anm"
23:33:34.41    RESOURCES (E): Failed to open object @"SurvivorAnimsExtras/animations/extras/p_cro_CustomEmoteOnce_01.anm"
23:33:34.41    RESOURCES (E): Failed to open object @"SurvivorAnimsExtras/animations/extras/p_erc_CustomEmoteOnce_01.anm"
23:33:34.41    RESOURCES (E): Failed to open object @"SurvivorAnimsExtras/animations/extras/p_pne_CustomEmoteOnce_01.anm"
23:33:34.42    RESOURCES (E): Failed to open object @"SurvivorAnimsExtras/animations/extras/p_erc_CustomEmoteOnce_02.anm"
23:33:34.42    RESOURCES (E): Failed to open object @"SurvivorAnimsExtras/animations/extras/p_erc_CustomEmoteOnce_03.anm"
23:33:34.42    RESOURCES (E): Failed to open object @"SurvivorAnimsExtras/animations/extras/p_erc_CustomEmoteOnce_04.anm"
23:33:34.42    RESOURCES (E): Failed to open object @"SurvivorAnimsExtras/animations/extras/p_erc_CustomEmoteOnce_05.anm"
23:33:34.42    RESOURCES (E): Failed to open object @"SurvivorAnimsExtras/animations/extras/p_erc_CustomEmoteOnce_06.anm"
23:33:34.42    RESOURCES (E): Failed to open object @"SurvivorAnimsExtras/animations/extras/p_erc_CustomEmoteOnce_07.anm"
23:33:34.42    RESOURCES (E): Failed to open object @"SurvivorAnimsExtras/animations/extras/p_erc_CustomEmoteOnce_08.anm"
23:33:34.42    RESOURCES (E): Failed to open object @"SurvivorAnimsExtras/animations/extras/p_erc_CustomEmoteOnce_09.anm"
23:33:34.42    RESOURCES (E): Failed to open object @"SurvivorAnimsExtras/animations/extras/p_erc_CustomEmoteOnce_10.anm"
23:33:34.42    RESOURCES (E): Failed to open object @"SurvivorAnimsExtras/animations/extras/p_cro_FB_CustomEmoteOnce_01.anm"
23:33:34.42    RESOURCES (E): Failed to open object @"SurvivorAnimsExtras/animations/extras/p_erc_FB_CustomEmoteOnce_01.anm"
23:33:34.42    RESOURCES (E): Failed to open object @"SurvivorAnimsExtras/animations/extras/p_pne_FB_CustomEmoteOnce_01.anm"
23:33:35.943 Hostname of server: "SVOBODA DayZ"
23:33:36.530 NETWORK      : Network simulation
23:33:36.530  Loading landscape 'namalsk'
23:33:36.530   WORLD        : Create entity type 'Land_pas_amps_solo'
23:33:36.530    ENTITY    (E): Type 'HouseType' must be inherited from class 'PASReceiverType'
23:33:36.695   ENTITY       : Load entity type 'land_seb_garage'
23:33:36.695    ENTITY    (W): Door 'doorstwin1' is missing geometry components for selection 'doorstwin1', check model+config
23:33:36.698   ENTITY       : Load entity type 'Land_Container_1Aoh'
23:33:36.698    ENTITY    (W): Door 'DoorsTwin1' is missing geometry components for selection 'DoorsTwin1', check model+config
23:33:36.700   WORLD        : Create entity type 'Land_radio_panelpas'
23:33:36.700    ENTITY    (E): Type 'HouseType' must be inherited from class 'PASBroadcasterType'
23:33:36.710   ENTITY       : Load entity type 'Land_Factory_Small'
23:33:36.710    ENTITY    (W): Door 'DoorsTwin1' is missing geometry components for selection 'DoorsTwin1', check model+config
23:33:36.710    ENTITY    (W): Door 'DoorsTwin2' is missing geometry components for selection 'DoorsTwin2', check model+config
23:33:36.727   ENTITY       : Load entity type 'Land_Container_1Bo'
23:33:36.727    ENTITY    (W): Door 'DoorsTwin1' is missing geometry components for selection 'DoorsTwin1', check model+config
23:33:36.727    ENTITY    (W): Door 'DoorsTwin2' is missing geometry components for selection 'DoorsTwin2', check model+config
23:33:36.727   ENTITY       : Load entity type 'land_budova2_winter'
23:33:36.727    ENTITY    (W): Door 'DoorsTwin1' is missing geometry components for selection 'DoorsTwin1', check model+config
23:33:36.752   ENTITY       : Load entity type 'Land_Container_1Mo'
23:33:36.752    ENTITY    (W): Door 'DoorsTwin1' is missing geometry components for selection 'DoorsTwin1', check model+config
23:33:36.752    ENTITY    (W): Door 'DoorsTwin2' is missing geometry components for selection 'DoorsTwin2', check model+config
23:33:36.755   ENTITY       : Load entity type 'land_budova1_winter'
23:33:36.755    ENTITY    (W): Door 'DoorsTwin1' is missing geometry components for selection 'DoorsTwin1', check model+config
23:33:36.772   WORLD        : Create entity type 'Land_radio_panelbig'
23:33:36.772    ENTITY    (E): Type 'HouseType' must be inherited from class 'StaticTransmitterType'
23:33:36.792   ENTITY       : Load entity type 'land_vys_budova_p1'
23:33:36.792    ENTITY    (W): Unknown object class 'thing' (dz\structures\furniture\eletrical_appliances\washing_machine\washing_machine.p3d)
23:33:36.792    ENTITY    (W): Unknown object class 'thing' (dz\structures\furniture\eletrical_appliances\washing_machine\washing_machine.p3d)
23:33:36.793    ENTITY    (W): Unknown object class 'thing' (dz\structures\furniture\eletrical_appliances\washing_machine\washing_machine.p3d)
23:33:36.807   ENTITY       : Load entity type 'Land_Mil_Barracks3'
23:33:36.807    ENTITY    (W): Door 'DoorsTwin1' is missing geometry components for selection 'DoorsTwin1', check model+config
23:33:36.807   ENTITY       : Load entity type 'land_budova3'
23:33:36.807    ENTITY    (W): Door 'doorstwin1' is missing geometry components for selection 'doorstwin1', check model+config
23:33:36.814   ENTITY       : Load entity type 'Land_Mil_Barracks1'
23:33:36.814    ENTITY    (W): Door 'DoorsTwin1' is missing geometry components for selection 'DoorsTwin1', check model+config
23:33:36.888   ENTITY       : Load entity type 'Land_Garage_Small'
23:33:36.888    ENTITY    (W): Door 'DoorsTwin1' is missing geometry components for selection 'DoorsTwin1', check model+config
23:33:36.904   ENTITY       : Load entity type 'Land_Mil_Barracks5'
23:33:36.904    ENTITY    (W): Door 'DoorsTwin1' is missing geometry components for selection 'DoorsTwin1', check model+config
23:33:36.992   ENTITY       : Load entity type 'Land_Workshop2'
23:33:36.992    ENTITY    (W): Door 'DoorsTwin1' is missing geometry components for selection 'DoorsTwin1', check model+config
23:33:37.10    ENTITY       : Load entity type 'Land_Wreck_S1023_Beige'
23:33:37.10     ENTITY    (W): Door 'DoorsTwin1' is missing geometry components for selection 'DoorsTwin1', check model+config
23:33:37.56    ENTITY       : Load entity type 'Land_Wreck_S1023_Blue'
23:33:37.56     ENTITY    (W): Door 'DoorsTwin1' is missing geometry components for selection 'DoorsTwin1', check model+config
23:33:37.56    ENTITY    (W): Unknown object class 'pond' (nst\ns\water\lakewater_still.p3d)
23:33:37.128   ENTITY       : Load entity type 'Land_CementWorks_Hall2_Brick'
23:33:37.128    ENTITY    (W): Door 'DoorsTwin1' is missing geometry components for selection 'DoorsTwin1', check model+config
23:33:37.141   ENTITY       : Load entity type 'Land_Workshop3'
23:33:37.141    ENTITY    (W): Door 'DoorsTwin1' is missing geometry components for selection 'DoorsTwin1', check model+config
23:33:37.141    ENTITY    (W): Door 'DoorsTwin2' is missing geometry components for selection 'DoorsTwin2', check model+config
23:33:37.156   ENTITY       : Load entity type 'Land_Workshop4'
23:33:37.156    ENTITY    (W): Door 'DoorsTwin1' is missing geometry components for selection 'DoorsTwin1', check model+config
23:33:37.186   ENTITY       : Load entity type 'Land_Workshop1'
23:33:37.186    ENTITY    (W): Door 'DoorsTwin1' is missing geometry components for selection 'DoorsTwin1', check model+config
23:33:37.216   ENTITY       : Load entity type 'Land_Airfield_Small_Control'
23:33:37.216    ENTITY    (W): Unknown object class 'thing' (dz\structures\furniture\eletrical_appliances\washing_machine\washing_machine.p3d)
23:33:37.217    ENTITY    (W): Unknown object class 'thing' (dz\structures\furniture\eletrical_appliances\washing_machine\washing_machine.p3d)
23:33:37.217    ENTITY    (W): Unknown object class 'thing' (dz\structures\furniture\eletrical_appliances\washing_machine\washing_machine.p3d)
23:33:37.217    ENTITY    (W): Unknown object class 'thing' (dz\structures\furniture\eletrical_appliances\washing_machine\washing_machine.p3d)
23:33:37.227   ENTITY    (W): Unknown object class 'pond' (dz\water_sakhal\ice_lake\sakhal_50x50_ice_lake_clear.p3d)
23:33:37.274   ENTITY       : Load entity type 'Land_Office2'
23:33:37.274    ENTITY    (W): Door 'DoorsTwin1' is missing geometry components for selection 'DoorsTwin1', check model+config
23:33:37.274    ENTITY    (W): Door 'DoorsTwin2' is missing geometry components for selection 'DoorsTwin2', check model+config
23:33:37.274    ENTITY    (W): Door 'DoorsTwin3' is missing geometry components for selection 'DoorsTwin3', check model+config
23:33:37.274    ENTITY    (W): Door 'DoorsTwin4' is missing geometry components for selection 'DoorsTwin4', check model+config
23:33:37.274    ENTITY    (W): Door 'DoorsTwin5' is missing geometry components for selection 'DoorsTwin5', check model+config
23:33:37.292   ENTITY       : Load entity type 'Land_City_Hospital'
23:33:37.292    ENTITY    (W): Door 'DoorsTwin1' is missing geometry components for selection 'DoorsTwin1', check model+config
23:33:37.325   ENTITY       : Load entity type 'Land_Office1'
23:33:37.325    ENTITY    (W): Door 'DoorsTwin1' is missing geometry components for selection 'DoorsTwin1', check model+config
23:33:37.325    ENTITY    (W): Door 'DoorsTwin2' is missing geometry components for selection 'DoorsTwin2', check model+config
23:33:37.325    ENTITY    (W): Door 'DoorsTwin3' is missing geometry components for selection 'DoorsTwin3', check model+config
23:33:37.325    ENTITY    (W): Door 'DoorsTwin4' is missing geometry components for selection 'DoorsTwin4', check model+config
23:33:37.325    ENTITY    (W): Door 'DoorsTwin5' is missing geometry components for selection 'DoorsTwin5', check model+config
23:33:37.325    ENTITY    (W): Door 'DoorsTwin6' is missing geometry components for selection 'DoorsTwin6', check model+config
23:33:37.325    ENTITY    (W): Door 'DoorsTwin7' is missing geometry components for selection 'DoorsTwin7', check model+config
23:33:37.347   ENTITY       : Load entity type 'Land_Container_1Moh'
23:33:37.347    ENTITY    (W): Door 'DoorsTwin1' is missing geometry components for selection 'DoorsTwin1', check model+config
23:33:37.374   ENTITY    (W): Unknown object class 'pond' (nst\ns\water\lakewater.p3d)
23:33:37.428   ENTITY       : Load entity type 'Land_Garage_Row_Small'
23:33:37.428    ENTITY    (W): Door 'DoorsTwin1' is missing geometry components for selection 'DoorsTwin1', check model+config
23:33:37.428    ENTITY    (W): Door 'DoorsTwin2' is missing geometry components for selection 'DoorsTwin2', check model+config
23:33:37.428    ENTITY    (W): Door 'DoorsTwin3' is missing geometry components for selection 'DoorsTwin3', check model+config
23:33:37.455   ENTITY       : Load entity type 'Land_City_Store_WithStairs'
23:33:37.455    ENTITY    (W): Door 'DoorsTwin1' is missing geometry components for selection 'DoorsTwin1', check model+config
23:33:37.455    ENTITY    (W): Door 'DoorsTwin2' is missing geometry components for selection 'DoorsTwin2', check model+config
23:33:37.455    ENTITY    (W): Door 'DoorsTwin3' is missing geometry components for selection 'DoorsTwin3', check model+config
23:33:37.455    ENTITY    (W): Door 'DoorsTwin4' is missing geometry components for selection 'DoorsTwin4', check model+config
23:33:37.455    ENTITY    (W): Door 'DoorsTwin5' is missing geometry components for selection 'DoorsTwin5', check model+config
23:33:37.459   ENTITY       : Load entity type 'land_vor_apartment_high_2'
23:33:37.459    ENTITY    (W): Door 'doorstwin1' is missing geometry components for selection 'doorstwin1', check model+config
23:33:37.474   ENTITY       : Load entity type 'Land_Tenement_Small'
23:33:37.474    ENTITY    (W): Unknown object class 'thing' (dz\structures\furniture\eletrical_appliances\washing_machine\washing_machine.p3d)
23:33:37.474    ENTITY    (W): Unknown object class 'thing' (dz\structures\furniture\eletrical_appliances\washing_machine\washing_machine.p3d)
23:33:37.474    ENTITY    (W): Unknown object class 'thing' (dz\structures\furniture\eletrical_appliances\washing_machine\washing_machine.p3d)
23:33:37.475    ENTITY    (W): Unknown object class 'thing' (dz\structures\furniture\eletrical_appliances\washing_machine\washing_machine.p3d)
23:33:37.475    ENTITY    (W): Unknown object class 'thing' (dz\structures\furniture\eletrical_appliances\washing_machine\washing_machine.p3d)
23:33:37.475    ENTITY    (W): Unknown object class 'thing' (dz\structures\furniture\eletrical_appliances\washing_machine\washing_machine.p3d)
23:33:37.475    ENTITY    (W): Unknown object class 'thing' (dz\structures\furniture\eletrical_appliances\washing_machine\washing_machine.p3d)
23:33:37.548   ENTITY       : Load entity type 'Land_House_2W04'
23:33:37.548    ENTITY    (W): Door 'DoorsTwin1' is missing geometry components for selection 'DoorsTwin1', check model+config
23:33:37.559   ENTITY       : Load entity type 'Land_House_1W08_Brown'
23:33:37.559    ENTITY    (W): Unknown object class 'thing' (dz\structures\furniture\eletrical_appliances\washing_machine\washing_machine.p3d)
23:33:37.559    ENTITY    (W): Unknown object class 'thing' (dz\structures\furniture\eletrical_appliances\washing_machine\washing_machine.p3d)
23:33:37.559    ENTITY    (W): Unknown object class 'thing' (dz\structures\furniture\eletrical_appliances\washing_machine\washing_machine.p3d)
23:33:37.620   ENTITY    (W): Unknown object class 'pond' (dz\water_sakhal\ice_lake\sakhal_50x50_ice_lake_clear.p3d)
23:33:37.668   ENTITY       : Load entity type 'Land_Tenement_Big'
23:33:37.668    ENTITY    (W): Unknown object class 'thing' (dz\structures\furniture\eletrical_appliances\washing_machine\washing_machine.p3d)
23:33:37.668    ENTITY    (W): Unknown object class 'thing' (dz\structures\furniture\eletrical_appliances\washing_machine\washing_machine.p3d)
23:33:37.668    ENTITY    (W): Unknown object class 'thing' (dz\structures\furniture\eletrical_appliances\washing_machine\washing_machine.p3d)
23:33:37.668    ENTITY    (W): Unknown object class 'thing' (dz\structures\furniture\eletrical_appliances\washing_machine\washing_machine.p3d)
23:33:37.668    ENTITY    (W): Unknown object class 'thing' (dz\structures\furniture\eletrical_appliances\washing_machine\washing_machine.p3d)
23:33:37.668    ENTITY    (W): Unknown object class 'thing' (dz\structures\furniture\eletrical_appliances\washing_machine\washing_machine.p3d)
23:33:37.669    ENTITY    (W): Unknown object class 'thing' (dz\structures\furniture\eletrical_appliances\washing_machine\washing_machine.p3d)
23:33:37.669    ENTITY    (W): Unknown object class 'thing' (dz\structures\furniture\eletrical_appliances\washing_machine\washing_machine.p3d)
23:33:37.669    ENTITY    (W): Unknown object class 'thing' (dz\structures\furniture\eletrical_appliances\washing_machine\washing_machine.p3d)
23:33:39.853  SCRIPT    (W): @"HB_FlipVehicle/Scripts/5_Mission/missiongameplay.c,93": Missing ';' at the end of line
23:33:39.874  SCRIPT    (W): @"HB_FlipVehicle/Scripts/5_Mission/missiongameplay.c,9": FIX-ME: Method argument can't be strong reference
23:33:39.874  SCRIPT    (W): @"HB_FlipVehicle/Scripts/5_Mission/missiongameplay.c,9": FIX-ME: Method argument can't be strong reference
23:33:39.874  SCRIPT    (W): @"HB_FlipVehicle/Scripts/5_Mission/missiongameplay.c,9": FIX-ME: Method argument can't be strong reference
23:33:39.924  SCRIPT    (W): @"WindstrideClothing/scripts/5_Mission/windstride\namalsk\playercontainer.c,4": FIX-ME: Overriding function 'CheckSlotOfInterest' but not marked as 'override'
23:33:41.400  SCRIPT    (W): scripts/3_Game/undergroundarealoader.c:138 | SpawnAllTriggerCarriers | [WARNING] :: [UndergroundAreaLoader GetData()] :: file not found in MISSION folder, your path is $mission:cfgundergroundtriggers.json Attempting DATA folder
23:33:41.400  SCRIPT    (W): scripts/3_Game/undergroundarealoader.c:138 | SpawnAllTriggerCarriers | [WARNING] :: [UndergroundAreaLoader GetData()] ::file not found in DATA folder, your path is dz/worlds/namalsk/ce/cfgundergroundtriggers.json
23:33:41.561 [CE][Hive] :: Initializing OFFLINE
23:33:41.561 [StorageDirs] :: Selected storage directory: G:\SteamLibrary\steamapps\common\DayZServer\mpmissions\regular.namalsk\storage_4\
23:33:41.562 [CE][Hive] :: Loading core data ... 
23:33:41.562 [CE][CoreData] :: 8 root classes, 0 defaults, 0 updaters...
23:33:41.575 [CE][offlineDB] :: Conversion of characters started.
23:33:41.581 [CE][offlineDB] :: Processing 0 players.
23:33:41.581 [CE][offlineDB] :: Conversion of characters successfully completed.
23:33:41.683  ENTITY       : Load entity type 'Land_House_2W02'
23:33:41.683   ENTITY    (W): Door 'DoorsTwin1' is missing geometry components for selection 'DoorsTwin1', check model+config
23:33:41.708  ENTITY    (W): Unknown object class 'pond' (dz\water_sakhal\ice_lake\sakhal_50x50_ice_lake_clear.p3d)
23:33:41.729 [CE][Hive] :: Loading map data ... 
23:33:51.838 [CE][TypeSetup] :: 601 classes setuped...
23:33:58.791 [CE][RegisterBind] :: 0 classes binded...
23:33:58.791 [CE][RegisterConfig] :: 18956 config classes registered, 0 sub-counters...
23:33:58.791 [CE][Hive] :: Loading map data ... 
23:33:58.864 [CE][LoadPrototype] :: loaded 256 prototypes
23:33:58.864   404 containers, 7415 points
23:33:58.864   1 dispatches, 1 proxies
23:33:58.864 !!! [CE][LoadPrototype] 1 groups have wrong points...
23:33:58.864 [CE][LoadPrototype] :: last group name: land_frozen_person...
23:33:58.868 [CE][LoadPrototype] :: loaded 0 prototypes
23:33:58.868   38 containers, 66 points
23:33:58.868   0 dispatches, 0 proxies
23:33:58.868 [CE][LoadPrototype] :: last group name: StoneLoc38...
23:33:58.904 [CE][LoadMap] "Group" :: loaded 1445 groups, groups failed: 0, largest group range: 36.4
23:33:58.904 [CE][LoadMap] "Dirt" :: loaded 0 groups, groups failed: 0, largest group range: 36.4
23:33:58.910 [CE][Links] found 472 total links between groups, of 1445
23:33:58.910 [CE][LoadClusters] "Cluster" :: Loading files...
23:33:58.920 [CE][LoadClusters] :: file: "mapgroupcluster.xml", 1 types, 2418 instances
23:33:58.922 [CE][Storage] ver:0 stamp:0, valid:NO, name:"G:\SteamLibrary\steamapps\common\DayZServer\mpmissions\regular.namalsk\storage_4\data\types.bin"
23:33:58.922 [CE][Storage] ver:0 stamp:0, valid:NO, name:"G:\SteamLibrary\steamapps\common\DayZServer\mpmissions\regular.namalsk\storage_4\data\types.001"
23:33:58.922 [CE][Storage] ver:0 stamp:0, valid:NO, name:"G:\SteamLibrary\steamapps\common\DayZServer\mpmissions\regular.namalsk\storage_4\data\types.002"
23:33:58.925 [CE][offlineDB] :: Loaded 23 dynamic events 177 total types.
23:33:58.951 !!! [CE][offlineDB] :: Type 'ChristmasTree' will be ignored. (Not spawnable. (Scope is not public?))
23:33:58.962 [CE][DE][SPAWNS] :: Total positions: 711
23:33:58.962 [CE][DE][GROUPS] :: Total eventgroups defined: 0, Eventgroups in use: 0
23:33:58.962 [CE][Storage] ver:0 stamp:0, valid:NO, name:"G:\SteamLibrary\steamapps\common\DayZServer\mpmissions\regular.namalsk\storage_4\data\events.bin"
23:33:58.963 [CE][Storage] ver:0 stamp:0, valid:NO, name:"G:\SteamLibrary\steamapps\common\DayZServer\mpmissions\regular.namalsk\storage_4\data\events.001"
23:33:58.963 [CE][Storage] ver:0 stamp:0, valid:NO, name:"G:\SteamLibrary\steamapps\common\DayZServer\mpmissions\regular.namalsk\storage_4\data\events.002"
23:33:58.963 [CE][Storage] ver:0 stamp:0, valid:NO, name:"G:\SteamLibrary\steamapps\common\DayZServer\mpmissions\regular.namalsk\storage_4\data\dynamic_000.bin"
23:33:58.963 [CE][Storage] ver:0 stamp:0, valid:NO, name:"G:\SteamLibrary\steamapps\common\DayZServer\mpmissions\regular.namalsk\storage_4\data\dynamic_000.001"
23:33:58.963 [CE][Storage] ver:0 stamp:0, valid:NO, name:"G:\SteamLibrary\steamapps\common\DayZServer\mpmissions\regular.namalsk\storage_4\data\dynamic_000.002"
23:33:58.964 [CE][Storage] ver:0 stamp:0, valid:NO, name:"G:\SteamLibrary\steamapps\common\DayZServer\mpmissions\regular.namalsk\storage_4\data\dynamic_001.bin"
23:33:58.964 [CE][Storage] ver:0 stamp:0, valid:NO, name:"G:\SteamLibrary\steamapps\common\DayZServer\mpmissions\regular.namalsk\storage_4\data\dynamic_001.001"
23:33:58.965 [CE][Storage] ver:0 stamp:0, valid:NO, name:"G:\SteamLibrary\steamapps\common\DayZServer\mpmissions\regular.namalsk\storage_4\data\dynamic_001.002"
23:33:58.965 [CE][Storage] ver:0 stamp:0, valid:NO, name:"G:\SteamLibrary\steamapps\common\DayZServer\mpmissions\regular.namalsk\storage_4\data\dynamic_002.bin"
23:33:58.966 [CE][Storage] ver:0 stamp:0, valid:NO, name:"G:\SteamLibrary\steamapps\common\DayZServer\mpmissions\regular.namalsk\storage_4\data\dynamic_002.001"
23:33:58.966 [CE][Storage] ver:0 stamp:0, valid:NO, name:"G:\SteamLibrary\steamapps\common\DayZServer\mpmissions\regular.namalsk\storage_4\data\dynamic_002.002"
23:33:58.966 [CE][Storage] ver:0 stamp:0, valid:NO, name:"G:\SteamLibrary\steamapps\common\DayZServer\mpmissions\regular.namalsk\storage_4\data\dynamic_003.bin"
23:33:58.966 [CE][Storage] ver:0 stamp:0, valid:NO, name:"G:\SteamLibrary\steamapps\common\DayZServer\mpmissions\regular.namalsk\storage_4\data\dynamic_003.001"
23:33:58.966 [CE][Storage] ver:0 stamp:0, valid:NO, name:"G:\SteamLibrary\steamapps\common\DayZServer\mpmissions\regular.namalsk\storage_4\data\dynamic_003.002"
23:33:58.967 [CE][Storage] ver:0 stamp:0, valid:NO, name:"G:\SteamLibrary\steamapps\common\DayZServer\mpmissions\regular.namalsk\storage_4\data\dynamic_004.bin"
23:33:58.967 [CE][Storage] ver:0 stamp:0, valid:NO, name:"G:\SteamLibrary\steamapps\common\DayZServer\mpmissions\regular.namalsk\storage_4\data\dynamic_004.001"
23:33:58.967 [CE][Storage] ver:0 stamp:0, valid:NO, name:"G:\SteamLibrary\steamapps\common\DayZServer\mpmissions\regular.namalsk\storage_4\data\dynamic_004.002"
23:33:58.968 [CE][Storage] ver:0 stamp:0, valid:NO, name:"G:\SteamLibrary\steamapps\common\DayZServer\mpmissions\regular.namalsk\storage_4\data\dynamic_005.bin"
23:33:58.969 [CE][Storage] ver:0 stamp:0, valid:NO, name:"G:\SteamLibrary\steamapps\common\DayZServer\mpmissions\regular.namalsk\storage_4\data\dynamic_005.001"
23:33:58.969 [CE][Storage] ver:0 stamp:0, valid:NO, name:"G:\SteamLibrary\steamapps\common\DayZServer\mpmissions\regular.namalsk\storage_4\data\dynamic_005.002"
23:33:58.969 [CE][Storage] ver:0 stamp:0, valid:NO, name:"G:\SteamLibrary\steamapps\common\DayZServer\mpmissions\regular.namalsk\storage_4\data\dynamic_006.bin"
23:33:58.969 [CE][Storage] ver:0 stamp:0, valid:NO, name:"G:\SteamLibrary\steamapps\common\DayZServer\mpmissions\regular.namalsk\storage_4\data\dynamic_006.001"
23:33:58.970 [CE][Storage] ver:0 stamp:0, valid:NO, name:"G:\SteamLibrary\steamapps\common\DayZServer\mpmissions\regular.namalsk\storage_4\data\dynamic_006.002"
23:33:58.970 [CE][Storage] ver:0 stamp:0, valid:NO, name:"G:\SteamLibrary\steamapps\common\DayZServer\mpmissions\regular.namalsk\storage_4\data\dynamic_007.bin"
23:33:58.971 [CE][Storage] ver:0 stamp:0, valid:NO, name:"G:\SteamLibrary\steamapps\common\DayZServer\mpmissions\regular.namalsk\storage_4\data\dynamic_007.001"
23:33:58.971 [CE][Storage] ver:0 stamp:0, valid:NO, name:"G:\SteamLibrary\steamapps\common\DayZServer\mpmissions\regular.namalsk\storage_4\data\dynamic_007.002"
23:33:58.971 [CE][Storage] ver:0 stamp:0, valid:NO, name:"G:\SteamLibrary\steamapps\common\DayZServer\mpmissions\regular.namalsk\storage_4\data\dynamic_008.bin"
23:33:58.972 [CE][Storage] ver:0 stamp:0, valid:NO, name:"G:\SteamLibrary\steamapps\common\DayZServer\mpmissions\regular.namalsk\storage_4\data\dynamic_008.001"
23:33:58.972 [CE][Storage] ver:0 stamp:0, valid:NO, name:"G:\SteamLibrary\steamapps\common\DayZServer\mpmissions\regular.namalsk\storage_4\data\dynamic_008.002"
23:33:58.972 [CE][Storage] ver:0 stamp:0, valid:NO, name:"G:\SteamLibrary\steamapps\common\DayZServer\mpmissions\regular.namalsk\storage_4\data\dynamic_009.bin"
23:33:58.972 [CE][Storage] ver:0 stamp:0, valid:NO, name:"G:\SteamLibrary\steamapps\common\DayZServer\mpmissions\regular.namalsk\storage_4\data\dynamic_009.001"
23:33:58.973 [CE][Storage] ver:0 stamp:0, valid:NO, name:"G:\SteamLibrary\steamapps\common\DayZServer\mpmissions\regular.namalsk\storage_4\data\dynamic_009.002"
23:33:58.974 [CE][Storage] ver:0 stamp:0, valid:NO, name:"G:\SteamLibrary\steamapps\common\DayZServer\mpmissions\regular.namalsk\storage_4\data\dynamic_010.bin"
23:33:58.974 [CE][Storage] ver:0 stamp:0, valid:NO, name:"G:\SteamLibrary\steamapps\common\DayZServer\mpmissions\regular.namalsk\storage_4\data\dynamic_010.001"
23:33:58.974 [CE][Storage] ver:0 stamp:0, valid:NO, name:"G:\SteamLibrary\steamapps\common\DayZServer\mpmissions\regular.namalsk\storage_4\data\dynamic_010.002"
23:33:58.974 [CE][Storage] ver:0 stamp:0, valid:NO, name:"G:\SteamLibrary\steamapps\common\DayZServer\mpmissions\regular.namalsk\storage_4\data\dynamic_011.bin"
23:33:58.975 [CE][Storage] ver:0 stamp:0, valid:NO, name:"G:\SteamLibrary\steamapps\common\DayZServer\mpmissions\regular.namalsk\storage_4\data\dynamic_011.001"
23:33:58.975 [CE][Storage] ver:0 stamp:0, valid:NO, name:"G:\SteamLibrary\steamapps\common\DayZServer\mpmissions\regular.namalsk\storage_4\data\dynamic_011.002"
23:33:58.975 [CE][Storage] ver:0 stamp:0, valid:NO, name:"G:\SteamLibrary\steamapps\common\DayZServer\mpmissions\regular.namalsk\storage_4\data\building.bin"
23:33:58.975 [CE][Storage] ver:0 stamp:0, valid:NO, name:"G:\SteamLibrary\steamapps\common\DayZServer\mpmissions\regular.namalsk\storage_4\data\building.001"
23:33:58.976 [CE][Storage] ver:0 stamp:0, valid:NO, name:"G:\SteamLibrary\steamapps\common\DayZServer\mpmissions\regular.namalsk\storage_4\data\building.002"
23:33:58.977 [CE][Storage] ver:0 stamp:0, valid:NO, name:"G:\SteamLibrary\steamapps\common\DayZServer\mpmissions\regular.namalsk\storage_4\data\vehicles.bin"
23:33:58.977 [CE][Storage] ver:0 stamp:0, valid:NO, name:"G:\SteamLibrary\steamapps\common\DayZServer\mpmissions\regular.namalsk\storage_4\data\vehicles.001"
23:33:58.978 [CE][Storage] ver:0 stamp:0, valid:NO, name:"G:\SteamLibrary\steamapps\common\DayZServer\mpmissions\regular.namalsk\storage_4\data\vehicles.002"
23:33:58.978 [CE][Hive] :: Empty storage folder, reinitializing ... 
23:33:58.979 [CE][Hive] :: Initializing ... 
23:33:58.982 [CE][InitializeMap] :: initialized: 0
23:33:58.982 [CE][Hive] :: Initializing spawners ... 
23:33:59.39   ENTITY    (W): Unknown object class 'pond' (dz\water_sakhal\ice_lake\sakhal_50x50_ice_lake_clear.p3d)
23:33:59.126  ENTITY    (W): Unknown object class 'pond' (dz\water_sakhal\ice_lake\sakhal_50x50_ice_lake_clear.p3d)
23:33:59.420  ENTITY       : Load entity type 'Land_Ruin_HouseBig1_NoIvy_Half'
23:33:59.420   ENTITY    (W): Door 'DoorsTwin1' is missing geometry components for selection 'DoorsTwin1', check model+config
23:33:59.450  ENTITY       : Load entity type 'Land_Ruin_HouseBig3_NoIvy'
23:33:59.450   ENTITY    (W): Door 'DoorsTwin1' is missing geometry components for selection 'DoorsTwin1', check model+config
23:33:59.461  ENTITY    (W): Unknown object class 'pond' (nst\ns\water\lakewater.p3d)
23:33:59.462  ENTITY    (W): Unknown object class 'pond' (nst\ns\water\lakewater.p3d)
23:33:59.462  ENTITY    (W): Unknown object class 'pond' (dz\water_sakhal\ice_lake\sakhal_50x50_ice_lake_clear.p3d)
23:33:59.507  WORLD        : Create entity type 'headtorch_grey'
23:33:59.507   ENTITY    (E): Type 'Inventory_BaseType' must be inherited from class 'ClothingType'
23:33:59.524  PHYSICS   (W): While attempting to remove proxy physics for the selection 'codelock', the corresponding bone could not be found in the shape 'dz\gear\camping\cartent.p3d'
23:33:59.527  PHYSICS   (W): While attempting to remove proxy physics for the selection 'codelock', the corresponding bone could not be found in the shape 'dz\gear\camping\cartent.p3d'
23:33:59.527  PHYSICS   (W): While attempting to remove proxy physics for the selection 'codelock', the corresponding bone could not be found in the shape 'dz\gear\camping\cartent.p3d'
23:33:59.529  PHYSICS   (W): While attempting to remove proxy physics for the selection 'codelock', the corresponding bone could not be found in the shape 'dz\gear\camping\cartent.p3d'
23:33:59.573 !!! [CE][Point] Removing 4177.679688, 8071.848633 from land_datsun01T
23:33:59.706 [CE][LootRespawner] (PRIDummy) :: Item [0] is hard to place, performance drops: "MedicalScrubsShirt_Blue"
23:33:59.757 [CE][LootRespawner] (PRIDummy) :: Item [1] is hard to place, performance drops: "GCGN_M110_Green"
23:33:59.777 [CE][LootRespawner] (PRIDummy) :: Item [2] is hard to place, performance drops: "SNAFU_M300BK"
23:33:59.816 [CE][LootRespawner] (PRIDummy) :: Item [3] is hard to place, performance drops: "GCGN_Vepr"
23:33:59.836 [CE][LootRespawner] (PRIDummy) :: Item [4] is hard to place, performance drops: "Spas12_Gun"
23:33:59.865 [CE][LootRespawner] (PRIDummy) :: Item [5] is hard to place, performance drops: "SNAFU_M1918A2"
23:33:59.934 [CE][LootRespawner] (PRIDummy) :: Item [6] is hard to place, performance drops: "SNAFUAR15_SPR_Black_GUN"
23:33:59.954  ENTITY       : Load entity type 'Land_Ruin_HouseBig3_NoIvy_Half'
23:33:59.954   ENTITY    (W): Door 'DoorsTwin1' is missing geometry components for selection 'DoorsTwin1', check model+config
23:33:59.962 [CE][LootRespawner] (PRIDummy) :: Item [7] is hard to place, performance drops: "GCGN_M4A1"
23:33:59.966 [CE][LootRespawner] (PRIDummy) :: Item [8] is hard to place, performance drops: "SNAFUT5000_Dkmcc_GUN"
23:33:59.997 [CE][LootRespawner] (PRIDummy) :: Item [9] is hard to place, performance drops: "ParamedicPants_Green"
23:33:59.997 [CE][LootRespawner] (PRIDummy) :: Item [10] is hard to place, performance drops: "SNAFU_LVOA556_GUN"
23:34:00.12   ENTITY    (W): Unknown object class 'pond' (nst\ns\water\lakewater.p3d)
23:34:00.14   ENTITY    (W): Unknown object class 'pond' (nst\ns\water\lakewater.p3d)
23:34:00.14   ENTITY    (W): Unknown object class 'pond' (nst\ns\water\lakewater.p3d)
23:34:00.118 [CE][LootRespawner] (PRIDummy) :: Item [11] is hard to place, performance drops: "SNAFUThompsonMk2"
23:34:00.355  ENTITY    (W): Unknown object class 'pond' (nst\ns\water\lakewater.p3d)
23:34:00.368  ENTITY    (W): Unknown object class 'pond' (dz\water_sakhal\ice_lake\sakhal_50x50_ice_lake_clear.p3d)
23:34:00.380 [CE][LootRespawner] (PRIDummy) :: Item [0] causing search overtime: "BloodBagEmpty"
23:34:00.414 [CE][LootRespawner] (PRIDummy) :: Item [12] is hard to place, performance drops: "Snafu_PKP_Black_GUN"
23:34:00.416 [CE][LootRespawner] (PRIDummy) :: Item [13] is hard to place, performance drops: "NavyUniformJacket"
23:34:00.452 [CE][LootRespawner] (PRIDummy) :: Item [14] is hard to place, performance drops: "TaloonBag_Violet"
23:34:00.504 [CE][LootRespawner] (PRIDummy) :: Item [15] is hard to place, performance drops: "SNAFURSASS_Wood_GUN"
23:34:00.515 [CE][LootRespawner] (PRIDummy) :: Item [16] is hard to place, performance drops: "SNAFU_AK19"
23:34:00.515 [CE][LootRespawner] (PRIDummy) :: Item [1] causing search overtime: "SNAFU_AK19"
23:34:00.535  ENTITY    (W): Unknown object class 'pond' (nst\ns\water\lakewater.p3d)
23:34:00.535  ENTITY    (W): Unknown object class 'pond' (nst\ns\water\lakewater.p3d)
23:34:00.555 [CE][LootRespawner] (PRIDummy) :: Item [17] is hard to place, performance drops: "GCGN_M700"
23:34:00.555 [CE][LootRespawner] (PRIDummy) :: Item [2] causing search overtime: "GCGN_M700"
23:34:00.557 [CE][LootRespawner] (PRIDummy) :: Item [18] is hard to place, performance drops: "ManSuit_Beige"
23:34:00.563 [CE][LootRespawner] (PRIDummy) :: Item [19] is hard to place, performance drops: "SNAFUKivaari_Tan_GUN"
23:34:00.563 [CE][LootRespawner] (PRIDummy) :: Item [3] causing search overtime: "SNAFUKivaari_Tan_GUN"
23:34:00.642 [CE][LootRespawner] (PRIDummy) :: Item [20] is hard to place, performance drops: "Hoodie_Black"
23:34:00.642 [CE][LootRespawner] (PRIDummy) :: Item [21] is hard to place, performance drops: "Hoodie_Black"
23:34:00.642 [CE][LootRespawner] (PRIDummy) :: Item [22] is hard to place, performance drops: "Hoodie_Black"
23:34:00.643 [CE][LootRespawner] (PRIDummy) :: Item [23] is hard to place, performance drops: "Hoodie_Black"
23:34:00.643 [CE][LootRespawner] (PRIDummy) :: Item [24] is hard to place, performance drops: "Hoodie_Black"
23:34:00.643 [CE][LootRespawner] (PRIDummy) :: Item [25] is hard to place, performance drops: "Hoodie_Black"
23:34:00.672 [CE][LootRespawner] (PRIDummy) :: Item [4] causing search overtime: "SNAFU_TP82S"
23:34:00.672 [CE][LootRespawner] (PRIDummy) :: Item [5] causing search overtime: "SNAFU_LNormalized_Suppressor_Black"
23:34:00.708 [CE][LootRespawner] (PRIDummy) :: Item [6] causing search overtime: "SNAFU_RPK16_Tan"
23:34:00.712 [CE][LootRespawner] (PRIDummy) :: Item [7] causing search overtime: "SNAFUMk12_20rdMag"
23:34:00.719 [CE][LootRespawner] (PRIDummy) :: Item [8] causing search overtime: "SNAFUThompsonMk2_30rdMag"
23:34:00.747 [CE][LootRespawner] (PRIDummy) :: Item [9] causing search overtime: "SNAFU_GADAR"
23:34:00.752 [CE][LootRespawner] (PRIDummy) :: Item [10] causing search overtime: "SNAFU_BMAG300_Black"
23:34:00.773 [CE][LootRespawner] (PRIDummy) :: Item [11] causing search overtime: "SNAFU_AKTango6T_Tan"
23:34:00.773 [CE][LootRespawner] (PRIDummy) :: Item [12] causing search overtime: "SNAFUM1A_Black"
23:34:00.809 [CE][LootRespawner] (PRIDummy) :: Item [13] causing search overtime: "SNAFU_MTango6T_Tan"
23:34:00.812  PHYSICS   (W): While attempting to remove proxy physics for the selection 'codelock', the corresponding bone could not be found in the shape 'dz\gear\camping\mediumtent.p3d'
23:34:00.814  PHYSICS   (W): While attempting to remove proxy physics for the selection 'codelock', the corresponding bone could not be found in the shape 'dz\gear\camping\mediumtent.p3d'
23:34:00.815  PHYSICS   (W): While attempting to remove proxy physics for the selection 'codelock', the corresponding bone could not be found in the shape 'dz\gear\camping\mediumtent.p3d'
23:34:00.815  PHYSICS   (W): While attempting to remove proxy physics for the selection 'codelock', the corresponding bone could not be found in the shape 'dz\gear\camping\mediumtent.p3d'
23:34:00.816  PHYSICS   (W): While attempting to remove proxy physics for the selection 'codelock', the corresponding bone could not be found in the shape 'dz\gear\camping\mediumtent.p3d'
23:34:00.817 [CE][LootRespawner] (PRIDummy) :: Item [14] causing search overtime: "SNAFUM1A_20rdMag"
23:34:00.817 [CE][LootRespawner] (PRIDummy) :: Item [15] causing search overtime: "SNAFUM98B_Mag"
23:34:00.819 [CE][LootRespawner] (PRIDummy) :: Item [26] is hard to place, performance drops: "HikingBoots_Brown"
23:34:00.836 [CE][LootRespawner] (PRIDummy) :: Item [16] causing search overtime: "SNAFUMPX_Grip"
23:34:00.836 [CE][LootRespawner] (PRIDummy) :: Item [17] causing search overtime: "SNAFU_Walther"
23:34:00.845 [CE][LootRespawner] (PRIDummy) :: Item [27] is hard to place, performance drops: "Pitchfork"
23:34:00.847 [CE][LootRespawner] (PRIDummy) :: Item [28] is hard to place, performance drops: "Pitchfork"
23:34:00.848 [CE][LootRespawner] (PRIDummy) :: Item [18] causing search overtime: "SNAFU_Aimpoint_M5"
23:34:00.851 [CE][LootRespawner] (PRIDummy) :: Item [19] causing search overtime: "SNAFU_AK_AR_Stock"
23:34:00.852 [CE][LootRespawner] (PRIDummy) :: Item [29] is hard to place, performance drops: "ManSuit_Khaki"
23:34:00.853 [CE][LootRespawner] (PRIDummy) :: Item [30] is hard to place, performance drops: "ManSuit_Khaki"
23:34:00.853 [CE][LootRespawner] (PRIDummy) :: Item [20] causing search overtime: "SNAFU_LStandardized_Suppressor_Green"
23:34:00.855 [CE][LootRespawner] (PRIDummy) :: Item [31] is hard to place, performance drops: "Hoodie_Blue"
23:34:00.879 [CE][LootRespawner] (PRIDummy) :: Item [32] is hard to place, performance drops: "WorkingBoots_Grey"
23:34:00.885 [CE][LootRespawner] (PRIDummy) :: Item [21] causing search overtime: "SNAFU_MTango6T_Black"
23:34:00.892 [CE][LootRespawner] (PRIDummy) :: Item [22] causing search overtime: "SNAFU_AKHuntingOptic"
23:34:00.896 [CE][LootRespawner] (PRIDummy) :: Item [23] causing search overtime: "SNAFU_AKTrijicon"
23:34:00.896 [CE][LootRespawner] (PRIDummy) :: Item [24] causing search overtime: "SNAFU_MKahles"
23:34:00.901 [CE][LootRespawner] (PRIDummy) :: Item [25] causing search overtime: "SNAFU_FRF2"
23:34:00.902 [CE][LootRespawner] (PRIDummy) :: Item [33] is hard to place, performance drops: "TShirt_OrangeWhiteStripes"
23:34:00.903 [CE][LootRespawner] (PRIDummy) :: Item [34] is hard to place, performance drops: "TShirt_OrangeWhiteStripes"
23:34:00.904 [CE][LootRespawner] (PRIDummy) :: Item [26] causing search overtime: "SNAFU_MAimpoint_M5"
23:34:00.911 [CE][LootRespawner] (PRIDummy) :: Item [27] causing search overtime: "SN_Springfield_Mag"
23:34:00.914 [CE][LootRespawner] (PRIDummy) :: Item [35] is hard to place, performance drops: "dzn_yeger_up_woodl"
23:34:00.923 [CE][LootRespawner] (PRIDummy) :: Item [28] causing search overtime: "SNAFU_MP9_GUN"
23:34:00.924 [CE][LootRespawner] (PRIDummy) :: Item [29] causing search overtime: "SNAFUASh12"
23:34:00.928 [CE][LootRespawner] (PRIDummy) :: Item [36] is hard to place, performance drops: "HuntingJacket_Autumn"
23:34:00.936 !!! [CE][Point] Removing 4931.937988, 6660.574707 from land_wrecked_ural
23:34:00.936 [CE][LootRespawner] (PRIDummy) :: Item [37] is hard to place, performance drops: "KobraOptic"
23:34:00.938 [CE][LootRespawner] (PRIDummy) :: Item [38] is hard to place, performance drops: "WoolCoat_BlueCheck"
23:34:00.946 [CE][LootRespawner] (PRIDummy) :: Item [30] causing search overtime: "SNAFUVSSK"
23:34:00.947 [CE][LootRespawner] (PRIDummy) :: Item [31] causing search overtime: "SNAFU_M200B_BK"
23:34:00.971 [CE][LootRespawner] (PRIDummy) :: Item [39] is hard to place, performance drops: "CanisterGasoline"
23:34:00.985 [CE][LootRespawner] (PRIDummy) :: Item [32] causing search overtime: "SNAFU_U100_Mag"
23:34:00.992 [CE][LootRespawner] (PRIDummy) :: Item [33] causing search overtime: "GCGN_HK416"
23:34:00.992 [CE][LootRespawner] (PRIDummy) :: Item [34] causing search overtime: "SNAFU_HAimpoint_ACO"
23:34:00.995 [CE][LootRespawner] (PRIDummy) :: Item [40] is hard to place, performance drops: "SlacksPants_Brown"
23:34:01.09  [CE][LootRespawner] (PRIDummy) :: Item [35] causing search overtime: "SNAFU_ScarH_100RND_Mag_Tan"
23:34:01.09  [CE][LootRespawner] (PRIDummy) :: Item [36] causing search overtime: "SNAFU_AKLeupold_Mark8"
23:34:01.09  [CE][LootRespawner] (PRIDummy) :: Item [37] causing search overtime: "SNHK417_Mag"
23:34:01.16   ENTITY    (W): Unknown object class 'pond' (dz\water_sakhal\ice_lake\sakhal_50x50_ice_lake_clear.p3d)
23:34:01.28  [CE][LootRespawner] (PRIDummy) :: Item [41] is hard to place, performance drops: "MetalWire"
23:34:01.30  [CE][LootRespawner] (PRIDummy) :: Item [38] causing search overtime: "GCGN_MP7_40Rnd"
23:34:01.30  [CE][LootRespawner] (PRIDummy) :: Item [39] causing search overtime: "SNAFU_M200S_Green"
23:34:01.34  [CE][LootRespawner] (PRIDummy) :: Item [40] causing search overtime: "SNAFU_CZ805_Gun"
23:34:01.43  [CE][LootRespawner] (PRIDummy) :: Item [42] is hard to place, performance drops: "KukriKnife"
23:34:01.47  [CE][LootRespawner] (PRIDummy) :: Item [41] causing search overtime: "SNAFU_SKS_10Rnd_Mag"
23:34:01.54   WORLD        : Create entity type 'Megaphone'
23:34:01.54    ENTITY    (E): Type 'Inventory_BaseType' must be inherited from class 'ItemMegaphoneType'
23:34:01.56  [CE][LootRespawner] (PRIDummy) :: Item [43] is hard to place, performance drops: "Megaphone"
23:34:01.57  [CE][LootRespawner] (PRIDummy) :: Item [44] is hard to place, performance drops: "Megaphone"
23:34:01.63  [CE][LootRespawner] (PRIDummy) :: Item [42] causing search overtime: "SNAFU_PMAG556_OD"
23:34:01.74  [CE][LootRespawner] (PRIDummy) :: Item [43] causing search overtime: "SNAFU_MEOTech_EXPS3"
23:34:01.79  [CE][LootRespawner] (PRIDummy) :: Item [44] causing search overtime: "SN_Glock19"
23:34:01.81  [CE][LootRespawner] (PRIDummy) :: Item [45] is hard to place, performance drops: "QuiltedJacket_Black"
23:34:01.96  [CE][LootRespawner] (PRIDummy) :: Item [45] causing search overtime: "SNAFUUzi_32rdMag"
23:34:01.109 [CE][LootRespawner] (PRIDummy) :: Item [46] causing search overtime: "SNAFU_Fort12_GUN"
23:34:01.109 [CE][LootRespawner] (PRIDummy) :: Item [47] causing search overtime: "GCGN_M82_Mag"
23:34:01.110 [CE][LootRespawner] (PRIDummy) :: Item [48] causing search overtime: "SNAFU_M4556_Modular16_GUN"
23:34:01.115  ENTITY    (W): Unknown object class 'pond' (nst\ns\water\lakewater.p3d)
23:34:01.115  ENTITY    (W): Unknown object class 'pond' (nst\ns\water\lakewater.p3d)
23:34:01.115  ENTITY    (W): Unknown object class 'pond' (nst\ns\water\lakewater.p3d)
23:34:01.115  ENTITY    (W): Unknown object class 'pond' (nst\ns\water\lakewater.p3d)
23:34:01.131  ENTITY    (W): Unknown object class 'pond' (nst\ns\water\lakewater.p3d)
23:34:01.135  ENTITY    (W): Unknown object class 'pond' (nst\ns\water\lakewater.p3d)
23:34:01.136  ENTITY    (W): Unknown object class 'pond' (nst\ns\water\lakewater.p3d)
23:34:01.136  ENTITY    (W): Unknown object class 'pond' (nst\ns\water\lakewater.p3d)
23:34:01.137 [CE][LootRespawner] (PRIDummy) :: Item [49] causing search overtime: "SNAFU_Tango6T_Snow"
23:34:01.137 [CE][LootRespawner] (PRIDummy) :: Item [50] causing search overtime: "SNAFUAR15_SPR_40RND_Mag"
23:34:01.137 [CE][LootRespawner] (PRIDummy) :: Item [51] causing search overtime: "SNAFU_AR15_Modular16_GUN"
23:34:01.142 [CE][LootRespawner] (PRIDummy) :: Item [52] causing search overtime: "SNAFU_AK_HG"
23:34:01.147 [CE][LootRespawner] (PRIDummy) :: Item [53] causing search overtime: "SNAFU_MTrijicon"
23:34:01.147 [CE][LootRespawner] (PRIDummy) :: Item [54] causing search overtime: "SA58_DrumMag"
23:34:01.151 [CE][LootRespawner] (PRIDummy) :: Item [55] causing search overtime: "SNAFUGevar_Tan"
23:34:01.158 [CE][LootRespawner] (PRIDummy) :: Item [56] causing search overtime: "Snafu_PKP_250RND_Mag"
23:34:01.169 [CE][LootRespawner] (PRIDummy) :: Item [57] causing search overtime: "GCGN_VEPR_10rnd"
23:34:01.170 [CE][LootRespawner] (PRIDummy) :: Item [58] causing search overtime: "SNAFUVECTOR_45acp_Mag"
23:34:01.192 [CE][LootRespawner] (PRIDummy) :: Item [59] causing search overtime: "SNAFU_CMAG30300_Tan"
23:34:01.200 [CE][LootRespawner] (PRIDummy) :: Item [46] is hard to place, performance drops: "TruckBattery"
23:34:01.205 [CE][LootRespawner] (PRIDummy) :: Item [47] is hard to place, performance drops: "BalaclavaMask_Blue"
23:34:01.205 [CE][LootRespawner] (PRIDummy) :: Item [60] causing search overtime: "SNAFU_AK12A"
23:34:01.205 [CE][LootRespawner] (PRIDummy) :: Item [61] causing search overtime: "SNAFUKivaari_Grey_GUN"
23:34:01.224 [CE][LootRespawner] (PRIDummy) :: Item [62] causing search overtime: "SNAFU_HuntingOptic"
23:34:01.229 [CE][LootRespawner] (PRIDummy) :: Item [63] causing search overtime: "SNAFUDSASA58_Stock"
23:34:01.229 [CE][LootRespawner] (PRIDummy) :: Item [64] causing search overtime: "SNAFU_Shotgunchoke_Blue"
23:34:01.235 [CE][LootRespawner] (PRIDummy) :: Item [65] causing search overtime: "SA58_30RND_BK"
23:34:01.242 [CE][LootRespawner] (PRIDummy) :: Item [66] causing search overtime: "SNAFU_RPK16_Black"
23:34:01.250 !!! [CE][Point] Removing 5032.167480, 8197.083984 from land_wrecked_ural_onside
23:34:01.251 [CE][LootRespawner] (PRIDummy) :: Item [48] is hard to place, performance drops: "RemoteDetonator"
23:34:01.281 [CE][LootRespawner] (PRIDummy) :: Item [67] causing search overtime: "SNAFUGevar_Black"
23:34:01.290 [CE][LootRespawner] (PRIDummy) :: Item [68] causing search overtime: "SA58_30RND_WBK"
23:34:01.291 [CE][LootRespawner] (PRIDummy) :: Item [49] is hard to place, performance drops: "TaloonBag_Green"
23:34:01.291 [CE][LootRespawner] (PRIDummy) :: Item [50] is hard to place, performance drops: "TaloonBag_Green"
23:34:01.293 [CE][LootRespawner] (PRIDummy) :: Item [51] is hard to place, performance drops: "Bandana_Greenpattern"
23:34:01.294 [CE][LootRespawner] (PRIDummy) :: Item [69] causing search overtime: "M4_6933_Gun"
23:34:01.304 [CE][LootRespawner] (PRIDummy) :: Item [52] is hard to place, performance drops: "HikingBoots_Black"
23:34:01.304 [CE][LootRespawner] (PRIDummy) :: Item [70] causing search overtime: "SNAFU_M300Green"
23:34:01.319 [CE][LootRespawner] (PRIDummy) :: Item [71] causing search overtime: "GCGN_M110_Mag"
23:34:01.334 [CE][LootRespawner] (PRIDummy) :: Item [72] causing search overtime: "SNAFU_AK308_Mag"
23:34:01.341 [CE][LootRespawner] (PRIDummy) :: Item [73] causing search overtime: "SNAFU_LVOAHG"
23:34:01.341 [CE][LootRespawner] (PRIDummy) :: Item [74] causing search overtime: "SA58_Stock"
23:34:01.341 [CE][LootRespawner] (PRIDummy) :: Item [75] causing search overtime: "SNAFUKivaari_Black_GUN"
23:34:01.341 [CE][LootRespawner] (PRIDummy) :: Item [76] causing search overtime: "SNAFUTAR21_Black"
23:34:01.341 [CE][LootRespawner] (PRIDummy) :: Item [77] causing search overtime: "SNAFU_HLeupold_Mark8"
23:34:01.344 [CE][LootRespawner] (PRIDummy) :: Item [53] is hard to place, performance drops: "Hoodie_Red"
23:34:01.344 [CE][LootRespawner] (PRIDummy) :: Item [78] causing search overtime: "SNAFU_Normalized_Suppressor_Green"
23:34:01.351 [CE][LootRespawner] (PRIDummy) :: Item [79] causing search overtime: "GCGN_M110_Tan"
23:34:01.354 [CE][LootRespawner] (PRIDummy) :: Item [54] is hard to place, performance drops: "Sweater_Gray"
23:34:01.356 [CE][LootRespawner] (PRIDummy) :: Item [55] is hard to place, performance drops: "Sweater_Gray"
23:34:01.356 [CE][LootRespawner] (PRIDummy) :: Item [56] is hard to place, performance drops: "Sweater_Gray"
23:34:01.359 [CE][LootRespawner] (PRIDummy) :: Item [80] causing search overtime: "SNAFU_CALI_GUN"
23:34:01.360 [CE][LootRespawner] (PRIDummy) :: Item [81] causing search overtime: "SNAFUUzi_72rdMag"
23:34:01.361 [CE][LootRespawner] (PRIDummy) :: Item [82] causing search overtime: "SNAFU_AKTango6T_Wood"
23:34:01.380 [CE][LootRespawner] (PRIDummy) :: Item [57] is hard to place, performance drops: "Spotlight"
23:34:01.385 [CE][LootRespawner] (PRIDummy) :: Item [58] is hard to place, performance drops: "Spotlight"
23:34:01.385 [CE][LootRespawner] (PRIDummy) :: Item [59] is hard to place, performance drops: "Spotlight"
23:34:01.390 [CE][LootRespawner] (PRIDummy) :: Item [83] causing search overtime: "SNAFU_M200Green"
23:34:01.402 [CE][LootRespawner] (PRIDummy) :: Item [84] causing search overtime: "SNAFU_AKKahles"
23:34:01.415 [CE][LootRespawner] (PRIDummy) :: Item [85] causing search overtime: "SNAFU_CMAG30556_Black"
23:34:01.416 [CE][LootRespawner] (PRIDummy) :: Item [86] causing search overtime: "SN_USP"
23:34:01.418 [CE][LootRespawner] (PRIDummy) :: Item [87] causing search overtime: "SNAFU_M14"
23:34:01.418 [CE][LootRespawner] (PRIDummy) :: Item [88] causing search overtime: "AA12_Gun"
23:34:01.421 [CE][LootRespawner] (PRIDummy) :: Item [60] is hard to place, performance drops: "BalaclavaMask_Pink"
23:34:01.423 [CE][LootRespawner] (PRIDummy) :: Item [89] causing search overtime: "SNAFU_MK4716Gun"
23:34:01.424 [CE][LootRespawner] (PRIDummy) :: Item [90] causing search overtime: "SG550_Gun"
23:34:01.424 [CE][LootRespawner] (PRIDummy) :: Item [91] causing search overtime: "SNAFUAR15_SPR_100RND_Mag"
23:34:01.426 [CE][LootRespawner] (PRIDummy) :: Item [92] causing search overtime: "SNAFU_M249Grip"
23:34:01.432 [CE][LootRespawner] (PRIDummy) :: Item [93] causing search overtime: "SNAFU_M76"
23:34:01.432 [CE][LootRespawner] (PRIDummy) :: Item [94] causing search overtime: "SN_M870"
23:34:01.440 [CE][LootRespawner] (PRIDummy) :: Item [95] causing search overtime: "SNAFU_GIGripColtA2"
23:34:01.447  ENTITY    (W): Unknown object class 'pond' (nst\ns\water\lakewater.p3d)
23:34:01.447  ENTITY    (W): Unknown object class 'pond' (nst\ns\water\lakewater.p3d)
23:34:01.447  ENTITY    (W): Unknown object class 'pond' (nst\ns\water\lakewater.p3d)
23:34:01.447  ENTITY    (W): Unknown object class 'pond' (nst\ns\water\lakewater.p3d)
23:34:01.467 [CE][LootRespawner] (PRIDummy) :: Item [96] causing search overtime: "SNAFURPD"
23:34:01.511 [CE][LootRespawner] (PRIDummy) :: Item [97] causing search overtime: "SNAFU_AK308"
23:34:01.518 [CE][LootRespawner] (PRIDummy) :: Item [98] causing search overtime: "SNAFU_Tango6T_Wood"
23:34:01.518 [CE][LootRespawner] (PRIDummy) :: Item [99] causing search overtime: "SNAFUDVL10M2"
23:34:01.533 [CE][LootRespawner] (PRIDummy) :: Item [61] is hard to place, performance drops: "Sweater_Blue"
23:34:01.540 [CE][LootRespawner] (PRIDummy) :: Item [100] causing search overtime: "SNAFU_CMAG60300_Black"
23:34:01.541 [CE][LootRespawner] (PRIDummy) :: Item [62] is hard to place, performance drops: "TShirt_White"
23:34:01.543 [CE][LootRespawner] (PRIDummy) :: Item [63] is hard to place, performance drops: "TShirt_White"
23:34:01.543 [CE][LootRespawner] (PRIDummy) :: Item [101] causing search overtime: "SNAFUVECTOR_9mm_Mag"
23:34:01.553 [CE][LootRespawner] (PRIDummy) :: Item [102] causing search overtime: "SNAFU_ScarH_100RND_Mag_Black"
23:34:01.566 [CE][LootRespawner] (PRIDummy) :: Item [64] is hard to place, performance drops: "Izh18"
23:34:01.566 [CE][LootRespawner] (PRIDummy) :: Item [65] is hard to place, performance drops: "Izh18"
23:34:01.569 [CE][LootRespawner] (PRIDummy) :: Item [66] is hard to place, performance drops: "M65Jacket_Olive"
23:34:01.575 [CE][LootRespawner] (PRIDummy) :: Item [103] causing search overtime: "SNAFU_FGKAC_Grip"
23:34:01.575 [CE][LootRespawner] (PRIDummy) :: Item [104] causing search overtime: "SNAFU_MCMR07"
23:34:01.575 [CE][LootRespawner] (PRIDummy) :: Item [105] causing search overtime: "SNAFU_MCMR08"
23:34:01.575 [CE][LootRespawner] (PRIDummy) :: Item [106] causing search overtime: "SNAFU_MCMR09"
23:34:01.579 [CE][LootRespawner] (PRIDummy) :: Item [107] causing search overtime: "SNAFU_MCMR10"
23:34:01.581 [CE][LootRespawner] (PRIDummy) :: Item [108] causing search overtime: "SNAFU_MCMR13"
23:34:01.581 [CE][LootRespawner] (PRIDummy) :: Item [109] causing search overtime: "SNAFU_MCMR15"
23:34:01.587 [CE][LootRespawner] (PRIDummy) :: Item [67] is hard to place, performance drops: "GhillieSuit_Woodland"
23:34:01.588 [CE][LootRespawner] (PRIDummy) :: Item [110] causing search overtime: "SNAFU_BMAG300_Tan"
23:34:01.588 [CE][LootRespawner] (PRIDummy) :: Item [68] is hard to place, performance drops: "SeaChest"
23:34:01.588 [CE][LootRespawner] (PRIDummy) :: Item [69] is hard to place, performance drops: "SeaChest"
23:34:01.591 [CE][LootRespawner] (PRIDummy) :: Item [111] causing search overtime: "SNAFU_AS50_GUN"
23:34:01.594 [CE][LootRespawner] (PRIDummy) :: Item [112] causing search overtime: "SNAFU_M300Mag"
23:34:01.594 [CE][LootRespawner] (PRIDummy) :: Item [113] causing search overtime: "SNAFUM96_5rdMag"
23:34:01.594 [CE][LootRespawner] (PRIDummy) :: Item [114] causing search overtime: "SNAFUAUG_BK"
23:34:01.599 [CE][LootRespawner] (PRIDummy) :: Item [115] causing search overtime: "SNAFUHoneyBadger_Black"
23:34:01.606 [CE][LootRespawner] (PRIDummy) :: Item [116] causing search overtime: "SNAFU_AKWalther"
23:34:01.606 [CE][LootRespawner] (PRIDummy) :: Item [117] causing search overtime: "SNAFU_SKS_Bayonet"
23:34:01.606 [CE][LootRespawner] (PRIDummy) :: Item [118] causing search overtime: "SR3_Vikhr_Gun"
23:34:01.610 [CE][LootRespawner] (PRIDummy) :: Item [119] causing search overtime: "SNAFUTac21_5rdMag"
23:34:01.610 [CE][LootRespawner] (PRIDummy) :: Item [120] causing search overtime: "SNAFU_M14_Mag"
23:34:01.610 [CE][LootRespawner] (PRIDummy) :: Item [70] is hard to place, performance drops: "WomanSuit_Beige"
23:34:01.612  WORLD        : Create entity type 'headtorch_black'
23:34:01.612   ENTITY    (E): Type 'Inventory_BaseType' must be inherited from class 'ClothingType'
23:34:01.630 [CE][LootRespawner] (PRIDummy) :: Item [121] causing search overtime: "SNAFU_Agram_GUN"
23:34:01.631 [CE][LootRespawner] (PRIDummy) :: Item [122] causing search overtime: "SNAFU_Ammo_45_70mm"
23:34:01.632 [CE][LootRespawner] (PRIDummy) :: Item [123] causing search overtime: "SNAFU_M249HG"
23:34:01.632 [CE][LootRespawner] (PRIDummy) :: Item [124] causing search overtime: "SNAFU_MK7"
23:34:01.632 [CE][LootRespawner] (PRIDummy) :: Item [125] causing search overtime: "SNAFU_MK9"
23:34:01.655 [CE][LootRespawner] (PRIDummy) :: Item [126] causing search overtime: "SNAFUAlligator"
23:34:01.663 [CE][LootRespawner] (PRIDummy) :: Item [127] causing search overtime: "Snafu_ScarH_25RND_Mag_Snow"
23:34:01.664 [CE][LootRespawner] (PRIDummy) :: Item [128] causing search overtime: "SNAFU_AKAimpoint_ACO"
23:34:01.672 [CE][LootRespawner] (PRIDummy) :: Item [129] causing search overtime: "SNAFUM24_GUN"
23:34:01.695 [CE][LootRespawner] (PRIDummy) :: Item [130] causing search overtime: "SNAFU_HKahles"
23:34:01.695 [CE][LootRespawner] (PRIDummy) :: Item [131] causing search overtime: "SNAFUP90_50rdMag"
23:34:01.695 [CE][LootRespawner] (PRIDummy) :: Item [132] causing search overtime: "SNAFUM98B_Ger_GUN"
23:34:01.695 [CE][LootRespawner] (PRIDummy) :: Item [133] causing search overtime: "SNAFUPPSKN"
23:34:01.696 [CE][LootRespawner] (PRIDummy) :: Item [134] causing search overtime: "Snafu_ScarH_25RND_Mag_BK"
23:34:01.696 [CE][LootRespawner] (PRIDummy) :: Item [135] causing search overtime: "SNAFU_CMAG40300_Tan"
23:34:01.699 [CE][LootRespawner] (PRIDummy) :: Item [136] causing search overtime: "Epinephrine"
23:34:01.702 [CE][LootRespawner] (PRIDummy) :: Item [137] causing search overtime: "SalineBag"
23:34:01.704 [CE][LootRespawner] (PRIDummy) :: Item [71] is hard to place, performance drops: "WoolCoat_Black"
23:34:01.708  ENTITY    (W): Unknown object class 'pond' (nst\ns\water\lakewater.p3d)
23:34:01.708  ENTITY    (W): Unknown object class 'pond' (nst\ns\water\lakewater.p3d)
23:34:01.708  ENTITY    (W): Unknown object class 'pond' (nst\ns\water\lakewater.p3d)
23:34:01.708  ENTITY    (W): Unknown object class 'pond' (nst\ns\water\lakewater.p3d)
23:34:01.709 [CE][LootRespawner] (PRIDummy) :: Item [138] causing search overtime: "SNAFU_PDW_45ACP"
23:34:01.710 [CE][LootRespawner] (PRIDummy) :: Item [139] causing search overtime: "SNAFU_MK47HG"
23:34:01.712 [CE][LootRespawner] (PRIDummy) :: Item [72] is hard to place, performance drops: "WoolCoat_BrownCheck"
23:34:01.713 [CE][LootRespawner] (PRIDummy) :: Item [140] causing search overtime: "SNAFUMarlin1895"
23:34:01.714 [CE][LootRespawner] (PRIDummy) :: Item [73] is hard to place, performance drops: "QuiltedJacket_Grey"
23:34:01.719 [CE][LootRespawner] (PRIDummy) :: Item [141] causing search overtime: "SNAFUGevar_Suppressor_Tan"
23:34:01.724 [CE][LootRespawner] (PRIDummy) :: Item [142] causing search overtime: "SNAFU_PDW_9mm_Mag"
23:34:01.733 [CE][LootRespawner] (PRIDummy) :: Item [143] causing search overtime: "Snafu_ScarH_25RND_Mag_OD"
23:34:01.736 [CE][LootRespawner] (PRIDummy) :: Item [144] causing search overtime: "SNAFU_FRF2_Mag"
23:34:01.736 [CE][LootRespawner] (PRIDummy) :: Item [145] causing search overtime: "SNAFU_Shotgunchoke_Purple"
23:34:01.741 [CE][LootRespawner] (PRIDummy) :: Item [74] is hard to place, performance drops: "dzn_ghilliesuitwinter"
23:34:01.743 [CE][LootRespawner] (PRIDummy) :: Item [146] causing search overtime: "SNAFU_MP9_30rnd_Mag"
23:34:01.743 [CE][LootRespawner] (PRIDummy) :: Item [147] causing search overtime: "SNAFUAPS_20rdMag"
23:34:01.753 [CE][LootRespawner] (PRIDummy) :: Item [148] causing search overtime: "Snafu_ScarH_25RND_Mag_DKMC"
23:34:01.753 [CE][LootRespawner] (PRIDummy) :: Item [149] causing search overtime: "Ammo_40mm_Explosive"
23:34:01.754 [CE][LootRespawner] (PRIDummy) :: Item [150] causing search overtime: "Ammo_40mm_Explosive"
23:34:01.760 [CE][LootRespawner] (PRIDummy) :: Item [151] causing search overtime: "SNAFU_CMAG60556_Tan"
23:34:01.760 [CE][LootRespawner] (PRIDummy) :: Item [152] causing search overtime: "GCGN_M249_Mag"
23:34:01.771 [CE][LootRespawner] (PRIDummy) :: Item [153] causing search overtime: "SNAFUM98B_Mc_GUN"
23:34:01.771 [CE][LootRespawner] (PRIDummy) :: Item [154] causing search overtime: "SN_USP_Mag"
23:34:01.774 [CE][LootRespawner] (PRIDummy) :: Item [75] is hard to place, performance drops: "DressShoes_Black"
23:34:01.777 [CE][LootRespawner] (PRIDummy) :: Item [155] causing search overtime: "SNAFU_AKEOTech_EXPS3"
23:34:01.777 [CE][LootRespawner] (PRIDummy) :: Item [156] causing search overtime: "SN_Auto_Shotgun"
23:34:01.789  ENTITY    (W): Unknown object class 'pond' (nst\ns\water\lakewater.p3d)
23:34:01.790  ENTITY    (W): Unknown object class 'pond' (nst\ns\water\lakewater.p3d)
23:34:01.790  ENTITY    (W): Unknown object class 'pond' (nst\ns\water\lakewater.p3d)
23:34:01.801 [CE][LootRespawner] (PRIDummy) :: Item [157] causing search overtime: "SNAFUUniversalLight"
23:34:01.810 [CE][LootRespawner] (PRIDummy) :: Item [76] is hard to place, performance drops: "ManSuit_DarkGrey"
23:34:01.811 [CE][LootRespawner] (PRIDummy) :: Item [77] is hard to place, performance drops: "ManSuit_DarkGrey"
23:34:01.813 [CE][LootRespawner] (PRIDummy) :: Item [158] causing search overtime: "SNAFU_FGCR_Grip"
23:34:01.820 [CE][LootRespawner] (PRIDummy) :: Item [159] causing search overtime: "SN_M9"
23:34:01.828 [CE][LootRespawner] (PRIDummy) :: Item [160] causing search overtime: "SN_Springfield"
23:34:01.831 [CE][LootRespawner] (PRIDummy) :: Item [161] causing search overtime: "SNAFURSASS_Mag"
23:34:01.839 [CE][LootRespawner] (PRIDummy) :: Item [162] causing search overtime: "SNAFU_SCQR_Stock"
23:34:01.841 [CE][LootRespawner] (PRIDummy) :: Item [78] is hard to place, performance drops: "QuiltedJacket_Blue"
23:34:01.842 [CE][LootRespawner] (PRIDummy) :: Item [163] causing search overtime: "SN_Auto_Shotgun_Mag"
23:34:01.847 [CE][LootRespawner] (PRIDummy) :: Item [164] causing search overtime: "SNAFU_AWM_Mag"
23:34:01.854  ENTITY    (W): Unknown object class 'pond' (nst\ns\water\lakewater.p3d)
23:34:01.854  ENTITY    (W): Unknown object class 'pond' (nst\ns\water\lakewater.p3d)
23:34:01.859 [CE][LootRespawner] (PRIDummy) :: Item [165] causing search overtime: "SNAFUAR15_AFG"
23:34:01.861 [CE][LootRespawner] (PRIDummy) :: Item [166] causing search overtime: "SNAFUGM6Lynx"
23:34:01.877 [CE][LootRespawner] (PRIDummy) :: Item [79] is hard to place, performance drops: "LeatherSewingKit"
23:34:01.880 [CE][LootRespawner] (PRIDummy) :: Item [167] causing search overtime: "SNAFU_Shotgunchoke_Brown"
23:34:01.887 [CE][LootRespawner] (PRIDummy) :: Item [168] causing search overtime: "SNAFU_BMAG556_Tan"
23:34:01.898 !!! [CE][Point] Removing 4379.224609, 8121.900391 from land_wrecked_ural
23:34:01.898 [CE][LootRespawner] (PRIDummy) :: Item [80] is hard to place, performance drops: "GorkaEJacket_Winter"
23:34:01.899 [CE][LootRespawner] (PRIDummy) :: Item [169] causing search overtime: "SNAFU_MD_Ammo_556x45mm_M855A1"
23:34:01.902 [CE][LootRespawner] (PRIDummy) :: Item [170] causing search overtime: "SNAFU_Saint_Gun"
23:34:01.940 [CE][LootRespawner] (PRIDummy) :: Item [171] causing search overtime: "SNAFUM1A_Tan"
23:34:01.942 [CE][LootRespawner] (PRIDummy) :: Item [172] causing search overtime: "NVGoggles"
23:34:01.942 [CE][LootRespawner] (PRIDummy) :: Item [173] causing search overtime: "NVGoggles"
23:34:01.943 [CE][LootRespawner] (PRIDummy) :: Item [174] causing search overtime: "SNAFU_M200S_BK"
23:34:01.966 [CE][LootRespawner] (PRIDummy) :: Item [175] causing search overtime: "SNAFUM98B_Atac_GUN"
23:34:01.966 [CE][LootRespawner] (PRIDummy) :: Item [176] causing search overtime: "SNAFUAX50_GUN"
23:34:01.968 [CE][LootRespawner] (PRIDummy) :: Item [177] causing search overtime: "SNAFU_M4SS_Stock"
23:34:01.970 [CE][LootRespawner] (PRIDummy) :: Item [81] is hard to place, performance drops: "Hacksaw"
23:34:01.982 [CE][LootRespawner] (PRIDummy) :: Item [178] causing search overtime: "SNAFU_Ammo_300ACC"
23:34:02.12  [CE][LootRespawner] (PRIDummy) :: Item [82] is hard to place, performance drops: "Truck_01_Wheel"
23:34:02.12  [CE][LootRespawner] (PRIDummy) :: Item [179] causing search overtime: "SA58_30RND_DT"
23:34:02.13  [CE][LootRespawner] (PRIDummy) :: Item [180] causing search overtime: "SNAFU_AKTango6T_Black"
23:34:02.15  [CE][LootRespawner] (PRIDummy) :: Item [181] causing search overtime: "SNAFU_Docter"
23:34:02.17  [CE][LootRespawner] (PRIDummy) :: Item [182] causing search overtime: "SNAFURSASS_dkmc_GUN"
23:34:02.18  [CE][LootRespawner] (PRIDummy) :: Item [183] causing search overtime: "GCGN_HK416_Mag"
23:34:02.18  [CE][LootRespawner] (PRIDummy) :: Item [184] causing search overtime: "SNAFU_M1918A2_Mag"
23:34:02.22  [CE][LootRespawner] (PRIDummy) :: Item [83] is hard to place, performance drops: "TShirt_Green"
23:34:02.22  [CE][LootRespawner] (PRIDummy) :: Item [84] is hard to place, performance drops: "TShirt_Green"
23:34:02.24  [CE][LootRespawner] (PRIDummy) :: Item [85] is hard to place, performance drops: "TShirt_Green"
23:34:02.25  [CE][LootRespawner] (PRIDummy) :: Item [185] causing search overtime: "ACR_Gun"
23:34:02.26  [CE][LootRespawner] (PRIDummy) :: Item [186] causing search overtime: "SNAFU_HTrijicon"
23:34:02.40  [CE][LootRespawner] (PRIDummy) :: Item [187] causing search overtime: "KazuarOptic"
23:34:02.41  [CE][LootRespawner] (PRIDummy) :: Item [188] causing search overtime: "KazuarOptic"
23:34:02.41  [CE][LootRespawner] (PRIDummy) :: Item [189] causing search overtime: "KazuarOptic"
23:34:02.41  [CE][LootRespawner] (PRIDummy) :: Item [190] causing search overtime: "SNAFU_Kobra"
23:34:02.44  [CE][LootRespawner] (PRIDummy) :: Item [86] is hard to place, performance drops: "SherpaHat_Black"
23:34:02.44  [CE][LootRespawner] (PRIDummy) :: Item [87] is hard to place, performance drops: "SherpaHat_Black"
23:34:02.46  [CE][LootRespawner] (PRIDummy) :: Item [191] causing search overtime: "SNAFU_ModBipod"
23:34:02.69  [CE][LootRespawner] (PRIDummy) :: Item [192] causing search overtime: "SNAFU_SKS_30Rnd_Mag"
23:34:02.69  [CE][LootRespawner] (PRIDummy) :: Item [193] causing search overtime: "SNAFU_CMAG40300_Black"
23:34:02.71  [CE][LootRespawner] (PRIDummy) :: Item [194] causing search overtime: "SNAFU_SR3Vikhr_Mag"
23:34:02.72  [CE][LootRespawner] (PRIDummy) :: Item [88] is hard to place, performance drops: "QuiltedJacket_Violet"
23:34:02.75  [CE][LootRespawner] (PRIDummy) :: Item [195] causing search overtime: "BloodTestKit"
23:34:02.77  [CE][LootRespawner] (PRIDummy) :: Item [196] causing search overtime: "BloodTestKit"
23:34:02.79  [CE][LootRespawner] (PRIDummy) :: Item [197] causing search overtime: "BloodTestKit"
23:34:02.88  [CE][LootRespawner] (PRIDummy) :: Item [89] is hard to place, performance drops: "Iceaxe"
23:34:02.88  [CE][LootRespawner] (PRIDummy) :: Item [90] is hard to place, performance drops: "Iceaxe"
23:34:02.89  [CE][LootRespawner] (PRIDummy) :: Item [91] is hard to place, performance drops: "Iceaxe"
23:34:02.92  [CE][LootRespawner] (PRIDummy) :: Item [92] is hard to place, performance drops: "Iceaxe"
23:34:02.92  [CE][LootRespawner] (PRIDummy) :: Item [93] is hard to place, performance drops: "Iceaxe"
23:34:02.93  [CE][LootRespawner] (PRIDummy) :: Item [94] is hard to place, performance drops: "Iceaxe"
23:34:02.98  [CE][LootRespawner] (PRIDummy) :: Item [198] causing search overtime: "SNAFU_Ammo_5_7x28mm"
23:34:02.105 [CE][LootRespawner] (PRIDummy) :: Item [199] causing search overtime: "SNAFUUzi"
23:34:02.152 [CE][LootRespawner] (PRIDummy) :: Item [95] is hard to place, performance drops: "HuntingVest_Winter"
23:34:02.152 [CE][LootRespawner] (PRIDummy) :: Item [96] is hard to place, performance drops: "HuntingVest_Winter"
23:34:02.155 [CE][LootRespawner] (PRIDummy) :: Item [200] causing search overtime: "SNAFUAR15_SPR_60RND_Mag"
23:34:02.171 [CE][LootRespawner] (PRIDummy) :: Item [97] is hard to place, performance drops: "dzn_ghilliebushragtandark"
23:34:02.171 [CE][LootRespawner] (PRIDummy) :: Item [201] causing search overtime: "SNAFU_MWalther"
23:34:02.174 [CE][LootRespawner] (PRIDummy) :: Item [202] causing search overtime: "SNAFUM96"
23:34:02.178 [CE][LootRespawner] (PRIDummy) :: Item [98] is hard to place, performance drops: "TrackSuitPants_Black"
23:34:02.178 [CE][LootRespawner] (PRIDummy) :: Item [99] is hard to place, performance drops: "TrackSuitPants_Black"
23:34:02.178 [CE][LootRespawner] (PRIDummy) :: Item [100] is hard to place, performance drops: "TrackSuitPants_Black"
23:34:02.178 [CE][LootRespawner] (PRIDummy) :: Item [101] is hard to place, performance drops: "TrackSuitPants_Black"
23:34:02.184 [CE][LootRespawner] (PRIDummy) :: Item [203] causing search overtime: "GCGN_M1Garand_Supp"
23:34:02.187 [CE][LootRespawner] (PRIDummy) :: Item [204] causing search overtime: "SNAFU_TACGripColtA2_Tan"
23:34:02.188 [CE][LootRespawner] (PRIDummy) :: Item [205] causing search overtime: "AA12_Mag"
23:34:02.188 [CE][LootRespawner] (PRIDummy) :: Item [206] causing search overtime: "Snafu_ScarH_DKMC_GUN"
23:34:02.188 [CE][LootRespawner] (PRIDummy) :: Item [207] causing search overtime: "SG550_Mag"
23:34:02.198 [CE][LootRespawner] (PRIDummy) :: Item [208] causing search overtime: "SNAFU_M200SNOW"
23:34:02.204 [CE][LootRespawner] (PRIDummy) :: Item [209] causing search overtime: "SNAFU_AK12_Mag"
23:34:02.213  ENTITY    (W): Unknown object class 'pond' (nst\ns\water\lakewater.p3d)
23:34:02.213  ENTITY    (W): Unknown object class 'pond' (nst\ns\water\lakewater.p3d)
23:34:02.214  ENTITY    (W): Unknown object class 'pond' (nst\ns\water\lakewater.p3d)
23:34:02.218 [CE][LootRespawner] (PRIDummy) :: Item [210] causing search overtime: "GCGN_M82_Barret"
23:34:02.225 [CE][LootRespawner] (PRIDummy) :: Item [211] causing search overtime: "SNAFU_LNormalized_Suppressor_Green"
23:34:02.240 [CE][LootRespawner] (PRIDummy) :: Item [212] causing search overtime: "SNAFU_MTango6T_Snow"
23:34:02.297 [CE][LootRespawner] (PRIDummy) :: Item [213] causing search overtime: "SNAFU_M200S_Snow"
23:34:02.303 [CE][LootRespawner] (PRIDummy) :: Item [214] causing search overtime: "SNAFUSRSA2_10rdMag"
23:34:02.304 [CE][LootRespawner] (PRIDummy) :: Item [215] causing search overtime: "SNAFU_MNightforce"
23:34:02.308 [CE][LootRespawner] (PRIDummy) :: Item [102] is hard to place, performance drops: "PoliceVest"
23:34:02.308 [CE][LootRespawner] (PRIDummy) :: Item [103] is hard to place, performance drops: "PoliceVest"
23:34:02.308 [CE][LootRespawner] (PRIDummy) :: Item [104] is hard to place, performance drops: "PoliceVest"
23:34:02.308 [CE][LootRespawner] (PRIDummy) :: Item [105] is hard to place, performance drops: "PoliceVest"
23:34:02.308 [CE][LootRespawner] (PRIDummy) :: Item [106] is hard to place, performance drops: "PoliceVest"
23:34:02.309 [CE][LootRespawner] (PRIDummy) :: Item [107] is hard to place, performance drops: "PoliceVest"
23:34:02.315 [CE][LootRespawner] (PRIDummy) :: Item [216] causing search overtime: "SNAFU_Shotgunchoke_Black"
23:34:02.329 [CE][LootRespawner] (PRIDummy) :: Item [217] causing search overtime: "GCGN_M200_Tan"
23:34:02.337 [CE][LootRespawner] (PRIDummy) :: Item [218] causing search overtime: "SNAFUT5000_Snow_GUN"
23:34:02.348 [CE][LootRespawner] (PRIDummy) :: Item [219] causing search overtime: "SNAFU_HElcan"
23:34:02.351 [CE][LootRespawner] (PRIDummy) :: Item [220] causing search overtime: "Mag_FAL_20Rnd"
23:34:02.352 [CE][LootRespawner] (PRIDummy) :: Item [221] causing search overtime: "Mag_FAL_20Rnd"
23:34:02.353 [CE][LootRespawner] (PRIDummy) :: Item [222] causing search overtime: "Mag_FAL_20Rnd"
23:34:02.356 [CE][LootRespawner] (PRIDummy) :: Item [223] causing search overtime: "SNAFUSten"
23:34:02.393 [CE][LootRespawner] (PRIDummy) :: Item [224] causing search overtime: "SNAFUGevar_10rdMag"
23:34:02.402 [CE][LootRespawner] (PRIDummy) :: Item [225] causing search overtime: "SNAFU_Standardized_Suppressor_Black"
23:34:02.412 [CE][LootRespawner] (PRIDummy) :: Item [226] causing search overtime: "SNAFU_U100"
23:34:02.422 [CE][LootRespawner] (PRIDummy) :: Item [227] causing search overtime: "SurgicalMask"
23:34:02.423 [CE][LootRespawner] (PRIDummy) :: Item [228] causing search overtime: "SNAFUP90"
23:34:02.423 [CE][LootRespawner] (PRIDummy) :: Item [229] causing search overtime: "GCGN_M1Garand"
23:34:02.442 [CE][LootRespawner] (PRIDummy) :: Item [230] causing search overtime: "Mag_FAMAS_25Rnd"
23:34:02.443 [CE][LootRespawner] (PRIDummy) :: Item [231] causing search overtime: "Mag_FAMAS_25Rnd"
23:34:02.443 [CE][LootRespawner] (PRIDummy) :: Item [232] causing search overtime: "Mag_FAMAS_25Rnd"
23:34:02.443 [CE][LootRespawner] (PRIDummy) :: Item [233] causing search overtime: "SNAFU_CMAG30300_Black"
23:34:02.521 [CE][LootRespawner] (PRIDummy) :: Item [234] causing search overtime: "SNAFUHoneyBadger_30rdMag_Black"
23:34:02.528 [CE][LootRespawner] (PRIDummy) :: Item [235] causing search overtime: "SNAFUFAMAS"
23:34:02.528 [CE][LootRespawner] (PRIDummy) :: Item [236] causing search overtime: "SR3_Vikhr_Mag"
23:34:02.537 [CE][LootRespawner] (PRIDummy) :: Item [237] causing search overtime: "SNAFU_MPX_GUN"
23:34:02.590 [CE][LootRespawner] (PRIDummy) :: Item [238] causing search overtime: "SNAFUSR3_Vikhr"
23:34:02.592 [CE][LootRespawner] (PRIDummy) :: Item [239] causing search overtime: "dzn_detector"
23:34:02.665 [CE][LootRespawner] (PRIDummy) :: Item [240] causing search overtime: "GCGN_M700_Mag"
23:34:02.665 [CE][LootRespawner] (PRIDummy) :: Item [241] causing search overtime: "SNAFU_AS50_Mag"
23:34:02.665 [CE][LootRespawner] (PRIDummy) :: Item [108] is hard to place, performance drops: "Blouse_White"
23:34:02.669 [CE][LootRespawner] (PRIDummy) :: Item [242] causing search overtime: "SNAFU_Ammo_338"
23:34:02.678 [CE][LootRespawner] (PRIDummy) :: Item [243] causing search overtime: "dzn_netanyas_log"
23:34:02.693 [CE][LootRespawner] (PRIDummy) :: Item [109] is hard to place, performance drops: "DenimJacket"
23:34:02.709 [CE][LootRespawner] (PRIDummy) :: Item [244] causing search overtime: "SNAFU_M4300AC_16_GUN"
23:34:02.709 [CE][LootRespawner] (PRIDummy) :: Item [245] causing search overtime: "SNAFUGevar_Suppressor_Green"
23:34:02.748 [CE][LootRespawner] (PRIDummy) :: Item [110] is hard to place, performance drops: "CamoNet"
23:34:02.758 [CE][LootRespawner] (PRIDummy) :: Item [111] is hard to place, performance drops: "CamoNet"
23:34:02.759 [CE][LootRespawner] (PRIDummy) :: Item [246] causing search overtime: "SNAFU_Kahles"
23:34:02.764 [CE][LootRespawner] (PRIDummy) :: Item [247] causing search overtime: "SNAFU_MElcan"
23:34:02.764 [CE][LootRespawner] (PRIDummy) :: Item [248] causing search overtime: "SNAFU_Leupold_Mark8"
23:34:02.764 [CE][LootRespawner] (PRIDummy) :: Item [249] causing search overtime: "Mag_STANAG_30Rnd"
23:34:02.764 [CE][LootRespawner] (PRIDummy) :: Item [250] causing search overtime: "Mag_STANAG_30Rnd"
23:34:02.764 [CE][LootRespawner] (PRIDummy) :: Item [251] causing search overtime: "Mag_STANAG_30Rnd"
23:34:02.764 [CE][LootRespawner] (PRIDummy) :: Item [252] causing search overtime: "Mag_STANAG_30Rnd"
23:34:02.764 [CE][LootRespawner] (PRIDummy) :: Item [253] causing search overtime: "VR80_Magazine_5rd"
23:34:02.764 [CE][LootRespawner] (PRIDummy) :: Item [254] causing search overtime: "SNAFU_Trijicon_Docter"
23:34:02.766 [CE][LootRespawner] (PRIDummy) :: Item [255] causing search overtime: "SNAFU_SKS"
23:34:02.766 [CE][LootRespawner] (PRIDummy) :: Item [256] causing search overtime: "SN_M9_Mag"
23:34:02.782 [CE][LootRespawner] (PRIDummy) :: Item [257] causing search overtime: "SNAFU_HTrijicon_Docter"
23:34:02.783 [CE][LootRespawner] (PRIDummy) :: Item [258] causing search overtime: "SNAFU_NPKPBIPOD"
23:34:02.785  PHYSICS   (W): While attempting to remove proxy physics for the selection 'codelock', the corresponding bone could not be found in the shape 'dz\gear\camping\mediumtent.p3d'
23:34:02.786  PHYSICS   (W): While attempting to remove proxy physics for the selection 'codelock', the corresponding bone could not be found in the shape 'dz\gear\camping\mediumtent.p3d'
23:34:02.788  PHYSICS   (W): While attempting to remove proxy physics for the selection 'codelock', the corresponding bone could not be found in the shape 'dz\gear\camping\mediumtent.p3d'
23:34:02.788  PHYSICS   (W): While attempting to remove proxy physics for the selection 'codelock', the corresponding bone could not be found in the shape 'dz\gear\camping\mediumtent.p3d'
23:34:02.790  PHYSICS   (W): While attempting to remove proxy physics for the selection 'codelock', the corresponding bone could not be found in the shape 'dz\gear\camping\mediumtent.p3d'
23:34:02.798 [CE][LootRespawner] (PRIDummy) :: Item [112] is hard to place, performance drops: "Pickaxe"
23:34:02.804 [CE][LootRespawner] (PRIDummy) :: Item [259] causing search overtime: "SNAFU_HG625"
23:34:02.811 [CE][LootRespawner] (PRIDummy) :: Item [113] is hard to place, performance drops: "Hatchback_02_Wheel"
23:34:02.819 [CE][LootRespawner] (PRIDummy) :: Item [114] is hard to place, performance drops: "Hatchback_02_Wheel"
23:34:02.819 [CE][LootRespawner] (PRIDummy) :: Item [115] is hard to place, performance drops: "Hatchback_02_Wheel"
23:34:02.821 [CE][LootRespawner] (PRIDummy) :: Item [260] causing search overtime: "SNAFU_MK10"
23:34:02.821 [CE][LootRespawner] (PRIDummy) :: Item [261] causing search overtime: "SNAFU_MK13"
23:34:02.822 [CE][LootRespawner] (PRIDummy) :: Item [262] causing search overtime: "SNAFU_MK15"
23:34:02.829 [CE][LootRespawner] (PRIDummy) :: Item [263] causing search overtime: "SNAFU_HWalther"
23:34:02.829 [CE][LootRespawner] (PRIDummy) :: Item [264] causing search overtime: "SNAFU_Tango6T_Tan"
23:34:02.829 [CE][LootRespawner] (PRIDummy) :: Item [265] causing search overtime: "SNAFU_AR15SPRBK"
23:34:02.834 [CE][LootRespawner] (PRIDummy) :: Item [266] causing search overtime: "SNAFU_Ammo_145Cal"
23:34:02.834 [CE][LootRespawner] (PRIDummy) :: Item [267] causing search overtime: "SNAFU_MHuntingOptic"
23:34:02.834 [CE][LootRespawner] (PRIDummy) :: Item [268] causing search overtime: "SNAFU_AEK545_Gun"
23:34:02.834 [CE][LootRespawner] (PRIDummy) :: Item [269] causing search overtime: "SNAFU_TACGripColtA2_BK"
23:34:02.839 [CE][LootRespawner] (PRIDummy) :: Item [270] causing search overtime: "SNAFU_PEQ1_Laser"
23:34:02.839 [CE][LootRespawner] (PRIDummy) :: Item [271] causing search overtime: "GCGN_Ammo_408Chey"
23:34:02.840 [CE][LootRespawner] (PRIDummy) :: Item [272] causing search overtime: "SNAFU_M300TAN"
23:34:02.842 [CE][LootRespawner] (PRIDummy) :: Item [273] causing search overtime: "GCGN_Vityaz"
23:34:02.850 [CE][LootRespawner] (PRIDummy) :: Item [274] causing search overtime: "SNAFUM98B_Wood_GUN"
23:34:02.855 [CE][LootRespawner] (PRIDummy) :: Item [275] causing search overtime: "SNAFU_Ammo_762x25"
23:34:02.860 [CE][LootRespawner] (PRIDummy) :: Item [276] causing search overtime: "IA2_Gun"
23:34:02.864 [CE][LootRespawner] (PRIDummy) :: Item [277] causing search overtime: "TetracyclineAntibiotics"
23:34:02.868 [CE][LootRespawner] (PRIDummy) :: Item [278] causing search overtime: "TetracyclineAntibiotics"
23:34:02.870 [CE][LootRespawner] (PRIDummy) :: Item [279] causing search overtime: "SNAFUSRSA2"
23:34:02.870 [CE][LootRespawner] (PRIDummy) :: Item [280] causing search overtime: "SNAFU_WSR3Stock"
23:34:02.875 [CE][LootRespawner] (PRIDummy) :: Item [116] is hard to place, performance drops: "HuntingJacket_Brown"
23:34:02.880 [CE][LootRespawner] (PRIDummy) :: Item [117] is hard to place, performance drops: "SlingBag_Black"
23:34:02.904 [CE][LootRespawner] (PRIDummy) :: Item [281] causing search overtime: "SNAFU_TACGripColtA2_OD"
23:34:02.908 [CE][LootRespawner] (PRIDummy) :: Item [282] causing search overtime: "Modified_SA58_30RND_WBK"
23:34:02.988 [CE][LootRespawner] (PRIDummy) :: Item [283] causing search overtime: "SNAFU_MOE_Stock"
23:34:02.988 [CE][LootRespawner] (PRIDummy) :: Item [284] causing search overtime: "SNAFU_MK47_Stock"
23:34:02.988 [CE][LootRespawner] (PRIDummy) :: Item [285] causing search overtime: "SNAFUAPS"
23:34:02.988 [CE][LootRespawner] (PRIDummy) :: Item [286] causing search overtime: "M4A1"
23:34:02.989 [CE][LootRespawner] (PRIDummy) :: Item [287] causing search overtime: "Snafu_ScarH_OD_GUN"
23:34:02.989 [CE][LootRespawner] (PRIDummy) :: Item [288] causing search overtime: "SNAFU_Trijicon"
23:34:02.989 [CE][LootRespawner] (PRIDummy) :: Item [289] causing search overtime: "SNAFUAR15_SPR_SIL"
23:34:02.992 [CE][LootRespawner] (PRIDummy) :: Item [290] causing search overtime: "SNAFUAUG"
23:34:02.995 [CE][LootRespawner] (PRIDummy) :: Item [291] causing search overtime: "SNAFU_M4300AC_10_GUN"
23:34:03.00  [CE][LootRespawner] (PRIDummy) :: Item [292] causing search overtime: "SNAFU_AKElcan"
23:34:03.02  [CE][LootRespawner] (PRIDummy) :: Item [293] causing search overtime: "SNAFU_RPK16_Green"
23:34:03.08  [CE][LootRespawner] (PRIDummy) :: Item [294] causing search overtime: "SNAFUAUG_30rdMag"
23:34:03.08  [CE][LootRespawner] (PRIDummy) :: Item [295] causing search overtime: "SNAFU_EOTech_EXPS3"
23:34:03.10  [CE][LootRespawner] (PRIDummy) :: Item [296] causing search overtime: "Mag_Vikhr_30Rnd"
23:34:03.10  [CE][LootRespawner] (PRIDummy) :: Item [297] causing search overtime: "Mag_Vikhr_30Rnd"
23:34:03.10  [CE][LootRespawner] (PRIDummy) :: Item [298] causing search overtime: "SNAFU_CMAG60300_Tan"
23:34:03.10  [CE][LootRespawner] (PRIDummy) :: Item [299] causing search overtime: "SNAFUM98B_Snow_GUN"
23:34:03.10  [CE][LootRespawner] (PRIDummy) :: Item [300] causing search overtime: "SNAFUGevar_Green"
23:34:03.10  [CE][LootRespawner] (PRIDummy) :: Item [301] causing search overtime: "SNAFUSten_32rdMag"
23:34:03.10  [CE][LootRespawner] (PRIDummy) :: Item [302] causing search overtime: "SNAFU_PL14HQP_Mag"
23:34:03.10  [CE][LootRespawner] (PRIDummy) :: Item [303] causing search overtime: "SNAFU_Saint_Mag"
23:34:03.18  [CE][LootRespawner] (PRIDummy) :: Item [304] causing search overtime: "ChickenFeather"
23:34:03.22  [CE][LootRespawner] (PRIDummy) :: Item [305] causing search overtime: "ChickenFeather"
23:34:03.44  [CE][LootRespawner] (PRIDummy) :: Item [306] causing search overtime: "SNAFU_HeramuzzelF"
23:34:03.45   WORLD        : Create entity type 'BaseRadio'
23:34:03.45    ENTITY    (E): Type 'Inventory_BaseType' must be inherited from class 'ItemTransmitterType'
23:34:03.63  [CE][LootRespawner] (PRIDummy) :: Item [307] causing search overtime: "SNAFUAX50_Mag"
23:34:03.64  [CE][LootRespawner] (PRIDummy) :: Item [308] causing search overtime: "SNSA58_Gun"
23:34:03.87  [CE][LootRespawner] (PRIDummy) :: Item [118] is hard to place, performance drops: "Repeater"
23:34:03.101 [CE][LootRespawner] (PRIDummy) :: Item [309] causing search overtime: "SNAFUPPSh_71rdMag"
23:34:03.114 [CE][LootRespawner] (PRIDummy) :: Item [310] causing search overtime: "SNAFU_Agram_Suppressor_Black"
23:34:03.117 [CE][LootRespawner] (PRIDummy) :: Item [311] causing search overtime: "SNAFUKivaari_Snow_GUN"
23:34:03.118 [CE][LootRespawner] (PRIDummy) :: Item [312] causing search overtime: "SNAFURSASS_od_GUN"
23:34:03.118 [CE][LootRespawner] (PRIDummy) :: Item [313] causing search overtime: "SNAFU_AR15SPRTAN"
23:34:03.118 [CE][LootRespawner] (PRIDummy) :: Item [314] causing search overtime: "SNAFU_Ammo_46x30"
23:34:03.123 [CE][LootRespawner] (PRIDummy) :: Item [315] causing search overtime: "SNAFU_ADAR_Modular16_GUN"
23:34:03.123 [CE][LootRespawner] (PRIDummy) :: Item [316] causing search overtime: "SNAFUAlligator_5rdMag"
23:34:03.124 [CE][LootRespawner] (PRIDummy) :: Item [317] causing search overtime: "SNAFUT5000_Mag"
23:34:03.125 [CE][LootRespawner] (PRIDummy) :: Item [318] causing search overtime: "SNAFU_Elcan"
23:34:03.132 [CE][LootRespawner] (PRIDummy) :: Item [319] causing search overtime: "SNAFU_PistolGripColtA2"
23:34:03.157 [CE][LootRespawner] (PRIDummy) :: Item [119] is hard to place, performance drops: "Flag_Bear"
23:34:03.161  PHYSICS   (W): While attempting to remove proxy physics for the selection 'codelock', the corresponding bone could not be found in the shape 'dz\gear\camping\largetent.p3d'
23:34:03.163  PHYSICS   (W): While attempting to remove proxy physics for the selection 'codelock', the corresponding bone could not be found in the shape 'dz\gear\camping\largetent.p3d'
23:34:03.167  PHYSICS   (W): While attempting to remove proxy physics for the selection 'codelock', the corresponding bone could not be found in the shape 'dz\gear\camping\largetent.p3d'
23:34:03.172  PHYSICS   (W): While attempting to remove proxy physics for the selection 'codelock', the corresponding bone could not be found in the shape 'dz\gear\camping\largetent.p3d'
23:34:03.175  PHYSICS   (W): While attempting to remove proxy physics for the selection 'codelock', the corresponding bone could not be found in the shape 'dz\gear\camping\largetent.p3d'
23:34:03.178  PHYSICS   (W): While attempting to remove proxy physics for the selection 'codelock', the corresponding bone could not be found in the shape 'dz\gear\camping\largetent.p3d'
23:34:03.180 [CE][LootRespawner] (PRIDummy) :: Item [320] causing search overtime: "SNAFU_SR3HG"
23:34:03.184 [CE][LootRespawner] (PRIDummy) :: Item [321] causing search overtime: "HK416_Gun"
23:34:03.188 [CE][LootRespawner] (PRIDummy) :: Item [322] causing search overtime: "SNAFU_MK47Muzzel"
23:34:03.188 [CE][LootRespawner] (PRIDummy) :: Item [323] causing search overtime: "SNAFUSA80"
23:34:03.188 [CE][LootRespawner] (PRIDummy) :: Item [324] causing search overtime: "GCGN_M84_Optic"
23:34:03.188 [CE][LootRespawner] (PRIDummy) :: Item [325] causing search overtime: "SNAFUM1A_Green"
23:34:03.190 [CE][LootRespawner] (PRIDummy) :: Item [120] is hard to place, performance drops: "CombinationLock"
23:34:03.193 [CE][LootRespawner] (PRIDummy) :: Item [326] causing search overtime: "SNAFU_Kabar"
23:34:03.200 [CE][LootRespawner] (PRIDummy) :: Item [121] is hard to place, performance drops: "Balaclava3Holes_Blue"
23:34:03.205 [CE][LootRespawner] (PRIDummy) :: Item [327] causing search overtime: "Tec9_Gun"
23:34:03.205 [CE][LootRespawner] (PRIDummy) :: Item [328] causing search overtime: "SNAFU_Shotgunchoke_Yellow"
23:34:03.212 [CE][LootRespawner] (PRIDummy) :: Item [122] is hard to place, performance drops: "BearTrap"
23:34:03.212 [CE][LootRespawner] (PRIDummy) :: Item [329] causing search overtime: "BearTrap"
23:34:03.212 [CE][LootRespawner] (PRIDummy) :: Item [123] is hard to place, performance drops: "BearTrap"
23:34:03.213 [CE][LootRespawner] (PRIDummy) :: Item [330] causing search overtime: "BearTrap"
23:34:03.214 [CE][LootRespawner] (PRIDummy) :: Item [124] is hard to place, performance drops: "BearTrap"
23:34:03.214 [CE][LootRespawner] (PRIDummy) :: Item [331] causing search overtime: "BearTrap"
23:34:03.215 [CE][LootRespawner] (PRIDummy) :: Item [125] is hard to place, performance drops: "BearTrap"
23:34:03.215 [CE][LootRespawner] (PRIDummy) :: Item [332] causing search overtime: "BearTrap"
23:34:03.215 [CE][LootRespawner] (PRIDummy) :: Item [126] is hard to place, performance drops: "BearTrap"
23:34:03.216 [CE][LootRespawner] (PRIDummy) :: Item [333] causing search overtime: "BearTrap"
23:34:03.216 [CE][LootRespawner] (PRIDummy) :: Item [127] is hard to place, performance drops: "BearTrap"
23:34:03.216 [CE][LootRespawner] (PRIDummy) :: Item [334] causing search overtime: "BearTrap"
23:34:03.216 [CE][LootRespawner] (PRIDummy) :: Item [128] is hard to place, performance drops: "BearTrap"
23:34:03.216 [CE][LootRespawner] (PRIDummy) :: Item [335] causing search overtime: "BearTrap"
23:34:03.216 [CE][LootRespawner] (PRIDummy) :: Item [129] is hard to place, performance drops: "BearTrap"
23:34:03.216 [CE][LootRespawner] (PRIDummy) :: Item [336] causing search overtime: "BearTrap"
23:34:03.216 [CE][LootRespawner] (PRIDummy) :: Item [130] is hard to place, performance drops: "BearTrap"
23:34:03.216 [CE][LootRespawner] (PRIDummy) :: Item [337] causing search overtime: "BearTrap"
23:34:03.216 [CE][LootRespawner] (PRIDummy) :: Item [131] is hard to place, performance drops: "BearTrap"
23:34:03.216 [CE][LootRespawner] (PRIDummy) :: Item [338] causing search overtime: "BearTrap"
23:34:03.216 [CE][LootRespawner] (PRIDummy) :: Item [132] is hard to place, performance drops: "BearTrap"
23:34:03.216 [CE][LootRespawner] (PRIDummy) :: Item [339] causing search overtime: "BearTrap"
23:34:03.216 [CE][LootRespawner] (PRIDummy) :: Item [133] is hard to place, performance drops: "BearTrap"
23:34:03.216 [CE][LootRespawner] (PRIDummy) :: Item [340] causing search overtime: "BearTrap"
23:34:03.216 [CE][LootRespawner] (PRIDummy) :: Item [341] causing search overtime: "GCGN_Ammo_762x51"
23:34:03.217 [CE][LootRespawner] (PRIDummy) :: Item [342] causing search overtime: "SNAFU_AFG_02_Tan"
23:34:03.219 [CE][LootRespawner] (PRIDummy) :: Item [343] causing search overtime: "SNAFU_VSSKbipod"
23:34:03.220 [CE][LootRespawner] (PRIDummy) :: Item [344] causing search overtime: "SNAFUKivaari_25rdMag"
23:34:03.226 [CE][LootRespawner] (PRIDummy) :: Item [345] causing search overtime: "dzn_platecarriervest_nac"
23:34:03.227 [CE][LootRespawner] (PRIDummy) :: Item [346] causing search overtime: "SNAFUAR15_SPR_SQSIL"
23:34:03.227 [CE][LootRespawner] (PRIDummy) :: Item [347] causing search overtime: "SNAFU_LStandardized_Suppressor_Black"
23:34:03.236 [CE][LootRespawner] (PRIDummy) :: Item [348] causing search overtime: "SNAFU_HAimpoint_M5"
23:34:03.244 [CE][LootRespawner] (PRIDummy) :: Item [349] causing search overtime: "SNAFU_Shotgunchoke_Red"
23:34:03.244 [CE][LootRespawner] (PRIDummy) :: Item [350] causing search overtime: "SNAFU_Saint556_Gun"
23:34:03.254 [CE][LootRespawner] (PRIDummy) :: Item [351] causing search overtime: "SNAFU_Tango6T_Black"
23:34:03.254 [CE][LootRespawner] (PRIDummy) :: Item [352] causing search overtime: "VR80_Gun"
23:34:03.268 [CE][LootRespawner] (PRIDummy) :: Item [134] is hard to place, performance drops: "TTsKOJacket_Camo"
23:34:03.273 [CE][LootRespawner] (PRIDummy) :: Item [353] causing search overtime: "dzn_platecarrierholster_nac"
23:34:03.274 [CE][LootRespawner] (PRIDummy) :: Item [354] causing search overtime: "SNAFU_AWM_GUN"
23:34:03.355 [CE][LootRespawner] (PRIDummy) :: Item [355] causing search overtime: "GCGN_Mag_FAL_50Rnd"
23:34:03.356 [CE][LootRespawner] (PRIDummy) :: Item [356] causing search overtime: "FarmingHoe"
23:34:03.356 [CE][LootRespawner] (PRIDummy) :: Item [357] causing search overtime: "FarmingHoe"
23:34:03.356 [CE][LootRespawner] (PRIDummy) :: Item [358] causing search overtime: "FarmingHoe"
23:34:03.357 [CE][LootRespawner] (PRIDummy) :: Item [359] causing search overtime: "FarmingHoe"
23:34:03.357 [CE][LootRespawner] (PRIDummy) :: Item [360] causing search overtime: "FarmingHoe"
23:34:03.358 [CE][LootRespawner] (PRIDummy) :: Item [361] causing search overtime: "FarmingHoe"
23:34:03.358 [CE][LootRespawner] (PRIDummy) :: Item [362] causing search overtime: "FarmingHoe"
23:34:03.358 [CE][LootRespawner] (PRIDummy) :: Item [363] causing search overtime: "FarmingHoe"
23:34:03.359 [CE][LootRespawner] (PRIDummy) :: Item [364] causing search overtime: "GCGN_Ammo_50Cal"
23:34:03.359 [CE][LootRespawner] (PRIDummy) :: Item [365] causing search overtime: "SNAFU_PL14HQP"
23:34:03.359 [CE][LootRespawner] (PRIDummy) :: Item [366] causing search overtime: "SNAFU_MTrijicon_Docter"
23:34:03.362 [CE][LootRespawner] (PRIDummy) :: Item [367] causing search overtime: "MK18_Gun"
23:34:03.362 [CE][LootRespawner] (PRIDummy) :: Item [368] causing search overtime: "SNAFU_AK19_Stock"
23:34:03.369 [CE][LootRespawner] (PRIDummy) :: Item [369] causing search overtime: "Mag_SVD_10Rnd"
23:34:03.369 [CE][LootRespawner] (PRIDummy) :: Item [370] causing search overtime: "Mag_SVD_10Rnd"
23:34:03.369 [CE][LootRespawner] (PRIDummy) :: Item [371] causing search overtime: "Mag_SVD_10Rnd"
23:34:03.369 [CE][LootRespawner] (PRIDummy) :: Item [372] causing search overtime: "Mag_SVD_10Rnd"
23:34:03.373 [CE][LootRespawner] (PRIDummy) :: Item [135] is hard to place, performance drops: "Blouse_Green"
23:34:03.375 [CE][LootRespawner] (PRIDummy) :: Item [373] causing search overtime: "dzn_blueprint_lehs"
23:34:03.375 [CE][LootRespawner] (PRIDummy) :: Item [136] is hard to place, performance drops: "SnowstormUshanka_Brown"
23:34:03.407 [CE][LootRespawner] (PRIDummy) :: Item [374] causing search overtime: "SNAFU_MTango6T_Wood"
23:34:03.407 [CE][LootRespawner] (PRIDummy) :: Item [375] causing search overtime: "SNAFU_SR3Vikhr_Supp"
23:34:03.432 [CE][LootRespawner] (PRIDummy) :: Item [376] causing search overtime: "SNAFU_AFG_02_Black"
23:34:03.435 [CE][LootRespawner] (PRIDummy) :: Item [377] causing search overtime: "SNAFU_SR25_Mag"
23:34:03.462 [CE][LootRespawner] (PRIDummy) :: Item [137] is hard to place, performance drops: "GorkaEJacket_PautRev"
23:34:03.471 [CE][LootRespawner] (PRIDummy) :: Item [138] is hard to place, performance drops: "Screwdriver"
23:34:03.478 [CE][LootRespawner] (PRIDummy) :: Item [378] causing search overtime: "SNAFU_Aimpoint_ACO"
23:34:03.508 [CE][LootRespawner] (PRIDummy) :: Item [379] causing search overtime: "SNAFUPPSh"
23:34:03.508 [CE][LootRespawner] (PRIDummy) :: Item [380] causing search overtime: "dzn_athena3_october"
23:34:03.517 [CE][LootRespawner] (PRIDummy) :: Item [381] causing search overtime: "SNAFUAR15_SPR_Tan_GUN"
23:34:03.524 [CE][LootRespawner] (PRIDummy) :: Item [382] causing search overtime: "Mag_Aug_30Rnd"
23:34:03.524 [CE][LootRespawner] (PRIDummy) :: Item [383] causing search overtime: "Mag_Aug_30Rnd"
23:34:03.524 [CE][LootRespawner] (PRIDummy) :: Item [384] causing search overtime: "Mag_Aug_30Rnd"
23:34:03.525 [CE][LootRespawner] (PRIDummy) :: Item [385] causing search overtime: "SA58_FGrip"
23:34:03.529 [CE][LootRespawner] (PRIDummy) :: Item [386] causing search overtime: "SNAFU_PRSGen3_Stock"
23:34:03.543 [CE][LootRespawner] (PRIDummy) :: Item [387] causing search overtime: "SNAFU_Trenchgun"
23:34:03.559 [CE][LootRespawner] (PRIDummy) :: Item [388] causing search overtime: "SNAFU_M249Bipod"
23:34:03.563 [CE][LootRespawner] (PRIDummy) :: Item [139] is hard to place, performance drops: "HandSaw"
23:34:03.572 [CE][LootRespawner] (PRIDummy) :: Item [389] causing search overtime: "SNAFU_AK103_Mag"
23:34:03.587 [CE][LootRespawner] (PRIDummy) :: Item [390] causing search overtime: "SNAFUPPSKN_30rdMag"
23:34:03.587 [CE][LootRespawner] (PRIDummy) :: Item [391] causing search overtime: "SNAFUHoneyBadger_30rdMag_Tan"
23:34:03.591 [CE][LootRespawner] (PRIDummy) :: Item [392] causing search overtime: "SNAFU_M4300AC_14DV_GUN"
23:34:03.591 [CE][LootRespawner] (PRIDummy) :: Item [393] causing search overtime: "SNAFUTAR21_Tan"
23:34:03.592 [CE][LootRespawner] (PRIDummy) :: Item [394] causing search overtime: "SNAFU_HGGS"
23:34:03.592 [CE][LootRespawner] (PRIDummy) :: Item [395] causing search overtime: "SNAFUKivaari_338_Supp"
23:34:03.594 [CE][LootRespawner] (PRIDummy) :: Item [396] causing search overtime: "Mag_Saiga_Drum20Rnd"
23:34:03.595 [CE][LootRespawner] (PRIDummy) :: Item [397] causing search overtime: "Mag_Saiga_Drum20Rnd"
23:34:03.614 [CE][LootRespawner] (PRIDummy) :: Item [398] causing search overtime: "SNAFUGevar_Grey"
23:34:03.617 [CE][LootRespawner] (PRIDummy) :: Item [399] causing search overtime: "SNAFU_SADAR_Stock"
23:34:03.619 [CE][LootRespawner] (PRIDummy) :: Item [400] causing search overtime: "SNAFUVSSK_5rdMag"
23:34:03.624 [CE][LootRespawner] (PRIDummy) :: Item [140] is hard to place, performance drops: "USMCJacket_Woodland"
23:34:03.649 [CE][LootRespawner] (PRIDummy) :: Item [141] is hard to place, performance drops: "CargoPants_Black"
23:34:03.649 [CE][LootRespawner] (PRIDummy) :: Item [142] is hard to place, performance drops: "CargoPants_Black"
23:34:03.653 [CE][LootRespawner] (PRIDummy) :: Item [143] is hard to place, performance drops: "PaddedGloves_Threat"
23:34:03.656 [CE][LootRespawner] (PRIDummy) :: Item [144] is hard to place, performance drops: "PaddedGloves_Threat"
23:34:03.657 [CE][LootRespawner] (PRIDummy) :: Item [145] is hard to place, performance drops: "PaddedGloves_Threat"
23:34:03.660 [CE][LootRespawner] (PRIDummy) :: Item [401] causing search overtime: "dzn_module_card"
23:34:03.700 [CE][LootRespawner] (PRIDummy) :: Item [402] causing search overtime: "SNAFU_AK19Muzzel"
23:34:03.745 [CE][LootRespawner] (PRIDummy) :: Item [403] causing search overtime: "GCGN_M200_Mag"
23:34:03.750 [CE][LootRespawner] (PRIDummy) :: Item [404] causing search overtime: "SNAFU_SBA_Stock"
23:34:03.752 [CE][LootRespawner] (PRIDummy) :: Item [405] causing search overtime: "SNAFU_Normalized_Suppressor_Black"
23:34:03.753 [CE][LootRespawner] (PRIDummy) :: Item [406] causing search overtime: "SNAFU_Ammo_500_SW"
23:34:03.753 [CE][LootRespawner] (PRIDummy) :: Item [407] causing search overtime: "SNAFUGM6Lynx_5rdMag"
23:34:03.755 [CE][LootRespawner] (PRIDummy) :: Item [146] is hard to place, performance drops: "Barrel_Blue"
23:34:03.762 [CE][LootRespawner] (PRIDummy) :: Item [147] is hard to place, performance drops: "Barrel_Blue"
23:34:03.764 [CE][LootRespawner] (PRIDummy) :: Item [148] is hard to place, performance drops: "Barrel_Blue"
23:34:03.764 [CE][LootRespawner] (PRIDummy) :: Item [149] is hard to place, performance drops: "Barrel_Blue"
23:34:03.775 [CE][LootRespawner] (PRIDummy) :: Item [408] causing search overtime: "SNAFU_M4556_Modular14_GUN"
23:34:03.786 [CE][LootRespawner] (PRIDummy) :: Item [150] is hard to place, performance drops: "WoodAxe"
23:34:03.791 [CE][LootRespawner] (PRIDummy) :: Item [151] is hard to place, performance drops: "WoodAxe"
23:34:03.792 [CE][LootRespawner] (PRIDummy) :: Item [152] is hard to place, performance drops: "WoodAxe"
23:34:03.792 [CE][LootRespawner] (PRIDummy) :: Item [153] is hard to place, performance drops: "WoodAxe"
23:34:03.796 [CE][LootRespawner] (PRIDummy) :: Item [154] is hard to place, performance drops: "HipPack_Black"
23:34:03.805 [CE][LootRespawner] (PRIDummy) :: Item [409] causing search overtime: "SNAFURPD_100rdMag"
23:34:03.805 [CE][LootRespawner] (PRIDummy) :: Item [410] causing search overtime: "FirefightersHelmet_White"
23:34:03.808 [CE][LootRespawner] (PRIDummy) :: Item [411] causing search overtime: "SNAFUM98B_Digi_GUN"
23:34:03.813 [CE][LootRespawner] (PRIDummy) :: Item [412] causing search overtime: "SNAFU_KAC_Gun"
23:34:03.814 [CE][LootRespawner] (PRIDummy) :: Item [413] causing search overtime: "SNAFUTac21"
23:34:03.816 [CE][LootRespawner] (PRIDummy) :: Item [414] causing search overtime: "SNAFU_Shotgunchoke_Tur"
23:34:03.817 [CE][LootRespawner] (PRIDummy) :: Item [155] is hard to place, performance drops: "SVD_Wooden"
23:34:03.818 [CE][LootRespawner] (PRIDummy) :: Item [156] is hard to place, performance drops: "SVD_Wooden"
23:34:03.818 [CE][LootRespawner] (PRIDummy) :: Item [157] is hard to place, performance drops: "SVD_Wooden"
23:34:03.828 [CE][LootRespawner] (PRIDummy) :: Item [415] causing search overtime: "SNAFU_PMAG556_Grey"
23:34:03.850 [CE][LootRespawner] (PRIDummy) :: Item [416] causing search overtime: "SNAFU_CMAG40556_Black"
23:34:03.851 [CE][LootRespawner] (PRIDummy) :: Item [417] causing search overtime: "Snafu_ScarH_Black_GUN"
23:34:03.851 [CE][LootRespawner] (PRIDummy) :: Item [418] causing search overtime: "MountainBag_Blue"
23:34:03.851 [CE][LootRespawner] (PRIDummy) :: Item [419] causing search overtime: "SNAFU_BMAG556_Black"
23:34:03.854 [CE][LootRespawner] (PRIDummy) :: Item [420] causing search overtime: "Snafu_ScarH_Snow_GUN"
23:34:03.855 [CE][LootRespawner] (PRIDummy) :: Item [421] causing search overtime: "SNAFU_MAimpoint_ACO"
23:34:03.856 [CE][LootRespawner] (PRIDummy) :: Item [422] causing search overtime: "SNAFU_HEOTech_EXPS3"
23:34:03.860 [CE][LootRespawner] (PRIDummy) :: Item [158] is hard to place, performance drops: "NBCBootsGray"
23:34:03.861 [CE][LootRespawner] (PRIDummy) :: Item [423] causing search overtime: "SNAFUMk12"
23:34:03.898 [CE][LootRespawner] (PRIDummy) :: Item [424] causing search overtime: "FirefighterJacket_Beige"
23:34:03.915 [CE][LootRespawner] (PRIDummy) :: Item [425] causing search overtime: "Snafu_ScarH_Tan_GUN"
23:34:03.954 [CE][LootRespawner] (PRIDummy) :: Item [426] causing search overtime: "BandageDressing"
23:34:03.956 [CE][LootRespawner] (PRIDummy) :: Item [427] causing search overtime: "BandageDressing"
23:34:03.958 [CE][LootRespawner] (PRIDummy) :: Item [428] causing search overtime: "BandageDressing"
23:34:03.970 [CE][LootRespawner] (PRIDummy) :: Item [429] causing search overtime: "GCGN_Ammo_3006"
23:34:03.972 [CE][LootRespawner] (PRIDummy) :: Item [430] causing search overtime: "SNAFUScar_AFG_BK"
23:34:03.972 [CE][LootRespawner] (PRIDummy) :: Item [159] is hard to place, performance drops: "WeldingMask"
23:34:03.972 [CE][LootRespawner] (PRIDummy) :: Item [160] is hard to place, performance drops: "WeldingMask"
23:34:03.976 [CE][LootRespawner] (PRIDummy) :: Item [161] is hard to place, performance drops: "WeldingMask"
23:34:03.985 [CE][LootRespawner] (PRIDummy) :: Item [431] causing search overtime: "SNAFUVECTOR_9mm_GUN"
23:34:03.986  PHYSICS   (W): While attempting to remove proxy physics for the selection 'codelock', the corresponding bone could not be found in the shape 'dz\gear\camping\mediumtent.p3d'
23:34:03.987  PHYSICS   (W): While attempting to remove proxy physics for the selection 'codelock', the corresponding bone could not be found in the shape 'dz\gear\camping\mediumtent.p3d'
23:34:03.988  PHYSICS   (W): While attempting to remove proxy physics for the selection 'codelock', the corresponding bone could not be found in the shape 'dz\gear\camping\mediumtent.p3d'
23:34:03.989  PHYSICS   (W): While attempting to remove proxy physics for the selection 'codelock', the corresponding bone could not be found in the shape 'dz\gear\camping\mediumtent.p3d'
23:34:03.991  PHYSICS   (W): While attempting to remove proxy physics for the selection 'codelock', the corresponding bone could not be found in the shape 'dz\gear\camping\mediumtent.p3d'
23:34:03.991 [CE][LootRespawner] (PRIDummy) :: Item [432] causing search overtime: "SNAFU_Fort12_12rnd_Mag"
23:34:03.996 [CE][LootRespawner] (PRIDummy) :: Item [433] causing search overtime: "SNAFU_SR25_Gun"
23:34:03.998 [CE][LootRespawner] (PRIDummy) :: Item [434] causing search overtime: "SNAFU_AK103A"
23:34:04.31  [CE][LootRespawner] (PRIDummy) :: Item [435] causing search overtime: "SNAFU_408_Suppressor_T"
23:34:04.33  [CE][LootRespawner] (PRIDummy) :: Item [162] is hard to place, performance drops: "BeanieHat_Beige"
23:34:04.33  [CE][LootRespawner] (PRIDummy) :: Item [163] is hard to place, performance drops: "BeanieHat_Beige"
23:34:04.34  [CE][LootRespawner] (PRIDummy) :: Item [164] is hard to place, performance drops: "Rope"
23:34:04.35  [CE][LootRespawner] (PRIDummy) :: Item [165] is hard to place, performance drops: "Rope"
23:34:04.47  [CE][LootRespawner] (PRIDummy) :: Item [436] causing search overtime: "SNAFU_AFG_02_OD"
23:34:04.47  [CE][LootRespawner] (PRIDummy) :: Item [437] causing search overtime: "SNAFU_MLeupold_Mark8"
23:34:04.48  [CE][LootRespawner] (PRIDummy) :: Item [166] is hard to place, performance drops: "JumpsuitJacket_Red"
23:34:04.49  [CE][LootRespawner] (PRIDummy) :: Item [167] is hard to place, performance drops: "JumpsuitJacket_Red"
23:34:04.54  [CE][LootRespawner] (PRIDummy) :: Item [168] is hard to place, performance drops: "JumpsuitJacket_Red"
23:34:04.54  [CE][LootRespawner] (PRIDummy) :: Item [169] is hard to place, performance drops: "JumpsuitJacket_Red"
23:34:04.55  [CE][LootRespawner] (PRIDummy) :: Item [170] is hard to place, performance drops: "JumpsuitJacket_Red"
23:34:04.57  [CE][LootRespawner] (PRIDummy) :: Item [171] is hard to place, performance drops: "JumpsuitJacket_Red"
23:34:04.57  [CE][LootRespawner] (PRIDummy) :: Item [172] is hard to place, performance drops: "JumpsuitJacket_Red"
23:34:04.57  [CE][LootRespawner] (PRIDummy) :: Item [173] is hard to place, performance drops: "JumpsuitJacket_Red"
23:34:04.58  [CE][LootRespawner] (PRIDummy) :: Item [174] is hard to place, performance drops: "JumpsuitJacket_Red"
23:34:04.58  [CE][LootRespawner] (PRIDummy) :: Item [175] is hard to place, performance drops: "JumpsuitJacket_Red"
23:34:04.61  [CE][LootRespawner] (PRIDummy) :: Item [176] is hard to place, performance drops: "WorkingGloves_Beige"
23:34:04.61  [CE][LootRespawner] (PRIDummy) :: Item [177] is hard to place, performance drops: "WorkingGloves_Beige"
23:34:04.67  [CE][LootRespawner] (PRIDummy) :: Item [438] causing search overtime: "SNAFU_Hunting_Mount_Base"
23:34:04.68  [CE][LootRespawner] (PRIDummy) :: Item [178] is hard to place, performance drops: "dzn_gorka_up_winter"
23:34:04.69  [CE][LootRespawner] (PRIDummy) :: Item [439] causing search overtime: "dzn_gorka_up_winter"
23:34:04.69  [CE][LootRespawner] (PRIDummy) :: Item [179] is hard to place, performance drops: "dzn_gorka_up_winter"
23:34:04.74  [CE][LootRespawner] (PRIDummy) :: Item [180] is hard to place, performance drops: "Wrench"
23:34:04.79  [CE][LootRespawner] (PRIDummy) :: Item [440] causing search overtime: "SNAFU_PDW_9mm"
23:34:04.81  [CE][LootRespawner] (PRIDummy) :: Item [181] is hard to place, performance drops: "BatteryCharger"
23:34:04.82  [CE][LootRespawner] (PRIDummy) :: Item [182] is hard to place, performance drops: "BatteryCharger"
23:34:04.85  [CE][LootRespawner] (PRIDummy) :: Item [183] is hard to place, performance drops: "BatteryCharger"
23:34:04.88  [CE][LootRespawner] (PRIDummy) :: Item [441] causing search overtime: "SNAFU_M200S_Tan"
23:34:04.92  [CE][LootRespawner] (PRIDummy) :: Item [184] is hard to place, performance drops: "BeanieHat_Grey"
23:34:04.105 [CE][LootRespawner] (PRIDummy) :: Item [185] is hard to place, performance drops: "MetalPlate"
23:34:04.105 [CE][LootRespawner] (PRIDummy) :: Item [186] is hard to place, performance drops: "MetalPlate"
23:34:04.108 [CE][LootRespawner] (PRIDummy) :: Item [187] is hard to place, performance drops: "MetalPlate"
23:34:04.108 [CE][LootRespawner] (PRIDummy) :: Item [188] is hard to place, performance drops: "MetalPlate"
23:34:04.109 [CE][LootRespawner] (PRIDummy) :: Item [189] is hard to place, performance drops: "MetalPlate"
23:34:04.111 [CE][LootRespawner] (PRIDummy) :: Item [190] is hard to place, performance drops: "MetalPlate"
23:34:04.112 [CE][LootRespawner] (PRIDummy) :: Item [191] is hard to place, performance drops: "MetalPlate"
23:34:04.112 [CE][LootRespawner] (PRIDummy) :: Item [192] is hard to place, performance drops: "MetalPlate"
23:34:04.115 [CE][LootRespawner] (PRIDummy) :: Item [193] is hard to place, performance drops: "MetalPlate"
23:34:04.116 [CE][LootRespawner] (PRIDummy) :: Item [194] is hard to place, performance drops: "MetalPlate"
23:34:04.116 [CE][LootRespawner] (PRIDummy) :: Item [195] is hard to place, performance drops: "MetalPlate"
23:34:04.118 [CE][LootRespawner] (PRIDummy) :: Item [196] is hard to place, performance drops: "MetalPlate"
23:34:04.118 [CE][LootRespawner] (PRIDummy) :: Item [197] is hard to place, performance drops: "MetalPlate"
23:34:04.118 [CE][LootRespawner] (PRIDummy) :: Item [198] is hard to place, performance drops: "MetalPlate"
23:34:04.118 [CE][LootRespawner] (PRIDummy) :: Item [199] is hard to place, performance drops: "MetalPlate"
23:34:04.118 [CE][LootRespawner] (PRIDummy) :: Item [200] is hard to place, performance drops: "MetalPlate"
23:34:04.118 [CE][LootRespawner] (PRIDummy) :: Item [442] causing search overtime: "MetalPlate"
23:34:04.119 [CE][LootRespawner] (PRIDummy) :: Item [201] is hard to place, performance drops: "MetalPlate"
23:34:04.119 [CE][LootRespawner] (PRIDummy) :: Item [202] is hard to place, performance drops: "MetalPlate"
23:34:04.121 [CE][LootRespawner] (PRIDummy) :: Item [203] is hard to place, performance drops: "MetalPlate"
23:34:04.122 [CE][LootRespawner] (PRIDummy) :: Item [204] is hard to place, performance drops: "MetalPlate"
23:34:04.122 [CE][LootRespawner] (PRIDummy) :: Item [205] is hard to place, performance drops: "MetalPlate"
23:34:04.122 [CE][LootRespawner] (PRIDummy) :: Item [206] is hard to place, performance drops: "MetalPlate"
23:34:04.122 [CE][LootRespawner] (PRIDummy) :: Item [207] is hard to place, performance drops: "MetalPlate"
23:34:04.125 [CE][LootRespawner] (PRIDummy) :: Item [208] is hard to place, performance drops: "MetalPlate"
23:34:04.125 [CE][LootRespawner] (PRIDummy) :: Item [209] is hard to place, performance drops: "MetalPlate"
23:34:04.126 [CE][LootRespawner] (PRIDummy) :: Item [210] is hard to place, performance drops: "MetalPlate"
23:34:04.126 [CE][LootRespawner] (PRIDummy) :: Item [211] is hard to place, performance drops: "MetalPlate"
23:34:04.128 [CE][LootRespawner] (PRIDummy) :: Item [212] is hard to place, performance drops: "MetalPlate"
23:34:04.129 [CE][LootRespawner] (PRIDummy) :: Item [213] is hard to place, performance drops: "MetalPlate"
23:34:04.130 [CE][LootRespawner] (PRIDummy) :: Item [214] is hard to place, performance drops: "MetalPlate"
23:34:04.131 [CE][LootRespawner] (PRIDummy) :: Item [215] is hard to place, performance drops: "MetalPlate"
23:34:04.131 [CE][LootRespawner] (PRIDummy) :: Item [216] is hard to place, performance drops: "MetalPlate"
23:34:04.131 [CE][LootRespawner] (PRIDummy) :: Item [217] is hard to place, performance drops: "MetalPlate"
23:34:04.132 [CE][LootRespawner] (PRIDummy) :: Item [218] is hard to place, performance drops: "MetalPlate"
23:34:04.133 [CE][LootRespawner] (PRIDummy) :: Item [219] is hard to place, performance drops: "MetalPlate"
23:34:04.134 [CE][LootRespawner] (PRIDummy) :: Item [443] causing search overtime: "MetalPlate"
23:34:04.135 [CE][LootRespawner] (PRIDummy) :: Item [220] is hard to place, performance drops: "MetalPlate"
23:34:04.135 [CE][LootRespawner] (PRIDummy) :: Item [221] is hard to place, performance drops: "MetalPlate"
23:34:04.137 [CE][LootRespawner] (PRIDummy) :: Item [222] is hard to place, performance drops: "MetalPlate"
23:34:04.137 [CE][LootRespawner] (PRIDummy) :: Item [223] is hard to place, performance drops: "MetalPlate"
23:34:04.137 [CE][LootRespawner] (PRIDummy) :: Item [224] is hard to place, performance drops: "MetalPlate"
23:34:04.138 [CE][LootRespawner] (PRIDummy) :: Item [225] is hard to place, performance drops: "MetalPlate"
23:34:04.138 [CE][LootRespawner] (PRIDummy) :: Item [226] is hard to place, performance drops: "MetalPlate"
23:34:04.139 [CE][LootRespawner] (PRIDummy) :: Item [227] is hard to place, performance drops: "MetalPlate"
23:34:04.139 [CE][LootRespawner] (PRIDummy) :: Item [228] is hard to place, performance drops: "MetalPlate"
23:34:04.140 [CE][LootRespawner] (PRIDummy) :: Item [229] is hard to place, performance drops: "MetalPlate"
23:34:04.142 [CE][LootRespawner] (PRIDummy) :: Item [230] is hard to place, performance drops: "MetalPlate"
23:34:04.142 [CE][LootRespawner] (PRIDummy) :: Item [231] is hard to place, performance drops: "MetalPlate"
23:34:04.142 [CE][LootRespawner] (PRIDummy) :: Item [232] is hard to place, performance drops: "MetalPlate"
23:34:04.142 [CE][LootRespawner] (PRIDummy) :: Item [233] is hard to place, performance drops: "MetalPlate"
23:34:04.142 [CE][LootRespawner] (PRIDummy) :: Item [234] is hard to place, performance drops: "MetalPlate"
23:34:04.143 [CE][LootRespawner] (PRIDummy) :: Item [235] is hard to place, performance drops: "MetalPlate"
23:34:04.153 [CE][LootRespawner] (PRIDummy) :: Item [444] causing search overtime: "GCGN_M200"
23:34:04.154 [CE][LootRespawner] (PRIDummy) :: Initially (re)spawned:6469, Nominal:6884, Total in Map: 6502 at 5 (sec)
23:34:04.154   tests:6712, repeats:7 fails:236, overtime:445
23:34:04.156 [CE][Links] found 0 total links between groups, of 1
23:34:04.156 [CE][SpawnRandomLoot] (StaticMedDrop) :: Type: Misc_cargo_cont_net1, lootmin: 4, lootmax: 6, wanted: 4, deloot: 2, containermaxsum: 6
23:34:04.159 [CE][Links] found 0 total links between groups, of 2
23:34:04.159 [CE][SpawnRandomLoot] (StaticMedDrop) :: Type: Misc_cargo_cont_net1, lootmin: 4, lootmax: 6, wanted: 4, deloot: 2, containermaxsum: 6
23:34:04.161 [CE][Links] found 0 total links between groups, of 3
23:34:04.161 [CE][SpawnRandomLoot] (StaticMedDrop) :: Type: Misc_cargo_cont_net1, lootmin: 4, lootmax: 6, wanted: 5, deloot: 2, containermaxsum: 6
23:34:04.165 [CE][Links] found 0 total links between groups, of 4
23:34:04.165 [CE][SpawnRandomLoot] (StaticMedDrop) :: Type: Misc_cargo_cont_net1, lootmin: 4, lootmax: 6, wanted: 5, deloot: 2, containermaxsum: 6
23:34:04.170 [CE][Links] found 0 total links between groups, of 5
23:34:04.170 [CE][SpawnRandomLoot] (StaticMedDrop) :: Type: Misc_cargo_cont_net1, lootmin: 4, lootmax: 6, wanted: 4, deloot: 2, containermaxsum: 6
23:34:04.173 [CE][Links] found 0 total links between groups, of 6
23:34:04.173 [CE][SpawnRandomLoot] (StaticMedDrop) :: Type: Misc_cargo_cont_net1, lootmin: 4, lootmax: 6, wanted: 5, deloot: 2, containermaxsum: 6
23:34:04.179 [CE][Links] found 0 total links between groups, of 7
23:34:04.179 [CE][SpawnRandomLoot] (StaticLifeboat) :: Type: sea_oilrig_lifeboat, lootmin: 2, lootmax: 5, wanted: 3, deloot: 2, containermaxsum: 5
23:34:04.182 [CE][SpawnRandomLoot] (StaticLifeboat) :: No item found to spawn for DE! Spawned: 2 / 3 (enable log_ce_dynamicevent to see item lists for event)
23:34:04.220  ENTITY       : Load entity type 'Land_City_School'
23:34:04.220   ENTITY    (W): Door 'DoorsTwin1' is missing geometry components for selection 'DoorsTwin1', check model+config
23:34:04.220   ENTITY    (W): Door 'DoorsTwin3' is missing geometry components for selection 'DoorsTwin3', check model+config
23:34:04.220   ENTITY    (W): Door 'DoorsTwin4' is missing geometry components for selection 'DoorsTwin4', check model+config
23:34:04.220   ENTITY    (W): Door 'DoorsTwin5' is missing geometry components for selection 'DoorsTwin5', check model+config
23:34:04.220   ENTITY    (W): Door 'DoorsTwin6' is missing geometry components for selection 'DoorsTwin6', check model+config
23:34:04.220   ENTITY    (W): Door 'DoorsTwin7' is missing geometry components for selection 'DoorsTwin7', check model+config
23:34:04.237   ENTITY    (W): Unknown object class 'thing' (dz\structures\proxy_buildingparts\lightningcond\lightningconductormiddle\lightningconductormiddle.p3d)
23:34:04.237   ENTITY    (W): Unknown object class 'thing' (dz\structures\proxy_buildingparts\lightningcond\lightningconductormiddle\lightningconductormiddle.p3d)
23:34:04.237   ENTITY    (W): Unknown object class 'thing' (dz\structures\proxy_buildingparts\lightningcond\lightningconductormiddle\lightningconductormiddle.p3d)
23:34:04.237   ENTITY    (W): Unknown object class 'thing' (dz\structures\proxy_buildingparts\lightningcond\lightningconductormiddle\lightningconductormiddle.p3d)
23:34:04.237   ENTITY    (W): Unknown object class 'thing' (dz\structures\proxy_buildingparts\lightningcond\lightningconductormiddle\lightningconductormiddle.p3d)
23:34:04.237   ENTITY    (W): Unknown object class 'thing' (dz\structures\proxy_buildingparts\lightningcond\lightningconductormiddle\lightningconductormiddle.p3d)
23:34:04.237   ENTITY    (W): Unknown object class 'thing' (dz\structures\proxy_buildingparts\lightningcond\lightningconductormiddle\lightningconductormiddle.p3d)
23:34:04.237   ENTITY    (W): Unknown object class 'thing' (dz\structures\proxy_buildingparts\lightningcond\lightningconductormiddle\lightningconductormiddle.p3d)
23:34:04.237   ENTITY    (W): Unknown object class 'thing' (dz\structures\proxy_buildingparts\lightningcond\lightningconductormiddle\lightningconductormiddle.p3d)
23:34:04.237   ENTITY    (W): Unknown object class 'thing' (dz\structures\proxy_buildingparts\lightningcond\lightningconductormiddle\lightningconductormiddle.p3d)
23:34:04.237   ENTITY    (W): Unknown object class 'thing' (dz\structures\proxy_buildingparts\lightningcond\lightningconductormiddle\lightningconductormiddle.p3d)
23:34:04.237   ENTITY    (W): Unknown object class 'thing' (dz\structures\proxy_buildingparts\lightningcond\lightningconductormiddle\lightningconductormiddle.p3d)
23:34:04.237   ENTITY    (W): Unknown object class 'thing' (dz\structures\proxy_buildingparts\lightningcond\lightningconductormiddle\lightningconductormiddle.p3d)
23:34:04.237   ENTITY    (W): Unknown object class 'thing' (dz\structures\proxy_buildingparts\lightningcond\lightningconductormiddle\lightningconductormiddle.p3d)
23:34:04.237   ENTITY    (W): Unknown object class 'thing' (dz\structures\proxy_buildingparts\lightningcond\lightningconductormiddle\lightningconductormiddle.p3d)
23:34:04.237   ENTITY    (W): Unknown object class 'thing' (dz\structures\proxy_buildingparts\lightningcond\lightningconductormiddle\lightningconductormiddle.p3d)
23:34:04.237   ENTITY    (W): Unknown object class 'thing' (dz\structures\proxy_buildingparts\lightningcond\lightningconductormiddle\lightningconductormiddle.p3d)
23:34:04.237   ENTITY    (W): Unknown object class 'thing' (dz\structures\proxy_buildingparts\lightningcond\lightningconductormiddle\lightningconductormiddle.p3d)
23:34:04.237   ENTITY    (W): Unknown object class 'thing' (dz\structures\proxy_buildingparts\lightningcond\lightningconductormiddle\lightningconductormiddle.p3d)
23:34:04.237   ENTITY    (W): Unknown object class 'thing' (dz\structures\proxy_buildingparts\lightningcond\lightningconductormiddle\lightningconductormiddle.p3d)
23:34:04.237   ENTITY    (W): Unknown object class 'thing' (dz\structures\proxy_buildingparts\lightningcond\lightningconductormiddle\lightningconductormiddle.p3d)
23:34:04.237   ENTITY    (W): Unknown object class 'thing' (dz\structures\proxy_buildingparts\lightningcond\lightningconductormiddle\lightningconductormiddle.p3d)
23:34:04.237   ENTITY    (W): Unknown object class 'thing' (dz\structures\proxy_buildingparts\lightningcond\lightningconductormiddle\lightningconductormiddle.p3d)
23:34:04.237   ENTITY    (W): Unknown object class 'thing' (dz\structures\proxy_buildingparts\lightningcond\lightningconductormiddle\lightningconductormiddle.p3d)
23:34:04.237   ENTITY    (W): Unknown object class 'thing' (dz\structures\proxy_buildingparts\lightningcond\lightningconductormiddle\lightningconductormiddle.p3d)
23:34:04.237   ENTITY    (W): Unknown object class 'thing' (dz\structures\proxy_buildingparts\lightningcond\lightningconductormiddle\lightningconductormiddle.p3d)
23:34:04.237   ENTITY    (W): Unknown object class 'thing' (dz\structures\proxy_buildingparts\lightningcond\lightningconductormiddle\lightningconductormiddle.p3d)
23:34:04.237   ENTITY    (W): Unknown object class 'thing' (dz\structures\proxy_buildingparts\lightningcond\lightningconductormiddle\lightningconductormiddle.p3d)
23:34:04.237   ENTITY    (W): Unknown object class 'thing' (dz\structures\proxy_buildingparts\lightningcond\lightningconductormiddle\lightningconductormiddle.p3d)
23:34:04.237   ENTITY    (W): Unknown object class 'thing' (dz\structures\proxy_buildingparts\lightningcond\lightningconductormiddle\lightningconductormiddle.p3d)
23:34:04.237   ENTITY    (W): Unknown object class 'thing' (dz\structures\proxy_buildingparts\lightningcond\lightningconductormiddle\lightningconductormiddle.p3d)
23:34:04.237   ENTITY    (W): Unknown object class 'thing' (dz\structures\proxy_buildingparts\lightningcond\lightningconductormiddle\lightningconductormiddle.p3d)
23:34:04.237   ENTITY    (W): Unknown object class 'thing' (dz\structures\proxy_buildingparts\lightningcond\lightningconductormiddle\lightningconductormiddle.p3d)
23:34:04.238   ENTITY    (W): Unknown object class 'thing' (dz\structures\proxy_buildingparts\lightningcond\lightningconductormiddle\lightningconductormiddle.p3d)
23:34:04.238   ENTITY    (W): Unknown object class 'thing' (dz\structures\proxy_buildingparts\lightningcond\lightningconductormiddle\lightningconductormiddle.p3d)
23:34:04.238   ENTITY    (W): Unknown object class 'thing' (dz\structures\proxy_buildingparts\lightningcond\lightningconductormiddle\lightningconductormiddle.p3d)
23:34:04.238   ENTITY    (W): Unknown object class 'thing' (dz\structures\proxy_buildingparts\lightningcond\lightningconductormiddle\lightningconductormiddle.p3d)
23:34:04.238   ENTITY    (W): Unknown object class 'thing' (dz\structures\proxy_buildingparts\lightningcond\lightningconductormiddle\lightningconductormiddle.p3d)
23:34:04.238   ENTITY    (W): Unknown object class 'thing' (dz\structures\proxy_buildingparts\lightningcond\lightningconductormiddle\lightningconductormiddle.p3d)
23:34:04.238   ENTITY    (W): Unknown object class 'thing' (dz\structures\proxy_buildingparts\lightningcond\lightningconductormiddle\lightningconductormiddle.p3d)
23:34:04.238   ENTITY    (W): Unknown object class 'thing' (dz\structures\proxy_buildingparts\lightningcond\lightningconductormiddle\lightningconductormiddle.p3d)
23:34:04.238   ENTITY    (W): Unknown object class 'thing' (dz\structures\proxy_buildingparts\lightningcond\lightningconductormiddle\lightningconductormiddle.p3d)
23:34:04.238   ENTITY    (W): Unknown object class 'thing' (dz\structures\proxy_buildingparts\lightningcond\lightningconductormiddle\lightningconductormiddle.p3d)
23:34:04.238   ENTITY    (W): Unknown object class 'thing' (dz\structures\proxy_buildingparts\lightningcond\lightningconductormiddle\lightningconductormiddle.p3d)
23:34:04.238   ENTITY    (W): Unknown object class 'thing' (dz\structures\proxy_buildingparts\lightningcond\lightningconductormiddle\lightningconductormiddle.p3d)
23:34:04.238   ENTITY    (W): Unknown object class 'thing' (dz\structures\proxy_buildingparts\lightningcond\lightningconductormiddle\lightningconductormiddle.p3d)
23:34:04.238   ENTITY    (W): Unknown object class 'thing' (dz\structures\proxy_buildingparts\lightningcond\lightningconductormiddle\lightningconductormiddle.p3d)
23:34:04.238   ENTITY    (W): Unknown object class 'thing' (dz\structures\proxy_buildingparts\lightningcond\lightningconductormiddle\lightningconductormiddle.p3d)
23:34:04.238   ENTITY    (W): Unknown object class 'thing' (dz\structures\proxy_buildingparts\lightningcond\lightningconductormiddle\lightningconductormiddle.p3d)
23:34:04.238   ENTITY    (W): Unknown object class 'thing' (dz\structures\proxy_buildingparts\lightningcond\lightningconductormiddle\lightningconductormiddle.p3d)
23:34:04.238   ENTITY    (W): Unknown object class 'thing' (dz\structures\proxy_buildingparts\lightningcond\lightningconductormiddle\lightningconductormiddle.p3d)
23:34:04.328  WORLD        : Create entity type 'ZmbM_usSoldier_Officer_Desert'
23:34:04.328   MATERIAL  (E): Object dz/characters/zombies/z_hermit_m.xob - cannot load material Material_1.emat
23:34:04.700  WORLD        : Create entity type 'Animal_CapraHircusF'
23:34:04.700   ENTITY    (E): Type 'ManType' must be inherited from class 'DayZAnimalType'
23:34:04.708  WORLD        : Create entity type 'Animal_CapraHircus_White'
23:34:04.708   ENTITY    (E): Type 'ManType' must be inherited from class 'DayZAnimalType'
23:34:04.711  WORLD        : Create entity type 'Animal_OvisAries'
23:34:04.711   ENTITY    (E): Type 'ManType' must be inherited from class 'DayZAnimalType'
23:34:04.713  WORLD        : Create entity type 'Animal_RangiferTarandus'
23:34:04.713   ENTITY    (E): Type 'ManType' must be inherited from class 'DayZAnimalType'
23:34:04.715  WORLD        : Create entity type 'Animal_RangiferTarandusF'
23:34:04.715   ENTITY    (E): Type 'ManType' must be inherited from class 'DayZAnimalType'
23:34:04.719  WORLD        : Create entity type 'Animal_SusScrofa'
23:34:04.720   ENTITY    (E): Type 'ManType' must be inherited from class 'DayZAnimalType'
23:34:04.724  WORLD        : Create entity type 'Animal_CanisLupus_Grey'
23:34:04.724   ENTITY    (E): Type 'ManType' must be inherited from class 'DayZAnimalType'
23:34:04.732  WORLD        : Create entity type 'Animal_CanisLupus_White'
23:34:04.732   ENTITY    (E): Type 'ManType' must be inherited from class 'DayZAnimalType'
23:34:04.738  WORLD        : Create entity type 'Animal_UrsusArctos'
23:34:04.738   ENTITY    (E): Type 'ManType' must be inherited from class 'DayZAnimalType'
23:34:04.745  WORLD        : Create entity type 'Animal_UrsusMaritimus'
23:34:04.745   ENTITY    (E): Type 'ManType' must be inherited from class 'DayZAnimalType'
23:34:04.812  ENTITY    (W): Unknown object class 'pond' (nst\ns\water\lakewater.p3d)
23:34:04.933 [CE][DynEvent] :: 23 types
23:34:04.933 [00] Loot
23:34:04.933   Primary Spawner: "Loot", active: yes, repeat: 2
23:34:04.933 [01] StaticMedDrop
23:34:04.933   Primary Spawner: "Static", active: yes, repeat: 1
23:34:04.933 [02] StaticLifeboat
23:34:04.933   Primary Spawner: "Static", active: yes, repeat: 1
23:34:04.933 [03] ItemWoodenPlanks
23:34:04.933   Primary Spawner: "Item", active: yes, repeat: 1
23:34:04.933 [04] TrajectoryStones
23:34:04.933   Primary Spawner: "Trajectory", active: yes, repeat: 1
23:34:04.933 [05] InfectedSanta
23:34:04.933   Primary Spawner: "Infected", active: yes, repeat: 1
23:34:04.933 [06] InfectedArmy
23:34:04.933   Primary Spawner: "Infected", active: yes, repeat: 1
23:34:04.933 [07] InfectedIndustrial
23:34:04.933   Primary Spawner: "Infected", active: yes, repeat: 1
23:34:04.933 [08] InfectedCivil
23:34:04.933   Primary Spawner: "Infected", active: yes, repeat: 1
23:34:04.933 [09] InfectedMedic
23:34:04.933   Primary Spawner: "Infected", active: yes, repeat: 1
23:34:04.933 [10] AnimalGoat
23:34:04.933   Primary Spawner: "Animal", active: yes, repeat: 1
23:34:04.933 [11] AnimalSheep
23:34:04.933   Primary Spawner: "Animal", active: yes, repeat: 1
23:34:04.933 [12] AnimalReindeer
23:34:04.933   Primary Spawner: "Animal", active: yes, repeat: 1
23:34:04.933 [13] AnimalWildBoar
23:34:04.933   Primary Spawner: "Animal", active: yes, repeat: 1
23:34:04.933 [14] AnimalWolf
23:34:04.933   Primary Spawner: "Animal", active: yes, repeat: 1
23:34:04.933 [15] AnimalBrownBear
23:34:04.933   Primary Spawner: "Animal", active: yes, repeat: 1
23:34:04.933 [16] AnimalPolarBear
23:34:04.933   Primary Spawner: "Animal", active: yes, repeat: 1
23:34:04.933 [17] AmbientFox
23:34:04.933   Primary Spawner: "Ambient", active: yes, repeat: 1
23:34:04.933 [18] AmbientHare
23:34:04.933   Primary Spawner: "Ambient", active: yes, repeat: 1
23:34:04.933 [19] VehicleRubberBoats
23:34:04.933   Primary Spawner: "Vehicle", active: yes, repeat: 1
23:34:04.934 [20] VehicleCivilianCars
23:34:04.934   Primary Spawner: "Vehicle", active: yes, repeat: 1
23:34:04.934 [21] VehicleTrucks
23:34:04.934   Primary Spawner: "Vehicle", active: yes, repeat: 1
23:34:04.934 [22] VehicleMilitary
23:34:04.934   Primary Spawner: "Vehicle", active: yes, repeat: 1
23:34:04.934 [CE][Hive] :: Initializing of spawners done.
23:34:04.937 [CE][Hive] :: Init sequence finished.
23:34:04.937 Player connect enabled
23:34:05.113 ENTITY    (W): Unknown object class 'pond' (nst\ns\water\lakewater.p3d)
23:34:05.115 ENTITY    (W): Unknown object class 'pond' (nst\ns\water\lakewater.p3d)
23:34:05.115 ENTITY    (W): Unknown object class 'pond' (nst\ns\water\lakewater.p3d)
23:34:05.115 ENTITY    (W): Unknown object class 'pond' (nst\ns\water\lakewater.p3d)
23:34:05.115 ENTITY    (W): Unknown object class 'pond' (nst\ns\water\lakewater.p3d)
23:34:05.115 ENTITY    (W): Unknown object class 'pond' (nst\ns\water\lakewater.p3d)
23:34:05.117 ENTITY    (W): Unknown object class 'pond' (nst\ns\water\lakewater.p3d)
23:34:05.117 ENTITY    (W): Unknown object class 'pond' (nst\ns\water\lakewater.p3d)
23:34:05.117 ENTITY    (W): Unknown object class 'pond' (nst\ns\water\lakewater.p3d)
23:34:05.118 ENTITY    (W): Unknown object class 'pond' (nst\ns\water\lakewater.p3d)
23:34:05.130 ENTITY    (W): Unknown object class 'pond' (nst\ns\water\lakewater.p3d)
23:34:05.130 ENTITY    (W): Unknown object class 'pond' (nst\ns\water\lakewater.p3d)
23:34:05.130 ENTITY    (W): Unknown object class 'pond' (nst\ns\water\lakewater.p3d)
23:34:05.131 ENTITY    (W): Unknown object class 'pond' (nst\ns\water\lakewater.p3d)
23:34:05.534 [IdleMode] Entering IN - save processed
23:34:05.546 ENTITY    (W): Unknown object class 'pond' (dz\water_sakhal\ice_lake\sakhal_50x50_ice_lake_clear.p3d)
23:34:05.547 ENTITY    (W): Unknown object class 'pond' (dz\water_sakhal\ice_lake\sakhal_50x50_ice_lake_clear.p3d)
23:34:05.547 ENTITY    (W): Unknown object class 'pond' (dz\water_sakhal\ice_lake\sakhal_50x50_ice_lake_clear.p3d)
23:34:05.550 ENTITY    (W): Unknown object class 'pond' (nst\ns\water\lakewater.p3d)
23:34:05.550 ENTITY    (W): Unknown object class 'pond' (nst\ns\water\lakewater.p3d)
23:34:05.551 ENTITY    (W): Unknown object class 'pond' (nst\ns\water\lakewater.p3d)
23:34:05.551 ENTITY    (W): Unknown object class 'pond' (nst\ns\water\lakewater.p3d)
23:34:05.552 ENTITY    (W): Unknown object class 'pond' (nst\ns\water\lakewater.p3d)
23:34:05.552 ENTITY    (W): Unknown object class 'pond' (nst\ns\water\lakewater.p3d)
23:34:05.552 ENTITY    (W): Unknown object class 'pond' (nst\ns\water\lakewater.p3d)
23:34:05.552 ENTITY    (W): Unknown object class 'pond' (nst\ns\water\lakewater.p3d)
23:34:05.552 ENTITY    (W): Unknown object class 'pond' (nst\ns\water\lakewater.p3d)
23:34:05.552 ENTITY    (W): Unknown object class 'pond' (nst\ns\water\lakewater.p3d)
23:34:05.552 ENTITY    (W): Unknown object class 'pond' (dz\water_sakhal\ice_lake\sakhal_50x50_ice_lake_clear.p3d)
23:34:05.552 ENTITY    (W): Unknown object class 'pond' (dz\water_sakhal\ice_lake\sakhal_50x50_ice_lake_clear.p3d)
23:34:05.552 ENTITY    (W): Unknown object class 'pond' (nst\ns\water\lakewater.p3d)
23:34:05.603 ENTITY    (W): Unknown object class 'pond' (nst\ns\water\lakewater.p3d)
23:34:05.682 ENTITY       : Load entity type 'land_seb_near_fac7'
23:34:05.682  ENTITY    (W): Door 'doorstwin1' is missing geometry components for selection 'doorstwin1', check model+config
23:34:05.707 ENTITY       : Load entity type 'Land_Rail_Warehouse_Small'
23:34:05.707  ENTITY    (W): Door 'DoorsTwin1' is missing geometry components for selection 'DoorsTwin1', check model+config
23:34:05.707  ENTITY    (W): Door 'DoorsTwin2' is missing geometry components for selection 'DoorsTwin2', check model+config
23:34:05.736 ENTITY       : Load entity type 'Land_Ruin_HouseBig1_NoIvy'
23:34:05.736  ENTITY    (W): Door 'DoorsTwin1' is missing geometry components for selection 'DoorsTwin1', check model+config
23:34:05.772 ENTITY    (W): Unknown object class 'pond' (dz\water_sakhal\ice_lake\sakhal_50x50_ice_lake_clear.p3d)
23:34:05.823 ENTITY    (W): Unknown object class 'pond' (dz\water_sakhal\ice_lake\sakhal_50x50_ice_lake_clear.p3d)
23:34:05.892 ENTITY       : Load entity type 'Land_Boathouse'
23:34:05.892  ENTITY    (W): Door 'DoorsTwin1' is missing geometry components for selection 'DoorsTwin1', check model+config
23:34:05.952 ENTITY       : Load entity type 'Land_Ruin_HouseBig2_NoIvy'
23:34:05.952  ENTITY    (W): Door 'DoorsTwin1' is missing geometry components for selection 'DoorsTwin1', check model+config
23:34:05.952  ENTITY    (W): Door 'DoorsTwin2' is missing geometry components for selection 'DoorsTwin2', check model+config
23:34:05.980 ENTITY    (W): Unknown object class 'pond' (nst\ns\water\lakewater.p3d)
23:34:05.981 ENTITY    (W): Unknown object class 'pond' (nst\ns\water\lakewater.p3d)
23:34:06.119 ENTITY    (W): Unknown object class 'pond' (dz\water_sakhal\ice_lake\sakhal_50x50_ice_lake_clear.p3d)
23:34:09.382 ENTITY    (W): Unknown object class 'pond' (nst\ns\water\lakewater_still.p3d)
23:34:09.659 ENTITY    (W): Unknown object class 'pond' (nst\ns\water\lakewater_still.p3d)
23:34:15.897 ENTITY       : Load entity type 'land_camp_house_winter'
23:34:15.897  ENTITY    (W): Door 'Doors2' is missing geometry components for selection 'Doors2', check model+config
23:34:20.939 ENTITY    (W): Unknown object class 'pond' (dz\water_sakhal\ice_lake\sakhal_50x50_ice_lake_clear.p3d)
23:34:23.963 ENTITY    (W): Unknown object class 'pond' (dz\water_sakhal\ice_lake\sakhal_50x50_ice_lake_clear.p3d)
23:34:24.614 ENTITY    (W): Unknown object class 'pond' (dz\water_sakhal\ice_lake\sakhal_50x50_ice_lake_clear.p3d)
23:34:24.614 ENTITY    (W): Unknown object class 'pond' (dz\water_sakhal\ice_lake\sakhal_50x50_ice_lake_clear.p3d)
23:34:26.43  ENTITY    (W): Unknown object class 'pond' (dz\water_sakhal\ice_lake\sakhal_50x50_ice_lake_clear.p3d)
23:34:29.38  ENTITY    (W): Unknown object class 'pond' (nst\ns\water\lakewater_still.p3d)
23:34:29.501 ENTITY       : Load entity type 'Land_Garage_Row_Big'
23:34:29.501  ENTITY    (W): Door 'DoorsTwin1' is missing geometry components for selection 'DoorsTwin1', check model+config
23:34:29.501  ENTITY    (W): Door 'DoorsTwin2' is missing geometry components for selection 'DoorsTwin2', check model+config
23:34:29.501  ENTITY    (W): Door 'DoorsTwin3' is missing geometry components for selection 'DoorsTwin3', check model+config
23:34:29.501  ENTITY    (W): Door 'DoorsTwin4' is missing geometry components for selection 'DoorsTwin4', check model+config
23:34:31.898 ENTITY    (W): Unknown object class 'pond' (dz\water_sakhal\ice_lake\sakhal_50x50_ice_lake_clear.p3d)
23:34:32.538 ENTITY    (W): Unknown object class 'pond' (dz\water_sakhal\ice_lake\sakhal_50x50_ice_lake_clear.p3d)
23:34:35.222 ENTITY    (W): Unknown object class 'pond' (dz\water_sakhal\ice_lake\sakhal_50x50_ice_lake_clear.p3d)
23:34:40.542 ENTITY    (W): Unknown object class 'pond' (nst\ns\water\lakewater.p3d)
23:34:40.543 ENTITY    (W): Unknown object class 'pond' (nst\ns\water\lakewater.p3d)
23:34:41.668 ENTITY    (W): Unknown object class 'pond' (nst\ns\water\lakewater.p3d)
23:34:41.668 ENTITY    (W): Unknown object class 'pond' (nst\ns\water\lakewater.p3d)
23:34:41.668 ENTITY    (W): Unknown object class 'pond' (nst\ns\water\lakewater.p3d)
23:34:41.668 ENTITY    (W): Unknown object class 'pond' (nst\ns\water\lakewater.p3d)
23:34:41.668 ENTITY    (W): Unknown object class 'pond' (nst\ns\water\lakewater.p3d)
23:34:41.668 ENTITY    (W): Unknown object class 'pond' (nst\ns\water\lakewater.p3d)
23:34:41.668 ENTITY    (W): Unknown object class 'pond' (nst\ns\water\lakewater.p3d)
23:34:45.27  ENTITY    (W): Unknown object class 'pond' (dz\water_sakhal\ice_lake\sakhal_50x50_ice_lake_clear.p3d)
23:34:53.860 ENTITY    (W): Unknown object class 'pond' (dz\water_sakhal\ice_lake\sakhal_50x50_ice_lake_clear.p3d)
23:45:58.479 [Login]: Adding player Survivor (794485450) to login queue at position 0
23:45:58.480 [LoginMachine]: Add player Survivor (794485450 192.168.0.103:59511)
23:45:58.480 [StateMachine]: Player Survivor (dpnid 794485450 uid ) Entering AuthPlayerLoginState
23:45:58.482 [StateMachine]: Player Survivor (dpnid 794485450 uid ) Entering WaitAuthPlayerLoginState
23:46:01.225 Игрок Survivor соединяется.
23:46:01.296 [StateMachine]: Player Survivor (dpnid 794485450 uid ) Entering WaitPlayerAssignedLoginState
23:46:01.461 [StateMachine]: Player Survivor (dpnid 794485450 uid ) Entering PlayerAssignedLoginState
23:46:01.461 [StateMachine]: Player Survivor (dpnid 794485450 uid x_MJ2w6DZznhQeYHMWeX7_S9NuAxgYSiQqpLVIMNfrA=) Entering DBGetLoginTimeLoginState
23:46:01.516 [StateMachine]: Player Survivor (dpnid 794485450 uid x_MJ2w6DZznhQeYHMWeX7_S9NuAxgYSiQqpLVIMNfrA=) Entering DBWaitLoginTimeLoginState
23:46:03.14  [IdleMode] Leaving OUT
23:46:16.516 [StateMachine]: Player Survivor (dpnid 794485450 uid x_MJ2w6DZznhQeYHMWeX7_S9NuAxgYSiQqpLVIMNfrA=) Entering DBGetCharacterLoginState
23:46:16.518 [StateMachine]: Player Survivor (dpnid 794485450 uid x_MJ2w6DZznhQeYHMWeX7_S9NuAxgYSiQqpLVIMNfrA=) Entering CreateNetObjectsLoginState
23:46:16.518 [CE][PlayerSpawnPoints][GRP_DBG] :: Selected: { no group } | idx: 0 (ut: 810859 | lt: 0 | ctr: 0)
23:46:16.518 [CE][PlayerSpawnPoints][GRP_DBG] :: Current: { no group } | idx: 0 (ct: 810859 | ut: 810859 | lt: 0 | ctr: 0)
23:46:16.518 [CE][PlayerSpawnPoints][GRP_DBG] :: Current: { no group } index: 0 (lt: 0 | ctr: 0)
23:46:16.518 [CE][PlayerSpawnPoints][GRP_DBG] :: Selected: { no group } | idx: 0 (ut: 810859 | lt: 0 | ctr: 0)
23:46:16.523 [StateMachine]: Player Survivor (dpnid 794485450 uid x_MJ2w6DZznhQeYHMWeX7_S9NuAxgYSiQqpLVIMNfrA=) Entering PreloadCamLoginState
23:46:16.523 [StateMachine]: Player Survivor (dpnid 794485450 uid x_MJ2w6DZznhQeYHMWeX7_S9NuAxgYSiQqpLVIMNfrA=) Entering WaitPreloadCamLoginState
23:46:23.562 [StateMachine]: Player Survivor (dpnid 794485450 uid x_MJ2w6DZznhQeYHMWeX7_S9NuAxgYSiQqpLVIMNfrA=) Entering GetNewCharLoginState
23:46:23.565 NETWORK      : Network simulation
23:46:23.565  WORLD        : Create entity type 'SurvivorF_Maria'
23:46:23.565   MATERIAL  (E): Object dz/characters/bodies/player_testing.xob - cannot load material cross_red.emat
23:46:23.665   RESOURCES (E): Failed to open object @"dz/anims/anm/player/ik/vehicles/hatchback/hatchback_Doors_Hood.anm"
23:46:23.665   RESOURCES (E): Failed to open object @"dz/anims/anm/player/ik/vehicles/v3s/hatchback_02_door_driver.anm"
23:46:23.665   RESOURCES (E): Failed to open object @"dz/anims/anm/player/ik/vehicles/v3s/hatchback_02_door_codriver.anm"
23:46:23.666   RESOURCES (E): Failed to open object @"dz/anims/anm/player/ik/vehicles/v3s/hatchback_02_door_driver.anm"
23:46:23.666   RESOURCES (E): Failed to open object @"dz/anims/anm/player/ik/vehicles/v3s/hatchback_02_door_codriver.anm"
23:46:23.666   RESOURCES (E): Failed to open object @"dz/anims/anm/player/ik/vehicles/v3s/hatchback_02_door_driver.anm"
23:46:23.666   RESOURCES (E): Failed to open object @"dz/anims/anm/player/ik/vehicles/v3s/hatchback_02_door_codriver.anm"
23:46:23.666   RESOURCES (E): Failed to open object @"dz/anims/anm/player/ik/vehicles/v3s/hatchback_02_door_driver.anm"
23:46:23.666   RESOURCES (E): Failed to open object @"dz/anims/anm/player/ik/vehicles/v3s/hatchback_02_door_codriver.anm"
23:46:23.667   RESOURCES (E): Failed to open object @"dz/anims/anm/player/ik/vehicles/hatchback/sedan_trunk.anm"
23:46:25.252   ANIMATION    : AnimSetInstance load @"{73CE583BF4026B87}SNAFU_Scripts/Animations/GCGN_M1Garand.asi"
23:46:25.252    RESOURCES (E): Failed to open object @"GCGN_Guns/Data/M1Garand/Anims/M1Garand.anm"
23:46:26.164  ENTITY       : Load entity type 'SurvivorF_Maria'
23:46:26.164   RESOURCES (E): Failed to open object @"dz/anims/anm/player/ik/vehicles/hatchback/hatchback_Doors_Hood.anm"
23:46:26.164   RESOURCES (E): Failed to open object @"dz/anims/anm/player/ik/vehicles/v3s/hatchback_02_door_driver.anm"
23:46:26.164   RESOURCES (E): Failed to open object @"dz/anims/anm/player/ik/vehicles/v3s/hatchback_02_door_codriver.anm"
23:46:26.164   RESOURCES (E): Failed to open object @"dz/anims/anm/player/ik/vehicles/v3s/hatchback_02_door_driver.anm"
23:46:26.164   RESOURCES (E): Failed to open object @"dz/anims/anm/player/ik/vehicles/v3s/hatchback_02_door_codriver.anm"
23:46:26.164   RESOURCES (E): Failed to open object @"dz/anims/anm/player/ik/vehicles/v3s/hatchback_02_door_driver.anm"
23:46:26.164   RESOURCES (E): Failed to open object @"dz/anims/anm/player/ik/vehicles/v3s/hatchback_02_door_codriver.anm"
23:46:26.164   RESOURCES (E): Failed to open object @"dz/anims/anm/player/ik/vehicles/v3s/hatchback_02_door_driver.anm"
23:46:26.164   RESOURCES (E): Failed to open object @"dz/anims/anm/player/ik/vehicles/v3s/hatchback_02_door_codriver.anm"
23:46:26.164   RESOURCES (E): Failed to open object @"dz/anims/anm/player/ik/vehicles/hatchback/sedan_trunk.anm"
23:46:26.192 Подключился игрок Survivor (id=x_MJ2w6DZznhQeYHMWeX7_S9NuAxgYSiQqpLVIMNfrA=).
23:46:26.192 Player "Survivor" (steamID=76561199587900842 pos=<6629.2, 11956.3, 9.8>) is connected
23:46:26.208 <CREATE NEW CHAR>:
    charID 1
    playerID 1
    dpnid 794485450
    uid x_MJ2w6DZznhQeYHMWeX7_S9NuAxgYSiQqpLVIMNfrA=
23:46:27.610 [CE][LootRespawner] (PRIDummy) :: Item [445] causing search overtime: "FarmingHoe"
23:46:27.710 [CE][LootRespawner] (PRIDummy) :: Item [446] causing search overtime: "KazuarOptic"
23:46:27.811 [CE][LootRespawner] (PRIDummy) :: Item [447] causing search overtime: "dzn_netanyas_log"
23:46:27.910 [CE][LootRespawner] (PRIDummy) :: Item [448] causing search overtime: "dzn_athena3_october"
23:46:28.10  [CE][LootRespawner] (PRIDummy) :: Item [449] causing search overtime: "MountainBag_Blue"
23:46:38.620 Player Survivor (794485450) kicked from server: 240 ( (Game restart required))
23:46:38.621 [Disconnect]: Client 794485450 early disconnect
23:46:38.621 [Disconnect]: Start script disconnect 794485450 (dbCharacterId 1 dbPlayerId 1) logoutTime 15
23:46:39.208 [Disconnect]: Remove player info 794485450
23:46:39.208 [Disconnect]: Player destroy 794485450 
23:46:52.573  --- Termination successfully completed --- 
