=====================================================================
== G:\SteamLibrary\steamapps\common\DayZServer\DayZServer_x64.exe
== DayZServer_x64.exe -config=serverDZ.cfg -port=2302 "-profiles=G:\SteamLibrary\steamapps\common\DayZServer\ServerProfiles" -cpuCount=4 -nosplash -noPause "-mod=@CF;@Dabs Framework;@[CnG]UAZ_452;@[CnG]UAZ_31514;@[CnG]VAZ_2109;@[CrSk] BMW 525i E34;@[CrSk] VAZ-2107;@[Remastered] Arma Weapon Pack;@Armored Vehicle Pack;@AutoCarFlip;@BaseBuildingPlus;@Basic Map;@BMW E38 [FREE];@BMW X5 2000;@BMW_M5_CS;@ChernarusRP AE86;@Code Lock;@DayZ Horse;@DayZ-Expansion;@DayZ-Expansion-BaseBuilding;@DayZ-Expansion-Core;@DayZ-Expansion-Licensed;@Dayz-Expansion-Vehicles;@Expansion Ka52;@GAZ 66 SHISHIGA;@GAZ_Tigr_FIXED;@Gerphelius_CarXFence;@Honda_NSX;@JosiesHiluxZ;@M110;@MBM_ApocalypseTruck;@MBM_GoKart;@MBM_UnderglowLights;@Mercedes-Benz AMG G63 W463;@MMG - Mightys Military Gear;@My Delta Force Weapons;@Namalsk Island;@Namalsk Survival;@Nissan GTR 2015 - FREE TO USE;@RUSForma_vehicles;@SNAFU Weapons;@SR_WeaponsPack;@Survivor Animations;@Syndicate Breaching Charge;@Tactical Flava;@The Complete Ghillie Pack;@Toyota_GT86_RB;@Unknown Ghillie Mod;@VAZ 2107 Yandex Dfift;@VPPAdminTools;@VPPAdminTools Ru Translate;@WindstridesClothingPack;@Zens Core Mod;@Zens Sleeping Mod"
=====================================================================
Exe timestamp: 2026/08/15 12:57:52
Current time:  2026/08/16 21:58:49
Version 1.29.163709
=====================================================================

21:58:49.304 ENGINE    (W): Process affinity forced to f
21:59:21.839 ENGINE    (W): No module info used, trying to identify -> 0x9DB40000
21:59:21.840 ENGINE    (W): Adjusting job system settings to have at least one job worker thread.
21:59:22.54  [Inputs] Loading inputs default "bin/constants.xml"
21:59:22.59  [Inputs] Loading inputs default "bin/specific.xml"
21:59:22.61  [Inputs] Loading inputs default "BBP_keybind/data/modded_Inputs.xml"
21:59:22.61  [Inputs] Loading inputs default "HB_FlipVehicle/Inputs/inputs.xml"
21:59:22.62  [Inputs] Loading inputs default "My_DF_Weapons_Scripts/Inputs.xml"
21:59:22.62  [Inputs] Loading inputs default "nst/ns_dayz/scripts/Data/Inputs.xml"
21:59:22.63  [Inputs] Loading inputs default "script_a/Inputs.xml"
21:59:22.64  [Inputs] Loading inputs default "VPPAdminTools/data/modded_Inputs.xml"
21:59:22.66  [Inputs] Loading inputs default "WindstrideClothing/Inputs.xml"
21:59:22.67  [Inputs] Loading inputs default "BasicMap/data/Inputs.xml"
21:59:22.68  [Inputs] Loading inputs default "MBM_UnderglowLights/gui/inputs.xml"
21:59:22.69  [Inputs] Loading inputs default "DayZExpansion/PlayerList/Scripts/Data/Inputs.xml"
21:59:22.69  [Inputs] Loading inputs default "DayZExpansion/Scripts/Data/Inputs.xml"
21:59:22.69  [Inputs] Loading inputs default "DayZExpansion/Vehicles/Scripts/Data/Inputs.xml"
21:59:22.71  [Inputs] Loading inputs default "Dayz_Horse/Data/Inputs.xml"
21:59:22.72  [Inputs] Loading inputs default "DayZExpansion/BaseBuilding/Scripts/Data/Inputs.xml"
21:59:22.73  [Inputs] Loading inputs cfg "G:\SteamLibrary\steamapps\common\DayZServer\ServerProfiles\Users\Survivor\Server.core.xml"
21:59:22.79  [Inputs] Exporting inputs cfg "G:\SteamLibrary\steamapps\common\DayZServer\ServerProfiles\Users\Survivor\Server.core.xml"
21:59:22.283 SCRIPT    (W): @"BaseBuildingPlus/scripts/3_Game/bbpconfig.c,143": FIX-ME: Unexpected statement 'ref'
21:59:22.326 SCRIPT    (W): @"CodeLock/scripts/3_game/dayzgame.c,13": FIX-ME: Method argument can't be strong reference
21:59:22.414 SCRIPT    (W): @"BasicMap/scripts/3_Game/basicmapcontroller.c,93": FIX-ME: Method argument can't be strong reference
21:59:22.414 SCRIPT    (W): @"BasicMap/scripts/3_Game/basicmapcontroller.c,93": FIX-ME: Method argument can't be strong reference
21:59:22.414 SCRIPT    (W): @"BasicMap/scripts/3_Game/basicmapcontroller.c,93": FIX-ME: Method argument can't be strong reference
21:59:22.414 SCRIPT    (W): @"BasicMap/scripts/3_Game/basicmapcontroller.c,132": FIX-ME: Method argument can't be strong reference
21:59:22.414 SCRIPT    (W): @"BasicMap/scripts/3_Game/basicmapcontroller.c,132": FIX-ME: Method argument can't be strong reference
21:59:22.414 SCRIPT    (W): @"BasicMap/scripts/3_Game/basicmapcontroller.c,132": FIX-ME: Method argument can't be strong reference
21:59:22.414 SCRIPT    (W): @"BasicMap/scripts/3_Game/basicmapcontroller.c,305": FIX-ME: Method argument can't be strong reference
21:59:22.414 SCRIPT    (W): @"BasicMap/scripts/3_Game/basicmapcontroller.c,447": FIX-ME: Method argument can't be strong reference
21:59:22.414 SCRIPT    (W): @"BasicMap/scripts/3_Game/basicmapcontroller.c,453": FIX-ME: Method argument can't be strong reference
21:59:22.419 SCRIPT    (W): @"BasicMap/scripts/3_Game/gui\basicmapmenu.c,556": FIX-ME: Overriding function 'LockControls' but not marked as 'override'
21:59:27.01  ANIMATION (E): Can't load @Zens Sleeping Mod/Anims/cfg/skeletons.anim.xml
21:59:27.01  ANIMATION (E): Failed to open file, line 0, column 0
21:59:27.01  ANIMATION (E): Can't load @Zens Core Mod/Anims/cfg/skeletons.anim.xml
21:59:27.01  ANIMATION (E): Failed to open file, line 0, column 0
21:59:27.01  ANIMATION (E): Can't load @WindstridesClothingPack/Anims/cfg/skeletons.anim.xml
21:59:27.01  ANIMATION (E): Failed to open file, line 0, column 0
21:59:27.01  ANIMATION (E): Can't load @VPPAdminTools Ru Translate/Anims/cfg/skeletons.anim.xml
21:59:27.01  ANIMATION (E): Failed to open file, line 0, column 0
21:59:27.01  ANIMATION (E): Can't load @VPPAdminTools/Anims/cfg/skeletons.anim.xml
21:59:27.01  ANIMATION (E): Failed to open file, line 0, column 0
21:59:27.01  ANIMATION (E): Can't load @VAZ 2107 Yandex Dfift/Anims/cfg/skeletons.anim.xml
21:59:27.01  ANIMATION (E): Failed to open file, line 0, column 0
21:59:27.01  ANIMATION (E): Can't load @Unknown Ghillie Mod/Anims/cfg/skeletons.anim.xml
21:59:27.01  ANIMATION (E): Failed to open file, line 0, column 0
21:59:27.01  ANIMATION (E): Can't load @Toyota_GT86_RB/Anims/cfg/skeletons.anim.xml
21:59:27.01  ANIMATION (E): Failed to open file, line 0, column 0
21:59:27.01  ANIMATION (E): Can't load @The Complete Ghillie Pack/Anims/cfg/skeletons.anim.xml
21:59:27.01  ANIMATION (E): Failed to open file, line 0, column 0
21:59:27.01  ANIMATION (E): Can't load @Tactical Flava/Anims/cfg/skeletons.anim.xml
21:59:27.01  ANIMATION (E): Failed to open file, line 0, column 0
21:59:27.01  ANIMATION (E): Can't load @Syndicate Breaching Charge/Anims/cfg/skeletons.anim.xml
21:59:27.01  ANIMATION (E): Failed to open file, line 0, column 0
21:59:27.01  ANIMATION (E): Can't load @Survivor Animations/Anims/cfg/skeletons.anim.xml
21:59:27.01  ANIMATION (E): Failed to open file, line 0, column 0
21:59:27.01  ANIMATION (E): Can't load @SR_WeaponsPack/Anims/cfg/skeletons.anim.xml
21:59:27.01  ANIMATION (E): Failed to open file, line 0, column 0
21:59:27.02  ANIMATION (E): Can't load @SNAFU Weapons/Anims/cfg/skeletons.anim.xml
21:59:27.02  ANIMATION (E): Failed to open file, line 0, column 0
21:59:27.02  ANIMATION (E): Can't load @RUSForma_vehicles/Anims/cfg/skeletons.anim.xml
21:59:27.02  ANIMATION (E): Failed to open file, line 0, column 0
21:59:27.02  ANIMATION (E): Can't load @Nissan GTR 2015 - FREE TO USE/Anims/cfg/skeletons.anim.xml
21:59:27.02  ANIMATION (E): Failed to open file, line 0, column 0
21:59:27.02  ANIMATION (E): Can't load @Namalsk Survival/Anims/cfg/skeletons.anim.xml
21:59:27.02  ANIMATION (E): Failed to open file, line 0, column 0
21:59:27.02  ANIMATION (E): Can't load @Namalsk Island/Anims/cfg/skeletons.anim.xml
21:59:27.02  ANIMATION (E): Failed to open file, line 0, column 0
21:59:27.02  ANIMATION (E): Can't load @My Delta Force Weapons/Anims/cfg/skeletons.anim.xml
21:59:27.02  ANIMATION (E): Failed to open file, line 0, column 0
21:59:27.02  ANIMATION (E): Can't load @MMG - Mightys Military Gear/Anims/cfg/skeletons.anim.xml
21:59:27.02  ANIMATION (E): Failed to open file, line 0, column 0
21:59:27.02  ANIMATION (E): Can't load @Mercedes-Benz AMG G63 W463/Anims/cfg/skeletons.anim.xml
21:59:27.02  ANIMATION (E): Failed to open file, line 0, column 0
21:59:27.02  ANIMATION (E): Can't load @MBM_UnderglowLights/Anims/cfg/skeletons.anim.xml
21:59:27.02  ANIMATION (E): Failed to open file, line 0, column 0
21:59:27.02  ANIMATION (E): Can't load @MBM_GoKart/Anims/cfg/skeletons.anim.xml
21:59:27.02  ANIMATION (E): Failed to open file, line 0, column 0
21:59:27.02  ANIMATION (E): Can't load @MBM_ApocalypseTruck/Anims/cfg/skeletons.anim.xml
21:59:27.02  ANIMATION (E): Failed to open file, line 0, column 0
21:59:27.02  ANIMATION (E): Can't load @M110/Anims/cfg/skeletons.anim.xml
21:59:27.02  ANIMATION (E): Failed to open file, line 0, column 0
21:59:27.02  ANIMATION (E): Can't load @JosiesHiluxZ/Anims/cfg/skeletons.anim.xml
21:59:27.02  ANIMATION (E): Failed to open file, line 0, column 0
21:59:27.02  ANIMATION (E): Can't load @Honda_NSX/Anims/cfg/skeletons.anim.xml
21:59:27.02  ANIMATION (E): Failed to open file, line 0, column 0
21:59:27.02  ANIMATION (E): Can't load @Gerphelius_CarXFence/Anims/cfg/skeletons.anim.xml
21:59:27.02  ANIMATION (E): Failed to open file, line 0, column 0
21:59:27.02  ANIMATION (E): Can't load @GAZ_Tigr_FIXED/Anims/cfg/skeletons.anim.xml
21:59:27.02  ANIMATION (E): Failed to open file, line 0, column 0
21:59:27.02  ANIMATION (E): Can't load @GAZ 66 SHISHIGA/Anims/cfg/skeletons.anim.xml
21:59:27.02  ANIMATION (E): Failed to open file, line 0, column 0
21:59:27.02  ANIMATION (E): Can't load @Expansion Ka52/Anims/cfg/skeletons.anim.xml
21:59:27.02  ANIMATION (E): Failed to open file, line 0, column 0
21:59:27.02  ANIMATION (E): Can't load @Dayz-Expansion-Vehicles/Anims/cfg/skeletons.anim.xml
21:59:27.02  ANIMATION (E): Failed to open file, line 0, column 0
21:59:27.02  ANIMATION (E): Can't load @DayZ-Expansion-Licensed/Anims/cfg/skeletons.anim.xml
21:59:27.02  ANIMATION (E): Failed to open file, line 0, column 0
21:59:27.02  ANIMATION (E): Can't load @DayZ-Expansion-Core/Anims/cfg/skeletons.anim.xml
21:59:27.02  ANIMATION (E): Failed to open file, line 0, column 0
21:59:27.02  ANIMATION (E): Can't load @DayZ-Expansion-BaseBuilding/Anims/cfg/skeletons.anim.xml
21:59:27.02  ANIMATION (E): Failed to open file, line 0, column 0
21:59:27.02  ANIMATION (E): Can't load @DayZ-Expansion/Anims/cfg/skeletons.anim.xml
21:59:27.02  ANIMATION (E): Failed to open file, line 0, column 0
21:59:27.03  ANIMATION (E): Can't load @Code Lock/Anims/cfg/skeletons.anim.xml
21:59:27.03  ANIMATION (E): Failed to open file, line 0, column 0
21:59:27.03  ANIMATION (E): Can't load @ChernarusRP AE86/Anims/cfg/skeletons.anim.xml
21:59:27.03  ANIMATION (E): Failed to open file, line 0, column 0
21:59:27.03  ANIMATION (E): Can't load @BMW_M5_CS/Anims/cfg/skeletons.anim.xml
21:59:27.03  ANIMATION (E): Failed to open file, line 0, column 0
21:59:27.03  ANIMATION (E): Can't load @BMW X5 2000/Anims/cfg/skeletons.anim.xml
21:59:27.03  ANIMATION (E): Failed to open file, line 0, column 0
21:59:27.03  ANIMATION (E): Can't load @BMW E38 [FREE]/Anims/cfg/skeletons.anim.xml
21:59:27.03  ANIMATION (E): Failed to open file, line 0, column 0
21:59:27.03  ANIMATION (E): Can't load @Basic Map/Anims/cfg/skeletons.anim.xml
21:59:27.03  ANIMATION (E): Failed to open file, line 0, column 0
21:59:27.03  ANIMATION (E): Can't load @BaseBuildingPlus/Anims/cfg/skeletons.anim.xml
21:59:27.03  ANIMATION (E): Failed to open file, line 0, column 0
21:59:27.03  ANIMATION (E): Can't load @AutoCarFlip/Anims/cfg/skeletons.anim.xml
21:59:27.03  ANIMATION (E): Failed to open file, line 0, column 0
21:59:27.03  ANIMATION (E): Can't load @Armored Vehicle Pack/Anims/cfg/skeletons.anim.xml
21:59:27.03  ANIMATION (E): Failed to open file, line 0, column 0
21:59:27.03  ANIMATION (E): Can't load @[Remastered] Arma Weapon Pack/Anims/cfg/skeletons.anim.xml
21:59:27.03  ANIMATION (E): Failed to open file, line 0, column 0
21:59:27.03  ANIMATION (E): Can't load @[CrSk] VAZ-2107/Anims/cfg/skeletons.anim.xml
21:59:27.03  ANIMATION (E): Failed to open file, line 0, column 0
21:59:27.03  ANIMATION (E): Can't load @[CrSk] BMW 525i E34/Anims/cfg/skeletons.anim.xml
21:59:27.03  ANIMATION (E): Failed to open file, line 0, column 0
21:59:27.03  ANIMATION (E): Can't load @[CnG]VAZ_2109/Anims/cfg/skeletons.anim.xml
21:59:27.03  ANIMATION (E): Failed to open file, line 0, column 0
21:59:27.03  ANIMATION (E): Can't load @[CnG]UAZ_31514/Anims/cfg/skeletons.anim.xml
21:59:27.03  ANIMATION (E): Failed to open file, line 0, column 0
21:59:27.03  ANIMATION (E): Can't load @[CnG]UAZ_452/Anims/cfg/skeletons.anim.xml
21:59:27.03  ANIMATION (E): Failed to open file, line 0, column 0
21:59:27.03  ANIMATION (E): Can't load @Dabs Framework/Anims/cfg/skeletons.anim.xml
21:59:27.03  ANIMATION (E): Failed to open file, line 0, column 0
21:59:27.03  ANIMATION (E): Can't load @CF/Anims/cfg/skeletons.anim.xml
21:59:27.03  ANIMATION (E): Failed to open file, line 0, column 0
21:59:27.03  ANIMATION (E): Can't load sakhal/Anims/cfg/skeletons.anim.xml
21:59:27.03  ANIMATION (E): Failed to open file, line 0, column 0
21:59:29.782 SCRIPT    (W): @"HB_FlipVehicle/Scripts/4_World/classes\registeractions.c,28": Missing ';' at the end of line
21:59:29.802 SCRIPT    (W): @"script_a/Scripts/4_World/entities\creatures\infected\zombiebase.c,280": FIX-ME: Unmatched brackets detected!
21:59:29.805 SCRIPT    (W): @"script_a/Scripts/4_World/bipod\megagovno.c,5": FIX-ME: Missing function scope
21:59:29.805 SCRIPT    (W): @"script_a/Scripts/4_World/bipod\megagovno.c,13": FIX-ME: Missing function scope
21:59:29.805 SCRIPT    (W): @"script_a/Scripts/4_World/bipod\megagovno.c,15": FIX-ME: Missing function scope
21:59:29.805 SCRIPT    (W): @"script_a/Scripts/4_World/bipod\megagovno.c,17": FIX-ME: Missing function scope
21:59:29.805 SCRIPT    (W): @"script_a/Scripts/4_World/bipod\megagovno.c,46": FIX-ME: Missing function scope
21:59:29.805 SCRIPT    (W): @"script_a/Scripts/4_World/bipod\megagovno.c,54": FIX-ME: Missing function scope
21:59:29.805 SCRIPT    (W): @"script_a/Scripts/4_World/bipod\megagovno.c,56": FIX-ME: Missing function scope
21:59:29.805 SCRIPT    (W): @"script_a/Scripts/4_World/bipod\megagovno.c,58": FIX-ME: Missing function scope
21:59:29.805 SCRIPT    (W): @"script_a/Scripts/4_World/bipod\megagovno.c,99": FIX-ME: Missing function scope
21:59:29.806 SCRIPT    (W): @"script_a/Scripts/4_World/classes\useractionscomponent\actions\singleuse\action.c,16": FIX-ME: Missing function scope
21:59:29.806 SCRIPT    (W): @"script_a/Scripts/4_World/classes\useractionscomponent\actions\singleuse\action.c,74": FIX-ME: Missing function scope
21:59:29.806 SCRIPT    (W): @"script_a/Scripts/4_World/classes\useractionscomponent\actions\singleuse\action.c,131": FIX-ME: Missing function scope
21:59:30.49  SCRIPT    (W): @"script_a/Scripts/4_World/entities\itembase\weapon\weapon_base.c,3": FIX-ME: Overriding function 'IsBipodDeployed' but not marked as 'override'
21:59:30.56  SCRIPT    (W): @"CodeLock/scripts/4_world/entities\codelock.c,308": FIX-ME: Method argument can't be strong reference
21:59:30.68  SCRIPT    (W): @"kamaz_4310RUS\scripts\4_World/carscript_kamaz_4310rus_cabinmanipulte.c,8": FIX-ME: Overriding function 'IsCabinCanManipulate' but not marked as 'override'
21:59:30.69  SCRIPT    (W): @"kamaz_4310RUS\scripts\4_World/carscript_kamaz_4310rus_cabinmanipulte.c,13": FIX-ME: Overriding function 'GetCabinAnimationSource' but not marked as 'override'
21:59:30.69  SCRIPT    (W): @"kamaz_4310RUS\scripts\4_World/carscript_kamaz_4310rus_cabinmanipulte.c,18": FIX-ME: Overriding function 'IsCabinRised' but not marked as 'override'
21:59:30.69  SCRIPT    (W): @"kamaz_4310RUS\scripts\4_World/carscript_kamaz_4310rus_cabinmanipulte.c,23": FIX-ME: Overriding function 'IsPassengersInCabin' but not marked as 'override'
21:59:30.69  SCRIPT    (W): @"tractor_UMZ_RUS\scripts\4_World/carscript.c,4": FIX-ME: Overriding function 'HandleDoorsSound' but not marked as 'override'
21:59:30.152 SCRIPT    (W): @"script_a/Scripts/4_World/weapons\m14_dmr.c,151": FIX-ME: Overriding function 'AssembleGun' but not marked as 'override'
21:59:30.152 SCRIPT    (W): @"kamaz_4310RUS\scripts\4_World/static\miscgameplayfunctions.c,6": FIX-ME: Overriding function 'IsInsideCar' but not marked as 'override'
21:59:30.213 SCRIPT    (W): @"Jeep_Wnagler/scripts/Jeep_Wnagler/jeep_wnagler.c,171": FIX-ME: Overriding function 'GetDoorConditionPointFromSelection' but not marked as 'override'
21:59:30.219 SCRIPT    (W): @"SR_Weapons_Scripts/scripts/4_world/weapons\rsass.c,30": FIX-ME: Overriding function 'EEItemDetached' but not marked as 'override'
21:59:30.227 SCRIPT    (W): @"SR_Weapons_Scripts/scripts/4_world/weapons\scar_l.c,26": FIX-ME: Overriding function 'EEItemDetached' but not marked as 'override'
21:59:30.278 SCRIPT    (W): @"CodeLock/scripts/4_world/pluginmanager\pluginbase\permissions\codelockpermissionmanager.c,46": FIX-ME: Method argument can't be strong reference
21:59:30.327 SCRIPT    (W): @"script_a/Scripts/4_World/classes\useractionscomponent\actions\singleuse\action.c,180": Possible variable name conflict 'second_item_health'
21:59:30.332 SCRIPT    (W): @"SR_Weapons_Scripts/scripts/4_world/weapons\scar_h.c,26": FIX-ME: Overriding function 'EEItemDetached' but not marked as 'override'
21:59:30.335 SCRIPT    (W): @"script_a/Scripts/4_World/weapons\anzio20.c,321": FIX-ME: Overriding function 'AssembleGun' but not marked as 'override'
21:59:30.349 SCRIPT    (W): @"LAPV_tan/scripts/LAPV_tan/lapv_tan.c,270": FIX-ME: Overriding function 'GetDoorConditionPointFromSelection' but not marked as 'override'
21:59:30.381 SCRIPT    (W): @"script_a/Scripts/4_World/weapons\ak105_bullpup.c,48": FIX-ME: Overriding function 'AssembleGun' but not marked as 'override'
21:59:30.398 SCRIPT    (W): @"script_a/Scripts/4_World/weapons\m249.c,27": FIX-ME: Overriding function 'AssembleGun' but not marked as 'override'
21:59:30.400 SCRIPT    (W): @"script_a/Scripts/4_World/bipod\bipod_base.c,112": FIX-ME: Overriding function 'IsBipodInUse' but not marked as 'override'
21:59:30.407 SCRIPT    (W): @"script_a/Scripts/4_World/weapons\pkm.c,105": FIX-ME: Overriding function 'AssembleGun' but not marked as 'override'
21:59:30.453 SCRIPT    (W): @"script_a/Scripts/4_World/weapons\m14_dmr.c,86": FIX-ME: Overriding function 'AssembleGun' but not marked as 'override'
21:59:30.462 SCRIPT    (W): @"BaseBuildingPlus/scripts/4_World/basebuildingplusui\entites\manbase\playerbase.c,16": FIX-ME: Overriding function 'ToggleBookReading' but not marked as 'override'
21:59:30.462 SCRIPT    (W): @"BaseBuildingPlus/scripts/4_World/basebuildingplusui\entites\manbase\playerbase.c,20": FIX-ME: Overriding function 'IsReadingBook' but not marked as 'override'
21:59:30.481 SCRIPT    (W): @"Glowler_ITV/scripts/Glowler_ITV/glowler_itv.c,162": FIX-ME: Overriding function 'GetDoorConditionPointFromSelection' but not marked as 'override'
21:59:30.510 SCRIPT    (W): @"script_a/Scripts/4_World/weapons\pkm.c,252": FIX-ME: Overriding function 'AssembleGun' but not marked as 'override'
21:59:30.545 SCRIPT    (W): @"MRAP_Cougar/scripts/MRAP_Cougar/mrap_cougar.c,235": FIX-ME: Overriding function 'GetDoorConditionPointFromSelection' but not marked as 'override'
21:59:30.553 SCRIPT    (W): @"CodeLock/scripts/4_world/gui\setcodemenu.c,31": FIX-ME: Overriding function 'CheckState' but not marked as 'override'
21:59:30.564 SCRIPT    (W): @"LAPV_camo/scripts/LAPV_camo/lapv_camo.c,270": FIX-ME: Overriding function 'GetDoorConditionPointFromSelection' but not marked as 'override'
21:59:30.573 SCRIPT    (W): @"script_a/Scripts/4_World/entities\itembase\tf_burningshard.c,115": FIX-ME: Overriding function 'IsTakeable' but not marked as 'override'
21:59:30.573 SCRIPT    (W): @"script_a/Scripts/4_World/entities\itembase\tf_burningshard.c,120": FIX-ME: Overriding function 'CanHaveTemperature' but not marked as 'override'
21:59:30.596 SCRIPT    (W): @"WindstrideClothing/scripts/4_World/namalsk\frostbite.c,4": FIX-ME: Overriding function 'CheckSlotOfInterest' but not marked as 'override'
21:59:30.605 SCRIPT    (W): @"LAPV_green/scripts/LAPV_green/lapv_green.c,270": FIX-ME: Overriding function 'GetDoorConditionPointFromSelection' but not marked as 'override'
21:59:30.610 SCRIPT    (W): @"script_a/Scripts/4_World/bipod\bipod_base.c,102": FIX-ME: Overriding function 'IsBipodInUse' but not marked as 'override'
21:59:30.629 SCRIPT    (W): @"x5_2000\scripts\x5_2000/x5_2000.c,7": FIX-ME: Overriding function 'DashboardShineOn' but not marked as 'override'
21:59:30.629 SCRIPT    (W): @"x5_2000\scripts\x5_2000/x5_2000.c,31": FIX-ME: Overriding function 'DashboardShineOff' but not marked as 'override'
21:59:30.632 SCRIPT    (W): @"CodeLock/scripts/4_world/gui\guestcodemenu.c,29": FIX-ME: Overriding function 'SendRPC' but not marked as 'override'
21:59:30.637 SCRIPT    (W): @"script_a/Scripts/4_World/weapons\m240.c,27": FIX-ME: Overriding function 'AssembleGun' but not marked as 'override'
21:59:30.647 SCRIPT    (W): @"script_a/Scripts/4_World/bipod\bipod_base.c,93": FIX-ME: Overriding function 'IsBipodInUse' but not marked as 'override'
21:59:30.685 SCRIPT    (W): @"script_a/Scripts/4_World/bipod\bipod_base.c,84": FIX-ME: Overriding function 'IsBipodInUse' but not marked as 'override'
21:59:30.692 SCRIPT    (W): @"CodeLock/scripts/4_world/gui\claimcodemenu.c,27": FIX-ME: Overriding function 'SendRPC' but not marked as 'override'
21:59:30.700 SCRIPT    (W): @"LAPV/scripts/LAPV/lapv.c,270": FIX-ME: Overriding function 'GetDoorConditionPointFromSelection' but not marked as 'override'
21:59:30.707 SCRIPT    (W): @"CodeLock/scripts/4_world/gui\entercodemenu.c,37": FIX-ME: Overriding function 'SendRPC' but not marked as 'override'
21:59:33.196 SCRIPT    (W): @"CodeLock/scripts/4_world/actions\continuous\actiondestroycodelockontent.c,73": Possible variable name conflict '_Health'
21:59:33.252 SCRIPT    (W): @"CodeLock/scripts/4_world/actions\continuous\actiondestroycodelockonfence.c,67": Possible variable name conflict '_Health'
21:59:37.635 SCRIPT    (W): @"MBM_Apocalypse_Truck\scripts\4_World/entities\vehicle\apocalypsetruck.c,262": 'GetController' is obsolete: Use methods directly on Car
21:59:44.749 SCRIPT    (W): @"Dayz_Horse/Scripts/4_World/dayzplayerimplement.c,180": No need to use 'Cast' for up-casting
21:59:47.617 WORLD        : Create entity type 'headphones_base'
21:59:47.617  WORLD        : Create entity type 'PersonalRadio'
21:59:47.617   ENTITY    (E): Type 'Inventory_BaseType' must be inherited from class 'ItemTransmitterType'
21:59:50.957 PreloadAnimationSets
21:59:50.957  ANIMATION    : AnimSetInstance load @"{0F5E6205A5E823C3}dz/anims/workspaces/player/player_main/player_main.asi"
21:59:50.957   RESOURCES (E): Failed to open object @"SurvivorAnimsExtras/animations/extras/p_cro_CustomAction_01_in.anm"
21:59:50.957   RESOURCES (E): Failed to open object @"SurvivorAnimsExtras/animations/extras/p_cro_CustomAction_01_loop.anm"
21:59:50.957   RESOURCES (E): Failed to open object @"SurvivorAnimsExtras/animations/extras/p_cro_CustomAction_01_out.anm"
21:59:50.957   RESOURCES (E): Failed to open object @"SurvivorAnimsExtras/animations/extras/p_erc_CustomAction_01_in.anm"
21:59:50.957   RESOURCES (E): Failed to open object @"SurvivorAnimsExtras/animations/extras/p_erc_CustomAction_01_loop.anm"
21:59:50.957   RESOURCES (E): Failed to open object @"SurvivorAnimsExtras/animations/extras/p_erc_CustomAction_01_out.anm"
21:59:50.957   RESOURCES (E): Failed to open object @"SurvivorAnimsExtras/animations/extras/p_cro_CustomAction_02_in.anm"
21:59:50.957   RESOURCES (E): Failed to open object @"SurvivorAnimsExtras/animations/extras/p_cro_CustomAction_02_loop.anm"
21:59:50.957   RESOURCES (E): Failed to open object @"SurvivorAnimsExtras/animations/extras/p_cro_CustomAction_02_out.anm"
21:59:50.957   RESOURCES (E): Failed to open object @"SurvivorAnimsExtras/animations/extras/p_erc_CustomAction_02_in.anm"
21:59:50.958   RESOURCES (E): Failed to open object @"SurvivorAnimsExtras/animations/extras/p_erc_CustomAction_02_loop.anm"
21:59:50.958   RESOURCES (E): Failed to open object @"SurvivorAnimsExtras/animations/extras/p_erc_CustomAction_02_out.anm"
21:59:50.958   RESOURCES (E): Failed to open object @"SurvivorAnimsExtras/animations/extras/p_cro_FB_CustomAction_01_in.anm"
21:59:50.958   RESOURCES (E): Failed to open object @"SurvivorAnimsExtras/animations/extras/p_cro_FB_CustomAction_01_loop.anm"
21:59:50.958   RESOURCES (E): Failed to open object @"SurvivorAnimsExtras/animations/extras/p_cro_FB_CustomAction_01_out.anm"
21:59:50.958   RESOURCES (E): Failed to open object @"SurvivorAnimsExtras/animations/extras/p_erc_FB_CustomAction_01_in.anm"
21:59:50.958   RESOURCES (E): Failed to open object @"SurvivorAnimsExtras/animations/extras/p_erc_FB_CustomAction_01_loop.anm"
21:59:50.958   RESOURCES (E): Failed to open object @"SurvivorAnimsExtras/animations/extras/p_erc_FB_CustomAction_01_out.anm"
21:59:50.958   RESOURCES (E): Failed to open object @"SurvivorAnimsExtras/animations/extras/p_cro_FB_CustomAction_02_in.anm"
21:59:50.958   RESOURCES (E): Failed to open object @"SurvivorAnimsExtras/animations/extras/p_cro_FB_CustomAction_02_loop.anm"
21:59:50.958   RESOURCES (E): Failed to open object @"SurvivorAnimsExtras/animations/extras/p_cro_FB_CustomAction_02_out.anm"
21:59:50.958   RESOURCES (E): Failed to open object @"SurvivorAnimsExtras/animations/extras/p_erc_FB_CustomAction_02_in.anm"
21:59:50.958   RESOURCES (E): Failed to open object @"SurvivorAnimsExtras/animations/extras/p_erc_FB_CustomAction_02_loop.anm"
21:59:50.958   RESOURCES (E): Failed to open object @"SurvivorAnimsExtras/animations/extras/p_erc_FB_CustomAction_02_out.anm"
21:59:50.958   RESOURCES (E): Failed to open object @"SurvivorAnimsExtras/animations/extras/p_cro_FB_CustomAction_03_in.anm"
21:59:50.958   RESOURCES (E): Failed to open object @"SurvivorAnimsExtras/animations/extras/p_cro_FB_CustomAction_03_loop.anm"
21:59:50.958   RESOURCES (E): Failed to open object @"SurvivorAnimsExtras/animations/extras/p_cro_FB_CustomAction_03_out.anm"
21:59:50.958   RESOURCES (E): Failed to open object @"SurvivorAnimsExtras/animations/extras/p_erc_FB_CustomAction_03_in.anm"
21:59:50.958   RESOURCES (E): Failed to open object @"SurvivorAnimsExtras/animations/extras/p_erc_FB_CustomAction_03_loop.anm"
21:59:50.958   RESOURCES (E): Failed to open object @"SurvivorAnimsExtras/animations/extras/p_erc_FB_CustomAction_03_out.anm"
21:59:50.958   RESOURCES (E): Failed to open object @"SurvivorAnimsExtras/animations/extras/p_cro_FB_CustomAction_04_in.anm"
21:59:50.958   RESOURCES (E): Failed to open object @"SurvivorAnimsExtras/animations/extras/p_cro_FB_CustomAction_04_loop.anm"
21:59:50.958   RESOURCES (E): Failed to open object @"SurvivorAnimsExtras/animations/extras/p_cro_FB_CustomAction_04_out.anm"
21:59:50.958   RESOURCES (E): Failed to open object @"SurvivorAnimsExtras/animations/extras/p_erc_FB_CustomAction_04_in.anm"
21:59:50.958   RESOURCES (E): Failed to open object @"SurvivorAnimsExtras/animations/extras/p_erc_FB_CustomAction_04_loop.anm"
21:59:50.958   RESOURCES (E): Failed to open object @"SurvivorAnimsExtras/animations/extras/p_erc_FB_CustomAction_04_out.anm"
21:59:50.958   RESOURCES (E): Failed to open object @"SurvivorAnimsExtras/animations/extras/p_cro_FB_CustomAction_05_in.anm"
21:59:50.958   RESOURCES (E): Failed to open object @"SurvivorAnimsExtras/animations/extras/p_cro_FB_CustomAction_05_loop.anm"
21:59:50.958   RESOURCES (E): Failed to open object @"SurvivorAnimsExtras/animations/extras/p_cro_FB_CustomAction_05_out.anm"
21:59:50.958   RESOURCES (E): Failed to open object @"SurvivorAnimsExtras/animations/extras/p_erc_FB_CustomAction_05_in.anm"
21:59:50.958   RESOURCES (E): Failed to open object @"SurvivorAnimsExtras/animations/extras/p_erc_FB_CustomAction_05_loop.anm"
21:59:50.958   RESOURCES (E): Failed to open object @"SurvivorAnimsExtras/animations/extras/p_erc_FB_CustomAction_05_out.anm"
21:59:51.43    RESOURCES (E): Failed to open object @"SurvivorAnimsExtras/animations/extras/p_cro_CustomActionOnce_01.anm"
21:59:51.43    RESOURCES (E): Failed to open object @"SurvivorAnimsExtras/animations/extras/p_erc_CustomActionOnce_01.anm"
21:59:51.43    RESOURCES (E): Failed to open object @"SurvivorAnimsExtras/animations/extras/p_pne_FB_CustomActionOnce_01.anm"
21:59:51.43    RESOURCES (E): Failed to open object @"SurvivorAnimsExtras/animations/extras/p_cro_CustomActionOnce_02.anm"
21:59:51.43    RESOURCES (E): Failed to open object @"SurvivorAnimsExtras/animations/extras/p_erc_CustomActionOnce_02.anm"
21:59:51.43    RESOURCES (E): Failed to open object @"SurvivorAnimsExtras/animations/extras/p_pne_FB_CustomActionOnce_02.anm"
21:59:51.43    RESOURCES (E): Failed to open object @"SurvivorAnimsExtras/animations/extras/p_cro_CustomActionOnce_03.anm"
21:59:51.43    RESOURCES (E): Failed to open object @"SurvivorAnimsExtras/animations/extras/p_erc_CustomActionOnce_03.anm"
21:59:51.43    RESOURCES (E): Failed to open object @"SurvivorAnimsExtras/animations/extras/p_pne_FB_CustomActionOnce_03.anm"
21:59:51.43    RESOURCES (E): Failed to open object @"SurvivorAnimsExtras/animations/extras/p_cro_CustomActionOnce_04.anm"
21:59:51.43    RESOURCES (E): Failed to open object @"SurvivorAnimsExtras/animations/extras/p_erc_CustomActionOnce_04.anm"
21:59:51.43    RESOURCES (E): Failed to open object @"SurvivorAnimsExtras/animations/extras/p_pne_FB_CustomActionOnce_04.anm"
21:59:51.43    RESOURCES (E): Failed to open object @"SurvivorAnimsExtras/animations/extras/p_cro_CustomActionOnce_05.anm"
21:59:51.43    RESOURCES (E): Failed to open object @"SurvivorAnimsExtras/animations/extras/p_erc_CustomActionOnce_05.anm"
21:59:51.43    RESOURCES (E): Failed to open object @"SurvivorAnimsExtras/animations/extras/p_pne_FB_CustomActionOnce_05.anm"
21:59:51.307   RESOURCES (E): Failed to open object @"SurvivorAnimsExtras/animations/extras/p_erc_CustomEmote_01_in.anm"
21:59:51.307   RESOURCES (E): Failed to open object @"SurvivorAnimsExtras/animations/extras/p_erc_CustomEmote_01_loop.anm"
21:59:51.307   RESOURCES (E): Failed to open object @"SurvivorAnimsExtras/animations/extras/p_erc_CustomEmote_01_out.anm"
21:59:51.307   RESOURCES (E): Failed to open object @"SurvivorAnimsExtras/animations/extras/p_erc_CustomEmote_02_in.anm"
21:59:51.307   RESOURCES (E): Failed to open object @"SurvivorAnimsExtras/animations/extras/p_erc_CustomEmote_02_loop.anm"
21:59:51.307   RESOURCES (E): Failed to open object @"SurvivorAnimsExtras/animations/extras/p_erc_CustomEmote_02_out.anm"
21:59:51.307   RESOURCES (E): Failed to open object @"SurvivorAnimsExtras/animations/extras/p_erc_CustomEmote_03_in.anm"
21:59:51.307   RESOURCES (E): Failed to open object @"SurvivorAnimsExtras/animations/extras/p_erc_CustomEmote_03_loop.anm"
21:59:51.307   RESOURCES (E): Failed to open object @"SurvivorAnimsExtras/animations/extras/p_erc_CustomEmote_03_out.anm"
21:59:51.307   RESOURCES (E): Failed to open object @"SurvivorAnimsExtras/animations/extras/p_erc_CustomEmote_04_in.anm"
21:59:51.307   RESOURCES (E): Failed to open object @"SurvivorAnimsExtras/animations/extras/p_erc_CustomEmote_04_loop.anm"
21:59:51.307   RESOURCES (E): Failed to open object @"SurvivorAnimsExtras/animations/extras/p_erc_CustomEmote_04_out.anm"
21:59:51.307   RESOURCES (E): Failed to open object @"SurvivorAnimsExtras/animations/extras/p_erc_CustomEmote_05_in.anm"
21:59:51.307   RESOURCES (E): Failed to open object @"SurvivorAnimsExtras/animations/extras/p_erc_CustomEmote_05_loop.anm"
21:59:51.307   RESOURCES (E): Failed to open object @"SurvivorAnimsExtras/animations/extras/p_erc_CustomEmote_05_out.anm"
21:59:51.307   RESOURCES (E): Failed to open object @"SurvivorAnimsExtras/animations/extras/p_erc_CustomEmote_06_in.anm"
21:59:51.307   RESOURCES (E): Failed to open object @"SurvivorAnimsExtras/animations/extras/p_erc_CustomEmote_06_loop.anm"
21:59:51.307   RESOURCES (E): Failed to open object @"SurvivorAnimsExtras/animations/extras/p_erc_CustomEmote_06_out.anm"
21:59:51.307   RESOURCES (E): Failed to open object @"SurvivorAnimsExtras/animations/extras/p_erc_CustomEmote_07_in.anm"
21:59:51.307   RESOURCES (E): Failed to open object @"SurvivorAnimsExtras/animations/extras/p_erc_CustomEmote_07_loop.anm"
21:59:51.307   RESOURCES (E): Failed to open object @"SurvivorAnimsExtras/animations/extras/p_erc_CustomEmote_07_out.anm"
21:59:51.307   RESOURCES (E): Failed to open object @"SurvivorAnimsExtras/animations/extras/p_erc_CustomEmote_08_in.anm"
21:59:51.307   RESOURCES (E): Failed to open object @"SurvivorAnimsExtras/animations/extras/p_erc_CustomEmote_08_loop.anm"
21:59:51.307   RESOURCES (E): Failed to open object @"SurvivorAnimsExtras/animations/extras/p_erc_CustomEmote_08_out.anm"
21:59:51.307   RESOURCES (E): Failed to open object @"SurvivorAnimsExtras/animations/extras/p_erc_CustomEmote_09_in.anm"
21:59:51.307   RESOURCES (E): Failed to open object @"SurvivorAnimsExtras/animations/extras/p_erc_CustomEmote_09_loop.anm"
21:59:51.307   RESOURCES (E): Failed to open object @"SurvivorAnimsExtras/animations/extras/p_erc_CustomEmote_09_out.anm"
21:59:51.307   RESOURCES (E): Failed to open object @"SurvivorAnimsExtras/animations/extras/p_erc_CustomEmote_10_in.anm"
21:59:51.307   RESOURCES (E): Failed to open object @"SurvivorAnimsExtras/animations/extras/p_erc_CustomEmote_10_loop.anm"
21:59:51.307   RESOURCES (E): Failed to open object @"SurvivorAnimsExtras/animations/extras/p_erc_CustomEmote_10_out.anm"
21:59:51.307   RESOURCES (E): Failed to open object @"SurvivorAnimsExtras/animations/extras/p_erc_CustomEmote_11_in.anm"
21:59:51.307   RESOURCES (E): Failed to open object @"SurvivorAnimsExtras/animations/extras/p_erc_CustomEmote_11_loop.anm"
21:59:51.307   RESOURCES (E): Failed to open object @"SurvivorAnimsExtras/animations/extras/p_erc_CustomEmote_11_out.anm"
21:59:51.307   RESOURCES (E): Failed to open object @"SurvivorAnimsExtras/animations/extras/p_erc_CustomEmote_12_in.anm"
21:59:51.307   RESOURCES (E): Failed to open object @"SurvivorAnimsExtras/animations/extras/p_erc_CustomEmote_12_loop.anm"
21:59:51.307   RESOURCES (E): Failed to open object @"SurvivorAnimsExtras/animations/extras/p_erc_CustomEmote_12_out.anm"
21:59:51.308   RESOURCES (E): Failed to open object @"SurvivorAnimsExtras/animations/extras/p_erc_CustomEmote_13_in.anm"
21:59:51.308   RESOURCES (E): Failed to open object @"SurvivorAnimsExtras/animations/extras/p_erc_CustomEmote_13_loop.anm"
21:59:51.308   RESOURCES (E): Failed to open object @"SurvivorAnimsExtras/animations/extras/p_erc_CustomEmote_13_out.anm"
21:59:51.308   RESOURCES (E): Failed to open object @"SurvivorAnimsExtras/animations/extras/p_erc_CustomEmote_14_in.anm"
21:59:51.308   RESOURCES (E): Failed to open object @"SurvivorAnimsExtras/animations/extras/p_erc_CustomEmote_14_loop.anm"
21:59:51.308   RESOURCES (E): Failed to open object @"SurvivorAnimsExtras/animations/extras/p_erc_CustomEmote_14_out.anm"
21:59:51.308   RESOURCES (E): Failed to open object @"SurvivorAnimsExtras/animations/extras/p_erc_CustomEmote_15_in.anm"
21:59:51.308   RESOURCES (E): Failed to open object @"SurvivorAnimsExtras/animations/extras/p_erc_CustomEmote_15_loop.anm"
21:59:51.308   RESOURCES (E): Failed to open object @"SurvivorAnimsExtras/animations/extras/p_erc_CustomEmote_15_out.anm"
21:59:51.308   RESOURCES (E): Failed to open object @"SurvivorAnimsExtras/animations/extras/p_erc_CustomEmote_16_in.anm"
21:59:51.308   RESOURCES (E): Failed to open object @"SurvivorAnimsExtras/animations/extras/p_erc_CustomEmote_16_loop.anm"
21:59:51.308   RESOURCES (E): Failed to open object @"SurvivorAnimsExtras/animations/extras/p_erc_CustomEmote_16_out.anm"
21:59:51.344   RESOURCES (E): Failed to open object @"SurvivorAnimsExtras/animations/extras/p_cro_CustomEmoteOnce_01.anm"
21:59:51.344   RESOURCES (E): Failed to open object @"SurvivorAnimsExtras/animations/extras/p_erc_CustomEmoteOnce_01.anm"
21:59:51.344   RESOURCES (E): Failed to open object @"SurvivorAnimsExtras/animations/extras/p_pne_CustomEmoteOnce_01.anm"
21:59:51.344   RESOURCES (E): Failed to open object @"SurvivorAnimsExtras/animations/extras/p_erc_CustomEmoteOnce_02.anm"
21:59:51.344   RESOURCES (E): Failed to open object @"SurvivorAnimsExtras/animations/extras/p_erc_CustomEmoteOnce_03.anm"
21:59:51.344   RESOURCES (E): Failed to open object @"SurvivorAnimsExtras/animations/extras/p_erc_CustomEmoteOnce_04.anm"
21:59:51.344   RESOURCES (E): Failed to open object @"SurvivorAnimsExtras/animations/extras/p_erc_CustomEmoteOnce_05.anm"
21:59:51.344   RESOURCES (E): Failed to open object @"SurvivorAnimsExtras/animations/extras/p_erc_CustomEmoteOnce_06.anm"
21:59:51.344   RESOURCES (E): Failed to open object @"SurvivorAnimsExtras/animations/extras/p_erc_CustomEmoteOnce_07.anm"
21:59:51.344   RESOURCES (E): Failed to open object @"SurvivorAnimsExtras/animations/extras/p_erc_CustomEmoteOnce_08.anm"
21:59:51.344   RESOURCES (E): Failed to open object @"SurvivorAnimsExtras/animations/extras/p_erc_CustomEmoteOnce_09.anm"
21:59:51.344   RESOURCES (E): Failed to open object @"SurvivorAnimsExtras/animations/extras/p_erc_CustomEmoteOnce_10.anm"
21:59:51.344   RESOURCES (E): Failed to open object @"SurvivorAnimsExtras/animations/extras/p_cro_FB_CustomEmoteOnce_01.anm"
21:59:51.344   RESOURCES (E): Failed to open object @"SurvivorAnimsExtras/animations/extras/p_erc_FB_CustomEmoteOnce_01.anm"
21:59:51.344   RESOURCES (E): Failed to open object @"SurvivorAnimsExtras/animations/extras/p_pne_FB_CustomEmoteOnce_01.anm"
21:59:53.496 Hostname of server: "SVOBODA DayZ"
21:59:54.341 NETWORK      : Network simulation
21:59:54.341  Loading landscape 'namalsk'
21:59:54.341   WORLD        : Create entity type 'Land_pas_amps_solo'
21:59:54.341    ENTITY    (E): Type 'HouseType' must be inherited from class 'PASReceiverType'
21:59:54.541   ENTITY       : Load entity type 'land_seb_garage'
21:59:54.541    ENTITY    (W): Door 'doorstwin1' is missing geometry components for selection 'doorstwin1', check model+config
21:59:54.546   ENTITY       : Load entity type 'Land_Container_1Aoh'
21:59:54.546    ENTITY    (W): Door 'DoorsTwin1' is missing geometry components for selection 'DoorsTwin1', check model+config
21:59:54.549   WORLD        : Create entity type 'Land_radio_panelpas'
21:59:54.549    ENTITY    (E): Type 'HouseType' must be inherited from class 'PASBroadcasterType'
21:59:54.562   ENTITY       : Load entity type 'Land_Factory_Small'
21:59:54.562    ENTITY    (W): Door 'DoorsTwin1' is missing geometry components for selection 'DoorsTwin1', check model+config
21:59:54.562    ENTITY    (W): Door 'DoorsTwin2' is missing geometry components for selection 'DoorsTwin2', check model+config
21:59:54.582   ENTITY       : Load entity type 'Land_Container_1Bo'
21:59:54.582    ENTITY    (W): Door 'DoorsTwin1' is missing geometry components for selection 'DoorsTwin1', check model+config
21:59:54.582    ENTITY    (W): Door 'DoorsTwin2' is missing geometry components for selection 'DoorsTwin2', check model+config
21:59:54.584   ENTITY       : Load entity type 'land_budova2_winter'
21:59:54.584    ENTITY    (W): Door 'DoorsTwin1' is missing geometry components for selection 'DoorsTwin1', check model+config
21:59:54.613   ENTITY       : Load entity type 'Land_Container_1Mo'
21:59:54.614    ENTITY    (W): Door 'DoorsTwin1' is missing geometry components for selection 'DoorsTwin1', check model+config
21:59:54.614    ENTITY    (W): Door 'DoorsTwin2' is missing geometry components for selection 'DoorsTwin2', check model+config
21:59:54.616   ENTITY       : Load entity type 'land_budova1_winter'
21:59:54.616    ENTITY    (W): Door 'DoorsTwin1' is missing geometry components for selection 'DoorsTwin1', check model+config
21:59:54.635   WORLD        : Create entity type 'Land_radio_panelbig'
21:59:54.635    ENTITY    (E): Type 'HouseType' must be inherited from class 'StaticTransmitterType'
21:59:54.658   ENTITY       : Load entity type 'land_vys_budova_p1'
21:59:54.658    ENTITY    (W): Unknown object class 'thing' (dz\structures\furniture\eletrical_appliances\washing_machine\washing_machine.p3d)
21:59:54.659    ENTITY    (W): Unknown object class 'thing' (dz\structures\furniture\eletrical_appliances\washing_machine\washing_machine.p3d)
21:59:54.659    ENTITY    (W): Unknown object class 'thing' (dz\structures\furniture\eletrical_appliances\washing_machine\washing_machine.p3d)
21:59:54.772   ENTITY       : Load entity type 'Land_Mil_Barracks3'
21:59:54.772    ENTITY    (W): Door 'DoorsTwin1' is missing geometry components for selection 'DoorsTwin1', check model+config
21:59:54.774   ENTITY       : Load entity type 'land_budova3'
21:59:54.774    ENTITY    (W): Door 'doorstwin1' is missing geometry components for selection 'doorstwin1', check model+config
21:59:54.780   ENTITY       : Load entity type 'Land_Mil_Barracks1'
21:59:54.781    ENTITY    (W): Door 'DoorsTwin1' is missing geometry components for selection 'DoorsTwin1', check model+config
21:59:54.859   ENTITY       : Load entity type 'Land_Garage_Small'
21:59:54.859    ENTITY    (W): Door 'DoorsTwin1' is missing geometry components for selection 'DoorsTwin1', check model+config
21:59:54.882   ENTITY       : Load entity type 'Land_Mil_Barracks5'
21:59:54.882    ENTITY    (W): Door 'DoorsTwin1' is missing geometry components for selection 'DoorsTwin1', check model+config
21:59:54.987   ENTITY       : Load entity type 'Land_Workshop2'
21:59:54.987    ENTITY    (W): Door 'DoorsTwin1' is missing geometry components for selection 'DoorsTwin1', check model+config
21:59:55.08    ENTITY       : Load entity type 'Land_Wreck_S1023_Beige'
21:59:55.08     ENTITY    (W): Door 'DoorsTwin1' is missing geometry components for selection 'DoorsTwin1', check model+config
21:59:55.59    ENTITY       : Load entity type 'Land_Wreck_S1023_Blue'
21:59:55.59     ENTITY    (W): Door 'DoorsTwin1' is missing geometry components for selection 'DoorsTwin1', check model+config
21:59:55.59    ENTITY    (W): Unknown object class 'pond' (nst\ns\water\lakewater_still.p3d)
21:59:55.147   ENTITY       : Load entity type 'Land_CementWorks_Hall2_Brick'
21:59:55.147    ENTITY    (W): Door 'DoorsTwin1' is missing geometry components for selection 'DoorsTwin1', check model+config
21:59:55.162   ENTITY       : Load entity type 'Land_Workshop3'
21:59:55.162    ENTITY    (W): Door 'DoorsTwin1' is missing geometry components for selection 'DoorsTwin1', check model+config
21:59:55.162    ENTITY    (W): Door 'DoorsTwin2' is missing geometry components for selection 'DoorsTwin2', check model+config
21:59:55.181   ENTITY       : Load entity type 'Land_Workshop4'
21:59:55.181    ENTITY    (W): Door 'DoorsTwin1' is missing geometry components for selection 'DoorsTwin1', check model+config
21:59:55.216   ENTITY       : Load entity type 'Land_Workshop1'
21:59:55.216    ENTITY    (W): Door 'DoorsTwin1' is missing geometry components for selection 'DoorsTwin1', check model+config
21:59:55.249   ENTITY       : Load entity type 'Land_Airfield_Small_Control'
21:59:55.249    ENTITY    (W): Unknown object class 'thing' (dz\structures\furniture\eletrical_appliances\washing_machine\washing_machine.p3d)
21:59:55.250    ENTITY    (W): Unknown object class 'thing' (dz\structures\furniture\eletrical_appliances\washing_machine\washing_machine.p3d)
21:59:55.251    ENTITY    (W): Unknown object class 'thing' (dz\structures\furniture\eletrical_appliances\washing_machine\washing_machine.p3d)
21:59:55.251    ENTITY    (W): Unknown object class 'thing' (dz\structures\furniture\eletrical_appliances\washing_machine\washing_machine.p3d)
21:59:55.262   ENTITY    (W): Unknown object class 'pond' (dz\water_sakhal\ice_lake\sakhal_50x50_ice_lake_clear.p3d)
21:59:55.320   ENTITY       : Load entity type 'Land_Office2'
21:59:55.320    ENTITY    (W): Door 'DoorsTwin1' is missing geometry components for selection 'DoorsTwin1', check model+config
21:59:55.320    ENTITY    (W): Door 'DoorsTwin2' is missing geometry components for selection 'DoorsTwin2', check model+config
21:59:55.320    ENTITY    (W): Door 'DoorsTwin3' is missing geometry components for selection 'DoorsTwin3', check model+config
21:59:55.320    ENTITY    (W): Door 'DoorsTwin4' is missing geometry components for selection 'DoorsTwin4', check model+config
21:59:55.320    ENTITY    (W): Door 'DoorsTwin5' is missing geometry components for selection 'DoorsTwin5', check model+config
21:59:55.341   ENTITY       : Load entity type 'Land_City_Hospital'
21:59:55.341    ENTITY    (W): Door 'DoorsTwin1' is missing geometry components for selection 'DoorsTwin1', check model+config
21:59:55.382   ENTITY       : Load entity type 'Land_Office1'
21:59:55.382    ENTITY    (W): Door 'DoorsTwin1' is missing geometry components for selection 'DoorsTwin1', check model+config
21:59:55.382    ENTITY    (W): Door 'DoorsTwin2' is missing geometry components for selection 'DoorsTwin2', check model+config
21:59:55.382    ENTITY    (W): Door 'DoorsTwin3' is missing geometry components for selection 'DoorsTwin3', check model+config
21:59:55.382    ENTITY    (W): Door 'DoorsTwin4' is missing geometry components for selection 'DoorsTwin4', check model+config
21:59:55.382    ENTITY    (W): Door 'DoorsTwin5' is missing geometry components for selection 'DoorsTwin5', check model+config
21:59:55.382    ENTITY    (W): Door 'DoorsTwin6' is missing geometry components for selection 'DoorsTwin6', check model+config
21:59:55.382    ENTITY    (W): Door 'DoorsTwin7' is missing geometry components for selection 'DoorsTwin7', check model+config
21:59:55.409   ENTITY       : Load entity type 'Land_Container_1Moh'
21:59:55.409    ENTITY    (W): Door 'DoorsTwin1' is missing geometry components for selection 'DoorsTwin1', check model+config
21:59:55.444   ENTITY    (W): Unknown object class 'pond' (nst\ns\water\lakewater.p3d)
21:59:55.513   ENTITY       : Load entity type 'Land_Garage_Row_Small'
21:59:55.513    ENTITY    (W): Door 'DoorsTwin1' is missing geometry components for selection 'DoorsTwin1', check model+config
21:59:55.513    ENTITY    (W): Door 'DoorsTwin2' is missing geometry components for selection 'DoorsTwin2', check model+config
21:59:55.513    ENTITY    (W): Door 'DoorsTwin3' is missing geometry components for selection 'DoorsTwin3', check model+config
21:59:55.546   ENTITY       : Load entity type 'Land_City_Store_WithStairs'
21:59:55.547    ENTITY    (W): Door 'DoorsTwin1' is missing geometry components for selection 'DoorsTwin1', check model+config
21:59:55.547    ENTITY    (W): Door 'DoorsTwin2' is missing geometry components for selection 'DoorsTwin2', check model+config
21:59:55.547    ENTITY    (W): Door 'DoorsTwin3' is missing geometry components for selection 'DoorsTwin3', check model+config
21:59:55.547    ENTITY    (W): Door 'DoorsTwin4' is missing geometry components for selection 'DoorsTwin4', check model+config
21:59:55.547    ENTITY    (W): Door 'DoorsTwin5' is missing geometry components for selection 'DoorsTwin5', check model+config
21:59:55.552   ENTITY       : Load entity type 'land_vor_apartment_high_2'
21:59:55.552    ENTITY    (W): Door 'doorstwin1' is missing geometry components for selection 'doorstwin1', check model+config
21:59:55.573   ENTITY       : Load entity type 'Land_Tenement_Small'
21:59:55.573    ENTITY    (W): Unknown object class 'thing' (dz\structures\furniture\eletrical_appliances\washing_machine\washing_machine.p3d)
21:59:55.573    ENTITY    (W): Unknown object class 'thing' (dz\structures\furniture\eletrical_appliances\washing_machine\washing_machine.p3d)
21:59:55.573    ENTITY    (W): Unknown object class 'thing' (dz\structures\furniture\eletrical_appliances\washing_machine\washing_machine.p3d)
21:59:55.573    ENTITY    (W): Unknown object class 'thing' (dz\structures\furniture\eletrical_appliances\washing_machine\washing_machine.p3d)
21:59:55.573    ENTITY    (W): Unknown object class 'thing' (dz\structures\furniture\eletrical_appliances\washing_machine\washing_machine.p3d)
21:59:55.573    ENTITY    (W): Unknown object class 'thing' (dz\structures\furniture\eletrical_appliances\washing_machine\washing_machine.p3d)
21:59:55.573    ENTITY    (W): Unknown object class 'thing' (dz\structures\furniture\eletrical_appliances\washing_machine\washing_machine.p3d)
21:59:55.682   ENTITY       : Load entity type 'Land_House_2W04'
21:59:55.682    ENTITY    (W): Door 'DoorsTwin1' is missing geometry components for selection 'DoorsTwin1', check model+config
21:59:55.696   ENTITY       : Load entity type 'Land_House_1W08_Brown'
21:59:55.696    ENTITY    (W): Unknown object class 'thing' (dz\structures\furniture\eletrical_appliances\washing_machine\washing_machine.p3d)
21:59:55.696    ENTITY    (W): Unknown object class 'thing' (dz\structures\furniture\eletrical_appliances\washing_machine\washing_machine.p3d)
21:59:55.696    ENTITY    (W): Unknown object class 'thing' (dz\structures\furniture\eletrical_appliances\washing_machine\washing_machine.p3d)
21:59:55.769   ENTITY    (W): Unknown object class 'pond' (dz\water_sakhal\ice_lake\sakhal_50x50_ice_lake_clear.p3d)
21:59:55.830   ENTITY       : Load entity type 'Land_Tenement_Big'
21:59:55.830    ENTITY    (W): Unknown object class 'thing' (dz\structures\furniture\eletrical_appliances\washing_machine\washing_machine.p3d)
21:59:55.830    ENTITY    (W): Unknown object class 'thing' (dz\structures\furniture\eletrical_appliances\washing_machine\washing_machine.p3d)
21:59:55.830    ENTITY    (W): Unknown object class 'thing' (dz\structures\furniture\eletrical_appliances\washing_machine\washing_machine.p3d)
21:59:55.832    ENTITY    (W): Unknown object class 'thing' (dz\structures\furniture\eletrical_appliances\washing_machine\washing_machine.p3d)
21:59:55.832    ENTITY    (W): Unknown object class 'thing' (dz\structures\furniture\eletrical_appliances\washing_machine\washing_machine.p3d)
21:59:55.832    ENTITY    (W): Unknown object class 'thing' (dz\structures\furniture\eletrical_appliances\washing_machine\washing_machine.p3d)
21:59:55.833    ENTITY    (W): Unknown object class 'thing' (dz\structures\furniture\eletrical_appliances\washing_machine\washing_machine.p3d)
21:59:55.834    ENTITY    (W): Unknown object class 'thing' (dz\structures\furniture\eletrical_appliances\washing_machine\washing_machine.p3d)
21:59:55.834    ENTITY    (W): Unknown object class 'thing' (dz\structures\furniture\eletrical_appliances\washing_machine\washing_machine.p3d)
21:59:58.492  SCRIPT    (W): @"HB_FlipVehicle/Scripts/5_Mission/missiongameplay.c,93": Missing ';' at the end of line
21:59:58.528  SCRIPT    (W): @"HB_FlipVehicle/Scripts/5_Mission/missiongameplay.c,9": FIX-ME: Method argument can't be strong reference
21:59:58.528  SCRIPT    (W): @"HB_FlipVehicle/Scripts/5_Mission/missiongameplay.c,9": FIX-ME: Method argument can't be strong reference
21:59:58.528  SCRIPT    (W): @"HB_FlipVehicle/Scripts/5_Mission/missiongameplay.c,9": FIX-ME: Method argument can't be strong reference
21:59:58.564  SCRIPT    (W): @"WindstrideClothing/scripts/5_Mission/windstride\namalsk\playercontainer.c,4": FIX-ME: Overriding function 'CheckSlotOfInterest' but not marked as 'override'
22:00:01.151  SCRIPT    (W): scripts/3_Game/undergroundarealoader.c:138 | SpawnAllTriggerCarriers | [WARNING] :: [UndergroundAreaLoader GetData()] :: file not found in MISSION folder, your path is $mission:cfgundergroundtriggers.json Attempting DATA folder
22:00:01.151  SCRIPT    (W): scripts/3_Game/undergroundarealoader.c:138 | SpawnAllTriggerCarriers | [WARNING] :: [UndergroundAreaLoader GetData()] ::file not found in DATA folder, your path is dz/worlds/namalsk/ce/cfgundergroundtriggers.json
22:00:01.332 [CE][Hive] :: Initializing OFFLINE
22:00:01.333 [StorageDirs] :: Selected storage directory: G:\SteamLibrary\steamapps\common\DayZServer\mpmissions\regular.namalsk\storage_14\
22:00:01.334 [CE][Hive] :: Loading core data ... 
22:00:01.334 [CE][CoreData] :: 8 root classes, 0 defaults, 0 updaters...
22:00:01.454  ENTITY       : Load entity type 'Land_House_2W02'
22:00:01.454   ENTITY    (W): Door 'DoorsTwin1' is missing geometry components for selection 'DoorsTwin1', check model+config
22:00:01.484  ENTITY    (W): Unknown object class 'pond' (dz\water_sakhal\ice_lake\sakhal_50x50_ice_lake_clear.p3d)
22:00:01.511 [CE][Hive] :: Loading map data ... 
22:00:17.224 [CE][TypeSetup] :: 601 classes setuped...
22:00:27.375 [CE][RegisterBind] :: 0 classes binded...
22:00:27.375 [CE][RegisterConfig] :: 20887 config classes registered, 0 sub-counters...
22:00:27.375 [CE][Hive] :: Loading map data ... 
22:00:27.456 [CE][LoadPrototype] :: loaded 256 prototypes
22:00:27.456   404 containers, 7415 points
22:00:27.456   1 dispatches, 1 proxies
22:00:27.456 !!! [CE][LoadPrototype] 1 groups have wrong points...
22:00:27.456 [CE][LoadPrototype] :: last group name: land_frozen_person...
22:00:27.460 [CE][LoadPrototype] :: loaded 0 prototypes
22:00:27.460   38 containers, 66 points
22:00:27.461   0 dispatches, 0 proxies
22:00:27.461 [CE][LoadPrototype] :: last group name: StoneLoc38...
22:00:27.499 [CE][LoadMap] "Group" :: loaded 1445 groups, groups failed: 0, largest group range: 36.4
22:00:27.499 [CE][LoadMap] "Dirt" :: loaded 0 groups, groups failed: 0, largest group range: 36.4
22:00:27.505 [CE][Links] found 472 total links between groups, of 1445
22:00:27.505 [CE][LoadClusters] "Cluster" :: Loading files...
22:00:27.516 [CE][LoadClusters] :: file: "mapgroupcluster.xml", 1 types, 2418 instances
22:00:27.517 [CE][Storage] ver:21 stamp:4, valid:yes, name:"G:\SteamLibrary\steamapps\common\DayZServer\mpmissions\regular.namalsk\storage_14\data\types.bin"
22:00:27.517 [CE][Storage] ver:0 stamp:0, valid:NO, name:"G:\SteamLibrary\steamapps\common\DayZServer\mpmissions\regular.namalsk\storage_14\data\types.001"
22:00:27.517 [CE][Storage] ver:0 stamp:0, valid:NO, name:"G:\SteamLibrary\steamapps\common\DayZServer\mpmissions\regular.namalsk\storage_14\data\types.002"
22:00:27.518 [CE][Storage] Restoring file "G:\SteamLibrary\steamapps\common\DayZServer\mpmissions\regular.namalsk\storage_14\data\types.bin".
22:00:28.476 [CE][offlineDB] :: Loaded 23 dynamic events 177 total types.
22:00:28.500 !!! [CE][offlineDB] :: Type 'ChristmasTree' will be ignored. (Not spawnable. (Scope is not public?))
22:00:28.511 [CE][DE][SPAWNS] :: Total positions: 711
22:00:28.511 [CE][DE][GROUPS] :: Total eventgroups defined: 0, Eventgroups in use: 0
22:00:28.512 [CE][Storage] ver:25 stamp:4, valid:yes, name:"G:\SteamLibrary\steamapps\common\DayZServer\mpmissions\regular.namalsk\storage_14\data\events.bin"
22:00:28.512 [CE][Storage] ver:0 stamp:0, valid:NO, name:"G:\SteamLibrary\steamapps\common\DayZServer\mpmissions\regular.namalsk\storage_14\data\events.001"
22:00:28.512 [CE][Storage] ver:0 stamp:0, valid:NO, name:"G:\SteamLibrary\steamapps\common\DayZServer\mpmissions\regular.namalsk\storage_14\data\events.002"
22:00:28.512 [CE][Storage] Restoring file "G:\SteamLibrary\steamapps\common\DayZServer\mpmissions\regular.namalsk\storage_14\data\events.bin".
22:00:28.512 [CE][DynamicEvent] Load  Events:[23] Primary spawners: 23 Secondary spawners: 0
22:00:28.513 [CE][Storage] ver:26 stamp:4, valid:yes, name:"G:\SteamLibrary\steamapps\common\DayZServer\mpmissions\regular.namalsk\storage_14\data\dynamic_000.bin"
22:00:28.513 [CE][Storage] ver:0 stamp:0, valid:NO, name:"G:\SteamLibrary\steamapps\common\DayZServer\mpmissions\regular.namalsk\storage_14\data\dynamic_000.001"
22:00:28.513 [CE][Storage] ver:0 stamp:0, valid:NO, name:"G:\SteamLibrary\steamapps\common\DayZServer\mpmissions\regular.namalsk\storage_14\data\dynamic_000.002"
22:00:28.513 [CE][Storage] Restoring file "G:\SteamLibrary\steamapps\common\DayZServer\mpmissions\regular.namalsk\storage_14\data\dynamic_000.bin" 7 items.
22:00:28.525   7 items loaded. (0 failed)
22:00:28.525 [CE][Storage] ver:26 stamp:4, valid:yes, name:"G:\SteamLibrary\steamapps\common\DayZServer\mpmissions\regular.namalsk\storage_14\data\dynamic_001.bin"
22:00:28.526 [CE][Storage] ver:0 stamp:0, valid:NO, name:"G:\SteamLibrary\steamapps\common\DayZServer\mpmissions\regular.namalsk\storage_14\data\dynamic_001.001"
22:00:28.526 [CE][Storage] ver:0 stamp:0, valid:NO, name:"G:\SteamLibrary\steamapps\common\DayZServer\mpmissions\regular.namalsk\storage_14\data\dynamic_001.002"
22:00:28.526 [CE][Storage] Restoring file "G:\SteamLibrary\steamapps\common\DayZServer\mpmissions\regular.namalsk\storage_14\data\dynamic_001.bin" 30 items.
22:00:28.638   30 items loaded. (0 failed)
22:00:28.638 [CE][Storage] ver:26 stamp:4, valid:yes, name:"G:\SteamLibrary\steamapps\common\DayZServer\mpmissions\regular.namalsk\storage_14\data\dynamic_002.bin"
22:00:28.638 !!! [CE][Storage] Failed to read [Storage] data file "G:\SteamLibrary\steamapps\common\DayZServer\mpmissions\regular.namalsk\storage_14\data\dynamic_002.001".
22:00:28.638   File not closed...
22:00:28.638 [CE][Storage] ver:26 stamp:4, valid:NO, name:"G:\SteamLibrary\steamapps\common\DayZServer\mpmissions\regular.namalsk\storage_14\data\dynamic_002.001"
22:00:28.639 [CE][Storage] ver:0 stamp:0, valid:NO, name:"G:\SteamLibrary\steamapps\common\DayZServer\mpmissions\regular.namalsk\storage_14\data\dynamic_002.002"
22:00:28.639 [CE][Storage] Restoring file "G:\SteamLibrary\steamapps\common\DayZServer\mpmissions\regular.namalsk\storage_14\data\dynamic_002.bin" 71 items.
22:00:28.805   71 items loaded. (0 failed)
22:00:28.806 [CE][Storage] ver:26 stamp:4, valid:yes, name:"G:\SteamLibrary\steamapps\common\DayZServer\mpmissions\regular.namalsk\storage_14\data\dynamic_003.bin"
22:00:28.807 [CE][Storage] ver:26 stamp:4, valid:yes, name:"G:\SteamLibrary\steamapps\common\DayZServer\mpmissions\regular.namalsk\storage_14\data\dynamic_003.001"
22:00:28.807 [CE][Storage] ver:0 stamp:0, valid:NO, name:"G:\SteamLibrary\steamapps\common\DayZServer\mpmissions\regular.namalsk\storage_14\data\dynamic_003.002"
22:00:28.807 [CE][Storage] Restoring file "G:\SteamLibrary\steamapps\common\DayZServer\mpmissions\regular.namalsk\storage_14\data\dynamic_003.bin" 889 items.
22:00:29.44   WORLD        : Create entity type 'Headtorch_Grey'
22:00:29.44    ENTITY    (E): Type 'Inventory_BaseType' must be inherited from class 'ClothingType'
22:00:29.209  PHYSICS   (W): While attempting to remove proxy physics for the selection 'codelock', the corresponding bone could not be found in the shape 'dz\gear\camping\largetent.p3d'
22:00:29.210  INVENTORY    : StreamLoad entity LargeTent:377
22:00:29.210   PHYSICS   (W): While attempting to remove proxy physics for the selection 'codelock', the corresponding bone could not be found in the shape 'dz\gear\camping\largetent.p3d'
22:00:29.301  PHYSICS   (W): While attempting to remove proxy physics for the selection 'codelock', the corresponding bone could not be found in the shape 'dz\gear\camping\largetent.p3d'
22:00:29.302  INVENTORY    : StreamLoad entity LargeTent:431
22:00:29.302   PHYSICS   (W): While attempting to remove proxy physics for the selection 'codelock', the corresponding bone could not be found in the shape 'dz\gear\camping\largetent.p3d'
22:00:29.975  WORLD        : Create entity type 'Megaphone'
22:00:29.975   ENTITY    (E): Type 'Inventory_BaseType' must be inherited from class 'ItemMegaphoneType'
22:00:30.182  WORLD        : Create entity type 'Headtorch_Black'
22:00:30.182   ENTITY    (E): Type 'Inventory_BaseType' must be inherited from class 'ClothingType'
22:00:30.235   889 items loaded. (0 failed)
22:00:30.236 [CE][Storage] ver:26 stamp:4, valid:yes, name:"G:\SteamLibrary\steamapps\common\DayZServer\mpmissions\regular.namalsk\storage_14\data\dynamic_004.bin"
22:00:30.236 [CE][Storage] ver:26 stamp:4, valid:yes, name:"G:\SteamLibrary\steamapps\common\DayZServer\mpmissions\regular.namalsk\storage_14\data\dynamic_004.001"
22:00:30.237 [CE][Storage] ver:0 stamp:0, valid:NO, name:"G:\SteamLibrary\steamapps\common\DayZServer\mpmissions\regular.namalsk\storage_14\data\dynamic_004.002"
22:00:30.237 [CE][Storage] Restoring file "G:\SteamLibrary\steamapps\common\DayZServer\mpmissions\regular.namalsk\storage_14\data\dynamic_004.bin" 1864 items.
22:00:31.401  PHYSICS   (W): While attempting to remove proxy physics for the selection 'codelock', the corresponding bone could not be found in the shape 'dz\gear\camping\mediumtent.p3d'
22:00:31.401  INVENTORY    : StreamLoad entity MediumTent_Orange:2248
22:00:31.401   PHYSICS   (W): While attempting to remove proxy physics for the selection 'codelock', the corresponding bone could not be found in the shape 'dz\gear\camping\mediumtent.p3d'
22:00:31.872  PHYSICS   (W): While attempting to remove proxy physics for the selection 'codelock', the corresponding bone could not be found in the shape 'dz\gear\camping\largetent.p3d'
22:00:31.875  INVENTORY    : StreamLoad entity LargeTent:2736
22:00:31.875   PHYSICS   (W): While attempting to remove proxy physics for the selection 'codelock', the corresponding bone could not be found in the shape 'dz\gear\camping\largetent.p3d'
22:00:32.09   PHYSICS   (W): While attempting to remove proxy physics for the selection 'codelock', the corresponding bone could not be found in the shape 'dz\gear\camping\cartent.p3d'
22:00:32.10   INVENTORY    : StreamLoad entity CarTent:2862
22:00:32.10    PHYSICS   (W): While attempting to remove proxy physics for the selection 'codelock', the corresponding bone could not be found in the shape 'dz\gear\camping\cartent.p3d'
22:00:32.275   1864 items loaded. (0 failed)
22:00:32.276 [CE][Storage] ver:26 stamp:4, valid:yes, name:"G:\SteamLibrary\steamapps\common\DayZServer\mpmissions\regular.namalsk\storage_14\data\dynamic_005.bin"
22:00:32.276 [CE][Storage] ver:26 stamp:4, valid:yes, name:"G:\SteamLibrary\steamapps\common\DayZServer\mpmissions\regular.namalsk\storage_14\data\dynamic_005.001"
22:00:32.276 [CE][Storage] ver:0 stamp:0, valid:NO, name:"G:\SteamLibrary\steamapps\common\DayZServer\mpmissions\regular.namalsk\storage_14\data\dynamic_005.002"
22:00:32.277 [CE][Storage] Restoring file "G:\SteamLibrary\steamapps\common\DayZServer\mpmissions\regular.namalsk\storage_14\data\dynamic_005.bin" 642 items.
22:00:32.364  PHYSICS   (W): While attempting to remove proxy physics for the selection 'codelock', the corresponding bone could not be found in the shape 'dz\gear\camping\cartent.p3d'
22:00:32.364  INVENTORY    : StreamLoad entity CarTent:3248
22:00:32.364   PHYSICS   (W): While attempting to remove proxy physics for the selection 'codelock', the corresponding bone could not be found in the shape 'dz\gear\camping\cartent.p3d'
22:00:32.402  PHYSICS   (W): While attempting to remove proxy physics for the selection 'codelock', the corresponding bone could not be found in the shape 'dz\gear\camping\cartent.p3d'
22:00:32.402  INVENTORY    : StreamLoad entity CarTent:3292
22:00:32.402   PHYSICS   (W): While attempting to remove proxy physics for the selection 'codelock', the corresponding bone could not be found in the shape 'dz\gear\camping\cartent.p3d'
22:00:32.600  PHYSICS   (W): While attempting to remove proxy physics for the selection 'codelock', the corresponding bone could not be found in the shape 'dz\gear\camping\cartent.p3d'
22:00:32.601  INVENTORY    : StreamLoad entity CarTent:3505
22:00:32.601   PHYSICS   (W): While attempting to remove proxy physics for the selection 'codelock', the corresponding bone could not be found in the shape 'dz\gear\camping\cartent.p3d'
22:00:32.960  PHYSICS   (W): While attempting to remove proxy physics for the selection 'codelock', the corresponding bone could not be found in the shape 'dz\gear\camping\largetent.p3d'
22:00:32.962  INVENTORY    : StreamLoad entity LargeTent:3800
22:00:32.962   PHYSICS   (W): While attempting to remove proxy physics for the selection 'codelock', the corresponding bone could not be found in the shape 'dz\gear\camping\largetent.p3d'
22:00:32.996   642 items loaded. (0 failed)
22:00:32.996 [CE][Storage] ver:26 stamp:4, valid:yes, name:"G:\SteamLibrary\steamapps\common\DayZServer\mpmissions\regular.namalsk\storage_14\data\dynamic_006.bin"
22:00:32.997 [CE][Storage] ver:26 stamp:4, valid:yes, name:"G:\SteamLibrary\steamapps\common\DayZServer\mpmissions\regular.namalsk\storage_14\data\dynamic_006.001"
22:00:32.997 [CE][Storage] ver:0 stamp:0, valid:NO, name:"G:\SteamLibrary\steamapps\common\DayZServer\mpmissions\regular.namalsk\storage_14\data\dynamic_006.002"
22:00:32.998 [CE][Storage] Restoring file "G:\SteamLibrary\steamapps\common\DayZServer\mpmissions\regular.namalsk\storage_14\data\dynamic_006.bin" 2100 items.
22:00:33.545  PHYSICS   (W): While attempting to remove proxy physics for the selection 'codelock', the corresponding bone could not be found in the shape 'dz\gear\camping\mediumtent.p3d'
22:00:33.545  INVENTORY    : StreamLoad entity MediumTent:4375
22:00:33.545   PHYSICS   (W): While attempting to remove proxy physics for the selection 'codelock', the corresponding bone could not be found in the shape 'dz\gear\camping\mediumtent.p3d'
22:00:33.613  PHYSICS   (W): While attempting to remove proxy physics for the selection 'codelock', the corresponding bone could not be found in the shape 'dz\gear\camping\mediumtent.p3d'
22:00:33.614  INVENTORY    : StreamLoad entity MediumTent_Green:4439
22:00:33.614   PHYSICS   (W): While attempting to remove proxy physics for the selection 'codelock', the corresponding bone could not be found in the shape 'dz\gear\camping\mediumtent.p3d'
22:00:33.692  PHYSICS   (W): While attempting to remove proxy physics for the selection 'codelock', the corresponding bone could not be found in the shape 'dz\gear\camping\mediumtent.p3d'
22:00:33.693  INVENTORY    : StreamLoad entity MediumTent_Orange:4518
22:00:33.693   PHYSICS   (W): While attempting to remove proxy physics for the selection 'codelock', the corresponding bone could not be found in the shape 'dz\gear\camping\mediumtent.p3d'
22:00:34.118  PHYSICS   (W): While attempting to remove proxy physics for the selection 'codelock', the corresponding bone could not be found in the shape 'dz\gear\camping\mediumtent.p3d'
22:00:34.119  INVENTORY    : StreamLoad entity MediumTent_Green:4984
22:00:34.119   PHYSICS   (W): While attempting to remove proxy physics for the selection 'codelock', the corresponding bone could not be found in the shape 'dz\gear\camping\mediumtent.p3d'
22:00:34.414  PHYSICS   (W): While attempting to remove proxy physics for the selection 'codelock', the corresponding bone could not be found in the shape 'dz\gear\camping\mediumtent.p3d'
22:00:34.415  INVENTORY    : StreamLoad entity MediumTent_Orange:5276
22:00:34.415   PHYSICS   (W): While attempting to remove proxy physics for the selection 'codelock', the corresponding bone could not be found in the shape 'dz\gear\camping\mediumtent.p3d'
22:00:34.436  PHYSICS   (W): While attempting to remove proxy physics for the selection 'codelock', the corresponding bone could not be found in the shape 'dz\gear\camping\largetent.p3d'
22:00:34.437  INVENTORY    : StreamLoad entity LargeTent:5295
22:00:34.437   PHYSICS   (W): While attempting to remove proxy physics for the selection 'codelock', the corresponding bone could not be found in the shape 'dz\gear\camping\largetent.p3d'
22:00:34.471  PHYSICS   (W): While attempting to remove proxy physics for the selection 'codelock', the corresponding bone could not be found in the shape 'dz\gear\camping\mediumtent.p3d'
22:00:34.471  INVENTORY    : StreamLoad entity MediumTent:5331
22:00:34.471   PHYSICS   (W): While attempting to remove proxy physics for the selection 'codelock', the corresponding bone could not be found in the shape 'dz\gear\camping\mediumtent.p3d'
22:00:34.491  PHYSICS   (W): While attempting to remove proxy physics for the selection 'codelock', the corresponding bone could not be found in the shape 'dz\gear\camping\mediumtent.p3d'
22:00:34.492  INVENTORY    : StreamLoad entity MediumTent_Orange:5352
22:00:34.492   PHYSICS   (W): While attempting to remove proxy physics for the selection 'codelock', the corresponding bone could not be found in the shape 'dz\gear\camping\mediumtent.p3d'
22:00:34.696  PHYSICS   (W): While attempting to remove proxy physics for the selection 'codelock', the corresponding bone could not be found in the shape 'dz\gear\camping\mediumtent.p3d'
22:00:34.696  INVENTORY    : StreamLoad entity MediumTent_Green:5488
22:00:34.697   PHYSICS   (W): While attempting to remove proxy physics for the selection 'codelock', the corresponding bone could not be found in the shape 'dz\gear\camping\mediumtent.p3d'
22:00:34.708  PHYSICS   (W): While attempting to remove proxy physics for the selection 'codelock', the corresponding bone could not be found in the shape 'dz\gear\camping\mediumtent.p3d'
22:00:34.709  INVENTORY    : StreamLoad entity MediumTent:5500
22:00:34.709   PHYSICS   (W): While attempting to remove proxy physics for the selection 'codelock', the corresponding bone could not be found in the shape 'dz\gear\camping\mediumtent.p3d'
22:00:34.828  PHYSICS   (W): While attempting to remove proxy physics for the selection 'codelock', the corresponding bone could not be found in the shape 'dz\gear\camping\mediumtent.p3d'
22:00:34.829  INVENTORY    : StreamLoad entity MediumTent_Green:5619
22:00:34.829   PHYSICS   (W): While attempting to remove proxy physics for the selection 'codelock', the corresponding bone could not be found in the shape 'dz\gear\camping\mediumtent.p3d'
22:00:35.129  PHYSICS   (W): While attempting to remove proxy physics for the selection 'codelock', the corresponding bone could not be found in the shape 'dz\gear\camping\largetent.p3d'
22:00:35.133  INVENTORY    : StreamLoad entity LargeTent:5845
22:00:35.133   PHYSICS   (W): While attempting to remove proxy physics for the selection 'codelock', the corresponding bone could not be found in the shape 'dz\gear\camping\largetent.p3d'
22:00:35.137  PHYSICS   (W): While attempting to remove proxy physics for the selection 'codelock', the corresponding bone could not be found in the shape 'dz\gear\camping\mediumtent.p3d'
22:00:35.138  INVENTORY    : StreamLoad entity MediumTent_Green:5849
22:00:35.138   PHYSICS   (W): While attempting to remove proxy physics for the selection 'codelock', the corresponding bone could not be found in the shape 'dz\gear\camping\mediumtent.p3d'
22:00:35.333  PHYSICS   (W): While attempting to remove proxy physics for the selection 'codelock', the corresponding bone could not be found in the shape 'dz\gear\camping\mediumtent.p3d'
22:00:35.334  INVENTORY    : StreamLoad entity MediumTent:6021
22:00:35.334   PHYSICS   (W): While attempting to remove proxy physics for the selection 'codelock', the corresponding bone could not be found in the shape 'dz\gear\camping\mediumtent.p3d'
22:00:35.366  PHYSICS   (W): While attempting to remove proxy physics for the selection 'codelock', the corresponding bone could not be found in the shape 'dz\gear\camping\mediumtent.p3d'
22:00:35.366  INVENTORY    : StreamLoad entity MediumTent:6049
22:00:35.366   PHYSICS   (W): While attempting to remove proxy physics for the selection 'codelock', the corresponding bone could not be found in the shape 'dz\gear\camping\mediumtent.p3d'
22:00:35.389   2100 items loaded. (0 failed)
22:00:35.390 [CE][Storage] ver:26 stamp:4, valid:yes, name:"G:\SteamLibrary\steamapps\common\DayZServer\mpmissions\regular.namalsk\storage_14\data\dynamic_007.bin"
22:00:35.391 [CE][Storage] ver:26 stamp:4, valid:yes, name:"G:\SteamLibrary\steamapps\common\DayZServer\mpmissions\regular.namalsk\storage_14\data\dynamic_007.001"
22:00:35.391 [CE][Storage] ver:0 stamp:0, valid:NO, name:"G:\SteamLibrary\steamapps\common\DayZServer\mpmissions\regular.namalsk\storage_14\data\dynamic_007.002"
22:00:35.391 [CE][Storage] Restoring file "G:\SteamLibrary\steamapps\common\DayZServer\mpmissions\regular.namalsk\storage_14\data\dynamic_007.bin" 668 items.
22:00:35.797  PHYSICS   (W): While attempting to remove proxy physics for the selection 'codelock', the corresponding bone could not be found in the shape 'dz\gear\camping\mediumtent.p3d'
22:00:35.798  INVENTORY    : StreamLoad entity MediumTent_Orange:6380
22:00:35.798   PHYSICS   (W): While attempting to remove proxy physics for the selection 'codelock', the corresponding bone could not be found in the shape 'dz\gear\camping\mediumtent.p3d'
22:00:36.188   668 items loaded. (0 failed)
22:00:36.189 [CE][Storage] ver:26 stamp:4, valid:yes, name:"G:\SteamLibrary\steamapps\common\DayZServer\mpmissions\regular.namalsk\storage_14\data\dynamic_008.bin"
22:00:36.190 [CE][Storage] ver:26 stamp:4, valid:yes, name:"G:\SteamLibrary\steamapps\common\DayZServer\mpmissions\regular.namalsk\storage_14\data\dynamic_008.001"
22:00:36.190 [CE][Storage] ver:0 stamp:0, valid:NO, name:"G:\SteamLibrary\steamapps\common\DayZServer\mpmissions\regular.namalsk\storage_14\data\dynamic_008.002"
22:00:36.190 [CE][Storage] Restoring file "G:\SteamLibrary\steamapps\common\DayZServer\mpmissions\regular.namalsk\storage_14\data\dynamic_008.bin" 136 items.
22:00:36.349   136 items loaded. (0 failed)
22:00:36.349 [CE][Storage] ver:26 stamp:4, valid:yes, name:"G:\SteamLibrary\steamapps\common\DayZServer\mpmissions\regular.namalsk\storage_14\data\dynamic_009.bin"
22:00:36.349 [CE][Storage] ver:26 stamp:4, valid:yes, name:"G:\SteamLibrary\steamapps\common\DayZServer\mpmissions\regular.namalsk\storage_14\data\dynamic_009.001"
22:00:36.350 [CE][Storage] ver:0 stamp:0, valid:NO, name:"G:\SteamLibrary\steamapps\common\DayZServer\mpmissions\regular.namalsk\storage_14\data\dynamic_009.002"
22:00:36.350 [CE][Storage] Restoring file "G:\SteamLibrary\steamapps\common\DayZServer\mpmissions\regular.namalsk\storage_14\data\dynamic_009.bin" 0 items.
22:00:36.350   0 items loaded. (0 failed)
22:00:36.356 [CE][Storage] ver:26 stamp:4, valid:yes, name:"G:\SteamLibrary\steamapps\common\DayZServer\mpmissions\regular.namalsk\storage_14\data\dynamic_010.bin"
22:00:36.356 [CE][Storage] ver:26 stamp:4, valid:yes, name:"G:\SteamLibrary\steamapps\common\DayZServer\mpmissions\regular.namalsk\storage_14\data\dynamic_010.001"
22:00:36.356 [CE][Storage] ver:0 stamp:0, valid:NO, name:"G:\SteamLibrary\steamapps\common\DayZServer\mpmissions\regular.namalsk\storage_14\data\dynamic_010.002"
22:00:36.357 [CE][Storage] Restoring file "G:\SteamLibrary\steamapps\common\DayZServer\mpmissions\regular.namalsk\storage_14\data\dynamic_010.bin" 44 items.
22:00:36.443   44 items loaded. (0 failed)
22:00:36.444 [CE][Storage] ver:26 stamp:4, valid:yes, name:"G:\SteamLibrary\steamapps\common\DayZServer\mpmissions\regular.namalsk\storage_14\data\dynamic_011.bin"
22:00:36.445 [CE][Storage] ver:26 stamp:4, valid:yes, name:"G:\SteamLibrary\steamapps\common\DayZServer\mpmissions\regular.namalsk\storage_14\data\dynamic_011.001"
22:00:36.446 [CE][Storage] ver:0 stamp:0, valid:NO, name:"G:\SteamLibrary\steamapps\common\DayZServer\mpmissions\regular.namalsk\storage_14\data\dynamic_011.002"
22:00:36.446 [CE][Storage] Restoring file "G:\SteamLibrary\steamapps\common\DayZServer\mpmissions\regular.namalsk\storage_14\data\dynamic_011.bin" 51 items.
22:00:36.539   51 items loaded. (0 failed)
22:00:36.539 [CE][Storage] ver:26 stamp:4, valid:yes, name:"G:\SteamLibrary\steamapps\common\DayZServer\mpmissions\regular.namalsk\storage_14\data\building.bin"
22:00:36.540 [CE][Storage] ver:0 stamp:0, valid:NO, name:"G:\SteamLibrary\steamapps\common\DayZServer\mpmissions\regular.namalsk\storage_14\data\building.001"
22:00:36.540 [CE][Storage] ver:0 stamp:0, valid:NO, name:"G:\SteamLibrary\steamapps\common\DayZServer\mpmissions\regular.namalsk\storage_14\data\building.002"
22:00:36.540 [CE][Storage] Restoring file "G:\SteamLibrary\steamapps\common\DayZServer\mpmissions\regular.namalsk\storage_14\data\building.bin" 0 items.
22:00:36.540   0 items loaded. (0 failed)
22:00:36.541 [CE][Storage] ver:26 stamp:4, valid:yes, name:"G:\SteamLibrary\steamapps\common\DayZServer\mpmissions\regular.namalsk\storage_14\data\vehicles.bin"
22:00:36.542 [CE][Storage] ver:0 stamp:0, valid:NO, name:"G:\SteamLibrary\steamapps\common\DayZServer\mpmissions\regular.namalsk\storage_14\data\vehicles.001"
22:00:36.542 [CE][Storage] ver:0 stamp:0, valid:NO, name:"G:\SteamLibrary\steamapps\common\DayZServer\mpmissions\regular.namalsk\storage_14\data\vehicles.002"
22:00:36.542 [CE][Storage] Restoring file "G:\SteamLibrary\steamapps\common\DayZServer\mpmissions\regular.namalsk\storage_14\data\vehicles.bin" 61 items.
22:00:36.779  WORLD        : Create entity type 'BaseRadio'
22:00:36.779   ENTITY    (E): Type 'Inventory_BaseType' must be inherited from class 'ItemTransmitterType'
22:00:36.799   61 items loaded. (0 failed)
22:00:36.811 [CE][Hive] :: Storage load took:8.30 seconds, recovery stamp:4
22:00:36.811   entity: 7196, building: 0
22:00:36.811   no lifetime: 20
22:00:36.811   pathgraph's: 127
22:00:36.811 [CE][Hive] :: Initializing ... 
22:00:36.838 [CE][InitializeMap] :: initialized: 0
22:00:36.838 [CE][Hive] :: Initializing spawners ... 
22:00:36.839 [CE][LootRespawner] (PRIDummy) :: Initially (re)spawned:0, Nominal:6884, Total in Map: 6600 at 0 (sec)
22:00:36.839   tests:0, repeats:0 fails:0, overtime:0
22:00:36.841  WORLD        : Create entity type 'ZmbM_nacSoldier_normal'
22:00:36.841   MATERIAL  (E): Object dz/characters/zombies/z_hermit_m.xob - cannot load material Material_1.emat
22:00:37.240  WORLD        : Create entity type 'Animal_CapraHircusF'
22:00:37.240   ENTITY    (E): Type 'ManType' must be inherited from class 'DayZAnimalType'
22:00:37.250  WORLD        : Create entity type 'Animal_OvisAries'
22:00:37.250   ENTITY    (E): Type 'ManType' must be inherited from class 'DayZAnimalType'
22:00:37.253  WORLD        : Create entity type 'Animal_OvisAriesF'
22:00:37.253   ENTITY    (E): Type 'ManType' must be inherited from class 'DayZAnimalType'
22:00:37.255  WORLD        : Create entity type 'Animal_RangiferTarandus'
22:00:37.255   ENTITY    (E): Type 'ManType' must be inherited from class 'DayZAnimalType'
22:00:37.258  WORLD        : Create entity type 'Animal_RangiferTarandusF'
22:00:37.259   ENTITY    (E): Type 'ManType' must be inherited from class 'DayZAnimalType'
22:00:37.262  WORLD        : Create entity type 'Animal_SusScrofa'
22:00:37.262   ENTITY    (E): Type 'ManType' must be inherited from class 'DayZAnimalType'
22:00:37.266  WORLD        : Create entity type 'Animal_CanisLupus_Grey'
22:00:37.266   ENTITY    (E): Type 'ManType' must be inherited from class 'DayZAnimalType'
22:00:37.277  WORLD        : Create entity type 'Animal_CanisLupus_White'
22:00:37.277   ENTITY    (E): Type 'ManType' must be inherited from class 'DayZAnimalType'
22:00:37.281  WORLD        : Create entity type 'Animal_UrsusArctos'
22:00:37.281   ENTITY    (E): Type 'ManType' must be inherited from class 'DayZAnimalType'
22:00:37.289  WORLD        : Create entity type 'Animal_UrsusMaritimus'
22:00:37.289   ENTITY    (E): Type 'ManType' must be inherited from class 'DayZAnimalType'
22:00:37.292 [CE][DynEvent] :: 23 types
22:00:37.292 [00] Loot
22:00:37.292   Primary Spawner: "Loot", active: yes, repeat: 2
22:00:37.292 [01] StaticMedDrop
22:00:37.292   Primary Spawner: "Static", active: yes, repeat: 1
22:00:37.292 [02] StaticLifeboat
22:00:37.292   Primary Spawner: "Static", active: yes, repeat: 1
22:00:37.292 [03] ItemWoodenPlanks
22:00:37.292   Primary Spawner: "Item", active: yes, repeat: 1
22:00:37.292 [04] TrajectoryStones
22:00:37.292   Primary Spawner: "Trajectory", active: yes, repeat: 1
22:00:37.292 [05] InfectedSanta
22:00:37.292   Primary Spawner: "Infected", active: yes, repeat: 1
22:00:37.292 [06] InfectedArmy
22:00:37.292   Primary Spawner: "Infected", active: yes, repeat: 1
22:00:37.292 [07] InfectedIndustrial
22:00:37.292   Primary Spawner: "Infected", active: yes, repeat: 1
22:00:37.292 [08] InfectedCivil
22:00:37.292   Primary Spawner: "Infected", active: yes, repeat: 1
22:00:37.292 [09] InfectedMedic
22:00:37.292   Primary Spawner: "Infected", active: yes, repeat: 1
22:00:37.292 [10] AnimalGoat
22:00:37.292   Primary Spawner: "Animal", active: yes, repeat: 1
22:00:37.292 [11] AnimalSheep
22:00:37.292   Primary Spawner: "Animal", active: yes, repeat: 1
22:00:37.292 [12] AnimalReindeer
22:00:37.292   Primary Spawner: "Animal", active: yes, repeat: 1
22:00:37.292 [13] AnimalWildBoar
22:00:37.292   Primary Spawner: "Animal", active: yes, repeat: 1
22:00:37.292 [14] AnimalWolf
22:00:37.292   Primary Spawner: "Animal", active: yes, repeat: 1
22:00:37.292 [15] AnimalBrownBear
22:00:37.292   Primary Spawner: "Animal", active: yes, repeat: 1
22:00:37.292 [16] AnimalPolarBear
22:00:37.292   Primary Spawner: "Animal", active: yes, repeat: 1
22:00:37.292 [17] AmbientFox
22:00:37.292   Primary Spawner: "Ambient", active: yes, repeat: 1
22:00:37.292 [18] AmbientHare
22:00:37.292   Primary Spawner: "Ambient", active: yes, repeat: 1
22:00:37.292 [19] VehicleRubberBoats
22:00:37.292   Primary Spawner: "Vehicle", active: yes, repeat: 1
22:00:37.292 [20] VehicleCivilianCars
22:00:37.292   Primary Spawner: "Vehicle", active: yes, repeat: 1
22:00:37.292 [21] VehicleTrucks
22:00:37.292   Primary Spawner: "Vehicle", active: yes, repeat: 1
22:00:37.292 [22] VehicleMilitary
22:00:37.292   Primary Spawner: "Vehicle", active: yes, repeat: 1
22:00:37.292 [CE][Hive] :: Initializing of spawners done.
22:00:37.294 [CE][Hive] :: Init sequence finished.
22:00:37.294 Player connect enabled
22:00:37.374 ENTITY    (W): Unknown object class 'pond' (nst\ns\water\lakewater.p3d)
22:00:37.377 ENTITY    (W): Unknown object class 'pond' (nst\ns\water\lakewater.p3d)
22:00:37.378 ENTITY    (W): Unknown object class 'pond' (nst\ns\water\lakewater.p3d)
22:00:37.378 ENTITY    (W): Unknown object class 'pond' (nst\ns\water\lakewater.p3d)
22:00:37.379 ENTITY    (W): Unknown object class 'pond' (nst\ns\water\lakewater.p3d)
22:00:37.379 ENTITY    (W): Unknown object class 'pond' (nst\ns\water\lakewater.p3d)
22:00:37.379 ENTITY    (W): Unknown object class 'pond' (nst\ns\water\lakewater.p3d)
22:00:37.379 ENTITY    (W): Unknown object class 'pond' (nst\ns\water\lakewater.p3d)
22:00:37.379 ENTITY    (W): Unknown object class 'pond' (nst\ns\water\lakewater.p3d)
22:00:37.379 ENTITY    (W): Unknown object class 'pond' (nst\ns\water\lakewater.p3d)
22:00:37.379 ENTITY    (W): Unknown object class 'pond' (nst\ns\water\lakewater.p3d)
22:00:37.379 ENTITY    (W): Unknown object class 'pond' (nst\ns\water\lakewater.p3d)
22:00:37.380 ENTITY    (W): Unknown object class 'pond' (dz\water_sakhal\ice_lake\sakhal_50x50_ice_lake_clear.p3d)
22:00:37.389 ENTITY    (W): Unknown object class 'pond' (nst\ns\water\lakewater.p3d)
22:00:37.391 ENTITY    (W): Unknown object class 'pond' (nst\ns\water\lakewater.p3d)
22:00:37.398 ENTITY    (W): Unknown object class 'pond' (dz\water_sakhal\ice_lake\sakhal_50x50_ice_lake_clear.p3d)
22:00:37.956 [IdleMode] Entering IN - save processed
22:00:38.46  ENTITY    (W): Unknown object class 'pond' (nst\ns\water\lakewater.p3d)
22:00:38.47  ENTITY    (W): Unknown object class 'pond' (nst\ns\water\lakewater.p3d)
22:00:38.47  ENTITY    (W): Unknown object class 'pond' (nst\ns\water\lakewater.p3d)
22:00:38.48  ENTITY    (W): Unknown object class 'pond' (nst\ns\water\lakewater.p3d)
22:00:38.48  ENTITY    (W): Unknown object class 'pond' (nst\ns\water\lakewater.p3d)
22:00:38.48  ENTITY    (W): Unknown object class 'pond' (nst\ns\water\lakewater.p3d)
22:00:38.48  ENTITY    (W): Unknown object class 'pond' (nst\ns\water\lakewater.p3d)
22:00:38.49  ENTITY    (W): Unknown object class 'pond' (nst\ns\water\lakewater.p3d)
22:00:38.49  ENTITY    (W): Unknown object class 'pond' (nst\ns\water\lakewater.p3d)
22:00:38.50  ENTITY    (W): Unknown object class 'pond' (nst\ns\water\lakewater.p3d)
22:00:38.51  ENTITY    (W): Unknown object class 'pond' (nst\ns\water\lakewater.p3d)
22:00:38.51  ENTITY    (W): Unknown object class 'pond' (nst\ns\water\lakewater.p3d)
22:00:38.51  ENTITY    (W): Unknown object class 'pond' (nst\ns\water\lakewater.p3d)
22:00:38.51  ENTITY    (W): Unknown object class 'pond' (nst\ns\water\lakewater.p3d)
22:00:38.51  ENTITY    (W): Unknown object class 'pond' (nst\ns\water\lakewater.p3d)
22:00:38.52  ENTITY    (W): Unknown object class 'pond' (nst\ns\water\lakewater.p3d)
22:00:38.58  ENTITY    (W): Unknown object class 'pond' (dz\water_sakhal\ice_lake\sakhal_50x50_ice_lake_clear.p3d)
22:00:38.58  ENTITY    (W): Unknown object class 'pond' (nst\ns\water\lakewater.p3d)
22:00:38.82  ENTITY    (W): Unknown object class 'pond' (dz\water_sakhal\ice_lake\sakhal_50x50_ice_lake_clear.p3d)
22:00:38.88  ENTITY    (W): Unknown object class 'pond' (nst\ns\water\lakewater.p3d)
22:00:38.135 ENTITY    (W): Unknown object class 'pond' (nst\ns\water\lakewater.p3d)
22:00:38.135 ENTITY    (W): Unknown object class 'pond' (nst\ns\water\lakewater.p3d)
22:00:38.252 ENTITY    (W): Unknown object class 'pond' (dz\water_sakhal\ice_lake\sakhal_50x50_ice_lake_clear.p3d)
22:00:38.258 ENTITY    (W): Unknown object class 'pond' (dz\water_sakhal\ice_lake\sakhal_50x50_ice_lake_clear.p3d)
22:00:38.290 ENTITY       : Load entity type 'Land_Rail_Warehouse_Small'
22:00:38.290  ENTITY    (W): Door 'DoorsTwin1' is missing geometry components for selection 'DoorsTwin1', check model+config
22:00:38.290  ENTITY    (W): Door 'DoorsTwin2' is missing geometry components for selection 'DoorsTwin2', check model+config
22:00:38.301 ENTITY       : Load entity type 'land_seb_near_fac7'
22:00:38.301  ENTITY    (W): Door 'doorstwin1' is missing geometry components for selection 'doorstwin1', check model+config
22:00:38.310 ENTITY    (W): Unknown object class 'pond' (nst\ns\water\lakewater.p3d)
22:00:38.548 ENTITY       : Load entity type 'Land_City_School'
22:00:38.548  ENTITY    (W): Door 'DoorsTwin1' is missing geometry components for selection 'DoorsTwin1', check model+config
22:00:38.548  ENTITY    (W): Door 'DoorsTwin3' is missing geometry components for selection 'DoorsTwin3', check model+config
22:00:38.548  ENTITY    (W): Door 'DoorsTwin4' is missing geometry components for selection 'DoorsTwin4', check model+config
22:00:38.548  ENTITY    (W): Door 'DoorsTwin5' is missing geometry components for selection 'DoorsTwin5', check model+config
22:00:38.548  ENTITY    (W): Door 'DoorsTwin6' is missing geometry components for selection 'DoorsTwin6', check model+config
22:00:38.548  ENTITY    (W): Door 'DoorsTwin7' is missing geometry components for selection 'DoorsTwin7', check model+config
22:00:38.555  ENTITY    (W): Unknown object class 'thing' (dz\structures\proxy_buildingparts\lightningcond\lightningconductormiddle\lightningconductormiddle.p3d)
22:00:38.555  ENTITY    (W): Unknown object class 'thing' (dz\structures\proxy_buildingparts\lightningcond\lightningconductormiddle\lightningconductormiddle.p3d)
22:00:38.555  ENTITY    (W): Unknown object class 'thing' (dz\structures\proxy_buildingparts\lightningcond\lightningconductormiddle\lightningconductormiddle.p3d)
22:00:38.555  ENTITY    (W): Unknown object class 'thing' (dz\structures\proxy_buildingparts\lightningcond\lightningconductormiddle\lightningconductormiddle.p3d)
22:00:38.555  ENTITY    (W): Unknown object class 'thing' (dz\structures\proxy_buildingparts\lightningcond\lightningconductormiddle\lightningconductormiddle.p3d)
22:00:38.555  ENTITY    (W): Unknown object class 'thing' (dz\structures\proxy_buildingparts\lightningcond\lightningconductormiddle\lightningconductormiddle.p3d)
22:00:38.555  ENTITY    (W): Unknown object class 'thing' (dz\structures\proxy_buildingparts\lightningcond\lightningconductormiddle\lightningconductormiddle.p3d)
22:00:38.555  ENTITY    (W): Unknown object class 'thing' (dz\structures\proxy_buildingparts\lightningcond\lightningconductormiddle\lightningconductormiddle.p3d)
22:00:38.555  ENTITY    (W): Unknown object class 'thing' (dz\structures\proxy_buildingparts\lightningcond\lightningconductormiddle\lightningconductormiddle.p3d)
22:00:38.555  ENTITY    (W): Unknown object class 'thing' (dz\structures\proxy_buildingparts\lightningcond\lightningconductormiddle\lightningconductormiddle.p3d)
22:00:38.555  ENTITY    (W): Unknown object class 'thing' (dz\structures\proxy_buildingparts\lightningcond\lightningconductormiddle\lightningconductormiddle.p3d)
22:00:38.555  ENTITY    (W): Unknown object class 'thing' (dz\structures\proxy_buildingparts\lightningcond\lightningconductormiddle\lightningconductormiddle.p3d)
22:00:38.555  ENTITY    (W): Unknown object class 'thing' (dz\structures\proxy_buildingparts\lightningcond\lightningconductormiddle\lightningconductormiddle.p3d)
22:00:38.555  ENTITY    (W): Unknown object class 'thing' (dz\structures\proxy_buildingparts\lightningcond\lightningconductormiddle\lightningconductormiddle.p3d)
22:00:38.555  ENTITY    (W): Unknown object class 'thing' (dz\structures\proxy_buildingparts\lightningcond\lightningconductormiddle\lightningconductormiddle.p3d)
22:00:38.555  ENTITY    (W): Unknown object class 'thing' (dz\structures\proxy_buildingparts\lightningcond\lightningconductormiddle\lightningconductormiddle.p3d)
22:00:38.555  ENTITY    (W): Unknown object class 'thing' (dz\structures\proxy_buildingparts\lightningcond\lightningconductormiddle\lightningconductormiddle.p3d)
22:00:38.555  ENTITY    (W): Unknown object class 'thing' (dz\structures\proxy_buildingparts\lightningcond\lightningconductormiddle\lightningconductormiddle.p3d)
22:00:38.555  ENTITY    (W): Unknown object class 'thing' (dz\structures\proxy_buildingparts\lightningcond\lightningconductormiddle\lightningconductormiddle.p3d)
22:00:38.555  ENTITY    (W): Unknown object class 'thing' (dz\structures\proxy_buildingparts\lightningcond\lightningconductormiddle\lightningconductormiddle.p3d)
22:00:38.555  ENTITY    (W): Unknown object class 'thing' (dz\structures\proxy_buildingparts\lightningcond\lightningconductormiddle\lightningconductormiddle.p3d)
22:00:38.555  ENTITY    (W): Unknown object class 'thing' (dz\structures\proxy_buildingparts\lightningcond\lightningconductormiddle\lightningconductormiddle.p3d)
22:00:38.555  ENTITY    (W): Unknown object class 'thing' (dz\structures\proxy_buildingparts\lightningcond\lightningconductormiddle\lightningconductormiddle.p3d)
22:00:38.555  ENTITY    (W): Unknown object class 'thing' (dz\structures\proxy_buildingparts\lightningcond\lightningconductormiddle\lightningconductormiddle.p3d)
22:00:38.555  ENTITY    (W): Unknown object class 'thing' (dz\structures\proxy_buildingparts\lightningcond\lightningconductormiddle\lightningconductormiddle.p3d)
22:00:38.555  ENTITY    (W): Unknown object class 'thing' (dz\structures\proxy_buildingparts\lightningcond\lightningconductormiddle\lightningconductormiddle.p3d)
22:00:38.555  ENTITY    (W): Unknown object class 'thing' (dz\structures\proxy_buildingparts\lightningcond\lightningconductormiddle\lightningconductormiddle.p3d)
22:00:38.555  ENTITY    (W): Unknown object class 'thing' (dz\structures\proxy_buildingparts\lightningcond\lightningconductormiddle\lightningconductormiddle.p3d)
22:00:38.555  ENTITY    (W): Unknown object class 'thing' (dz\structures\proxy_buildingparts\lightningcond\lightningconductormiddle\lightningconductormiddle.p3d)
22:00:38.555  ENTITY    (W): Unknown object class 'thing' (dz\structures\proxy_buildingparts\lightningcond\lightningconductormiddle\lightningconductormiddle.p3d)
22:00:38.555  ENTITY    (W): Unknown object class 'thing' (dz\structures\proxy_buildingparts\lightningcond\lightningconductormiddle\lightningconductormiddle.p3d)
22:00:38.555  ENTITY    (W): Unknown object class 'thing' (dz\structures\proxy_buildingparts\lightningcond\lightningconductormiddle\lightningconductormiddle.p3d)
22:00:38.555  ENTITY    (W): Unknown object class 'thing' (dz\structures\proxy_buildingparts\lightningcond\lightningconductormiddle\lightningconductormiddle.p3d)
22:00:38.555  ENTITY    (W): Unknown object class 'thing' (dz\structures\proxy_buildingparts\lightningcond\lightningconductormiddle\lightningconductormiddle.p3d)
22:00:38.555  ENTITY    (W): Unknown object class 'thing' (dz\structures\proxy_buildingparts\lightningcond\lightningconductormiddle\lightningconductormiddle.p3d)
22:00:38.555  ENTITY    (W): Unknown object class 'thing' (dz\structures\proxy_buildingparts\lightningcond\lightningconductormiddle\lightningconductormiddle.p3d)
22:00:38.555  ENTITY    (W): Unknown object class 'thing' (dz\structures\proxy_buildingparts\lightningcond\lightningconductormiddle\lightningconductormiddle.p3d)
22:00:38.555  ENTITY    (W): Unknown object class 'thing' (dz\structures\proxy_buildingparts\lightningcond\lightningconductormiddle\lightningconductormiddle.p3d)
22:00:38.555  ENTITY    (W): Unknown object class 'thing' (dz\structures\proxy_buildingparts\lightningcond\lightningconductormiddle\lightningconductormiddle.p3d)
22:00:38.555  ENTITY    (W): Unknown object class 'thing' (dz\structures\proxy_buildingparts\lightningcond\lightningconductormiddle\lightningconductormiddle.p3d)
22:00:38.555  ENTITY    (W): Unknown object class 'thing' (dz\structures\proxy_buildingparts\lightningcond\lightningconductormiddle\lightningconductormiddle.p3d)
22:00:38.555  ENTITY    (W): Unknown object class 'thing' (dz\structures\proxy_buildingparts\lightningcond\lightningconductormiddle\lightningconductormiddle.p3d)
22:00:38.556  ENTITY    (W): Unknown object class 'thing' (dz\structures\proxy_buildingparts\lightningcond\lightningconductormiddle\lightningconductormiddle.p3d)
22:00:38.556  ENTITY    (W): Unknown object class 'thing' (dz\structures\proxy_buildingparts\lightningcond\lightningconductormiddle\lightningconductormiddle.p3d)
22:00:38.556  ENTITY    (W): Unknown object class 'thing' (dz\structures\proxy_buildingparts\lightningcond\lightningconductormiddle\lightningconductormiddle.p3d)
22:00:38.556  ENTITY    (W): Unknown object class 'thing' (dz\structures\proxy_buildingparts\lightningcond\lightningconductormiddle\lightningconductormiddle.p3d)
22:00:38.556  ENTITY    (W): Unknown object class 'thing' (dz\structures\proxy_buildingparts\lightningcond\lightningconductormiddle\lightningconductormiddle.p3d)
22:00:38.556  ENTITY    (W): Unknown object class 'thing' (dz\structures\proxy_buildingparts\lightningcond\lightningconductormiddle\lightningconductormiddle.p3d)
22:00:38.556  ENTITY    (W): Unknown object class 'thing' (dz\structures\proxy_buildingparts\lightningcond\lightningconductormiddle\lightningconductormiddle.p3d)
22:00:38.556  ENTITY    (W): Unknown object class 'thing' (dz\structures\proxy_buildingparts\lightningcond\lightningconductormiddle\lightningconductormiddle.p3d)
22:00:38.556  ENTITY    (W): Unknown object class 'thing' (dz\structures\proxy_buildingparts\lightningcond\lightningconductormiddle\lightningconductormiddle.p3d)
22:00:38.656 ENTITY       : Load entity type 'Land_Boathouse'
22:00:38.656  ENTITY    (W): Door 'DoorsTwin1' is missing geometry components for selection 'DoorsTwin1', check model+config
22:00:38.713 ENTITY       : Load entity type 'Land_Ruin_HouseBig1_NoIvy_Half'
22:00:38.713  ENTITY    (W): Door 'DoorsTwin1' is missing geometry components for selection 'DoorsTwin1', check model+config
22:00:38.819 ENTITY       : Load entity type 'Land_Ruin_HouseBig2_NoIvy'
22:00:38.819  ENTITY    (W): Door 'DoorsTwin1' is missing geometry components for selection 'DoorsTwin1', check model+config
22:00:38.819  ENTITY    (W): Door 'DoorsTwin2' is missing geometry components for selection 'DoorsTwin2', check model+config
22:00:38.825 ENTITY       : Load entity type 'Land_Ruin_HouseBig3_NoIvy'
22:00:38.825  ENTITY    (W): Door 'DoorsTwin1' is missing geometry components for selection 'DoorsTwin1', check model+config
22:00:38.839 ENTITY       : Load entity type 'Land_Ruin_HouseBig1_NoIvy'
22:00:38.839  ENTITY    (W): Door 'DoorsTwin1' is missing geometry components for selection 'DoorsTwin1', check model+config
22:00:38.972 ENTITY    (W): Unknown object class 'pond' (dz\water_sakhal\ice_lake\sakhal_50x50_ice_lake_clear.p3d)
22:00:38.990 ENTITY       : Load entity type 'Land_Ruin_HouseBig3_NoIvy_Half'
22:00:38.990  ENTITY    (W): Door 'DoorsTwin1' is missing geometry components for selection 'DoorsTwin1', check model+config
22:00:44.345 ENTITY    (W): Unknown object class 'pond' (nst\ns\water\lakewater_still.p3d)
22:00:44.352 ENTITY    (W): Unknown object class 'pond' (nst\ns\water\lakewater_still.p3d)
22:00:50.775 ENTITY    (W): Unknown object class 'pond' (dz\water_sakhal\ice_lake\sakhal_50x50_ice_lake_clear.p3d)
22:00:50.775 ENTITY    (W): Unknown object class 'pond' (dz\water_sakhal\ice_lake\sakhal_50x50_ice_lake_clear.p3d)
22:00:50.775 ENTITY    (W): Unknown object class 'pond' (dz\water_sakhal\ice_lake\sakhal_50x50_ice_lake_clear.p3d)
22:00:56.904 ENTITY    (W): Unknown object class 'pond' (dz\water_sakhal\ice_lake\sakhal_50x50_ice_lake_clear.p3d)
22:01:02.402 ENTITY    (W): Unknown object class 'pond' (dz\water_sakhal\ice_lake\sakhal_50x50_ice_lake_clear.p3d)
22:01:02.785 ENTITY    (W): Unknown object class 'pond' (dz\water_sakhal\ice_lake\sakhal_50x50_ice_lake_clear.p3d)
22:01:08.40  ENTITY    (W): Unknown object class 'pond' (dz\water_sakhal\ice_lake\sakhal_50x50_ice_lake_clear.p3d)
22:01:09.489 ENTITY       : Load entity type 'Land_Garage_Row_Big'
22:01:09.489  ENTITY    (W): Door 'DoorsTwin1' is missing geometry components for selection 'DoorsTwin1', check model+config
22:01:09.489  ENTITY    (W): Door 'DoorsTwin2' is missing geometry components for selection 'DoorsTwin2', check model+config
22:01:09.489  ENTITY    (W): Door 'DoorsTwin3' is missing geometry components for selection 'DoorsTwin3', check model+config
22:01:09.489  ENTITY    (W): Door 'DoorsTwin4' is missing geometry components for selection 'DoorsTwin4', check model+config
22:01:10.850 ENTITY    (W): Unknown object class 'pond' (dz\water_sakhal\ice_lake\sakhal_50x50_ice_lake_clear.p3d)
22:01:17.143 ENTITY    (W): Unknown object class 'pond' (dz\water_sakhal\ice_lake\sakhal_50x50_ice_lake_clear.p3d)
22:01:20.490 ENTITY    (W): Unknown object class 'pond' (nst\ns\water\lakewater.p3d)
22:01:21.189 ENTITY    (W): Unknown object class 'pond' (nst\ns\water\lakewater.p3d)
22:01:21.189 ENTITY    (W): Unknown object class 'pond' (nst\ns\water\lakewater.p3d)
22:01:22.319 ENTITY    (W): Unknown object class 'pond' (nst\ns\water\lakewater.p3d)
22:01:22.319 ENTITY    (W): Unknown object class 'pond' (nst\ns\water\lakewater.p3d)
22:01:22.319 ENTITY    (W): Unknown object class 'pond' (nst\ns\water\lakewater.p3d)
22:01:22.319 ENTITY    (W): Unknown object class 'pond' (nst\ns\water\lakewater.p3d)
22:01:22.360 ENTITY    (W): Unknown object class 'pond' (nst\ns\water\lakewater.p3d)
22:01:22.360 ENTITY    (W): Unknown object class 'pond' (nst\ns\water\lakewater.p3d)
22:01:22.360 ENTITY    (W): Unknown object class 'pond' (nst\ns\water\lakewater.p3d)
22:01:22.360 ENTITY    (W): Unknown object class 'pond' (nst\ns\water\lakewater.p3d)
22:01:22.360 ENTITY    (W): Unknown object class 'pond' (nst\ns\water\lakewater.p3d)
22:01:22.360 ENTITY    (W): Unknown object class 'pond' (nst\ns\water\lakewater.p3d)
22:01:22.360 ENTITY    (W): Unknown object class 'pond' (nst\ns\water\lakewater.p3d)
22:01:22.360 ENTITY    (W): Unknown object class 'pond' (nst\ns\water\lakewater.p3d)
22:01:22.360 ENTITY    (W): Unknown object class 'pond' (nst\ns\water\lakewater.p3d)
22:01:22.361 ENTITY    (W): Unknown object class 'pond' (nst\ns\water\lakewater.p3d)
22:01:26.102 ENTITY    (W): Unknown object class 'pond' (dz\water_sakhal\ice_lake\sakhal_50x50_ice_lake_clear.p3d)
22:01:29.58  ENTITY    (W): Unknown object class 'pond' (dz\water_sakhal\ice_lake\sakhal_50x50_ice_lake_clear.p3d)
22:01:29.58  ENTITY    (W): Unknown object class 'pond' (dz\water_sakhal\ice_lake\sakhal_50x50_ice_lake_clear.p3d)
22:01:29.58  ENTITY    (W): Unknown object class 'pond' (dz\water_sakhal\ice_lake\sakhal_50x50_ice_lake_clear.p3d)
22:03:15.383 [Login]: Adding player Survivor (1298160038) to login queue at position 0
22:03:15.384 [LoginMachine]: Add player Survivor (1298160038 192.168.0.103:57418)
22:03:15.384 [StateMachine]: Player Survivor (dpnid 1298160038 uid ) Entering AuthPlayerLoginState
22:03:15.384 [StateMachine]: Player Survivor (dpnid 1298160038 uid ) Entering WaitAuthPlayerLoginState
22:03:17.243 [IdleMode] Leaving OUT
22:03:18.205 Игрок Survivor соединяется.
22:03:18.278 [StateMachine]: Player Survivor (dpnid 1298160038 uid ) Entering WaitPlayerAssignedLoginState
22:03:18.431 [StateMachine]: Player Survivor (dpnid 1298160038 uid ) Entering PlayerAssignedLoginState
22:03:18.431 [StateMachine]: Player Survivor (dpnid 1298160038 uid x_MJ2w6DZznhQeYHMWeX7_S9NuAxgYSiQqpLVIMNfrA=) Entering DBGetLoginTimeLoginState
22:03:18.434 [StateMachine]: Player Survivor (dpnid 1298160038 uid x_MJ2w6DZznhQeYHMWeX7_S9NuAxgYSiQqpLVIMNfrA=) Entering DBWaitLoginTimeLoginState
22:03:33.434 [StateMachine]: Player Survivor (dpnid 1298160038 uid x_MJ2w6DZznhQeYHMWeX7_S9NuAxgYSiQqpLVIMNfrA=) Entering DBGetCharacterLoginState
22:03:33.436 [StateMachine]: Player Survivor (dpnid 1298160038 uid x_MJ2w6DZznhQeYHMWeX7_S9NuAxgYSiQqpLVIMNfrA=) Entering CreateNetObjectsLoginState
22:03:33.436 [CE][PlayerSpawnPoints][GRP_DBG] :: Selected: { no group } | idx: 0 (ut: 284172 | lt: 0 | ctr: 0)
22:03:33.436 [CE][PlayerSpawnPoints][GRP_DBG] :: Current: { no group } | idx: 0 (ct: 284172 | ut: 284172 | lt: 0 | ctr: 0)
22:03:33.436 [CE][PlayerSpawnPoints][GRP_DBG] :: Current: { no group } index: 0 (lt: 0 | ctr: 0)
22:03:33.436 [CE][PlayerSpawnPoints][GRP_DBG] :: Selected: { no group } | idx: 0 (ut: 284172 | lt: 0 | ctr: 0)
22:03:33.440 [StateMachine]: Player Survivor (dpnid 1298160038 uid x_MJ2w6DZznhQeYHMWeX7_S9NuAxgYSiQqpLVIMNfrA=) Entering PreloadCamLoginState
22:03:33.440 [StateMachine]: Player Survivor (dpnid 1298160038 uid x_MJ2w6DZznhQeYHMWeX7_S9NuAxgYSiQqpLVIMNfrA=) Entering WaitPreloadCamLoginState
22:03:39.278 [CE][LootRespawner] (PRIDummy) :: Item [0] causing search overtime: "FarmingHoe"
22:03:39.378 [CE][LootRespawner] (PRIDummy) :: Item [1] causing search overtime: "KazuarOptic"
22:03:39.478 [CE][LootRespawner] (PRIDummy) :: Item [2] causing search overtime: "dzn_netanyas_log"
22:03:39.578 [CE][LootRespawner] (PRIDummy) :: Item [3] causing search overtime: "dzn_athena3_october"
22:03:39.678 [CE][LootRespawner] (PRIDummy) :: Item [4] causing search overtime: "MountainBag_Blue"
22:03:47.672 [StateMachine]: Player Survivor (dpnid 1298160038 uid x_MJ2w6DZznhQeYHMWeX7_S9NuAxgYSiQqpLVIMNfrA=) Entering GetNewCharLoginState
22:03:47.718 NETWORK      : Network simulation
22:03:47.718  WORLD        : Create entity type 'SurvivorF_Maria'
22:03:47.718   MATERIAL  (E): Object dz/characters/bodies/player_testing.xob - cannot load material cross_red.emat
22:03:47.836   RESOURCES (E): Failed to open object @"dz/anims/anm/player/ik/vehicles/hatchback/hatchback_Doors_Hood.anm"
22:03:47.837   RESOURCES (E): Failed to open object @"dz/anims/anm/player/ik/vehicles/v3s/hatchback_02_door_driver.anm"
22:03:47.837   RESOURCES (E): Failed to open object @"dz/anims/anm/player/ik/vehicles/v3s/hatchback_02_door_codriver.anm"
22:03:47.837   RESOURCES (E): Failed to open object @"dz/anims/anm/player/ik/vehicles/v3s/hatchback_02_door_driver.anm"
22:03:47.837   RESOURCES (E): Failed to open object @"dz/anims/anm/player/ik/vehicles/v3s/hatchback_02_door_codriver.anm"
22:03:47.837   RESOURCES (E): Failed to open object @"dz/anims/anm/player/ik/vehicles/v3s/hatchback_02_door_driver.anm"
22:03:47.837   RESOURCES (E): Failed to open object @"dz/anims/anm/player/ik/vehicles/v3s/hatchback_02_door_codriver.anm"
22:03:47.837   RESOURCES (E): Failed to open object @"dz/anims/anm/player/ik/vehicles/v3s/hatchback_02_door_driver.anm"
22:03:47.837   RESOURCES (E): Failed to open object @"dz/anims/anm/player/ik/vehicles/v3s/hatchback_02_door_codriver.anm"
22:03:47.838   RESOURCES (E): Failed to open object @"dz/anims/anm/player/ik/vehicles/hatchback/sedan_trunk.anm"
22:03:49.517   ANIMATION    : AnimSetInstance load @"{73CE583BF4026B87}SNAFU_Scripts/Animations/GCGN_M1Garand.asi"
22:03:49.517    RESOURCES (E): Failed to open object @"GCGN_Guns/Data/M1Garand/Anims/M1Garand.anm"
22:03:50.474  ENTITY       : Load entity type 'SurvivorF_Maria'
22:03:50.474   RESOURCES (E): Failed to open object @"dz/anims/anm/player/ik/vehicles/hatchback/hatchback_Doors_Hood.anm"
22:03:50.474   RESOURCES (E): Failed to open object @"dz/anims/anm/player/ik/vehicles/v3s/hatchback_02_door_driver.anm"
22:03:50.474   RESOURCES (E): Failed to open object @"dz/anims/anm/player/ik/vehicles/v3s/hatchback_02_door_codriver.anm"
22:03:50.474   RESOURCES (E): Failed to open object @"dz/anims/anm/player/ik/vehicles/v3s/hatchback_02_door_driver.anm"
22:03:50.474   RESOURCES (E): Failed to open object @"dz/anims/anm/player/ik/vehicles/v3s/hatchback_02_door_codriver.anm"
22:03:50.474   RESOURCES (E): Failed to open object @"dz/anims/anm/player/ik/vehicles/v3s/hatchback_02_door_driver.anm"
22:03:50.474   RESOURCES (E): Failed to open object @"dz/anims/anm/player/ik/vehicles/v3s/hatchback_02_door_codriver.anm"
22:03:50.474   RESOURCES (E): Failed to open object @"dz/anims/anm/player/ik/vehicles/v3s/hatchback_02_door_driver.anm"
22:03:50.474   RESOURCES (E): Failed to open object @"dz/anims/anm/player/ik/vehicles/v3s/hatchback_02_door_codriver.anm"
22:03:50.475   RESOURCES (E): Failed to open object @"dz/anims/anm/player/ik/vehicles/hatchback/sedan_trunk.anm"
22:03:50.503 Подключился игрок Survivor (id=x_MJ2w6DZznhQeYHMWeX7_S9NuAxgYSiQqpLVIMNfrA=).
22:03:50.503 Player "Survivor" (steamID=76561199587900842 pos=<9064.6, 10372.4, 5.6>) is connected
22:03:50.516 <CREATE NEW CHAR>:
    charID 1
    playerID 1
    dpnid 1298160038
    uid x_MJ2w6DZznhQeYHMWeX7_S9NuAxgYSiQqpLVIMNfrA=
22:04:09.31  [CE][LootRespawner] (PRIDummy) :: Item [5] causing search overtime: "FarmingHoe"
22:04:09.131 [CE][LootRespawner] (PRIDummy) :: Item [6] causing search overtime: "KazuarOptic"
22:04:09.231 [CE][LootRespawner] (PRIDummy) :: Item [7] causing search overtime: "dzn_netanyas_log"
22:04:09.331 [CE][LootRespawner] (PRIDummy) :: Item [8] causing search overtime: "dzn_athena3_october"
22:04:09.431 [CE][LootRespawner] (PRIDummy) :: Item [9] causing search overtime: "MountainBag_Blue"
22:04:17.583 Player Survivor (1298160038) kicked from server: 240 ( (Game restart required))
22:04:17.587 [Disconnect]: Client 1298160038 early disconnect
22:04:17.588 [Disconnect]: Start script disconnect 1298160038 (dbCharacterId 1 dbPlayerId 1) logoutTime 15
22:04:18.517 [Disconnect]: Remove player info 1298160038
22:04:18.519 [Disconnect]: Player destroy 1298160038 
22:04:26.382 [Login]: Adding player Survivor (1369160074) to login queue at position 0
22:04:26.382 [LoginMachine]: Add player Survivor (1369160074 192.168.0.103:53041)
22:04:26.382 [StateMachine]: Player Survivor (dpnid 1369160074 uid ) Entering AuthPlayerLoginState
22:04:26.384 [StateMachine]: Player Survivor (dpnid 1369160074 uid ) Entering WaitAuthPlayerLoginState
22:04:29.97  Игрок Survivor соединяется.
22:04:29.98  [StateMachine]: Player Survivor (dpnid 1369160074 uid ) Entering WaitPlayerAssignedLoginState
22:04:29.247 [StateMachine]: Player Survivor (dpnid 1369160074 uid ) Entering PlayerAssignedLoginState
22:04:29.248 [StateMachine]: Player Survivor (dpnid 1369160074 uid ) State Error (PlayerAssignedLoginState)
22:04:29.248 Player Survivor (1369160074) kicked from server: 51 (Пользователь с таким же UID уже играет. (DC))
22:04:29.248 [StateMachine]: Kick player Survivor (dpnid 1369160074 uid ) State PlayerAssignedLoginState
22:04:29.252 [Disconnect]: Client 1369160074 early disconnect
22:04:29.252 [Disconnect]: No player -> remove player info 1369160074 
22:04:29.252 [Disconnect]: DisconnectPlayerFinish 1369160074
22:04:29.252 [Disconnect]: Remove player info 1369160074
22:04:29.252 [Disconnect]: Player destroy 1369160074 
22:04:29.253 NETWORK      : Network simulation
22:04:29.253  NETWORK   (E): server: Player dpid=1369160074 index not removed
22:04:32.590 [Disconnect]: Finish script disconnect -1 (x_MJ2w6DZznhQeYHMWeX7_S9NuAxgYSiQqpLVIMNfrA=)
22:04:35.944 [CE][LootRespawner] (PRIDummy) :: Item [10] causing search overtime: "FarmingHoe"
22:04:36.44  [CE][LootRespawner] (PRIDummy) :: Item [11] causing search overtime: "KazuarOptic"
22:04:36.144 [CE][LootRespawner] (PRIDummy) :: Item [12] causing search overtime: "dzn_netanyas_log"
22:04:36.244 [CE][LootRespawner] (PRIDummy) :: Item [13] causing search overtime: "dzn_athena3_october"
22:04:36.344 [CE][LootRespawner] (PRIDummy) :: Item [14] causing search overtime: "MountainBag_Blue"
22:04:42.567 [Login]: Adding player Survivor (1385344485) to login queue at position 0
22:04:42.567 [LoginMachine]: Add player Survivor (1385344485 192.168.0.103:59695)
22:04:42.567 [StateMachine]: Player Survivor (dpnid 1385344485 uid ) Entering AuthPlayerLoginState
22:04:42.568 [StateMachine]: Player Survivor (dpnid 1385344485 uid ) Entering WaitAuthPlayerLoginState
22:04:45.266 Игрок Survivor соединяется.
22:04:45.267 [StateMachine]: Player Survivor (dpnid 1385344485 uid ) Entering WaitPlayerAssignedLoginState
22:04:45.423 [StateMachine]: Player Survivor (dpnid 1385344485 uid ) Entering PlayerAssignedLoginState
22:04:45.423 [StateMachine]: Player Survivor (dpnid 1385344485 uid x_MJ2w6DZznhQeYHMWeX7_S9NuAxgYSiQqpLVIMNfrA=) Entering DBGetLoginTimeLoginState
22:04:45.427 [StateMachine]: Player Survivor (dpnid 1385344485 uid x_MJ2w6DZznhQeYHMWeX7_S9NuAxgYSiQqpLVIMNfrA=) Entering DBWaitLoginTimeLoginState
22:05:00.428 [StateMachine]: Player Survivor (dpnid 1385344485 uid x_MJ2w6DZznhQeYHMWeX7_S9NuAxgYSiQqpLVIMNfrA=) Entering DBGetCharacterLoginState
22:05:00.430 [StateMachine]: Player Survivor (dpnid 1385344485 uid x_MJ2w6DZznhQeYHMWeX7_S9NuAxgYSiQqpLVIMNfrA=) Entering CreateNetObjectsLoginState
22:05:00.432 [StateMachine]: Player Survivor (dpnid 1385344485 uid x_MJ2w6DZznhQeYHMWeX7_S9NuAxgYSiQqpLVIMNfrA=) Entering PreloadCamLoginState
22:05:00.432 [StateMachine]: Player Survivor (dpnid 1385344485 uid x_MJ2w6DZznhQeYHMWeX7_S9NuAxgYSiQqpLVIMNfrA=) Entering WaitPreloadCamLoginState
22:05:02.844 [CE][LootRespawner] (PRIDummy) :: Item [15] causing search overtime: "FarmingHoe"
22:05:02.944 [CE][LootRespawner] (PRIDummy) :: Item [16] causing search overtime: "KazuarOptic"
22:05:03.44  [CE][LootRespawner] (PRIDummy) :: Item [17] causing search overtime: "dzn_netanyas_log"
22:05:03.144 [CE][LootRespawner] (PRIDummy) :: Item [18] causing search overtime: "dzn_athena3_october"
22:05:03.244 [CE][LootRespawner] (PRIDummy) :: Item [19] causing search overtime: "MountainBag_Blue"
22:05:13.882 [StateMachine]: Player Survivor (dpnid 1385344485 uid x_MJ2w6DZznhQeYHMWeX7_S9NuAxgYSiQqpLVIMNfrA=) Entering GetLoadedCharLoginState
22:05:13.889 NETWORK      : Network simulation
22:05:13.889  ENTITY       : Load entity type 'SurvivorF_Maria'
22:05:13.889   RESOURCES (E): Failed to open object @"dz/anims/anm/player/ik/vehicles/hatchback/hatchback_Doors_Hood.anm"
22:05:13.889   RESOURCES (E): Failed to open object @"dz/anims/anm/player/ik/vehicles/v3s/hatchback_02_door_driver.anm"
22:05:13.889   RESOURCES (E): Failed to open object @"dz/anims/anm/player/ik/vehicles/v3s/hatchback_02_door_codriver.anm"
22:05:13.889   RESOURCES (E): Failed to open object @"dz/anims/anm/player/ik/vehicles/v3s/hatchback_02_door_driver.anm"
22:05:13.889   RESOURCES (E): Failed to open object @"dz/anims/anm/player/ik/vehicles/v3s/hatchback_02_door_codriver.anm"
22:05:13.889   RESOURCES (E): Failed to open object @"dz/anims/anm/player/ik/vehicles/v3s/hatchback_02_door_driver.anm"
22:05:13.889   RESOURCES (E): Failed to open object @"dz/anims/anm/player/ik/vehicles/v3s/hatchback_02_door_codriver.anm"
22:05:13.889   RESOURCES (E): Failed to open object @"dz/anims/anm/player/ik/vehicles/v3s/hatchback_02_door_driver.anm"
22:05:13.889   RESOURCES (E): Failed to open object @"dz/anims/anm/player/ik/vehicles/v3s/hatchback_02_door_codriver.anm"
22:05:13.889   RESOURCES (E): Failed to open object @"dz/anims/anm/player/ik/vehicles/hatchback/sedan_trunk.anm"
22:05:13.906 Подключился игрок Survivor (id=x_MJ2w6DZznhQeYHMWeX7_S9NuAxgYSiQqpLVIMNfrA=).
22:05:13.906 Player "Survivor" (steamID=76561199587900842 pos=<9038.8, 10350.8, 10.3>) is connected
22:05:13.907 <LOAD EXISTING CHAR>:
    charID 1
    playerID 1
    dpnid 1385344485
    uid x_MJ2w6DZznhQeYHMWeX7_S9NuAxgYSiQqpLVIMNfrA=
22:05:29.749 [CE][LootRespawner] (PRIDummy) :: Item [20] causing search overtime: "FarmingHoe"
22:05:29.848 [CE][LootRespawner] (PRIDummy) :: Item [21] causing search overtime: "KazuarOptic"
22:05:29.948 [CE][LootRespawner] (PRIDummy) :: Item [22] causing search overtime: "dzn_netanyas_log"
22:05:30.48  [CE][LootRespawner] (PRIDummy) :: Item [23] causing search overtime: "dzn_athena3_october"
22:05:30.148 [CE][LootRespawner] (PRIDummy) :: Item [24] causing search overtime: "MountainBag_Blue"
22:05:41.487 [IdleMode] Entering IN - save processed
22:05:42.787 [IdleMode] Leaving OUT
22:05:51.267 NETWORK      : Network simulation
22:05:51.267  WORLD        : Create entity type 'mike_Tigr'
22:05:51.267   PHYSICS   (W): [mike_Tigr] :: old 'SimulationModule' detected, using sim from 'AllDrive' instead
22:06:04.838 [CE][LootRespawner] (PRIDummy) :: Item [25] causing search overtime: "FarmingHoe"
22:06:04.936 [CE][LootRespawner] (PRIDummy) :: Item [26] causing search overtime: "KazuarOptic"
22:06:05.36  [CE][LootRespawner] (PRIDummy) :: Item [27] causing search overtime: "dzn_netanyas_log"
22:06:05.138 [CE][LootRespawner] (PRIDummy) :: Item [28] causing search overtime: "dzn_athena3_october"
22:06:05.236 [CE][LootRespawner] (PRIDummy) :: Item [29] causing search overtime: "MountainBag_Blue"
22:06:31.794 [CE][LootRespawner] (PRIDummy) :: Item [30] causing search overtime: "FarmingHoe"
22:06:31.894 [CE][LootRespawner] (PRIDummy) :: Item [31] causing search overtime: "KazuarOptic"
22:06:31.995 [CE][LootRespawner] (PRIDummy) :: Item [32] causing search overtime: "dzn_netanyas_log"
22:06:32.94  [CE][LootRespawner] (PRIDummy) :: Item [33] causing search overtime: "dzn_athena3_october"
22:06:32.194 [CE][LootRespawner] (PRIDummy) :: Item [34] causing search overtime: "MountainBag_Blue"
22:06:58.703 [CE][LootRespawner] (PRIDummy) :: Item [35] causing search overtime: "FarmingHoe"
22:06:58.803 [CE][LootRespawner] (PRIDummy) :: Item [36] causing search overtime: "KazuarOptic"
22:06:58.904 [CE][LootRespawner] (PRIDummy) :: Item [37] causing search overtime: "dzn_netanyas_log"
22:06:59.04  [CE][LootRespawner] (PRIDummy) :: Item [38] causing search overtime: "dzn_athena3_october"
22:06:59.103 [CE][LootRespawner] (PRIDummy) :: Item [39] causing search overtime: "MountainBag_Blue"
22:07:25.666 [CE][LootRespawner] (PRIDummy) :: Item [40] causing search overtime: "FarmingHoe"
22:07:25.766 [CE][LootRespawner] (PRIDummy) :: Item [41] causing search overtime: "KazuarOptic"
22:07:25.866 [CE][LootRespawner] (PRIDummy) :: Item [42] causing search overtime: "dzn_netanyas_log"
22:07:25.967 [CE][LootRespawner] (PRIDummy) :: Item [43] causing search overtime: "dzn_athena3_october"
22:07:26.67  [CE][LootRespawner] (PRIDummy) :: Item [44] causing search overtime: "MountainBag_Blue"
22:07:52.572 [CE][LootRespawner] (PRIDummy) :: Item [45] causing search overtime: "BearTrap"
22:07:52.672 [CE][LootRespawner] (PRIDummy) :: Item [46] causing search overtime: "FarmingHoe"
22:07:52.772 [CE][LootRespawner] (PRIDummy) :: Item [47] causing search overtime: "KazuarOptic"
22:07:52.871 [CE][LootRespawner] (PRIDummy) :: Item [48] causing search overtime: "Ammo_40mm_Explosive"
22:07:52.971 [CE][LootRespawner] (PRIDummy) :: Item [49] causing search overtime: "dzn_netanyas_log"
22:07:53.80  [CE][LootRespawner] (PRIDummy) :: Item [50] causing search overtime: "dzn_athena3_october"
22:07:53.172 [CE][LootRespawner] (PRIDummy) :: Item [51] causing search overtime: "dzn_module_card"
22:07:53.272 [CE][LootRespawner] (PRIDummy) :: Item [52] causing search overtime: "MountainBag_Blue"
22:08:19.490 [CE][LootRespawner] (PRIDummy) :: Item [53] causing search overtime: "BearTrap"
22:08:19.590 [CE][LootRespawner] (PRIDummy) :: Item [54] causing search overtime: "FarmingHoe"
22:08:19.690 [CE][LootRespawner] (PRIDummy) :: Item [55] causing search overtime: "KazuarOptic"
22:08:19.790 [CE][LootRespawner] (PRIDummy) :: Item [56] causing search overtime: "Ammo_40mm_Explosive"
22:08:19.890 [CE][LootRespawner] (PRIDummy) :: Item [57] causing search overtime: "dzn_netanyas_log"
22:08:19.990 [CE][LootRespawner] (PRIDummy) :: Item [58] causing search overtime: "dzn_athena3_october"
22:08:20.90  [CE][LootRespawner] (PRIDummy) :: Item [59] causing search overtime: "dzn_module_card"
22:08:20.190 [CE][LootRespawner] (PRIDummy) :: Item [60] causing search overtime: "MountainBag_Blue"
22:08:32.21  WORLD        : Physics simulation
22:08:32.21   SCRIPT    (E): Virtual Machine Exception

Reason: [DamageSystemData::GetMaxHealth] :: [Expansion_Ka52] :: Could not find zone "FuelTank"

Class:      'Expansion_Ka52'
Entity id:260386

Function: 'UpdateHealth'
Stack trace:
DayZExpansion/Vehicles/Scripts/4_World/dayzexpansion_vehicles\entities\vehicles\carscript.c:1490 Function UpdateHealth
DayZExpansion/Vehicles/Scripts/4_World/dayzexpansion_vehicles\entities\vehicles\carscript.c:1636 Function EOnPostSimulate
22:08:33.46  WORLD        : Physics simulation
22:08:33.46   SCRIPT    (E): Virtual Machine Exception

Reason: [DamageSystemData::GetMaxHealth] :: [Expansion_Ka52] :: Could not find zone "FuelTank"

Class:      'Expansion_Ka52'
Entity id:260386

Function: 'UpdateHealth'
Stack trace:
DayZExpansion/Vehicles/Scripts/4_World/dayzexpansion_vehicles\entities\vehicles\carscript.c:1490 Function UpdateHealth
DayZExpansion/Vehicles/Scripts/4_World/dayzexpansion_vehicles\entities\vehicles\carscript.c:1636 Function EOnPostSimulate
22:08:46.466 [CE][LootRespawner] (PRIDummy) :: Item [61] causing search overtime: "BearTrap"
22:08:46.566 [CE][LootRespawner] (PRIDummy) :: Item [62] causing search overtime: "FarmingHoe"
22:08:46.667 [CE][LootRespawner] (PRIDummy) :: Item [63] causing search overtime: "KazuarOptic"
22:08:46.767 [CE][LootRespawner] (PRIDummy) :: Item [64] causing search overtime: "Ammo_40mm_Explosive"
22:08:46.866 [CE][LootRespawner] (PRIDummy) :: Item [65] causing search overtime: "dzn_netanyas_log"
22:08:46.966 [CE][LootRespawner] (PRIDummy) :: Item [66] causing search overtime: "dzn_athena3_october"
22:08:47.66  [CE][LootRespawner] (PRIDummy) :: Item [67] causing search overtime: "dzn_module_card"
22:08:47.167 [CE][LootRespawner] (PRIDummy) :: Item [68] causing search overtime: "MountainBag_Blue"
22:09:00.971 WORLD        : Physics simulation
22:09:00.971  SCRIPT    (E): Virtual Machine Exception

Reason: [DamageSystemData::GetMaxHealth] :: [Expansion_Ka52] :: Could not find zone "FuelTank"

Class:      'Expansion_Ka52'
Entity id:260386

Function: 'UpdateHealth'
Stack trace:
DayZExpansion/Vehicles/Scripts/4_World/dayzexpansion_vehicles\entities\vehicles\carscript.c:1490 Function UpdateHealth
DayZExpansion/Vehicles/Scripts/4_World/dayzexpansion_vehicles\entities\vehicles\carscript.c:1636 Function EOnPostSimulate
22:09:01.996 WORLD        : Physics simulation
22:09:01.996  SCRIPT    (E): Virtual Machine Exception

Reason: [DamageSystemData::GetMaxHealth] :: [Expansion_Ka52] :: Could not find zone "FuelTank"

Class:      'Expansion_Ka52'
Entity id:260386

Function: 'UpdateHealth'
Stack trace:
DayZExpansion/Vehicles/Scripts/4_World/dayzexpansion_vehicles\entities\vehicles\carscript.c:1490 Function UpdateHealth
DayZExpansion/Vehicles/Scripts/4_World/dayzexpansion_vehicles\entities\vehicles\carscript.c:1636 Function EOnPostSimulate
22:09:13.429 [CE][LootRespawner] (PRIDummy) :: Item [69] causing search overtime: "BearTrap"
22:09:13.529 [CE][LootRespawner] (PRIDummy) :: Item [70] causing search overtime: "FarmingHoe"
22:09:13.628 [CE][LootRespawner] (PRIDummy) :: Item [71] causing search overtime: "KazuarOptic"
22:09:13.728 [CE][LootRespawner] (PRIDummy) :: Item [72] causing search overtime: "Ammo_40mm_Explosive"
22:09:13.827 [CE][LootRespawner] (PRIDummy) :: Item [73] causing search overtime: "dzn_netanyas_log"
22:09:13.929 [CE][LootRespawner] (PRIDummy) :: Item [74] causing search overtime: "dzn_athena3_october"
22:09:14.28  [CE][LootRespawner] (PRIDummy) :: Item [75] causing search overtime: "dzn_module_card"
22:09:14.130 [CE][LootRespawner] (PRIDummy) :: Item [76] causing search overtime: "MountainBag_Blue"
22:09:40.342 [CE][LootRespawner] (PRIDummy) :: Item [77] causing search overtime: "BearTrap"
22:09:40.440 [CE][LootRespawner] (PRIDummy) :: Item [78] causing search overtime: "FarmingHoe"
22:09:40.541 [CE][LootRespawner] (PRIDummy) :: Item [79] causing search overtime: "KazuarOptic"
22:09:40.640 [CE][LootRespawner] (PRIDummy) :: Item [80] causing search overtime: "Ammo_40mm_Explosive"
22:09:40.741 [CE][LootRespawner] (PRIDummy) :: Item [81] causing search overtime: "dzn_netanyas_log"
22:09:40.840 [CE][LootRespawner] (PRIDummy) :: Item [82] causing search overtime: "dzn_athena3_october"
22:09:40.940 [CE][LootRespawner] (PRIDummy) :: Item [83] causing search overtime: "dzn_module_card"
22:09:41.40  [CE][LootRespawner] (PRIDummy) :: Item [84] causing search overtime: "MountainBag_Blue"
22:10:07.242 [CE][LootRespawner] (PRIDummy) :: Item [85] causing search overtime: "BearTrap"
22:10:07.343 [CE][LootRespawner] (PRIDummy) :: Item [86] causing search overtime: "FarmingHoe"
22:10:07.442 [CE][LootRespawner] (PRIDummy) :: Item [87] causing search overtime: "KazuarOptic"
22:10:07.542 [CE][LootRespawner] (PRIDummy) :: Item [88] causing search overtime: "Ammo_40mm_Explosive"
22:10:07.643 [CE][LootRespawner] (PRIDummy) :: Item [89] causing search overtime: "dzn_netanyas_log"
22:10:07.744 [CE][LootRespawner] (PRIDummy) :: Item [90] causing search overtime: "dzn_athena3_october"
22:10:07.842 [CE][LootRespawner] (PRIDummy) :: Item [91] causing search overtime: "dzn_module_card"
22:10:07.944 [CE][LootRespawner] (PRIDummy) :: Item [92] causing search overtime: "MountainBag_Blue"
22:10:17.901 WORLD        : Physics simulation
22:10:17.901  SCRIPT    (E): Virtual Machine Exception

Reason: [DamageSystemData::GetMaxHealth] :: [Expansion_Ka52] :: Could not find zone "FuelTank"

Class:      'Expansion_Ka52'
Entity id:260386

Function: 'UpdateHealth'
Stack trace:
DayZExpansion/Vehicles/Scripts/4_World/dayzexpansion_vehicles\entities\vehicles\carscript.c:1490 Function UpdateHealth
DayZExpansion/Vehicles/Scripts/4_World/dayzexpansion_vehicles\entities\vehicles\carscript.c:1636 Function EOnPostSimulate
22:10:18.921 WORLD        : Physics simulation
22:10:18.921  SCRIPT    (E): Virtual Machine Exception

Reason: [DamageSystemData::GetMaxHealth] :: [Expansion_Ka52] :: Could not find zone "FuelTank"

Class:      'Expansion_Ka52'
Entity id:260386

Function: 'UpdateHealth'
Stack trace:
DayZExpansion/Vehicles/Scripts/4_World/dayzexpansion_vehicles\entities\vehicles\carscript.c:1490 Function UpdateHealth
DayZExpansion/Vehicles/Scripts/4_World/dayzexpansion_vehicles\entities\vehicles\carscript.c:1636 Function EOnPostSimulate
22:10:19.946 WORLD        : Physics simulation
22:10:19.946  SCRIPT    (E): Virtual Machine Exception

Reason: [DamageSystemData::GetMaxHealth] :: [Expansion_Ka52] :: Could not find zone "FuelTank"

Class:      'Expansion_Ka52'
Entity id:260386

Function: 'UpdateHealth'
Stack trace:
DayZExpansion/Vehicles/Scripts/4_World/dayzexpansion_vehicles\entities\vehicles\carscript.c:1490 Function UpdateHealth
DayZExpansion/Vehicles/Scripts/4_World/dayzexpansion_vehicles\entities\vehicles\carscript.c:1636 Function EOnPostSimulate
22:10:34.271 [CE][LootRespawner] (PRIDummy) :: Item [93] causing search overtime: "BearTrap"
22:10:34.370 [CE][LootRespawner] (PRIDummy) :: Item [94] causing search overtime: "FarmingHoe"
22:10:34.470 [CE][LootRespawner] (PRIDummy) :: Item [95] causing search overtime: "KazuarOptic"
22:10:34.572 [CE][LootRespawner] (PRIDummy) :: Item [96] causing search overtime: "Ammo_40mm_Explosive"
22:10:34.670 [CE][LootRespawner] (PRIDummy) :: Item [97] causing search overtime: "dzn_netanyas_log"
22:10:34.770 [CE][LootRespawner] (PRIDummy) :: Item [98] causing search overtime: "dzn_athena3_october"
22:10:34.870 [CE][LootRespawner] (PRIDummy) :: Item [99] causing search overtime: "dzn_module_card"
22:10:34.970 [CE][LootRespawner] (PRIDummy) :: Item [100] causing search overtime: "MountainBag_Blue"
22:11:01.183 [CE][LootRespawner] (PRIDummy) :: Item [101] causing search overtime: "BearTrap"
22:11:01.282 [CE][LootRespawner] (PRIDummy) :: Item [102] causing search overtime: "FarmingHoe"
22:11:01.381 [CE][LootRespawner] (PRIDummy) :: Item [103] causing search overtime: "KazuarOptic"
22:11:01.482 [CE][LootRespawner] (PRIDummy) :: Item [104] causing search overtime: "Ammo_40mm_Explosive"
22:11:01.581 [CE][LootRespawner] (PRIDummy) :: Item [105] causing search overtime: "dzn_netanyas_log"
22:11:01.681 [CE][LootRespawner] (PRIDummy) :: Item [106] causing search overtime: "dzn_athena3_october"
22:11:01.782 [CE][LootRespawner] (PRIDummy) :: Item [107] causing search overtime: "dzn_module_card"
22:11:01.883 [CE][LootRespawner] (PRIDummy) :: Item [108] causing search overtime: "MountainBag_Blue"
22:11:20.146 WORLD        : Physics simulation
22:11:20.146  SCRIPT    (E): Virtual Machine Exception

Reason: [DamageSystemData::GetMaxHealth] :: [Expansion_Ka52] :: Could not find zone "FuelTank"

Class:      'Expansion_Ka52'
Entity id:260386

Function: 'UpdateHealth'
Stack trace:
DayZExpansion/Vehicles/Scripts/4_World/dayzexpansion_vehicles\entities\vehicles\carscript.c:1490 Function UpdateHealth
DayZExpansion/Vehicles/Scripts/4_World/dayzexpansion_vehicles\entities\vehicles\carscript.c:1636 Function EOnPostSimulate
22:11:21.171 WORLD        : Physics simulation
22:11:21.171  SCRIPT    (E): Virtual Machine Exception

Reason: [DamageSystemData::GetMaxHealth] :: [Expansion_Ka52] :: Could not find zone "FuelTank"

Class:      'Expansion_Ka52'
Entity id:260386

Function: 'UpdateHealth'
Stack trace:
DayZExpansion/Vehicles/Scripts/4_World/dayzexpansion_vehicles\entities\vehicles\carscript.c:1490 Function UpdateHealth
DayZExpansion/Vehicles/Scripts/4_World/dayzexpansion_vehicles\entities\vehicles\carscript.c:1636 Function EOnPostSimulate
22:11:22.196 WORLD        : Physics simulation
22:11:22.196  SCRIPT    (E): Virtual Machine Exception

Reason: [DamageSystemData::GetMaxHealth] :: [Expansion_Ka52] :: Could not find zone "FuelTank"

Class:      'Expansion_Ka52'
Entity id:260386

Function: 'UpdateHealth'
Stack trace:
DayZExpansion/Vehicles/Scripts/4_World/dayzexpansion_vehicles\entities\vehicles\carscript.c:1490 Function UpdateHealth
DayZExpansion/Vehicles/Scripts/4_World/dayzexpansion_vehicles\entities\vehicles\carscript.c:1636 Function EOnPostSimulate
22:11:28.122 [CE][LootRespawner] (PRIDummy) :: Item [109] causing search overtime: "BearTrap"
22:11:28.222 [CE][LootRespawner] (PRIDummy) :: Item [110] causing search overtime: "FarmingHoe"
22:11:28.322 [CE][LootRespawner] (PRIDummy) :: Item [111] causing search overtime: "KazuarOptic"
22:11:28.421 [CE][LootRespawner] (PRIDummy) :: Item [112] causing search overtime: "Ammo_40mm_Explosive"
22:11:28.523 [CE][LootRespawner] (PRIDummy) :: Item [113] causing search overtime: "dzn_netanyas_log"
22:11:28.621 [CE][LootRespawner] (PRIDummy) :: Item [114] causing search overtime: "dzn_athena3_october"
22:11:28.722 [CE][LootRespawner] (PRIDummy) :: Item [115] causing search overtime: "dzn_module_card"
22:11:28.826 [CE][LootRespawner] (PRIDummy) :: Item [116] causing search overtime: "MountainBag_Blue"
22:11:55.110 [CE][LootRespawner] (PRIDummy) :: Item [117] causing search overtime: "BearTrap"
22:11:55.209 [CE][LootRespawner] (PRIDummy) :: Item [118] causing search overtime: "FarmingHoe"
22:11:55.309 [CE][LootRespawner] (PRIDummy) :: Item [119] causing search overtime: "KazuarOptic"
22:11:55.409 [CE][LootRespawner] (PRIDummy) :: Item [120] causing search overtime: "Ammo_40mm_Explosive"
22:11:55.509 [CE][LootRespawner] (PRIDummy) :: Item [121] causing search overtime: "dzn_netanyas_log"
22:11:55.609 [CE][LootRespawner] (PRIDummy) :: Item [122] causing search overtime: "dzn_athena3_october"
22:11:55.709 [CE][LootRespawner] (PRIDummy) :: Item [123] causing search overtime: "dzn_module_card"
22:11:55.809 [CE][LootRespawner] (PRIDummy) :: Item [124] causing search overtime: "MountainBag_Blue"
22:12:03.216 Player Survivor (1385344485) kicked from server: 240 ( (Game restart required))
22:12:03.218 [Disconnect]: Client 1385344485 early disconnect
22:12:03.218 [Disconnect]: Start script disconnect 1385344485 (dbCharacterId 1 dbPlayerId 1) logoutTime 15
22:12:03.621 [Disconnect]: Remove player info 1385344485
22:12:03.624 [Disconnect]: Player destroy 1385344485 
22:12:08.634 [Login]: Adding player Survivor (1831411420) to login queue at position 0
22:12:08.634 [LoginMachine]: Add player Survivor (1831411420 192.168.0.103:57089)
22:12:08.634 [StateMachine]: Player Survivor (dpnid 1831411420 uid ) Entering AuthPlayerLoginState
22:12:08.636 [StateMachine]: Player Survivor (dpnid 1831411420 uid ) Entering WaitAuthPlayerLoginState
22:12:11.436 Игрок Survivor соединяется.
22:12:11.436 [StateMachine]: Player Survivor (dpnid 1831411420 uid ) Entering WaitPlayerAssignedLoginState
22:12:11.600 [StateMachine]: Player Survivor (dpnid 1831411420 uid ) Entering PlayerAssignedLoginState
22:12:11.600 [StateMachine]: Player Survivor (dpnid 1831411420 uid ) State Error (PlayerAssignedLoginState)
22:12:11.601 Player Survivor (1831411420) kicked from server: 51 (Пользователь с таким же UID уже играет. (DC))
22:12:11.601 [StateMachine]: Kick player Survivor (dpnid 1831411420 uid ) State PlayerAssignedLoginState
22:12:11.605 [Disconnect]: Client 1831411420 early disconnect
22:12:11.605 [Disconnect]: No player -> remove player info 1831411420 
22:12:11.605 [Disconnect]: DisconnectPlayerFinish 1831411420
22:12:11.605 [Disconnect]: Remove player info 1831411420
22:12:11.606 [Disconnect]: Player destroy 1831411420 
22:12:11.607 NETWORK      : Network simulation
22:12:11.607  NETWORK   (E): server: Player dpid=1831411420 index not removed
22:12:18.219 [Disconnect]: Finish script disconnect -1 (x_MJ2w6DZznhQeYHMWeX7_S9NuAxgYSiQqpLVIMNfrA=)
22:12:22.12  [CE][LootRespawner] (PRIDummy) :: Item [125] causing search overtime: "BearTrap"
22:12:22.111 [CE][LootRespawner] (PRIDummy) :: Item [126] causing search overtime: "FarmingHoe"
22:12:22.212 [CE][LootRespawner] (PRIDummy) :: Item [127] causing search overtime: "KazuarOptic"
22:12:22.313 [CE][LootRespawner] (PRIDummy) :: Item [128] causing search overtime: "Ammo_40mm_Explosive"
22:12:22.412 [CE][LootRespawner] (PRIDummy) :: Item [129] causing search overtime: "dzn_netanyas_log"
22:12:22.512 [CE][LootRespawner] (PRIDummy) :: Item [130] causing search overtime: "dzn_athena3_october"
22:12:22.612 [CE][LootRespawner] (PRIDummy) :: Item [131] causing search overtime: "dzn_module_card"
22:12:22.712 [CE][LootRespawner] (PRIDummy) :: Item [132] causing search overtime: "MountainBag_Blue"
22:12:48.914 [CE][LootRespawner] (PRIDummy) :: Item [133] causing search overtime: "BearTrap"
22:12:49.14  [CE][LootRespawner] (PRIDummy) :: Item [134] causing search overtime: "FarmingHoe"
22:12:49.115 [CE][LootRespawner] (PRIDummy) :: Item [135] causing search overtime: "KazuarOptic"
22:12:49.214 [CE][LootRespawner] (PRIDummy) :: Item [136] causing search overtime: "Ammo_40mm_Explosive"
22:12:49.314 [CE][LootRespawner] (PRIDummy) :: Item [137] causing search overtime: "dzn_netanyas_log"
22:12:49.414 [CE][LootRespawner] (PRIDummy) :: Item [138] causing search overtime: "dzn_athena3_october"
22:12:49.514 [CE][LootRespawner] (PRIDummy) :: Item [139] causing search overtime: "dzn_module_card"
22:12:49.613 [CE][LootRespawner] (PRIDummy) :: Item [140] causing search overtime: "MountainBag_Blue"
22:13:15.828 [CE][LootRespawner] (PRIDummy) :: Item [141] causing search overtime: "BearTrap"
22:13:15.928 [CE][LootRespawner] (PRIDummy) :: Item [142] causing search overtime: "FarmingHoe"
22:13:16.29  [CE][LootRespawner] (PRIDummy) :: Item [143] causing search overtime: "KazuarOptic"
22:13:16.128 [CE][LootRespawner] (PRIDummy) :: Item [144] causing search overtime: "Ammo_40mm_Explosive"
22:13:16.228 [CE][LootRespawner] (PRIDummy) :: Item [145] causing search overtime: "dzn_netanyas_log"
22:13:16.328 [CE][LootRespawner] (PRIDummy) :: Item [146] causing search overtime: "dzn_athena3_october"
22:13:16.428 [CE][LootRespawner] (PRIDummy) :: Item [147] causing search overtime: "dzn_module_card"
22:13:16.528 [CE][LootRespawner] (PRIDummy) :: Item [148] causing search overtime: "MountainBag_Blue"
22:13:22.554 [Login]: Adding player Survivor (1905331348) to login queue at position 0
22:13:22.554 [LoginMachine]: Add player Survivor (1905331348 192.168.0.103:49666)
22:13:22.554 [StateMachine]: Player Survivor (dpnid 1905331348 uid ) Entering AuthPlayerLoginState
22:13:22.556 [StateMachine]: Player Survivor (dpnid 1905331348 uid ) Entering WaitAuthPlayerLoginState
22:13:25.304 Игрок Survivor соединяется.
22:13:25.305 [StateMachine]: Player Survivor (dpnid 1905331348 uid ) Entering WaitPlayerAssignedLoginState
22:13:25.466 [StateMachine]: Player Survivor (dpnid 1905331348 uid ) Entering PlayerAssignedLoginState
22:13:25.466 [StateMachine]: Player Survivor (dpnid 1905331348 uid x_MJ2w6DZznhQeYHMWeX7_S9NuAxgYSiQqpLVIMNfrA=) Entering DBGetLoginTimeLoginState
22:13:25.469 [StateMachine]: Player Survivor (dpnid 1905331348 uid x_MJ2w6DZznhQeYHMWeX7_S9NuAxgYSiQqpLVIMNfrA=) Entering DBWaitLoginTimeLoginState
22:13:27.376 [IdleMode] Entering IN - save processed
22:13:28.676 [IdleMode] Leaving OUT
22:13:40.470 [StateMachine]: Player Survivor (dpnid 1905331348 uid x_MJ2w6DZznhQeYHMWeX7_S9NuAxgYSiQqpLVIMNfrA=) Entering DBGetCharacterLoginState
22:13:40.471 [StateMachine]: Player Survivor (dpnid 1905331348 uid x_MJ2w6DZznhQeYHMWeX7_S9NuAxgYSiQqpLVIMNfrA=) Entering CreateNetObjectsLoginState
22:13:40.472 [StateMachine]: Player Survivor (dpnid 1905331348 uid x_MJ2w6DZznhQeYHMWeX7_S9NuAxgYSiQqpLVIMNfrA=) Entering PreloadCamLoginState
22:13:40.473 [StateMachine]: Player Survivor (dpnid 1905331348 uid x_MJ2w6DZznhQeYHMWeX7_S9NuAxgYSiQqpLVIMNfrA=) Entering WaitPreloadCamLoginState
22:13:50.684 [CE][LootRespawner] (PRIDummy) :: Item [149] causing search overtime: "BearTrap"
22:13:50.784 [CE][LootRespawner] (PRIDummy) :: Item [150] causing search overtime: "FarmingHoe"
22:13:50.885 [CE][LootRespawner] (PRIDummy) :: Item [151] causing search overtime: "KazuarOptic"
22:13:50.984 [CE][LootRespawner] (PRIDummy) :: Item [152] causing search overtime: "Ammo_40mm_Explosive"
22:13:51.85  [CE][LootRespawner] (PRIDummy) :: Item [153] causing search overtime: "dzn_netanyas_log"
22:13:51.184 [CE][LootRespawner] (PRIDummy) :: Item [154] causing search overtime: "dzn_athena3_october"
22:13:51.284 [CE][LootRespawner] (PRIDummy) :: Item [155] causing search overtime: "dzn_module_card"
22:13:51.384 [CE][LootRespawner] (PRIDummy) :: Item [156] causing search overtime: "MountainBag_Blue"
22:13:55.746 [StateMachine]: Player Survivor (dpnid 1905331348 uid x_MJ2w6DZznhQeYHMWeX7_S9NuAxgYSiQqpLVIMNfrA=) Entering GetLoadedCharLoginState
22:13:55.752 NETWORK      : Network simulation
22:13:55.752  ENTITY       : Load entity type 'SurvivorF_Maria'
22:13:55.752   RESOURCES (E): Failed to open object @"dz/anims/anm/player/ik/vehicles/hatchback/hatchback_Doors_Hood.anm"
22:13:55.752   RESOURCES (E): Failed to open object @"dz/anims/anm/player/ik/vehicles/v3s/hatchback_02_door_driver.anm"
22:13:55.752   RESOURCES (E): Failed to open object @"dz/anims/anm/player/ik/vehicles/v3s/hatchback_02_door_codriver.anm"
22:13:55.752   RESOURCES (E): Failed to open object @"dz/anims/anm/player/ik/vehicles/v3s/hatchback_02_door_driver.anm"
22:13:55.752   RESOURCES (E): Failed to open object @"dz/anims/anm/player/ik/vehicles/v3s/hatchback_02_door_codriver.anm"
22:13:55.752   RESOURCES (E): Failed to open object @"dz/anims/anm/player/ik/vehicles/v3s/hatchback_02_door_driver.anm"
22:13:55.752   RESOURCES (E): Failed to open object @"dz/anims/anm/player/ik/vehicles/v3s/hatchback_02_door_codriver.anm"
22:13:55.752   RESOURCES (E): Failed to open object @"dz/anims/anm/player/ik/vehicles/v3s/hatchback_02_door_driver.anm"
22:13:55.752   RESOURCES (E): Failed to open object @"dz/anims/anm/player/ik/vehicles/v3s/hatchback_02_door_codriver.anm"
22:13:55.752   RESOURCES (E): Failed to open object @"dz/anims/anm/player/ik/vehicles/hatchback/sedan_trunk.anm"
22:13:55.769 Подключился игрок Survivor (id=x_MJ2w6DZznhQeYHMWeX7_S9NuAxgYSiQqpLVIMNfrA=).
22:13:55.769 Player "Survivor" (steamID=76561199587900842 pos=<9011.9, 10397.8, 10.0>) is connected
22:13:55.770 <LOAD EXISTING CHAR>:
    charID 1
    playerID 1
    dpnid 1905331348
    uid x_MJ2w6DZznhQeYHMWeX7_S9NuAxgYSiQqpLVIMNfrA=
22:14:01.424 Player Survivor (1905331348) kicked from server: 240 ( (Game restart required))
22:14:01.427 [Disconnect]: Client 1905331348 early disconnect
22:14:01.427 [Disconnect]: Start script disconnect 1905331348 (dbCharacterId 1 dbPlayerId 1) logoutTime 15
22:14:01.664 [Disconnect]: Remove player info 1905331348
22:14:01.666 [Disconnect]: Player destroy 1905331348 
22:14:16.428 [Disconnect]: Finish script disconnect -1 (x_MJ2w6DZznhQeYHMWeX7_S9NuAxgYSiQqpLVIMNfrA=)
22:14:17.586 [CE][LootRespawner] (PRIDummy) :: Item [157] causing search overtime: "BearTrap"
22:14:17.685 [CE][LootRespawner] (PRIDummy) :: Item [158] causing search overtime: "FarmingHoe"
22:14:17.783 [CE][LootRespawner] (PRIDummy) :: Item [159] causing search overtime: "KazuarOptic"
22:14:17.883 [CE][LootRespawner] (PRIDummy) :: Item [160] causing search overtime: "Ammo_40mm_Explosive"
22:14:17.986 [CE][LootRespawner] (PRIDummy) :: Item [161] causing search overtime: "dzn_netanyas_log"
22:14:18.88  [CE][LootRespawner] (PRIDummy) :: Item [162] causing search overtime: "dzn_athena3_october"
22:14:18.183 [CE][LootRespawner] (PRIDummy) :: Item [163] causing search overtime: "dzn_module_card"
22:14:18.283 [CE][LootRespawner] (PRIDummy) :: Item [164] causing search overtime: "MountainBag_Blue"
22:14:22.807 [Login]: Adding player Survivor (1965584409) to login queue at position 0
22:14:22.807 [LoginMachine]: Add player Survivor (1965584409 192.168.0.103:51844)
22:14:22.808 [StateMachine]: Player Survivor (dpnid 1965584409 uid ) Entering AuthPlayerLoginState
22:14:22.809 [StateMachine]: Player Survivor (dpnid 1965584409 uid ) Entering WaitAuthPlayerLoginState
22:14:25.615 Игрок Survivor соединяется.
22:14:25.616 [StateMachine]: Player Survivor (dpnid 1965584409 uid ) Entering WaitPlayerAssignedLoginState
22:14:25.743 [StateMachine]: Player Survivor (dpnid 1965584409 uid ) Entering PlayerAssignedLoginState
22:14:25.744 [StateMachine]: Player Survivor (dpnid 1965584409 uid x_MJ2w6DZznhQeYHMWeX7_S9NuAxgYSiQqpLVIMNfrA=) Entering DBGetLoginTimeLoginState
22:14:25.747 [StateMachine]: Player Survivor (dpnid 1965584409 uid x_MJ2w6DZznhQeYHMWeX7_S9NuAxgYSiQqpLVIMNfrA=) Entering DBWaitLoginTimeLoginState
22:14:40.747 [StateMachine]: Player Survivor (dpnid 1965584409 uid x_MJ2w6DZznhQeYHMWeX7_S9NuAxgYSiQqpLVIMNfrA=) Entering DBGetCharacterLoginState
22:14:40.749 [StateMachine]: Player Survivor (dpnid 1965584409 uid x_MJ2w6DZznhQeYHMWeX7_S9NuAxgYSiQqpLVIMNfrA=) Entering CreateNetObjectsLoginState
22:14:40.751 [StateMachine]: Player Survivor (dpnid 1965584409 uid x_MJ2w6DZznhQeYHMWeX7_S9NuAxgYSiQqpLVIMNfrA=) Entering PreloadCamLoginState
22:14:40.751 [StateMachine]: Player Survivor (dpnid 1965584409 uid x_MJ2w6DZznhQeYHMWeX7_S9NuAxgYSiQqpLVIMNfrA=) Entering WaitPreloadCamLoginState
22:14:44.484 [CE][LootRespawner] (PRIDummy) :: Item [165] causing search overtime: "BearTrap"
22:14:44.585 [CE][LootRespawner] (PRIDummy) :: Item [166] causing search overtime: "FarmingHoe"
22:14:44.684 [CE][LootRespawner] (PRIDummy) :: Item [167] causing search overtime: "KazuarOptic"
22:14:44.784 [CE][LootRespawner] (PRIDummy) :: Item [168] causing search overtime: "Ammo_40mm_Explosive"
22:14:44.884 [CE][LootRespawner] (PRIDummy) :: Item [169] causing search overtime: "dzn_netanyas_log"
22:14:44.984 [CE][LootRespawner] (PRIDummy) :: Item [170] causing search overtime: "dzn_athena3_october"
22:14:45.84  [CE][LootRespawner] (PRIDummy) :: Item [171] causing search overtime: "dzn_module_card"
22:14:45.184 [CE][LootRespawner] (PRIDummy) :: Item [172] causing search overtime: "MountainBag_Blue"
22:14:54.552 [StateMachine]: Player Survivor (dpnid 1965584409 uid x_MJ2w6DZznhQeYHMWeX7_S9NuAxgYSiQqpLVIMNfrA=) Entering GetLoadedCharLoginState
22:14:54.556 NETWORK      : Network simulation
22:14:54.556  ENTITY       : Load entity type 'SurvivorF_Maria'
22:14:54.556   RESOURCES (E): Failed to open object @"dz/anims/anm/player/ik/vehicles/hatchback/hatchback_Doors_Hood.anm"
22:14:54.557   RESOURCES (E): Failed to open object @"dz/anims/anm/player/ik/vehicles/v3s/hatchback_02_door_driver.anm"
22:14:54.557   RESOURCES (E): Failed to open object @"dz/anims/anm/player/ik/vehicles/v3s/hatchback_02_door_codriver.anm"
22:14:54.557   RESOURCES (E): Failed to open object @"dz/anims/anm/player/ik/vehicles/v3s/hatchback_02_door_driver.anm"
22:14:54.557   RESOURCES (E): Failed to open object @"dz/anims/anm/player/ik/vehicles/v3s/hatchback_02_door_codriver.anm"
22:14:54.557   RESOURCES (E): Failed to open object @"dz/anims/anm/player/ik/vehicles/v3s/hatchback_02_door_driver.anm"
22:14:54.557   RESOURCES (E): Failed to open object @"dz/anims/anm/player/ik/vehicles/v3s/hatchback_02_door_codriver.anm"
22:14:54.557   RESOURCES (E): Failed to open object @"dz/anims/anm/player/ik/vehicles/v3s/hatchback_02_door_driver.anm"
22:14:54.557   RESOURCES (E): Failed to open object @"dz/anims/anm/player/ik/vehicles/v3s/hatchback_02_door_codriver.anm"
22:14:54.558   RESOURCES (E): Failed to open object @"dz/anims/anm/player/ik/vehicles/hatchback/sedan_trunk.anm"
22:14:54.573 Подключился игрок Survivor (id=x_MJ2w6DZznhQeYHMWeX7_S9NuAxgYSiQqpLVIMNfrA=).
22:14:54.573 Player "Survivor" (steamID=76561199587900842 pos=<9011.9, 10397.8, 10.0>) is connected
22:14:54.574 <LOAD EXISTING CHAR>:
    charID 1
    playerID 1
    dpnid 1965584409
    uid x_MJ2w6DZznhQeYHMWeX7_S9NuAxgYSiQqpLVIMNfrA=
22:15:11.389 [CE][LootRespawner] (PRIDummy) :: Item [173] causing search overtime: "BearTrap"
22:15:11.488 [CE][LootRespawner] (PRIDummy) :: Item [174] causing search overtime: "FarmingHoe"
22:15:11.588 [CE][LootRespawner] (PRIDummy) :: Item [175] causing search overtime: "KazuarOptic"
22:15:11.689 [CE][LootRespawner] (PRIDummy) :: Item [176] causing search overtime: "Ammo_40mm_Explosive"
22:15:11.788 [CE][LootRespawner] (PRIDummy) :: Item [177] causing search overtime: "dzn_netanyas_log"
22:15:11.889 [CE][LootRespawner] (PRIDummy) :: Item [178] causing search overtime: "dzn_athena3_october"
22:15:11.988 [CE][LootRespawner] (PRIDummy) :: Item [179] causing search overtime: "dzn_module_card"
22:15:12.89  [CE][LootRespawner] (PRIDummy) :: Item [180] causing search overtime: "MountainBag_Blue"
22:15:13.999 Player Survivor (1965584409) kicked from server: 240 ( (Game restart required))
22:15:14.03  [Disconnect]: Client 1965584409 early disconnect
22:15:14.03  [Disconnect]: Start script disconnect 1965584409 (dbCharacterId 1 dbPlayerId 1) logoutTime 15
22:15:14.666 [Disconnect]: Remove player info 1965584409
22:15:14.669 [Disconnect]: Player destroy 1965584409 
22:15:23.112 [IdleMode] Entering IN - save processed
22:15:24.726 [Login]: Adding player Survivor (2027503816) to login queue at position 0
22:15:24.727 [LoginMachine]: Add player Survivor (2027503816 192.168.0.103:61352)
22:15:24.727 [StateMachine]: Player Survivor (dpnid 2027503816 uid ) Entering AuthPlayerLoginState
22:15:24.729 [StateMachine]: Player Survivor (dpnid 2027503816 uid ) Entering WaitAuthPlayerLoginState
22:15:27.537 Игрок Survivor соединяется.
22:15:27.538 [StateMachine]: Player Survivor (dpnid 2027503816 uid ) Entering WaitPlayerAssignedLoginState
22:15:27.698 [StateMachine]: Player Survivor (dpnid 2027503816 uid ) Entering PlayerAssignedLoginState
22:15:27.699 [StateMachine]: Player Survivor (dpnid 2027503816 uid ) State Error (PlayerAssignedLoginState)
22:15:27.699 Player Survivor (2027503816) kicked from server: 51 (Пользователь с таким же UID уже играет. (DC))
22:15:27.699 [StateMachine]: Kick player Survivor (dpnid 2027503816 uid ) State PlayerAssignedLoginState
22:15:27.704 [Disconnect]: Client 2027503816 early disconnect
22:15:27.704 [Disconnect]: No player -> remove player info 2027503816 
22:15:27.705 [Disconnect]: DisconnectPlayerFinish 2027503816
22:15:27.705 [Disconnect]: Remove player info 2027503816
22:15:27.705 [Disconnect]: Player destroy 2027503816 
22:15:27.705 NETWORK      : Network simulation
22:15:27.705  NETWORK   (E): server: Player dpid=2027503816 index not removed
22:15:29.05  [Disconnect]: Finish script disconnect -1 (x_MJ2w6DZznhQeYHMWeX7_S9NuAxgYSiQqpLVIMNfrA=)
22:15:37.832 [Login]: Adding player Survivor (2040608763) to login queue at position 0
22:15:37.833 [LoginMachine]: Add player Survivor (2040608763 192.168.0.103:65094)
22:15:37.833 [StateMachine]: Player Survivor (dpnid 2040608763 uid ) Entering AuthPlayerLoginState
22:15:37.834 [StateMachine]: Player Survivor (dpnid 2040608763 uid ) Entering WaitAuthPlayerLoginState
22:15:39.122 [IdleMode] Leaving OUT
22:15:40.632 Игрок Survivor соединяется.
22:15:40.632 [StateMachine]: Player Survivor (dpnid 2040608763 uid ) Entering WaitPlayerAssignedLoginState
22:15:40.785 [StateMachine]: Player Survivor (dpnid 2040608763 uid ) Entering PlayerAssignedLoginState
22:15:40.785 [StateMachine]: Player Survivor (dpnid 2040608763 uid x_MJ2w6DZznhQeYHMWeX7_S9NuAxgYSiQqpLVIMNfrA=) Entering DBGetLoginTimeLoginState
22:15:40.789 [StateMachine]: Player Survivor (dpnid 2040608763 uid x_MJ2w6DZznhQeYHMWeX7_S9NuAxgYSiQqpLVIMNfrA=) Entering DBWaitLoginTimeLoginState
22:15:55.789 [StateMachine]: Player Survivor (dpnid 2040608763 uid x_MJ2w6DZznhQeYHMWeX7_S9NuAxgYSiQqpLVIMNfrA=) Entering DBGetCharacterLoginState
22:15:55.790 [StateMachine]: Player Survivor (dpnid 2040608763 uid x_MJ2w6DZznhQeYHMWeX7_S9NuAxgYSiQqpLVIMNfrA=) Entering CreateNetObjectsLoginState
22:15:55.793 [StateMachine]: Player Survivor (dpnid 2040608763 uid x_MJ2w6DZznhQeYHMWeX7_S9NuAxgYSiQqpLVIMNfrA=) Entering PreloadCamLoginState
22:15:55.793 [StateMachine]: Player Survivor (dpnid 2040608763 uid x_MJ2w6DZznhQeYHMWeX7_S9NuAxgYSiQqpLVIMNfrA=) Entering WaitPreloadCamLoginState
22:16:01.123 [CE][LootRespawner] (PRIDummy) :: Item [181] causing search overtime: "BearTrap"
22:16:01.224 [CE][LootRespawner] (PRIDummy) :: Item [182] causing search overtime: "FarmingHoe"
22:16:01.323 [CE][LootRespawner] (PRIDummy) :: Item [183] causing search overtime: "KazuarOptic"
22:16:01.423 [CE][LootRespawner] (PRIDummy) :: Item [184] causing search overtime: "Ammo_40mm_Explosive"
22:16:01.523 [CE][LootRespawner] (PRIDummy) :: Item [185] causing search overtime: "dzn_netanyas_log"
22:16:01.624 [CE][LootRespawner] (PRIDummy) :: Item [186] causing search overtime: "dzn_athena3_october"
22:16:01.723 [CE][LootRespawner] (PRIDummy) :: Item [187] causing search overtime: "dzn_module_card"
22:16:01.823 [CE][LootRespawner] (PRIDummy) :: Item [188] causing search overtime: "MountainBag_Blue"
22:16:08.982 [StateMachine]: Player Survivor (dpnid 2040608763 uid x_MJ2w6DZznhQeYHMWeX7_S9NuAxgYSiQqpLVIMNfrA=) Entering GetLoadedCharLoginState
22:16:08.990 NETWORK      : Network simulation
22:16:08.990  ENTITY       : Load entity type 'SurvivorF_Maria'
22:16:08.990   RESOURCES (E): Failed to open object @"dz/anims/anm/player/ik/vehicles/hatchback/hatchback_Doors_Hood.anm"
22:16:08.990   RESOURCES (E): Failed to open object @"dz/anims/anm/player/ik/vehicles/v3s/hatchback_02_door_driver.anm"
22:16:08.990   RESOURCES (E): Failed to open object @"dz/anims/anm/player/ik/vehicles/v3s/hatchback_02_door_codriver.anm"
22:16:08.990   RESOURCES (E): Failed to open object @"dz/anims/anm/player/ik/vehicles/v3s/hatchback_02_door_driver.anm"
22:16:08.990   RESOURCES (E): Failed to open object @"dz/anims/anm/player/ik/vehicles/v3s/hatchback_02_door_codriver.anm"
22:16:08.990   RESOURCES (E): Failed to open object @"dz/anims/anm/player/ik/vehicles/v3s/hatchback_02_door_driver.anm"
22:16:08.990   RESOURCES (E): Failed to open object @"dz/anims/anm/player/ik/vehicles/v3s/hatchback_02_door_codriver.anm"
22:16:08.990   RESOURCES (E): Failed to open object @"dz/anims/anm/player/ik/vehicles/v3s/hatchback_02_door_driver.anm"
22:16:08.990   RESOURCES (E): Failed to open object @"dz/anims/anm/player/ik/vehicles/v3s/hatchback_02_door_codriver.anm"
22:16:08.991   RESOURCES (E): Failed to open object @"dz/anims/anm/player/ik/vehicles/hatchback/sedan_trunk.anm"
22:16:09.06  Подключился игрок Survivor (id=x_MJ2w6DZznhQeYHMWeX7_S9NuAxgYSiQqpLVIMNfrA=).
22:16:09.06  Player "Survivor" (steamID=76561199587900842 pos=<9009.1, 10396.7, 10.2>) is connected
22:16:09.09  <LOAD EXISTING CHAR>:
    charID 1
    playerID 1
    dpnid 2040608763
    uid x_MJ2w6DZznhQeYHMWeX7_S9NuAxgYSiQqpLVIMNfrA=
22:16:28.51  [CE][LootRespawner] (PRIDummy) :: Item [189] causing search overtime: "BearTrap"
22:16:28.152 [CE][LootRespawner] (PRIDummy) :: Item [190] causing search overtime: "FarmingHoe"
22:16:28.251 [CE][LootRespawner] (PRIDummy) :: Item [191] causing search overtime: "KazuarOptic"
22:16:28.351 [CE][LootRespawner] (PRIDummy) :: Item [192] causing search overtime: "Ammo_40mm_Explosive"
22:16:28.452 [CE][LootRespawner] (PRIDummy) :: Item [193] causing search overtime: "dzn_netanyas_log"
22:16:28.552 [CE][LootRespawner] (PRIDummy) :: Item [194] causing search overtime: "dzn_platecarrierholster_nac"
22:16:28.651 [CE][LootRespawner] (PRIDummy) :: Item [195] causing search overtime: "dzn_athena3_october"
22:16:28.754 [CE][LootRespawner] (PRIDummy) :: Item [196] causing search overtime: "dzn_module_card"
22:16:28.851 [CE][LootRespawner] (PRIDummy) :: Item [197] causing search overtime: "MountainBag_Blue"
22:16:54.961 [CE][LootRespawner] (PRIDummy) :: Item [198] causing search overtime: "BearTrap"
22:16:55.61  [CE][LootRespawner] (PRIDummy) :: Item [199] causing search overtime: "FarmingHoe"
22:16:55.160 [CE][LootRespawner] (PRIDummy) :: Item [200] causing search overtime: "KazuarOptic"
22:16:55.260 [CE][LootRespawner] (PRIDummy) :: Item [201] causing search overtime: "Ammo_40mm_Explosive"
22:16:55.361 [CE][LootRespawner] (PRIDummy) :: Item [202] causing search overtime: "dzn_netanyas_log"
22:16:55.461 [CE][LootRespawner] (PRIDummy) :: Item [203] causing search overtime: "dzn_platecarrierholster_nac"
22:16:55.560 [CE][LootRespawner] (PRIDummy) :: Item [204] causing search overtime: "dzn_athena3_october"
22:16:55.660 [CE][LootRespawner] (PRIDummy) :: Item [205] causing search overtime: "dzn_module_card"
22:16:55.760 [CE][LootRespawner] (PRIDummy) :: Item [206] causing search overtime: "MountainBag_Blue"
22:17:13.840 Player Survivor (2040608763) kicked from server: 240 ( (Game restart required))
22:17:13.845 [Disconnect]: Client 2040608763 early disconnect
22:17:13.845 [Disconnect]: Start script disconnect 2040608763 (dbCharacterId 1 dbPlayerId 1) logoutTime 15
22:17:14.120 [Disconnect]: Remove player info 2040608763
22:17:14.122 [Disconnect]: Player destroy 2040608763 
22:17:21.884 [CE][LootRespawner] (PRIDummy) :: Item [207] causing search overtime: "BearTrap"
22:17:21.986 [CE][LootRespawner] (PRIDummy) :: Item [208] causing search overtime: "FarmingHoe"
22:17:22.86  [CE][LootRespawner] (PRIDummy) :: Item [209] causing search overtime: "KazuarOptic"
22:17:22.185 [CE][LootRespawner] (PRIDummy) :: Item [210] causing search overtime: "Ammo_40mm_Explosive"
22:17:22.287 [CE][LootRespawner] (PRIDummy) :: Item [211] causing search overtime: "dzn_netanyas_log"
22:17:22.388 [CE][LootRespawner] (PRIDummy) :: Item [212] causing search overtime: "dzn_platecarrierholster_nac"
22:17:22.483 [CE][LootRespawner] (PRIDummy) :: Item [213] causing search overtime: "dzn_athena3_october"
22:17:22.585 [CE][LootRespawner] (PRIDummy) :: Item [214] causing search overtime: "dzn_module_card"
22:17:22.684 [CE][LootRespawner] (PRIDummy) :: Item [215] causing search overtime: "MountainBag_Blue"
22:17:28.848 [Disconnect]: Finish script disconnect -1 (x_MJ2w6DZznhQeYHMWeX7_S9NuAxgYSiQqpLVIMNfrA=)
22:17:48.791 [CE][LootRespawner] (PRIDummy) :: Item [216] causing search overtime: "BearTrap"
22:17:48.891 [CE][LootRespawner] (PRIDummy) :: Item [217] causing search overtime: "FarmingHoe"
22:17:48.991 [CE][LootRespawner] (PRIDummy) :: Item [218] causing search overtime: "KazuarOptic"
22:17:49.91  [CE][LootRespawner] (PRIDummy) :: Item [219] causing search overtime: "Ammo_40mm_Explosive"
22:17:49.191 [CE][LootRespawner] (PRIDummy) :: Item [220] causing search overtime: "dzn_netanyas_log"
22:17:49.291 [CE][LootRespawner] (PRIDummy) :: Item [221] causing search overtime: "dzn_platecarrierholster_nac"
22:17:49.391 [CE][LootRespawner] (PRIDummy) :: Item [222] causing search overtime: "dzn_athena3_october"
22:17:49.491 [CE][LootRespawner] (PRIDummy) :: Item [223] causing search overtime: "dzn_module_card"
22:17:49.591 [CE][LootRespawner] (PRIDummy) :: Item [224] causing search overtime: "MountainBag_Blue"
22:18:15.691 [CE][LootRespawner] (PRIDummy) :: Item [225] causing search overtime: "BearTrap"
22:18:15.791 [CE][LootRespawner] (PRIDummy) :: Item [226] causing search overtime: "FarmingHoe"
22:18:15.891 [CE][LootRespawner] (PRIDummy) :: Item [227] causing search overtime: "KazuarOptic"
22:18:15.991 [CE][LootRespawner] (PRIDummy) :: Item [228] causing search overtime: "Ammo_40mm_Explosive"
22:18:16.91  [CE][LootRespawner] (PRIDummy) :: Item [229] causing search overtime: "dzn_netanyas_log"
22:18:16.190 [CE][LootRespawner] (PRIDummy) :: Item [230] causing search overtime: "dzn_platecarrierholster_nac"
22:18:16.291 [CE][LootRespawner] (PRIDummy) :: Item [231] causing search overtime: "dzn_athena3_october"
22:18:16.391 [CE][LootRespawner] (PRIDummy) :: Item [232] causing search overtime: "dzn_module_card"
22:18:16.491 [CE][LootRespawner] (PRIDummy) :: Item [233] causing search overtime: "MountainBag_Blue"
22:18:27.192 [IdleMode] Entering IN - save processed
22:20:06.358 RESOURCES (E): ==== Resource leaks ====
22:20:06.359 RESOURCES (E): dz/anims/workspaces/player/player_main/player_main.asi   4
22:20:08.43   --- Termination successfully completed --- 
