=====================================================================
== G:\SteamLibrary\steamapps\common\DayZServer\DayZServer_x64.exe
== DayZServer_x64.exe -config=serverDZ.cfg -port=2302 "-profiles=G:\SteamLibrary\steamapps\common\DayZServer\ServerProfiles" -cpuCount=4 -nosplash -noPause "-mod=@CF;@Dabs Framework;@[CnG]UAZ_452;@[CnG]UAZ_31514;@[CnG]VAZ_2109;@[CrSk] BMW 525i E34;@[CrSk] VAZ-2107;@[Remastered] Arma Weapon Pack;@Armored Vehicle Pack;@AutoCarFlip;@BaseBuildingPlus;@Basic Map;@BMW E38 [FREE];@BMW X5 2000;@BMW_M5_CS;@ChernarusRP AE86;@Code Lock;@DayZ Horse;@DayZ-Expansion;@DayZ-Expansion-BaseBuilding;@DayZ-Expansion-Core;@DayZ-Expansion-Licensed;@Dayz-Expansion-Vehicles;@Expansion Ka52;@GAZ 66 SHISHIGA;@GAZ_Tigr_FIXED;@Gerphelius_CarXFence;@Honda_NSX;@JosiesHiluxZ;@M110;@MBM_ApocalypseTruck;@MBM_GoKart;@MBM_UnderglowLights;@Mercedes-Benz AMG G63 W463;@MMG - Mightys Military Gear;@My Delta Force Weapons;@Namalsk Island;@Namalsk Survival;@Nissan GTR 2015 - FREE TO USE;@RUSForma_vehicles;@SNAFU Weapons;@SR_WeaponsPack;@Survivor Animations;@Syndicate Breaching Charge;@Tactical Flava;@The Complete Ghillie Pack;@Toyota_GT86_RB;@Unknown Ghillie Mod;@VAZ 2107 Yandex Dfift;@VPPAdminTools;@VPPAdminTools Ru Translate;@WindstridesClothingPack;@Zens Core Mod;@Zens Sleeping Mod"
=====================================================================
Exe timestamp: 2026/08/15 12:57:52
Current time:  2026/08/16 21:40:17
Version 1.29.163709
=====================================================================

21:40:17.310 ENGINE    (W): Process affinity forced to f
21:40:59.907 ENGINE    (W): No module info used, trying to identify -> 0x9DB40000
21:40:59.912 ENGINE    (W): Adjusting job system settings to have at least one job worker thread.
21:41:00.144 [Inputs] Loading inputs default "bin/constants.xml"
21:41:00.147 [Inputs] Loading inputs default "bin/specific.xml"
21:41:00.148 [Inputs] Loading inputs default "BBP_keybind/data/modded_Inputs.xml"
21:41:00.149 [Inputs] Loading inputs default "HB_FlipVehicle/Inputs/inputs.xml"
21:41:00.150 [Inputs] Loading inputs default "My_DF_Weapons_Scripts/Inputs.xml"
21:41:00.151 [Inputs] Loading inputs default "nst/ns_dayz/scripts/Data/Inputs.xml"
21:41:00.151 [Inputs] Loading inputs default "script_a/Inputs.xml"
21:41:00.151 [Inputs] Loading inputs default "VPPAdminTools/data/modded_Inputs.xml"
21:41:00.151 [Inputs] Loading inputs default "WindstrideClothing/Inputs.xml"
21:41:00.153 [Inputs] Loading inputs default "BasicMap/data/Inputs.xml"
21:41:00.153 [Inputs] Loading inputs default "MBM_UnderglowLights/gui/inputs.xml"
21:41:00.154 [Inputs] Loading inputs default "DayZExpansion/PlayerList/Scripts/Data/Inputs.xml"
21:41:00.154 [Inputs] Loading inputs default "DayZExpansion/Scripts/Data/Inputs.xml"
21:41:00.154 [Inputs] Loading inputs default "DayZExpansion/Vehicles/Scripts/Data/Inputs.xml"
21:41:00.155 [Inputs] Loading inputs default "Dayz_Horse/Data/Inputs.xml"
21:41:00.155 [Inputs] Loading inputs default "DayZExpansion/BaseBuilding/Scripts/Data/Inputs.xml"
21:41:00.156 [Inputs] Loading inputs cfg "G:\SteamLibrary\steamapps\common\DayZServer\ServerProfiles\Users\Survivor\Server.core.xml"
21:41:00.185 [Inputs] Exporting inputs cfg "G:\SteamLibrary\steamapps\common\DayZServer\ServerProfiles\Users\Survivor\Server.core.xml"
21:41:00.411 SCRIPT    (W): @"BaseBuildingPlus/scripts/3_Game/bbpconfig.c,143": FIX-ME: Unexpected statement 'ref'
21:41:00.453 SCRIPT    (W): @"CodeLock/scripts/3_game/dayzgame.c,13": FIX-ME: Method argument can't be strong reference
21:41:00.548 SCRIPT    (W): @"BasicMap/scripts/3_Game/basicmapcontroller.c,93": FIX-ME: Method argument can't be strong reference
21:41:00.548 SCRIPT    (W): @"BasicMap/scripts/3_Game/basicmapcontroller.c,93": FIX-ME: Method argument can't be strong reference
21:41:00.548 SCRIPT    (W): @"BasicMap/scripts/3_Game/basicmapcontroller.c,93": FIX-ME: Method argument can't be strong reference
21:41:00.549 SCRIPT    (W): @"BasicMap/scripts/3_Game/basicmapcontroller.c,132": FIX-ME: Method argument can't be strong reference
21:41:00.549 SCRIPT    (W): @"BasicMap/scripts/3_Game/basicmapcontroller.c,132": FIX-ME: Method argument can't be strong reference
21:41:00.549 SCRIPT    (W): @"BasicMap/scripts/3_Game/basicmapcontroller.c,132": FIX-ME: Method argument can't be strong reference
21:41:00.549 SCRIPT    (W): @"BasicMap/scripts/3_Game/basicmapcontroller.c,305": FIX-ME: Method argument can't be strong reference
21:41:00.549 SCRIPT    (W): @"BasicMap/scripts/3_Game/basicmapcontroller.c,447": FIX-ME: Method argument can't be strong reference
21:41:00.549 SCRIPT    (W): @"BasicMap/scripts/3_Game/basicmapcontroller.c,453": FIX-ME: Method argument can't be strong reference
21:41:00.552 SCRIPT    (W): @"BasicMap/scripts/3_Game/gui\basicmapmenu.c,556": FIX-ME: Overriding function 'LockControls' but not marked as 'override'
21:41:06.40  ANIMATION (E): Can't load @Zens Sleeping Mod/Anims/cfg/skeletons.anim.xml
21:41:06.40  ANIMATION (E): Failed to open file, line 0, column 0
21:41:06.40  ANIMATION (E): Can't load @Zens Core Mod/Anims/cfg/skeletons.anim.xml
21:41:06.40  ANIMATION (E): Failed to open file, line 0, column 0
21:41:06.40  ANIMATION (E): Can't load @WindstridesClothingPack/Anims/cfg/skeletons.anim.xml
21:41:06.40  ANIMATION (E): Failed to open file, line 0, column 0
21:41:06.40  ANIMATION (E): Can't load @VPPAdminTools Ru Translate/Anims/cfg/skeletons.anim.xml
21:41:06.40  ANIMATION (E): Failed to open file, line 0, column 0
21:41:06.40  ANIMATION (E): Can't load @VPPAdminTools/Anims/cfg/skeletons.anim.xml
21:41:06.40  ANIMATION (E): Failed to open file, line 0, column 0
21:41:06.40  ANIMATION (E): Can't load @VAZ 2107 Yandex Dfift/Anims/cfg/skeletons.anim.xml
21:41:06.40  ANIMATION (E): Failed to open file, line 0, column 0
21:41:06.40  ANIMATION (E): Can't load @Unknown Ghillie Mod/Anims/cfg/skeletons.anim.xml
21:41:06.40  ANIMATION (E): Failed to open file, line 0, column 0
21:41:06.40  ANIMATION (E): Can't load @Toyota_GT86_RB/Anims/cfg/skeletons.anim.xml
21:41:06.40  ANIMATION (E): Failed to open file, line 0, column 0
21:41:06.40  ANIMATION (E): Can't load @The Complete Ghillie Pack/Anims/cfg/skeletons.anim.xml
21:41:06.40  ANIMATION (E): Failed to open file, line 0, column 0
21:41:06.40  ANIMATION (E): Can't load @Tactical Flava/Anims/cfg/skeletons.anim.xml
21:41:06.40  ANIMATION (E): Failed to open file, line 0, column 0
21:41:06.40  ANIMATION (E): Can't load @Syndicate Breaching Charge/Anims/cfg/skeletons.anim.xml
21:41:06.40  ANIMATION (E): Failed to open file, line 0, column 0
21:41:06.40  ANIMATION (E): Can't load @Survivor Animations/Anims/cfg/skeletons.anim.xml
21:41:06.40  ANIMATION (E): Failed to open file, line 0, column 0
21:41:06.40  ANIMATION (E): Can't load @SR_WeaponsPack/Anims/cfg/skeletons.anim.xml
21:41:06.40  ANIMATION (E): Failed to open file, line 0, column 0
21:41:06.40  ANIMATION (E): Can't load @SNAFU Weapons/Anims/cfg/skeletons.anim.xml
21:41:06.40  ANIMATION (E): Failed to open file, line 0, column 0
21:41:06.40  ANIMATION (E): Can't load @RUSForma_vehicles/Anims/cfg/skeletons.anim.xml
21:41:06.40  ANIMATION (E): Failed to open file, line 0, column 0
21:41:06.40  ANIMATION (E): Can't load @Nissan GTR 2015 - FREE TO USE/Anims/cfg/skeletons.anim.xml
21:41:06.40  ANIMATION (E): Failed to open file, line 0, column 0
21:41:06.40  ANIMATION (E): Can't load @Namalsk Survival/Anims/cfg/skeletons.anim.xml
21:41:06.40  ANIMATION (E): Failed to open file, line 0, column 0
21:41:06.40  ANIMATION (E): Can't load @Namalsk Island/Anims/cfg/skeletons.anim.xml
21:41:06.40  ANIMATION (E): Failed to open file, line 0, column 0
21:41:06.40  ANIMATION (E): Can't load @My Delta Force Weapons/Anims/cfg/skeletons.anim.xml
21:41:06.40  ANIMATION (E): Failed to open file, line 0, column 0
21:41:06.40  ANIMATION (E): Can't load @MMG - Mightys Military Gear/Anims/cfg/skeletons.anim.xml
21:41:06.40  ANIMATION (E): Failed to open file, line 0, column 0
21:41:06.40  ANIMATION (E): Can't load @Mercedes-Benz AMG G63 W463/Anims/cfg/skeletons.anim.xml
21:41:06.40  ANIMATION (E): Failed to open file, line 0, column 0
21:41:06.40  ANIMATION (E): Can't load @MBM_UnderglowLights/Anims/cfg/skeletons.anim.xml
21:41:06.40  ANIMATION (E): Failed to open file, line 0, column 0
21:41:06.40  ANIMATION (E): Can't load @MBM_GoKart/Anims/cfg/skeletons.anim.xml
21:41:06.40  ANIMATION (E): Failed to open file, line 0, column 0
21:41:06.40  ANIMATION (E): Can't load @MBM_ApocalypseTruck/Anims/cfg/skeletons.anim.xml
21:41:06.40  ANIMATION (E): Failed to open file, line 0, column 0
21:41:06.40  ANIMATION (E): Can't load @M110/Anims/cfg/skeletons.anim.xml
21:41:06.40  ANIMATION (E): Failed to open file, line 0, column 0
21:41:06.40  ANIMATION (E): Can't load @JosiesHiluxZ/Anims/cfg/skeletons.anim.xml
21:41:06.40  ANIMATION (E): Failed to open file, line 0, column 0
21:41:06.40  ANIMATION (E): Can't load @Honda_NSX/Anims/cfg/skeletons.anim.xml
21:41:06.40  ANIMATION (E): Failed to open file, line 0, column 0
21:41:06.40  ANIMATION (E): Can't load @Gerphelius_CarXFence/Anims/cfg/skeletons.anim.xml
21:41:06.40  ANIMATION (E): Failed to open file, line 0, column 0
21:41:06.40  ANIMATION (E): Can't load @GAZ_Tigr_FIXED/Anims/cfg/skeletons.anim.xml
21:41:06.40  ANIMATION (E): Failed to open file, line 0, column 0
21:41:06.40  ANIMATION (E): Can't load @GAZ 66 SHISHIGA/Anims/cfg/skeletons.anim.xml
21:41:06.40  ANIMATION (E): Failed to open file, line 0, column 0
21:41:06.40  ANIMATION (E): Can't load @Expansion Ka52/Anims/cfg/skeletons.anim.xml
21:41:06.40  ANIMATION (E): Failed to open file, line 0, column 0
21:41:06.40  ANIMATION (E): Can't load @Dayz-Expansion-Vehicles/Anims/cfg/skeletons.anim.xml
21:41:06.40  ANIMATION (E): Failed to open file, line 0, column 0
21:41:06.40  ANIMATION (E): Can't load @DayZ-Expansion-Licensed/Anims/cfg/skeletons.anim.xml
21:41:06.40  ANIMATION (E): Failed to open file, line 0, column 0
21:41:06.40  ANIMATION (E): Can't load @DayZ-Expansion-Core/Anims/cfg/skeletons.anim.xml
21:41:06.40  ANIMATION (E): Failed to open file, line 0, column 0
21:41:06.40  ANIMATION (E): Can't load @DayZ-Expansion-BaseBuilding/Anims/cfg/skeletons.anim.xml
21:41:06.40  ANIMATION (E): Failed to open file, line 0, column 0
21:41:06.40  ANIMATION (E): Can't load @DayZ-Expansion/Anims/cfg/skeletons.anim.xml
21:41:06.40  ANIMATION (E): Failed to open file, line 0, column 0
21:41:06.41  ANIMATION (E): Can't load @Code Lock/Anims/cfg/skeletons.anim.xml
21:41:06.41  ANIMATION (E): Failed to open file, line 0, column 0
21:41:06.41  ANIMATION (E): Can't load @ChernarusRP AE86/Anims/cfg/skeletons.anim.xml
21:41:06.41  ANIMATION (E): Failed to open file, line 0, column 0
21:41:06.41  ANIMATION (E): Can't load @BMW_M5_CS/Anims/cfg/skeletons.anim.xml
21:41:06.41  ANIMATION (E): Failed to open file, line 0, column 0
21:41:06.41  ANIMATION (E): Can't load @BMW X5 2000/Anims/cfg/skeletons.anim.xml
21:41:06.41  ANIMATION (E): Failed to open file, line 0, column 0
21:41:06.42  ANIMATION (E): Can't load @BMW E38 [FREE]/Anims/cfg/skeletons.anim.xml
21:41:06.42  ANIMATION (E): Failed to open file, line 0, column 0
21:41:06.42  ANIMATION (E): Can't load @Basic Map/Anims/cfg/skeletons.anim.xml
21:41:06.42  ANIMATION (E): Failed to open file, line 0, column 0
21:41:06.42  ANIMATION (E): Can't load @BaseBuildingPlus/Anims/cfg/skeletons.anim.xml
21:41:06.42  ANIMATION (E): Failed to open file, line 0, column 0
21:41:06.42  ANIMATION (E): Can't load @AutoCarFlip/Anims/cfg/skeletons.anim.xml
21:41:06.42  ANIMATION (E): Failed to open file, line 0, column 0
21:41:06.42  ANIMATION (E): Can't load @Armored Vehicle Pack/Anims/cfg/skeletons.anim.xml
21:41:06.42  ANIMATION (E): Failed to open file, line 0, column 0
21:41:06.42  ANIMATION (E): Can't load @[Remastered] Arma Weapon Pack/Anims/cfg/skeletons.anim.xml
21:41:06.42  ANIMATION (E): Failed to open file, line 0, column 0
21:41:06.42  ANIMATION (E): Can't load @[CrSk] VAZ-2107/Anims/cfg/skeletons.anim.xml
21:41:06.42  ANIMATION (E): Failed to open file, line 0, column 0
21:41:06.42  ANIMATION (E): Can't load @[CrSk] BMW 525i E34/Anims/cfg/skeletons.anim.xml
21:41:06.42  ANIMATION (E): Failed to open file, line 0, column 0
21:41:06.42  ANIMATION (E): Can't load @[CnG]VAZ_2109/Anims/cfg/skeletons.anim.xml
21:41:06.42  ANIMATION (E): Failed to open file, line 0, column 0
21:41:06.42  ANIMATION (E): Can't load @[CnG]UAZ_31514/Anims/cfg/skeletons.anim.xml
21:41:06.42  ANIMATION (E): Failed to open file, line 0, column 0
21:41:06.42  ANIMATION (E): Can't load @[CnG]UAZ_452/Anims/cfg/skeletons.anim.xml
21:41:06.42  ANIMATION (E): Failed to open file, line 0, column 0
21:41:06.42  ANIMATION (E): Can't load @Dabs Framework/Anims/cfg/skeletons.anim.xml
21:41:06.42  ANIMATION (E): Failed to open file, line 0, column 0
21:41:06.42  ANIMATION (E): Can't load @CF/Anims/cfg/skeletons.anim.xml
21:41:06.42  ANIMATION (E): Failed to open file, line 0, column 0
21:41:06.42  ANIMATION (E): Can't load sakhal/Anims/cfg/skeletons.anim.xml
21:41:06.42  ANIMATION (E): Failed to open file, line 0, column 0
21:41:08.428 SCRIPT    (W): @"HB_FlipVehicle/Scripts/4_World/classes\registeractions.c,28": Missing ';' at the end of line
21:41:08.444 SCRIPT    (W): @"script_a/Scripts/4_World/entities\creatures\infected\zombiebase.c,280": FIX-ME: Unmatched brackets detected!
21:41:08.445 SCRIPT    (W): @"script_a/Scripts/4_World/bipod\megagovno.c,5": FIX-ME: Missing function scope
21:41:08.445 SCRIPT    (W): @"script_a/Scripts/4_World/bipod\megagovno.c,13": FIX-ME: Missing function scope
21:41:08.445 SCRIPT    (W): @"script_a/Scripts/4_World/bipod\megagovno.c,15": FIX-ME: Missing function scope
21:41:08.445 SCRIPT    (W): @"script_a/Scripts/4_World/bipod\megagovno.c,17": FIX-ME: Missing function scope
21:41:08.445 SCRIPT    (W): @"script_a/Scripts/4_World/bipod\megagovno.c,46": FIX-ME: Missing function scope
21:41:08.445 SCRIPT    (W): @"script_a/Scripts/4_World/bipod\megagovno.c,54": FIX-ME: Missing function scope
21:41:08.445 SCRIPT    (W): @"script_a/Scripts/4_World/bipod\megagovno.c,56": FIX-ME: Missing function scope
21:41:08.445 SCRIPT    (W): @"script_a/Scripts/4_World/bipod\megagovno.c,58": FIX-ME: Missing function scope
21:41:08.445 SCRIPT    (W): @"script_a/Scripts/4_World/bipod\megagovno.c,99": FIX-ME: Missing function scope
21:41:08.445 SCRIPT    (W): @"script_a/Scripts/4_World/classes\useractionscomponent\actions\singleuse\action.c,16": FIX-ME: Missing function scope
21:41:08.445 SCRIPT    (W): @"script_a/Scripts/4_World/classes\useractionscomponent\actions\singleuse\action.c,74": FIX-ME: Missing function scope
21:41:08.445 SCRIPT    (W): @"script_a/Scripts/4_World/classes\useractionscomponent\actions\singleuse\action.c,131": FIX-ME: Missing function scope
21:41:08.668 SCRIPT    (W): @"script_a/Scripts/4_World/entities\itembase\weapon\weapon_base.c,3": FIX-ME: Overriding function 'IsBipodDeployed' but not marked as 'override'
21:41:08.675 SCRIPT    (W): @"CodeLock/scripts/4_world/entities\codelock.c,308": FIX-ME: Method argument can't be strong reference
21:41:08.687 SCRIPT    (W): @"kamaz_4310RUS\scripts\4_World/carscript_kamaz_4310rus_cabinmanipulte.c,8": FIX-ME: Overriding function 'IsCabinCanManipulate' but not marked as 'override'
21:41:08.687 SCRIPT    (W): @"kamaz_4310RUS\scripts\4_World/carscript_kamaz_4310rus_cabinmanipulte.c,13": FIX-ME: Overriding function 'GetCabinAnimationSource' but not marked as 'override'
21:41:08.687 SCRIPT    (W): @"kamaz_4310RUS\scripts\4_World/carscript_kamaz_4310rus_cabinmanipulte.c,18": FIX-ME: Overriding function 'IsCabinRised' but not marked as 'override'
21:41:08.687 SCRIPT    (W): @"kamaz_4310RUS\scripts\4_World/carscript_kamaz_4310rus_cabinmanipulte.c,23": FIX-ME: Overriding function 'IsPassengersInCabin' but not marked as 'override'
21:41:08.687 SCRIPT    (W): @"tractor_UMZ_RUS\scripts\4_World/carscript.c,4": FIX-ME: Overriding function 'HandleDoorsSound' but not marked as 'override'
21:41:08.764 SCRIPT    (W): @"script_a/Scripts/4_World/weapons\m14_dmr.c,151": FIX-ME: Overriding function 'AssembleGun' but not marked as 'override'
21:41:08.765 SCRIPT    (W): @"kamaz_4310RUS\scripts\4_World/static\miscgameplayfunctions.c,6": FIX-ME: Overriding function 'IsInsideCar' but not marked as 'override'
21:41:08.822 SCRIPT    (W): @"Jeep_Wnagler/scripts/Jeep_Wnagler/jeep_wnagler.c,171": FIX-ME: Overriding function 'GetDoorConditionPointFromSelection' but not marked as 'override'
21:41:08.828 SCRIPT    (W): @"SR_Weapons_Scripts/scripts/4_world/weapons\rsass.c,30": FIX-ME: Overriding function 'EEItemDetached' but not marked as 'override'
21:41:08.836 SCRIPT    (W): @"SR_Weapons_Scripts/scripts/4_world/weapons\scar_l.c,26": FIX-ME: Overriding function 'EEItemDetached' but not marked as 'override'
21:41:08.876 SCRIPT    (W): @"CodeLock/scripts/4_world/pluginmanager\pluginbase\permissions\codelockpermissionmanager.c,46": FIX-ME: Method argument can't be strong reference
21:41:08.885 SCRIPT    (W): @"script_a/Scripts/4_World/classes\useractionscomponent\actions\singleuse\action.c,180": Possible variable name conflict 'second_item_health'
21:41:08.890 SCRIPT    (W): @"SR_Weapons_Scripts/scripts/4_world/weapons\scar_h.c,26": FIX-ME: Overriding function 'EEItemDetached' but not marked as 'override'
21:41:08.892 SCRIPT    (W): @"script_a/Scripts/4_World/weapons\anzio20.c,321": FIX-ME: Overriding function 'AssembleGun' but not marked as 'override'
21:41:08.904 SCRIPT    (W): @"LAPV_tan/scripts/LAPV_tan/lapv_tan.c,270": FIX-ME: Overriding function 'GetDoorConditionPointFromSelection' but not marked as 'override'
21:41:08.929 SCRIPT    (W): @"script_a/Scripts/4_World/weapons\ak105_bullpup.c,48": FIX-ME: Overriding function 'AssembleGun' but not marked as 'override'
21:41:08.941 SCRIPT    (W): @"script_a/Scripts/4_World/weapons\m249.c,27": FIX-ME: Overriding function 'AssembleGun' but not marked as 'override'
21:41:08.943 SCRIPT    (W): @"script_a/Scripts/4_World/bipod\bipod_base.c,112": FIX-ME: Overriding function 'IsBipodInUse' but not marked as 'override'
21:41:08.948 SCRIPT    (W): @"script_a/Scripts/4_World/weapons\pkm.c,105": FIX-ME: Overriding function 'AssembleGun' but not marked as 'override'
21:41:08.985 SCRIPT    (W): @"script_a/Scripts/4_World/weapons\m14_dmr.c,86": FIX-ME: Overriding function 'AssembleGun' but not marked as 'override'
21:41:08.993 SCRIPT    (W): @"BaseBuildingPlus/scripts/4_World/basebuildingplusui\entites\manbase\playerbase.c,16": FIX-ME: Overriding function 'ToggleBookReading' but not marked as 'override'
21:41:08.993 SCRIPT    (W): @"BaseBuildingPlus/scripts/4_World/basebuildingplusui\entites\manbase\playerbase.c,20": FIX-ME: Overriding function 'IsReadingBook' but not marked as 'override'
21:41:09.14  SCRIPT    (W): @"Glowler_ITV/scripts/Glowler_ITV/glowler_itv.c,162": FIX-ME: Overriding function 'GetDoorConditionPointFromSelection' but not marked as 'override'
21:41:09.39  SCRIPT    (W): @"script_a/Scripts/4_World/weapons\pkm.c,252": FIX-ME: Overriding function 'AssembleGun' but not marked as 'override'
21:41:09.69  SCRIPT    (W): @"MRAP_Cougar/scripts/MRAP_Cougar/mrap_cougar.c,235": FIX-ME: Overriding function 'GetDoorConditionPointFromSelection' but not marked as 'override'
21:41:09.76  SCRIPT    (W): @"CodeLock/scripts/4_world/gui\setcodemenu.c,31": FIX-ME: Overriding function 'CheckState' but not marked as 'override'
21:41:09.86  SCRIPT    (W): @"LAPV_camo/scripts/LAPV_camo/lapv_camo.c,270": FIX-ME: Overriding function 'GetDoorConditionPointFromSelection' but not marked as 'override'
21:41:09.93  SCRIPT    (W): @"script_a/Scripts/4_World/entities\itembase\tf_burningshard.c,115": FIX-ME: Overriding function 'IsTakeable' but not marked as 'override'
21:41:09.93  SCRIPT    (W): @"script_a/Scripts/4_World/entities\itembase\tf_burningshard.c,120": FIX-ME: Overriding function 'CanHaveTemperature' but not marked as 'override'
21:41:09.114 SCRIPT    (W): @"WindstrideClothing/scripts/4_World/namalsk\frostbite.c,4": FIX-ME: Overriding function 'CheckSlotOfInterest' but not marked as 'override'
21:41:09.122 SCRIPT    (W): @"LAPV_green/scripts/LAPV_green/lapv_green.c,270": FIX-ME: Overriding function 'GetDoorConditionPointFromSelection' but not marked as 'override'
21:41:09.127 SCRIPT    (W): @"script_a/Scripts/4_World/bipod\bipod_base.c,102": FIX-ME: Overriding function 'IsBipodInUse' but not marked as 'override'
21:41:09.145 SCRIPT    (W): @"x5_2000\scripts\x5_2000/x5_2000.c,7": FIX-ME: Overriding function 'DashboardShineOn' but not marked as 'override'
21:41:09.145 SCRIPT    (W): @"x5_2000\scripts\x5_2000/x5_2000.c,31": FIX-ME: Overriding function 'DashboardShineOff' but not marked as 'override'
21:41:09.148 SCRIPT    (W): @"CodeLock/scripts/4_world/gui\guestcodemenu.c,29": FIX-ME: Overriding function 'SendRPC' but not marked as 'override'
21:41:09.153 SCRIPT    (W): @"script_a/Scripts/4_World/weapons\m240.c,27": FIX-ME: Overriding function 'AssembleGun' but not marked as 'override'
21:41:09.162 SCRIPT    (W): @"script_a/Scripts/4_World/bipod\bipod_base.c,93": FIX-ME: Overriding function 'IsBipodInUse' but not marked as 'override'
21:41:09.198 SCRIPT    (W): @"script_a/Scripts/4_World/bipod\bipod_base.c,84": FIX-ME: Overriding function 'IsBipodInUse' but not marked as 'override'
21:41:09.204 SCRIPT    (W): @"CodeLock/scripts/4_world/gui\claimcodemenu.c,27": FIX-ME: Overriding function 'SendRPC' but not marked as 'override'
21:41:09.211 SCRIPT    (W): @"LAPV/scripts/LAPV/lapv.c,270": FIX-ME: Overriding function 'GetDoorConditionPointFromSelection' but not marked as 'override'
21:41:09.218 SCRIPT    (W): @"CodeLock/scripts/4_world/gui\entercodemenu.c,37": FIX-ME: Overriding function 'SendRPC' but not marked as 'override'
21:41:11.484 SCRIPT    (W): @"CodeLock/scripts/4_world/actions\continuous\actiondestroycodelockontent.c,73": Possible variable name conflict '_Health'
21:41:11.537 SCRIPT    (W): @"CodeLock/scripts/4_world/actions\continuous\actiondestroycodelockonfence.c,67": Possible variable name conflict '_Health'
21:41:15.613 SCRIPT    (W): @"MBM_Apocalypse_Truck\scripts\4_World/entities\vehicle\apocalypsetruck.c,262": 'GetController' is obsolete: Use methods directly on Car
21:41:22.604 SCRIPT    (W): @"Dayz_Horse/Scripts/4_World/dayzplayerimplement.c,180": No need to use 'Cast' for up-casting
21:41:25.140 WORLD        : Create entity type 'headphones_base'
21:41:25.140  WORLD        : Create entity type 'PersonalRadio'
21:41:25.140   ENTITY    (E): Type 'Inventory_BaseType' must be inherited from class 'ItemTransmitterType'
21:41:27.989 PreloadAnimationSets
21:41:27.989  ANIMATION    : AnimSetInstance load @"{0F5E6205A5E823C3}dz/anims/workspaces/player/player_main/player_main.asi"
21:41:27.989   RESOURCES (E): Failed to open object @"SurvivorAnimsExtras/animations/extras/p_cro_CustomAction_01_in.anm"
21:41:27.989   RESOURCES (E): Failed to open object @"SurvivorAnimsExtras/animations/extras/p_cro_CustomAction_01_loop.anm"
21:41:27.989   RESOURCES (E): Failed to open object @"SurvivorAnimsExtras/animations/extras/p_cro_CustomAction_01_out.anm"
21:41:27.989   RESOURCES (E): Failed to open object @"SurvivorAnimsExtras/animations/extras/p_erc_CustomAction_01_in.anm"
21:41:27.989   RESOURCES (E): Failed to open object @"SurvivorAnimsExtras/animations/extras/p_erc_CustomAction_01_loop.anm"
21:41:27.989   RESOURCES (E): Failed to open object @"SurvivorAnimsExtras/animations/extras/p_erc_CustomAction_01_out.anm"
21:41:27.989   RESOURCES (E): Failed to open object @"SurvivorAnimsExtras/animations/extras/p_cro_CustomAction_02_in.anm"
21:41:27.989   RESOURCES (E): Failed to open object @"SurvivorAnimsExtras/animations/extras/p_cro_CustomAction_02_loop.anm"
21:41:27.989   RESOURCES (E): Failed to open object @"SurvivorAnimsExtras/animations/extras/p_cro_CustomAction_02_out.anm"
21:41:27.989   RESOURCES (E): Failed to open object @"SurvivorAnimsExtras/animations/extras/p_erc_CustomAction_02_in.anm"
21:41:27.989   RESOURCES (E): Failed to open object @"SurvivorAnimsExtras/animations/extras/p_erc_CustomAction_02_loop.anm"
21:41:27.989   RESOURCES (E): Failed to open object @"SurvivorAnimsExtras/animations/extras/p_erc_CustomAction_02_out.anm"
21:41:27.989   RESOURCES (E): Failed to open object @"SurvivorAnimsExtras/animations/extras/p_cro_FB_CustomAction_01_in.anm"
21:41:27.989   RESOURCES (E): Failed to open object @"SurvivorAnimsExtras/animations/extras/p_cro_FB_CustomAction_01_loop.anm"
21:41:27.989   RESOURCES (E): Failed to open object @"SurvivorAnimsExtras/animations/extras/p_cro_FB_CustomAction_01_out.anm"
21:41:27.989   RESOURCES (E): Failed to open object @"SurvivorAnimsExtras/animations/extras/p_erc_FB_CustomAction_01_in.anm"
21:41:27.989   RESOURCES (E): Failed to open object @"SurvivorAnimsExtras/animations/extras/p_erc_FB_CustomAction_01_loop.anm"
21:41:27.989   RESOURCES (E): Failed to open object @"SurvivorAnimsExtras/animations/extras/p_erc_FB_CustomAction_01_out.anm"
21:41:27.989   RESOURCES (E): Failed to open object @"SurvivorAnimsExtras/animations/extras/p_cro_FB_CustomAction_02_in.anm"
21:41:27.989   RESOURCES (E): Failed to open object @"SurvivorAnimsExtras/animations/extras/p_cro_FB_CustomAction_02_loop.anm"
21:41:27.989   RESOURCES (E): Failed to open object @"SurvivorAnimsExtras/animations/extras/p_cro_FB_CustomAction_02_out.anm"
21:41:27.990   RESOURCES (E): Failed to open object @"SurvivorAnimsExtras/animations/extras/p_erc_FB_CustomAction_02_in.anm"
21:41:27.990   RESOURCES (E): Failed to open object @"SurvivorAnimsExtras/animations/extras/p_erc_FB_CustomAction_02_loop.anm"
21:41:27.990   RESOURCES (E): Failed to open object @"SurvivorAnimsExtras/animations/extras/p_erc_FB_CustomAction_02_out.anm"
21:41:27.990   RESOURCES (E): Failed to open object @"SurvivorAnimsExtras/animations/extras/p_cro_FB_CustomAction_03_in.anm"
21:41:27.990   RESOURCES (E): Failed to open object @"SurvivorAnimsExtras/animations/extras/p_cro_FB_CustomAction_03_loop.anm"
21:41:27.990   RESOURCES (E): Failed to open object @"SurvivorAnimsExtras/animations/extras/p_cro_FB_CustomAction_03_out.anm"
21:41:27.990   RESOURCES (E): Failed to open object @"SurvivorAnimsExtras/animations/extras/p_erc_FB_CustomAction_03_in.anm"
21:41:27.990   RESOURCES (E): Failed to open object @"SurvivorAnimsExtras/animations/extras/p_erc_FB_CustomAction_03_loop.anm"
21:41:27.990   RESOURCES (E): Failed to open object @"SurvivorAnimsExtras/animations/extras/p_erc_FB_CustomAction_03_out.anm"
21:41:27.990   RESOURCES (E): Failed to open object @"SurvivorAnimsExtras/animations/extras/p_cro_FB_CustomAction_04_in.anm"
21:41:27.990   RESOURCES (E): Failed to open object @"SurvivorAnimsExtras/animations/extras/p_cro_FB_CustomAction_04_loop.anm"
21:41:27.990   RESOURCES (E): Failed to open object @"SurvivorAnimsExtras/animations/extras/p_cro_FB_CustomAction_04_out.anm"
21:41:27.990   RESOURCES (E): Failed to open object @"SurvivorAnimsExtras/animations/extras/p_erc_FB_CustomAction_04_in.anm"
21:41:27.990   RESOURCES (E): Failed to open object @"SurvivorAnimsExtras/animations/extras/p_erc_FB_CustomAction_04_loop.anm"
21:41:27.990   RESOURCES (E): Failed to open object @"SurvivorAnimsExtras/animations/extras/p_erc_FB_CustomAction_04_out.anm"
21:41:27.990   RESOURCES (E): Failed to open object @"SurvivorAnimsExtras/animations/extras/p_cro_FB_CustomAction_05_in.anm"
21:41:27.990   RESOURCES (E): Failed to open object @"SurvivorAnimsExtras/animations/extras/p_cro_FB_CustomAction_05_loop.anm"
21:41:27.990   RESOURCES (E): Failed to open object @"SurvivorAnimsExtras/animations/extras/p_cro_FB_CustomAction_05_out.anm"
21:41:27.990   RESOURCES (E): Failed to open object @"SurvivorAnimsExtras/animations/extras/p_erc_FB_CustomAction_05_in.anm"
21:41:27.990   RESOURCES (E): Failed to open object @"SurvivorAnimsExtras/animations/extras/p_erc_FB_CustomAction_05_loop.anm"
21:41:27.990   RESOURCES (E): Failed to open object @"SurvivorAnimsExtras/animations/extras/p_erc_FB_CustomAction_05_out.anm"
21:41:28.74    RESOURCES (E): Failed to open object @"SurvivorAnimsExtras/animations/extras/p_cro_CustomActionOnce_01.anm"
21:41:28.74    RESOURCES (E): Failed to open object @"SurvivorAnimsExtras/animations/extras/p_erc_CustomActionOnce_01.anm"
21:41:28.74    RESOURCES (E): Failed to open object @"SurvivorAnimsExtras/animations/extras/p_pne_FB_CustomActionOnce_01.anm"
21:41:28.74    RESOURCES (E): Failed to open object @"SurvivorAnimsExtras/animations/extras/p_cro_CustomActionOnce_02.anm"
21:41:28.74    RESOURCES (E): Failed to open object @"SurvivorAnimsExtras/animations/extras/p_erc_CustomActionOnce_02.anm"
21:41:28.74    RESOURCES (E): Failed to open object @"SurvivorAnimsExtras/animations/extras/p_pne_FB_CustomActionOnce_02.anm"
21:41:28.74    RESOURCES (E): Failed to open object @"SurvivorAnimsExtras/animations/extras/p_cro_CustomActionOnce_03.anm"
21:41:28.74    RESOURCES (E): Failed to open object @"SurvivorAnimsExtras/animations/extras/p_erc_CustomActionOnce_03.anm"
21:41:28.74    RESOURCES (E): Failed to open object @"SurvivorAnimsExtras/animations/extras/p_pne_FB_CustomActionOnce_03.anm"
21:41:28.74    RESOURCES (E): Failed to open object @"SurvivorAnimsExtras/animations/extras/p_cro_CustomActionOnce_04.anm"
21:41:28.74    RESOURCES (E): Failed to open object @"SurvivorAnimsExtras/animations/extras/p_erc_CustomActionOnce_04.anm"
21:41:28.74    RESOURCES (E): Failed to open object @"SurvivorAnimsExtras/animations/extras/p_pne_FB_CustomActionOnce_04.anm"
21:41:28.74    RESOURCES (E): Failed to open object @"SurvivorAnimsExtras/animations/extras/p_cro_CustomActionOnce_05.anm"
21:41:28.74    RESOURCES (E): Failed to open object @"SurvivorAnimsExtras/animations/extras/p_erc_CustomActionOnce_05.anm"
21:41:28.74    RESOURCES (E): Failed to open object @"SurvivorAnimsExtras/animations/extras/p_pne_FB_CustomActionOnce_05.anm"
21:41:28.351   RESOURCES (E): Failed to open object @"SurvivorAnimsExtras/animations/extras/p_erc_CustomEmote_01_in.anm"
21:41:28.351   RESOURCES (E): Failed to open object @"SurvivorAnimsExtras/animations/extras/p_erc_CustomEmote_01_loop.anm"
21:41:28.351   RESOURCES (E): Failed to open object @"SurvivorAnimsExtras/animations/extras/p_erc_CustomEmote_01_out.anm"
21:41:28.351   RESOURCES (E): Failed to open object @"SurvivorAnimsExtras/animations/extras/p_erc_CustomEmote_02_in.anm"
21:41:28.351   RESOURCES (E): Failed to open object @"SurvivorAnimsExtras/animations/extras/p_erc_CustomEmote_02_loop.anm"
21:41:28.351   RESOURCES (E): Failed to open object @"SurvivorAnimsExtras/animations/extras/p_erc_CustomEmote_02_out.anm"
21:41:28.351   RESOURCES (E): Failed to open object @"SurvivorAnimsExtras/animations/extras/p_erc_CustomEmote_03_in.anm"
21:41:28.351   RESOURCES (E): Failed to open object @"SurvivorAnimsExtras/animations/extras/p_erc_CustomEmote_03_loop.anm"
21:41:28.351   RESOURCES (E): Failed to open object @"SurvivorAnimsExtras/animations/extras/p_erc_CustomEmote_03_out.anm"
21:41:28.351   RESOURCES (E): Failed to open object @"SurvivorAnimsExtras/animations/extras/p_erc_CustomEmote_04_in.anm"
21:41:28.351   RESOURCES (E): Failed to open object @"SurvivorAnimsExtras/animations/extras/p_erc_CustomEmote_04_loop.anm"
21:41:28.351   RESOURCES (E): Failed to open object @"SurvivorAnimsExtras/animations/extras/p_erc_CustomEmote_04_out.anm"
21:41:28.351   RESOURCES (E): Failed to open object @"SurvivorAnimsExtras/animations/extras/p_erc_CustomEmote_05_in.anm"
21:41:28.351   RESOURCES (E): Failed to open object @"SurvivorAnimsExtras/animations/extras/p_erc_CustomEmote_05_loop.anm"
21:41:28.351   RESOURCES (E): Failed to open object @"SurvivorAnimsExtras/animations/extras/p_erc_CustomEmote_05_out.anm"
21:41:28.351   RESOURCES (E): Failed to open object @"SurvivorAnimsExtras/animations/extras/p_erc_CustomEmote_06_in.anm"
21:41:28.351   RESOURCES (E): Failed to open object @"SurvivorAnimsExtras/animations/extras/p_erc_CustomEmote_06_loop.anm"
21:41:28.351   RESOURCES (E): Failed to open object @"SurvivorAnimsExtras/animations/extras/p_erc_CustomEmote_06_out.anm"
21:41:28.351   RESOURCES (E): Failed to open object @"SurvivorAnimsExtras/animations/extras/p_erc_CustomEmote_07_in.anm"
21:41:28.351   RESOURCES (E): Failed to open object @"SurvivorAnimsExtras/animations/extras/p_erc_CustomEmote_07_loop.anm"
21:41:28.351   RESOURCES (E): Failed to open object @"SurvivorAnimsExtras/animations/extras/p_erc_CustomEmote_07_out.anm"
21:41:28.351   RESOURCES (E): Failed to open object @"SurvivorAnimsExtras/animations/extras/p_erc_CustomEmote_08_in.anm"
21:41:28.351   RESOURCES (E): Failed to open object @"SurvivorAnimsExtras/animations/extras/p_erc_CustomEmote_08_loop.anm"
21:41:28.351   RESOURCES (E): Failed to open object @"SurvivorAnimsExtras/animations/extras/p_erc_CustomEmote_08_out.anm"
21:41:28.351   RESOURCES (E): Failed to open object @"SurvivorAnimsExtras/animations/extras/p_erc_CustomEmote_09_in.anm"
21:41:28.351   RESOURCES (E): Failed to open object @"SurvivorAnimsExtras/animations/extras/p_erc_CustomEmote_09_loop.anm"
21:41:28.351   RESOURCES (E): Failed to open object @"SurvivorAnimsExtras/animations/extras/p_erc_CustomEmote_09_out.anm"
21:41:28.351   RESOURCES (E): Failed to open object @"SurvivorAnimsExtras/animations/extras/p_erc_CustomEmote_10_in.anm"
21:41:28.351   RESOURCES (E): Failed to open object @"SurvivorAnimsExtras/animations/extras/p_erc_CustomEmote_10_loop.anm"
21:41:28.351   RESOURCES (E): Failed to open object @"SurvivorAnimsExtras/animations/extras/p_erc_CustomEmote_10_out.anm"
21:41:28.351   RESOURCES (E): Failed to open object @"SurvivorAnimsExtras/animations/extras/p_erc_CustomEmote_11_in.anm"
21:41:28.351   RESOURCES (E): Failed to open object @"SurvivorAnimsExtras/animations/extras/p_erc_CustomEmote_11_loop.anm"
21:41:28.351   RESOURCES (E): Failed to open object @"SurvivorAnimsExtras/animations/extras/p_erc_CustomEmote_11_out.anm"
21:41:28.351   RESOURCES (E): Failed to open object @"SurvivorAnimsExtras/animations/extras/p_erc_CustomEmote_12_in.anm"
21:41:28.351   RESOURCES (E): Failed to open object @"SurvivorAnimsExtras/animations/extras/p_erc_CustomEmote_12_loop.anm"
21:41:28.351   RESOURCES (E): Failed to open object @"SurvivorAnimsExtras/animations/extras/p_erc_CustomEmote_12_out.anm"
21:41:28.351   RESOURCES (E): Failed to open object @"SurvivorAnimsExtras/animations/extras/p_erc_CustomEmote_13_in.anm"
21:41:28.351   RESOURCES (E): Failed to open object @"SurvivorAnimsExtras/animations/extras/p_erc_CustomEmote_13_loop.anm"
21:41:28.351   RESOURCES (E): Failed to open object @"SurvivorAnimsExtras/animations/extras/p_erc_CustomEmote_13_out.anm"
21:41:28.351   RESOURCES (E): Failed to open object @"SurvivorAnimsExtras/animations/extras/p_erc_CustomEmote_14_in.anm"
21:41:28.351   RESOURCES (E): Failed to open object @"SurvivorAnimsExtras/animations/extras/p_erc_CustomEmote_14_loop.anm"
21:41:28.351   RESOURCES (E): Failed to open object @"SurvivorAnimsExtras/animations/extras/p_erc_CustomEmote_14_out.anm"
21:41:28.351   RESOURCES (E): Failed to open object @"SurvivorAnimsExtras/animations/extras/p_erc_CustomEmote_15_in.anm"
21:41:28.351   RESOURCES (E): Failed to open object @"SurvivorAnimsExtras/animations/extras/p_erc_CustomEmote_15_loop.anm"
21:41:28.351   RESOURCES (E): Failed to open object @"SurvivorAnimsExtras/animations/extras/p_erc_CustomEmote_15_out.anm"
21:41:28.351   RESOURCES (E): Failed to open object @"SurvivorAnimsExtras/animations/extras/p_erc_CustomEmote_16_in.anm"
21:41:28.351   RESOURCES (E): Failed to open object @"SurvivorAnimsExtras/animations/extras/p_erc_CustomEmote_16_loop.anm"
21:41:28.351   RESOURCES (E): Failed to open object @"SurvivorAnimsExtras/animations/extras/p_erc_CustomEmote_16_out.anm"
21:41:28.391   RESOURCES (E): Failed to open object @"SurvivorAnimsExtras/animations/extras/p_cro_CustomEmoteOnce_01.anm"
21:41:28.391   RESOURCES (E): Failed to open object @"SurvivorAnimsExtras/animations/extras/p_erc_CustomEmoteOnce_01.anm"
21:41:28.391   RESOURCES (E): Failed to open object @"SurvivorAnimsExtras/animations/extras/p_pne_CustomEmoteOnce_01.anm"
21:41:28.391   RESOURCES (E): Failed to open object @"SurvivorAnimsExtras/animations/extras/p_erc_CustomEmoteOnce_02.anm"
21:41:28.391   RESOURCES (E): Failed to open object @"SurvivorAnimsExtras/animations/extras/p_erc_CustomEmoteOnce_03.anm"
21:41:28.391   RESOURCES (E): Failed to open object @"SurvivorAnimsExtras/animations/extras/p_erc_CustomEmoteOnce_04.anm"
21:41:28.391   RESOURCES (E): Failed to open object @"SurvivorAnimsExtras/animations/extras/p_erc_CustomEmoteOnce_05.anm"
21:41:28.391   RESOURCES (E): Failed to open object @"SurvivorAnimsExtras/animations/extras/p_erc_CustomEmoteOnce_06.anm"
21:41:28.391   RESOURCES (E): Failed to open object @"SurvivorAnimsExtras/animations/extras/p_erc_CustomEmoteOnce_07.anm"
21:41:28.391   RESOURCES (E): Failed to open object @"SurvivorAnimsExtras/animations/extras/p_erc_CustomEmoteOnce_08.anm"
21:41:28.391   RESOURCES (E): Failed to open object @"SurvivorAnimsExtras/animations/extras/p_erc_CustomEmoteOnce_09.anm"
21:41:28.391   RESOURCES (E): Failed to open object @"SurvivorAnimsExtras/animations/extras/p_erc_CustomEmoteOnce_10.anm"
21:41:28.391   RESOURCES (E): Failed to open object @"SurvivorAnimsExtras/animations/extras/p_cro_FB_CustomEmoteOnce_01.anm"
21:41:28.391   RESOURCES (E): Failed to open object @"SurvivorAnimsExtras/animations/extras/p_erc_FB_CustomEmoteOnce_01.anm"
21:41:28.391   RESOURCES (E): Failed to open object @"SurvivorAnimsExtras/animations/extras/p_pne_FB_CustomEmoteOnce_01.anm"
21:41:31.661 Hostname of server: "SVOBODA DayZ"
21:41:32.440 NETWORK      : Network simulation
21:41:32.440  Loading landscape 'namalsk'
21:41:32.440   WORLD        : Create entity type 'Land_pas_amps_solo'
21:41:32.440    ENTITY    (E): Type 'HouseType' must be inherited from class 'PASReceiverType'
21:41:32.632   ENTITY       : Load entity type 'land_seb_garage'
21:41:32.632    ENTITY    (W): Door 'doorstwin1' is missing geometry components for selection 'doorstwin1', check model+config
21:41:32.638   ENTITY       : Load entity type 'Land_Container_1Aoh'
21:41:32.638    ENTITY    (W): Door 'DoorsTwin1' is missing geometry components for selection 'DoorsTwin1', check model+config
21:41:32.640   WORLD        : Create entity type 'Land_radio_panelpas'
21:41:32.640    ENTITY    (E): Type 'HouseType' must be inherited from class 'PASBroadcasterType'
21:41:32.653   ENTITY       : Load entity type 'Land_Factory_Small'
21:41:32.653    ENTITY    (W): Door 'DoorsTwin1' is missing geometry components for selection 'DoorsTwin1', check model+config
21:41:32.653    ENTITY    (W): Door 'DoorsTwin2' is missing geometry components for selection 'DoorsTwin2', check model+config
21:41:32.676   ENTITY       : Load entity type 'Land_Container_1Bo'
21:41:32.676    ENTITY    (W): Door 'DoorsTwin1' is missing geometry components for selection 'DoorsTwin1', check model+config
21:41:32.676    ENTITY    (W): Door 'DoorsTwin2' is missing geometry components for selection 'DoorsTwin2', check model+config
21:41:32.677   ENTITY       : Load entity type 'land_budova2_winter'
21:41:32.677    ENTITY    (W): Door 'DoorsTwin1' is missing geometry components for selection 'DoorsTwin1', check model+config
21:41:32.706   ENTITY       : Load entity type 'Land_Container_1Mo'
21:41:32.706    ENTITY    (W): Door 'DoorsTwin1' is missing geometry components for selection 'DoorsTwin1', check model+config
21:41:32.706    ENTITY    (W): Door 'DoorsTwin2' is missing geometry components for selection 'DoorsTwin2', check model+config
21:41:32.709   ENTITY       : Load entity type 'land_budova1_winter'
21:41:32.709    ENTITY    (W): Door 'DoorsTwin1' is missing geometry components for selection 'DoorsTwin1', check model+config
21:41:32.730   WORLD        : Create entity type 'Land_radio_panelbig'
21:41:32.730    ENTITY    (E): Type 'HouseType' must be inherited from class 'StaticTransmitterType'
21:41:32.758   ENTITY       : Load entity type 'land_vys_budova_p1'
21:41:32.758    ENTITY    (W): Unknown object class 'thing' (dz\structures\furniture\eletrical_appliances\washing_machine\washing_machine.p3d)
21:41:32.759    ENTITY    (W): Unknown object class 'thing' (dz\structures\furniture\eletrical_appliances\washing_machine\washing_machine.p3d)
21:41:32.760    ENTITY    (W): Unknown object class 'thing' (dz\structures\furniture\eletrical_appliances\washing_machine\washing_machine.p3d)
21:41:32.777   ENTITY       : Load entity type 'Land_Mil_Barracks3'
21:41:32.777    ENTITY    (W): Door 'DoorsTwin1' is missing geometry components for selection 'DoorsTwin1', check model+config
21:41:32.778   ENTITY       : Load entity type 'land_budova3'
21:41:32.778    ENTITY    (W): Door 'doorstwin1' is missing geometry components for selection 'doorstwin1', check model+config
21:41:32.785   ENTITY       : Load entity type 'Land_Mil_Barracks1'
21:41:32.785    ENTITY    (W): Door 'DoorsTwin1' is missing geometry components for selection 'DoorsTwin1', check model+config
21:41:32.885   ENTITY       : Load entity type 'Land_Garage_Small'
21:41:32.885    ENTITY    (W): Door 'DoorsTwin1' is missing geometry components for selection 'DoorsTwin1', check model+config
21:41:32.905   ENTITY       : Load entity type 'Land_Mil_Barracks5'
21:41:32.906    ENTITY    (W): Door 'DoorsTwin1' is missing geometry components for selection 'DoorsTwin1', check model+config
21:41:33.17    ENTITY       : Load entity type 'Land_Workshop2'
21:41:33.17     ENTITY    (W): Door 'DoorsTwin1' is missing geometry components for selection 'DoorsTwin1', check model+config
21:41:33.38    ENTITY       : Load entity type 'Land_Wreck_S1023_Beige'
21:41:33.38     ENTITY    (W): Door 'DoorsTwin1' is missing geometry components for selection 'DoorsTwin1', check model+config
21:41:33.99    ENTITY       : Load entity type 'Land_Wreck_S1023_Blue'
21:41:33.99     ENTITY    (W): Door 'DoorsTwin1' is missing geometry components for selection 'DoorsTwin1', check model+config
21:41:33.100   ENTITY    (W): Unknown object class 'pond' (nst\ns\water\lakewater_still.p3d)
21:41:33.185   ENTITY       : Load entity type 'Land_CementWorks_Hall2_Brick'
21:41:33.185    ENTITY    (W): Door 'DoorsTwin1' is missing geometry components for selection 'DoorsTwin1', check model+config
21:41:33.200   ENTITY       : Load entity type 'Land_Workshop3'
21:41:33.200    ENTITY    (W): Door 'DoorsTwin1' is missing geometry components for selection 'DoorsTwin1', check model+config
21:41:33.200    ENTITY    (W): Door 'DoorsTwin2' is missing geometry components for selection 'DoorsTwin2', check model+config
21:41:33.216   ENTITY       : Load entity type 'Land_Workshop4'
21:41:33.216    ENTITY    (W): Door 'DoorsTwin1' is missing geometry components for selection 'DoorsTwin1', check model+config
21:41:33.254   ENTITY       : Load entity type 'Land_Workshop1'
21:41:33.254    ENTITY    (W): Door 'DoorsTwin1' is missing geometry components for selection 'DoorsTwin1', check model+config
21:41:33.288   ENTITY       : Load entity type 'Land_Airfield_Small_Control'
21:41:33.288    ENTITY    (W): Unknown object class 'thing' (dz\structures\furniture\eletrical_appliances\washing_machine\washing_machine.p3d)
21:41:33.289    ENTITY    (W): Unknown object class 'thing' (dz\structures\furniture\eletrical_appliances\washing_machine\washing_machine.p3d)
21:41:33.290    ENTITY    (W): Unknown object class 'thing' (dz\structures\furniture\eletrical_appliances\washing_machine\washing_machine.p3d)
21:41:33.290    ENTITY    (W): Unknown object class 'thing' (dz\structures\furniture\eletrical_appliances\washing_machine\washing_machine.p3d)
21:41:33.303   ENTITY    (W): Unknown object class 'pond' (dz\water_sakhal\ice_lake\sakhal_50x50_ice_lake_clear.p3d)
21:41:33.360   ENTITY       : Load entity type 'Land_Office2'
21:41:33.360    ENTITY    (W): Door 'DoorsTwin1' is missing geometry components for selection 'DoorsTwin1', check model+config
21:41:33.360    ENTITY    (W): Door 'DoorsTwin2' is missing geometry components for selection 'DoorsTwin2', check model+config
21:41:33.360    ENTITY    (W): Door 'DoorsTwin3' is missing geometry components for selection 'DoorsTwin3', check model+config
21:41:33.360    ENTITY    (W): Door 'DoorsTwin4' is missing geometry components for selection 'DoorsTwin4', check model+config
21:41:33.360    ENTITY    (W): Door 'DoorsTwin5' is missing geometry components for selection 'DoorsTwin5', check model+config
21:41:33.380   ENTITY       : Load entity type 'Land_City_Hospital'
21:41:33.380    ENTITY    (W): Door 'DoorsTwin1' is missing geometry components for selection 'DoorsTwin1', check model+config
21:41:33.422   ENTITY       : Load entity type 'Land_Office1'
21:41:33.422    ENTITY    (W): Door 'DoorsTwin1' is missing geometry components for selection 'DoorsTwin1', check model+config
21:41:33.422    ENTITY    (W): Door 'DoorsTwin2' is missing geometry components for selection 'DoorsTwin2', check model+config
21:41:33.422    ENTITY    (W): Door 'DoorsTwin3' is missing geometry components for selection 'DoorsTwin3', check model+config
21:41:33.422    ENTITY    (W): Door 'DoorsTwin4' is missing geometry components for selection 'DoorsTwin4', check model+config
21:41:33.422    ENTITY    (W): Door 'DoorsTwin5' is missing geometry components for selection 'DoorsTwin5', check model+config
21:41:33.422    ENTITY    (W): Door 'DoorsTwin6' is missing geometry components for selection 'DoorsTwin6', check model+config
21:41:33.422    ENTITY    (W): Door 'DoorsTwin7' is missing geometry components for selection 'DoorsTwin7', check model+config
21:41:33.446   ENTITY       : Load entity type 'Land_Container_1Moh'
21:41:33.447    ENTITY    (W): Door 'DoorsTwin1' is missing geometry components for selection 'DoorsTwin1', check model+config
21:41:33.481   ENTITY    (W): Unknown object class 'pond' (nst\ns\water\lakewater.p3d)
21:41:33.541   ENTITY       : Load entity type 'Land_Garage_Row_Small'
21:41:33.541    ENTITY    (W): Door 'DoorsTwin1' is missing geometry components for selection 'DoorsTwin1', check model+config
21:41:33.541    ENTITY    (W): Door 'DoorsTwin2' is missing geometry components for selection 'DoorsTwin2', check model+config
21:41:33.541    ENTITY    (W): Door 'DoorsTwin3' is missing geometry components for selection 'DoorsTwin3', check model+config
21:41:33.576   ENTITY       : Load entity type 'Land_City_Store_WithStairs'
21:41:33.576    ENTITY    (W): Door 'DoorsTwin1' is missing geometry components for selection 'DoorsTwin1', check model+config
21:41:33.576    ENTITY    (W): Door 'DoorsTwin2' is missing geometry components for selection 'DoorsTwin2', check model+config
21:41:33.576    ENTITY    (W): Door 'DoorsTwin3' is missing geometry components for selection 'DoorsTwin3', check model+config
21:41:33.576    ENTITY    (W): Door 'DoorsTwin4' is missing geometry components for selection 'DoorsTwin4', check model+config
21:41:33.576    ENTITY    (W): Door 'DoorsTwin5' is missing geometry components for selection 'DoorsTwin5', check model+config
21:41:33.582   ENTITY       : Load entity type 'land_vor_apartment_high_2'
21:41:33.582    ENTITY    (W): Door 'doorstwin1' is missing geometry components for selection 'doorstwin1', check model+config
21:41:33.598   ENTITY       : Load entity type 'Land_Tenement_Small'
21:41:33.598    ENTITY    (W): Unknown object class 'thing' (dz\structures\furniture\eletrical_appliances\washing_machine\washing_machine.p3d)
21:41:33.598    ENTITY    (W): Unknown object class 'thing' (dz\structures\furniture\eletrical_appliances\washing_machine\washing_machine.p3d)
21:41:33.599    ENTITY    (W): Unknown object class 'thing' (dz\structures\furniture\eletrical_appliances\washing_machine\washing_machine.p3d)
21:41:33.599    ENTITY    (W): Unknown object class 'thing' (dz\structures\furniture\eletrical_appliances\washing_machine\washing_machine.p3d)
21:41:33.599    ENTITY    (W): Unknown object class 'thing' (dz\structures\furniture\eletrical_appliances\washing_machine\washing_machine.p3d)
21:41:33.599    ENTITY    (W): Unknown object class 'thing' (dz\structures\furniture\eletrical_appliances\washing_machine\washing_machine.p3d)
21:41:33.600    ENTITY    (W): Unknown object class 'thing' (dz\structures\furniture\eletrical_appliances\washing_machine\washing_machine.p3d)
21:41:33.686   ENTITY       : Load entity type 'Land_House_2W04'
21:41:33.686    ENTITY    (W): Door 'DoorsTwin1' is missing geometry components for selection 'DoorsTwin1', check model+config
21:41:33.698   ENTITY       : Load entity type 'Land_House_1W08_Brown'
21:41:33.699    ENTITY    (W): Unknown object class 'thing' (dz\structures\furniture\eletrical_appliances\washing_machine\washing_machine.p3d)
21:41:33.699    ENTITY    (W): Unknown object class 'thing' (dz\structures\furniture\eletrical_appliances\washing_machine\washing_machine.p3d)
21:41:33.699    ENTITY    (W): Unknown object class 'thing' (dz\structures\furniture\eletrical_appliances\washing_machine\washing_machine.p3d)
21:41:33.773   ENTITY    (W): Unknown object class 'pond' (dz\water_sakhal\ice_lake\sakhal_50x50_ice_lake_clear.p3d)
21:41:33.831   ENTITY       : Load entity type 'Land_Tenement_Big'
21:41:33.831    ENTITY    (W): Unknown object class 'thing' (dz\structures\furniture\eletrical_appliances\washing_machine\washing_machine.p3d)
21:41:33.831    ENTITY    (W): Unknown object class 'thing' (dz\structures\furniture\eletrical_appliances\washing_machine\washing_machine.p3d)
21:41:33.831    ENTITY    (W): Unknown object class 'thing' (dz\structures\furniture\eletrical_appliances\washing_machine\washing_machine.p3d)
21:41:33.833    ENTITY    (W): Unknown object class 'thing' (dz\structures\furniture\eletrical_appliances\washing_machine\washing_machine.p3d)
21:41:33.833    ENTITY    (W): Unknown object class 'thing' (dz\structures\furniture\eletrical_appliances\washing_machine\washing_machine.p3d)
21:41:33.833    ENTITY    (W): Unknown object class 'thing' (dz\structures\furniture\eletrical_appliances\washing_machine\washing_machine.p3d)
21:41:33.833    ENTITY    (W): Unknown object class 'thing' (dz\structures\furniture\eletrical_appliances\washing_machine\washing_machine.p3d)
21:41:33.833    ENTITY    (W): Unknown object class 'thing' (dz\structures\furniture\eletrical_appliances\washing_machine\washing_machine.p3d)
21:41:33.833    ENTITY    (W): Unknown object class 'thing' (dz\structures\furniture\eletrical_appliances\washing_machine\washing_machine.p3d)
21:41:36.574  SCRIPT    (W): @"HB_FlipVehicle/Scripts/5_Mission/missiongameplay.c,93": Missing ';' at the end of line
21:41:36.607  SCRIPT    (W): @"HB_FlipVehicle/Scripts/5_Mission/missiongameplay.c,9": FIX-ME: Method argument can't be strong reference
21:41:36.607  SCRIPT    (W): @"HB_FlipVehicle/Scripts/5_Mission/missiongameplay.c,9": FIX-ME: Method argument can't be strong reference
21:41:36.607  SCRIPT    (W): @"HB_FlipVehicle/Scripts/5_Mission/missiongameplay.c,9": FIX-ME: Method argument can't be strong reference
21:41:36.644  SCRIPT    (W): @"WindstrideClothing/scripts/5_Mission/windstride\namalsk\playercontainer.c,4": FIX-ME: Overriding function 'CheckSlotOfInterest' but not marked as 'override'
21:41:39.772  SCRIPT    (W): scripts/3_Game/undergroundarealoader.c:138 | SpawnAllTriggerCarriers | [WARNING] :: [UndergroundAreaLoader GetData()] :: file not found in MISSION folder, your path is $mission:cfgundergroundtriggers.json Attempting DATA folder
21:41:39.772  SCRIPT    (W): scripts/3_Game/undergroundarealoader.c:138 | SpawnAllTriggerCarriers | [WARNING] :: [UndergroundAreaLoader GetData()] ::file not found in DATA folder, your path is dz/worlds/namalsk/ce/cfgundergroundtriggers.json
21:41:40.35  [CE][Hive] :: Initializing OFFLINE
21:41:40.35  [StorageDirs] :: Selected storage directory: G:\SteamLibrary\steamapps\common\DayZServer\mpmissions\regular.namalsk\storage_1\
21:41:40.36  [CE][Hive] :: Loading core data ... 
21:41:40.50  [CE][CoreData] :: 8 root classes, 0 defaults, 0 updaters...
21:41:40.190  ENTITY       : Load entity type 'Land_House_2W02'
21:41:40.190   ENTITY    (W): Door 'DoorsTwin1' is missing geometry components for selection 'DoorsTwin1', check model+config
21:41:40.217  ENTITY    (W): Unknown object class 'pond' (dz\water_sakhal\ice_lake\sakhal_50x50_ice_lake_clear.p3d)
21:41:40.244 [CE][Hive] :: Loading map data ... 
21:41:54.215 [CE][TypeSetup] :: 601 classes setuped...
21:42:03.569 [CE][RegisterBind] :: 0 classes binded...
21:42:03.569 [CE][RegisterConfig] :: 20887 config classes registered, 0 sub-counters...
21:42:03.569 [CE][Hive] :: Loading map data ... 
21:42:03.685 [CE][LoadPrototype] :: loaded 256 prototypes
21:42:03.685   404 containers, 7415 points
21:42:03.685   1 dispatches, 1 proxies
21:42:03.685 !!! [CE][LoadPrototype] 1 groups have wrong points...
21:42:03.685 [CE][LoadPrototype] :: last group name: land_frozen_person...
21:42:03.704 [CE][LoadPrototype] :: loaded 0 prototypes
21:42:03.704   38 containers, 66 points
21:42:03.704   0 dispatches, 0 proxies
21:42:03.704 [CE][LoadPrototype] :: last group name: StoneLoc38...
21:42:03.774 [CE][LoadMap] "Group" :: loaded 1445 groups, groups failed: 0, largest group range: 36.4
21:42:03.784 [CE][LoadMap] "Dirt" :: loaded 0 groups, groups failed: 0, largest group range: 36.4
21:42:03.790 [CE][Links] found 472 total links between groups, of 1445
21:42:03.790 [CE][LoadClusters] "Cluster" :: Loading files...
21:42:03.825 [CE][LoadClusters] :: file: "mapgroupcluster.xml", 1 types, 2418 instances
21:42:03.837 [CE][Storage] ver:21 stamp:1220, valid:yes, name:"G:\SteamLibrary\steamapps\common\DayZServer\mpmissions\regular.namalsk\storage_1\data\types.bin"
21:42:03.848 [CE][Storage] ver:21 stamp:1095, valid:yes, name:"G:\SteamLibrary\steamapps\common\DayZServer\mpmissions\regular.namalsk\storage_1\data\types.001"
21:42:03.860 [CE][Storage] ver:21 stamp:1096, valid:yes, name:"G:\SteamLibrary\steamapps\common\DayZServer\mpmissions\regular.namalsk\storage_1\data\types.002"
21:42:03.860 [CE][Storage] Restoring file "G:\SteamLibrary\steamapps\common\DayZServer\mpmissions\regular.namalsk\storage_1\data\types.bin".
21:42:04.949 [CE][offlineDB] :: Loaded 23 dynamic events 177 total types.
21:42:05.27  !!! [CE][offlineDB] :: Type 'ChristmasTree' will be ignored. (Not spawnable. (Scope is not public?))
21:42:05.86  [CE][DE][SPAWNS] :: Total positions: 711
21:42:05.86  [CE][DE][GROUPS] :: Total eventgroups defined: 0, Eventgroups in use: 0
21:42:05.99  [CE][Storage] ver:25 stamp:1220, valid:yes, name:"G:\SteamLibrary\steamapps\common\DayZServer\mpmissions\regular.namalsk\storage_1\data\events.bin"
21:42:05.111 [CE][Storage] ver:25 stamp:1095, valid:yes, name:"G:\SteamLibrary\steamapps\common\DayZServer\mpmissions\regular.namalsk\storage_1\data\events.001"
21:42:05.120 [CE][Storage] ver:25 stamp:1096, valid:yes, name:"G:\SteamLibrary\steamapps\common\DayZServer\mpmissions\regular.namalsk\storage_1\data\events.002"
21:42:05.121 [CE][Storage] Restoring file "G:\SteamLibrary\steamapps\common\DayZServer\mpmissions\regular.namalsk\storage_1\data\events.bin".
21:42:05.121 [CE][DynamicEvent] Load  Events:[23] Primary spawners: 23 Secondary spawners: 0
21:42:05.151 [CE][Storage] ver:26 stamp:1220, valid:yes, name:"G:\SteamLibrary\steamapps\common\DayZServer\mpmissions\regular.namalsk\storage_1\data\dynamic_000.bin"
21:42:05.163 [CE][Storage] ver:26 stamp:1095, valid:yes, name:"G:\SteamLibrary\steamapps\common\DayZServer\mpmissions\regular.namalsk\storage_1\data\dynamic_000.001"
21:42:05.175 [CE][Storage] ver:26 stamp:1096, valid:yes, name:"G:\SteamLibrary\steamapps\common\DayZServer\mpmissions\regular.namalsk\storage_1\data\dynamic_000.002"
21:42:05.175 [CE][Storage] Restoring file "G:\SteamLibrary\steamapps\common\DayZServer\mpmissions\regular.namalsk\storage_1\data\dynamic_000.bin" 7 items.
21:42:05.197   7 items loaded. (0 failed)
21:42:05.207 [CE][Storage] ver:26 stamp:1220, valid:yes, name:"G:\SteamLibrary\steamapps\common\DayZServer\mpmissions\regular.namalsk\storage_1\data\dynamic_001.bin"
21:42:05.217 [CE][Storage] ver:26 stamp:1095, valid:yes, name:"G:\SteamLibrary\steamapps\common\DayZServer\mpmissions\regular.namalsk\storage_1\data\dynamic_001.001"
21:42:05.227 [CE][Storage] ver:26 stamp:1096, valid:yes, name:"G:\SteamLibrary\steamapps\common\DayZServer\mpmissions\regular.namalsk\storage_1\data\dynamic_001.002"
21:42:05.227 [CE][Storage] Restoring file "G:\SteamLibrary\steamapps\common\DayZServer\mpmissions\regular.namalsk\storage_1\data\dynamic_001.bin" 29 items.
21:42:05.271  PHYSICS   (W): While attempting to remove proxy physics for the selection 'codelock', the corresponding bone could not be found in the shape 'dz\gear\camping\mediumtent.p3d'
21:42:05.272  INVENTORY    : StreamLoad entity MediumTent_Orange:44
21:42:05.272   PHYSICS   (W): While attempting to remove proxy physics for the selection 'codelock', the corresponding bone could not be found in the shape 'dz\gear\camping\mediumtent.p3d'
21:42:05.347   29 items loaded. (0 failed)
21:42:05.357 [CE][Storage] ver:26 stamp:1220, valid:yes, name:"G:\SteamLibrary\steamapps\common\DayZServer\mpmissions\regular.namalsk\storage_1\data\dynamic_002.bin"
21:42:05.369 [CE][Storage] ver:26 stamp:1095, valid:yes, name:"G:\SteamLibrary\steamapps\common\DayZServer\mpmissions\regular.namalsk\storage_1\data\dynamic_002.001"
21:42:05.378 [CE][Storage] ver:26 stamp:1096, valid:yes, name:"G:\SteamLibrary\steamapps\common\DayZServer\mpmissions\regular.namalsk\storage_1\data\dynamic_002.002"
21:42:05.378 [CE][Storage] Restoring file "G:\SteamLibrary\steamapps\common\DayZServer\mpmissions\regular.namalsk\storage_1\data\dynamic_002.bin" 77 items.
21:42:05.562   77 items loaded. (0 failed)
21:42:05.574 [CE][Storage] ver:26 stamp:1220, valid:yes, name:"G:\SteamLibrary\steamapps\common\DayZServer\mpmissions\regular.namalsk\storage_1\data\dynamic_003.bin"
21:42:05.586 [CE][Storage] ver:26 stamp:1095, valid:yes, name:"G:\SteamLibrary\steamapps\common\DayZServer\mpmissions\regular.namalsk\storage_1\data\dynamic_003.001"
21:42:05.595 [CE][Storage] ver:26 stamp:1096, valid:yes, name:"G:\SteamLibrary\steamapps\common\DayZServer\mpmissions\regular.namalsk\storage_1\data\dynamic_003.002"
21:42:05.595 [CE][Storage] Restoring file "G:\SteamLibrary\steamapps\common\DayZServer\mpmissions\regular.namalsk\storage_1\data\dynamic_003.bin" 694 items.
21:42:05.722  WORLD        : Create entity type 'Megaphone'
21:42:05.722   ENTITY    (E): Type 'Inventory_BaseType' must be inherited from class 'ItemMegaphoneType'
21:42:05.911  WORLD        : Create entity type 'Headtorch_Black'
21:42:05.911   ENTITY    (E): Type 'Inventory_BaseType' must be inherited from class 'ClothingType'
21:42:06.405  PHYSICS   (W): While attempting to remove proxy physics for the selection 'codelock', the corresponding bone could not be found in the shape 'dz\gear\camping\largetent.p3d'
21:42:06.407  INVENTORY    : StreamLoad entity LargeTent:693
21:42:06.407   PHYSICS   (W): While attempting to remove proxy physics for the selection 'codelock', the corresponding bone could not be found in the shape 'dz\gear\camping\largetent.p3d'
21:42:06.471  PHYSICS   (W): While attempting to remove proxy physics for the selection 'codelock', the corresponding bone could not be found in the shape 'dz\gear\camping\mediumtent.p3d'
21:42:06.472  INVENTORY    : StreamLoad entity MediumTent_Orange:749
21:42:06.472   PHYSICS   (W): While attempting to remove proxy physics for the selection 'codelock', the corresponding bone could not be found in the shape 'dz\gear\camping\mediumtent.p3d'
21:42:06.640   694 items loaded. (0 failed)
21:42:06.653 [CE][Storage] ver:26 stamp:1220, valid:yes, name:"G:\SteamLibrary\steamapps\common\DayZServer\mpmissions\regular.namalsk\storage_1\data\dynamic_004.bin"
21:42:06.667 [CE][Storage] ver:26 stamp:1095, valid:yes, name:"G:\SteamLibrary\steamapps\common\DayZServer\mpmissions\regular.namalsk\storage_1\data\dynamic_004.001"
21:42:06.677 [CE][Storage] ver:26 stamp:1096, valid:yes, name:"G:\SteamLibrary\steamapps\common\DayZServer\mpmissions\regular.namalsk\storage_1\data\dynamic_004.002"
21:42:06.677 [CE][Storage] Restoring file "G:\SteamLibrary\steamapps\common\DayZServer\mpmissions\regular.namalsk\storage_1\data\dynamic_004.bin" 1459 items.
21:42:06.709  WORLD        : Create entity type 'Headtorch_Grey'
21:42:06.709   ENTITY    (E): Type 'Inventory_BaseType' must be inherited from class 'ClothingType'
21:42:07.219  PHYSICS   (W): While attempting to remove proxy physics for the selection 'codelock', the corresponding bone could not be found in the shape 'dz\gear\camping\mediumtent.p3d'
21:42:07.220  INVENTORY    : StreamLoad entity MediumTent_Orange:1395
21:42:07.220   PHYSICS   (W): While attempting to remove proxy physics for the selection 'codelock', the corresponding bone could not be found in the shape 'dz\gear\camping\mediumtent.p3d'
21:42:07.258  PHYSICS   (W): While attempting to remove proxy physics for the selection 'codelock', the corresponding bone could not be found in the shape 'dz\gear\camping\cartent.p3d'
21:42:07.258  INVENTORY    : StreamLoad entity CarTent:1436
21:42:07.258   PHYSICS   (W): While attempting to remove proxy physics for the selection 'codelock', the corresponding bone could not be found in the shape 'dz\gear\camping\cartent.p3d'
21:42:07.269  PHYSICS   (W): While attempting to remove proxy physics for the selection 'codelock', the corresponding bone could not be found in the shape 'dz\gear\camping\largetent.p3d'
21:42:07.272  INVENTORY    : StreamLoad entity LargeTent:1444
21:42:07.272   PHYSICS   (W): While attempting to remove proxy physics for the selection 'codelock', the corresponding bone could not be found in the shape 'dz\gear\camping\largetent.p3d'
21:42:07.613  PHYSICS   (W): While attempting to remove proxy physics for the selection 'codelock', the corresponding bone could not be found in the shape 'dz\gear\camping\mediumtent.p3d'
21:42:07.613  INVENTORY    : StreamLoad entity MediumTent_Orange:1773
21:42:07.613   PHYSICS   (W): While attempting to remove proxy physics for the selection 'codelock', the corresponding bone could not be found in the shape 'dz\gear\camping\mediumtent.p3d'
21:42:07.845  PHYSICS   (W): While attempting to remove proxy physics for the selection 'codelock', the corresponding bone could not be found in the shape 'dz\gear\camping\mediumtent.p3d'
21:42:07.845  INVENTORY    : StreamLoad entity MediumTent_Orange:2018
21:42:07.845   PHYSICS   (W): While attempting to remove proxy physics for the selection 'codelock', the corresponding bone could not be found in the shape 'dz\gear\camping\mediumtent.p3d'
21:42:08.25   PHYSICS   (W): While attempting to remove proxy physics for the selection 'codelock', the corresponding bone could not be found in the shape 'dz\gear\camping\largetent.p3d'
21:42:08.27   INVENTORY    : StreamLoad entity LargeTent:2217
21:42:08.27    PHYSICS   (W): While attempting to remove proxy physics for the selection 'codelock', the corresponding bone could not be found in the shape 'dz\gear\camping\largetent.p3d'
21:42:08.246   1459 items loaded. (0 failed)
21:42:08.258 [CE][Storage] ver:26 stamp:1220, valid:yes, name:"G:\SteamLibrary\steamapps\common\DayZServer\mpmissions\regular.namalsk\storage_1\data\dynamic_005.bin"
21:42:08.267 [CE][Storage] ver:26 stamp:1095, valid:yes, name:"G:\SteamLibrary\steamapps\common\DayZServer\mpmissions\regular.namalsk\storage_1\data\dynamic_005.001"
21:42:08.277 [CE][Storage] ver:26 stamp:1096, valid:yes, name:"G:\SteamLibrary\steamapps\common\DayZServer\mpmissions\regular.namalsk\storage_1\data\dynamic_005.002"
21:42:08.277 [CE][Storage] Restoring file "G:\SteamLibrary\steamapps\common\DayZServer\mpmissions\regular.namalsk\storage_1\data\dynamic_005.bin" 520 items.
21:42:08.288  PHYSICS   (W): While attempting to remove proxy physics for the selection 'codelock', the corresponding bone could not be found in the shape 'dz\gear\camping\cartent.p3d'
21:42:08.289  INVENTORY    : StreamLoad entity CarTent:2462
21:42:08.289   PHYSICS   (W): While attempting to remove proxy physics for the selection 'codelock', the corresponding bone could not be found in the shape 'dz\gear\camping\cartent.p3d'
21:42:08.850   520 items loaded. (0 failed)
21:42:08.863 [CE][Storage] ver:26 stamp:1220, valid:yes, name:"G:\SteamLibrary\steamapps\common\DayZServer\mpmissions\regular.namalsk\storage_1\data\dynamic_006.bin"
21:42:08.873 !!! [CE][Storage] Failed to read [Storage] data file "G:\SteamLibrary\steamapps\common\DayZServer\mpmissions\regular.namalsk\storage_1\data\dynamic_006.001".
21:42:08.873   File not closed...
21:42:08.873 [CE][Storage] ver:26 stamp:1221, valid:NO, name:"G:\SteamLibrary\steamapps\common\DayZServer\mpmissions\regular.namalsk\storage_1\data\dynamic_006.001"
21:42:08.885 [CE][Storage] ver:26 stamp:1096, valid:yes, name:"G:\SteamLibrary\steamapps\common\DayZServer\mpmissions\regular.namalsk\storage_1\data\dynamic_006.002"
21:42:08.885 [CE][Storage] Restoring file "G:\SteamLibrary\steamapps\common\DayZServer\mpmissions\regular.namalsk\storage_1\data\dynamic_006.bin" 1557 items.
21:42:09.148  PHYSICS   (W): While attempting to remove proxy physics for the selection 'codelock', the corresponding bone could not be found in the shape 'dz\gear\camping\largetent.p3d'
21:42:09.152  INVENTORY    : StreamLoad entity LargeTent:3278
21:42:09.152   PHYSICS   (W): While attempting to remove proxy physics for the selection 'codelock', the corresponding bone could not be found in the shape 'dz\gear\camping\largetent.p3d'
21:42:09.159  PHYSICS   (W): While attempting to remove proxy physics for the selection 'codelock', the corresponding bone could not be found in the shape 'dz\gear\camping\mediumtent.p3d'
21:42:09.160  INVENTORY    : StreamLoad entity MediumTent:3287
21:42:09.160   PHYSICS   (W): While attempting to remove proxy physics for the selection 'codelock', the corresponding bone could not be found in the shape 'dz\gear\camping\mediumtent.p3d'
21:42:09.312  PHYSICS   (W): While attempting to remove proxy physics for the selection 'codelock', the corresponding bone could not be found in the shape 'dz\gear\camping\mediumtent.p3d'
21:42:09.313  INVENTORY    : StreamLoad entity MediumTent:3444
21:42:09.313   PHYSICS   (W): While attempting to remove proxy physics for the selection 'codelock', the corresponding bone could not be found in the shape 'dz\gear\camping\mediumtent.p3d'
21:42:09.395  PHYSICS   (W): While attempting to remove proxy physics for the selection 'codelock', the corresponding bone could not be found in the shape 'dz\gear\camping\mediumtent.p3d'
21:42:09.395  INVENTORY    : StreamLoad entity MediumTent_Green:3541
21:42:09.395   PHYSICS   (W): While attempting to remove proxy physics for the selection 'codelock', the corresponding bone could not be found in the shape 'dz\gear\camping\mediumtent.p3d'
21:42:09.574  PHYSICS   (W): While attempting to remove proxy physics for the selection 'codelock', the corresponding bone could not be found in the shape 'dz\gear\camping\mediumtent.p3d'
21:42:09.575  INVENTORY    : StreamLoad entity MediumTent:3750
21:42:09.575   PHYSICS   (W): While attempting to remove proxy physics for the selection 'codelock', the corresponding bone could not be found in the shape 'dz\gear\camping\mediumtent.p3d'
21:42:09.615  PHYSICS   (W): While attempting to remove proxy physics for the selection 'codelock', the corresponding bone could not be found in the shape 'dz\gear\camping\largetent.p3d'
21:42:09.618  INVENTORY    : StreamLoad entity LargeTent:3797
21:42:09.618   PHYSICS   (W): While attempting to remove proxy physics for the selection 'codelock', the corresponding bone could not be found in the shape 'dz\gear\camping\largetent.p3d'
21:42:09.783  PHYSICS   (W): While attempting to remove proxy physics for the selection 'codelock', the corresponding bone could not be found in the shape 'dz\gear\camping\mediumtent.p3d'
21:42:09.784  INVENTORY    : StreamLoad entity MediumTent:3992
21:42:09.784   PHYSICS   (W): While attempting to remove proxy physics for the selection 'codelock', the corresponding bone could not be found in the shape 'dz\gear\camping\mediumtent.p3d'
21:42:09.815  PHYSICS   (W): While attempting to remove proxy physics for the selection 'codelock', the corresponding bone could not be found in the shape 'dz\gear\camping\mediumtent.p3d'
21:42:09.816  INVENTORY    : StreamLoad entity MediumTent_Green:4028
21:42:09.816   PHYSICS   (W): While attempting to remove proxy physics for the selection 'codelock', the corresponding bone could not be found in the shape 'dz\gear\camping\mediumtent.p3d'
21:42:09.877  PHYSICS   (W): While attempting to remove proxy physics for the selection 'codelock', the corresponding bone could not be found in the shape 'dz\gear\camping\largetent.p3d'
21:42:09.880  INVENTORY    : StreamLoad entity LargeTent:4082
21:42:09.880   PHYSICS   (W): While attempting to remove proxy physics for the selection 'codelock', the corresponding bone could not be found in the shape 'dz\gear\camping\largetent.p3d'
21:42:09.883  PHYSICS   (W): While attempting to remove proxy physics for the selection 'codelock', the corresponding bone could not be found in the shape 'dz\gear\camping\mediumtent.p3d'
21:42:09.884  INVENTORY    : StreamLoad entity MediumTent_Green:4085
21:42:09.884   PHYSICS   (W): While attempting to remove proxy physics for the selection 'codelock', the corresponding bone could not be found in the shape 'dz\gear\camping\mediumtent.p3d'
21:42:09.892  PHYSICS   (W): While attempting to remove proxy physics for the selection 'codelock', the corresponding bone could not be found in the shape 'dz\gear\camping\cartent.p3d'
21:42:09.893  INVENTORY    : StreamLoad entity CarTent:4095
21:42:09.893   PHYSICS   (W): While attempting to remove proxy physics for the selection 'codelock', the corresponding bone could not be found in the shape 'dz\gear\camping\cartent.p3d'
21:42:10.53   PHYSICS   (W): While attempting to remove proxy physics for the selection 'codelock', the corresponding bone could not be found in the shape 'dz\gear\camping\mediumtent.p3d'
21:42:10.53   INVENTORY    : StreamLoad entity MediumTent_Green:4256
21:42:10.53    PHYSICS   (W): While attempting to remove proxy physics for the selection 'codelock', the corresponding bone could not be found in the shape 'dz\gear\camping\mediumtent.p3d'
21:42:10.317  PHYSICS   (W): While attempting to remove proxy physics for the selection 'codelock', the corresponding bone could not be found in the shape 'dz\gear\camping\mediumtent.p3d'
21:42:10.317  INVENTORY    : StreamLoad entity MediumTent:4579
21:42:10.317   PHYSICS   (W): While attempting to remove proxy physics for the selection 'codelock', the corresponding bone could not be found in the shape 'dz\gear\camping\mediumtent.p3d'
21:42:10.367  PHYSICS   (W): While attempting to remove proxy physics for the selection 'codelock', the corresponding bone could not be found in the shape 'dz\gear\camping\mediumtent.p3d'
21:42:10.367  INVENTORY    : StreamLoad entity MediumTent_Green:4634
21:42:10.367   PHYSICS   (W): While attempting to remove proxy physics for the selection 'codelock', the corresponding bone could not be found in the shape 'dz\gear\camping\mediumtent.p3d'
21:42:10.383   1557 items loaded. (0 failed)
21:42:10.399 [CE][Storage] ver:26 stamp:1220, valid:yes, name:"G:\SteamLibrary\steamapps\common\DayZServer\mpmissions\regular.namalsk\storage_1\data\dynamic_007.bin"
21:42:10.411 [CE][Storage] ver:26 stamp:1221, valid:yes, name:"G:\SteamLibrary\steamapps\common\DayZServer\mpmissions\regular.namalsk\storage_1\data\dynamic_007.001"
21:42:10.421 [CE][Storage] ver:26 stamp:1096, valid:yes, name:"G:\SteamLibrary\steamapps\common\DayZServer\mpmissions\regular.namalsk\storage_1\data\dynamic_007.002"
21:42:10.421 [CE][Storage] Restoring file "G:\SteamLibrary\steamapps\common\DayZServer\mpmissions\regular.namalsk\storage_1\data\dynamic_007.001" 585 items.
21:42:10.726  PHYSICS   (W): While attempting to remove proxy physics for the selection 'codelock', the corresponding bone could not be found in the shape 'dz\gear\camping\cartent.p3d'
21:42:10.727  INVENTORY    : StreamLoad entity CarTent:4982
21:42:10.727   PHYSICS   (W): While attempting to remove proxy physics for the selection 'codelock', the corresponding bone could not be found in the shape 'dz\gear\camping\cartent.p3d'
21:42:11.62    585 items loaded. (0 failed)
21:42:11.77  [CE][Storage] ver:26 stamp:1220, valid:yes, name:"G:\SteamLibrary\steamapps\common\DayZServer\mpmissions\regular.namalsk\storage_1\data\dynamic_008.bin"
21:42:11.87  [CE][Storage] ver:26 stamp:1221, valid:yes, name:"G:\SteamLibrary\steamapps\common\DayZServer\mpmissions\regular.namalsk\storage_1\data\dynamic_008.001"
21:42:11.98  [CE][Storage] ver:26 stamp:1096, valid:yes, name:"G:\SteamLibrary\steamapps\common\DayZServer\mpmissions\regular.namalsk\storage_1\data\dynamic_008.002"
21:42:11.98  [CE][Storage] Restoring file "G:\SteamLibrary\steamapps\common\DayZServer\mpmissions\regular.namalsk\storage_1\data\dynamic_008.001" 112 items.
21:42:11.212   112 items loaded. (0 failed)
21:42:11.246 [CE][Storage] ver:26 stamp:1220, valid:yes, name:"G:\SteamLibrary\steamapps\common\DayZServer\mpmissions\regular.namalsk\storage_1\data\dynamic_009.bin"
21:42:11.275 [CE][Storage] ver:26 stamp:1221, valid:yes, name:"G:\SteamLibrary\steamapps\common\DayZServer\mpmissions\regular.namalsk\storage_1\data\dynamic_009.001"
21:42:11.283 [CE][Storage] ver:26 stamp:1096, valid:yes, name:"G:\SteamLibrary\steamapps\common\DayZServer\mpmissions\regular.namalsk\storage_1\data\dynamic_009.002"
21:42:11.283 [CE][Storage] Restoring file "G:\SteamLibrary\steamapps\common\DayZServer\mpmissions\regular.namalsk\storage_1\data\dynamic_009.001" 7 items.
21:42:11.291   7 items loaded. (0 failed)
21:42:11.307 [CE][Storage] ver:26 stamp:1220, valid:yes, name:"G:\SteamLibrary\steamapps\common\DayZServer\mpmissions\regular.namalsk\storage_1\data\dynamic_010.bin"
21:42:11.319 [CE][Storage] ver:26 stamp:1221, valid:yes, name:"G:\SteamLibrary\steamapps\common\DayZServer\mpmissions\regular.namalsk\storage_1\data\dynamic_010.001"
21:42:11.330 [CE][Storage] ver:26 stamp:1096, valid:yes, name:"G:\SteamLibrary\steamapps\common\DayZServer\mpmissions\regular.namalsk\storage_1\data\dynamic_010.002"
21:42:11.330 [CE][Storage] Restoring file "G:\SteamLibrary\steamapps\common\DayZServer\mpmissions\regular.namalsk\storage_1\data\dynamic_010.001" 14 items.
21:42:11.357   14 items loaded. (0 failed)
21:42:11.373 [CE][Storage] ver:26 stamp:1220, valid:yes, name:"G:\SteamLibrary\steamapps\common\DayZServer\mpmissions\regular.namalsk\storage_1\data\dynamic_011.bin"
21:42:11.382 [CE][Storage] ver:26 stamp:1221, valid:yes, name:"G:\SteamLibrary\steamapps\common\DayZServer\mpmissions\regular.namalsk\storage_1\data\dynamic_011.001"
21:42:11.395 [CE][Storage] ver:26 stamp:1096, valid:yes, name:"G:\SteamLibrary\steamapps\common\DayZServer\mpmissions\regular.namalsk\storage_1\data\dynamic_011.002"
21:42:11.395 [CE][Storage] Restoring file "G:\SteamLibrary\steamapps\common\DayZServer\mpmissions\regular.namalsk\storage_1\data\dynamic_011.001" 40 items.
21:42:11.461   40 items loaded. (0 failed)
21:42:11.472 [CE][Storage] ver:26 stamp:1220, valid:yes, name:"G:\SteamLibrary\steamapps\common\DayZServer\mpmissions\regular.namalsk\storage_1\data\building.bin"
21:42:11.480 [CE][Storage] ver:26 stamp:1095, valid:yes, name:"G:\SteamLibrary\steamapps\common\DayZServer\mpmissions\regular.namalsk\storage_1\data\building.001"
21:42:11.488 [CE][Storage] ver:26 stamp:1096, valid:yes, name:"G:\SteamLibrary\steamapps\common\DayZServer\mpmissions\regular.namalsk\storage_1\data\building.002"
21:42:11.488 [CE][Storage] Restoring file "G:\SteamLibrary\steamapps\common\DayZServer\mpmissions\regular.namalsk\storage_1\data\building.bin" 0 items.
21:42:11.488   0 items loaded. (0 failed)
21:42:11.502 [CE][Storage] ver:26 stamp:1220, valid:yes, name:"G:\SteamLibrary\steamapps\common\DayZServer\mpmissions\regular.namalsk\storage_1\data\vehicles.bin"
21:42:11.512 [CE][Storage] ver:26 stamp:1095, valid:yes, name:"G:\SteamLibrary\steamapps\common\DayZServer\mpmissions\regular.namalsk\storage_1\data\vehicles.001"
21:42:11.522 [CE][Storage] ver:26 stamp:1096, valid:yes, name:"G:\SteamLibrary\steamapps\common\DayZServer\mpmissions\regular.namalsk\storage_1\data\vehicles.002"
21:42:11.522 [CE][Storage] Restoring file "G:\SteamLibrary\steamapps\common\DayZServer\mpmissions\regular.namalsk\storage_1\data\vehicles.bin" 59 items.
21:42:11.633  ENTITY       : Load entity type 'Land_Garage_Row_Big'
21:42:11.633   ENTITY    (W): Door 'DoorsTwin1' is missing geometry components for selection 'DoorsTwin1', check model+config
21:42:11.633   ENTITY    (W): Door 'DoorsTwin2' is missing geometry components for selection 'DoorsTwin2', check model+config
21:42:11.633   ENTITY    (W): Door 'DoorsTwin3' is missing geometry components for selection 'DoorsTwin3', check model+config
21:42:11.633   ENTITY    (W): Door 'DoorsTwin4' is missing geometry components for selection 'DoorsTwin4', check model+config
21:42:11.692  WORLD        : Create entity type 'BaseRadio'
21:42:11.693   ENTITY    (E): Type 'Inventory_BaseType' must be inherited from class 'ItemTransmitterType'
21:42:11.744   59 items loaded. (0 failed)
21:42:11.755 [CE][Hive] :: Storage load took:6.64 seconds, recovery stamp:1221
21:42:11.755   entity: 5613, building: 0
21:42:11.755   no lifetime: 20
21:42:11.755   pathgraph's: 169
21:42:11.756 [CE][Hive] :: Initializing ... 
21:42:11.783 [CE][InitializeMap] :: initialized: 0
21:42:11.783 [CE][Hive] :: Initializing spawners ... 
21:42:11.785 [CE][LootRespawner] (PRIDummy) :: Initially (re)spawned:0, Nominal:6884, Total in Map: 5197 at 0 (sec)
21:42:11.785   tests:0, repeats:0 fails:0, overtime:0
21:42:11.788  WORLD        : Create entity type 'ZmbM_usSoldier_Officer_Desert'
21:42:11.788   MATERIAL  (E): Object dz/characters/zombies/z_hermit_m.xob - cannot load material Material_1.emat
21:42:12.168  WORLD        : Create entity type 'Animal_CapraHircusF'
21:42:12.168   ENTITY    (E): Type 'ManType' must be inherited from class 'DayZAnimalType'
21:42:12.178  WORLD        : Create entity type 'Animal_CapraHircus_Brown'
21:42:12.178   ENTITY    (E): Type 'ManType' must be inherited from class 'DayZAnimalType'
21:42:12.181  WORLD        : Create entity type 'Animal_OvisAries'
21:42:12.181   ENTITY    (E): Type 'ManType' must be inherited from class 'DayZAnimalType'
21:42:12.183  WORLD        : Create entity type 'Animal_OvisAriesF'
21:42:12.183   ENTITY    (E): Type 'ManType' must be inherited from class 'DayZAnimalType'
21:42:12.185  WORLD        : Create entity type 'Animal_RangiferTarandus'
21:42:12.185   ENTITY    (E): Type 'ManType' must be inherited from class 'DayZAnimalType'
21:42:12.189  WORLD        : Create entity type 'Animal_RangiferTarandusF'
21:42:12.189   ENTITY    (E): Type 'ManType' must be inherited from class 'DayZAnimalType'
21:42:12.193  WORLD        : Create entity type 'Animal_SusScrofa'
21:42:12.193   ENTITY    (E): Type 'ManType' must be inherited from class 'DayZAnimalType'
21:42:12.197  WORLD        : Create entity type 'Animal_CanisLupus_Grey'
21:42:12.197   ENTITY    (E): Type 'ManType' must be inherited from class 'DayZAnimalType'
21:42:12.205  WORLD        : Create entity type 'Animal_CanisLupus_White'
21:42:12.205   ENTITY    (E): Type 'ManType' must be inherited from class 'DayZAnimalType'
21:42:12.213  WORLD        : Create entity type 'Animal_UrsusArctos'
21:42:12.213   ENTITY    (E): Type 'ManType' must be inherited from class 'DayZAnimalType'
21:42:12.222  WORLD        : Create entity type 'Animal_UrsusMaritimus'
21:42:12.223   ENTITY    (E): Type 'ManType' must be inherited from class 'DayZAnimalType'
21:42:12.226 [CE][DynEvent] :: 23 types
21:42:12.226 [00] Loot
21:42:12.226   Primary Spawner: "Loot", active: yes, repeat: 2
21:42:12.226 [01] StaticMedDrop
21:42:12.226   Primary Spawner: "Static", active: yes, repeat: 1
21:42:12.226 [02] StaticLifeboat
21:42:12.226   Primary Spawner: "Static", active: yes, repeat: 1
21:42:12.226 [03] ItemWoodenPlanks
21:42:12.226   Primary Spawner: "Item", active: yes, repeat: 1
21:42:12.226 [04] TrajectoryStones
21:42:12.226   Primary Spawner: "Trajectory", active: yes, repeat: 1
21:42:12.226 [05] InfectedSanta
21:42:12.226   Primary Spawner: "Infected", active: yes, repeat: 1
21:42:12.226 [06] InfectedArmy
21:42:12.226   Primary Spawner: "Infected", active: yes, repeat: 1
21:42:12.226 [07] InfectedIndustrial
21:42:12.226   Primary Spawner: "Infected", active: yes, repeat: 1
21:42:12.226 [08] InfectedCivil
21:42:12.226   Primary Spawner: "Infected", active: yes, repeat: 1
21:42:12.226 [09] InfectedMedic
21:42:12.226   Primary Spawner: "Infected", active: yes, repeat: 1
21:42:12.226 [10] AnimalGoat
21:42:12.226   Primary Spawner: "Animal", active: yes, repeat: 1
21:42:12.226 [11] AnimalSheep
21:42:12.226   Primary Spawner: "Animal", active: yes, repeat: 1
21:42:12.226 [12] AnimalReindeer
21:42:12.226   Primary Spawner: "Animal", active: yes, repeat: 1
21:42:12.226 [13] AnimalWildBoar
21:42:12.226   Primary Spawner: "Animal", active: yes, repeat: 1
21:42:12.226 [14] AnimalWolf
21:42:12.226   Primary Spawner: "Animal", active: yes, repeat: 1
21:42:12.226 [15] AnimalBrownBear
21:42:12.226   Primary Spawner: "Animal", active: yes, repeat: 1
21:42:12.226 [16] AnimalPolarBear
21:42:12.226   Primary Spawner: "Animal", active: yes, repeat: 1
21:42:12.226 [17] AmbientFox
21:42:12.226   Primary Spawner: "Ambient", active: yes, repeat: 1
21:42:12.226 [18] AmbientHare
21:42:12.226   Primary Spawner: "Ambient", active: yes, repeat: 1
21:42:12.226 [19] VehicleRubberBoats
21:42:12.226   Primary Spawner: "Vehicle", active: yes, repeat: 1
21:42:12.226 [20] VehicleCivilianCars
21:42:12.226   Primary Spawner: "Vehicle", active: yes, repeat: 1
21:42:12.226 [21] VehicleTrucks
21:42:12.226   Primary Spawner: "Vehicle", active: yes, repeat: 1
21:42:12.226 [22] VehicleMilitary
21:42:12.226   Primary Spawner: "Vehicle", active: yes, repeat: 1
21:42:12.226 [CE][Hive] :: Initializing of spawners done.
21:42:12.228 [CE][Hive] :: Init sequence finished.
21:42:12.228 Player connect enabled
21:42:12.298 ENTITY    (W): Unknown object class 'pond' (nst\ns\water\lakewater.p3d)
21:42:12.298 ENTITY    (W): Unknown object class 'pond' (nst\ns\water\lakewater.p3d)
21:42:12.301 ENTITY    (W): Unknown object class 'pond' (nst\ns\water\lakewater.p3d)
21:42:12.301 ENTITY    (W): Unknown object class 'pond' (nst\ns\water\lakewater.p3d)
21:42:12.301 ENTITY    (W): Unknown object class 'pond' (nst\ns\water\lakewater.p3d)
21:42:12.301 ENTITY    (W): Unknown object class 'pond' (nst\ns\water\lakewater.p3d)
21:42:12.302 ENTITY    (W): Unknown object class 'pond' (nst\ns\water\lakewater.p3d)
21:42:12.302 ENTITY    (W): Unknown object class 'pond' (nst\ns\water\lakewater.p3d)
21:42:12.303 ENTITY    (W): Unknown object class 'pond' (nst\ns\water\lakewater.p3d)
21:42:12.303 ENTITY    (W): Unknown object class 'pond' (nst\ns\water\lakewater.p3d)
21:42:12.303 ENTITY    (W): Unknown object class 'pond' (nst\ns\water\lakewater.p3d)
21:42:12.304 ENTITY    (W): Unknown object class 'pond' (nst\ns\water\lakewater.p3d)
21:42:12.304 ENTITY    (W): Unknown object class 'pond' (nst\ns\water\lakewater.p3d)
21:42:12.304 ENTITY    (W): Unknown object class 'pond' (nst\ns\water\lakewater.p3d)
21:42:12.304 ENTITY    (W): Unknown object class 'pond' (nst\ns\water\lakewater.p3d)
21:42:12.310 ENTITY    (W): Unknown object class 'pond' (nst\ns\water\lakewater.p3d)
21:42:12.310 ENTITY    (W): Unknown object class 'pond' (nst\ns\water\lakewater.p3d)
21:42:12.310 ENTITY    (W): Unknown object class 'pond' (nst\ns\water\lakewater.p3d)
21:42:12.310 ENTITY    (W): Unknown object class 'pond' (nst\ns\water\lakewater.p3d)
21:42:12.740 [IdleMode] Entering IN - save processed
21:42:12.847 ENTITY    (W): Unknown object class 'pond' (dz\water_sakhal\ice_lake\sakhal_50x50_ice_lake_clear.p3d)
21:42:12.847 ENTITY    (W): Unknown object class 'pond' (dz\water_sakhal\ice_lake\sakhal_50x50_ice_lake_clear.p3d)
21:42:12.847 ENTITY    (W): Unknown object class 'pond' (dz\water_sakhal\ice_lake\sakhal_50x50_ice_lake_clear.p3d)
21:42:12.882 ENTITY    (W): Unknown object class 'pond' (dz\water_sakhal\ice_lake\sakhal_50x50_ice_lake_clear.p3d)
21:42:12.883 ENTITY    (W): Unknown object class 'pond' (dz\water_sakhal\ice_lake\sakhal_50x50_ice_lake_clear.p3d)
21:42:12.906 ENTITY    (W): Unknown object class 'pond' (nst\ns\water\lakewater.p3d)
21:42:12.906 ENTITY    (W): Unknown object class 'pond' (nst\ns\water\lakewater.p3d)
21:42:12.907 ENTITY    (W): Unknown object class 'pond' (nst\ns\water\lakewater.p3d)
21:42:12.907 ENTITY    (W): Unknown object class 'pond' (nst\ns\water\lakewater.p3d)
21:42:12.907 ENTITY    (W): Unknown object class 'pond' (nst\ns\water\lakewater.p3d)
21:42:12.907 ENTITY    (W): Unknown object class 'pond' (nst\ns\water\lakewater.p3d)
21:42:12.907 ENTITY    (W): Unknown object class 'pond' (nst\ns\water\lakewater.p3d)
21:42:12.907 ENTITY    (W): Unknown object class 'pond' (nst\ns\water\lakewater.p3d)
21:42:12.909 ENTITY    (W): Unknown object class 'pond' (nst\ns\water\lakewater.p3d)
21:42:12.909 ENTITY    (W): Unknown object class 'pond' (nst\ns\water\lakewater.p3d)
21:42:12.910 ENTITY    (W): Unknown object class 'pond' (nst\ns\water\lakewater.p3d)
21:42:12.910 ENTITY    (W): Unknown object class 'pond' (nst\ns\water\lakewater.p3d)
21:42:12.910 ENTITY    (W): Unknown object class 'pond' (nst\ns\water\lakewater.p3d)
21:42:12.935 ENTITY    (W): Unknown object class 'pond' (nst\ns\water\lakewater.p3d)
21:42:12.935 ENTITY    (W): Unknown object class 'pond' (nst\ns\water\lakewater.p3d)
21:42:12.935 ENTITY    (W): Unknown object class 'pond' (nst\ns\water\lakewater.p3d)
21:42:12.937 ENTITY    (W): Unknown object class 'pond' (nst\ns\water\lakewater.p3d)
21:42:12.946 ENTITY    (W): Unknown object class 'pond' (dz\water_sakhal\ice_lake\sakhal_50x50_ice_lake_clear.p3d)
21:42:12.947 ENTITY    (W): Unknown object class 'pond' (dz\water_sakhal\ice_lake\sakhal_50x50_ice_lake_clear.p3d)
21:42:12.947 ENTITY    (W): Unknown object class 'pond' (nst\ns\water\lakewater.p3d)
21:42:13.102 ENTITY    (W): Unknown object class 'pond' (dz\water_sakhal\ice_lake\sakhal_50x50_ice_lake_clear.p3d)
21:42:13.300 ENTITY       : Load entity type 'land_seb_near_fac7'
21:42:13.300  ENTITY    (W): Door 'doorstwin1' is missing geometry components for selection 'doorstwin1', check model+config
21:42:13.383 ENTITY       : Load entity type 'Land_City_School'
21:42:13.383  ENTITY    (W): Door 'DoorsTwin1' is missing geometry components for selection 'DoorsTwin1', check model+config
21:42:13.383  ENTITY    (W): Door 'DoorsTwin3' is missing geometry components for selection 'DoorsTwin3', check model+config
21:42:13.383  ENTITY    (W): Door 'DoorsTwin4' is missing geometry components for selection 'DoorsTwin4', check model+config
21:42:13.383  ENTITY    (W): Door 'DoorsTwin5' is missing geometry components for selection 'DoorsTwin5', check model+config
21:42:13.383  ENTITY    (W): Door 'DoorsTwin6' is missing geometry components for selection 'DoorsTwin6', check model+config
21:42:13.383  ENTITY    (W): Door 'DoorsTwin7' is missing geometry components for selection 'DoorsTwin7', check model+config
21:42:13.390  ENTITY    (W): Unknown object class 'thing' (dz\structures\proxy_buildingparts\lightningcond\lightningconductormiddle\lightningconductormiddle.p3d)
21:42:13.390  ENTITY    (W): Unknown object class 'thing' (dz\structures\proxy_buildingparts\lightningcond\lightningconductormiddle\lightningconductormiddle.p3d)
21:42:13.390  ENTITY    (W): Unknown object class 'thing' (dz\structures\proxy_buildingparts\lightningcond\lightningconductormiddle\lightningconductormiddle.p3d)
21:42:13.390  ENTITY    (W): Unknown object class 'thing' (dz\structures\proxy_buildingparts\lightningcond\lightningconductormiddle\lightningconductormiddle.p3d)
21:42:13.390  ENTITY    (W): Unknown object class 'thing' (dz\structures\proxy_buildingparts\lightningcond\lightningconductormiddle\lightningconductormiddle.p3d)
21:42:13.390  ENTITY    (W): Unknown object class 'thing' (dz\structures\proxy_buildingparts\lightningcond\lightningconductormiddle\lightningconductormiddle.p3d)
21:42:13.390  ENTITY    (W): Unknown object class 'thing' (dz\structures\proxy_buildingparts\lightningcond\lightningconductormiddle\lightningconductormiddle.p3d)
21:42:13.390  ENTITY    (W): Unknown object class 'thing' (dz\structures\proxy_buildingparts\lightningcond\lightningconductormiddle\lightningconductormiddle.p3d)
21:42:13.390  ENTITY    (W): Unknown object class 'thing' (dz\structures\proxy_buildingparts\lightningcond\lightningconductormiddle\lightningconductormiddle.p3d)
21:42:13.390  ENTITY    (W): Unknown object class 'thing' (dz\structures\proxy_buildingparts\lightningcond\lightningconductormiddle\lightningconductormiddle.p3d)
21:42:13.390  ENTITY    (W): Unknown object class 'thing' (dz\structures\proxy_buildingparts\lightningcond\lightningconductormiddle\lightningconductormiddle.p3d)
21:42:13.390  ENTITY    (W): Unknown object class 'thing' (dz\structures\proxy_buildingparts\lightningcond\lightningconductormiddle\lightningconductormiddle.p3d)
21:42:13.390  ENTITY    (W): Unknown object class 'thing' (dz\structures\proxy_buildingparts\lightningcond\lightningconductormiddle\lightningconductormiddle.p3d)
21:42:13.390  ENTITY    (W): Unknown object class 'thing' (dz\structures\proxy_buildingparts\lightningcond\lightningconductormiddle\lightningconductormiddle.p3d)
21:42:13.390  ENTITY    (W): Unknown object class 'thing' (dz\structures\proxy_buildingparts\lightningcond\lightningconductormiddle\lightningconductormiddle.p3d)
21:42:13.390  ENTITY    (W): Unknown object class 'thing' (dz\structures\proxy_buildingparts\lightningcond\lightningconductormiddle\lightningconductormiddle.p3d)
21:42:13.390  ENTITY    (W): Unknown object class 'thing' (dz\structures\proxy_buildingparts\lightningcond\lightningconductormiddle\lightningconductormiddle.p3d)
21:42:13.390  ENTITY    (W): Unknown object class 'thing' (dz\structures\proxy_buildingparts\lightningcond\lightningconductormiddle\lightningconductormiddle.p3d)
21:42:13.390  ENTITY    (W): Unknown object class 'thing' (dz\structures\proxy_buildingparts\lightningcond\lightningconductormiddle\lightningconductormiddle.p3d)
21:42:13.390  ENTITY    (W): Unknown object class 'thing' (dz\structures\proxy_buildingparts\lightningcond\lightningconductormiddle\lightningconductormiddle.p3d)
21:42:13.390  ENTITY    (W): Unknown object class 'thing' (dz\structures\proxy_buildingparts\lightningcond\lightningconductormiddle\lightningconductormiddle.p3d)
21:42:13.390  ENTITY    (W): Unknown object class 'thing' (dz\structures\proxy_buildingparts\lightningcond\lightningconductormiddle\lightningconductormiddle.p3d)
21:42:13.390  ENTITY    (W): Unknown object class 'thing' (dz\structures\proxy_buildingparts\lightningcond\lightningconductormiddle\lightningconductormiddle.p3d)
21:42:13.390  ENTITY    (W): Unknown object class 'thing' (dz\structures\proxy_buildingparts\lightningcond\lightningconductormiddle\lightningconductormiddle.p3d)
21:42:13.390  ENTITY    (W): Unknown object class 'thing' (dz\structures\proxy_buildingparts\lightningcond\lightningconductormiddle\lightningconductormiddle.p3d)
21:42:13.390  ENTITY    (W): Unknown object class 'thing' (dz\structures\proxy_buildingparts\lightningcond\lightningconductormiddle\lightningconductormiddle.p3d)
21:42:13.390  ENTITY    (W): Unknown object class 'thing' (dz\structures\proxy_buildingparts\lightningcond\lightningconductormiddle\lightningconductormiddle.p3d)
21:42:13.390  ENTITY    (W): Unknown object class 'thing' (dz\structures\proxy_buildingparts\lightningcond\lightningconductormiddle\lightningconductormiddle.p3d)
21:42:13.390  ENTITY    (W): Unknown object class 'thing' (dz\structures\proxy_buildingparts\lightningcond\lightningconductormiddle\lightningconductormiddle.p3d)
21:42:13.390  ENTITY    (W): Unknown object class 'thing' (dz\structures\proxy_buildingparts\lightningcond\lightningconductormiddle\lightningconductormiddle.p3d)
21:42:13.390  ENTITY    (W): Unknown object class 'thing' (dz\structures\proxy_buildingparts\lightningcond\lightningconductormiddle\lightningconductormiddle.p3d)
21:42:13.390  ENTITY    (W): Unknown object class 'thing' (dz\structures\proxy_buildingparts\lightningcond\lightningconductormiddle\lightningconductormiddle.p3d)
21:42:13.390  ENTITY    (W): Unknown object class 'thing' (dz\structures\proxy_buildingparts\lightningcond\lightningconductormiddle\lightningconductormiddle.p3d)
21:42:13.390  ENTITY    (W): Unknown object class 'thing' (dz\structures\proxy_buildingparts\lightningcond\lightningconductormiddle\lightningconductormiddle.p3d)
21:42:13.390  ENTITY    (W): Unknown object class 'thing' (dz\structures\proxy_buildingparts\lightningcond\lightningconductormiddle\lightningconductormiddle.p3d)
21:42:13.390  ENTITY    (W): Unknown object class 'thing' (dz\structures\proxy_buildingparts\lightningcond\lightningconductormiddle\lightningconductormiddle.p3d)
21:42:13.390  ENTITY    (W): Unknown object class 'thing' (dz\structures\proxy_buildingparts\lightningcond\lightningconductormiddle\lightningconductormiddle.p3d)
21:42:13.390  ENTITY    (W): Unknown object class 'thing' (dz\structures\proxy_buildingparts\lightningcond\lightningconductormiddle\lightningconductormiddle.p3d)
21:42:13.390  ENTITY    (W): Unknown object class 'thing' (dz\structures\proxy_buildingparts\lightningcond\lightningconductormiddle\lightningconductormiddle.p3d)
21:42:13.390  ENTITY    (W): Unknown object class 'thing' (dz\structures\proxy_buildingparts\lightningcond\lightningconductormiddle\lightningconductormiddle.p3d)
21:42:13.390  ENTITY    (W): Unknown object class 'thing' (dz\structures\proxy_buildingparts\lightningcond\lightningconductormiddle\lightningconductormiddle.p3d)
21:42:13.390  ENTITY    (W): Unknown object class 'thing' (dz\structures\proxy_buildingparts\lightningcond\lightningconductormiddle\lightningconductormiddle.p3d)
21:42:13.390  ENTITY    (W): Unknown object class 'thing' (dz\structures\proxy_buildingparts\lightningcond\lightningconductormiddle\lightningconductormiddle.p3d)
21:42:13.390  ENTITY    (W): Unknown object class 'thing' (dz\structures\proxy_buildingparts\lightningcond\lightningconductormiddle\lightningconductormiddle.p3d)
21:42:13.390  ENTITY    (W): Unknown object class 'thing' (dz\structures\proxy_buildingparts\lightningcond\lightningconductormiddle\lightningconductormiddle.p3d)
21:42:13.390  ENTITY    (W): Unknown object class 'thing' (dz\structures\proxy_buildingparts\lightningcond\lightningconductormiddle\lightningconductormiddle.p3d)
21:42:13.390  ENTITY    (W): Unknown object class 'thing' (dz\structures\proxy_buildingparts\lightningcond\lightningconductormiddle\lightningconductormiddle.p3d)
21:42:13.391  ENTITY    (W): Unknown object class 'thing' (dz\structures\proxy_buildingparts\lightningcond\lightningconductormiddle\lightningconductormiddle.p3d)
21:42:13.391  ENTITY    (W): Unknown object class 'thing' (dz\structures\proxy_buildingparts\lightningcond\lightningconductormiddle\lightningconductormiddle.p3d)
21:42:13.391  ENTITY    (W): Unknown object class 'thing' (dz\structures\proxy_buildingparts\lightningcond\lightningconductormiddle\lightningconductormiddle.p3d)
21:42:13.391  ENTITY    (W): Unknown object class 'thing' (dz\structures\proxy_buildingparts\lightningcond\lightningconductormiddle\lightningconductormiddle.p3d)
21:42:13.616 ENTITY       : Load entity type 'Land_Boathouse'
21:42:13.616  ENTITY    (W): Door 'DoorsTwin1' is missing geometry components for selection 'DoorsTwin1', check model+config
21:42:13.674 ENTITY       : Load entity type 'Land_Ruin_HouseBig1_NoIvy_Half'
21:42:13.674  ENTITY    (W): Door 'DoorsTwin1' is missing geometry components for selection 'DoorsTwin1', check model+config
21:42:13.790 ENTITY       : Load entity type 'Land_Ruin_HouseBig3_NoIvy'
21:42:13.790  ENTITY    (W): Door 'DoorsTwin1' is missing geometry components for selection 'DoorsTwin1', check model+config
21:42:13.830 ENTITY       : Load entity type 'Land_Ruin_HouseBig1_NoIvy'
21:42:13.830  ENTITY    (W): Door 'DoorsTwin1' is missing geometry components for selection 'DoorsTwin1', check model+config
21:42:13.864 ENTITY       : Load entity type 'Land_Ruin_HouseBig2_NoIvy'
21:42:13.864  ENTITY    (W): Door 'DoorsTwin1' is missing geometry components for selection 'DoorsTwin1', check model+config
21:42:13.864  ENTITY    (W): Door 'DoorsTwin2' is missing geometry components for selection 'DoorsTwin2', check model+config
21:42:13.905 ENTITY       : Load entity type 'Land_Ruin_HouseBig3_NoIvy_Half'
21:42:13.905  ENTITY    (W): Door 'DoorsTwin1' is missing geometry components for selection 'DoorsTwin1', check model+config
21:42:13.994 ENTITY    (W): Unknown object class 'pond' (dz\water_sakhal\ice_lake\sakhal_50x50_ice_lake_clear.p3d)
21:42:14.630 ENTITY    (W): Unknown object class 'pond' (dz\water_sakhal\ice_lake\sakhal_50x50_ice_lake_clear.p3d)
21:42:15.525 ENTITY       : Load entity type 'Land_Rail_Warehouse_Small'
21:42:15.525  ENTITY    (W): Door 'DoorsTwin1' is missing geometry components for selection 'DoorsTwin1', check model+config
21:42:15.525  ENTITY    (W): Door 'DoorsTwin2' is missing geometry components for selection 'DoorsTwin2', check model+config
21:42:18.778 ENTITY    (W): Unknown object class 'pond' (dz\water_sakhal\ice_lake\sakhal_50x50_ice_lake_clear.p3d)
21:42:21.215 ENTITY    (W): Unknown object class 'pond' (nst\ns\water\lakewater_still.p3d)
21:42:21.222 ENTITY    (W): Unknown object class 'pond' (nst\ns\water\lakewater_still.p3d)
21:42:33.477 ENTITY    (W): Unknown object class 'pond' (dz\water_sakhal\ice_lake\sakhal_50x50_ice_lake_clear.p3d)
21:42:37.566 ENTITY    (W): Unknown object class 'pond' (dz\water_sakhal\ice_lake\sakhal_50x50_ice_lake_clear.p3d)
21:42:38.687 ENTITY    (W): Unknown object class 'pond' (dz\water_sakhal\ice_lake\sakhal_50x50_ice_lake_clear.p3d)
21:42:38.687 ENTITY    (W): Unknown object class 'pond' (dz\water_sakhal\ice_lake\sakhal_50x50_ice_lake_clear.p3d)
21:42:39.227 ENTITY    (W): Unknown object class 'pond' (dz\water_sakhal\ice_lake\sakhal_50x50_ice_lake_clear.p3d)
21:42:41.473 ENTITY    (W): Unknown object class 'pond' (dz\water_sakhal\ice_lake\sakhal_50x50_ice_lake_clear.p3d)
21:42:48.746 ENTITY    (W): Unknown object class 'pond' (dz\water_sakhal\ice_lake\sakhal_50x50_ice_lake_clear.p3d)
21:42:52.633 ENTITY    (W): Unknown object class 'pond' (dz\water_sakhal\ice_lake\sakhal_50x50_ice_lake_clear.p3d)
21:42:56.261 ENTITY    (W): Unknown object class 'pond' (nst\ns\water\lakewater.p3d)
21:42:56.262 ENTITY    (W): Unknown object class 'pond' (nst\ns\water\lakewater.p3d)
21:42:56.262 ENTITY    (W): Unknown object class 'pond' (nst\ns\water\lakewater.p3d)
21:42:57.361 ENTITY    (W): Unknown object class 'pond' (nst\ns\water\lakewater.p3d)
21:42:57.361 ENTITY    (W): Unknown object class 'pond' (nst\ns\water\lakewater.p3d)
21:42:57.362 ENTITY    (W): Unknown object class 'pond' (nst\ns\water\lakewater.p3d)
21:42:57.362 ENTITY    (W): Unknown object class 'pond' (nst\ns\water\lakewater.p3d)
21:42:57.363 ENTITY    (W): Unknown object class 'pond' (nst\ns\water\lakewater.p3d)
21:42:57.363 ENTITY    (W): Unknown object class 'pond' (nst\ns\water\lakewater.p3d)
21:42:57.363 ENTITY    (W): Unknown object class 'pond' (nst\ns\water\lakewater.p3d)
21:42:57.363 ENTITY    (W): Unknown object class 'pond' (nst\ns\water\lakewater.p3d)
21:42:57.363 ENTITY    (W): Unknown object class 'pond' (nst\ns\water\lakewater.p3d)
21:43:01.67  ENTITY    (W): Unknown object class 'pond' (dz\water_sakhal\ice_lake\sakhal_50x50_ice_lake_clear.p3d)
21:43:06.224 ENTITY    (W): Unknown object class 'pond' (dz\water_sakhal\ice_lake\sakhal_50x50_ice_lake_clear.p3d)
21:43:06.224 ENTITY    (W): Unknown object class 'pond' (dz\water_sakhal\ice_lake\sakhal_50x50_ice_lake_clear.p3d)
21:43:07.113 ENTITY    (W): Unknown object class 'pond' (dz\water_sakhal\ice_lake\sakhal_50x50_ice_lake_clear.p3d)
21:43:08.998 ENTITY    (W): Unknown object class 'pond' (dz\water_sakhal\ice_lake\sakhal_50x50_ice_lake_clear.p3d)
21:49:31.103 [Login]: Adding player Survivor (473880222) to login queue at position 0
21:49:31.104 [LoginMachine]: Add player Survivor (473880222 192.168.0.103:52268)
21:49:31.104 [StateMachine]: Player Survivor (dpnid 473880222 uid ) Entering AuthPlayerLoginState
21:49:31.151 [StateMachine]: Player Survivor (dpnid 473880222 uid ) Entering WaitAuthPlayerLoginState
21:49:35.815 Игрок Survivor соединяется.
21:49:35.932 [StateMachine]: Player Survivor (dpnid 473880222 uid ) Entering WaitPlayerAssignedLoginState
21:49:35.932 [IdleMode] Leaving OUT
21:49:36.90  [StateMachine]: Player Survivor (dpnid 473880222 uid ) Entering PlayerAssignedLoginState
21:49:36.91  [StateMachine]: Player Survivor (dpnid 473880222 uid x_MJ2w6DZznhQeYHMWeX7_S9NuAxgYSiQqpLVIMNfrA=) Entering DBGetLoginTimeLoginState
21:49:36.133 [StateMachine]: Player Survivor (dpnid 473880222 uid x_MJ2w6DZznhQeYHMWeX7_S9NuAxgYSiQqpLVIMNfrA=) Entering DBWaitLoginTimeLoginState
21:49:51.132 [StateMachine]: Player Survivor (dpnid 473880222 uid x_MJ2w6DZznhQeYHMWeX7_S9NuAxgYSiQqpLVIMNfrA=) Entering DBGetCharacterLoginState
21:49:51.134 [StateMachine]: Player Survivor (dpnid 473880222 uid x_MJ2w6DZznhQeYHMWeX7_S9NuAxgYSiQqpLVIMNfrA=) Entering CreateNetObjectsLoginState
21:49:51.137 [StateMachine]: Player Survivor (dpnid 473880222 uid x_MJ2w6DZznhQeYHMWeX7_S9NuAxgYSiQqpLVIMNfrA=) Entering PreloadCamLoginState
21:49:51.137 [StateMachine]: Player Survivor (dpnid 473880222 uid x_MJ2w6DZznhQeYHMWeX7_S9NuAxgYSiQqpLVIMNfrA=) Entering WaitPreloadCamLoginState
21:49:57.952 ENTITY    (W): Unknown object class 'pond' (nst\ns\water\lakewater.p3d)
21:49:59.248 [CE][LootRespawner] (PRIDummy) :: Item [0] is hard to place, performance drops: "Jeans_Black"
21:49:59.248 [CE][LootRespawner] (PRIDummy) :: Item [1] is hard to place, performance drops: "Jeans_Black"
21:49:59.348 [CE][LootRespawner] (PRIDummy) :: Item [2] is hard to place, performance drops: "TShirt_Red"
21:49:59.648 [CE][LootRespawner] (PRIDummy) :: Item [3] is hard to place, performance drops: "Hoodie_Blue"
21:49:59.648 [CE][LootRespawner] (PRIDummy) :: Item [4] is hard to place, performance drops: "Hoodie_Blue"
21:50:13.81  [StateMachine]: Player Survivor (dpnid 473880222 uid x_MJ2w6DZznhQeYHMWeX7_S9NuAxgYSiQqpLVIMNfrA=) Entering GetLoadedCharLoginState
21:50:13.120 NETWORK      : Network simulation
21:50:13.121  WORLD        : Create entity type 'SurvivorF_Maria'
21:50:13.121   MATERIAL  (E): Object dz/characters/bodies/player_testing.xob - cannot load material cross_red.emat
21:50:13.224   RESOURCES (E): Failed to open object @"dz/anims/anm/player/ik/vehicles/hatchback/hatchback_Doors_Hood.anm"
21:50:13.224   RESOURCES (E): Failed to open object @"dz/anims/anm/player/ik/vehicles/v3s/hatchback_02_door_driver.anm"
21:50:13.224   RESOURCES (E): Failed to open object @"dz/anims/anm/player/ik/vehicles/v3s/hatchback_02_door_codriver.anm"
21:50:13.224   RESOURCES (E): Failed to open object @"dz/anims/anm/player/ik/vehicles/v3s/hatchback_02_door_driver.anm"
21:50:13.224   RESOURCES (E): Failed to open object @"dz/anims/anm/player/ik/vehicles/v3s/hatchback_02_door_codriver.anm"
21:50:13.224   RESOURCES (E): Failed to open object @"dz/anims/anm/player/ik/vehicles/v3s/hatchback_02_door_driver.anm"
21:50:13.224   RESOURCES (E): Failed to open object @"dz/anims/anm/player/ik/vehicles/v3s/hatchback_02_door_codriver.anm"
21:50:13.225   RESOURCES (E): Failed to open object @"dz/anims/anm/player/ik/vehicles/v3s/hatchback_02_door_driver.anm"
21:50:13.225   RESOURCES (E): Failed to open object @"dz/anims/anm/player/ik/vehicles/v3s/hatchback_02_door_codriver.anm"
21:50:13.225   RESOURCES (E): Failed to open object @"dz/anims/anm/player/ik/vehicles/hatchback/sedan_trunk.anm"
21:50:14.902   ANIMATION    : AnimSetInstance load @"{73CE583BF4026B87}SNAFU_Scripts/Animations/GCGN_M1Garand.asi"
21:50:14.902    RESOURCES (E): Failed to open object @"GCGN_Guns/Data/M1Garand/Anims/M1Garand.anm"
21:50:15.884  ENTITY       : Load entity type 'SurvivorF_Maria'
21:50:15.884   RESOURCES (E): Failed to open object @"dz/anims/anm/player/ik/vehicles/hatchback/hatchback_Doors_Hood.anm"
21:50:15.884   RESOURCES (E): Failed to open object @"dz/anims/anm/player/ik/vehicles/v3s/hatchback_02_door_driver.anm"
21:50:15.884   RESOURCES (E): Failed to open object @"dz/anims/anm/player/ik/vehicles/v3s/hatchback_02_door_codriver.anm"
21:50:15.884   RESOURCES (E): Failed to open object @"dz/anims/anm/player/ik/vehicles/v3s/hatchback_02_door_driver.anm"
21:50:15.884   RESOURCES (E): Failed to open object @"dz/anims/anm/player/ik/vehicles/v3s/hatchback_02_door_codriver.anm"
21:50:15.884   RESOURCES (E): Failed to open object @"dz/anims/anm/player/ik/vehicles/v3s/hatchback_02_door_driver.anm"
21:50:15.884   RESOURCES (E): Failed to open object @"dz/anims/anm/player/ik/vehicles/v3s/hatchback_02_door_codriver.anm"
21:50:15.884   RESOURCES (E): Failed to open object @"dz/anims/anm/player/ik/vehicles/v3s/hatchback_02_door_driver.anm"
21:50:15.884   RESOURCES (E): Failed to open object @"dz/anims/anm/player/ik/vehicles/v3s/hatchback_02_door_codriver.anm"
21:50:15.884   RESOURCES (E): Failed to open object @"dz/anims/anm/player/ik/vehicles/hatchback/sedan_trunk.anm"
21:50:15.939 Подключился игрок Survivor (id=x_MJ2w6DZznhQeYHMWeX7_S9NuAxgYSiQqpLVIMNfrA=).
21:50:15.939 Player "Survivor" (steamID=76561199587900842 pos=<6857.7, 8189.1, 7.4>) is connected
21:50:15.941 <LOAD EXISTING CHAR>:
    charID 1
    playerID 1
    dpnid 473880222
    uid x_MJ2w6DZznhQeYHMWeX7_S9NuAxgYSiQqpLVIMNfrA=
21:50:16.143 Player Survivor (473880222) kicked from server: 240 ( (Game restart required))
21:50:16.148 [Disconnect]: Client 473880222 early disconnect
21:50:16.148 [Disconnect]: Start script disconnect 473880222 (dbCharacterId 1 dbPlayerId 1) logoutTime 15
21:50:16.940 [Disconnect]: Remove player info 473880222
21:50:16.941 [Disconnect]: Player destroy 473880222 
21:50:27.844 [CE][LootRespawner] (PRIDummy) :: Item [5] is hard to place, performance drops: "ManSuit_DarkGrey"
21:50:28.444 [CE][LootRespawner] (PRIDummy) :: Item [6] is hard to place, performance drops: "GorkaEJacket_PautRev"
21:50:29.244 [CE][LootRespawner] (PRIDummy) :: Item [7] is hard to place, performance drops: "SlacksPants_DarkGrey"
21:50:29.544 [CE][LootRespawner] (PRIDummy) :: Item [8] is hard to place, performance drops: "UKAssVest_Winter"
21:50:31.149 [Disconnect]: Finish script disconnect -1 (x_MJ2w6DZznhQeYHMWeX7_S9NuAxgYSiQqpLVIMNfrA=)
21:50:54.545 [CE][LootRespawner] (PRIDummy) :: Item [9] is hard to place, performance drops: "JumpsuitJacket_Blue"
21:51:22.253 [CE][LootRespawner] (PRIDummy) :: Item [10] is hard to place, performance drops: "TShirt_Blue"
21:51:22.853 [CE][LootRespawner] (PRIDummy) :: Item [11] is hard to place, performance drops: "M65Jacket_Khaki"
21:51:23.153 [CE][LootRespawner] (PRIDummy) :: Item [12] is hard to place, performance drops: "HikingJacket_Black"
21:51:23.153 [CE][LootRespawner] (PRIDummy) :: Item [13] is hard to place, performance drops: "HikingJacket_Black"
21:51:35.165  --- Termination successfully completed --- 
