=====================================================================
== G:\SteamLibrary\steamapps\common\DayZServer\DayZServer_x64.exe
== DayZServer_x64.exe -config=serverDZ.cfg -port=2302 "-profiles=G:\SteamLibrary\steamapps\common\DayZServer\ServerProfiles" -cpuCount=4 -nosplash -noPause "-mod=@CF;@Dabs Framework;@[CnG]UAZ_452;@[CnG]UAZ_31514;@[CnG]VAZ_2109;@[CrSk] BMW 525i E34;@[CrSk] VAZ-2107;@[Remastered] Arma Weapon Pack;@Armored Vehicle Pack;@AutoCarFlip;@BaseBuildingPlus;@Basic Map;@BMW E38 [FREE];@BMW X5 2000;@BMW_M5_CS;@ChernarusRP AE86;@Code Lock;@DayZ Horse;@DayZ-Expansion;@DayZ-Expansion-BaseBuilding;@DayZ-Expansion-Core;@DayZ-Expansion-Licensed;@Dayz-Expansion-Vehicles;@Expansion Ka52;@GAZ 66 SHISHIGA;@GAZ_Tigr_FIXED;@Gerphelius_CarXFence;@Honda_NSX;@JosiesHiluxZ;@M110;@MBM_ApocalypseTruck;@MBM_GoKart;@MBM_UnderglowLights;@Mercedes-Benz AMG G63 W463;@MMG - Mightys Military Gear;@My Delta Force Weapons;@Namalsk Island;@Namalsk Survival;@Nissan GTR 2015 - FREE TO USE;@RUSForma_vehicles;@SNAFU Weapons;@SR_WeaponsPack;@Survivor Animations;@Syndicate Breaching Charge;@Tactical Flava;@The Complete Ghillie Pack;@Toyota_GT86_RB;@Unknown Ghillie Mod;@VAZ 2107 Yandex Dfift;@VPPAdminTools;@VPPAdminTools Ru Translate;@WindstridesClothingPack;@Zens Core Mod;@Zens Sleeping Mod"
=====================================================================
Exe timestamp: 2026/08/15 12:57:52
Current time:  2026/08/16 21:54:07
Version 1.29.163709
=====================================================================

21:54:07.500 ENGINE    (W): Process affinity forced to f
21:54:41.791 ENGINE    (W): No module info used, trying to identify -> 0x9DB40000
21:54:41.792 ENGINE    (W): Adjusting job system settings to have at least one job worker thread.
21:54:42.98  [Inputs] Loading inputs default "bin/constants.xml"
21:54:42.103 [Inputs] Loading inputs default "bin/specific.xml"
21:54:42.105 [Inputs] Loading inputs default "BBP_keybind/data/modded_Inputs.xml"
21:54:42.106 [Inputs] Loading inputs default "HB_FlipVehicle/Inputs/inputs.xml"
21:54:42.108 [Inputs] Loading inputs default "My_DF_Weapons_Scripts/Inputs.xml"
21:54:42.109 [Inputs] Loading inputs default "nst/ns_dayz/scripts/Data/Inputs.xml"
21:54:42.110 [Inputs] Loading inputs default "script_a/Inputs.xml"
21:54:42.111 [Inputs] Loading inputs default "VPPAdminTools/data/modded_Inputs.xml"
21:54:42.113 [Inputs] Loading inputs default "WindstrideClothing/Inputs.xml"
21:54:42.115 [Inputs] Loading inputs default "BasicMap/data/Inputs.xml"
21:54:42.116 [Inputs] Loading inputs default "MBM_UnderglowLights/gui/inputs.xml"
21:54:42.116 [Inputs] Loading inputs default "DayZExpansion/PlayerList/Scripts/Data/Inputs.xml"
21:54:42.118 [Inputs] Loading inputs default "DayZExpansion/Scripts/Data/Inputs.xml"
21:54:42.119 [Inputs] Loading inputs default "DayZExpansion/Vehicles/Scripts/Data/Inputs.xml"
21:54:42.121 [Inputs] Loading inputs default "Dayz_Horse/Data/Inputs.xml"
21:54:42.122 [Inputs] Loading inputs default "DayZExpansion/BaseBuilding/Scripts/Data/Inputs.xml"
21:54:42.124 [Inputs] Loading inputs cfg "G:\SteamLibrary\steamapps\common\DayZServer\ServerProfiles\Users\Survivor\Server.core.xml"
21:54:42.132 [Inputs] Exporting inputs cfg "G:\SteamLibrary\steamapps\common\DayZServer\ServerProfiles\Users\Survivor\Server.core.xml"
21:54:42.380 SCRIPT    (W): @"BaseBuildingPlus/scripts/3_Game/bbpconfig.c,143": FIX-ME: Unexpected statement 'ref'
21:54:42.444 SCRIPT    (W): @"CodeLock/scripts/3_game/dayzgame.c,13": FIX-ME: Method argument can't be strong reference
21:54:42.540 SCRIPT    (W): @"BasicMap/scripts/3_Game/basicmapcontroller.c,93": FIX-ME: Method argument can't be strong reference
21:54:42.540 SCRIPT    (W): @"BasicMap/scripts/3_Game/basicmapcontroller.c,93": FIX-ME: Method argument can't be strong reference
21:54:42.540 SCRIPT    (W): @"BasicMap/scripts/3_Game/basicmapcontroller.c,93": FIX-ME: Method argument can't be strong reference
21:54:42.540 SCRIPT    (W): @"BasicMap/scripts/3_Game/basicmapcontroller.c,132": FIX-ME: Method argument can't be strong reference
21:54:42.540 SCRIPT    (W): @"BasicMap/scripts/3_Game/basicmapcontroller.c,132": FIX-ME: Method argument can't be strong reference
21:54:42.540 SCRIPT    (W): @"BasicMap/scripts/3_Game/basicmapcontroller.c,132": FIX-ME: Method argument can't be strong reference
21:54:42.540 SCRIPT    (W): @"BasicMap/scripts/3_Game/basicmapcontroller.c,305": FIX-ME: Method argument can't be strong reference
21:54:42.540 SCRIPT    (W): @"BasicMap/scripts/3_Game/basicmapcontroller.c,447": FIX-ME: Method argument can't be strong reference
21:54:42.540 SCRIPT    (W): @"BasicMap/scripts/3_Game/basicmapcontroller.c,453": FIX-ME: Method argument can't be strong reference
21:54:42.545 SCRIPT    (W): @"BasicMap/scripts/3_Game/gui\basicmapmenu.c,556": FIX-ME: Overriding function 'LockControls' but not marked as 'override'
21:54:49.01  ANIMATION (E): Can't load @Zens Sleeping Mod/Anims/cfg/skeletons.anim.xml
21:54:49.01  ANIMATION (E): Failed to open file, line 0, column 0
21:54:49.01  ANIMATION (E): Can't load @Zens Core Mod/Anims/cfg/skeletons.anim.xml
21:54:49.01  ANIMATION (E): Failed to open file, line 0, column 0
21:54:49.01  ANIMATION (E): Can't load @WindstridesClothingPack/Anims/cfg/skeletons.anim.xml
21:54:49.01  ANIMATION (E): Failed to open file, line 0, column 0
21:54:49.01  ANIMATION (E): Can't load @VPPAdminTools Ru Translate/Anims/cfg/skeletons.anim.xml
21:54:49.01  ANIMATION (E): Failed to open file, line 0, column 0
21:54:49.01  ANIMATION (E): Can't load @VPPAdminTools/Anims/cfg/skeletons.anim.xml
21:54:49.01  ANIMATION (E): Failed to open file, line 0, column 0
21:54:49.02  ANIMATION (E): Can't load @VAZ 2107 Yandex Dfift/Anims/cfg/skeletons.anim.xml
21:54:49.02  ANIMATION (E): Failed to open file, line 0, column 0
21:54:49.02  ANIMATION (E): Can't load @Unknown Ghillie Mod/Anims/cfg/skeletons.anim.xml
21:54:49.02  ANIMATION (E): Failed to open file, line 0, column 0
21:54:49.02  ANIMATION (E): Can't load @Toyota_GT86_RB/Anims/cfg/skeletons.anim.xml
21:54:49.02  ANIMATION (E): Failed to open file, line 0, column 0
21:54:49.02  ANIMATION (E): Can't load @The Complete Ghillie Pack/Anims/cfg/skeletons.anim.xml
21:54:49.02  ANIMATION (E): Failed to open file, line 0, column 0
21:54:49.02  ANIMATION (E): Can't load @Tactical Flava/Anims/cfg/skeletons.anim.xml
21:54:49.02  ANIMATION (E): Failed to open file, line 0, column 0
21:54:49.02  ANIMATION (E): Can't load @Syndicate Breaching Charge/Anims/cfg/skeletons.anim.xml
21:54:49.02  ANIMATION (E): Failed to open file, line 0, column 0
21:54:49.02  ANIMATION (E): Can't load @Survivor Animations/Anims/cfg/skeletons.anim.xml
21:54:49.02  ANIMATION (E): Failed to open file, line 0, column 0
21:54:49.02  ANIMATION (E): Can't load @SR_WeaponsPack/Anims/cfg/skeletons.anim.xml
21:54:49.02  ANIMATION (E): Failed to open file, line 0, column 0
21:54:49.02  ANIMATION (E): Can't load @SNAFU Weapons/Anims/cfg/skeletons.anim.xml
21:54:49.02  ANIMATION (E): Failed to open file, line 0, column 0
21:54:49.02  ANIMATION (E): Can't load @RUSForma_vehicles/Anims/cfg/skeletons.anim.xml
21:54:49.02  ANIMATION (E): Failed to open file, line 0, column 0
21:54:49.02  ANIMATION (E): Can't load @Nissan GTR 2015 - FREE TO USE/Anims/cfg/skeletons.anim.xml
21:54:49.02  ANIMATION (E): Failed to open file, line 0, column 0
21:54:49.02  ANIMATION (E): Can't load @Namalsk Survival/Anims/cfg/skeletons.anim.xml
21:54:49.02  ANIMATION (E): Failed to open file, line 0, column 0
21:54:49.02  ANIMATION (E): Can't load @Namalsk Island/Anims/cfg/skeletons.anim.xml
21:54:49.02  ANIMATION (E): Failed to open file, line 0, column 0
21:54:49.02  ANIMATION (E): Can't load @My Delta Force Weapons/Anims/cfg/skeletons.anim.xml
21:54:49.02  ANIMATION (E): Failed to open file, line 0, column 0
21:54:49.02  ANIMATION (E): Can't load @MMG - Mightys Military Gear/Anims/cfg/skeletons.anim.xml
21:54:49.02  ANIMATION (E): Failed to open file, line 0, column 0
21:54:49.02  ANIMATION (E): Can't load @Mercedes-Benz AMG G63 W463/Anims/cfg/skeletons.anim.xml
21:54:49.02  ANIMATION (E): Failed to open file, line 0, column 0
21:54:49.02  ANIMATION (E): Can't load @MBM_UnderglowLights/Anims/cfg/skeletons.anim.xml
21:54:49.02  ANIMATION (E): Failed to open file, line 0, column 0
21:54:49.02  ANIMATION (E): Can't load @MBM_GoKart/Anims/cfg/skeletons.anim.xml
21:54:49.02  ANIMATION (E): Failed to open file, line 0, column 0
21:54:49.02  ANIMATION (E): Can't load @MBM_ApocalypseTruck/Anims/cfg/skeletons.anim.xml
21:54:49.02  ANIMATION (E): Failed to open file, line 0, column 0
21:54:49.03  ANIMATION (E): Can't load @M110/Anims/cfg/skeletons.anim.xml
21:54:49.03  ANIMATION (E): Failed to open file, line 0, column 0
21:54:49.03  ANIMATION (E): Can't load @JosiesHiluxZ/Anims/cfg/skeletons.anim.xml
21:54:49.03  ANIMATION (E): Failed to open file, line 0, column 0
21:54:49.03  ANIMATION (E): Can't load @Honda_NSX/Anims/cfg/skeletons.anim.xml
21:54:49.03  ANIMATION (E): Failed to open file, line 0, column 0
21:54:49.03  ANIMATION (E): Can't load @Gerphelius_CarXFence/Anims/cfg/skeletons.anim.xml
21:54:49.03  ANIMATION (E): Failed to open file, line 0, column 0
21:54:49.03  ANIMATION (E): Can't load @GAZ_Tigr_FIXED/Anims/cfg/skeletons.anim.xml
21:54:49.03  ANIMATION (E): Failed to open file, line 0, column 0
21:54:49.03  ANIMATION (E): Can't load @GAZ 66 SHISHIGA/Anims/cfg/skeletons.anim.xml
21:54:49.03  ANIMATION (E): Failed to open file, line 0, column 0
21:54:49.03  ANIMATION (E): Can't load @Expansion Ka52/Anims/cfg/skeletons.anim.xml
21:54:49.03  ANIMATION (E): Failed to open file, line 0, column 0
21:54:49.03  ANIMATION (E): Can't load @Dayz-Expansion-Vehicles/Anims/cfg/skeletons.anim.xml
21:54:49.03  ANIMATION (E): Failed to open file, line 0, column 0
21:54:49.03  ANIMATION (E): Can't load @DayZ-Expansion-Licensed/Anims/cfg/skeletons.anim.xml
21:54:49.03  ANIMATION (E): Failed to open file, line 0, column 0
21:54:49.03  ANIMATION (E): Can't load @DayZ-Expansion-Core/Anims/cfg/skeletons.anim.xml
21:54:49.03  ANIMATION (E): Failed to open file, line 0, column 0
21:54:49.03  ANIMATION (E): Can't load @DayZ-Expansion-BaseBuilding/Anims/cfg/skeletons.anim.xml
21:54:49.03  ANIMATION (E): Failed to open file, line 0, column 0
21:54:49.03  ANIMATION (E): Can't load @DayZ-Expansion/Anims/cfg/skeletons.anim.xml
21:54:49.03  ANIMATION (E): Failed to open file, line 0, column 0
21:54:49.42  ANIMATION (E): Can't load @Code Lock/Anims/cfg/skeletons.anim.xml
21:54:49.42  ANIMATION (E): Failed to open file, line 0, column 0
21:54:49.42  ANIMATION (E): Can't load @ChernarusRP AE86/Anims/cfg/skeletons.anim.xml
21:54:49.42  ANIMATION (E): Failed to open file, line 0, column 0
21:54:49.42  ANIMATION (E): Can't load @BMW_M5_CS/Anims/cfg/skeletons.anim.xml
21:54:49.42  ANIMATION (E): Failed to open file, line 0, column 0
21:54:49.42  ANIMATION (E): Can't load @BMW X5 2000/Anims/cfg/skeletons.anim.xml
21:54:49.42  ANIMATION (E): Failed to open file, line 0, column 0
21:54:49.42  ANIMATION (E): Can't load @BMW E38 [FREE]/Anims/cfg/skeletons.anim.xml
21:54:49.42  ANIMATION (E): Failed to open file, line 0, column 0
21:54:49.42  ANIMATION (E): Can't load @Basic Map/Anims/cfg/skeletons.anim.xml
21:54:49.42  ANIMATION (E): Failed to open file, line 0, column 0
21:54:49.42  ANIMATION (E): Can't load @BaseBuildingPlus/Anims/cfg/skeletons.anim.xml
21:54:49.42  ANIMATION (E): Failed to open file, line 0, column 0
21:54:49.42  ANIMATION (E): Can't load @AutoCarFlip/Anims/cfg/skeletons.anim.xml
21:54:49.42  ANIMATION (E): Failed to open file, line 0, column 0
21:54:49.42  ANIMATION (E): Can't load @Armored Vehicle Pack/Anims/cfg/skeletons.anim.xml
21:54:49.42  ANIMATION (E): Failed to open file, line 0, column 0
21:54:49.42  ANIMATION (E): Can't load @[Remastered] Arma Weapon Pack/Anims/cfg/skeletons.anim.xml
21:54:49.42  ANIMATION (E): Failed to open file, line 0, column 0
21:54:49.42  ANIMATION (E): Can't load @[CrSk] VAZ-2107/Anims/cfg/skeletons.anim.xml
21:54:49.42  ANIMATION (E): Failed to open file, line 0, column 0
21:54:49.42  ANIMATION (E): Can't load @[CrSk] BMW 525i E34/Anims/cfg/skeletons.anim.xml
21:54:49.42  ANIMATION (E): Failed to open file, line 0, column 0
21:54:49.42  ANIMATION (E): Can't load @[CnG]VAZ_2109/Anims/cfg/skeletons.anim.xml
21:54:49.42  ANIMATION (E): Failed to open file, line 0, column 0
21:54:49.42  ANIMATION (E): Can't load @[CnG]UAZ_31514/Anims/cfg/skeletons.anim.xml
21:54:49.42  ANIMATION (E): Failed to open file, line 0, column 0
21:54:49.42  ANIMATION (E): Can't load @[CnG]UAZ_452/Anims/cfg/skeletons.anim.xml
21:54:49.42  ANIMATION (E): Failed to open file, line 0, column 0
21:54:49.43  ANIMATION (E): Can't load @Dabs Framework/Anims/cfg/skeletons.anim.xml
21:54:49.43  ANIMATION (E): Failed to open file, line 0, column 0
21:54:49.43  ANIMATION (E): Can't load @CF/Anims/cfg/skeletons.anim.xml
21:54:49.43  ANIMATION (E): Failed to open file, line 0, column 0
21:54:49.43  ANIMATION (E): Can't load sakhal/Anims/cfg/skeletons.anim.xml
21:54:49.43  ANIMATION (E): Failed to open file, line 0, column 0
21:54:52.291 SCRIPT    (W): @"HB_FlipVehicle/Scripts/4_World/classes\registeractions.c,28": Missing ';' at the end of line
21:54:52.324 SCRIPT    (W): @"script_a/Scripts/4_World/entities\creatures\infected\zombiebase.c,280": FIX-ME: Unmatched brackets detected!
21:54:52.327 SCRIPT    (W): @"script_a/Scripts/4_World/bipod\megagovno.c,5": FIX-ME: Missing function scope
21:54:52.327 SCRIPT    (W): @"script_a/Scripts/4_World/bipod\megagovno.c,13": FIX-ME: Missing function scope
21:54:52.327 SCRIPT    (W): @"script_a/Scripts/4_World/bipod\megagovno.c,15": FIX-ME: Missing function scope
21:54:52.327 SCRIPT    (W): @"script_a/Scripts/4_World/bipod\megagovno.c,17": FIX-ME: Missing function scope
21:54:52.327 SCRIPT    (W): @"script_a/Scripts/4_World/bipod\megagovno.c,46": FIX-ME: Missing function scope
21:54:52.327 SCRIPT    (W): @"script_a/Scripts/4_World/bipod\megagovno.c,54": FIX-ME: Missing function scope
21:54:52.327 SCRIPT    (W): @"script_a/Scripts/4_World/bipod\megagovno.c,56": FIX-ME: Missing function scope
21:54:52.327 SCRIPT    (W): @"script_a/Scripts/4_World/bipod\megagovno.c,58": FIX-ME: Missing function scope
21:54:52.327 SCRIPT    (W): @"script_a/Scripts/4_World/bipod\megagovno.c,99": FIX-ME: Missing function scope
21:54:52.328 SCRIPT    (W): @"script_a/Scripts/4_World/classes\useractionscomponent\actions\singleuse\action.c,16": FIX-ME: Missing function scope
21:54:52.328 SCRIPT    (W): @"script_a/Scripts/4_World/classes\useractionscomponent\actions\singleuse\action.c,74": FIX-ME: Missing function scope
21:54:52.329 SCRIPT    (W): @"script_a/Scripts/4_World/classes\useractionscomponent\actions\singleuse\action.c,131": FIX-ME: Missing function scope
21:54:52.834 SCRIPT    (W): @"script_a/Scripts/4_World/entities\itembase\weapon\weapon_base.c,3": FIX-ME: Overriding function 'IsBipodDeployed' but not marked as 'override'
21:54:52.849 SCRIPT    (W): @"CodeLock/scripts/4_world/entities\codelock.c,308": FIX-ME: Method argument can't be strong reference
21:54:52.871 SCRIPT    (W): @"kamaz_4310RUS\scripts\4_World/carscript_kamaz_4310rus_cabinmanipulte.c,8": FIX-ME: Overriding function 'IsCabinCanManipulate' but not marked as 'override'
21:54:52.871 SCRIPT    (W): @"kamaz_4310RUS\scripts\4_World/carscript_kamaz_4310rus_cabinmanipulte.c,13": FIX-ME: Overriding function 'GetCabinAnimationSource' but not marked as 'override'
21:54:52.871 SCRIPT    (W): @"kamaz_4310RUS\scripts\4_World/carscript_kamaz_4310rus_cabinmanipulte.c,18": FIX-ME: Overriding function 'IsCabinRised' but not marked as 'override'
21:54:52.871 SCRIPT    (W): @"kamaz_4310RUS\scripts\4_World/carscript_kamaz_4310rus_cabinmanipulte.c,23": FIX-ME: Overriding function 'IsPassengersInCabin' but not marked as 'override'
21:54:52.872 SCRIPT    (W): @"tractor_UMZ_RUS\scripts\4_World/carscript.c,4": FIX-ME: Overriding function 'HandleDoorsSound' but not marked as 'override'
21:54:52.976 SCRIPT    (W): @"script_a/Scripts/4_World/weapons\m14_dmr.c,151": FIX-ME: Overriding function 'AssembleGun' but not marked as 'override'
21:54:52.997 SCRIPT    (W): @"kamaz_4310RUS\scripts\4_World/static\miscgameplayfunctions.c,6": FIX-ME: Overriding function 'IsInsideCar' but not marked as 'override'
21:54:53.112 SCRIPT    (W): @"Jeep_Wnagler/scripts/Jeep_Wnagler/jeep_wnagler.c,171": FIX-ME: Overriding function 'GetDoorConditionPointFromSelection' but not marked as 'override'
21:54:53.123 SCRIPT    (W): @"SR_Weapons_Scripts/scripts/4_world/weapons\rsass.c,30": FIX-ME: Overriding function 'EEItemDetached' but not marked as 'override'
21:54:53.139 SCRIPT    (W): @"SR_Weapons_Scripts/scripts/4_world/weapons\scar_l.c,26": FIX-ME: Overriding function 'EEItemDetached' but not marked as 'override'
21:54:53.212 SCRIPT    (W): @"CodeLock/scripts/4_world/pluginmanager\pluginbase\permissions\codelockpermissionmanager.c,46": FIX-ME: Method argument can't be strong reference
21:54:53.229 SCRIPT    (W): @"script_a/Scripts/4_World/classes\useractionscomponent\actions\singleuse\action.c,180": Possible variable name conflict 'second_item_health'
21:54:53.234 SCRIPT    (W): @"SR_Weapons_Scripts/scripts/4_world/weapons\scar_h.c,26": FIX-ME: Overriding function 'EEItemDetached' but not marked as 'override'
21:54:53.236 SCRIPT    (W): @"script_a/Scripts/4_World/weapons\anzio20.c,321": FIX-ME: Overriding function 'AssembleGun' but not marked as 'override'
21:54:53.255 SCRIPT    (W): @"LAPV_tan/scripts/LAPV_tan/lapv_tan.c,270": FIX-ME: Overriding function 'GetDoorConditionPointFromSelection' but not marked as 'override'
21:54:53.289 SCRIPT    (W): @"script_a/Scripts/4_World/weapons\ak105_bullpup.c,48": FIX-ME: Overriding function 'AssembleGun' but not marked as 'override'
21:54:53.307 SCRIPT    (W): @"script_a/Scripts/4_World/weapons\m249.c,27": FIX-ME: Overriding function 'AssembleGun' but not marked as 'override'
21:54:53.311 SCRIPT    (W): @"script_a/Scripts/4_World/bipod\bipod_base.c,112": FIX-ME: Overriding function 'IsBipodInUse' but not marked as 'override'
21:54:53.316 SCRIPT    (W): @"script_a/Scripts/4_World/weapons\pkm.c,105": FIX-ME: Overriding function 'AssembleGun' but not marked as 'override'
21:54:53.380 SCRIPT    (W): @"script_a/Scripts/4_World/weapons\m14_dmr.c,86": FIX-ME: Overriding function 'AssembleGun' but not marked as 'override'
21:54:53.393 SCRIPT    (W): @"BaseBuildingPlus/scripts/4_World/basebuildingplusui\entites\manbase\playerbase.c,16": FIX-ME: Overriding function 'ToggleBookReading' but not marked as 'override'
21:54:53.393 SCRIPT    (W): @"BaseBuildingPlus/scripts/4_World/basebuildingplusui\entites\manbase\playerbase.c,20": FIX-ME: Overriding function 'IsReadingBook' but not marked as 'override'
21:54:53.426 SCRIPT    (W): @"Glowler_ITV/scripts/Glowler_ITV/glowler_itv.c,162": FIX-ME: Overriding function 'GetDoorConditionPointFromSelection' but not marked as 'override'
21:54:53.467 SCRIPT    (W): @"script_a/Scripts/4_World/weapons\pkm.c,252": FIX-ME: Overriding function 'AssembleGun' but not marked as 'override'
21:54:53.520 SCRIPT    (W): @"MRAP_Cougar/scripts/MRAP_Cougar/mrap_cougar.c,235": FIX-ME: Overriding function 'GetDoorConditionPointFromSelection' but not marked as 'override'
21:54:53.532 SCRIPT    (W): @"CodeLock/scripts/4_world/gui\setcodemenu.c,31": FIX-ME: Overriding function 'CheckState' but not marked as 'override'
21:54:53.547 SCRIPT    (W): @"LAPV_camo/scripts/LAPV_camo/lapv_camo.c,270": FIX-ME: Overriding function 'GetDoorConditionPointFromSelection' but not marked as 'override'
21:54:53.561 SCRIPT    (W): @"script_a/Scripts/4_World/entities\itembase\tf_burningshard.c,115": FIX-ME: Overriding function 'IsTakeable' but not marked as 'override'
21:54:53.562 SCRIPT    (W): @"script_a/Scripts/4_World/entities\itembase\tf_burningshard.c,120": FIX-ME: Overriding function 'CanHaveTemperature' but not marked as 'override'
21:54:53.598 SCRIPT    (W): @"WindstrideClothing/scripts/4_World/namalsk\frostbite.c,4": FIX-ME: Overriding function 'CheckSlotOfInterest' but not marked as 'override'
21:54:53.609 SCRIPT    (W): @"LAPV_green/scripts/LAPV_green/lapv_green.c,270": FIX-ME: Overriding function 'GetDoorConditionPointFromSelection' but not marked as 'override'
21:54:53.620 SCRIPT    (W): @"script_a/Scripts/4_World/bipod\bipod_base.c,102": FIX-ME: Overriding function 'IsBipodInUse' but not marked as 'override'
21:54:53.650 SCRIPT    (W): @"x5_2000\scripts\x5_2000/x5_2000.c,7": FIX-ME: Overriding function 'DashboardShineOn' but not marked as 'override'
21:54:53.650 SCRIPT    (W): @"x5_2000\scripts\x5_2000/x5_2000.c,31": FIX-ME: Overriding function 'DashboardShineOff' but not marked as 'override'
21:54:53.654 SCRIPT    (W): @"CodeLock/scripts/4_world/gui\guestcodemenu.c,29": FIX-ME: Overriding function 'SendRPC' but not marked as 'override'
21:54:53.664 SCRIPT    (W): @"script_a/Scripts/4_World/weapons\m240.c,27": FIX-ME: Overriding function 'AssembleGun' but not marked as 'override'
21:54:53.678 SCRIPT    (W): @"script_a/Scripts/4_World/bipod\bipod_base.c,93": FIX-ME: Overriding function 'IsBipodInUse' but not marked as 'override'
21:54:53.752 SCRIPT    (W): @"script_a/Scripts/4_World/bipod\bipod_base.c,84": FIX-ME: Overriding function 'IsBipodInUse' but not marked as 'override'
21:54:53.768 SCRIPT    (W): @"CodeLock/scripts/4_world/gui\claimcodemenu.c,27": FIX-ME: Overriding function 'SendRPC' but not marked as 'override'
21:54:53.785 SCRIPT    (W): @"LAPV/scripts/LAPV/lapv.c,270": FIX-ME: Overriding function 'GetDoorConditionPointFromSelection' but not marked as 'override'
21:54:53.801 SCRIPT    (W): @"CodeLock/scripts/4_world/gui\entercodemenu.c,37": FIX-ME: Overriding function 'SendRPC' but not marked as 'override'
21:54:56.943 SCRIPT    (W): @"CodeLock/scripts/4_world/actions\continuous\actiondestroycodelockontent.c,73": Possible variable name conflict '_Health'
21:54:57.05  SCRIPT    (W): @"CodeLock/scripts/4_world/actions\continuous\actiondestroycodelockonfence.c,67": Possible variable name conflict '_Health'
21:55:02.453 SCRIPT    (W): @"MBM_Apocalypse_Truck\scripts\4_World/entities\vehicle\apocalypsetruck.c,262": 'GetController' is obsolete: Use methods directly on Car
21:55:11.227 SCRIPT    (W): @"Dayz_Horse/Scripts/4_World/dayzplayerimplement.c,180": No need to use 'Cast' for up-casting
21:55:14.390 WORLD        : Create entity type 'headphones_base'
21:55:14.390  WORLD        : Create entity type 'PersonalRadio'
21:55:14.390   ENTITY    (E): Type 'Inventory_BaseType' must be inherited from class 'ItemTransmitterType'
21:55:18.146 PreloadAnimationSets
21:55:18.146  ANIMATION    : AnimSetInstance load @"{0F5E6205A5E823C3}dz/anims/workspaces/player/player_main/player_main.asi"
21:55:18.146   RESOURCES (E): Failed to open object @"SurvivorAnimsExtras/animations/extras/p_cro_CustomAction_01_in.anm"
21:55:18.146   RESOURCES (E): Failed to open object @"SurvivorAnimsExtras/animations/extras/p_cro_CustomAction_01_loop.anm"
21:55:18.146   RESOURCES (E): Failed to open object @"SurvivorAnimsExtras/animations/extras/p_cro_CustomAction_01_out.anm"
21:55:18.146   RESOURCES (E): Failed to open object @"SurvivorAnimsExtras/animations/extras/p_erc_CustomAction_01_in.anm"
21:55:18.146   RESOURCES (E): Failed to open object @"SurvivorAnimsExtras/animations/extras/p_erc_CustomAction_01_loop.anm"
21:55:18.146   RESOURCES (E): Failed to open object @"SurvivorAnimsExtras/animations/extras/p_erc_CustomAction_01_out.anm"
21:55:18.146   RESOURCES (E): Failed to open object @"SurvivorAnimsExtras/animations/extras/p_cro_CustomAction_02_in.anm"
21:55:18.146   RESOURCES (E): Failed to open object @"SurvivorAnimsExtras/animations/extras/p_cro_CustomAction_02_loop.anm"
21:55:18.146   RESOURCES (E): Failed to open object @"SurvivorAnimsExtras/animations/extras/p_cro_CustomAction_02_out.anm"
21:55:18.146   RESOURCES (E): Failed to open object @"SurvivorAnimsExtras/animations/extras/p_erc_CustomAction_02_in.anm"
21:55:18.146   RESOURCES (E): Failed to open object @"SurvivorAnimsExtras/animations/extras/p_erc_CustomAction_02_loop.anm"
21:55:18.146   RESOURCES (E): Failed to open object @"SurvivorAnimsExtras/animations/extras/p_erc_CustomAction_02_out.anm"
21:55:18.146   RESOURCES (E): Failed to open object @"SurvivorAnimsExtras/animations/extras/p_cro_FB_CustomAction_01_in.anm"
21:55:18.146   RESOURCES (E): Failed to open object @"SurvivorAnimsExtras/animations/extras/p_cro_FB_CustomAction_01_loop.anm"
21:55:18.146   RESOURCES (E): Failed to open object @"SurvivorAnimsExtras/animations/extras/p_cro_FB_CustomAction_01_out.anm"
21:55:18.146   RESOURCES (E): Failed to open object @"SurvivorAnimsExtras/animations/extras/p_erc_FB_CustomAction_01_in.anm"
21:55:18.146   RESOURCES (E): Failed to open object @"SurvivorAnimsExtras/animations/extras/p_erc_FB_CustomAction_01_loop.anm"
21:55:18.146   RESOURCES (E): Failed to open object @"SurvivorAnimsExtras/animations/extras/p_erc_FB_CustomAction_01_out.anm"
21:55:18.146   RESOURCES (E): Failed to open object @"SurvivorAnimsExtras/animations/extras/p_cro_FB_CustomAction_02_in.anm"
21:55:18.146   RESOURCES (E): Failed to open object @"SurvivorAnimsExtras/animations/extras/p_cro_FB_CustomAction_02_loop.anm"
21:55:18.146   RESOURCES (E): Failed to open object @"SurvivorAnimsExtras/animations/extras/p_cro_FB_CustomAction_02_out.anm"
21:55:18.146   RESOURCES (E): Failed to open object @"SurvivorAnimsExtras/animations/extras/p_erc_FB_CustomAction_02_in.anm"
21:55:18.146   RESOURCES (E): Failed to open object @"SurvivorAnimsExtras/animations/extras/p_erc_FB_CustomAction_02_loop.anm"
21:55:18.146   RESOURCES (E): Failed to open object @"SurvivorAnimsExtras/animations/extras/p_erc_FB_CustomAction_02_out.anm"
21:55:18.146   RESOURCES (E): Failed to open object @"SurvivorAnimsExtras/animations/extras/p_cro_FB_CustomAction_03_in.anm"
21:55:18.146   RESOURCES (E): Failed to open object @"SurvivorAnimsExtras/animations/extras/p_cro_FB_CustomAction_03_loop.anm"
21:55:18.146   RESOURCES (E): Failed to open object @"SurvivorAnimsExtras/animations/extras/p_cro_FB_CustomAction_03_out.anm"
21:55:18.146   RESOURCES (E): Failed to open object @"SurvivorAnimsExtras/animations/extras/p_erc_FB_CustomAction_03_in.anm"
21:55:18.146   RESOURCES (E): Failed to open object @"SurvivorAnimsExtras/animations/extras/p_erc_FB_CustomAction_03_loop.anm"
21:55:18.146   RESOURCES (E): Failed to open object @"SurvivorAnimsExtras/animations/extras/p_erc_FB_CustomAction_03_out.anm"
21:55:18.146   RESOURCES (E): Failed to open object @"SurvivorAnimsExtras/animations/extras/p_cro_FB_CustomAction_04_in.anm"
21:55:18.146   RESOURCES (E): Failed to open object @"SurvivorAnimsExtras/animations/extras/p_cro_FB_CustomAction_04_loop.anm"
21:55:18.146   RESOURCES (E): Failed to open object @"SurvivorAnimsExtras/animations/extras/p_cro_FB_CustomAction_04_out.anm"
21:55:18.146   RESOURCES (E): Failed to open object @"SurvivorAnimsExtras/animations/extras/p_erc_FB_CustomAction_04_in.anm"
21:55:18.146   RESOURCES (E): Failed to open object @"SurvivorAnimsExtras/animations/extras/p_erc_FB_CustomAction_04_loop.anm"
21:55:18.146   RESOURCES (E): Failed to open object @"SurvivorAnimsExtras/animations/extras/p_erc_FB_CustomAction_04_out.anm"
21:55:18.146   RESOURCES (E): Failed to open object @"SurvivorAnimsExtras/animations/extras/p_cro_FB_CustomAction_05_in.anm"
21:55:18.146   RESOURCES (E): Failed to open object @"SurvivorAnimsExtras/animations/extras/p_cro_FB_CustomAction_05_loop.anm"
21:55:18.146   RESOURCES (E): Failed to open object @"SurvivorAnimsExtras/animations/extras/p_cro_FB_CustomAction_05_out.anm"
21:55:18.146   RESOURCES (E): Failed to open object @"SurvivorAnimsExtras/animations/extras/p_erc_FB_CustomAction_05_in.anm"
21:55:18.146   RESOURCES (E): Failed to open object @"SurvivorAnimsExtras/animations/extras/p_erc_FB_CustomAction_05_loop.anm"
21:55:18.146   RESOURCES (E): Failed to open object @"SurvivorAnimsExtras/animations/extras/p_erc_FB_CustomAction_05_out.anm"
21:55:18.246   RESOURCES (E): Failed to open object @"SurvivorAnimsExtras/animations/extras/p_cro_CustomActionOnce_01.anm"
21:55:18.246   RESOURCES (E): Failed to open object @"SurvivorAnimsExtras/animations/extras/p_erc_CustomActionOnce_01.anm"
21:55:18.246   RESOURCES (E): Failed to open object @"SurvivorAnimsExtras/animations/extras/p_pne_FB_CustomActionOnce_01.anm"
21:55:18.246   RESOURCES (E): Failed to open object @"SurvivorAnimsExtras/animations/extras/p_cro_CustomActionOnce_02.anm"
21:55:18.246   RESOURCES (E): Failed to open object @"SurvivorAnimsExtras/animations/extras/p_erc_CustomActionOnce_02.anm"
21:55:18.246   RESOURCES (E): Failed to open object @"SurvivorAnimsExtras/animations/extras/p_pne_FB_CustomActionOnce_02.anm"
21:55:18.246   RESOURCES (E): Failed to open object @"SurvivorAnimsExtras/animations/extras/p_cro_CustomActionOnce_03.anm"
21:55:18.246   RESOURCES (E): Failed to open object @"SurvivorAnimsExtras/animations/extras/p_erc_CustomActionOnce_03.anm"
21:55:18.246   RESOURCES (E): Failed to open object @"SurvivorAnimsExtras/animations/extras/p_pne_FB_CustomActionOnce_03.anm"
21:55:18.246   RESOURCES (E): Failed to open object @"SurvivorAnimsExtras/animations/extras/p_cro_CustomActionOnce_04.anm"
21:55:18.246   RESOURCES (E): Failed to open object @"SurvivorAnimsExtras/animations/extras/p_erc_CustomActionOnce_04.anm"
21:55:18.246   RESOURCES (E): Failed to open object @"SurvivorAnimsExtras/animations/extras/p_pne_FB_CustomActionOnce_04.anm"
21:55:18.246   RESOURCES (E): Failed to open object @"SurvivorAnimsExtras/animations/extras/p_cro_CustomActionOnce_05.anm"
21:55:18.246   RESOURCES (E): Failed to open object @"SurvivorAnimsExtras/animations/extras/p_erc_CustomActionOnce_05.anm"
21:55:18.246   RESOURCES (E): Failed to open object @"SurvivorAnimsExtras/animations/extras/p_pne_FB_CustomActionOnce_05.anm"
21:55:18.598   RESOURCES (E): Failed to open object @"SurvivorAnimsExtras/animations/extras/p_erc_CustomEmote_01_in.anm"
21:55:18.598   RESOURCES (E): Failed to open object @"SurvivorAnimsExtras/animations/extras/p_erc_CustomEmote_01_loop.anm"
21:55:18.598   RESOURCES (E): Failed to open object @"SurvivorAnimsExtras/animations/extras/p_erc_CustomEmote_01_out.anm"
21:55:18.598   RESOURCES (E): Failed to open object @"SurvivorAnimsExtras/animations/extras/p_erc_CustomEmote_02_in.anm"
21:55:18.598   RESOURCES (E): Failed to open object @"SurvivorAnimsExtras/animations/extras/p_erc_CustomEmote_02_loop.anm"
21:55:18.598   RESOURCES (E): Failed to open object @"SurvivorAnimsExtras/animations/extras/p_erc_CustomEmote_02_out.anm"
21:55:18.598   RESOURCES (E): Failed to open object @"SurvivorAnimsExtras/animations/extras/p_erc_CustomEmote_03_in.anm"
21:55:18.598   RESOURCES (E): Failed to open object @"SurvivorAnimsExtras/animations/extras/p_erc_CustomEmote_03_loop.anm"
21:55:18.598   RESOURCES (E): Failed to open object @"SurvivorAnimsExtras/animations/extras/p_erc_CustomEmote_03_out.anm"
21:55:18.598   RESOURCES (E): Failed to open object @"SurvivorAnimsExtras/animations/extras/p_erc_CustomEmote_04_in.anm"
21:55:18.598   RESOURCES (E): Failed to open object @"SurvivorAnimsExtras/animations/extras/p_erc_CustomEmote_04_loop.anm"
21:55:18.598   RESOURCES (E): Failed to open object @"SurvivorAnimsExtras/animations/extras/p_erc_CustomEmote_04_out.anm"
21:55:18.598   RESOURCES (E): Failed to open object @"SurvivorAnimsExtras/animations/extras/p_erc_CustomEmote_05_in.anm"
21:55:18.598   RESOURCES (E): Failed to open object @"SurvivorAnimsExtras/animations/extras/p_erc_CustomEmote_05_loop.anm"
21:55:18.598   RESOURCES (E): Failed to open object @"SurvivorAnimsExtras/animations/extras/p_erc_CustomEmote_05_out.anm"
21:55:18.598   RESOURCES (E): Failed to open object @"SurvivorAnimsExtras/animations/extras/p_erc_CustomEmote_06_in.anm"
21:55:18.598   RESOURCES (E): Failed to open object @"SurvivorAnimsExtras/animations/extras/p_erc_CustomEmote_06_loop.anm"
21:55:18.598   RESOURCES (E): Failed to open object @"SurvivorAnimsExtras/animations/extras/p_erc_CustomEmote_06_out.anm"
21:55:18.598   RESOURCES (E): Failed to open object @"SurvivorAnimsExtras/animations/extras/p_erc_CustomEmote_07_in.anm"
21:55:18.598   RESOURCES (E): Failed to open object @"SurvivorAnimsExtras/animations/extras/p_erc_CustomEmote_07_loop.anm"
21:55:18.598   RESOURCES (E): Failed to open object @"SurvivorAnimsExtras/animations/extras/p_erc_CustomEmote_07_out.anm"
21:55:18.598   RESOURCES (E): Failed to open object @"SurvivorAnimsExtras/animations/extras/p_erc_CustomEmote_08_in.anm"
21:55:18.598   RESOURCES (E): Failed to open object @"SurvivorAnimsExtras/animations/extras/p_erc_CustomEmote_08_loop.anm"
21:55:18.599   RESOURCES (E): Failed to open object @"SurvivorAnimsExtras/animations/extras/p_erc_CustomEmote_08_out.anm"
21:55:18.599   RESOURCES (E): Failed to open object @"SurvivorAnimsExtras/animations/extras/p_erc_CustomEmote_09_in.anm"
21:55:18.599   RESOURCES (E): Failed to open object @"SurvivorAnimsExtras/animations/extras/p_erc_CustomEmote_09_loop.anm"
21:55:18.599   RESOURCES (E): Failed to open object @"SurvivorAnimsExtras/animations/extras/p_erc_CustomEmote_09_out.anm"
21:55:18.599   RESOURCES (E): Failed to open object @"SurvivorAnimsExtras/animations/extras/p_erc_CustomEmote_10_in.anm"
21:55:18.599   RESOURCES (E): Failed to open object @"SurvivorAnimsExtras/animations/extras/p_erc_CustomEmote_10_loop.anm"
21:55:18.599   RESOURCES (E): Failed to open object @"SurvivorAnimsExtras/animations/extras/p_erc_CustomEmote_10_out.anm"
21:55:18.599   RESOURCES (E): Failed to open object @"SurvivorAnimsExtras/animations/extras/p_erc_CustomEmote_11_in.anm"
21:55:18.599   RESOURCES (E): Failed to open object @"SurvivorAnimsExtras/animations/extras/p_erc_CustomEmote_11_loop.anm"
21:55:18.599   RESOURCES (E): Failed to open object @"SurvivorAnimsExtras/animations/extras/p_erc_CustomEmote_11_out.anm"
21:55:18.599   RESOURCES (E): Failed to open object @"SurvivorAnimsExtras/animations/extras/p_erc_CustomEmote_12_in.anm"
21:55:18.599   RESOURCES (E): Failed to open object @"SurvivorAnimsExtras/animations/extras/p_erc_CustomEmote_12_loop.anm"
21:55:18.599   RESOURCES (E): Failed to open object @"SurvivorAnimsExtras/animations/extras/p_erc_CustomEmote_12_out.anm"
21:55:18.599   RESOURCES (E): Failed to open object @"SurvivorAnimsExtras/animations/extras/p_erc_CustomEmote_13_in.anm"
21:55:18.599   RESOURCES (E): Failed to open object @"SurvivorAnimsExtras/animations/extras/p_erc_CustomEmote_13_loop.anm"
21:55:18.599   RESOURCES (E): Failed to open object @"SurvivorAnimsExtras/animations/extras/p_erc_CustomEmote_13_out.anm"
21:55:18.599   RESOURCES (E): Failed to open object @"SurvivorAnimsExtras/animations/extras/p_erc_CustomEmote_14_in.anm"
21:55:18.599   RESOURCES (E): Failed to open object @"SurvivorAnimsExtras/animations/extras/p_erc_CustomEmote_14_loop.anm"
21:55:18.599   RESOURCES (E): Failed to open object @"SurvivorAnimsExtras/animations/extras/p_erc_CustomEmote_14_out.anm"
21:55:18.599   RESOURCES (E): Failed to open object @"SurvivorAnimsExtras/animations/extras/p_erc_CustomEmote_15_in.anm"
21:55:18.599   RESOURCES (E): Failed to open object @"SurvivorAnimsExtras/animations/extras/p_erc_CustomEmote_15_loop.anm"
21:55:18.599   RESOURCES (E): Failed to open object @"SurvivorAnimsExtras/animations/extras/p_erc_CustomEmote_15_out.anm"
21:55:18.599   RESOURCES (E): Failed to open object @"SurvivorAnimsExtras/animations/extras/p_erc_CustomEmote_16_in.anm"
21:55:18.599   RESOURCES (E): Failed to open object @"SurvivorAnimsExtras/animations/extras/p_erc_CustomEmote_16_loop.anm"
21:55:18.599   RESOURCES (E): Failed to open object @"SurvivorAnimsExtras/animations/extras/p_erc_CustomEmote_16_out.anm"
21:55:18.647   RESOURCES (E): Failed to open object @"SurvivorAnimsExtras/animations/extras/p_cro_CustomEmoteOnce_01.anm"
21:55:18.647   RESOURCES (E): Failed to open object @"SurvivorAnimsExtras/animations/extras/p_erc_CustomEmoteOnce_01.anm"
21:55:18.647   RESOURCES (E): Failed to open object @"SurvivorAnimsExtras/animations/extras/p_pne_CustomEmoteOnce_01.anm"
21:55:18.647   RESOURCES (E): Failed to open object @"SurvivorAnimsExtras/animations/extras/p_erc_CustomEmoteOnce_02.anm"
21:55:18.647   RESOURCES (E): Failed to open object @"SurvivorAnimsExtras/animations/extras/p_erc_CustomEmoteOnce_03.anm"
21:55:18.647   RESOURCES (E): Failed to open object @"SurvivorAnimsExtras/animations/extras/p_erc_CustomEmoteOnce_04.anm"
21:55:18.647   RESOURCES (E): Failed to open object @"SurvivorAnimsExtras/animations/extras/p_erc_CustomEmoteOnce_05.anm"
21:55:18.647   RESOURCES (E): Failed to open object @"SurvivorAnimsExtras/animations/extras/p_erc_CustomEmoteOnce_06.anm"
21:55:18.647   RESOURCES (E): Failed to open object @"SurvivorAnimsExtras/animations/extras/p_erc_CustomEmoteOnce_07.anm"
21:55:18.647   RESOURCES (E): Failed to open object @"SurvivorAnimsExtras/animations/extras/p_erc_CustomEmoteOnce_08.anm"
21:55:18.647   RESOURCES (E): Failed to open object @"SurvivorAnimsExtras/animations/extras/p_erc_CustomEmoteOnce_09.anm"
21:55:18.647   RESOURCES (E): Failed to open object @"SurvivorAnimsExtras/animations/extras/p_erc_CustomEmoteOnce_10.anm"
21:55:18.647   RESOURCES (E): Failed to open object @"SurvivorAnimsExtras/animations/extras/p_cro_FB_CustomEmoteOnce_01.anm"
21:55:18.647   RESOURCES (E): Failed to open object @"SurvivorAnimsExtras/animations/extras/p_erc_FB_CustomEmoteOnce_01.anm"
21:55:18.648   RESOURCES (E): Failed to open object @"SurvivorAnimsExtras/animations/extras/p_pne_FB_CustomEmoteOnce_01.anm"
21:55:21.379 Hostname of server: "SVOBODA DayZ"
21:55:22.292 NETWORK      : Network simulation
21:55:22.292  Loading landscape 'namalsk'
21:55:22.292   WORLD        : Create entity type 'Land_pas_amps_solo'
21:55:22.292    ENTITY    (E): Type 'HouseType' must be inherited from class 'PASReceiverType'
21:55:22.519   ENTITY       : Load entity type 'land_seb_garage'
21:55:22.519    ENTITY    (W): Door 'doorstwin1' is missing geometry components for selection 'doorstwin1', check model+config
21:55:22.525   ENTITY       : Load entity type 'Land_Container_1Aoh'
21:55:22.525    ENTITY    (W): Door 'DoorsTwin1' is missing geometry components for selection 'DoorsTwin1', check model+config
21:55:22.527   WORLD        : Create entity type 'Land_radio_panelpas'
21:55:22.527    ENTITY    (E): Type 'HouseType' must be inherited from class 'PASBroadcasterType'
21:55:22.550   ENTITY       : Load entity type 'Land_Factory_Small'
21:55:22.550    ENTITY    (W): Door 'DoorsTwin1' is missing geometry components for selection 'DoorsTwin1', check model+config
21:55:22.550    ENTITY    (W): Door 'DoorsTwin2' is missing geometry components for selection 'DoorsTwin2', check model+config
21:55:22.577   ENTITY       : Load entity type 'Land_Container_1Bo'
21:55:22.577    ENTITY    (W): Door 'DoorsTwin1' is missing geometry components for selection 'DoorsTwin1', check model+config
21:55:22.577    ENTITY    (W): Door 'DoorsTwin2' is missing geometry components for selection 'DoorsTwin2', check model+config
21:55:22.578   ENTITY       : Load entity type 'land_budova2_winter'
21:55:22.578    ENTITY    (W): Door 'DoorsTwin1' is missing geometry components for selection 'DoorsTwin1', check model+config
21:55:22.620   ENTITY       : Load entity type 'Land_Container_1Mo'
21:55:22.620    ENTITY    (W): Door 'DoorsTwin1' is missing geometry components for selection 'DoorsTwin1', check model+config
21:55:22.620    ENTITY    (W): Door 'DoorsTwin2' is missing geometry components for selection 'DoorsTwin2', check model+config
21:55:22.623   ENTITY       : Load entity type 'land_budova1_winter'
21:55:22.623    ENTITY    (W): Door 'DoorsTwin1' is missing geometry components for selection 'DoorsTwin1', check model+config
21:55:22.650   WORLD        : Create entity type 'Land_radio_panelbig'
21:55:22.650    ENTITY    (E): Type 'HouseType' must be inherited from class 'StaticTransmitterType'
21:55:22.690   ENTITY       : Load entity type 'land_vys_budova_p1'
21:55:22.690    ENTITY    (W): Unknown object class 'thing' (dz\structures\furniture\eletrical_appliances\washing_machine\washing_machine.p3d)
21:55:22.691    ENTITY    (W): Unknown object class 'thing' (dz\structures\furniture\eletrical_appliances\washing_machine\washing_machine.p3d)
21:55:22.692    ENTITY    (W): Unknown object class 'thing' (dz\structures\furniture\eletrical_appliances\washing_machine\washing_machine.p3d)
21:55:22.713   ENTITY       : Load entity type 'Land_Mil_Barracks3'
21:55:22.713    ENTITY    (W): Door 'DoorsTwin1' is missing geometry components for selection 'DoorsTwin1', check model+config
21:55:22.714   ENTITY       : Load entity type 'land_budova3'
21:55:22.714    ENTITY    (W): Door 'doorstwin1' is missing geometry components for selection 'doorstwin1', check model+config
21:55:22.724   ENTITY       : Load entity type 'Land_Mil_Barracks1'
21:55:22.724    ENTITY    (W): Door 'DoorsTwin1' is missing geometry components for selection 'DoorsTwin1', check model+config
21:55:22.844   ENTITY       : Load entity type 'Land_Garage_Small'
21:55:22.844    ENTITY    (W): Door 'DoorsTwin1' is missing geometry components for selection 'DoorsTwin1', check model+config
21:55:22.874   ENTITY       : Load entity type 'Land_Mil_Barracks5'
21:55:22.874    ENTITY    (W): Door 'DoorsTwin1' is missing geometry components for selection 'DoorsTwin1', check model+config
21:55:23.53    ENTITY       : Load entity type 'Land_Workshop2'
21:55:23.53     ENTITY    (W): Door 'DoorsTwin1' is missing geometry components for selection 'DoorsTwin1', check model+config
21:55:23.83    ENTITY       : Load entity type 'Land_Wreck_S1023_Beige'
21:55:23.83     ENTITY    (W): Door 'DoorsTwin1' is missing geometry components for selection 'DoorsTwin1', check model+config
21:55:23.253   ENTITY       : Load entity type 'Land_Wreck_S1023_Blue'
21:55:23.253    ENTITY    (W): Door 'DoorsTwin1' is missing geometry components for selection 'DoorsTwin1', check model+config
21:55:23.254   ENTITY    (W): Unknown object class 'pond' (nst\ns\water\lakewater_still.p3d)
21:55:23.421   ENTITY       : Load entity type 'Land_CementWorks_Hall2_Brick'
21:55:23.421    ENTITY    (W): Door 'DoorsTwin1' is missing geometry components for selection 'DoorsTwin1', check model+config
21:55:23.444   ENTITY       : Load entity type 'Land_Workshop3'
21:55:23.444    ENTITY    (W): Door 'DoorsTwin1' is missing geometry components for selection 'DoorsTwin1', check model+config
21:55:23.444    ENTITY    (W): Door 'DoorsTwin2' is missing geometry components for selection 'DoorsTwin2', check model+config
21:55:23.470   ENTITY       : Load entity type 'Land_Workshop4'
21:55:23.470    ENTITY    (W): Door 'DoorsTwin1' is missing geometry components for selection 'DoorsTwin1', check model+config
21:55:23.517   ENTITY       : Load entity type 'Land_Workshop1'
21:55:23.517    ENTITY    (W): Door 'DoorsTwin1' is missing geometry components for selection 'DoorsTwin1', check model+config
21:55:23.574   ENTITY       : Load entity type 'Land_Airfield_Small_Control'
21:55:23.574    ENTITY    (W): Unknown object class 'thing' (dz\structures\furniture\eletrical_appliances\washing_machine\washing_machine.p3d)
21:55:23.575    ENTITY    (W): Unknown object class 'thing' (dz\structures\furniture\eletrical_appliances\washing_machine\washing_machine.p3d)
21:55:23.577    ENTITY    (W): Unknown object class 'thing' (dz\structures\furniture\eletrical_appliances\washing_machine\washing_machine.p3d)
21:55:23.577    ENTITY    (W): Unknown object class 'thing' (dz\structures\furniture\eletrical_appliances\washing_machine\washing_machine.p3d)
21:55:23.591   ENTITY    (W): Unknown object class 'pond' (dz\water_sakhal\ice_lake\sakhal_50x50_ice_lake_clear.p3d)
21:55:23.654   ENTITY       : Load entity type 'Land_Office2'
21:55:23.654    ENTITY    (W): Door 'DoorsTwin1' is missing geometry components for selection 'DoorsTwin1', check model+config
21:55:23.654    ENTITY    (W): Door 'DoorsTwin2' is missing geometry components for selection 'DoorsTwin2', check model+config
21:55:23.654    ENTITY    (W): Door 'DoorsTwin3' is missing geometry components for selection 'DoorsTwin3', check model+config
21:55:23.654    ENTITY    (W): Door 'DoorsTwin4' is missing geometry components for selection 'DoorsTwin4', check model+config
21:55:23.654    ENTITY    (W): Door 'DoorsTwin5' is missing geometry components for selection 'DoorsTwin5', check model+config
21:55:23.677   ENTITY       : Load entity type 'Land_City_Hospital'
21:55:23.677    ENTITY    (W): Door 'DoorsTwin1' is missing geometry components for selection 'DoorsTwin1', check model+config
21:55:23.729   ENTITY       : Load entity type 'Land_Office1'
21:55:23.729    ENTITY    (W): Door 'DoorsTwin1' is missing geometry components for selection 'DoorsTwin1', check model+config
21:55:23.729    ENTITY    (W): Door 'DoorsTwin2' is missing geometry components for selection 'DoorsTwin2', check model+config
21:55:23.729    ENTITY    (W): Door 'DoorsTwin3' is missing geometry components for selection 'DoorsTwin3', check model+config
21:55:23.729    ENTITY    (W): Door 'DoorsTwin4' is missing geometry components for selection 'DoorsTwin4', check model+config
21:55:23.729    ENTITY    (W): Door 'DoorsTwin5' is missing geometry components for selection 'DoorsTwin5', check model+config
21:55:23.729    ENTITY    (W): Door 'DoorsTwin6' is missing geometry components for selection 'DoorsTwin6', check model+config
21:55:23.729    ENTITY    (W): Door 'DoorsTwin7' is missing geometry components for selection 'DoorsTwin7', check model+config
21:55:23.766   ENTITY       : Load entity type 'Land_Container_1Moh'
21:55:23.766    ENTITY    (W): Door 'DoorsTwin1' is missing geometry components for selection 'DoorsTwin1', check model+config
21:55:23.812   ENTITY    (W): Unknown object class 'pond' (nst\ns\water\lakewater.p3d)
21:55:23.905   ENTITY       : Load entity type 'Land_Garage_Row_Small'
21:55:23.905    ENTITY    (W): Door 'DoorsTwin1' is missing geometry components for selection 'DoorsTwin1', check model+config
21:55:23.905    ENTITY    (W): Door 'DoorsTwin2' is missing geometry components for selection 'DoorsTwin2', check model+config
21:55:23.905    ENTITY    (W): Door 'DoorsTwin3' is missing geometry components for selection 'DoorsTwin3', check model+config
21:55:23.953   ENTITY       : Load entity type 'Land_City_Store_WithStairs'
21:55:23.953    ENTITY    (W): Door 'DoorsTwin1' is missing geometry components for selection 'DoorsTwin1', check model+config
21:55:23.953    ENTITY    (W): Door 'DoorsTwin2' is missing geometry components for selection 'DoorsTwin2', check model+config
21:55:23.953    ENTITY    (W): Door 'DoorsTwin3' is missing geometry components for selection 'DoorsTwin3', check model+config
21:55:23.953    ENTITY    (W): Door 'DoorsTwin4' is missing geometry components for selection 'DoorsTwin4', check model+config
21:55:23.953    ENTITY    (W): Door 'DoorsTwin5' is missing geometry components for selection 'DoorsTwin5', check model+config
21:55:23.959   ENTITY       : Load entity type 'land_vor_apartment_high_2'
21:55:23.959    ENTITY    (W): Door 'doorstwin1' is missing geometry components for selection 'doorstwin1', check model+config
21:55:23.989   ENTITY       : Load entity type 'Land_Tenement_Small'
21:55:23.989    ENTITY    (W): Unknown object class 'thing' (dz\structures\furniture\eletrical_appliances\washing_machine\washing_machine.p3d)
21:55:23.989    ENTITY    (W): Unknown object class 'thing' (dz\structures\furniture\eletrical_appliances\washing_machine\washing_machine.p3d)
21:55:23.989    ENTITY    (W): Unknown object class 'thing' (dz\structures\furniture\eletrical_appliances\washing_machine\washing_machine.p3d)
21:55:23.990    ENTITY    (W): Unknown object class 'thing' (dz\structures\furniture\eletrical_appliances\washing_machine\washing_machine.p3d)
21:55:23.990    ENTITY    (W): Unknown object class 'thing' (dz\structures\furniture\eletrical_appliances\washing_machine\washing_machine.p3d)
21:55:23.990    ENTITY    (W): Unknown object class 'thing' (dz\structures\furniture\eletrical_appliances\washing_machine\washing_machine.p3d)
21:55:23.990    ENTITY    (W): Unknown object class 'thing' (dz\structures\furniture\eletrical_appliances\washing_machine\washing_machine.p3d)
21:55:24.121   ENTITY       : Load entity type 'Land_House_2W04'
21:55:24.121    ENTITY    (W): Door 'DoorsTwin1' is missing geometry components for selection 'DoorsTwin1', check model+config
21:55:24.140   ENTITY       : Load entity type 'Land_House_1W08_Brown'
21:55:24.140    ENTITY    (W): Unknown object class 'thing' (dz\structures\furniture\eletrical_appliances\washing_machine\washing_machine.p3d)
21:55:24.140    ENTITY    (W): Unknown object class 'thing' (dz\structures\furniture\eletrical_appliances\washing_machine\washing_machine.p3d)
21:55:24.140    ENTITY    (W): Unknown object class 'thing' (dz\structures\furniture\eletrical_appliances\washing_machine\washing_machine.p3d)
21:55:24.342   ENTITY    (W): Unknown object class 'pond' (dz\water_sakhal\ice_lake\sakhal_50x50_ice_lake_clear.p3d)
21:55:24.423   ENTITY       : Load entity type 'Land_Tenement_Big'
21:55:24.423    ENTITY    (W): Unknown object class 'thing' (dz\structures\furniture\eletrical_appliances\washing_machine\washing_machine.p3d)
21:55:24.423    ENTITY    (W): Unknown object class 'thing' (dz\structures\furniture\eletrical_appliances\washing_machine\washing_machine.p3d)
21:55:24.423    ENTITY    (W): Unknown object class 'thing' (dz\structures\furniture\eletrical_appliances\washing_machine\washing_machine.p3d)
21:55:24.424    ENTITY    (W): Unknown object class 'thing' (dz\structures\furniture\eletrical_appliances\washing_machine\washing_machine.p3d)
21:55:24.424    ENTITY    (W): Unknown object class 'thing' (dz\structures\furniture\eletrical_appliances\washing_machine\washing_machine.p3d)
21:55:24.425    ENTITY    (W): Unknown object class 'thing' (dz\structures\furniture\eletrical_appliances\washing_machine\washing_machine.p3d)
21:55:24.426    ENTITY    (W): Unknown object class 'thing' (dz\structures\furniture\eletrical_appliances\washing_machine\washing_machine.p3d)
21:55:24.426    ENTITY    (W): Unknown object class 'thing' (dz\structures\furniture\eletrical_appliances\washing_machine\washing_machine.p3d)
21:55:24.427    ENTITY    (W): Unknown object class 'thing' (dz\structures\furniture\eletrical_appliances\washing_machine\washing_machine.p3d)
21:55:27.419  SCRIPT    (W): @"HB_FlipVehicle/Scripts/5_Mission/missiongameplay.c,93": Missing ';' at the end of line
21:55:27.457  SCRIPT    (W): @"HB_FlipVehicle/Scripts/5_Mission/missiongameplay.c,9": FIX-ME: Method argument can't be strong reference
21:55:27.457  SCRIPT    (W): @"HB_FlipVehicle/Scripts/5_Mission/missiongameplay.c,9": FIX-ME: Method argument can't be strong reference
21:55:27.457  SCRIPT    (W): @"HB_FlipVehicle/Scripts/5_Mission/missiongameplay.c,9": FIX-ME: Method argument can't be strong reference
21:55:27.498  SCRIPT    (W): @"WindstrideClothing/scripts/5_Mission/windstride\namalsk\playercontainer.c,4": FIX-ME: Overriding function 'CheckSlotOfInterest' but not marked as 'override'
21:55:30.342  SCRIPT    (W): scripts/3_Game/undergroundarealoader.c:138 | SpawnAllTriggerCarriers | [WARNING] :: [UndergroundAreaLoader GetData()] :: file not found in MISSION folder, your path is $mission:cfgundergroundtriggers.json Attempting DATA folder
21:55:30.342  SCRIPT    (W): scripts/3_Game/undergroundarealoader.c:138 | SpawnAllTriggerCarriers | [WARNING] :: [UndergroundAreaLoader GetData()] ::file not found in DATA folder, your path is dz/worlds/namalsk/ce/cfgundergroundtriggers.json
21:55:30.585 [CE][Hive] :: Initializing OFFLINE
21:55:30.586 [StorageDirs] :: Selected storage directory: G:\SteamLibrary\steamapps\common\DayZServer\mpmissions\regular.namalsk\storage_14\
21:55:30.586 [CE][Hive] :: Loading core data ... 
21:55:30.586 [CE][CoreData] :: 8 root classes, 0 defaults, 0 updaters...
21:55:30.606 [CE][offlineDB] :: Conversion of characters started.
21:55:30.615 [CE][offlineDB] :: Processing 0 players.
21:55:30.615 [CE][offlineDB] :: Conversion of characters successfully completed.
21:55:30.754  ENTITY       : Load entity type 'Land_House_2W02'
21:55:30.754   ENTITY    (W): Door 'DoorsTwin1' is missing geometry components for selection 'DoorsTwin1', check model+config
21:55:30.790  ENTITY    (W): Unknown object class 'pond' (dz\water_sakhal\ice_lake\sakhal_50x50_ice_lake_clear.p3d)
21:55:30.823 [CE][Hive] :: Loading map data ... 
21:55:49.391 [CE][TypeSetup] :: 601 classes setuped...
21:56:01.102 [CE][RegisterBind] :: 0 classes binded...
21:56:01.103 [CE][RegisterConfig] :: 20887 config classes registered, 0 sub-counters...
21:56:01.103 [CE][Hive] :: Loading map data ... 
21:56:01.193 [CE][LoadPrototype] :: loaded 256 prototypes
21:56:01.193   404 containers, 7415 points
21:56:01.193   1 dispatches, 1 proxies
21:56:01.193 !!! [CE][LoadPrototype] 1 groups have wrong points...
21:56:01.193 [CE][LoadPrototype] :: last group name: land_frozen_person...
21:56:01.197 [CE][LoadPrototype] :: loaded 0 prototypes
21:56:01.197   38 containers, 66 points
21:56:01.197   0 dispatches, 0 proxies
21:56:01.197 [CE][LoadPrototype] :: last group name: StoneLoc38...
21:56:01.240 [CE][LoadMap] "Group" :: loaded 1445 groups, groups failed: 0, largest group range: 36.4
21:56:01.242 [CE][LoadMap] "Dirt" :: loaded 0 groups, groups failed: 0, largest group range: 36.4
21:56:01.247 [CE][Links] found 472 total links between groups, of 1445
21:56:01.247 [CE][LoadClusters] "Cluster" :: Loading files...
21:56:01.261 [CE][LoadClusters] :: file: "mapgroupcluster.xml", 1 types, 2418 instances
21:56:01.262 [CE][Storage] ver:0 stamp:0, valid:NO, name:"G:\SteamLibrary\steamapps\common\DayZServer\mpmissions\regular.namalsk\storage_14\data\types.bin"
21:56:01.262 [CE][Storage] ver:0 stamp:0, valid:NO, name:"G:\SteamLibrary\steamapps\common\DayZServer\mpmissions\regular.namalsk\storage_14\data\types.001"
21:56:01.262 [CE][Storage] ver:0 stamp:0, valid:NO, name:"G:\SteamLibrary\steamapps\common\DayZServer\mpmissions\regular.namalsk\storage_14\data\types.002"
21:56:01.264 [CE][offlineDB] :: Loaded 23 dynamic events 177 total types.
21:56:01.293 !!! [CE][offlineDB] :: Type 'ChristmasTree' will be ignored. (Not spawnable. (Scope is not public?))
21:56:01.309 [CE][DE][SPAWNS] :: Total positions: 711
21:56:01.310 [CE][DE][GROUPS] :: Total eventgroups defined: 0, Eventgroups in use: 0
21:56:01.310 [CE][Storage] ver:0 stamp:0, valid:NO, name:"G:\SteamLibrary\steamapps\common\DayZServer\mpmissions\regular.namalsk\storage_14\data\events.bin"
21:56:01.311 [CE][Storage] ver:0 stamp:0, valid:NO, name:"G:\SteamLibrary\steamapps\common\DayZServer\mpmissions\regular.namalsk\storage_14\data\events.001"
21:56:01.312 [CE][Storage] ver:0 stamp:0, valid:NO, name:"G:\SteamLibrary\steamapps\common\DayZServer\mpmissions\regular.namalsk\storage_14\data\events.002"
21:56:01.313 [CE][Storage] ver:0 stamp:0, valid:NO, name:"G:\SteamLibrary\steamapps\common\DayZServer\mpmissions\regular.namalsk\storage_14\data\dynamic_000.bin"
21:56:01.313 [CE][Storage] ver:0 stamp:0, valid:NO, name:"G:\SteamLibrary\steamapps\common\DayZServer\mpmissions\regular.namalsk\storage_14\data\dynamic_000.001"
21:56:01.313 [CE][Storage] ver:0 stamp:0, valid:NO, name:"G:\SteamLibrary\steamapps\common\DayZServer\mpmissions\regular.namalsk\storage_14\data\dynamic_000.002"
21:56:01.314 [CE][Storage] ver:0 stamp:0, valid:NO, name:"G:\SteamLibrary\steamapps\common\DayZServer\mpmissions\regular.namalsk\storage_14\data\dynamic_001.bin"
21:56:01.314 [CE][Storage] ver:0 stamp:0, valid:NO, name:"G:\SteamLibrary\steamapps\common\DayZServer\mpmissions\regular.namalsk\storage_14\data\dynamic_001.001"
21:56:01.315 [CE][Storage] ver:0 stamp:0, valid:NO, name:"G:\SteamLibrary\steamapps\common\DayZServer\mpmissions\regular.namalsk\storage_14\data\dynamic_001.002"
21:56:01.315 [CE][Storage] ver:0 stamp:0, valid:NO, name:"G:\SteamLibrary\steamapps\common\DayZServer\mpmissions\regular.namalsk\storage_14\data\dynamic_002.bin"
21:56:01.316 [CE][Storage] ver:0 stamp:0, valid:NO, name:"G:\SteamLibrary\steamapps\common\DayZServer\mpmissions\regular.namalsk\storage_14\data\dynamic_002.001"
21:56:01.316 [CE][Storage] ver:0 stamp:0, valid:NO, name:"G:\SteamLibrary\steamapps\common\DayZServer\mpmissions\regular.namalsk\storage_14\data\dynamic_002.002"
21:56:01.317 [CE][Storage] ver:0 stamp:0, valid:NO, name:"G:\SteamLibrary\steamapps\common\DayZServer\mpmissions\regular.namalsk\storage_14\data\dynamic_003.bin"
21:56:01.317 [CE][Storage] ver:0 stamp:0, valid:NO, name:"G:\SteamLibrary\steamapps\common\DayZServer\mpmissions\regular.namalsk\storage_14\data\dynamic_003.001"
21:56:01.317 [CE][Storage] ver:0 stamp:0, valid:NO, name:"G:\SteamLibrary\steamapps\common\DayZServer\mpmissions\regular.namalsk\storage_14\data\dynamic_003.002"
21:56:01.318 [CE][Storage] ver:0 stamp:0, valid:NO, name:"G:\SteamLibrary\steamapps\common\DayZServer\mpmissions\regular.namalsk\storage_14\data\dynamic_004.bin"
21:56:01.318 [CE][Storage] ver:0 stamp:0, valid:NO, name:"G:\SteamLibrary\steamapps\common\DayZServer\mpmissions\regular.namalsk\storage_14\data\dynamic_004.001"
21:56:01.319 [CE][Storage] ver:0 stamp:0, valid:NO, name:"G:\SteamLibrary\steamapps\common\DayZServer\mpmissions\regular.namalsk\storage_14\data\dynamic_004.002"
21:56:01.319 [CE][Storage] ver:0 stamp:0, valid:NO, name:"G:\SteamLibrary\steamapps\common\DayZServer\mpmissions\regular.namalsk\storage_14\data\dynamic_005.bin"
21:56:01.320 [CE][Storage] ver:0 stamp:0, valid:NO, name:"G:\SteamLibrary\steamapps\common\DayZServer\mpmissions\regular.namalsk\storage_14\data\dynamic_005.001"
21:56:01.320 [CE][Storage] ver:0 stamp:0, valid:NO, name:"G:\SteamLibrary\steamapps\common\DayZServer\mpmissions\regular.namalsk\storage_14\data\dynamic_005.002"
21:56:01.320 [CE][Storage] ver:0 stamp:0, valid:NO, name:"G:\SteamLibrary\steamapps\common\DayZServer\mpmissions\regular.namalsk\storage_14\data\dynamic_006.bin"
21:56:01.321 [CE][Storage] ver:0 stamp:0, valid:NO, name:"G:\SteamLibrary\steamapps\common\DayZServer\mpmissions\regular.namalsk\storage_14\data\dynamic_006.001"
21:56:01.321 [CE][Storage] ver:0 stamp:0, valid:NO, name:"G:\SteamLibrary\steamapps\common\DayZServer\mpmissions\regular.namalsk\storage_14\data\dynamic_006.002"
21:56:01.321 [CE][Storage] ver:0 stamp:0, valid:NO, name:"G:\SteamLibrary\steamapps\common\DayZServer\mpmissions\regular.namalsk\storage_14\data\dynamic_007.bin"
21:56:01.322 [CE][Storage] ver:0 stamp:0, valid:NO, name:"G:\SteamLibrary\steamapps\common\DayZServer\mpmissions\regular.namalsk\storage_14\data\dynamic_007.001"
21:56:01.322 [CE][Storage] ver:0 stamp:0, valid:NO, name:"G:\SteamLibrary\steamapps\common\DayZServer\mpmissions\regular.namalsk\storage_14\data\dynamic_007.002"
21:56:01.322 [CE][Storage] ver:0 stamp:0, valid:NO, name:"G:\SteamLibrary\steamapps\common\DayZServer\mpmissions\regular.namalsk\storage_14\data\dynamic_008.bin"
21:56:01.323 [CE][Storage] ver:0 stamp:0, valid:NO, name:"G:\SteamLibrary\steamapps\common\DayZServer\mpmissions\regular.namalsk\storage_14\data\dynamic_008.001"
21:56:01.323 [CE][Storage] ver:0 stamp:0, valid:NO, name:"G:\SteamLibrary\steamapps\common\DayZServer\mpmissions\regular.namalsk\storage_14\data\dynamic_008.002"
21:56:01.323 [CE][Storage] ver:0 stamp:0, valid:NO, name:"G:\SteamLibrary\steamapps\common\DayZServer\mpmissions\regular.namalsk\storage_14\data\dynamic_009.bin"
21:56:01.324 [CE][Storage] ver:0 stamp:0, valid:NO, name:"G:\SteamLibrary\steamapps\common\DayZServer\mpmissions\regular.namalsk\storage_14\data\dynamic_009.001"
21:56:01.325 [CE][Storage] ver:0 stamp:0, valid:NO, name:"G:\SteamLibrary\steamapps\common\DayZServer\mpmissions\regular.namalsk\storage_14\data\dynamic_009.002"
21:56:01.325 [CE][Storage] ver:0 stamp:0, valid:NO, name:"G:\SteamLibrary\steamapps\common\DayZServer\mpmissions\regular.namalsk\storage_14\data\dynamic_010.bin"
21:56:01.326 [CE][Storage] ver:0 stamp:0, valid:NO, name:"G:\SteamLibrary\steamapps\common\DayZServer\mpmissions\regular.namalsk\storage_14\data\dynamic_010.001"
21:56:01.326 [CE][Storage] ver:0 stamp:0, valid:NO, name:"G:\SteamLibrary\steamapps\common\DayZServer\mpmissions\regular.namalsk\storage_14\data\dynamic_010.002"
21:56:01.327 [CE][Storage] ver:0 stamp:0, valid:NO, name:"G:\SteamLibrary\steamapps\common\DayZServer\mpmissions\regular.namalsk\storage_14\data\dynamic_011.bin"
21:56:01.327 [CE][Storage] ver:0 stamp:0, valid:NO, name:"G:\SteamLibrary\steamapps\common\DayZServer\mpmissions\regular.namalsk\storage_14\data\dynamic_011.001"
21:56:01.327 [CE][Storage] ver:0 stamp:0, valid:NO, name:"G:\SteamLibrary\steamapps\common\DayZServer\mpmissions\regular.namalsk\storage_14\data\dynamic_011.002"
21:56:01.328 [CE][Storage] ver:0 stamp:0, valid:NO, name:"G:\SteamLibrary\steamapps\common\DayZServer\mpmissions\regular.namalsk\storage_14\data\building.bin"
21:56:01.328 [CE][Storage] ver:0 stamp:0, valid:NO, name:"G:\SteamLibrary\steamapps\common\DayZServer\mpmissions\regular.namalsk\storage_14\data\building.001"
21:56:01.329 [CE][Storage] ver:0 stamp:0, valid:NO, name:"G:\SteamLibrary\steamapps\common\DayZServer\mpmissions\regular.namalsk\storage_14\data\building.002"
21:56:01.330 [CE][Storage] ver:0 stamp:0, valid:NO, name:"G:\SteamLibrary\steamapps\common\DayZServer\mpmissions\regular.namalsk\storage_14\data\vehicles.bin"
21:56:01.330 [CE][Storage] ver:0 stamp:0, valid:NO, name:"G:\SteamLibrary\steamapps\common\DayZServer\mpmissions\regular.namalsk\storage_14\data\vehicles.001"
21:56:01.331 [CE][Storage] ver:0 stamp:0, valid:NO, name:"G:\SteamLibrary\steamapps\common\DayZServer\mpmissions\regular.namalsk\storage_14\data\vehicles.002"
21:56:01.331 [CE][Hive] :: Empty storage folder, reinitializing ... 
21:56:01.340 [CE][Hive] :: Initializing ... 
21:56:01.344 [CE][InitializeMap] :: initialized: 0
21:56:01.344 [CE][Hive] :: Initializing spawners ... 
21:56:01.447  ENTITY       : Load entity type 'Land_Ruin_HouseBig1_NoIvy_Half'
21:56:01.447   ENTITY    (W): Door 'DoorsTwin1' is missing geometry components for selection 'DoorsTwin1', check model+config
21:56:01.602 !!! [CE][Point] Removing 5035.500977, 8162.964844 from land_hut_old01
21:56:01.826  ENTITY    (W): Unknown object class 'pond' (dz\water_sakhal\ice_lake\sakhal_50x50_ice_lake_clear.p3d)
21:56:01.892 !!! [CE][Point] Removing 6504.311523, 9286.791016 from land_wrecked_ural
21:56:01.966  PHYSICS   (W): While attempting to remove proxy physics for the selection 'codelock', the corresponding bone could not be found in the shape 'dz\gear\camping\cartent.p3d'
21:56:01.967  PHYSICS   (W): While attempting to remove proxy physics for the selection 'codelock', the corresponding bone could not be found in the shape 'dz\gear\camping\cartent.p3d'
21:56:01.968  PHYSICS   (W): While attempting to remove proxy physics for the selection 'codelock', the corresponding bone could not be found in the shape 'dz\gear\camping\cartent.p3d'
21:56:01.969  PHYSICS   (W): While attempting to remove proxy physics for the selection 'codelock', the corresponding bone could not be found in the shape 'dz\gear\camping\cartent.p3d'
21:56:01.980 [CE][LootRespawner] (PRIDummy) :: Item [0] is hard to place, performance drops: "GCGN_BenelliM4"
21:56:02.102  ENTITY       : Load entity type 'Land_Ruin_HouseBig1_NoIvy'
21:56:02.102   ENTITY    (W): Door 'DoorsTwin1' is missing geometry components for selection 'DoorsTwin1', check model+config
21:56:02.150  ENTITY    (W): Unknown object class 'pond' (nst\ns\water\lakewater.p3d)
21:56:02.150  ENTITY    (W): Unknown object class 'pond' (nst\ns\water\lakewater.p3d)
21:56:02.150  ENTITY    (W): Unknown object class 'pond' (nst\ns\water\lakewater.p3d)
21:56:02.151  ENTITY    (W): Unknown object class 'pond' (nst\ns\water\lakewater.p3d)
21:56:02.220  ENTITY    (W): Unknown object class 'pond' (dz\water_sakhal\ice_lake\sakhal_50x50_ice_lake_clear.p3d)
21:56:02.266  ENTITY    (W): Unknown object class 'pond' (dz\water_sakhal\ice_lake\sakhal_50x50_ice_lake_clear.p3d)
21:56:02.296  WORLD        : Create entity type 'headtorch_grey'
21:56:02.296   ENTITY    (E): Type 'Inventory_BaseType' must be inherited from class 'ClothingType'
21:56:02.514  ENTITY    (W): Unknown object class 'pond' (nst\ns\water\lakewater.p3d)
21:56:02.514  ENTITY    (W): Unknown object class 'pond' (nst\ns\water\lakewater.p3d)
21:56:02.515  ENTITY    (W): Unknown object class 'pond' (nst\ns\water\lakewater.p3d)
21:56:02.515  ENTITY    (W): Unknown object class 'pond' (nst\ns\water\lakewater.p3d)
21:56:02.518 [CE][LootRespawner] (PRIDummy) :: Item [1] is hard to place, performance drops: "SNAFU_MK4710Gun"
21:56:02.535 [CE][LootRespawner] (PRIDummy) :: Item [2] is hard to place, performance drops: "SNAFU_LVOA556_GUN"
21:56:02.644  ENTITY       : Load entity type 'Land_Garage_Row_Big'
21:56:02.644   ENTITY    (W): Door 'DoorsTwin1' is missing geometry components for selection 'DoorsTwin1', check model+config
21:56:02.644   ENTITY    (W): Door 'DoorsTwin2' is missing geometry components for selection 'DoorsTwin2', check model+config
21:56:02.644   ENTITY    (W): Door 'DoorsTwin3' is missing geometry components for selection 'DoorsTwin3', check model+config
21:56:02.644   ENTITY    (W): Door 'DoorsTwin4' is missing geometry components for selection 'DoorsTwin4', check model+config
21:56:02.666 [CE][LootRespawner] (PRIDummy) :: Item [3] is hard to place, performance drops: "SNAFUThompsonMk2"
21:56:02.666 [CE][LootRespawner] (PRIDummy) :: Item [4] is hard to place, performance drops: "SNAFUThompsonMk2"
21:56:02.666 [CE][LootRespawner] (PRIDummy) :: Item [5] is hard to place, performance drops: "SNAFUThompsonMk2"
21:56:02.700  ENTITY    (W): Unknown object class 'pond' (dz\water_sakhal\ice_lake\sakhal_50x50_ice_lake_clear.p3d)
21:56:02.715  ENTITY    (W): Unknown object class 'pond' (nst\ns\water\lakewater.p3d)
21:56:02.723  ENTITY    (W): Unknown object class 'pond' (nst\ns\water\lakewater.p3d)
21:56:02.913  ENTITY    (W): Unknown object class 'pond' (dz\water_sakhal\ice_lake\sakhal_50x50_ice_lake_clear.p3d)
21:56:02.942  ENTITY    (W): Unknown object class 'pond' (nst\ns\water\lakewater.p3d)
21:56:02.952 [CE][LootRespawner] (PRIDummy) :: Item [0] causing search overtime: "BloodBagEmpty"
21:56:02.965 [CE][LootRespawner] (PRIDummy) :: Item [6] is hard to place, performance drops: "Snafu_PKP_Black_GUN"
21:56:02.968 [CE][LootRespawner] (PRIDummy) :: Item [7] is hard to place, performance drops: "NavyUniformJacket"
21:56:03.61  [CE][LootRespawner] (PRIDummy) :: Item [8] is hard to place, performance drops: "SNAFURSASS_Wood_GUN"
21:56:03.62  [CE][LootRespawner] (PRIDummy) :: Item [9] is hard to place, performance drops: "SNAFURSASS_Wood_GUN"
21:56:03.62  [CE][LootRespawner] (PRIDummy) :: Item [1] causing search overtime: "SNAFURSASS_Wood_GUN"
21:56:03.69  [CE][LootRespawner] (PRIDummy) :: Item [10] is hard to place, performance drops: "SNAFU_AK19"
21:56:03.69  [CE][LootRespawner] (PRIDummy) :: Item [11] is hard to place, performance drops: "SNAFU_AK19"
21:56:03.69  [CE][LootRespawner] (PRIDummy) :: Item [2] causing search overtime: "SNAFU_AK19"
21:56:03.130 [CE][LootRespawner] (PRIDummy) :: Item [12] is hard to place, performance drops: "GCGN_M700"
21:56:03.130 [CE][LootRespawner] (PRIDummy) :: Item [13] is hard to place, performance drops: "GCGN_M700"
21:56:03.130 [CE][LootRespawner] (PRIDummy) :: Item [3] causing search overtime: "GCGN_M700"
21:56:03.140 [CE][LootRespawner] (PRIDummy) :: Item [14] is hard to place, performance drops: "SNAFUKivaari_Tan_GUN"
21:56:03.140 [CE][LootRespawner] (PRIDummy) :: Item [15] is hard to place, performance drops: "SNAFUKivaari_Tan_GUN"
21:56:03.140 [CE][LootRespawner] (PRIDummy) :: Item [4] causing search overtime: "SNAFUKivaari_Tan_GUN"
21:56:03.187 [CE][LootRespawner] (PRIDummy) :: Item [16] is hard to place, performance drops: "dzn_yeger_pants_woodl"
21:56:03.213 [CE][LootRespawner] (PRIDummy) :: Item [17] is hard to place, performance drops: "QuiltedJacket_Green"
21:56:03.268 [CE][LootRespawner] (PRIDummy) :: Item [18] is hard to place, performance drops: "SNAFU_TP82S"
21:56:03.300 [CE][LootRespawner] (PRIDummy) :: Item [19] is hard to place, performance drops: "SNAFU_RPK16_Tan"
21:56:03.301 [CE][LootRespawner] (PRIDummy) :: Item [5] causing search overtime: "SNAFU_RPK16_Tan"
21:56:03.323 [CE][LootRespawner] (PRIDummy) :: Item [6] causing search overtime: "SNAFUThompsonMk2_30rdMag"
21:56:03.355 [CE][LootRespawner] (PRIDummy) :: Item [7] causing search overtime: "SNAFU_GADAR"
21:56:03.367 [CE][LootRespawner] (PRIDummy) :: Item [8] causing search overtime: "SNAFU_BMAG300_Black"
21:56:03.390 [CE][LootRespawner] (PRIDummy) :: Item [9] causing search overtime: "SNAFU_AKTango6T_Tan"
21:56:03.390 [CE][LootRespawner] (PRIDummy) :: Item [10] causing search overtime: "SNAFUM1A_Black"
21:56:03.437 [CE][LootRespawner] (PRIDummy) :: Item [11] causing search overtime: "SNAFU_MTango6T_Tan"
21:56:03.440  PHYSICS   (W): While attempting to remove proxy physics for the selection 'codelock', the corresponding bone could not be found in the shape 'dz\gear\camping\mediumtent.p3d'
21:56:03.441  PHYSICS   (W): While attempting to remove proxy physics for the selection 'codelock', the corresponding bone could not be found in the shape 'dz\gear\camping\mediumtent.p3d'
21:56:03.442  PHYSICS   (W): While attempting to remove proxy physics for the selection 'codelock', the corresponding bone could not be found in the shape 'dz\gear\camping\mediumtent.p3d'
21:56:03.443  PHYSICS   (W): While attempting to remove proxy physics for the selection 'codelock', the corresponding bone could not be found in the shape 'dz\gear\camping\mediumtent.p3d'
21:56:03.443  PHYSICS   (W): While attempting to remove proxy physics for the selection 'codelock', the corresponding bone could not be found in the shape 'dz\gear\camping\mediumtent.p3d'
21:56:03.444 [CE][LootRespawner] (PRIDummy) :: Item [12] causing search overtime: "SNAFUM1A_20rdMag"
21:56:03.444 [CE][LootRespawner] (PRIDummy) :: Item [13] causing search overtime: "SNAFUM98B_Mag"
21:56:03.444 [CE][LootRespawner] (PRIDummy) :: Item [20] is hard to place, performance drops: "HikingBoots_Brown"
21:56:03.465 [CE][LootRespawner] (PRIDummy) :: Item [14] causing search overtime: "SNAFUMPX_Grip"
21:56:03.465 [CE][LootRespawner] (PRIDummy) :: Item [15] causing search overtime: "SNAFU_Walther"
21:56:03.476 !!! [CE][Point] Removing 4177.679688, 8071.848633 from land_datsun01T
21:56:03.476 [CE][LootRespawner] (PRIDummy) :: Item [21] is hard to place, performance drops: "Pitchfork"
21:56:03.479 [CE][LootRespawner] (PRIDummy) :: Item [22] is hard to place, performance drops: "Pitchfork"
21:56:03.479 [CE][LootRespawner] (PRIDummy) :: Item [23] is hard to place, performance drops: "Pitchfork"
21:56:03.482 [CE][LootRespawner] (PRIDummy) :: Item [16] causing search overtime: "SNAFU_Aimpoint_M5"
21:56:03.485 [CE][LootRespawner] (PRIDummy) :: Item [17] causing search overtime: "SNAFU_AK_AR_Stock"
21:56:03.486 [CE][LootRespawner] (PRIDummy) :: Item [24] is hard to place, performance drops: "ManSuit_Khaki"
21:56:03.493 [CE][LootRespawner] (PRIDummy) :: Item [18] causing search overtime: "SNAFU_LStandardized_Suppressor_Green"
21:56:03.493 [CE][LootRespawner] (PRIDummy) :: Item [25] is hard to place, performance drops: "Hoodie_Blue"
21:56:03.498 [CE][LootRespawner] (PRIDummy) :: Item [26] is hard to place, performance drops: "Hoodie_Blue"
21:56:03.498 [CE][LootRespawner] (PRIDummy) :: Item [27] is hard to place, performance drops: "Hoodie_Blue"
21:56:03.524 [CE][LootRespawner] (PRIDummy) :: Item [19] causing search overtime: "SNAFU_MTango6T_Black"
21:56:03.524 [CE][LootRespawner] (PRIDummy) :: Item [20] causing search overtime: "SNAFU_AKHuntingOptic"
21:56:03.530 [CE][LootRespawner] (PRIDummy) :: Item [21] causing search overtime: "SNAFU_AKTrijicon"
21:56:03.530 [CE][LootRespawner] (PRIDummy) :: Item [22] causing search overtime: "SNAFU_MKahles"
21:56:03.537 [CE][LootRespawner] (PRIDummy) :: Item [23] causing search overtime: "SNAFU_FRF2"
21:56:03.540 [CE][LootRespawner] (PRIDummy) :: Item [24] causing search overtime: "SNAFU_MAimpoint_M5"
21:56:03.553 [CE][LootRespawner] (PRIDummy) :: Item [25] causing search overtime: "SN_Springfield_Mag"
21:56:03.563 [CE][LootRespawner] (PRIDummy) :: Item [26] causing search overtime: "SNAFU_MP9_GUN"
21:56:03.564 [CE][LootRespawner] (PRIDummy) :: Item [27] causing search overtime: "SNAFUASh12"
21:56:03.584 [CE][LootRespawner] (PRIDummy) :: Item [28] causing search overtime: "SNAFUVSSK"
21:56:03.584 [CE][LootRespawner] (PRIDummy) :: Item [29] causing search overtime: "SNAFU_M200B_BK"
21:56:03.604 [CE][LootRespawner] (PRIDummy) :: Item [28] is hard to place, performance drops: "CanisterGasoline"
21:56:03.605 [CE][LootRespawner] (PRIDummy) :: Item [29] is hard to place, performance drops: "CanisterGasoline"
21:56:03.619 [CE][LootRespawner] (PRIDummy) :: Item [30] causing search overtime: "SNAFU_U100_Mag"
21:56:03.626 [CE][LootRespawner] (PRIDummy) :: Item [31] causing search overtime: "GCGN_HK416"
21:56:03.626 [CE][LootRespawner] (PRIDummy) :: Item [32] causing search overtime: "SNAFU_HAimpoint_ACO"
21:56:03.629 [CE][LootRespawner] (PRIDummy) :: Item [30] is hard to place, performance drops: "SlacksPants_Brown"
21:56:03.638  ENTITY    (W): Unknown object class 'pond' (nst\ns\water\lakewater.p3d)
21:56:03.638  ENTITY    (W): Unknown object class 'pond' (nst\ns\water\lakewater.p3d)
21:56:03.639 [CE][LootRespawner] (PRIDummy) :: Item [33] causing search overtime: "SNAFU_ScarH_100RND_Mag_Tan"
21:56:03.639 [CE][LootRespawner] (PRIDummy) :: Item [34] causing search overtime: "SNAFUVECTOR_9mm_GUN"
21:56:03.639 [CE][LootRespawner] (PRIDummy) :: Item [35] causing search overtime: "SNAFU_AKLeupold_Mark8"
21:56:03.639 [CE][LootRespawner] (PRIDummy) :: Item [36] causing search overtime: "SNHK417_Mag"
21:56:03.665 [CE][LootRespawner] (PRIDummy) :: Item [37] causing search overtime: "GCGN_MP7_40Rnd"
21:56:03.666 [CE][LootRespawner] (PRIDummy) :: Item [38] causing search overtime: "SNAFU_M200S_Green"
21:56:03.669 [CE][LootRespawner] (PRIDummy) :: Item [39] causing search overtime: "SNAFU_CZ805_Gun"
21:56:03.676 [CE][LootRespawner] (PRIDummy) :: Item [31] is hard to place, performance drops: "KukriKnife"
21:56:03.680 [CE][LootRespawner] (PRIDummy) :: Item [40] causing search overtime: "SNAFU_SKS_10Rnd_Mag"
21:56:03.687  WORLD        : Create entity type 'Megaphone'
21:56:03.687   ENTITY    (E): Type 'Inventory_BaseType' must be inherited from class 'ItemMegaphoneType'
21:56:03.695 [CE][LootRespawner] (PRIDummy) :: Item [41] causing search overtime: "SNAFU_PMAG556_OD"
21:56:03.703 [CE][LootRespawner] (PRIDummy) :: Item [42] causing search overtime: "SNAFU_MEOTech_EXPS3"
21:56:03.703 [CE][LootRespawner] (PRIDummy) :: Item [32] is hard to place, performance drops: "Flag_Rooster"
21:56:03.707 [CE][LootRespawner] (PRIDummy) :: Item [43] causing search overtime: "SN_Glock19"
21:56:03.719 [CE][LootRespawner] (PRIDummy) :: Item [44] causing search overtime: "SNAFUAPS"
21:56:03.719 [CE][LootRespawner] (PRIDummy) :: Item [45] causing search overtime: "SNAFUUzi_32rdMag"
21:56:03.728 [CE][LootRespawner] (PRIDummy) :: Item [46] causing search overtime: "SNAFU_Fort12_GUN"
21:56:03.729 [CE][LootRespawner] (PRIDummy) :: Item [47] causing search overtime: "GCGN_M82_Mag"
21:56:03.730 [CE][LootRespawner] (PRIDummy) :: Item [48] causing search overtime: "SNAFU_M4556_Modular16_GUN"
21:56:03.765  ENTITY    (W): Unknown object class 'pond' (nst\ns\water\lakewater.p3d)
21:56:03.767 [CE][LootRespawner] (PRIDummy) :: Item [49] causing search overtime: "SNAFU_Tango6T_Snow"
21:56:03.768 [CE][LootRespawner] (PRIDummy) :: Item [50] causing search overtime: "SNAFUAR15_SPR_40RND_Mag"
21:56:03.768 [CE][LootRespawner] (PRIDummy) :: Item [51] causing search overtime: "SNAFU_AR15_Modular16_GUN"
21:56:03.774 [CE][LootRespawner] (PRIDummy) :: Item [52] causing search overtime: "SNAFU_AK_HG"
21:56:03.776 [CE][LootRespawner] (PRIDummy) :: Item [53] causing search overtime: "SNAFU_MTrijicon"
21:56:03.776 [CE][LootRespawner] (PRIDummy) :: Item [54] causing search overtime: "SA58_DrumMag"
21:56:03.777 [CE][LootRespawner] (PRIDummy) :: Item [55] causing search overtime: "SNAFUKivaari_Snow_GUN"
21:56:03.782 [CE][LootRespawner] (PRIDummy) :: Item [56] causing search overtime: "SNAFUGevar_Tan"
21:56:03.798 [CE][LootRespawner] (PRIDummy) :: Item [57] causing search overtime: "Snafu_PKP_250RND_Mag"
21:56:03.810 [CE][LootRespawner] (PRIDummy) :: Item [58] causing search overtime: "GCGN_VEPR_10rnd"
21:56:03.812 [CE][LootRespawner] (PRIDummy) :: Item [59] causing search overtime: "SNAFUVECTOR_45acp_Mag"
21:56:03.830 [CE][LootRespawner] (PRIDummy) :: Item [60] causing search overtime: "SNAFU_CMAG30300_Tan"
21:56:03.850 [CE][LootRespawner] (PRIDummy) :: Item [61] causing search overtime: "SNAFU_AK12A"
21:56:03.850 [CE][LootRespawner] (PRIDummy) :: Item [62] causing search overtime: "SNAFUKivaari_Grey_GUN"
21:56:03.870 [CE][LootRespawner] (PRIDummy) :: Item [63] causing search overtime: "SNAFU_HuntingOptic"
21:56:03.881 [CE][LootRespawner] (PRIDummy) :: Item [64] causing search overtime: "SNAFUDSASA58_Stock"
21:56:03.881 [CE][LootRespawner] (PRIDummy) :: Item [65] causing search overtime: "SNAFU_Shotgunchoke_Blue"
21:56:03.885 [CE][LootRespawner] (PRIDummy) :: Item [66] causing search overtime: "SA58_30RND_BK"
21:56:03.898 [CE][LootRespawner] (PRIDummy) :: Item [67] causing search overtime: "SNAFU_RPK16_Black"
21:56:03.905 !!! [CE][Point] Removing 6504.356445, 9291.453125 from land_wrecked_ural
21:56:03.905 [CE][LootRespawner] (PRIDummy) :: Item [33] is hard to place, performance drops: "Binoculars"
21:56:03.942 [CE][LootRespawner] (PRIDummy) :: Item [68] causing search overtime: "SNAFUGevar_Black"
21:56:03.949 [CE][LootRespawner] (PRIDummy) :: Item [69] causing search overtime: "SA58_30RND_WBK"
21:56:03.950 [CE][LootRespawner] (PRIDummy) :: Item [34] is hard to place, performance drops: "TaloonBag_Green"
21:56:03.951 [CE][LootRespawner] (PRIDummy) :: Item [35] is hard to place, performance drops: "TaloonBag_Green"
21:56:03.952 [CE][LootRespawner] (PRIDummy) :: Item [36] is hard to place, performance drops: "TaloonBag_Green"
21:56:03.952 [CE][LootRespawner] (PRIDummy) :: Item [37] is hard to place, performance drops: "TaloonBag_Green"
21:56:03.956 [CE][LootRespawner] (PRIDummy) :: Item [38] is hard to place, performance drops: "TaloonBag_Green"
21:56:03.961 [CE][LootRespawner] (PRIDummy) :: Item [39] is hard to place, performance drops: "Bandana_Greenpattern"
21:56:03.962 [CE][LootRespawner] (PRIDummy) :: Item [40] is hard to place, performance drops: "Bandana_Greenpattern"
21:56:03.966 [CE][LootRespawner] (PRIDummy) :: Item [70] causing search overtime: "M4_6933_Gun"
21:56:03.974 [CE][LootRespawner] (PRIDummy) :: Item [71] causing search overtime: "SNAFU_M300Green"
21:56:03.993 [CE][LootRespawner] (PRIDummy) :: Item [72] causing search overtime: "GCGN_M110_Mag"
21:56:04.05  [CE][LootRespawner] (PRIDummy) :: Item [73] causing search overtime: "SNAFU_AK308_Mag"
21:56:04.11  [CE][LootRespawner] (PRIDummy) :: Item [74] causing search overtime: "SNAFU_LVOAHG"
21:56:04.13  [CE][LootRespawner] (PRIDummy) :: Item [75] causing search overtime: "SA58_Stock"
21:56:04.13  [CE][LootRespawner] (PRIDummy) :: Item [76] causing search overtime: "SNAFUKivaari_Black_GUN"
21:56:04.14  [CE][LootRespawner] (PRIDummy) :: Item [77] causing search overtime: "SNAFUTAR21_Black"
21:56:04.14  [CE][LootRespawner] (PRIDummy) :: Item [78] causing search overtime: "SNAFU_HLeupold_Mark8"
21:56:04.16  [CE][LootRespawner] (PRIDummy) :: Item [41] is hard to place, performance drops: "Hoodie_Red"
21:56:04.17  [CE][LootRespawner] (PRIDummy) :: Item [42] is hard to place, performance drops: "Hoodie_Red"
21:56:04.18  [CE][LootRespawner] (PRIDummy) :: Item [79] causing search overtime: "SNAFU_Normalized_Suppressor_Green"
21:56:04.27  [CE][LootRespawner] (PRIDummy) :: Item [80] causing search overtime: "GCGN_M110_Tan"
21:56:04.29  [CE][LootRespawner] (PRIDummy) :: Item [43] is hard to place, performance drops: "Sweater_Gray"
21:56:04.30  [CE][LootRespawner] (PRIDummy) :: Item [44] is hard to place, performance drops: "Sweater_Gray"
21:56:04.31  [CE][LootRespawner] (PRIDummy) :: Item [45] is hard to place, performance drops: "Sweater_Gray"
21:56:04.32  [CE][LootRespawner] (PRIDummy) :: Item [46] is hard to place, performance drops: "Sweater_Gray"
21:56:04.33  [CE][LootRespawner] (PRIDummy) :: Item [47] is hard to place, performance drops: "Sweater_Gray"
21:56:04.39  [CE][LootRespawner] (PRIDummy) :: Item [81] causing search overtime: "SNAFU_CALI_GUN"
21:56:04.41  [CE][LootRespawner] (PRIDummy) :: Item [82] causing search overtime: "SNAFUUzi_72rdMag"
21:56:04.42  [CE][LootRespawner] (PRIDummy) :: Item [83] causing search overtime: "SNAFU_AKTango6T_Wood"
21:56:04.71  [CE][LootRespawner] (PRIDummy) :: Item [84] causing search overtime: "SNAFU_M200Green"
21:56:04.72  [CE][LootRespawner] (PRIDummy) :: Item [48] is hard to place, performance drops: "Bandana_BlackPattern"
21:56:04.82  [CE][LootRespawner] (PRIDummy) :: Item [85] causing search overtime: "SNAFU_AKKahles"
21:56:04.93  [CE][LootRespawner] (PRIDummy) :: Item [49] is hard to place, performance drops: "DressShoes_Brown"
21:56:04.98  [CE][LootRespawner] (PRIDummy) :: Item [86] causing search overtime: "SNAFU_CMAG30556_Black"
21:56:04.98  [CE][LootRespawner] (PRIDummy) :: Item [87] causing search overtime: "SN_USP"
21:56:04.100 [CE][LootRespawner] (PRIDummy) :: Item [88] causing search overtime: "SNAFU_M14"
21:56:04.101 [CE][LootRespawner] (PRIDummy) :: Item [89] causing search overtime: "AA12_Gun"
21:56:04.106 [CE][LootRespawner] (PRIDummy) :: Item [50] is hard to place, performance drops: "BalaclavaMask_Pink"
21:56:04.107 [CE][LootRespawner] (PRIDummy) :: Item [90] causing search overtime: "SNAFU_MK4716Gun"
21:56:04.107 [CE][LootRespawner] (PRIDummy) :: Item [91] causing search overtime: "SG550_Gun"
21:56:04.108 [CE][LootRespawner] (PRIDummy) :: Item [92] causing search overtime: "SNAFUAR15_SPR_100RND_Mag"
21:56:04.112 [CE][LootRespawner] (PRIDummy) :: Item [93] causing search overtime: "SNAFU_M249Grip"
21:56:04.119 [CE][LootRespawner] (PRIDummy) :: Item [94] causing search overtime: "SNAFU_M76"
21:56:04.119 [CE][LootRespawner] (PRIDummy) :: Item [95] causing search overtime: "SN_M870"
21:56:04.122 [CE][LootRespawner] (PRIDummy) :: Item [51] is hard to place, performance drops: "Shemag_Green"
21:56:04.129 [CE][LootRespawner] (PRIDummy) :: Item [96] causing search overtime: "SNAFU_GIGripColtA2"
21:56:04.132  ENTITY    (W): Unknown object class 'pond' (nst\ns\water\lakewater.p3d)
21:56:04.132  ENTITY    (W): Unknown object class 'pond' (nst\ns\water\lakewater.p3d)
21:56:04.157 [CE][LootRespawner] (PRIDummy) :: Item [97] causing search overtime: "SNAFURPD"
21:56:04.183 [CE][LootRespawner] (PRIDummy) :: Item [98] causing search overtime: "SNAFU_Bipod"
21:56:04.216 [CE][LootRespawner] (PRIDummy) :: Item [99] causing search overtime: "SNAFU_AK308"
21:56:04.220  ENTITY    (W): Unknown object class 'pond' (nst\ns\water\lakewater.p3d)
21:56:04.221  ENTITY    (W): Unknown object class 'pond' (nst\ns\water\lakewater.p3d)
21:56:04.221  ENTITY    (W): Unknown object class 'pond' (nst\ns\water\lakewater.p3d)
21:56:04.221  ENTITY    (W): Unknown object class 'pond' (nst\ns\water\lakewater.p3d)
21:56:04.223 [CE][LootRespawner] (PRIDummy) :: Item [100] causing search overtime: "SNAFUDVL10M2"
21:56:04.231 [CE][LootRespawner] (PRIDummy) :: Item [52] is hard to place, performance drops: "Sweater_Blue"
21:56:04.234 [CE][LootRespawner] (PRIDummy) :: Item [53] is hard to place, performance drops: "Sweater_Blue"
21:56:04.242 !!! [CE][Point] Removing 6162.589844, 10878.765625 from land_hut_old01
21:56:04.243 [CE][LootRespawner] (PRIDummy) :: Item [54] is hard to place, performance drops: "PetrolLighter"
21:56:04.275 [CE][LootRespawner] (PRIDummy) :: Item [101] causing search overtime: "SNAFU_CMAG60300_Black"
21:56:04.276 [CE][LootRespawner] (PRIDummy) :: Item [55] is hard to place, performance drops: "TShirt_White"
21:56:04.279 [CE][LootRespawner] (PRIDummy) :: Item [102] causing search overtime: "SNAFUVECTOR_9mm_Mag"
21:56:04.286  ENTITY    (W): Unknown object class 'pond' (dz\water_sakhal\ice_lake\sakhal_50x50_ice_lake_clear.p3d)
21:56:04.296 [CE][LootRespawner] (PRIDummy) :: Item [103] causing search overtime: "SNAFU_ScarH_100RND_Mag_Black"
21:56:04.312 [CE][LootRespawner] (PRIDummy) :: Item [56] is hard to place, performance drops: "M65Jacket_Olive"
21:56:04.313 [CE][LootRespawner] (PRIDummy) :: Item [57] is hard to place, performance drops: "M65Jacket_Olive"
21:56:04.317 [CE][LootRespawner] (PRIDummy) :: Item [58] is hard to place, performance drops: "Crossbow_Wood"
21:56:04.317 [CE][LootRespawner] (PRIDummy) :: Item [59] is hard to place, performance drops: "Crossbow_Wood"
21:56:04.322 [CE][LootRespawner] (PRIDummy) :: Item [104] causing search overtime: "SNAFU_FGKAC_Grip"
21:56:04.323 [CE][LootRespawner] (PRIDummy) :: Item [105] causing search overtime: "SNAFU_Ammo_46x30"
21:56:04.323 [CE][LootRespawner] (PRIDummy) :: Item [106] causing search overtime: "SNAFU_MCMR07"
21:56:04.324 [CE][LootRespawner] (PRIDummy) :: Item [107] causing search overtime: "SNAFU_MCMR08"
21:56:04.324 [CE][LootRespawner] (PRIDummy) :: Item [108] causing search overtime: "SNAFU_MCMR09"
21:56:04.325 [CE][LootRespawner] (PRIDummy) :: Item [109] causing search overtime: "SNAFU_MCMR10"
21:56:04.328 [CE][LootRespawner] (PRIDummy) :: Item [110] causing search overtime: "SNAFU_MCMR13"
21:56:04.328 [CE][LootRespawner] (PRIDummy) :: Item [111] causing search overtime: "SNAFU_MCMR15"
21:56:04.334 [CE][LootRespawner] (PRIDummy) :: Item [112] causing search overtime: "SNAFU_BMAG300_Tan"
21:56:04.337 [CE][LootRespawner] (PRIDummy) :: Item [60] is hard to place, performance drops: "SeaChest"
21:56:04.337 [CE][LootRespawner] (PRIDummy) :: Item [61] is hard to place, performance drops: "SeaChest"
21:56:04.338 [CE][LootRespawner] (PRIDummy) :: Item [113] causing search overtime: "SNAFU_AS50_GUN"
21:56:04.343 [CE][LootRespawner] (PRIDummy) :: Item [114] causing search overtime: "SNAFU_M300Mag"
21:56:04.343 [CE][LootRespawner] (PRIDummy) :: Item [115] causing search overtime: "SNAFUM96_5rdMag"
21:56:04.344 [CE][LootRespawner] (PRIDummy) :: Item [116] causing search overtime: "SNAFUAUG_BK"
21:56:04.351 [CE][LootRespawner] (PRIDummy) :: Item [117] causing search overtime: "SNAFUHoneyBadger_Black"
21:56:04.359 [CE][LootRespawner] (PRIDummy) :: Item [118] causing search overtime: "SNAFU_AKWalther"
21:56:04.362 [CE][LootRespawner] (PRIDummy) :: Item [119] causing search overtime: "SNAFU_SKS_Bayonet"
21:56:04.362 [CE][LootRespawner] (PRIDummy) :: Item [120] causing search overtime: "SR3_Vikhr_Gun"
21:56:04.368 [CE][LootRespawner] (PRIDummy) :: Item [121] causing search overtime: "SNAFUTac21_5rdMag"
21:56:04.369 [CE][LootRespawner] (PRIDummy) :: Item [122] causing search overtime: "SNAFU_M14_Mag"
21:56:04.392 [CE][LootRespawner] (PRIDummy) :: Item [123] causing search overtime: "AK74"
21:56:04.402 [CE][LootRespawner] (PRIDummy) :: Item [124] causing search overtime: "SNAFU_Agram_GUN"
21:56:04.402 [CE][LootRespawner] (PRIDummy) :: Item [125] causing search overtime: "SNAFU_Ammo_45_70mm"
21:56:04.403 [CE][LootRespawner] (PRIDummy) :: Item [126] causing search overtime: "SNAFU_M249HG"
21:56:04.403 [CE][LootRespawner] (PRIDummy) :: Item [127] causing search overtime: "SNAFU_MK7"
21:56:04.403 [CE][LootRespawner] (PRIDummy) :: Item [128] causing search overtime: "SNAFU_MK9"
21:56:04.403 [CE][LootRespawner] (PRIDummy) :: Item [62] is hard to place, performance drops: "CargoPants_Blue"
21:56:04.419 [CE][LootRespawner] (PRIDummy) :: Item [63] is hard to place, performance drops: "B95"
21:56:04.431 [CE][LootRespawner] (PRIDummy) :: Item [129] causing search overtime: "SNAFUAlligator"
21:56:04.431 [CE][LootRespawner] (PRIDummy) :: Item [130] causing search overtime: "SNAFU_SR3HG"
21:56:04.441 [CE][LootRespawner] (PRIDummy) :: Item [131] causing search overtime: "Snafu_ScarH_25RND_Mag_Snow"
21:56:04.441 [CE][LootRespawner] (PRIDummy) :: Item [132] causing search overtime: "SNAFU_AKAimpoint_ACO"
21:56:04.441 [CE][LootRespawner] (PRIDummy) :: Item [133] causing search overtime: "SNAFU_Tango6T_Wood"
21:56:04.445 [CE][LootRespawner] (PRIDummy) :: Item [134] causing search overtime: "SNAFUM24_GUN"
21:56:04.454  WORLD        : Create entity type 'headtorch_black'
21:56:04.454   ENTITY    (E): Type 'Inventory_BaseType' must be inherited from class 'ClothingType'
21:56:04.461 [CE][LootRespawner] (PRIDummy) :: Item [135] causing search overtime: "SNAFU_HKahles"
21:56:04.466 [CE][LootRespawner] (PRIDummy) :: Item [136] causing search overtime: "SNAFUP90_50rdMag"
21:56:04.466 [CE][LootRespawner] (PRIDummy) :: Item [137] causing search overtime: "SNAFUM98B_Ger_GUN"
21:56:04.467 [CE][LootRespawner] (PRIDummy) :: Item [138] causing search overtime: "SNAFUPPSKN"
21:56:04.469 [CE][LootRespawner] (PRIDummy) :: Item [139] causing search overtime: "Snafu_ScarH_25RND_Mag_BK"
21:56:04.470 [CE][LootRespawner] (PRIDummy) :: Item [140] causing search overtime: "SNAFU_CMAG40300_Tan"
21:56:04.474 [CE][LootRespawner] (PRIDummy) :: Item [141] causing search overtime: "Epinephrine"
21:56:04.479 [CE][LootRespawner] (PRIDummy) :: Item [142] causing search overtime: "SalineBag"
21:56:04.495 [CE][LootRespawner] (PRIDummy) :: Item [143] causing search overtime: "SNAFU_PDW_45ACP"
21:56:04.495 [CE][LootRespawner] (PRIDummy) :: Item [144] causing search overtime: "SNAFU_MK47HG"
21:56:04.497 [CE][LootRespawner] (PRIDummy) :: Item [145] causing search overtime: "SNAFUMarlin1895"
21:56:04.502 [CE][LootRespawner] (PRIDummy) :: Item [64] is hard to place, performance drops: "TrackSuitPants_Red"
21:56:04.503 [CE][LootRespawner] (PRIDummy) :: Item [65] is hard to place, performance drops: "TrackSuitPants_Red"
21:56:04.505 [CE][LootRespawner] (PRIDummy) :: Item [146] causing search overtime: "SNAFUGevar_Suppressor_Tan"
21:56:04.508 [CE][LootRespawner] (PRIDummy) :: Item [66] is hard to place, performance drops: "JoggingShoes_Violet"
21:56:04.512 [CE][LootRespawner] (PRIDummy) :: Item [147] causing search overtime: "GCGN_M84_Optic"
21:56:04.513 [CE][LootRespawner] (PRIDummy) :: Item [148] causing search overtime: "SNAFU_PDW_9mm_Mag"
21:56:04.515 [CE][LootRespawner] (PRIDummy) :: Item [67] is hard to place, performance drops: "TrackSuitPants_LightBlue"
21:56:04.515 [CE][LootRespawner] (PRIDummy) :: Item [68] is hard to place, performance drops: "TrackSuitPants_LightBlue"
21:56:04.519 [CE][LootRespawner] (PRIDummy) :: Item [149] causing search overtime: "Snafu_ScarH_25RND_Mag_OD"
21:56:04.524 [CE][LootRespawner] (PRIDummy) :: Item [150] causing search overtime: "SNAFU_FRF2_Mag"
21:56:04.525 [CE][LootRespawner] (PRIDummy) :: Item [151] causing search overtime: "SNAFU_Shotgunchoke_Purple"
21:56:04.536 [CE][LootRespawner] (PRIDummy) :: Item [152] causing search overtime: "SNAFU_MP9_30rnd_Mag"
21:56:04.536 [CE][LootRespawner] (PRIDummy) :: Item [153] causing search overtime: "SNAFUAPS_20rdMag"
21:56:04.539 [CE][LootRespawner] (PRIDummy) :: Item [69] is hard to place, performance drops: "Jeans_Green"
21:56:04.540 [CE][LootRespawner] (PRIDummy) :: Item [70] is hard to place, performance drops: "Jeans_Green"
21:56:04.541 [CE][LootRespawner] (PRIDummy) :: Item [71] is hard to place, performance drops: "Jeans_Green"
21:56:04.554 [CE][LootRespawner] (PRIDummy) :: Item [154] causing search overtime: "Snafu_ScarH_25RND_Mag_DKMC"
21:56:04.554 [CE][LootRespawner] (PRIDummy) :: Item [155] causing search overtime: "Ammo_40mm_Explosive"
21:56:04.556 [CE][LootRespawner] (PRIDummy) :: Item [156] causing search overtime: "Ammo_40mm_Explosive"
21:56:04.559 [CE][LootRespawner] (PRIDummy) :: Item [157] causing search overtime: "SNAFU_CMAG60556_Tan"
21:56:04.559 [CE][LootRespawner] (PRIDummy) :: Item [158] causing search overtime: "GCGN_M249_Mag"
21:56:04.573 [CE][LootRespawner] (PRIDummy) :: Item [159] causing search overtime: "SNAFUM98B_Mc_GUN"
21:56:04.573 [CE][LootRespawner] (PRIDummy) :: Item [160] causing search overtime: "SN_USP_Mag"
21:56:04.577 [CE][LootRespawner] (PRIDummy) :: Item [72] is hard to place, performance drops: "DressShoes_Black"
21:56:04.577 [CE][LootRespawner] (PRIDummy) :: Item [161] causing search overtime: "SN_Auto_Shotgun"
21:56:04.581 [CE][LootRespawner] (PRIDummy) :: Item [73] is hard to place, performance drops: "Balaclava3Holes_White"
21:56:04.589  ENTITY    (W): Unknown object class 'pond' (nst\ns\water\lakewater.p3d)
21:56:04.595  ENTITY    (W): Unknown object class 'pond' (nst\ns\water\lakewater.p3d)
21:56:04.595  ENTITY    (W): Unknown object class 'pond' (nst\ns\water\lakewater.p3d)
21:56:04.595  ENTITY    (W): Unknown object class 'pond' (nst\ns\water\lakewater.p3d)
21:56:04.661 [CE][LootRespawner] (PRIDummy) :: Item [162] causing search overtime: "SNAFUUniversalLight"
21:56:04.662 [CE][LootRespawner] (PRIDummy) :: Item [74] is hard to place, performance drops: "JumpsuitPants_Blue"
21:56:04.670 [CE][LootRespawner] (PRIDummy) :: Item [75] is hard to place, performance drops: "ManSuit_DarkGrey"
21:56:04.670 [CE][LootRespawner] (PRIDummy) :: Item [76] is hard to place, performance drops: "ManSuit_DarkGrey"
21:56:04.672 [CE][LootRespawner] (PRIDummy) :: Item [163] causing search overtime: "SNAFU_FGCR_Grip"
21:56:04.673 [CE][LootRespawner] (PRIDummy) :: Item [77] is hard to place, performance drops: "OrientalMachete"
21:56:04.682 [CE][LootRespawner] (PRIDummy) :: Item [164] causing search overtime: "Tec9_Gun"
21:56:04.682 [CE][LootRespawner] (PRIDummy) :: Item [165] causing search overtime: "SN_M9"
21:56:04.691 [CE][LootRespawner] (PRIDummy) :: Item [166] causing search overtime: "SNAFU_M300BK"
21:56:04.691 [CE][LootRespawner] (PRIDummy) :: Item [167] causing search overtime: "SN_Springfield"
21:56:04.694 [CE][LootRespawner] (PRIDummy) :: Item [168] causing search overtime: "SNAFURSASS_Mag"
21:56:04.699 [CE][LootRespawner] (PRIDummy) :: Item [169] causing search overtime: "SNAFU_SCQR_Stock"
21:56:04.701 [CE][LootRespawner] (PRIDummy) :: Item [170] causing search overtime: "SN_Auto_Shotgun_Mag"
21:56:04.712 [CE][LootRespawner] (PRIDummy) :: Item [171] causing search overtime: "SNAFU_AWM_Mag"
21:56:04.725 [CE][LootRespawner] (PRIDummy) :: Item [78] is hard to place, performance drops: "DownJacket_Orange"
21:56:04.725 [CE][LootRespawner] (PRIDummy) :: Item [79] is hard to place, performance drops: "DownJacket_Orange"
21:56:04.730 [CE][LootRespawner] (PRIDummy) :: Item [172] causing search overtime: "SNAFUGM6Lynx"
21:56:04.747 !!! [CE][Point] Removing 7662.071289, 8789.262695 from land_hiluxT
21:56:04.747 [CE][LootRespawner] (PRIDummy) :: Item [80] is hard to place, performance drops: "LeatherSewingKit"
21:56:04.757 [CE][LootRespawner] (PRIDummy) :: Item [81] is hard to place, performance drops: "WomanSuit_Khaki"
21:56:04.759 [CE][LootRespawner] (PRIDummy) :: Item [173] causing search overtime: "SNAFU_Shotgunchoke_Brown"
21:56:04.781 [CE][LootRespawner] (PRIDummy) :: Item [174] causing search overtime: "SNAFU_BMAG556_Tan"
21:56:04.786 [CE][LootRespawner] (PRIDummy) :: Item [82] is hard to place, performance drops: "HuntingVest"
21:56:04.792 [CE][LootRespawner] (PRIDummy) :: Item [83] is hard to place, performance drops: "HuntingVest"
21:56:04.803 [CE][LootRespawner] (PRIDummy) :: Item [84] is hard to place, performance drops: "BurlapSack"
21:56:04.807 [CE][LootRespawner] (PRIDummy) :: Item [85] is hard to place, performance drops: "BurlapSack"
21:56:04.810 [CE][LootRespawner] (PRIDummy) :: Item [86] is hard to place, performance drops: "BurlapSack"
21:56:04.810 [CE][LootRespawner] (PRIDummy) :: Item [87] is hard to place, performance drops: "BurlapSack"
21:56:04.810 [CE][LootRespawner] (PRIDummy) :: Item [88] is hard to place, performance drops: "BurlapSack"
21:56:04.817 [CE][LootRespawner] (PRIDummy) :: Item [89] is hard to place, performance drops: "BurlapSack"
21:56:04.820 [CE][LootRespawner] (PRIDummy) :: Item [175] causing search overtime: "SNAFU_MD_Ammo_556x45mm_M855A1"
21:56:04.824 [CE][LootRespawner] (PRIDummy) :: Item [176] causing search overtime: "SNAFU_Saint_Gun"
21:56:04.833  ENTITY    (W): Unknown object class 'pond' (nst\ns\water\lakewater.p3d)
21:56:04.834  ENTITY    (W): Unknown object class 'pond' (nst\ns\water\lakewater.p3d)
21:56:04.843 [CE][LootRespawner] (PRIDummy) :: Item [90] is hard to place, performance drops: "Flag_UEC"
21:56:04.845 [CE][LootRespawner] (PRIDummy) :: Item [177] causing search overtime: "SNAFUM1A_Tan"
21:56:04.852 [CE][LootRespawner] (PRIDummy) :: Item [178] causing search overtime: "SNAFU_M200S_BK"
21:56:04.886 [CE][LootRespawner] (PRIDummy) :: Item [179] causing search overtime: "SNAFUM98B_Atac_GUN"
21:56:04.886 [CE][LootRespawner] (PRIDummy) :: Item [180] causing search overtime: "SNAFUAX50_GUN"
21:56:04.889 [CE][LootRespawner] (PRIDummy) :: Item [181] causing search overtime: "SNAFU_M4SS_Stock"
21:56:04.898 [CE][LootRespawner] (PRIDummy) :: Item [91] is hard to place, performance drops: "Hacksaw"
21:56:04.909 [CE][LootRespawner] (PRIDummy) :: Item [182] causing search overtime: "SNAFU_Ammo_300ACC"
21:56:04.935 [CE][LootRespawner] (PRIDummy) :: Item [183] causing search overtime: "GCGN_M1Garand_Supp"
21:56:04.935 [CE][LootRespawner] (PRIDummy) :: Item [184] causing search overtime: "SNAFU_Tango6T_Black"
21:56:04.939 [CE][LootRespawner] (PRIDummy) :: Item [92] is hard to place, performance drops: "Truck_01_Wheel"
21:56:04.942 [CE][LootRespawner] (PRIDummy) :: Item [185] causing search overtime: "SA58_30RND_DT"
21:56:04.942 [CE][LootRespawner] (PRIDummy) :: Item [186] causing search overtime: "SNAFU_AKTango6T_Black"
21:56:04.946 [CE][LootRespawner] (PRIDummy) :: Item [187] causing search overtime: "SNAFU_Docter"
21:56:04.949 [CE][LootRespawner] (PRIDummy) :: Item [188] causing search overtime: "SNAFURSASS_dkmc_GUN"
21:56:04.949 [CE][LootRespawner] (PRIDummy) :: Item [189] causing search overtime: "GCGN_HK416_Mag"
21:56:04.952 [CE][LootRespawner] (PRIDummy) :: Item [190] causing search overtime: "SNAFU_M1918A2_Mag"
21:56:04.969 [CE][LootRespawner] (PRIDummy) :: Item [93] is hard to place, performance drops: "TShirt_Green"
21:56:04.970 [CE][LootRespawner] (PRIDummy) :: Item [191] causing search overtime: "ACR_Gun"
21:56:04.972 [CE][LootRespawner] (PRIDummy) :: Item [192] causing search overtime: "SNAFU_HTrijicon"
21:56:04.995 [CE][LootRespawner] (PRIDummy) :: Item [193] causing search overtime: "KazuarOptic"
21:56:04.996 [CE][LootRespawner] (PRIDummy) :: Item [194] causing search overtime: "KazuarOptic"
21:56:04.996 [CE][LootRespawner] (PRIDummy) :: Item [195] causing search overtime: "KazuarOptic"
21:56:04.996 [CE][LootRespawner] (PRIDummy) :: Item [196] causing search overtime: "SNAFU_Kobra"
21:56:05.02  [CE][LootRespawner] (PRIDummy) :: Item [197] causing search overtime: "SNAFU_ModBipod"
21:56:05.31  [CE][LootRespawner] (PRIDummy) :: Item [198] causing search overtime: "SNAFU_SKS_30Rnd_Mag"
21:56:05.32  [CE][LootRespawner] (PRIDummy) :: Item [199] causing search overtime: "SNAFU_CMAG40300_Black"
21:56:05.32  [CE][LootRespawner] (PRIDummy) :: Item [94] is hard to place, performance drops: "WorkingBoots_Brown"
21:56:05.36  [CE][LootRespawner] (PRIDummy) :: Item [200] causing search overtime: "SNAFU_SR3Vikhr_Mag"
21:56:05.46  [CE][LootRespawner] (PRIDummy) :: Item [201] causing search overtime: "BloodTestKit"
21:56:05.49  [CE][LootRespawner] (PRIDummy) :: Item [202] causing search overtime: "BloodTestKit"
21:56:05.54  [CE][LootRespawner] (PRIDummy) :: Item [203] causing search overtime: "BloodTestKit"
21:56:05.65  [CE][LootRespawner] (PRIDummy) :: Item [95] is hard to place, performance drops: "Iceaxe"
21:56:05.76  [CE][LootRespawner] (PRIDummy) :: Item [204] causing search overtime: "SNAFU_Ammo_5_7x28mm"
21:56:05.86  [CE][LootRespawner] (PRIDummy) :: Item [205] causing search overtime: "SNAFUUzi"
21:56:05.91  [CE][LootRespawner] (PRIDummy) :: Item [96] is hard to place, performance drops: "USMCPants_Woodland"
21:56:05.144 [CE][LootRespawner] (PRIDummy) :: Item [97] is hard to place, performance drops: "HuntingVest_Winter"
21:56:05.145 [CE][LootRespawner] (PRIDummy) :: Item [98] is hard to place, performance drops: "HuntingVest_Winter"
21:56:05.146 [CE][LootRespawner] (PRIDummy) :: Item [99] is hard to place, performance drops: "HuntingVest_Winter"
21:56:05.154 [CE][LootRespawner] (PRIDummy) :: Item [206] causing search overtime: "SNAFUAR15_SPR_60RND_Mag"
21:56:05.182 [CE][LootRespawner] (PRIDummy) :: Item [207] causing search overtime: "SNAFU_MWalther"
21:56:05.185 [CE][LootRespawner] (PRIDummy) :: Item [208] causing search overtime: "SNAFUM96"
21:56:05.196 [CE][LootRespawner] (PRIDummy) :: Item [209] causing search overtime: "SNAFU_TACGripColtA2_Tan"
21:56:05.197 [CE][LootRespawner] (PRIDummy) :: Item [210] causing search overtime: "AA12_Mag"
21:56:05.198 [CE][LootRespawner] (PRIDummy) :: Item [211] causing search overtime: "Snafu_ScarH_DKMC_GUN"
21:56:05.198 [CE][LootRespawner] (PRIDummy) :: Item [212] causing search overtime: "SG550_Mag"
21:56:05.210 [CE][LootRespawner] (PRIDummy) :: Item [213] causing search overtime: "SNAFU_M200SNOW"
21:56:05.217 [CE][LootRespawner] (PRIDummy) :: Item [100] is hard to place, performance drops: "Hoodie_Green"
21:56:05.218 [CE][LootRespawner] (PRIDummy) :: Item [214] causing search overtime: "SNAFU_AK12_Mag"
21:56:05.221 [CE][LootRespawner] (PRIDummy) :: Item [101] is hard to place, performance drops: "GhillieTop_Woodland"
21:56:05.231 [CE][LootRespawner] (PRIDummy) :: Item [215] causing search overtime: "SNAFU_LNormalized_Suppressor_Green"
21:56:05.244 [CE][LootRespawner] (PRIDummy) :: Item [216] causing search overtime: "SNAFU_MTango6T_Snow"
21:56:05.289 [CE][LootRespawner] (PRIDummy) :: Item [217] causing search overtime: "SNAFU_M200S_Snow"
21:56:05.291 [CE][LootRespawner] (PRIDummy) :: Item [218] causing search overtime: "SNAFUSRSA2_10rdMag"
21:56:05.291 [CE][LootRespawner] (PRIDummy) :: Item [219] causing search overtime: "SNAFU_MNightforce"
21:56:05.294 [CE][LootRespawner] (PRIDummy) :: Item [102] is hard to place, performance drops: "PoliceVest"
21:56:05.299 [CE][LootRespawner] (PRIDummy) :: Item [220] causing search overtime: "SNAFU_Shotgunchoke_Black"
21:56:05.310 [CE][LootRespawner] (PRIDummy) :: Item [221] causing search overtime: "GCGN_M200_Tan"
21:56:05.313 [CE][LootRespawner] (PRIDummy) :: Item [103] is hard to place, performance drops: "MotoHelmet_Grey"
21:56:05.313 [CE][LootRespawner] (PRIDummy) :: Item [222] causing search overtime: "SNAFUT5000_Snow_GUN"
21:56:05.319 [CE][LootRespawner] (PRIDummy) :: Item [223] causing search overtime: "SNAFU_HElcan"
21:56:05.319 [CE][LootRespawner] (PRIDummy) :: Item [224] causing search overtime: "SNAFUSten"
21:56:05.344 [CE][LootRespawner] (PRIDummy) :: Item [225] causing search overtime: "SNAFUGevar_10rdMag"
21:56:05.345 [CE][LootRespawner] (PRIDummy) :: Item [104] is hard to place, performance drops: "Balaclava3Holes_Green"
21:56:05.352 [CE][LootRespawner] (PRIDummy) :: Item [226] causing search overtime: "Snafu_ScarH_25RND_Mag_Tan"
21:56:05.358 [CE][LootRespawner] (PRIDummy) :: Item [105] is hard to place, performance drops: "GP5GasMask"
21:56:05.358 [CE][LootRespawner] (PRIDummy) :: Item [106] is hard to place, performance drops: "GP5GasMask"
21:56:05.362 [CE][LootRespawner] (PRIDummy) :: Item [227] causing search overtime: "SNAFU_U100"
21:56:05.372 [CE][LootRespawner] (PRIDummy) :: Item [228] causing search overtime: "SurgicalMask"
21:56:05.374 [CE][LootRespawner] (PRIDummy) :: Item [229] causing search overtime: "SNAFUP90"
21:56:05.374 [CE][LootRespawner] (PRIDummy) :: Item [230] causing search overtime: "GCGN_M1Garand"
21:56:05.386 [CE][LootRespawner] (PRIDummy) :: Item [107] is hard to place, performance drops: "WorkingGloves_Brown"
21:56:05.391 [CE][LootRespawner] (PRIDummy) :: Item [231] causing search overtime: "Mag_FAMAS_25Rnd"
21:56:05.391 [CE][LootRespawner] (PRIDummy) :: Item [232] causing search overtime: "Mag_FAMAS_25Rnd"
21:56:05.392 [CE][LootRespawner] (PRIDummy) :: Item [233] causing search overtime: "Mag_FAMAS_25Rnd"
21:56:05.392 [CE][LootRespawner] (PRIDummy) :: Item [234] causing search overtime: "SNAFU_CMAG30300_Black"
21:56:05.475 [CE][LootRespawner] (PRIDummy) :: Item [235] causing search overtime: "SNAFUHoneyBadger_30rdMag_Black"
21:56:05.478 [CE][LootRespawner] (PRIDummy) :: Item [108] is hard to place, performance drops: "TShirt_Beige"
21:56:05.479 [CE][LootRespawner] (PRIDummy) :: Item [109] is hard to place, performance drops: "TShirt_Beige"
21:56:05.479 [CE][LootRespawner] (PRIDummy) :: Item [110] is hard to place, performance drops: "TShirt_Beige"
21:56:05.485 [CE][LootRespawner] (PRIDummy) :: Item [236] causing search overtime: "SNAFUFAMAS"
21:56:05.485 [CE][LootRespawner] (PRIDummy) :: Item [237] causing search overtime: "SR3_Vikhr_Mag"
21:56:05.496 !!! [CE][Point] Removing 6224.349121, 11764.595703 from land_hut_old01
21:56:05.496 [CE][LootRespawner] (PRIDummy) :: Item [111] is hard to place, performance drops: "MiniDress_BlueChecker"
21:56:05.547 [CE][LootRespawner] (PRIDummy) :: Item [238] causing search overtime: "SNAFUSR3_Vikhr"
21:56:05.549 [CE][LootRespawner] (PRIDummy) :: Item [239] causing search overtime: "dzn_detector"
21:56:05.562 [CE][LootRespawner] (PRIDummy) :: Item [240] causing search overtime: "ASVAL"
21:56:05.589 [CE][LootRespawner] (PRIDummy) :: Item [241] causing search overtime: "GCGN_M700_Mag"
21:56:05.589 [CE][LootRespawner] (PRIDummy) :: Item [242] causing search overtime: "SNAFU_AS50_Mag"
21:56:05.589 [CE][LootRespawner] (PRIDummy) :: Item [112] is hard to place, performance drops: "Blouse_White"
21:56:05.593 [CE][LootRespawner] (PRIDummy) :: Item [243] causing search overtime: "SNAFU_Ammo_338"
21:56:05.597 [CE][LootRespawner] (PRIDummy) :: Item [113] is hard to place, performance drops: "WomanSuit_White"
21:56:05.597 [CE][LootRespawner] (PRIDummy) :: Item [114] is hard to place, performance drops: "WomanSuit_White"
21:56:05.597 [CE][LootRespawner] (PRIDummy) :: Item [115] is hard to place, performance drops: "WomanSuit_White"
21:56:05.599 [CE][LootRespawner] (PRIDummy) :: Item [116] is hard to place, performance drops: "WomanSuit_White"
21:56:05.602 [CE][LootRespawner] (PRIDummy) :: Item [244] causing search overtime: "dzn_netanyas_log"
21:56:05.623 [CE][LootRespawner] (PRIDummy) :: Item [245] causing search overtime: "SNAFU_M4300AC_16_GUN"
21:56:05.624 [CE][LootRespawner] (PRIDummy) :: Item [246] causing search overtime: "SNAFUGevar_Suppressor_Green"
21:56:05.625 [CE][LootRespawner] (PRIDummy) :: Item [117] is hard to place, performance drops: "GorkaEJacket_Flat"
21:56:05.656  ENTITY    (W): Unknown object class 'pond' (nst\ns\water\lakewater.p3d)
21:56:05.659 [CE][LootRespawner] (PRIDummy) :: Item [118] is hard to place, performance drops: "CamoNet"
21:56:05.667 [CE][LootRespawner] (PRIDummy) :: Item [247] causing search overtime: "SNAFU_Kahles"
21:56:05.677 [CE][LootRespawner] (PRIDummy) :: Item [248] causing search overtime: "SNAFU_MElcan"
21:56:05.677 [CE][LootRespawner] (PRIDummy) :: Item [249] causing search overtime: "SNAFUAR15_AFG"
21:56:05.677 [CE][LootRespawner] (PRIDummy) :: Item [250] causing search overtime: "SNAFU_Leupold_Mark8"
21:56:05.678 [CE][LootRespawner] (PRIDummy) :: Item [251] causing search overtime: "Mag_STANAG_30Rnd"
21:56:05.679 [CE][LootRespawner] (PRIDummy) :: Item [252] causing search overtime: "Mag_STANAG_30Rnd"
21:56:05.679 [CE][LootRespawner] (PRIDummy) :: Item [253] causing search overtime: "Mag_STANAG_30Rnd"
21:56:05.679 [CE][LootRespawner] (PRIDummy) :: Item [254] causing search overtime: "Mag_STANAG_30Rnd"
21:56:05.680 [CE][LootRespawner] (PRIDummy) :: Item [255] causing search overtime: "VR80_Magazine_5rd"
21:56:05.680 [CE][LootRespawner] (PRIDummy) :: Item [256] causing search overtime: "SNAFU_Trijicon_Docter"
21:56:05.683 [CE][LootRespawner] (PRIDummy) :: Item [257] causing search overtime: "SNAFU_SKS"
21:56:05.684 [CE][LootRespawner] (PRIDummy) :: Item [258] causing search overtime: "SN_M9_Mag"
21:56:05.702 [CE][LootRespawner] (PRIDummy) :: Item [259] causing search overtime: "SNAFU_HTrijicon_Docter"
21:56:05.703 [CE][LootRespawner] (PRIDummy) :: Item [260] causing search overtime: "SNAFU_Standardized_Suppressor_Black"
21:56:05.704 [CE][LootRespawner] (PRIDummy) :: Item [261] causing search overtime: "SNAFU_NPKPBIPOD"
21:56:05.705  PHYSICS   (W): While attempting to remove proxy physics for the selection 'codelock', the corresponding bone could not be found in the shape 'dz\gear\camping\mediumtent.p3d'
21:56:05.709  PHYSICS   (W): While attempting to remove proxy physics for the selection 'codelock', the corresponding bone could not be found in the shape 'dz\gear\camping\mediumtent.p3d'
21:56:05.710  PHYSICS   (W): While attempting to remove proxy physics for the selection 'codelock', the corresponding bone could not be found in the shape 'dz\gear\camping\mediumtent.p3d'
21:56:05.712  PHYSICS   (W): While attempting to remove proxy physics for the selection 'codelock', the corresponding bone could not be found in the shape 'dz\gear\camping\mediumtent.p3d'
21:56:05.713  PHYSICS   (W): While attempting to remove proxy physics for the selection 'codelock', the corresponding bone could not be found in the shape 'dz\gear\camping\mediumtent.p3d'
21:56:05.722 [CE][LootRespawner] (PRIDummy) :: Item [119] is hard to place, performance drops: "Pickaxe"
21:56:05.728 [CE][LootRespawner] (PRIDummy) :: Item [262] causing search overtime: "SNAFU_HG625"
21:56:05.744 [CE][LootRespawner] (PRIDummy) :: Item [120] is hard to place, performance drops: "Hatchback_02_Wheel"
21:56:05.749 [CE][LootRespawner] (PRIDummy) :: Item [263] causing search overtime: "SNAFU_MK10"
21:56:05.749 [CE][LootRespawner] (PRIDummy) :: Item [264] causing search overtime: "SNAFU_MK13"
21:56:05.749 [CE][LootRespawner] (PRIDummy) :: Item [265] causing search overtime: "SNAFU_MK15"
21:56:05.751 [CE][LootRespawner] (PRIDummy) :: Item [121] is hard to place, performance drops: "BoonieHat_Blue"
21:56:05.759 [CE][LootRespawner] (PRIDummy) :: Item [266] causing search overtime: "SNAFU_HWalther"
21:56:05.760 [CE][LootRespawner] (PRIDummy) :: Item [267] causing search overtime: "SNAFU_Tango6T_Tan"
21:56:05.760 [CE][LootRespawner] (PRIDummy) :: Item [268] causing search overtime: "SNAFU_AR15SPRBK"
21:56:05.765 [CE][LootRespawner] (PRIDummy) :: Item [122] is hard to place, performance drops: "BalaclavaMask_Black"
21:56:05.766 [CE][LootRespawner] (PRIDummy) :: Item [269] causing search overtime: "SNAFU_Ammo_145Cal"
21:56:05.766 [CE][LootRespawner] (PRIDummy) :: Item [270] causing search overtime: "SNAFU_MHuntingOptic"
21:56:05.766 [CE][LootRespawner] (PRIDummy) :: Item [271] causing search overtime: "SNAFU_TACGripColtA2_BK"
21:56:05.770 [CE][LootRespawner] (PRIDummy) :: Item [272] causing search overtime: "SNAFU_PEQ1_Laser"
21:56:05.770 [CE][LootRespawner] (PRIDummy) :: Item [273] causing search overtime: "GCGN_Ammo_408Chey"
21:56:05.770 [CE][LootRespawner] (PRIDummy) :: Item [274] causing search overtime: "SNAFU_M300TAN"
21:56:05.772 [CE][LootRespawner] (PRIDummy) :: Item [275] causing search overtime: "GCGN_Vityaz"
21:56:05.779 [CE][LootRespawner] (PRIDummy) :: Item [123] is hard to place, performance drops: "Flag_HunterZ"
21:56:05.782 [CE][LootRespawner] (PRIDummy) :: Item [276] causing search overtime: "SNAFUM98B_Wood_GUN"
21:56:05.786 [CE][LootRespawner] (PRIDummy) :: Item [277] causing search overtime: "SNAFU_Ammo_762x25"
21:56:05.790 [CE][LootRespawner] (PRIDummy) :: Item [278] causing search overtime: "IA2_Gun"
21:56:05.796 [CE][LootRespawner] (PRIDummy) :: Item [279] causing search overtime: "TetracyclineAntibiotics"
21:56:05.799 [CE][LootRespawner] (PRIDummy) :: Item [280] causing search overtime: "TetracyclineAntibiotics"
21:56:05.804 [CE][LootRespawner] (PRIDummy) :: Item [281] causing search overtime: "SNAFUSRSA2"
21:56:05.805 [CE][LootRespawner] (PRIDummy) :: Item [282] causing search overtime: "SNAFU_WSR3Stock"
21:56:05.816 [CE][LootRespawner] (PRIDummy) :: Item [124] is hard to place, performance drops: "WaterBottle"
21:56:05.817 [CE][LootRespawner] (PRIDummy) :: Item [125] is hard to place, performance drops: "WaterBottle"
21:56:05.826 [CE][LootRespawner] (PRIDummy) :: Item [283] causing search overtime: "SNAFU_TACGripColtA2_OD"
21:56:05.830 [CE][LootRespawner] (PRIDummy) :: Item [284] causing search overtime: "SNAFU_AEK545_Gun"
21:56:05.830 [CE][LootRespawner] (PRIDummy) :: Item [285] causing search overtime: "Modified_SA58_30RND_WBK"
21:56:05.843 [CE][LootRespawner] (PRIDummy) :: Item [126] is hard to place, performance drops: "GlassBottle"
21:56:05.846 [CE][LootRespawner] (PRIDummy) :: Item [286] causing search overtime: "SNAFU_MOE_Stock"
21:56:05.847 [CE][LootRespawner] (PRIDummy) :: Item [287] causing search overtime: "SNAFU_MK47_Stock"
21:56:05.847 [CE][LootRespawner] (PRIDummy) :: Item [288] causing search overtime: "M4A1"
21:56:05.849 [CE][LootRespawner] (PRIDummy) :: Item [289] causing search overtime: "Snafu_ScarH_OD_GUN"
21:56:05.850 [CE][LootRespawner] (PRIDummy) :: Item [290] causing search overtime: "SNAFU_Trijicon"
21:56:05.850 [CE][LootRespawner] (PRIDummy) :: Item [291] causing search overtime: "SNAFUAR15_SPR_SIL"
21:56:05.854 [CE][LootRespawner] (PRIDummy) :: Item [292] causing search overtime: "SNAFUAUG"
21:56:05.862 [CE][LootRespawner] (PRIDummy) :: Item [293] causing search overtime: "SNAFU_M4300AC_10_GUN"
21:56:05.873 [CE][LootRespawner] (PRIDummy) :: Item [294] causing search overtime: "SNAFU_AKElcan"
21:56:05.876 [CE][LootRespawner] (PRIDummy) :: Item [295] causing search overtime: "SNAFU_RPK16_Green"
21:56:05.884 [CE][LootRespawner] (PRIDummy) :: Item [296] causing search overtime: "SNAFUAUG_30rdMag"
21:56:05.885 [CE][LootRespawner] (PRIDummy) :: Item [297] causing search overtime: "SNAFU_EOTech_EXPS3"
21:56:05.887 [CE][LootRespawner] (PRIDummy) :: Item [127] is hard to place, performance drops: "dzn_ghilliebushragwinter"
21:56:05.889 [CE][LootRespawner] (PRIDummy) :: Item [298] causing search overtime: "Mag_Vikhr_30Rnd"
21:56:05.889 [CE][LootRespawner] (PRIDummy) :: Item [299] causing search overtime: "Mag_Vikhr_30Rnd"
21:56:05.890 [CE][LootRespawner] (PRIDummy) :: Item [300] causing search overtime: "SNAFU_CMAG60300_Tan"
21:56:05.891 [CE][LootRespawner] (PRIDummy) :: Item [301] causing search overtime: "SNAFUM98B_Snow_GUN"
21:56:05.891 [CE][LootRespawner] (PRIDummy) :: Item [302] causing search overtime: "SNAFUGevar_Green"
21:56:05.892 [CE][LootRespawner] (PRIDummy) :: Item [303] causing search overtime: "SNAFUSten_32rdMag"
21:56:05.892 [CE][LootRespawner] (PRIDummy) :: Item [304] causing search overtime: "SNAFU_PL14HQP_Mag"
21:56:05.892 [CE][LootRespawner] (PRIDummy) :: Item [305] causing search overtime: "SNAFU_Saint_Mag"
21:56:05.901 [CE][LootRespawner] (PRIDummy) :: Item [306] causing search overtime: "ChickenFeather"
21:56:05.904 [CE][LootRespawner] (PRIDummy) :: Item [307] causing search overtime: "ChickenFeather"
21:56:05.905 [CE][LootRespawner] (PRIDummy) :: Item [308] causing search overtime: "ChickenFeather"
21:56:05.906 [CE][LootRespawner] (PRIDummy) :: Item [309] causing search overtime: "ChickenFeather"
21:56:05.908 [CE][LootRespawner] (PRIDummy) :: Item [310] causing search overtime: "ChickenFeather"
21:56:05.909 [CE][LootRespawner] (PRIDummy) :: Item [311] causing search overtime: "ChickenFeather"
21:56:05.910 [CE][LootRespawner] (PRIDummy) :: Item [312] causing search overtime: "ChickenFeather"
21:56:05.910 [CE][LootRespawner] (PRIDummy) :: Item [313] causing search overtime: "ChickenFeather"
21:56:05.910 [CE][LootRespawner] (PRIDummy) :: Item [314] causing search overtime: "ChickenFeather"
21:56:05.910 [CE][LootRespawner] (PRIDummy) :: Item [315] causing search overtime: "ChickenFeather"
21:56:05.910 [CE][LootRespawner] (PRIDummy) :: Item [316] causing search overtime: "ChickenFeather"
21:56:05.911 [CE][LootRespawner] (PRIDummy) :: Item [317] causing search overtime: "ChickenFeather"
21:56:05.911 [CE][LootRespawner] (PRIDummy) :: Item [318] causing search overtime: "ChickenFeather"
21:56:05.911 [CE][LootRespawner] (PRIDummy) :: Item [319] causing search overtime: "ChickenFeather"
21:56:05.911 [CE][LootRespawner] (PRIDummy) :: Item [320] causing search overtime: "ChickenFeather"
21:56:05.911 [CE][LootRespawner] (PRIDummy) :: Item [321] causing search overtime: "ChickenFeather"
21:56:05.912 [CE][LootRespawner] (PRIDummy) :: Item [322] causing search overtime: "ChickenFeather"
21:56:05.912 [CE][LootRespawner] (PRIDummy) :: Item [323] causing search overtime: "ChickenFeather"
21:56:05.913 [CE][LootRespawner] (PRIDummy) :: Item [324] causing search overtime: "ChickenFeather"
21:56:05.913 [CE][LootRespawner] (PRIDummy) :: Item [325] causing search overtime: "ChickenFeather"
21:56:05.913 [CE][LootRespawner] (PRIDummy) :: Item [326] causing search overtime: "ChickenFeather"
21:56:05.914 [CE][LootRespawner] (PRIDummy) :: Item [327] causing search overtime: "ChickenFeather"
21:56:05.914 [CE][LootRespawner] (PRIDummy) :: Item [328] causing search overtime: "ChickenFeather"
21:56:05.915 [CE][LootRespawner] (PRIDummy) :: Item [329] causing search overtime: "ChickenFeather"
21:56:05.915 [CE][LootRespawner] (PRIDummy) :: Item [330] causing search overtime: "ChickenFeather"
21:56:05.915 [CE][LootRespawner] (PRIDummy) :: Item [331] causing search overtime: "ChickenFeather"
21:56:05.915 [CE][LootRespawner] (PRIDummy) :: Item [332] causing search overtime: "ChickenFeather"
21:56:05.915 [CE][LootRespawner] (PRIDummy) :: Item [333] causing search overtime: "ChickenFeather"
21:56:05.915 [CE][LootRespawner] (PRIDummy) :: Item [334] causing search overtime: "ChickenFeather"
21:56:05.916 [CE][LootRespawner] (PRIDummy) :: Item [335] causing search overtime: "ChickenFeather"
21:56:05.934 [CE][LootRespawner] (PRIDummy) :: Item [336] causing search overtime: "SNAFU_HeramuzzelF"
21:56:05.934  WORLD        : Create entity type 'BaseRadio'
21:56:05.934   ENTITY    (E): Type 'Inventory_BaseType' must be inherited from class 'ItemTransmitterType'
21:56:05.938 [CE][LootRespawner] (PRIDummy) :: Item [128] is hard to place, performance drops: "BaseRadio"
21:56:05.944 [CE][LootRespawner] (PRIDummy) :: Item [129] is hard to place, performance drops: "dzn_smershvest_white"
21:56:05.948 [CE][LootRespawner] (PRIDummy) :: Item [337] causing search overtime: "SNAFUAX50_Mag"
21:56:05.948 [CE][LootRespawner] (PRIDummy) :: Item [338] causing search overtime: "SNSA58_Gun"
21:56:05.976 [CE][LootRespawner] (PRIDummy) :: Item [339] causing search overtime: "SNAFUPPSh_71rdMag"
21:56:05.992 [CE][LootRespawner] (PRIDummy) :: Item [340] causing search overtime: "SNAFU_Agram_Suppressor_Black"
21:56:05.995 [CE][LootRespawner] (PRIDummy) :: Item [341] causing search overtime: "SNAFURSASS_od_GUN"
21:56:05.995 [CE][LootRespawner] (PRIDummy) :: Item [342] causing search overtime: "SNAFU_AR15SPRTAN"
21:56:05.997 [CE][LootRespawner] (PRIDummy) :: Item [343] causing search overtime: "SNAFU_ADAR_Modular16_GUN"
21:56:05.997 [CE][LootRespawner] (PRIDummy) :: Item [344] causing search overtime: "SNAFUAlligator_5rdMag"
21:56:06.00  [CE][LootRespawner] (PRIDummy) :: Item [345] causing search overtime: "SNAFUT5000_Mag"
21:56:06.01  [CE][LootRespawner] (PRIDummy) :: Item [346] causing search overtime: "SNAFU_Elcan"
21:56:06.09  [CE][LootRespawner] (PRIDummy) :: Item [347] causing search overtime: "SNAFU_PistolGripColtA2"
21:56:06.39   PHYSICS   (W): While attempting to remove proxy physics for the selection 'codelock', the corresponding bone could not be found in the shape 'dz\gear\camping\largetent.p3d'
21:56:06.42   PHYSICS   (W): While attempting to remove proxy physics for the selection 'codelock', the corresponding bone could not be found in the shape 'dz\gear\camping\largetent.p3d'
21:56:06.46   PHYSICS   (W): While attempting to remove proxy physics for the selection 'codelock', the corresponding bone could not be found in the shape 'dz\gear\camping\largetent.p3d'
21:56:06.49   PHYSICS   (W): While attempting to remove proxy physics for the selection 'codelock', the corresponding bone could not be found in the shape 'dz\gear\camping\largetent.p3d'
21:56:06.53   PHYSICS   (W): While attempting to remove proxy physics for the selection 'codelock', the corresponding bone could not be found in the shape 'dz\gear\camping\largetent.p3d'
21:56:06.56   PHYSICS   (W): While attempting to remove proxy physics for the selection 'codelock', the corresponding bone could not be found in the shape 'dz\gear\camping\largetent.p3d'
21:56:06.68  [CE][LootRespawner] (PRIDummy) :: Item [348] causing search overtime: "HK416_Gun"
21:56:06.72  [CE][LootRespawner] (PRIDummy) :: Item [349] causing search overtime: "SNAFU_MK47Muzzel"
21:56:06.72  [CE][LootRespawner] (PRIDummy) :: Item [350] causing search overtime: "SNAFUSA80"
21:56:06.72  [CE][LootRespawner] (PRIDummy) :: Item [351] causing search overtime: "SNAFUM1A_Green"
21:56:06.76  [CE][LootRespawner] (PRIDummy) :: Item [130] is hard to place, performance drops: "MountainBag_Green"
21:56:06.76  [CE][LootRespawner] (PRIDummy) :: Item [131] is hard to place, performance drops: "MountainBag_Green"
21:56:06.77  [CE][LootRespawner] (PRIDummy) :: Item [132] is hard to place, performance drops: "MountainBag_Green"
21:56:06.77  [CE][LootRespawner] (PRIDummy) :: Item [133] is hard to place, performance drops: "MountainBag_Green"
21:56:06.78  [CE][LootRespawner] (PRIDummy) :: Item [352] causing search overtime: "SNAFU_Kabar"
21:56:06.82  [CE][LootRespawner] (PRIDummy) :: Item [134] is hard to place, performance drops: "Balaclava3Holes_Blue"
21:56:06.87  [CE][LootRespawner] (PRIDummy) :: Item [353] causing search overtime: "SNAFU_AKEOTech_EXPS3"
21:56:06.90  [CE][LootRespawner] (PRIDummy) :: Item [354] causing search overtime: "SNAFU_Shotgunchoke_Yellow"
21:56:06.98  [CE][LootRespawner] (PRIDummy) :: Item [135] is hard to place, performance drops: "BearTrap"
21:56:06.99  [CE][LootRespawner] (PRIDummy) :: Item [136] is hard to place, performance drops: "BearTrap"
21:56:06.99  [CE][LootRespawner] (PRIDummy) :: Item [137] is hard to place, performance drops: "BearTrap"
21:56:06.99  [CE][LootRespawner] (PRIDummy) :: Item [138] is hard to place, performance drops: "BearTrap"
21:56:06.99  [CE][LootRespawner] (PRIDummy) :: Item [139] is hard to place, performance drops: "BearTrap"
21:56:06.100 [CE][LootRespawner] (PRIDummy) :: Item [355] causing search overtime: "BearTrap"
21:56:06.100 [CE][LootRespawner] (PRIDummy) :: Item [140] is hard to place, performance drops: "BearTrap"
21:56:06.101 [CE][LootRespawner] (PRIDummy) :: Item [141] is hard to place, performance drops: "BearTrap"
21:56:06.101 [CE][LootRespawner] (PRIDummy) :: Item [142] is hard to place, performance drops: "BearTrap"
21:56:06.101 [CE][LootRespawner] (PRIDummy) :: Item [143] is hard to place, performance drops: "BearTrap"
21:56:06.102 [CE][LootRespawner] (PRIDummy) :: Item [144] is hard to place, performance drops: "BearTrap"
21:56:06.102 [CE][LootRespawner] (PRIDummy) :: Item [356] causing search overtime: "BearTrap"
21:56:06.102 [CE][LootRespawner] (PRIDummy) :: Item [145] is hard to place, performance drops: "BearTrap"
21:56:06.102 [CE][LootRespawner] (PRIDummy) :: Item [146] is hard to place, performance drops: "BearTrap"
21:56:06.102 [CE][LootRespawner] (PRIDummy) :: Item [147] is hard to place, performance drops: "BearTrap"
21:56:06.102 [CE][LootRespawner] (PRIDummy) :: Item [148] is hard to place, performance drops: "BearTrap"
21:56:06.102 [CE][LootRespawner] (PRIDummy) :: Item [149] is hard to place, performance drops: "BearTrap"
21:56:06.102 [CE][LootRespawner] (PRIDummy) :: Item [357] causing search overtime: "BearTrap"
21:56:06.102 [CE][LootRespawner] (PRIDummy) :: Item [150] is hard to place, performance drops: "BearTrap"
21:56:06.102 [CE][LootRespawner] (PRIDummy) :: Item [151] is hard to place, performance drops: "BearTrap"
21:56:06.102 [CE][LootRespawner] (PRIDummy) :: Item [152] is hard to place, performance drops: "BearTrap"
21:56:06.102 [CE][LootRespawner] (PRIDummy) :: Item [153] is hard to place, performance drops: "BearTrap"
21:56:06.102 [CE][LootRespawner] (PRIDummy) :: Item [154] is hard to place, performance drops: "BearTrap"
21:56:06.102 [CE][LootRespawner] (PRIDummy) :: Item [358] causing search overtime: "BearTrap"
21:56:06.102 [CE][LootRespawner] (PRIDummy) :: Item [155] is hard to place, performance drops: "BearTrap"
21:56:06.102 [CE][LootRespawner] (PRIDummy) :: Item [156] is hard to place, performance drops: "BearTrap"
21:56:06.102 [CE][LootRespawner] (PRIDummy) :: Item [157] is hard to place, performance drops: "BearTrap"
21:56:06.102 [CE][LootRespawner] (PRIDummy) :: Item [158] is hard to place, performance drops: "BearTrap"
21:56:06.102 [CE][LootRespawner] (PRIDummy) :: Item [159] is hard to place, performance drops: "BearTrap"
21:56:06.103 [CE][LootRespawner] (PRIDummy) :: Item [359] causing search overtime: "BearTrap"
21:56:06.103 [CE][LootRespawner] (PRIDummy) :: Item [160] is hard to place, performance drops: "BearTrap"
21:56:06.103 [CE][LootRespawner] (PRIDummy) :: Item [161] is hard to place, performance drops: "BearTrap"
21:56:06.103 [CE][LootRespawner] (PRIDummy) :: Item [162] is hard to place, performance drops: "BearTrap"
21:56:06.103 [CE][LootRespawner] (PRIDummy) :: Item [163] is hard to place, performance drops: "BearTrap"
21:56:06.103 [CE][LootRespawner] (PRIDummy) :: Item [164] is hard to place, performance drops: "BearTrap"
21:56:06.103 [CE][LootRespawner] (PRIDummy) :: Item [360] causing search overtime: "BearTrap"
21:56:06.103 [CE][LootRespawner] (PRIDummy) :: Item [165] is hard to place, performance drops: "BearTrap"
21:56:06.103 [CE][LootRespawner] (PRIDummy) :: Item [166] is hard to place, performance drops: "BearTrap"
21:56:06.103 [CE][LootRespawner] (PRIDummy) :: Item [167] is hard to place, performance drops: "BearTrap"
21:56:06.103 [CE][LootRespawner] (PRIDummy) :: Item [168] is hard to place, performance drops: "BearTrap"
21:56:06.103 [CE][LootRespawner] (PRIDummy) :: Item [169] is hard to place, performance drops: "BearTrap"
21:56:06.103 [CE][LootRespawner] (PRIDummy) :: Item [361] causing search overtime: "BearTrap"
21:56:06.103 [CE][LootRespawner] (PRIDummy) :: Item [170] is hard to place, performance drops: "BearTrap"
21:56:06.103 [CE][LootRespawner] (PRIDummy) :: Item [171] is hard to place, performance drops: "BearTrap"
21:56:06.103 [CE][LootRespawner] (PRIDummy) :: Item [172] is hard to place, performance drops: "BearTrap"
21:56:06.103 [CE][LootRespawner] (PRIDummy) :: Item [173] is hard to place, performance drops: "BearTrap"
21:56:06.103 [CE][LootRespawner] (PRIDummy) :: Item [174] is hard to place, performance drops: "BearTrap"
21:56:06.104 [CE][LootRespawner] (PRIDummy) :: Item [362] causing search overtime: "BearTrap"
21:56:06.104 [CE][LootRespawner] (PRIDummy) :: Item [175] is hard to place, performance drops: "BearTrap"
21:56:06.104 [CE][LootRespawner] (PRIDummy) :: Item [176] is hard to place, performance drops: "BearTrap"
21:56:06.104 [CE][LootRespawner] (PRIDummy) :: Item [177] is hard to place, performance drops: "BearTrap"
21:56:06.104 [CE][LootRespawner] (PRIDummy) :: Item [178] is hard to place, performance drops: "BearTrap"
21:56:06.104 [CE][LootRespawner] (PRIDummy) :: Item [179] is hard to place, performance drops: "BearTrap"
21:56:06.104 [CE][LootRespawner] (PRIDummy) :: Item [363] causing search overtime: "BearTrap"
21:56:06.104 [CE][LootRespawner] (PRIDummy) :: Item [180] is hard to place, performance drops: "BearTrap"
21:56:06.104 [CE][LootRespawner] (PRIDummy) :: Item [181] is hard to place, performance drops: "BearTrap"
21:56:06.104 [CE][LootRespawner] (PRIDummy) :: Item [182] is hard to place, performance drops: "BearTrap"
21:56:06.105 [CE][LootRespawner] (PRIDummy) :: Item [183] is hard to place, performance drops: "BearTrap"
21:56:06.105 [CE][LootRespawner] (PRIDummy) :: Item [184] is hard to place, performance drops: "BearTrap"
21:56:06.105 [CE][LootRespawner] (PRIDummy) :: Item [364] causing search overtime: "BearTrap"
21:56:06.105 [CE][LootRespawner] (PRIDummy) :: Item [185] is hard to place, performance drops: "BearTrap"
21:56:06.106 [CE][LootRespawner] (PRIDummy) :: Item [186] is hard to place, performance drops: "BearTrap"
21:56:06.106 [CE][LootRespawner] (PRIDummy) :: Item [187] is hard to place, performance drops: "BearTrap"
21:56:06.106 [CE][LootRespawner] (PRIDummy) :: Item [188] is hard to place, performance drops: "BearTrap"
21:56:06.106 [CE][LootRespawner] (PRIDummy) :: Item [189] is hard to place, performance drops: "BearTrap"
21:56:06.106 [CE][LootRespawner] (PRIDummy) :: Item [365] causing search overtime: "BearTrap"
21:56:06.106 [CE][LootRespawner] (PRIDummy) :: Item [190] is hard to place, performance drops: "BearTrap"
21:56:06.106 [CE][LootRespawner] (PRIDummy) :: Item [191] is hard to place, performance drops: "BearTrap"
21:56:06.106 [CE][LootRespawner] (PRIDummy) :: Item [192] is hard to place, performance drops: "BearTrap"
21:56:06.106 [CE][LootRespawner] (PRIDummy) :: Item [193] is hard to place, performance drops: "BearTrap"
21:56:06.106 [CE][LootRespawner] (PRIDummy) :: Item [194] is hard to place, performance drops: "BearTrap"
21:56:06.106 [CE][LootRespawner] (PRIDummy) :: Item [366] causing search overtime: "BearTrap"
21:56:06.106 [CE][LootRespawner] (PRIDummy) :: Item [367] causing search overtime: "GCGN_Ammo_762x51"
21:56:06.106 [CE][LootRespawner] (PRIDummy) :: Item [368] causing search overtime: "SNAFU_AFG_02_Tan"
21:56:06.108 [CE][LootRespawner] (PRIDummy) :: Item [195] is hard to place, performance drops: "TrackSuitJacket_Red"
21:56:06.108 [CE][LootRespawner] (PRIDummy) :: Item [196] is hard to place, performance drops: "TrackSuitJacket_Red"
21:56:06.110 [CE][LootRespawner] (PRIDummy) :: Item [369] causing search overtime: "SNAFU_VSSKbipod"
21:56:06.110 [CE][LootRespawner] (PRIDummy) :: Item [370] causing search overtime: "SNAFUKivaari_25rdMag"
21:56:06.118 [CE][LootRespawner] (PRIDummy) :: Item [371] causing search overtime: "dzn_platecarriervest_nac"
21:56:06.118 [CE][LootRespawner] (PRIDummy) :: Item [372] causing search overtime: "SNAFUAR15_SPR_SQSIL"
21:56:06.118 [CE][LootRespawner] (PRIDummy) :: Item [373] causing search overtime: "SNAFU_LStandardized_Suppressor_Black"
21:56:06.121 [CE][LootRespawner] (PRIDummy) :: Item [197] is hard to place, performance drops: "TShirt_Grey"
21:56:06.129 [CE][LootRespawner] (PRIDummy) :: Item [374] causing search overtime: "SNAFU_HAimpoint_M5"
21:56:06.133 [CE][LootRespawner] (PRIDummy) :: Item [375] causing search overtime: "SNAFU_Shotgunchoke_Red"
21:56:06.133 [CE][LootRespawner] (PRIDummy) :: Item [376] causing search overtime: "SNAFU_Saint556_Gun"
21:56:06.142 [CE][LootRespawner] (PRIDummy) :: Item [377] causing search overtime: "VR80_Gun"
21:56:06.157 [CE][LootRespawner] (PRIDummy) :: Item [198] is hard to place, performance drops: "TTsKOJacket_Camo"
21:56:06.161 [CE][LootRespawner] (PRIDummy) :: Item [378] causing search overtime: "dzn_platecarrierholster_nac"
21:56:06.162 [CE][LootRespawner] (PRIDummy) :: Item [379] causing search overtime: "SNAFU_AWM_GUN"
21:56:06.162 [CE][LootRespawner] (PRIDummy) :: Item [380] causing search overtime: "NVGoggles"
21:56:06.162 [CE][LootRespawner] (PRIDummy) :: Item [381] causing search overtime: "NVGoggles"
21:56:06.206 [CE][LootRespawner] (PRIDummy) :: Item [382] causing search overtime: "GCGN_Mag_FAL_50Rnd"
21:56:06.206 [CE][LootRespawner] (PRIDummy) :: Item [383] causing search overtime: "FarmingHoe"
21:56:06.206 [CE][LootRespawner] (PRIDummy) :: Item [384] causing search overtime: "FarmingHoe"
21:56:06.207 [CE][LootRespawner] (PRIDummy) :: Item [385] causing search overtime: "FarmingHoe"
21:56:06.207 [CE][LootRespawner] (PRIDummy) :: Item [386] causing search overtime: "FarmingHoe"
21:56:06.207 [CE][LootRespawner] (PRIDummy) :: Item [387] causing search overtime: "FarmingHoe"
21:56:06.207 [CE][LootRespawner] (PRIDummy) :: Item [388] causing search overtime: "FarmingHoe"
21:56:06.207 [CE][LootRespawner] (PRIDummy) :: Item [389] causing search overtime: "FarmingHoe"
21:56:06.207 [CE][LootRespawner] (PRIDummy) :: Item [390] causing search overtime: "FarmingHoe"
21:56:06.207 [CE][LootRespawner] (PRIDummy) :: Item [391] causing search overtime: "GCGN_Ammo_50Cal"
21:56:06.208 [CE][LootRespawner] (PRIDummy) :: Item [392] causing search overtime: "SNAFU_PL14HQP"
21:56:06.208 [CE][LootRespawner] (PRIDummy) :: Item [393] causing search overtime: "SNAFU_MTrijicon_Docter"
21:56:06.210 [CE][LootRespawner] (PRIDummy) :: Item [394] causing search overtime: "MK18_Gun"
21:56:06.210 [CE][LootRespawner] (PRIDummy) :: Item [395] causing search overtime: "SNAFU_AK19_Stock"
21:56:06.214 [CE][LootRespawner] (PRIDummy) :: Item [396] causing search overtime: "Mag_SVD_10Rnd"
21:56:06.215 [CE][LootRespawner] (PRIDummy) :: Item [397] causing search overtime: "Mag_SVD_10Rnd"
21:56:06.215 [CE][LootRespawner] (PRIDummy) :: Item [398] causing search overtime: "Mag_SVD_10Rnd"
21:56:06.215 [CE][LootRespawner] (PRIDummy) :: Item [399] causing search overtime: "Mag_SVD_10Rnd"
21:56:06.219 [CE][LootRespawner] (PRIDummy) :: Item [400] causing search overtime: "dzn_blueprint_lehs"
21:56:06.224 [CE][LootRespawner] (PRIDummy) :: Item [199] is hard to place, performance drops: "MountainBag_Orange"
21:56:06.225 [CE][LootRespawner] (PRIDummy) :: Item [200] is hard to place, performance drops: "MountainBag_Orange"
21:56:06.225 [CE][LootRespawner] (PRIDummy) :: Item [201] is hard to place, performance drops: "MountainBag_Orange"
21:56:06.225 [CE][LootRespawner] (PRIDummy) :: Item [202] is hard to place, performance drops: "MountainBag_Orange"
21:56:06.244 [CE][LootRespawner] (PRIDummy) :: Item [401] causing search overtime: "SNAFU_MTango6T_Wood"
21:56:06.245 [CE][LootRespawner] (PRIDummy) :: Item [402] causing search overtime: "SNAFU_SR3Vikhr_Supp"
21:56:06.249 [CE][LootRespawner] (PRIDummy) :: Item [203] is hard to place, performance drops: "CarRadiator"
21:56:06.249 [CE][LootRespawner] (PRIDummy) :: Item [204] is hard to place, performance drops: "CarRadiator"
21:56:06.268 [CE][LootRespawner] (PRIDummy) :: Item [403] causing search overtime: "SNAFU_AFG_02_Black"
21:56:06.273 [CE][LootRespawner] (PRIDummy) :: Item [404] causing search overtime: "SNAFU_SR25_Mag"
21:56:06.280 [CE][LootRespawner] (PRIDummy) :: Item [205] is hard to place, performance drops: "Winchester70"
21:56:06.289 [CE][LootRespawner] (PRIDummy) :: Item [206] is hard to place, performance drops: "GorkaEJacket_PautRev"
21:56:06.299 [CE][LootRespawner] (PRIDummy) :: Item [207] is hard to place, performance drops: "Screwdriver"
21:56:06.307 [CE][LootRespawner] (PRIDummy) :: Item [208] is hard to place, performance drops: "TShirt_Blue"
21:56:06.308 [CE][LootRespawner] (PRIDummy) :: Item [209] is hard to place, performance drops: "TShirt_Blue"
21:56:06.310 [CE][LootRespawner] (PRIDummy) :: Item [405] causing search overtime: "SNAFU_Aimpoint_ACO"
21:56:06.339 [CE][LootRespawner] (PRIDummy) :: Item [406] causing search overtime: "SNAFUPPSh"
21:56:06.340 [CE][LootRespawner] (PRIDummy) :: Item [407] causing search overtime: "dzn_athena3_october"
21:56:06.352 [CE][LootRespawner] (PRIDummy) :: Item [210] is hard to place, performance drops: "PowerGenerator"
21:56:06.353 [CE][LootRespawner] (PRIDummy) :: Item [211] is hard to place, performance drops: "PowerGenerator"
21:56:06.355 [CE][LootRespawner] (PRIDummy) :: Item [212] is hard to place, performance drops: "PowerGenerator"
21:56:06.356 [CE][LootRespawner] (PRIDummy) :: Item [408] causing search overtime: "SNAFUAR15_SPR_Tan_GUN"
21:56:06.360 [CE][LootRespawner] (PRIDummy) :: Item [409] causing search overtime: "Mag_Aug_30Rnd"
21:56:06.361 [CE][LootRespawner] (PRIDummy) :: Item [410] causing search overtime: "Mag_Aug_30Rnd"
21:56:06.362 [CE][LootRespawner] (PRIDummy) :: Item [411] causing search overtime: "Mag_Aug_30Rnd"
21:56:06.362 [CE][LootRespawner] (PRIDummy) :: Item [412] causing search overtime: "SA58_FGrip"
21:56:06.365 [CE][LootRespawner] (PRIDummy) :: Item [413] causing search overtime: "SNAFU_PRSGen3_Stock"
21:56:06.369 [CE][LootRespawner] (PRIDummy) :: Item [213] is hard to place, performance drops: "HuntingJacket_Summer"
21:56:06.369 [CE][LootRespawner] (PRIDummy) :: Item [214] is hard to place, performance drops: "HuntingJacket_Summer"
21:56:06.373 [CE][LootRespawner] (PRIDummy) :: Item [215] is hard to place, performance drops: "WorkingGloves_Yellow"
21:56:06.381 [CE][LootRespawner] (PRIDummy) :: Item [414] causing search overtime: "SNAFU_Trenchgun"
21:56:06.395 [CE][LootRespawner] (PRIDummy) :: Item [415] causing search overtime: "SNAFU_M249Bipod"
21:56:06.397 [CE][LootRespawner] (PRIDummy) :: Item [216] is hard to place, performance drops: "HandSaw"
21:56:06.409 [CE][LootRespawner] (PRIDummy) :: Item [416] causing search overtime: "SNAFU_AK103_Mag"
21:56:06.419 [CE][LootRespawner] (PRIDummy) :: Item [417] causing search overtime: "SNAFUPPSKN_30rdMag"
21:56:06.419 [CE][LootRespawner] (PRIDummy) :: Item [418] causing search overtime: "SNAFUHoneyBadger_30rdMag_Tan"
21:56:06.429 [CE][LootRespawner] (PRIDummy) :: Item [419] causing search overtime: "SNAFU_M4300AC_14DV_GUN"
21:56:06.429 [CE][LootRespawner] (PRIDummy) :: Item [420] causing search overtime: "SNAFUTAR21_Tan"
21:56:06.429 [CE][LootRespawner] (PRIDummy) :: Item [421] causing search overtime: "SNAFU_HGGS"
21:56:06.429 [CE][LootRespawner] (PRIDummy) :: Item [422] causing search overtime: "SNAFUKivaari_338_Supp"
21:56:06.431 [CE][LootRespawner] (PRIDummy) :: Item [423] causing search overtime: "Mag_Saiga_Drum20Rnd"
21:56:06.431 [CE][LootRespawner] (PRIDummy) :: Item [424] causing search overtime: "Mag_Saiga_Drum20Rnd"
21:56:06.450 [CE][LootRespawner] (PRIDummy) :: Item [425] causing search overtime: "SNAFUGevar_Grey"
21:56:06.451 [CE][LootRespawner] (PRIDummy) :: Item [426] causing search overtime: "SNAFU_SADAR_Stock"
21:56:06.451 [CE][LootRespawner] (PRIDummy) :: Item [427] causing search overtime: "SNAFUVSSK_5rdMag"
21:56:06.454 [CE][LootRespawner] (PRIDummy) :: Item [217] is hard to place, performance drops: "USMCJacket_Woodland"
21:56:06.458 [CE][LootRespawner] (PRIDummy) :: Item [218] is hard to place, performance drops: "TaloonBag_Orange"
21:56:06.465 [CE][LootRespawner] (PRIDummy) :: Item [219] is hard to place, performance drops: "WoolCoat_Red"
21:56:06.466 [CE][LootRespawner] (PRIDummy) :: Item [220] is hard to place, performance drops: "CargoPants_Black"
21:56:06.475 [CE][LootRespawner] (PRIDummy) :: Item [428] causing search overtime: "dzn_module_card"
21:56:06.506 [CE][LootRespawner] (PRIDummy) :: Item [429] causing search overtime: "SNAFU_AK19Muzzel"
21:56:06.507 [CE][LootRespawner] (PRIDummy) :: Item [221] is hard to place, performance drops: "Sweater_Green"
21:56:06.507 [CE][LootRespawner] (PRIDummy) :: Item [222] is hard to place, performance drops: "Sweater_Green"
21:56:06.541 [CE][LootRespawner] (PRIDummy) :: Item [430] causing search overtime: "GCGN_M200_Mag"
21:56:06.545 [CE][LootRespawner] (PRIDummy) :: Item [431] causing search overtime: "SNAFU_SBA_Stock"
21:56:06.547 [CE][LootRespawner] (PRIDummy) :: Item [432] causing search overtime: "SNAFU_Normalized_Suppressor_Black"
21:56:06.549 [CE][LootRespawner] (PRIDummy) :: Item [433] causing search overtime: "SNAFU_Ammo_500_SW"
21:56:06.549 [CE][LootRespawner] (PRIDummy) :: Item [434] causing search overtime: "SNAFUGM6Lynx_5rdMag"
21:56:06.569 [CE][LootRespawner] (PRIDummy) :: Item [435] causing search overtime: "SNAFU_M4556_Modular14_GUN"
21:56:06.582 [CE][LootRespawner] (PRIDummy) :: Item [223] is hard to place, performance drops: "WoodAxe"
21:56:06.591 [CE][LootRespawner] (PRIDummy) :: Item [224] is hard to place, performance drops: "WoodAxe"
21:56:06.592 [CE][LootRespawner] (PRIDummy) :: Item [225] is hard to place, performance drops: "WoodAxe"
21:56:06.603 [CE][LootRespawner] (PRIDummy) :: Item [436] causing search overtime: "SNAFURPD_100rdMag"
21:56:06.604 [CE][LootRespawner] (PRIDummy) :: Item [437] causing search overtime: "FirefightersHelmet_White"
21:56:06.629 [CE][LootRespawner] (PRIDummy) :: Item [438] causing search overtime: "SNAFUM98B_Digi_GUN"
21:56:06.634 [CE][LootRespawner] (PRIDummy) :: Item [439] causing search overtime: "SNAFU_KAC_Gun"
21:56:06.634 [CE][LootRespawner] (PRIDummy) :: Item [440] causing search overtime: "SNAFUTac21"
21:56:06.634 [CE][LootRespawner] (PRIDummy) :: Item [226] is hard to place, performance drops: "PetushokHat_Yellow"
21:56:06.637 [CE][LootRespawner] (PRIDummy) :: Item [441] causing search overtime: "SNAFU_Shotgunchoke_Tur"
21:56:06.639 [CE][LootRespawner] (PRIDummy) :: Item [227] is hard to place, performance drops: "SVD_Wooden"
21:56:06.654 [CE][LootRespawner] (PRIDummy) :: Item [442] causing search overtime: "SNAFU_PMAG556_Grey"
21:56:06.686 [CE][LootRespawner] (PRIDummy) :: Item [443] causing search overtime: "SNAFU_CMAG40556_Black"
21:56:06.686 [CE][LootRespawner] (PRIDummy) :: Item [444] causing search overtime: "GCGN_M82_Barret"
21:56:06.686 [CE][LootRespawner] (PRIDummy) :: Item [445] causing search overtime: "Snafu_ScarH_Black_GUN"
21:56:06.687 [CE][LootRespawner] (PRIDummy) :: Item [446] causing search overtime: "MountainBag_Blue"
21:56:06.687 [CE][LootRespawner] (PRIDummy) :: Item [447] causing search overtime: "SNAFU_BMAG556_Black"
21:56:06.690 [CE][LootRespawner] (PRIDummy) :: Item [448] causing search overtime: "Snafu_ScarH_Snow_GUN"
21:56:06.694 [CE][LootRespawner] (PRIDummy) :: Item [449] causing search overtime: "SNAFU_MAimpoint_ACO"
21:56:06.695 [CE][LootRespawner] (PRIDummy) :: Item [450] causing search overtime: "SNAFU_HEOTech_EXPS3"
21:56:06.698 [CE][LootRespawner] (PRIDummy) :: Item [451] causing search overtime: "SNAFUMk12"
21:56:06.726 [CE][LootRespawner] (PRIDummy) :: Item [452] causing search overtime: "FirefighterJacket_Beige"
21:56:06.746 [CE][LootRespawner] (PRIDummy) :: Item [228] is hard to place, performance drops: "Wellies_Brown"
21:56:06.751 [CE][LootRespawner] (PRIDummy) :: Item [453] causing search overtime: "Snafu_ScarH_Tan_GUN"
21:56:06.796 [CE][LootRespawner] (PRIDummy) :: Item [454] causing search overtime: "BandageDressing"
21:56:06.799 [CE][LootRespawner] (PRIDummy) :: Item [455] causing search overtime: "BandageDressing"
21:56:06.800 [CE][LootRespawner] (PRIDummy) :: Item [456] causing search overtime: "BandageDressing"
21:56:06.802 [CE][LootRespawner] (PRIDummy) :: Item [457] causing search overtime: "BandageDressing"
21:56:06.810 [CE][LootRespawner] (PRIDummy) :: Item [458] causing search overtime: "GCGN_Ammo_3006"
21:56:06.811 [CE][LootRespawner] (PRIDummy) :: Item [459] causing search overtime: "SNAFUScar_AFG_BK"
21:56:06.815 [CE][LootRespawner] (PRIDummy) :: Item [229] is hard to place, performance drops: "WeldingMask"
21:56:06.815 [CE][LootRespawner] (PRIDummy) :: Item [230] is hard to place, performance drops: "WeldingMask"
21:56:06.819 [CE][LootRespawner] (PRIDummy) :: Item [231] is hard to place, performance drops: "WeldingMask"
21:56:06.819 [CE][LootRespawner] (PRIDummy) :: Item [232] is hard to place, performance drops: "WeldingMask"
21:56:06.826  PHYSICS   (W): While attempting to remove proxy physics for the selection 'codelock', the corresponding bone could not be found in the shape 'dz\gear\camping\mediumtent.p3d'
21:56:06.828  PHYSICS   (W): While attempting to remove proxy physics for the selection 'codelock', the corresponding bone could not be found in the shape 'dz\gear\camping\mediumtent.p3d'
21:56:06.829  PHYSICS   (W): While attempting to remove proxy physics for the selection 'codelock', the corresponding bone could not be found in the shape 'dz\gear\camping\mediumtent.p3d'
21:56:06.830  PHYSICS   (W): While attempting to remove proxy physics for the selection 'codelock', the corresponding bone could not be found in the shape 'dz\gear\camping\mediumtent.p3d'
21:56:06.831  PHYSICS   (W): While attempting to remove proxy physics for the selection 'codelock', the corresponding bone could not be found in the shape 'dz\gear\camping\mediumtent.p3d'
21:56:06.832 [CE][LootRespawner] (PRIDummy) :: Item [460] causing search overtime: "SNAFU_Fort12_12rnd_Mag"
21:56:06.842 [CE][LootRespawner] (PRIDummy) :: Item [461] causing search overtime: "SNAFU_SR25_Gun"
21:56:06.882 [CE][LootRespawner] (PRIDummy) :: Item [462] causing search overtime: "SNAFU_408_Suppressor_T"
21:56:06.885 [CE][LootRespawner] (PRIDummy) :: Item [233] is hard to place, performance drops: "BeanieHat_Beige"
21:56:06.885 [CE][LootRespawner] (PRIDummy) :: Item [234] is hard to place, performance drops: "BeanieHat_Beige"
21:56:06.886 [CE][LootRespawner] (PRIDummy) :: Item [235] is hard to place, performance drops: "Rope"
21:56:06.887 [CE][LootRespawner] (PRIDummy) :: Item [236] is hard to place, performance drops: "Rope"
21:56:06.889 [CE][LootRespawner] (PRIDummy) :: Item [237] is hard to place, performance drops: "Rope"
21:56:06.892 [CE][LootRespawner] (PRIDummy) :: Item [238] is hard to place, performance drops: "Rope"
21:56:06.894 [CE][LootRespawner] (PRIDummy) :: Item [239] is hard to place, performance drops: "Rope"
21:56:06.895 [CE][LootRespawner] (PRIDummy) :: Item [240] is hard to place, performance drops: "Rope"
21:56:06.900 [CE][LootRespawner] (PRIDummy) :: Item [463] causing search overtime: "SNAFU_AFG_02_OD"
21:56:06.900 [CE][LootRespawner] (PRIDummy) :: Item [464] causing search overtime: "SNAFU_MLeupold_Mark8"
21:56:06.900 [CE][LootRespawner] (PRIDummy) :: Item [241] is hard to place, performance drops: "JumpsuitJacket_Red"
21:56:06.922 [CE][LootRespawner] (PRIDummy) :: Item [242] is hard to place, performance drops: "WorkingGloves_Beige"
21:56:06.922 [CE][LootRespawner] (PRIDummy) :: Item [243] is hard to place, performance drops: "WorkingGloves_Beige"
21:56:06.924 [CE][LootRespawner] (PRIDummy) :: Item [244] is hard to place, performance drops: "WorkingGloves_Beige"
21:56:06.926 [CE][LootRespawner] (PRIDummy) :: Item [245] is hard to place, performance drops: "WorkingGloves_Beige"
21:56:06.927 [CE][LootRespawner] (PRIDummy) :: Item [465] causing search overtime: "SNAFU_AK103A"
21:56:06.932 [CE][LootRespawner] (PRIDummy) :: Item [246] is hard to place, performance drops: "Wrench"
21:56:06.934 [CE][LootRespawner] (PRIDummy) :: Item [247] is hard to place, performance drops: "Wrench"
21:56:06.938 [CE][LootRespawner] (PRIDummy) :: Item [466] causing search overtime: "SNAFU_PDW_9mm"
21:56:06.941 [CE][LootRespawner] (PRIDummy) :: Item [248] is hard to place, performance drops: "BatteryCharger"
21:56:06.942 [CE][LootRespawner] (PRIDummy) :: Item [249] is hard to place, performance drops: "BatteryCharger"
21:56:06.948 [CE][LootRespawner] (PRIDummy) :: Item [250] is hard to place, performance drops: "BatteryCharger"
21:56:06.949 [CE][LootRespawner] (PRIDummy) :: Item [467] causing search overtime: "SNAFU_M200S_Tan"
21:56:06.950 [CE][LootRespawner] (PRIDummy) :: Item [468] causing search overtime: "SNAFU_Hunting_Mount_Base"
21:56:06.954 [CE][LootRespawner] (PRIDummy) :: Item [251] is hard to place, performance drops: "BeanieHat_Grey"
21:56:06.954 [CE][LootRespawner] (PRIDummy) :: Item [252] is hard to place, performance drops: "BeanieHat_Grey"
21:56:06.972 [CE][LootRespawner] (PRIDummy) :: Item [253] is hard to place, performance drops: "MetalPlate"
21:56:06.974 [CE][LootRespawner] (PRIDummy) :: Item [254] is hard to place, performance drops: "MetalPlate"
21:56:06.976 [CE][LootRespawner] (PRIDummy) :: Item [255] is hard to place, performance drops: "MetalPlate"
21:56:06.976 [CE][LootRespawner] (PRIDummy) :: Item [256] is hard to place, performance drops: "MetalPlate"
21:56:06.976 [CE][LootRespawner] (PRIDummy) :: Item [257] is hard to place, performance drops: "MetalPlate"
21:56:06.977 [CE][LootRespawner] (PRIDummy) :: Item [258] is hard to place, performance drops: "MetalPlate"
21:56:06.979 [CE][LootRespawner] (PRIDummy) :: Item [259] is hard to place, performance drops: "MetalPlate"
21:56:06.979 [CE][LootRespawner] (PRIDummy) :: Item [260] is hard to place, performance drops: "MetalPlate"
21:56:06.980 [CE][LootRespawner] (PRIDummy) :: Item [261] is hard to place, performance drops: "MetalPlate"
21:56:06.985 [CE][LootRespawner] (PRIDummy) :: Item [262] is hard to place, performance drops: "MetalPlate"
21:56:06.985 [CE][LootRespawner] (PRIDummy) :: Item [263] is hard to place, performance drops: "MetalPlate"
21:56:06.986 [CE][LootRespawner] (PRIDummy) :: Item [264] is hard to place, performance drops: "MetalPlate"
21:56:06.988 [CE][LootRespawner] (PRIDummy) :: Item [265] is hard to place, performance drops: "MetalPlate"
21:56:06.988 [CE][LootRespawner] (PRIDummy) :: Item [266] is hard to place, performance drops: "MetalPlate"
21:56:06.989 [CE][LootRespawner] (PRIDummy) :: Item [267] is hard to place, performance drops: "MetalPlate"
21:56:06.990 [CE][LootRespawner] (PRIDummy) :: Item [268] is hard to place, performance drops: "MetalPlate"
21:56:06.991 [CE][LootRespawner] (PRIDummy) :: Item [269] is hard to place, performance drops: "MetalPlate"
21:56:06.992 [CE][LootRespawner] (PRIDummy) :: Item [469] causing search overtime: "MetalPlate"
21:56:06.994 [CE][LootRespawner] (PRIDummy) :: Item [270] is hard to place, performance drops: "MetalPlate"
21:56:06.995 [CE][LootRespawner] (PRIDummy) :: Item [271] is hard to place, performance drops: "MetalPlate"
21:56:06.996 [CE][LootRespawner] (PRIDummy) :: Item [272] is hard to place, performance drops: "MetalPlate"
21:56:06.997 [CE][LootRespawner] (PRIDummy) :: Item [273] is hard to place, performance drops: "MetalPlate"
21:56:06.998 [CE][LootRespawner] (PRIDummy) :: Item [274] is hard to place, performance drops: "MetalPlate"
21:56:06.998 [CE][LootRespawner] (PRIDummy) :: Item [275] is hard to place, performance drops: "MetalPlate"
21:56:06.999 [CE][LootRespawner] (PRIDummy) :: Item [276] is hard to place, performance drops: "MetalPlate"
21:56:06.999 [CE][LootRespawner] (PRIDummy) :: Item [277] is hard to place, performance drops: "MetalPlate"
21:56:07.01  [CE][LootRespawner] (PRIDummy) :: Item [278] is hard to place, performance drops: "MetalPlate"
21:56:07.04  [CE][LootRespawner] (PRIDummy) :: Item [279] is hard to place, performance drops: "MetalPlate"
21:56:07.06  [CE][LootRespawner] (PRIDummy) :: Item [280] is hard to place, performance drops: "MetalPlate"
21:56:07.06  [CE][LootRespawner] (PRIDummy) :: Item [281] is hard to place, performance drops: "MetalPlate"
21:56:07.07  [CE][LootRespawner] (PRIDummy) :: Item [282] is hard to place, performance drops: "MetalPlate"
21:56:07.07  [CE][LootRespawner] (PRIDummy) :: Item [283] is hard to place, performance drops: "MetalPlate"
21:56:07.07  [CE][LootRespawner] (PRIDummy) :: Item [284] is hard to place, performance drops: "MetalPlate"
21:56:07.08  [CE][LootRespawner] (PRIDummy) :: Item [285] is hard to place, performance drops: "MetalPlate"
21:56:07.09  [CE][LootRespawner] (PRIDummy) :: Item [286] is hard to place, performance drops: "MetalPlate"
21:56:07.09  [CE][LootRespawner] (PRIDummy) :: Item [287] is hard to place, performance drops: "MetalPlate"
21:56:07.09  [CE][LootRespawner] (PRIDummy) :: Item [288] is hard to place, performance drops: "MetalPlate"
21:56:07.09  [CE][LootRespawner] (PRIDummy) :: Item [470] causing search overtime: "MetalPlate"
21:56:07.11  [CE][LootRespawner] (PRIDummy) :: Item [289] is hard to place, performance drops: "MetalPlate"
21:56:07.13  [CE][LootRespawner] (PRIDummy) :: Item [290] is hard to place, performance drops: "MetalPlate"
21:56:07.15  [CE][LootRespawner] (PRIDummy) :: Item [291] is hard to place, performance drops: "MetalPlate"
21:56:07.15  [CE][LootRespawner] (PRIDummy) :: Item [292] is hard to place, performance drops: "MetalPlate"
21:56:07.16  [CE][LootRespawner] (PRIDummy) :: Item [293] is hard to place, performance drops: "MetalPlate"
21:56:07.16  [CE][LootRespawner] (PRIDummy) :: Item [294] is hard to place, performance drops: "MetalPlate"
21:56:07.16  [CE][LootRespawner] (PRIDummy) :: Item [295] is hard to place, performance drops: "MetalPlate"
21:56:07.17  [CE][LootRespawner] (PRIDummy) :: Item [296] is hard to place, performance drops: "MetalPlate"
21:56:07.18  [CE][LootRespawner] (PRIDummy) :: Item [297] is hard to place, performance drops: "MetalPlate"
21:56:07.19  [CE][LootRespawner] (PRIDummy) :: Item [298] is hard to place, performance drops: "MetalPlate"
21:56:07.19  [CE][LootRespawner] (PRIDummy) :: Item [299] is hard to place, performance drops: "MetalPlate"
21:56:07.20  [CE][LootRespawner] (PRIDummy) :: Item [300] is hard to place, performance drops: "MetalPlate"
21:56:07.22  [CE][LootRespawner] (PRIDummy) :: Item [301] is hard to place, performance drops: "MetalPlate"
21:56:07.22  [CE][LootRespawner] (PRIDummy) :: Item [302] is hard to place, performance drops: "MetalPlate"
21:56:07.22  [CE][LootRespawner] (PRIDummy) :: Item [303] is hard to place, performance drops: "MetalPlate"
21:56:07.24  [CE][LootRespawner] (PRIDummy) :: Item [304] is hard to place, performance drops: "MetalPlate"
21:56:07.24  [CE][LootRespawner] (PRIDummy) :: Item [305] is hard to place, performance drops: "MetalPlate"
21:56:07.25  [CE][LootRespawner] (PRIDummy) :: Item [306] is hard to place, performance drops: "MetalPlate"
21:56:07.25  [CE][LootRespawner] (PRIDummy) :: Item [307] is hard to place, performance drops: "MetalPlate"
21:56:07.35  [CE][LootRespawner] (PRIDummy) :: Item [471] causing search overtime: "GCGN_M200"
21:56:07.36  [CE][LootRespawner] (PRIDummy) :: Initially (re)spawned:6468, Nominal:6884, Total in Map: 6501 at 5 (sec)
21:56:07.36    tests:6784, repeats:8 fails:308, overtime:472
21:56:07.38  [CE][Links] found 0 total links between groups, of 1
21:56:07.38  [CE][SpawnRandomLoot] (StaticMedDrop) :: Type: Misc_cargo_cont_net1, lootmin: 4, lootmax: 6, wanted: 4, deloot: 2, containermaxsum: 6
21:56:07.44  [CE][Links] found 0 total links between groups, of 2
21:56:07.44  [CE][SpawnRandomLoot] (StaticMedDrop) :: Type: Misc_cargo_cont_net1, lootmin: 4, lootmax: 6, wanted: 5, deloot: 2, containermaxsum: 6
21:56:07.51  [CE][Links] found 0 total links between groups, of 3
21:56:07.51  [CE][SpawnRandomLoot] (StaticMedDrop) :: Type: Misc_cargo_cont_net1, lootmin: 4, lootmax: 6, wanted: 4, deloot: 2, containermaxsum: 6
21:56:07.55  [CE][Links] found 0 total links between groups, of 4
21:56:07.55  [CE][SpawnRandomLoot] (StaticMedDrop) :: Type: Misc_cargo_cont_net1, lootmin: 4, lootmax: 6, wanted: 4, deloot: 2, containermaxsum: 6
21:56:07.58  [CE][Links] found 0 total links between groups, of 5
21:56:07.58  [CE][SpawnRandomLoot] (StaticMedDrop) :: Type: Misc_cargo_cont_net1, lootmin: 4, lootmax: 6, wanted: 4, deloot: 2, containermaxsum: 6
21:56:07.61  [CE][Links] found 0 total links between groups, of 6
21:56:07.61  [CE][SpawnRandomLoot] (StaticMedDrop) :: Type: Misc_cargo_cont_net1, lootmin: 4, lootmax: 6, wanted: 5, deloot: 2, containermaxsum: 6
21:56:07.66  [CE][Links] found 0 total links between groups, of 7
21:56:07.66  [CE][SpawnRandomLoot] (StaticLifeboat) :: Type: sea_oilrig_lifeboat, lootmin: 2, lootmax: 5, wanted: 3, deloot: 2, containermaxsum: 5
21:56:07.69  [CE][SpawnRandomLoot] (StaticLifeboat) :: No item found to spawn for DE! Spawned: 2 / 3 (enable log_ce_dynamicevent to see item lists for event)
21:56:07.181  WORLD        : Create entity type 'ZmbM_ruSoldier_normal_Woodland1'
21:56:07.181   MATERIAL  (E): Object dz/characters/zombies/z_hermit_m.xob - cannot load material Material_1.emat
21:56:07.644  WORLD        : Create entity type 'Animal_CapraHircusF'
21:56:07.644   ENTITY    (E): Type 'ManType' must be inherited from class 'DayZAnimalType'
21:56:07.653  WORLD        : Create entity type 'Animal_OvisAries'
21:56:07.653   ENTITY    (E): Type 'ManType' must be inherited from class 'DayZAnimalType'
21:56:07.656  WORLD        : Create entity type 'Animal_OvisAriesF'
21:56:07.656   ENTITY    (E): Type 'ManType' must be inherited from class 'DayZAnimalType'
21:56:07.657  WORLD        : Create entity type 'Animal_RangiferTarandus'
21:56:07.657   ENTITY    (E): Type 'ManType' must be inherited from class 'DayZAnimalType'
21:56:07.660  WORLD        : Create entity type 'Animal_RangiferTarandusF'
21:56:07.660   ENTITY    (E): Type 'ManType' must be inherited from class 'DayZAnimalType'
21:56:07.664  WORLD        : Create entity type 'Animal_SusScrofa'
21:56:07.664   ENTITY    (E): Type 'ManType' must be inherited from class 'DayZAnimalType'
21:56:07.668  WORLD        : Create entity type 'Animal_CanisLupus_Grey'
21:56:07.668   ENTITY    (E): Type 'ManType' must be inherited from class 'DayZAnimalType'
21:56:07.675  WORLD        : Create entity type 'Animal_CanisLupus_White'
21:56:07.675   ENTITY    (E): Type 'ManType' must be inherited from class 'DayZAnimalType'
21:56:07.685  WORLD        : Create entity type 'Animal_UrsusArctos'
21:56:07.685   ENTITY    (E): Type 'ManType' must be inherited from class 'DayZAnimalType'
21:56:07.693  WORLD        : Create entity type 'Animal_UrsusMaritimus'
21:56:07.694   ENTITY    (E): Type 'ManType' must be inherited from class 'DayZAnimalType'
21:56:07.901 [CE][DynEvent] :: 23 types
21:56:07.901 [00] Loot
21:56:07.901   Primary Spawner: "Loot", active: yes, repeat: 2
21:56:07.901 [01] StaticMedDrop
21:56:07.901   Primary Spawner: "Static", active: yes, repeat: 1
21:56:07.901 [02] StaticLifeboat
21:56:07.901   Primary Spawner: "Static", active: yes, repeat: 1
21:56:07.901 [03] ItemWoodenPlanks
21:56:07.901   Primary Spawner: "Item", active: yes, repeat: 1
21:56:07.901 [04] TrajectoryStones
21:56:07.901   Primary Spawner: "Trajectory", active: yes, repeat: 1
21:56:07.901 [05] InfectedSanta
21:56:07.901   Primary Spawner: "Infected", active: yes, repeat: 1
21:56:07.901 [06] InfectedArmy
21:56:07.901   Primary Spawner: "Infected", active: yes, repeat: 1
21:56:07.901 [07] InfectedIndustrial
21:56:07.901   Primary Spawner: "Infected", active: yes, repeat: 1
21:56:07.901 [08] InfectedCivil
21:56:07.901   Primary Spawner: "Infected", active: yes, repeat: 1
21:56:07.901 [09] InfectedMedic
21:56:07.901   Primary Spawner: "Infected", active: yes, repeat: 1
21:56:07.901 [10] AnimalGoat
21:56:07.901   Primary Spawner: "Animal", active: yes, repeat: 1
21:56:07.901 [11] AnimalSheep
21:56:07.901   Primary Spawner: "Animal", active: yes, repeat: 1
21:56:07.901 [12] AnimalReindeer
21:56:07.901   Primary Spawner: "Animal", active: yes, repeat: 1
21:56:07.901 [13] AnimalWildBoar
21:56:07.901   Primary Spawner: "Animal", active: yes, repeat: 1
21:56:07.901 [14] AnimalWolf
21:56:07.901   Primary Spawner: "Animal", active: yes, repeat: 1
21:56:07.901 [15] AnimalBrownBear
21:56:07.901   Primary Spawner: "Animal", active: yes, repeat: 1
21:56:07.901 [16] AnimalPolarBear
21:56:07.901   Primary Spawner: "Animal", active: yes, repeat: 1
21:56:07.901 [17] AmbientFox
21:56:07.901   Primary Spawner: "Ambient", active: yes, repeat: 1
21:56:07.901 [18] AmbientHare
21:56:07.901   Primary Spawner: "Ambient", active: yes, repeat: 1
21:56:07.901 [19] VehicleRubberBoats
21:56:07.901   Primary Spawner: "Vehicle", active: yes, repeat: 1
21:56:07.901 [20] VehicleCivilianCars
21:56:07.901   Primary Spawner: "Vehicle", active: yes, repeat: 1
21:56:07.901 [21] VehicleTrucks
21:56:07.901   Primary Spawner: "Vehicle", active: yes, repeat: 1
21:56:07.901 [22] VehicleMilitary
21:56:07.901   Primary Spawner: "Vehicle", active: yes, repeat: 1
21:56:07.901 [CE][Hive] :: Initializing of spawners done.
21:56:07.904 [CE][Hive] :: Init sequence finished.
21:56:07.905 Player connect enabled
21:56:08.90  ENTITY    (W): Unknown object class 'pond' (nst\ns\water\lakewater.p3d)
21:56:08.90  ENTITY    (W): Unknown object class 'pond' (nst\ns\water\lakewater.p3d)
21:56:08.90  ENTITY    (W): Unknown object class 'pond' (nst\ns\water\lakewater.p3d)
21:56:08.90  ENTITY    (W): Unknown object class 'pond' (nst\ns\water\lakewater.p3d)
21:56:08.90  ENTITY    (W): Unknown object class 'pond' (nst\ns\water\lakewater.p3d)
21:56:08.90  ENTITY    (W): Unknown object class 'pond' (nst\ns\water\lakewater.p3d)
21:56:08.91  ENTITY    (W): Unknown object class 'pond' (nst\ns\water\lakewater.p3d)
21:56:08.92  ENTITY    (W): Unknown object class 'pond' (nst\ns\water\lakewater.p3d)
21:56:08.98  ENTITY    (W): Unknown object class 'pond' (nst\ns\water\lakewater.p3d)
21:56:08.98  ENTITY    (W): Unknown object class 'pond' (nst\ns\water\lakewater.p3d)
21:56:08.548 [IdleMode] Entering IN - save processed
21:56:08.553 ENTITY    (W): Unknown object class 'pond' (dz\water_sakhal\ice_lake\sakhal_50x50_ice_lake_clear.p3d)
21:56:08.553 ENTITY    (W): Unknown object class 'pond' (dz\water_sakhal\ice_lake\sakhal_50x50_ice_lake_clear.p3d)
21:56:08.562 ENTITY    (W): Unknown object class 'pond' (nst\ns\water\lakewater.p3d)
21:56:08.562 ENTITY    (W): Unknown object class 'pond' (nst\ns\water\lakewater.p3d)
21:56:08.563 ENTITY    (W): Unknown object class 'pond' (nst\ns\water\lakewater.p3d)
21:56:08.563 ENTITY    (W): Unknown object class 'pond' (nst\ns\water\lakewater.p3d)
21:56:08.564 ENTITY    (W): Unknown object class 'pond' (nst\ns\water\lakewater.p3d)
21:56:08.564 ENTITY    (W): Unknown object class 'pond' (dz\water_sakhal\ice_lake\sakhal_50x50_ice_lake_clear.p3d)
21:56:08.565 ENTITY    (W): Unknown object class 'pond' (dz\water_sakhal\ice_lake\sakhal_50x50_ice_lake_clear.p3d)
21:56:08.621 ENTITY    (W): Unknown object class 'pond' (nst\ns\water\lakewater.p3d)
21:56:08.621 ENTITY    (W): Unknown object class 'pond' (nst\ns\water\lakewater.p3d)
21:56:08.626 ENTITY    (W): Unknown object class 'pond' (nst\ns\water\lakewater.p3d)
21:56:08.626 ENTITY    (W): Unknown object class 'pond' (nst\ns\water\lakewater.p3d)
21:56:08.626 ENTITY    (W): Unknown object class 'pond' (nst\ns\water\lakewater.p3d)
21:56:08.681 ENTITY       : Load entity type 'Land_Rail_Warehouse_Small'
21:56:08.681  ENTITY    (W): Door 'DoorsTwin1' is missing geometry components for selection 'DoorsTwin1', check model+config
21:56:08.681  ENTITY    (W): Door 'DoorsTwin2' is missing geometry components for selection 'DoorsTwin2', check model+config
21:56:08.739 ENTITY    (W): Unknown object class 'pond' (nst\ns\water\lakewater.p3d)
21:56:08.752 ENTITY    (W): Unknown object class 'pond' (dz\water_sakhal\ice_lake\sakhal_50x50_ice_lake_clear.p3d)
21:56:08.799 ENTITY       : Load entity type 'land_seb_near_fac7'
21:56:08.799  ENTITY    (W): Door 'doorstwin1' is missing geometry components for selection 'doorstwin1', check model+config
21:56:08.882 ENTITY    (W): Unknown object class 'pond' (dz\water_sakhal\ice_lake\sakhal_50x50_ice_lake_clear.p3d)
21:56:08.914 ENTITY       : Load entity type 'Land_City_School'
21:56:08.914  ENTITY    (W): Door 'DoorsTwin1' is missing geometry components for selection 'DoorsTwin1', check model+config
21:56:08.914  ENTITY    (W): Door 'DoorsTwin3' is missing geometry components for selection 'DoorsTwin3', check model+config
21:56:08.914  ENTITY    (W): Door 'DoorsTwin4' is missing geometry components for selection 'DoorsTwin4', check model+config
21:56:08.914  ENTITY    (W): Door 'DoorsTwin5' is missing geometry components for selection 'DoorsTwin5', check model+config
21:56:08.914  ENTITY    (W): Door 'DoorsTwin6' is missing geometry components for selection 'DoorsTwin6', check model+config
21:56:08.914  ENTITY    (W): Door 'DoorsTwin7' is missing geometry components for selection 'DoorsTwin7', check model+config
21:56:08.921  ENTITY    (W): Unknown object class 'thing' (dz\structures\proxy_buildingparts\lightningcond\lightningconductormiddle\lightningconductormiddle.p3d)
21:56:08.921  ENTITY    (W): Unknown object class 'thing' (dz\structures\proxy_buildingparts\lightningcond\lightningconductormiddle\lightningconductormiddle.p3d)
21:56:08.921  ENTITY    (W): Unknown object class 'thing' (dz\structures\proxy_buildingparts\lightningcond\lightningconductormiddle\lightningconductormiddle.p3d)
21:56:08.921  ENTITY    (W): Unknown object class 'thing' (dz\structures\proxy_buildingparts\lightningcond\lightningconductormiddle\lightningconductormiddle.p3d)
21:56:08.921  ENTITY    (W): Unknown object class 'thing' (dz\structures\proxy_buildingparts\lightningcond\lightningconductormiddle\lightningconductormiddle.p3d)
21:56:08.921  ENTITY    (W): Unknown object class 'thing' (dz\structures\proxy_buildingparts\lightningcond\lightningconductormiddle\lightningconductormiddle.p3d)
21:56:08.921  ENTITY    (W): Unknown object class 'thing' (dz\structures\proxy_buildingparts\lightningcond\lightningconductormiddle\lightningconductormiddle.p3d)
21:56:08.921  ENTITY    (W): Unknown object class 'thing' (dz\structures\proxy_buildingparts\lightningcond\lightningconductormiddle\lightningconductormiddle.p3d)
21:56:08.921  ENTITY    (W): Unknown object class 'thing' (dz\structures\proxy_buildingparts\lightningcond\lightningconductormiddle\lightningconductormiddle.p3d)
21:56:08.921  ENTITY    (W): Unknown object class 'thing' (dz\structures\proxy_buildingparts\lightningcond\lightningconductormiddle\lightningconductormiddle.p3d)
21:56:08.921  ENTITY    (W): Unknown object class 'thing' (dz\structures\proxy_buildingparts\lightningcond\lightningconductormiddle\lightningconductormiddle.p3d)
21:56:08.921  ENTITY    (W): Unknown object class 'thing' (dz\structures\proxy_buildingparts\lightningcond\lightningconductormiddle\lightningconductormiddle.p3d)
21:56:08.921  ENTITY    (W): Unknown object class 'thing' (dz\structures\proxy_buildingparts\lightningcond\lightningconductormiddle\lightningconductormiddle.p3d)
21:56:08.921  ENTITY    (W): Unknown object class 'thing' (dz\structures\proxy_buildingparts\lightningcond\lightningconductormiddle\lightningconductormiddle.p3d)
21:56:08.921  ENTITY    (W): Unknown object class 'thing' (dz\structures\proxy_buildingparts\lightningcond\lightningconductormiddle\lightningconductormiddle.p3d)
21:56:08.922  ENTITY    (W): Unknown object class 'thing' (dz\structures\proxy_buildingparts\lightningcond\lightningconductormiddle\lightningconductormiddle.p3d)
21:56:08.922  ENTITY    (W): Unknown object class 'thing' (dz\structures\proxy_buildingparts\lightningcond\lightningconductormiddle\lightningconductormiddle.p3d)
21:56:08.922  ENTITY    (W): Unknown object class 'thing' (dz\structures\proxy_buildingparts\lightningcond\lightningconductormiddle\lightningconductormiddle.p3d)
21:56:08.922  ENTITY    (W): Unknown object class 'thing' (dz\structures\proxy_buildingparts\lightningcond\lightningconductormiddle\lightningconductormiddle.p3d)
21:56:08.922  ENTITY    (W): Unknown object class 'thing' (dz\structures\proxy_buildingparts\lightningcond\lightningconductormiddle\lightningconductormiddle.p3d)
21:56:08.922  ENTITY    (W): Unknown object class 'thing' (dz\structures\proxy_buildingparts\lightningcond\lightningconductormiddle\lightningconductormiddle.p3d)
21:56:08.922  ENTITY    (W): Unknown object class 'thing' (dz\structures\proxy_buildingparts\lightningcond\lightningconductormiddle\lightningconductormiddle.p3d)
21:56:08.922  ENTITY    (W): Unknown object class 'thing' (dz\structures\proxy_buildingparts\lightningcond\lightningconductormiddle\lightningconductormiddle.p3d)
21:56:08.922  ENTITY    (W): Unknown object class 'thing' (dz\structures\proxy_buildingparts\lightningcond\lightningconductormiddle\lightningconductormiddle.p3d)
21:56:08.922  ENTITY    (W): Unknown object class 'thing' (dz\structures\proxy_buildingparts\lightningcond\lightningconductormiddle\lightningconductormiddle.p3d)
21:56:08.922  ENTITY    (W): Unknown object class 'thing' (dz\structures\proxy_buildingparts\lightningcond\lightningconductormiddle\lightningconductormiddle.p3d)
21:56:08.922  ENTITY    (W): Unknown object class 'thing' (dz\structures\proxy_buildingparts\lightningcond\lightningconductormiddle\lightningconductormiddle.p3d)
21:56:08.922  ENTITY    (W): Unknown object class 'thing' (dz\structures\proxy_buildingparts\lightningcond\lightningconductormiddle\lightningconductormiddle.p3d)
21:56:08.922  ENTITY    (W): Unknown object class 'thing' (dz\structures\proxy_buildingparts\lightningcond\lightningconductormiddle\lightningconductormiddle.p3d)
21:56:08.922  ENTITY    (W): Unknown object class 'thing' (dz\structures\proxy_buildingparts\lightningcond\lightningconductormiddle\lightningconductormiddle.p3d)
21:56:08.922  ENTITY    (W): Unknown object class 'thing' (dz\structures\proxy_buildingparts\lightningcond\lightningconductormiddle\lightningconductormiddle.p3d)
21:56:08.922  ENTITY    (W): Unknown object class 'thing' (dz\structures\proxy_buildingparts\lightningcond\lightningconductormiddle\lightningconductormiddle.p3d)
21:56:08.922  ENTITY    (W): Unknown object class 'thing' (dz\structures\proxy_buildingparts\lightningcond\lightningconductormiddle\lightningconductormiddle.p3d)
21:56:08.922  ENTITY    (W): Unknown object class 'thing' (dz\structures\proxy_buildingparts\lightningcond\lightningconductormiddle\lightningconductormiddle.p3d)
21:56:08.922  ENTITY    (W): Unknown object class 'thing' (dz\structures\proxy_buildingparts\lightningcond\lightningconductormiddle\lightningconductormiddle.p3d)
21:56:08.922  ENTITY    (W): Unknown object class 'thing' (dz\structures\proxy_buildingparts\lightningcond\lightningconductormiddle\lightningconductormiddle.p3d)
21:56:08.922  ENTITY    (W): Unknown object class 'thing' (dz\structures\proxy_buildingparts\lightningcond\lightningconductormiddle\lightningconductormiddle.p3d)
21:56:08.922  ENTITY    (W): Unknown object class 'thing' (dz\structures\proxy_buildingparts\lightningcond\lightningconductormiddle\lightningconductormiddle.p3d)
21:56:08.922  ENTITY    (W): Unknown object class 'thing' (dz\structures\proxy_buildingparts\lightningcond\lightningconductormiddle\lightningconductormiddle.p3d)
21:56:08.922  ENTITY    (W): Unknown object class 'thing' (dz\structures\proxy_buildingparts\lightningcond\lightningconductormiddle\lightningconductormiddle.p3d)
21:56:08.922  ENTITY    (W): Unknown object class 'thing' (dz\structures\proxy_buildingparts\lightningcond\lightningconductormiddle\lightningconductormiddle.p3d)
21:56:08.922  ENTITY    (W): Unknown object class 'thing' (dz\structures\proxy_buildingparts\lightningcond\lightningconductormiddle\lightningconductormiddle.p3d)
21:56:08.922  ENTITY    (W): Unknown object class 'thing' (dz\structures\proxy_buildingparts\lightningcond\lightningconductormiddle\lightningconductormiddle.p3d)
21:56:08.922  ENTITY    (W): Unknown object class 'thing' (dz\structures\proxy_buildingparts\lightningcond\lightningconductormiddle\lightningconductormiddle.p3d)
21:56:08.922  ENTITY    (W): Unknown object class 'thing' (dz\structures\proxy_buildingparts\lightningcond\lightningconductormiddle\lightningconductormiddle.p3d)
21:56:08.922  ENTITY    (W): Unknown object class 'thing' (dz\structures\proxy_buildingparts\lightningcond\lightningconductormiddle\lightningconductormiddle.p3d)
21:56:08.922  ENTITY    (W): Unknown object class 'thing' (dz\structures\proxy_buildingparts\lightningcond\lightningconductormiddle\lightningconductormiddle.p3d)
21:56:08.922  ENTITY    (W): Unknown object class 'thing' (dz\structures\proxy_buildingparts\lightningcond\lightningconductormiddle\lightningconductormiddle.p3d)
21:56:08.922  ENTITY    (W): Unknown object class 'thing' (dz\structures\proxy_buildingparts\lightningcond\lightningconductormiddle\lightningconductormiddle.p3d)
21:56:08.922  ENTITY    (W): Unknown object class 'thing' (dz\structures\proxy_buildingparts\lightningcond\lightningconductormiddle\lightningconductormiddle.p3d)
21:56:08.922  ENTITY    (W): Unknown object class 'thing' (dz\structures\proxy_buildingparts\lightningcond\lightningconductormiddle\lightningconductormiddle.p3d)
21:56:09.149 ENTITY       : Load entity type 'Land_Ruin_HouseBig3_NoIvy'
21:56:09.149  ENTITY    (W): Door 'DoorsTwin1' is missing geometry components for selection 'DoorsTwin1', check model+config
21:56:09.184 ENTITY       : Load entity type 'Land_Boathouse'
21:56:09.184  ENTITY    (W): Door 'DoorsTwin1' is missing geometry components for selection 'DoorsTwin1', check model+config
21:56:09.194 ENTITY       : Load entity type 'Land_Ruin_HouseBig2_NoIvy'
21:56:09.194  ENTITY    (W): Door 'DoorsTwin1' is missing geometry components for selection 'DoorsTwin1', check model+config
21:56:09.194  ENTITY    (W): Door 'DoorsTwin2' is missing geometry components for selection 'DoorsTwin2', check model+config
21:56:09.206 ENTITY       : Load entity type 'Land_Ruin_HouseBig3_NoIvy_Half'
21:56:09.206  ENTITY    (W): Door 'DoorsTwin1' is missing geometry components for selection 'DoorsTwin1', check model+config
21:56:09.285 ENTITY    (W): Unknown object class 'pond' (dz\water_sakhal\ice_lake\sakhal_50x50_ice_lake_clear.p3d)
21:56:12.51  [Login]: Adding player Survivor (874828657) to login queue at position 0
21:56:12.52  [LoginMachine]: Add player Survivor (874828657 192.168.0.103:58531)
21:56:12.52  [StateMachine]: Player Survivor (dpnid 874828657 uid ) Entering AuthPlayerLoginState
21:56:12.54  [StateMachine]: Player Survivor (dpnid 874828657 uid ) Entering WaitAuthPlayerLoginState
21:56:15.47  Игрок Survivor соединяется.
21:56:15.107 [StateMachine]: Player Survivor (dpnid 874828657 uid ) Entering WaitPlayerAssignedLoginState
21:56:15.143 ENTITY    (W): Unknown object class 'pond' (nst\ns\water\lakewater_still.p3d)
21:56:15.160 ENTITY    (W): Unknown object class 'pond' (nst\ns\water\lakewater_still.p3d)
21:56:15.170 [IdleMode] Leaving OUT
21:56:15.256 [StateMachine]: Player Survivor (dpnid 874828657 uid ) Entering PlayerAssignedLoginState
21:56:15.257 [StateMachine]: Player Survivor (dpnid 874828657 uid x_MJ2w6DZznhQeYHMWeX7_S9NuAxgYSiQqpLVIMNfrA=) Entering DBGetLoginTimeLoginState
21:56:15.264 [StateMachine]: Player Survivor (dpnid 874828657 uid x_MJ2w6DZznhQeYHMWeX7_S9NuAxgYSiQqpLVIMNfrA=) Entering DBWaitLoginTimeLoginState
21:56:21.776 ENTITY    (W): Unknown object class 'pond' (dz\water_sakhal\ice_lake\sakhal_50x50_ice_lake_clear.p3d)
21:56:21.776 ENTITY    (W): Unknown object class 'pond' (dz\water_sakhal\ice_lake\sakhal_50x50_ice_lake_clear.p3d)
21:56:28.974 ENTITY    (W): Unknown object class 'pond' (dz\water_sakhal\ice_lake\sakhal_50x50_ice_lake_clear.p3d)
21:56:30.264 [StateMachine]: Player Survivor (dpnid 874828657 uid x_MJ2w6DZznhQeYHMWeX7_S9NuAxgYSiQqpLVIMNfrA=) Entering DBGetCharacterLoginState
21:56:30.265 [StateMachine]: Player Survivor (dpnid 874828657 uid x_MJ2w6DZznhQeYHMWeX7_S9NuAxgYSiQqpLVIMNfrA=) Entering CreateNetObjectsLoginState
21:56:30.266 [CE][PlayerSpawnPoints][GRP_DBG] :: Selected: { no group } | idx: 0 (ut: 142844 | lt: 0 | ctr: 0)
21:56:30.266 [CE][PlayerSpawnPoints][GRP_DBG] :: Current: { no group } | idx: 0 (ct: 142844 | ut: 142844 | lt: 0 | ctr: 0)
21:56:30.266 [CE][PlayerSpawnPoints][GRP_DBG] :: Current: { no group } index: 0 (lt: 0 | ctr: 0)
21:56:30.266 [CE][PlayerSpawnPoints][GRP_DBG] :: Selected: { no group } | idx: 0 (ut: 142844 | lt: 0 | ctr: 0)
21:56:30.269 [StateMachine]: Player Survivor (dpnid 874828657 uid x_MJ2w6DZznhQeYHMWeX7_S9NuAxgYSiQqpLVIMNfrA=) Entering PreloadCamLoginState
21:56:30.270 [StateMachine]: Player Survivor (dpnid 874828657 uid x_MJ2w6DZznhQeYHMWeX7_S9NuAxgYSiQqpLVIMNfrA=) Entering WaitPreloadCamLoginState
21:56:34.330 ENTITY    (W): Unknown object class 'pond' (dz\water_sakhal\ice_lake\sakhal_50x50_ice_lake_clear.p3d)
21:56:34.331 ENTITY    (W): Unknown object class 'pond' (dz\water_sakhal\ice_lake\sakhal_50x50_ice_lake_clear.p3d)
21:56:34.914 ENTITY    (W): Unknown object class 'pond' (dz\water_sakhal\ice_lake\sakhal_50x50_ice_lake_clear.p3d)
21:56:37.303 [CE][LootRespawner] (PRIDummy) :: Item [472] causing search overtime: "FarmingHoe"
21:56:37.402 [CE][LootRespawner] (PRIDummy) :: Item [473] causing search overtime: "KazuarOptic"
21:56:37.503 [CE][LootRespawner] (PRIDummy) :: Item [474] causing search overtime: "dzn_netanyas_log"
21:56:37.602 [CE][LootRespawner] (PRIDummy) :: Item [475] causing search overtime: "ChickenFeather"
21:56:37.702 [CE][LootRespawner] (PRIDummy) :: Item [476] causing search overtime: "dzn_athena3_october"
21:56:37.802 [CE][LootRespawner] (PRIDummy) :: Item [477] causing search overtime: "MountainBag_Blue"
21:56:46.607 [StateMachine]: Player Survivor (dpnid 874828657 uid x_MJ2w6DZznhQeYHMWeX7_S9NuAxgYSiQqpLVIMNfrA=) Entering GetNewCharLoginState
21:56:46.646 NETWORK      : Network simulation
21:56:46.647  WORLD        : Create entity type 'SurvivorF_Maria'
21:56:46.647   MATERIAL  (E): Object dz/characters/bodies/player_testing.xob - cannot load material cross_red.emat
21:56:46.780   RESOURCES (E): Failed to open object @"dz/anims/anm/player/ik/vehicles/hatchback/hatchback_Doors_Hood.anm"
21:56:46.780   RESOURCES (E): Failed to open object @"dz/anims/anm/player/ik/vehicles/v3s/hatchback_02_door_driver.anm"
21:56:46.780   RESOURCES (E): Failed to open object @"dz/anims/anm/player/ik/vehicles/v3s/hatchback_02_door_codriver.anm"
21:56:46.780   RESOURCES (E): Failed to open object @"dz/anims/anm/player/ik/vehicles/v3s/hatchback_02_door_driver.anm"
21:56:46.781   RESOURCES (E): Failed to open object @"dz/anims/anm/player/ik/vehicles/v3s/hatchback_02_door_codriver.anm"
21:56:46.781   RESOURCES (E): Failed to open object @"dz/anims/anm/player/ik/vehicles/v3s/hatchback_02_door_driver.anm"
21:56:46.781   RESOURCES (E): Failed to open object @"dz/anims/anm/player/ik/vehicles/v3s/hatchback_02_door_codriver.anm"
21:56:46.781   RESOURCES (E): Failed to open object @"dz/anims/anm/player/ik/vehicles/v3s/hatchback_02_door_driver.anm"
21:56:46.781   RESOURCES (E): Failed to open object @"dz/anims/anm/player/ik/vehicles/v3s/hatchback_02_door_codriver.anm"
21:56:46.782   RESOURCES (E): Failed to open object @"dz/anims/anm/player/ik/vehicles/hatchback/sedan_trunk.anm"
21:56:48.592   ANIMATION    : AnimSetInstance load @"{73CE583BF4026B87}SNAFU_Scripts/Animations/GCGN_M1Garand.asi"
21:56:48.592    RESOURCES (E): Failed to open object @"GCGN_Guns/Data/M1Garand/Anims/M1Garand.anm"
21:56:49.642  ENTITY       : Load entity type 'SurvivorF_Maria'
21:56:49.642   RESOURCES (E): Failed to open object @"dz/anims/anm/player/ik/vehicles/hatchback/hatchback_Doors_Hood.anm"
21:56:49.642   RESOURCES (E): Failed to open object @"dz/anims/anm/player/ik/vehicles/v3s/hatchback_02_door_driver.anm"
21:56:49.642   RESOURCES (E): Failed to open object @"dz/anims/anm/player/ik/vehicles/v3s/hatchback_02_door_codriver.anm"
21:56:49.642   RESOURCES (E): Failed to open object @"dz/anims/anm/player/ik/vehicles/v3s/hatchback_02_door_driver.anm"
21:56:49.642   RESOURCES (E): Failed to open object @"dz/anims/anm/player/ik/vehicles/v3s/hatchback_02_door_codriver.anm"
21:56:49.642   RESOURCES (E): Failed to open object @"dz/anims/anm/player/ik/vehicles/v3s/hatchback_02_door_driver.anm"
21:56:49.642   RESOURCES (E): Failed to open object @"dz/anims/anm/player/ik/vehicles/v3s/hatchback_02_door_codriver.anm"
21:56:49.642   RESOURCES (E): Failed to open object @"dz/anims/anm/player/ik/vehicles/v3s/hatchback_02_door_driver.anm"
21:56:49.642   RESOURCES (E): Failed to open object @"dz/anims/anm/player/ik/vehicles/v3s/hatchback_02_door_codriver.anm"
21:56:49.643   RESOURCES (E): Failed to open object @"dz/anims/anm/player/ik/vehicles/hatchback/sedan_trunk.anm"
21:56:49.669 Подключился игрок Survivor (id=x_MJ2w6DZznhQeYHMWeX7_S9NuAxgYSiQqpLVIMNfrA=).
21:56:49.669 Player "Survivor" (steamID=76561199587900842 pos=<8682.2, 9820.8, 2.0>) is connected
21:56:49.682 <CREATE NEW CHAR>:
    charID 1
    playerID 1
    dpnid 874828657
    uid x_MJ2w6DZznhQeYHMWeX7_S9NuAxgYSiQqpLVIMNfrA=
21:56:50.836 Player Survivor (874828657) kicked from server: 240 ( (Game restart required))
21:56:50.837 [Disconnect]: Client 874828657 early disconnect
21:56:50.837 [Disconnect]: Start script disconnect 874828657 (dbCharacterId 1 dbPlayerId 1) logoutTime 15
21:56:51.682 [Disconnect]: Remove player info 874828657
21:56:51.684 [Disconnect]: Player destroy 874828657 
21:56:54.791 ENTITY    (W): Unknown object class 'pond' (nst\ns\water\lakewater.p3d)
21:56:55.265 ENTITY    (W): Unknown object class 'pond' (nst\ns\water\lakewater.p3d)
21:56:55.266 ENTITY    (W): Unknown object class 'pond' (nst\ns\water\lakewater.p3d)
21:56:56.732 ENTITY    (W): Unknown object class 'pond' (nst\ns\water\lakewater.p3d)
21:56:56.732 ENTITY    (W): Unknown object class 'pond' (nst\ns\water\lakewater.p3d)
21:56:56.734 ENTITY    (W): Unknown object class 'pond' (nst\ns\water\lakewater.p3d)
21:56:56.734 ENTITY    (W): Unknown object class 'pond' (nst\ns\water\lakewater.p3d)
21:56:56.734 ENTITY    (W): Unknown object class 'pond' (nst\ns\water\lakewater.p3d)
21:56:56.736 ENTITY    (W): Unknown object class 'pond' (nst\ns\water\lakewater.p3d)
21:56:56.736 ENTITY    (W): Unknown object class 'pond' (nst\ns\water\lakewater.p3d)
21:56:56.736 ENTITY    (W): Unknown object class 'pond' (nst\ns\water\lakewater.p3d)
21:56:56.736 ENTITY    (W): Unknown object class 'pond' (nst\ns\water\lakewater.p3d)
21:56:56.736 ENTITY    (W): Unknown object class 'pond' (nst\ns\water\lakewater.p3d)
21:56:56.736 ENTITY    (W): Unknown object class 'pond' (nst\ns\water\lakewater.p3d)
21:56:56.736 ENTITY    (W): Unknown object class 'pond' (nst\ns\water\lakewater.p3d)
21:56:56.736 ENTITY    (W): Unknown object class 'pond' (nst\ns\water\lakewater.p3d)
21:56:56.736 ENTITY    (W): Unknown object class 'pond' (nst\ns\water\lakewater.p3d)
21:56:56.736 ENTITY    (W): Unknown object class 'pond' (nst\ns\water\lakewater.p3d)
21:57:00.349 ENTITY    (W): Unknown object class 'pond' (dz\water_sakhal\ice_lake\sakhal_50x50_ice_lake_clear.p3d)
21:57:02.920 ENTITY    (W): Unknown object class 'pond' (dz\water_sakhal\ice_lake\sakhal_50x50_ice_lake_clear.p3d)
21:57:10.878  --- Termination successfully completed --- 
