=====================================================================
== G:\SteamLibrary\steamapps\common\DayZServer\DayZServer_x64.exe
== DayZServer_x64.exe -noBattlEye -config=serverDZ.cfg -port=2302 "-profiles=G:\SteamLibrary\steamapps\common\DayZServer\ServerProfiles" -cpuCount=4 -nosplash -noPause "-mod=@CF;@Dabs Framework;@[CnG]UAZ_452;@[CnG]UAZ_31514;@[CnG]VAZ_2109;@[CrSk] BMW 525i E34;@[CrSk] VAZ-2107;@Armored Vehicle Pack;@AutoCarFlip;@BaseBuildingPlus;@Basic Map;@BMW E38 [FREE];@BMW X5 2000;@BMW_M5_CS;@ChernarusRP AE86;@Code Lock;@DayZ Horse;@DayZ-Expansion;@DayZ-Expansion-BaseBuilding;@DayZ-Expansion-Core;@DayZ-Expansion-Licensed;@Dayz-Expansion-Vehicles;@Expansion Ka52;@GAZ 66 SHISHIGA;@GAZ_Tigr_FIXED;@Gerphelius_CarXFence;@Honda_NSX;@JosiesHiluxZ;@M110;@MBM_ApocalypseTruck;@MBM_GoKart;@MBM_UnderglowLights;@Mercedes-Benz AMG G63 W463;@MMG - Mightys Military Gear;@Namalsk Island;@Namalsk Survival;@Nissan GTR 2015 - FREE TO USE;@RUSForma_vehicles;@SNAFU Weapons;@Survivor Animations;@Syndicate Breaching Charge;@The Complete Ghillie Pack;@Toyota_GT86_RB;@Unknown Ghillie Mod;@VAZ 2107 Yandex Dfift;@VPPAdminTools;@VPPAdminTools Ru Translate;@WindstridesClothingPack;@Zens Core Mod;@Zens Sleeping Mod"
=====================================================================
Exe timestamp: 2026/08/15 12:57:52
Current time:  2026/08/16 23:22:02
Version 1.29.163709
=====================================================================

23:22:02.641 ENGINE    (W): Process affinity forced to f
23:22:28.407 ENGINE    (W): No module info used, trying to identify -> 0x2EFD0000
23:22:28.408 ENGINE    (W): Adjusting job system settings to have at least one job worker thread.
23:22:28.600 [Inputs] Loading inputs default "bin/constants.xml"
23:22:28.603 [Inputs] Loading inputs default "bin/specific.xml"
23:22:28.605 [Inputs] Loading inputs default "BBP_keybind/data/modded_Inputs.xml"
23:22:28.605 [Inputs] Loading inputs default "HB_FlipVehicle/Inputs/inputs.xml"
23:22:28.605 [Inputs] Loading inputs default "nst/ns_dayz/scripts/Data/Inputs.xml"
23:22:28.605 [Inputs] Loading inputs default "VPPAdminTools/data/modded_Inputs.xml"
23:22:28.606 [Inputs] Loading inputs default "WindstrideClothing/Inputs.xml"
23:22:28.608 [Inputs] Loading inputs default "BasicMap/data/Inputs.xml"
23:22:28.608 [Inputs] Loading inputs default "MBM_UnderglowLights/gui/inputs.xml"
23:22:28.608 [Inputs] Loading inputs default "DayZExpansion/PlayerList/Scripts/Data/Inputs.xml"
23:22:28.608 [Inputs] Loading inputs default "DayZExpansion/Scripts/Data/Inputs.xml"
23:22:28.608 [Inputs] Loading inputs default "DayZExpansion/Vehicles/Scripts/Data/Inputs.xml"
23:22:28.609 [Inputs] Loading inputs default "Dayz_Horse/Data/Inputs.xml"
23:22:28.609 [Inputs] Loading inputs default "DayZExpansion/BaseBuilding/Scripts/Data/Inputs.xml"
23:22:28.609 [Inputs] Loading inputs cfg "G:\SteamLibrary\steamapps\common\DayZServer\ServerProfiles\Users\Survivor\Server.core.xml"
23:22:28.616 [Inputs] Exporting inputs cfg "G:\SteamLibrary\steamapps\common\DayZServer\ServerProfiles\Users\Survivor\Server.core.xml"
23:22:28.787 SCRIPT    (W): @"BaseBuildingPlus/scripts/3_Game/bbpconfig.c,143": FIX-ME: Unexpected statement 'ref'
23:22:28.820 SCRIPT    (W): @"CodeLock/scripts/3_game/dayzgame.c,13": FIX-ME: Method argument can't be strong reference
23:22:28.934 SCRIPT    (W): @"BasicMap/scripts/3_Game/basicmapcontroller.c,93": FIX-ME: Method argument can't be strong reference
23:22:28.934 SCRIPT    (W): @"BasicMap/scripts/3_Game/basicmapcontroller.c,93": FIX-ME: Method argument can't be strong reference
23:22:28.934 SCRIPT    (W): @"BasicMap/scripts/3_Game/basicmapcontroller.c,93": FIX-ME: Method argument can't be strong reference
23:22:28.934 SCRIPT    (W): @"BasicMap/scripts/3_Game/basicmapcontroller.c,132": FIX-ME: Method argument can't be strong reference
23:22:28.934 SCRIPT    (W): @"BasicMap/scripts/3_Game/basicmapcontroller.c,132": FIX-ME: Method argument can't be strong reference
23:22:28.934 SCRIPT    (W): @"BasicMap/scripts/3_Game/basicmapcontroller.c,132": FIX-ME: Method argument can't be strong reference
23:22:28.934 SCRIPT    (W): @"BasicMap/scripts/3_Game/basicmapcontroller.c,305": FIX-ME: Method argument can't be strong reference
23:22:28.934 SCRIPT    (W): @"BasicMap/scripts/3_Game/basicmapcontroller.c,447": FIX-ME: Method argument can't be strong reference
23:22:28.934 SCRIPT    (W): @"BasicMap/scripts/3_Game/basicmapcontroller.c,453": FIX-ME: Method argument can't be strong reference
23:22:28.937 SCRIPT    (W): @"BasicMap/scripts/3_Game/gui\basicmapmenu.c,556": FIX-ME: Overriding function 'LockControls' but not marked as 'override'
23:22:33.00  ANIMATION (E): Can't load @Zens Sleeping Mod/Anims/cfg/skeletons.anim.xml
23:22:33.00  ANIMATION (E): Failed to open file, line 0, column 0
23:22:33.00  ANIMATION (E): Can't load @Zens Core Mod/Anims/cfg/skeletons.anim.xml
23:22:33.00  ANIMATION (E): Failed to open file, line 0, column 0
23:22:33.01  ANIMATION (E): Can't load @WindstridesClothingPack/Anims/cfg/skeletons.anim.xml
23:22:33.01  ANIMATION (E): Failed to open file, line 0, column 0
23:22:33.01  ANIMATION (E): Can't load @VPPAdminTools Ru Translate/Anims/cfg/skeletons.anim.xml
23:22:33.01  ANIMATION (E): Failed to open file, line 0, column 0
23:22:33.01  ANIMATION (E): Can't load @VPPAdminTools/Anims/cfg/skeletons.anim.xml
23:22:33.01  ANIMATION (E): Failed to open file, line 0, column 0
23:22:33.01  ANIMATION (E): Can't load @VAZ 2107 Yandex Dfift/Anims/cfg/skeletons.anim.xml
23:22:33.01  ANIMATION (E): Failed to open file, line 0, column 0
23:22:33.01  ANIMATION (E): Can't load @Unknown Ghillie Mod/Anims/cfg/skeletons.anim.xml
23:22:33.01  ANIMATION (E): Failed to open file, line 0, column 0
23:22:33.01  ANIMATION (E): Can't load @Toyota_GT86_RB/Anims/cfg/skeletons.anim.xml
23:22:33.01  ANIMATION (E): Failed to open file, line 0, column 0
23:22:33.01  ANIMATION (E): Can't load @The Complete Ghillie Pack/Anims/cfg/skeletons.anim.xml
23:22:33.01  ANIMATION (E): Failed to open file, line 0, column 0
23:22:33.01  ANIMATION (E): Can't load @Syndicate Breaching Charge/Anims/cfg/skeletons.anim.xml
23:22:33.01  ANIMATION (E): Failed to open file, line 0, column 0
23:22:33.01  ANIMATION (E): Can't load @Survivor Animations/Anims/cfg/skeletons.anim.xml
23:22:33.01  ANIMATION (E): Failed to open file, line 0, column 0
23:22:33.01  ANIMATION (E): Can't load @SNAFU Weapons/Anims/cfg/skeletons.anim.xml
23:22:33.01  ANIMATION (E): Failed to open file, line 0, column 0
23:22:33.01  ANIMATION (E): Can't load @RUSForma_vehicles/Anims/cfg/skeletons.anim.xml
23:22:33.01  ANIMATION (E): Failed to open file, line 0, column 0
23:22:33.01  ANIMATION (E): Can't load @Nissan GTR 2015 - FREE TO USE/Anims/cfg/skeletons.anim.xml
23:22:33.01  ANIMATION (E): Failed to open file, line 0, column 0
23:22:33.01  ANIMATION (E): Can't load @Namalsk Survival/Anims/cfg/skeletons.anim.xml
23:22:33.01  ANIMATION (E): Failed to open file, line 0, column 0
23:22:33.01  ANIMATION (E): Can't load @Namalsk Island/Anims/cfg/skeletons.anim.xml
23:22:33.01  ANIMATION (E): Failed to open file, line 0, column 0
23:22:33.01  ANIMATION (E): Can't load @MMG - Mightys Military Gear/Anims/cfg/skeletons.anim.xml
23:22:33.01  ANIMATION (E): Failed to open file, line 0, column 0
23:22:33.01  ANIMATION (E): Can't load @Mercedes-Benz AMG G63 W463/Anims/cfg/skeletons.anim.xml
23:22:33.01  ANIMATION (E): Failed to open file, line 0, column 0
23:22:33.01  ANIMATION (E): Can't load @MBM_UnderglowLights/Anims/cfg/skeletons.anim.xml
23:22:33.01  ANIMATION (E): Failed to open file, line 0, column 0
23:22:33.01  ANIMATION (E): Can't load @MBM_GoKart/Anims/cfg/skeletons.anim.xml
23:22:33.01  ANIMATION (E): Failed to open file, line 0, column 0
23:22:33.01  ANIMATION (E): Can't load @MBM_ApocalypseTruck/Anims/cfg/skeletons.anim.xml
23:22:33.01  ANIMATION (E): Failed to open file, line 0, column 0
23:22:33.01  ANIMATION (E): Can't load @M110/Anims/cfg/skeletons.anim.xml
23:22:33.01  ANIMATION (E): Failed to open file, line 0, column 0
23:22:33.01  ANIMATION (E): Can't load @JosiesHiluxZ/Anims/cfg/skeletons.anim.xml
23:22:33.01  ANIMATION (E): Failed to open file, line 0, column 0
23:22:33.01  ANIMATION (E): Can't load @Honda_NSX/Anims/cfg/skeletons.anim.xml
23:22:33.01  ANIMATION (E): Failed to open file, line 0, column 0
23:22:33.01  ANIMATION (E): Can't load @Gerphelius_CarXFence/Anims/cfg/skeletons.anim.xml
23:22:33.01  ANIMATION (E): Failed to open file, line 0, column 0
23:22:33.01  ANIMATION (E): Can't load @GAZ_Tigr_FIXED/Anims/cfg/skeletons.anim.xml
23:22:33.01  ANIMATION (E): Failed to open file, line 0, column 0
23:22:33.01  ANIMATION (E): Can't load @GAZ 66 SHISHIGA/Anims/cfg/skeletons.anim.xml
23:22:33.01  ANIMATION (E): Failed to open file, line 0, column 0
23:22:33.01  ANIMATION (E): Can't load @Expansion Ka52/Anims/cfg/skeletons.anim.xml
23:22:33.01  ANIMATION (E): Failed to open file, line 0, column 0
23:22:33.01  ANIMATION (E): Can't load @Dayz-Expansion-Vehicles/Anims/cfg/skeletons.anim.xml
23:22:33.01  ANIMATION (E): Failed to open file, line 0, column 0
23:22:33.01  ANIMATION (E): Can't load @DayZ-Expansion-Licensed/Anims/cfg/skeletons.anim.xml
23:22:33.01  ANIMATION (E): Failed to open file, line 0, column 0
23:22:33.01  ANIMATION (E): Can't load @DayZ-Expansion-Core/Anims/cfg/skeletons.anim.xml
23:22:33.01  ANIMATION (E): Failed to open file, line 0, column 0
23:22:33.01  ANIMATION (E): Can't load @DayZ-Expansion-BaseBuilding/Anims/cfg/skeletons.anim.xml
23:22:33.01  ANIMATION (E): Failed to open file, line 0, column 0
23:22:33.01  ANIMATION (E): Can't load @DayZ-Expansion/Anims/cfg/skeletons.anim.xml
23:22:33.01  ANIMATION (E): Failed to open file, line 0, column 0
23:22:33.40  ANIMATION (E): Can't load @Code Lock/Anims/cfg/skeletons.anim.xml
23:22:33.40  ANIMATION (E): Failed to open file, line 0, column 0
23:22:33.40  ANIMATION (E): Can't load @ChernarusRP AE86/Anims/cfg/skeletons.anim.xml
23:22:33.40  ANIMATION (E): Failed to open file, line 0, column 0
23:22:33.41  ANIMATION (E): Can't load @BMW_M5_CS/Anims/cfg/skeletons.anim.xml
23:22:33.41  ANIMATION (E): Failed to open file, line 0, column 0
23:22:33.41  ANIMATION (E): Can't load @BMW X5 2000/Anims/cfg/skeletons.anim.xml
23:22:33.41  ANIMATION (E): Failed to open file, line 0, column 0
23:22:33.41  ANIMATION (E): Can't load @BMW E38 [FREE]/Anims/cfg/skeletons.anim.xml
23:22:33.41  ANIMATION (E): Failed to open file, line 0, column 0
23:22:33.41  ANIMATION (E): Can't load @Basic Map/Anims/cfg/skeletons.anim.xml
23:22:33.41  ANIMATION (E): Failed to open file, line 0, column 0
23:22:33.41  ANIMATION (E): Can't load @BaseBuildingPlus/Anims/cfg/skeletons.anim.xml
23:22:33.41  ANIMATION (E): Failed to open file, line 0, column 0
23:22:33.41  ANIMATION (E): Can't load @AutoCarFlip/Anims/cfg/skeletons.anim.xml
23:22:33.41  ANIMATION (E): Failed to open file, line 0, column 0
23:22:33.41  ANIMATION (E): Can't load @Armored Vehicle Pack/Anims/cfg/skeletons.anim.xml
23:22:33.41  ANIMATION (E): Failed to open file, line 0, column 0
23:22:33.41  ANIMATION (E): Can't load @[CrSk] VAZ-2107/Anims/cfg/skeletons.anim.xml
23:22:33.41  ANIMATION (E): Failed to open file, line 0, column 0
23:22:33.41  ANIMATION (E): Can't load @[CrSk] BMW 525i E34/Anims/cfg/skeletons.anim.xml
23:22:33.41  ANIMATION (E): Failed to open file, line 0, column 0
23:22:33.41  ANIMATION (E): Can't load @[CnG]VAZ_2109/Anims/cfg/skeletons.anim.xml
23:22:33.41  ANIMATION (E): Failed to open file, line 0, column 0
23:22:33.41  ANIMATION (E): Can't load @[CnG]UAZ_31514/Anims/cfg/skeletons.anim.xml
23:22:33.41  ANIMATION (E): Failed to open file, line 0, column 0
23:22:33.41  ANIMATION (E): Can't load @[CnG]UAZ_452/Anims/cfg/skeletons.anim.xml
23:22:33.41  ANIMATION (E): Failed to open file, line 0, column 0
23:22:33.41  ANIMATION (E): Can't load @Dabs Framework/Anims/cfg/skeletons.anim.xml
23:22:33.41  ANIMATION (E): Failed to open file, line 0, column 0
23:22:33.41  ANIMATION (E): Can't load @CF/Anims/cfg/skeletons.anim.xml
23:22:33.41  ANIMATION (E): Failed to open file, line 0, column 0
23:22:33.41  ANIMATION (E): Can't load sakhal/Anims/cfg/skeletons.anim.xml
23:22:33.41  ANIMATION (E): Failed to open file, line 0, column 0
23:22:35.170 SCRIPT    (W): @"HB_FlipVehicle/Scripts/4_World/classes\registeractions.c,28": Missing ';' at the end of line
23:22:35.375 SCRIPT    (W): @"CodeLock/scripts/4_world/entities\codelock.c,308": FIX-ME: Method argument can't be strong reference
23:22:35.386 SCRIPT    (W): @"kamaz_4310RUS\scripts\4_World/carscript_kamaz_4310rus_cabinmanipulte.c,8": FIX-ME: Overriding function 'IsCabinCanManipulate' but not marked as 'override'
23:22:35.386 SCRIPT    (W): @"kamaz_4310RUS\scripts\4_World/carscript_kamaz_4310rus_cabinmanipulte.c,13": FIX-ME: Overriding function 'GetCabinAnimationSource' but not marked as 'override'
23:22:35.386 SCRIPT    (W): @"kamaz_4310RUS\scripts\4_World/carscript_kamaz_4310rus_cabinmanipulte.c,18": FIX-ME: Overriding function 'IsCabinRised' but not marked as 'override'
23:22:35.386 SCRIPT    (W): @"kamaz_4310RUS\scripts\4_World/carscript_kamaz_4310rus_cabinmanipulte.c,23": FIX-ME: Overriding function 'IsPassengersInCabin' but not marked as 'override'
23:22:35.386 SCRIPT    (W): @"tractor_UMZ_RUS\scripts\4_World/carscript.c,4": FIX-ME: Overriding function 'HandleDoorsSound' but not marked as 'override'
23:22:35.435 SCRIPT    (W): @"BaseBuildingPlus/scripts/4_World/basebuildingplusui\entites\manbase\playerbase.c,16": FIX-ME: Overriding function 'ToggleBookReading' but not marked as 'override'
23:22:35.435 SCRIPT    (W): @"BaseBuildingPlus/scripts/4_World/basebuildingplusui\entites\manbase\playerbase.c,20": FIX-ME: Overriding function 'IsReadingBook' but not marked as 'override'
23:22:35.457 SCRIPT    (W): @"kamaz_4310RUS\scripts\4_World/static\miscgameplayfunctions.c,6": FIX-ME: Overriding function 'IsInsideCar' but not marked as 'override'
23:22:35.511 SCRIPT    (W): @"Jeep_Wnagler/scripts/Jeep_Wnagler/jeep_wnagler.c,171": FIX-ME: Overriding function 'GetDoorConditionPointFromSelection' but not marked as 'override'
23:22:35.557 SCRIPT    (W): @"CodeLock/scripts/4_world/pluginmanager\pluginbase\permissions\codelockpermissionmanager.c,46": FIX-ME: Method argument can't be strong reference
23:22:35.584 SCRIPT    (W): @"LAPV_tan/scripts/LAPV_tan/lapv_tan.c,270": FIX-ME: Overriding function 'GetDoorConditionPointFromSelection' but not marked as 'override'
23:22:35.669 SCRIPT    (W): @"Glowler_ITV/scripts/Glowler_ITV/glowler_itv.c,162": FIX-ME: Overriding function 'GetDoorConditionPointFromSelection' but not marked as 'override'
23:22:35.717 SCRIPT    (W): @"MRAP_Cougar/scripts/MRAP_Cougar/mrap_cougar.c,235": FIX-ME: Overriding function 'GetDoorConditionPointFromSelection' but not marked as 'override'
23:22:35.724 SCRIPT    (W): @"CodeLock/scripts/4_world/gui\setcodemenu.c,31": FIX-ME: Overriding function 'CheckState' but not marked as 'override'
23:22:35.733 SCRIPT    (W): @"LAPV_camo/scripts/LAPV_camo/lapv_camo.c,270": FIX-ME: Overriding function 'GetDoorConditionPointFromSelection' but not marked as 'override'
23:22:35.755 SCRIPT    (W): @"WindstrideClothing/scripts/4_World/namalsk\frostbite.c,4": FIX-ME: Overriding function 'CheckSlotOfInterest' but not marked as 'override'
23:22:35.762 SCRIPT    (W): @"LAPV_green/scripts/LAPV_green/lapv_green.c,270": FIX-ME: Overriding function 'GetDoorConditionPointFromSelection' but not marked as 'override'
23:22:35.782 SCRIPT    (W): @"x5_2000\scripts\x5_2000/x5_2000.c,7": FIX-ME: Overriding function 'DashboardShineOn' but not marked as 'override'
23:22:35.783 SCRIPT    (W): @"x5_2000\scripts\x5_2000/x5_2000.c,31": FIX-ME: Overriding function 'DashboardShineOff' but not marked as 'override'
23:22:35.785 SCRIPT    (W): @"CodeLock/scripts/4_world/gui\guestcodemenu.c,29": FIX-ME: Overriding function 'SendRPC' but not marked as 'override'
23:22:35.834 SCRIPT    (W): @"CodeLock/scripts/4_world/gui\claimcodemenu.c,27": FIX-ME: Overriding function 'SendRPC' but not marked as 'override'
23:22:35.839 SCRIPT    (W): @"LAPV/scripts/LAPV/lapv.c,270": FIX-ME: Overriding function 'GetDoorConditionPointFromSelection' but not marked as 'override'
23:22:35.846 SCRIPT    (W): @"CodeLock/scripts/4_world/gui\entercodemenu.c,37": FIX-ME: Overriding function 'SendRPC' but not marked as 'override'
23:22:37.952 SCRIPT    (W): @"CodeLock/scripts/4_world/actions\continuous\actiondestroycodelockontent.c,73": Possible variable name conflict '_Health'
23:22:38.06  SCRIPT    (W): @"CodeLock/scripts/4_world/actions\continuous\actiondestroycodelockonfence.c,67": Possible variable name conflict '_Health'
23:22:40.370 SCRIPT    (W): @"MBM_Apocalypse_Truck\scripts\4_World/entities\vehicle\apocalypsetruck.c,262": 'GetController' is obsolete: Use methods directly on Car
23:22:46.252 SCRIPT    (W): @"Dayz_Horse/Scripts/4_World/dayzplayerimplement.c,180": No need to use 'Cast' for up-casting
23:22:48.155 WORLD        : Create entity type 'headphones_base'
23:22:48.155  WORLD        : Create entity type 'PersonalRadio'
23:22:48.155   ENTITY    (E): Type 'Inventory_BaseType' must be inherited from class 'ItemTransmitterType'
23:22:50.94  PreloadAnimationSets
23:22:50.94   ANIMATION    : AnimSetInstance load @"{0F5E6205A5E823C3}dz/anims/workspaces/player/player_main/player_main.asi"
23:22:50.94    RESOURCES (E): Failed to open object @"SurvivorAnimsExtras/animations/extras/p_cro_CustomAction_01_in.anm"
23:22:50.94    RESOURCES (E): Failed to open object @"SurvivorAnimsExtras/animations/extras/p_cro_CustomAction_01_loop.anm"
23:22:50.94    RESOURCES (E): Failed to open object @"SurvivorAnimsExtras/animations/extras/p_cro_CustomAction_01_out.anm"
23:22:50.94    RESOURCES (E): Failed to open object @"SurvivorAnimsExtras/animations/extras/p_erc_CustomAction_01_in.anm"
23:22:50.94    RESOURCES (E): Failed to open object @"SurvivorAnimsExtras/animations/extras/p_erc_CustomAction_01_loop.anm"
23:22:50.94    RESOURCES (E): Failed to open object @"SurvivorAnimsExtras/animations/extras/p_erc_CustomAction_01_out.anm"
23:22:50.94    RESOURCES (E): Failed to open object @"SurvivorAnimsExtras/animations/extras/p_cro_CustomAction_02_in.anm"
23:22:50.94    RESOURCES (E): Failed to open object @"SurvivorAnimsExtras/animations/extras/p_cro_CustomAction_02_loop.anm"
23:22:50.94    RESOURCES (E): Failed to open object @"SurvivorAnimsExtras/animations/extras/p_cro_CustomAction_02_out.anm"
23:22:50.94    RESOURCES (E): Failed to open object @"SurvivorAnimsExtras/animations/extras/p_erc_CustomAction_02_in.anm"
23:22:50.94    RESOURCES (E): Failed to open object @"SurvivorAnimsExtras/animations/extras/p_erc_CustomAction_02_loop.anm"
23:22:50.94    RESOURCES (E): Failed to open object @"SurvivorAnimsExtras/animations/extras/p_erc_CustomAction_02_out.anm"
23:22:50.94    RESOURCES (E): Failed to open object @"SurvivorAnimsExtras/animations/extras/p_cro_FB_CustomAction_01_in.anm"
23:22:50.94    RESOURCES (E): Failed to open object @"SurvivorAnimsExtras/animations/extras/p_cro_FB_CustomAction_01_loop.anm"
23:22:50.94    RESOURCES (E): Failed to open object @"SurvivorAnimsExtras/animations/extras/p_cro_FB_CustomAction_01_out.anm"
23:22:50.94    RESOURCES (E): Failed to open object @"SurvivorAnimsExtras/animations/extras/p_erc_FB_CustomAction_01_in.anm"
23:22:50.94    RESOURCES (E): Failed to open object @"SurvivorAnimsExtras/animations/extras/p_erc_FB_CustomAction_01_loop.anm"
23:22:50.94    RESOURCES (E): Failed to open object @"SurvivorAnimsExtras/animations/extras/p_erc_FB_CustomAction_01_out.anm"
23:22:50.94    RESOURCES (E): Failed to open object @"SurvivorAnimsExtras/animations/extras/p_cro_FB_CustomAction_02_in.anm"
23:22:50.94    RESOURCES (E): Failed to open object @"SurvivorAnimsExtras/animations/extras/p_cro_FB_CustomAction_02_loop.anm"
23:22:50.94    RESOURCES (E): Failed to open object @"SurvivorAnimsExtras/animations/extras/p_cro_FB_CustomAction_02_out.anm"
23:22:50.94    RESOURCES (E): Failed to open object @"SurvivorAnimsExtras/animations/extras/p_erc_FB_CustomAction_02_in.anm"
23:22:50.94    RESOURCES (E): Failed to open object @"SurvivorAnimsExtras/animations/extras/p_erc_FB_CustomAction_02_loop.anm"
23:22:50.94    RESOURCES (E): Failed to open object @"SurvivorAnimsExtras/animations/extras/p_erc_FB_CustomAction_02_out.anm"
23:22:50.94    RESOURCES (E): Failed to open object @"SurvivorAnimsExtras/animations/extras/p_cro_FB_CustomAction_03_in.anm"
23:22:50.94    RESOURCES (E): Failed to open object @"SurvivorAnimsExtras/animations/extras/p_cro_FB_CustomAction_03_loop.anm"
23:22:50.94    RESOURCES (E): Failed to open object @"SurvivorAnimsExtras/animations/extras/p_cro_FB_CustomAction_03_out.anm"
23:22:50.94    RESOURCES (E): Failed to open object @"SurvivorAnimsExtras/animations/extras/p_erc_FB_CustomAction_03_in.anm"
23:22:50.94    RESOURCES (E): Failed to open object @"SurvivorAnimsExtras/animations/extras/p_erc_FB_CustomAction_03_loop.anm"
23:22:50.94    RESOURCES (E): Failed to open object @"SurvivorAnimsExtras/animations/extras/p_erc_FB_CustomAction_03_out.anm"
23:22:50.94    RESOURCES (E): Failed to open object @"SurvivorAnimsExtras/animations/extras/p_cro_FB_CustomAction_04_in.anm"
23:22:50.94    RESOURCES (E): Failed to open object @"SurvivorAnimsExtras/animations/extras/p_cro_FB_CustomAction_04_loop.anm"
23:22:50.94    RESOURCES (E): Failed to open object @"SurvivorAnimsExtras/animations/extras/p_cro_FB_CustomAction_04_out.anm"
23:22:50.94    RESOURCES (E): Failed to open object @"SurvivorAnimsExtras/animations/extras/p_erc_FB_CustomAction_04_in.anm"
23:22:50.94    RESOURCES (E): Failed to open object @"SurvivorAnimsExtras/animations/extras/p_erc_FB_CustomAction_04_loop.anm"
23:22:50.95    RESOURCES (E): Failed to open object @"SurvivorAnimsExtras/animations/extras/p_erc_FB_CustomAction_04_out.anm"
23:22:50.95    RESOURCES (E): Failed to open object @"SurvivorAnimsExtras/animations/extras/p_cro_FB_CustomAction_05_in.anm"
23:22:50.95    RESOURCES (E): Failed to open object @"SurvivorAnimsExtras/animations/extras/p_cro_FB_CustomAction_05_loop.anm"
23:22:50.95    RESOURCES (E): Failed to open object @"SurvivorAnimsExtras/animations/extras/p_cro_FB_CustomAction_05_out.anm"
23:22:50.95    RESOURCES (E): Failed to open object @"SurvivorAnimsExtras/animations/extras/p_erc_FB_CustomAction_05_in.anm"
23:22:50.95    RESOURCES (E): Failed to open object @"SurvivorAnimsExtras/animations/extras/p_erc_FB_CustomAction_05_loop.anm"
23:22:50.95    RESOURCES (E): Failed to open object @"SurvivorAnimsExtras/animations/extras/p_erc_FB_CustomAction_05_out.anm"
23:22:50.171   RESOURCES (E): Failed to open object @"SurvivorAnimsExtras/animations/extras/p_cro_CustomActionOnce_01.anm"
23:22:50.171   RESOURCES (E): Failed to open object @"SurvivorAnimsExtras/animations/extras/p_erc_CustomActionOnce_01.anm"
23:22:50.171   RESOURCES (E): Failed to open object @"SurvivorAnimsExtras/animations/extras/p_pne_FB_CustomActionOnce_01.anm"
23:22:50.171   RESOURCES (E): Failed to open object @"SurvivorAnimsExtras/animations/extras/p_cro_CustomActionOnce_02.anm"
23:22:50.171   RESOURCES (E): Failed to open object @"SurvivorAnimsExtras/animations/extras/p_erc_CustomActionOnce_02.anm"
23:22:50.171   RESOURCES (E): Failed to open object @"SurvivorAnimsExtras/animations/extras/p_pne_FB_CustomActionOnce_02.anm"
23:22:50.171   RESOURCES (E): Failed to open object @"SurvivorAnimsExtras/animations/extras/p_cro_CustomActionOnce_03.anm"
23:22:50.171   RESOURCES (E): Failed to open object @"SurvivorAnimsExtras/animations/extras/p_erc_CustomActionOnce_03.anm"
23:22:50.171   RESOURCES (E): Failed to open object @"SurvivorAnimsExtras/animations/extras/p_pne_FB_CustomActionOnce_03.anm"
23:22:50.171   RESOURCES (E): Failed to open object @"SurvivorAnimsExtras/animations/extras/p_cro_CustomActionOnce_04.anm"
23:22:50.171   RESOURCES (E): Failed to open object @"SurvivorAnimsExtras/animations/extras/p_erc_CustomActionOnce_04.anm"
23:22:50.171   RESOURCES (E): Failed to open object @"SurvivorAnimsExtras/animations/extras/p_pne_FB_CustomActionOnce_04.anm"
23:22:50.171   RESOURCES (E): Failed to open object @"SurvivorAnimsExtras/animations/extras/p_cro_CustomActionOnce_05.anm"
23:22:50.171   RESOURCES (E): Failed to open object @"SurvivorAnimsExtras/animations/extras/p_erc_CustomActionOnce_05.anm"
23:22:50.171   RESOURCES (E): Failed to open object @"SurvivorAnimsExtras/animations/extras/p_pne_FB_CustomActionOnce_05.anm"
23:22:50.401   RESOURCES (E): Failed to open object @"SurvivorAnimsExtras/animations/extras/p_erc_CustomEmote_01_in.anm"
23:22:50.401   RESOURCES (E): Failed to open object @"SurvivorAnimsExtras/animations/extras/p_erc_CustomEmote_01_loop.anm"
23:22:50.401   RESOURCES (E): Failed to open object @"SurvivorAnimsExtras/animations/extras/p_erc_CustomEmote_01_out.anm"
23:22:50.401   RESOURCES (E): Failed to open object @"SurvivorAnimsExtras/animations/extras/p_erc_CustomEmote_02_in.anm"
23:22:50.401   RESOURCES (E): Failed to open object @"SurvivorAnimsExtras/animations/extras/p_erc_CustomEmote_02_loop.anm"
23:22:50.401   RESOURCES (E): Failed to open object @"SurvivorAnimsExtras/animations/extras/p_erc_CustomEmote_02_out.anm"
23:22:50.401   RESOURCES (E): Failed to open object @"SurvivorAnimsExtras/animations/extras/p_erc_CustomEmote_03_in.anm"
23:22:50.401   RESOURCES (E): Failed to open object @"SurvivorAnimsExtras/animations/extras/p_erc_CustomEmote_03_loop.anm"
23:22:50.401   RESOURCES (E): Failed to open object @"SurvivorAnimsExtras/animations/extras/p_erc_CustomEmote_03_out.anm"
23:22:50.401   RESOURCES (E): Failed to open object @"SurvivorAnimsExtras/animations/extras/p_erc_CustomEmote_04_in.anm"
23:22:50.401   RESOURCES (E): Failed to open object @"SurvivorAnimsExtras/animations/extras/p_erc_CustomEmote_04_loop.anm"
23:22:50.401   RESOURCES (E): Failed to open object @"SurvivorAnimsExtras/animations/extras/p_erc_CustomEmote_04_out.anm"
23:22:50.401   RESOURCES (E): Failed to open object @"SurvivorAnimsExtras/animations/extras/p_erc_CustomEmote_05_in.anm"
23:22:50.401   RESOURCES (E): Failed to open object @"SurvivorAnimsExtras/animations/extras/p_erc_CustomEmote_05_loop.anm"
23:22:50.401   RESOURCES (E): Failed to open object @"SurvivorAnimsExtras/animations/extras/p_erc_CustomEmote_05_out.anm"
23:22:50.401   RESOURCES (E): Failed to open object @"SurvivorAnimsExtras/animations/extras/p_erc_CustomEmote_06_in.anm"
23:22:50.401   RESOURCES (E): Failed to open object @"SurvivorAnimsExtras/animations/extras/p_erc_CustomEmote_06_loop.anm"
23:22:50.402   RESOURCES (E): Failed to open object @"SurvivorAnimsExtras/animations/extras/p_erc_CustomEmote_06_out.anm"
23:22:50.402   RESOURCES (E): Failed to open object @"SurvivorAnimsExtras/animations/extras/p_erc_CustomEmote_07_in.anm"
23:22:50.402   RESOURCES (E): Failed to open object @"SurvivorAnimsExtras/animations/extras/p_erc_CustomEmote_07_loop.anm"
23:22:50.402   RESOURCES (E): Failed to open object @"SurvivorAnimsExtras/animations/extras/p_erc_CustomEmote_07_out.anm"
23:22:50.402   RESOURCES (E): Failed to open object @"SurvivorAnimsExtras/animations/extras/p_erc_CustomEmote_08_in.anm"
23:22:50.402   RESOURCES (E): Failed to open object @"SurvivorAnimsExtras/animations/extras/p_erc_CustomEmote_08_loop.anm"
23:22:50.402   RESOURCES (E): Failed to open object @"SurvivorAnimsExtras/animations/extras/p_erc_CustomEmote_08_out.anm"
23:22:50.402   RESOURCES (E): Failed to open object @"SurvivorAnimsExtras/animations/extras/p_erc_CustomEmote_09_in.anm"
23:22:50.402   RESOURCES (E): Failed to open object @"SurvivorAnimsExtras/animations/extras/p_erc_CustomEmote_09_loop.anm"
23:22:50.402   RESOURCES (E): Failed to open object @"SurvivorAnimsExtras/animations/extras/p_erc_CustomEmote_09_out.anm"
23:22:50.402   RESOURCES (E): Failed to open object @"SurvivorAnimsExtras/animations/extras/p_erc_CustomEmote_10_in.anm"
23:22:50.402   RESOURCES (E): Failed to open object @"SurvivorAnimsExtras/animations/extras/p_erc_CustomEmote_10_loop.anm"
23:22:50.402   RESOURCES (E): Failed to open object @"SurvivorAnimsExtras/animations/extras/p_erc_CustomEmote_10_out.anm"
23:22:50.402   RESOURCES (E): Failed to open object @"SurvivorAnimsExtras/animations/extras/p_erc_CustomEmote_11_in.anm"
23:22:50.402   RESOURCES (E): Failed to open object @"SurvivorAnimsExtras/animations/extras/p_erc_CustomEmote_11_loop.anm"
23:22:50.402   RESOURCES (E): Failed to open object @"SurvivorAnimsExtras/animations/extras/p_erc_CustomEmote_11_out.anm"
23:22:50.402   RESOURCES (E): Failed to open object @"SurvivorAnimsExtras/animations/extras/p_erc_CustomEmote_12_in.anm"
23:22:50.402   RESOURCES (E): Failed to open object @"SurvivorAnimsExtras/animations/extras/p_erc_CustomEmote_12_loop.anm"
23:22:50.402   RESOURCES (E): Failed to open object @"SurvivorAnimsExtras/animations/extras/p_erc_CustomEmote_12_out.anm"
23:22:50.402   RESOURCES (E): Failed to open object @"SurvivorAnimsExtras/animations/extras/p_erc_CustomEmote_13_in.anm"
23:22:50.402   RESOURCES (E): Failed to open object @"SurvivorAnimsExtras/animations/extras/p_erc_CustomEmote_13_loop.anm"
23:22:50.402   RESOURCES (E): Failed to open object @"SurvivorAnimsExtras/animations/extras/p_erc_CustomEmote_13_out.anm"
23:22:50.402   RESOURCES (E): Failed to open object @"SurvivorAnimsExtras/animations/extras/p_erc_CustomEmote_14_in.anm"
23:22:50.402   RESOURCES (E): Failed to open object @"SurvivorAnimsExtras/animations/extras/p_erc_CustomEmote_14_loop.anm"
23:22:50.402   RESOURCES (E): Failed to open object @"SurvivorAnimsExtras/animations/extras/p_erc_CustomEmote_14_out.anm"
23:22:50.402   RESOURCES (E): Failed to open object @"SurvivorAnimsExtras/animations/extras/p_erc_CustomEmote_15_in.anm"
23:22:50.402   RESOURCES (E): Failed to open object @"SurvivorAnimsExtras/animations/extras/p_erc_CustomEmote_15_loop.anm"
23:22:50.402   RESOURCES (E): Failed to open object @"SurvivorAnimsExtras/animations/extras/p_erc_CustomEmote_15_out.anm"
23:22:50.402   RESOURCES (E): Failed to open object @"SurvivorAnimsExtras/animations/extras/p_erc_CustomEmote_16_in.anm"
23:22:50.402   RESOURCES (E): Failed to open object @"SurvivorAnimsExtras/animations/extras/p_erc_CustomEmote_16_loop.anm"
23:22:50.402   RESOURCES (E): Failed to open object @"SurvivorAnimsExtras/animations/extras/p_erc_CustomEmote_16_out.anm"
23:22:50.438   RESOURCES (E): Failed to open object @"SurvivorAnimsExtras/animations/extras/p_cro_CustomEmoteOnce_01.anm"
23:22:50.438   RESOURCES (E): Failed to open object @"SurvivorAnimsExtras/animations/extras/p_erc_CustomEmoteOnce_01.anm"
23:22:50.438   RESOURCES (E): Failed to open object @"SurvivorAnimsExtras/animations/extras/p_pne_CustomEmoteOnce_01.anm"
23:22:50.438   RESOURCES (E): Failed to open object @"SurvivorAnimsExtras/animations/extras/p_erc_CustomEmoteOnce_02.anm"
23:22:50.438   RESOURCES (E): Failed to open object @"SurvivorAnimsExtras/animations/extras/p_erc_CustomEmoteOnce_03.anm"
23:22:50.438   RESOURCES (E): Failed to open object @"SurvivorAnimsExtras/animations/extras/p_erc_CustomEmoteOnce_04.anm"
23:22:50.438   RESOURCES (E): Failed to open object @"SurvivorAnimsExtras/animations/extras/p_erc_CustomEmoteOnce_05.anm"
23:22:50.438   RESOURCES (E): Failed to open object @"SurvivorAnimsExtras/animations/extras/p_erc_CustomEmoteOnce_06.anm"
23:22:50.438   RESOURCES (E): Failed to open object @"SurvivorAnimsExtras/animations/extras/p_erc_CustomEmoteOnce_07.anm"
23:22:50.438   RESOURCES (E): Failed to open object @"SurvivorAnimsExtras/animations/extras/p_erc_CustomEmoteOnce_08.anm"
23:22:50.438   RESOURCES (E): Failed to open object @"SurvivorAnimsExtras/animations/extras/p_erc_CustomEmoteOnce_09.anm"
23:22:50.438   RESOURCES (E): Failed to open object @"SurvivorAnimsExtras/animations/extras/p_erc_CustomEmoteOnce_10.anm"
23:22:50.438   RESOURCES (E): Failed to open object @"SurvivorAnimsExtras/animations/extras/p_cro_FB_CustomEmoteOnce_01.anm"
23:22:50.438   RESOURCES (E): Failed to open object @"SurvivorAnimsExtras/animations/extras/p_erc_FB_CustomEmoteOnce_01.anm"
23:22:50.438   RESOURCES (E): Failed to open object @"SurvivorAnimsExtras/animations/extras/p_pne_FB_CustomEmoteOnce_01.anm"
23:22:52.380 Hostname of server: "SVOBODA DayZ"
23:22:53.127 NETWORK      : Network simulation
23:22:53.127  Loading landscape 'namalsk'
23:22:53.127   WORLD        : Create entity type 'Land_pas_amps_solo'
23:22:53.127    ENTITY    (E): Type 'HouseType' must be inherited from class 'PASReceiverType'
23:22:53.298   ENTITY       : Load entity type 'land_seb_garage'
23:22:53.299    ENTITY    (W): Door 'doorstwin1' is missing geometry components for selection 'doorstwin1', check model+config
23:22:53.303   ENTITY       : Load entity type 'Land_Container_1Aoh'
23:22:53.303    ENTITY    (W): Door 'DoorsTwin1' is missing geometry components for selection 'DoorsTwin1', check model+config
23:22:53.304   WORLD        : Create entity type 'Land_radio_panelpas'
23:22:53.304    ENTITY    (E): Type 'HouseType' must be inherited from class 'PASBroadcasterType'
23:22:53.320   ENTITY       : Load entity type 'Land_Factory_Small'
23:22:53.320    ENTITY    (W): Door 'DoorsTwin1' is missing geometry components for selection 'DoorsTwin1', check model+config
23:22:53.320    ENTITY    (W): Door 'DoorsTwin2' is missing geometry components for selection 'DoorsTwin2', check model+config
23:22:53.339   ENTITY       : Load entity type 'Land_Container_1Bo'
23:22:53.339    ENTITY    (W): Door 'DoorsTwin1' is missing geometry components for selection 'DoorsTwin1', check model+config
23:22:53.340    ENTITY    (W): Door 'DoorsTwin2' is missing geometry components for selection 'DoorsTwin2', check model+config
23:22:53.340   ENTITY       : Load entity type 'land_budova2_winter'
23:22:53.341    ENTITY    (W): Door 'DoorsTwin1' is missing geometry components for selection 'DoorsTwin1', check model+config
23:22:53.368   ENTITY       : Load entity type 'Land_Container_1Mo'
23:22:53.368    ENTITY    (W): Door 'DoorsTwin1' is missing geometry components for selection 'DoorsTwin1', check model+config
23:22:53.368    ENTITY    (W): Door 'DoorsTwin2' is missing geometry components for selection 'DoorsTwin2', check model+config
23:22:53.371   ENTITY       : Load entity type 'land_budova1_winter'
23:22:53.371    ENTITY    (W): Door 'DoorsTwin1' is missing geometry components for selection 'DoorsTwin1', check model+config
23:22:53.388   WORLD        : Create entity type 'Land_radio_panelbig'
23:22:53.388    ENTITY    (E): Type 'HouseType' must be inherited from class 'StaticTransmitterType'
23:22:53.410   ENTITY       : Load entity type 'land_vys_budova_p1'
23:22:53.410    ENTITY    (W): Unknown object class 'thing' (dz\structures\furniture\eletrical_appliances\washing_machine\washing_machine.p3d)
23:22:53.411    ENTITY    (W): Unknown object class 'thing' (dz\structures\furniture\eletrical_appliances\washing_machine\washing_machine.p3d)
23:22:53.412    ENTITY    (W): Unknown object class 'thing' (dz\structures\furniture\eletrical_appliances\washing_machine\washing_machine.p3d)
23:22:53.427   ENTITY       : Load entity type 'Land_Mil_Barracks3'
23:22:53.427    ENTITY    (W): Door 'DoorsTwin1' is missing geometry components for selection 'DoorsTwin1', check model+config
23:22:53.428   ENTITY       : Load entity type 'land_budova3'
23:22:53.428    ENTITY    (W): Door 'doorstwin1' is missing geometry components for selection 'doorstwin1', check model+config
23:22:53.435   ENTITY       : Load entity type 'Land_Mil_Barracks1'
23:22:53.435    ENTITY    (W): Door 'DoorsTwin1' is missing geometry components for selection 'DoorsTwin1', check model+config
23:22:53.508   ENTITY       : Load entity type 'Land_Garage_Small'
23:22:53.508    ENTITY    (W): Door 'DoorsTwin1' is missing geometry components for selection 'DoorsTwin1', check model+config
23:22:53.524   ENTITY       : Load entity type 'Land_Mil_Barracks5'
23:22:53.524    ENTITY    (W): Door 'DoorsTwin1' is missing geometry components for selection 'DoorsTwin1', check model+config
23:22:53.620   ENTITY       : Load entity type 'Land_Workshop2'
23:22:53.620    ENTITY    (W): Door 'DoorsTwin1' is missing geometry components for selection 'DoorsTwin1', check model+config
23:22:53.638   ENTITY       : Load entity type 'Land_Wreck_S1023_Beige'
23:22:53.638    ENTITY    (W): Door 'DoorsTwin1' is missing geometry components for selection 'DoorsTwin1', check model+config
23:22:53.692   ENTITY       : Load entity type 'Land_Wreck_S1023_Blue'
23:22:53.692    ENTITY    (W): Door 'DoorsTwin1' is missing geometry components for selection 'DoorsTwin1', check model+config
23:22:53.692   ENTITY    (W): Unknown object class 'pond' (nst\ns\water\lakewater_still.p3d)
23:22:53.767   ENTITY       : Load entity type 'Land_CementWorks_Hall2_Brick'
23:22:53.767    ENTITY    (W): Door 'DoorsTwin1' is missing geometry components for selection 'DoorsTwin1', check model+config
23:22:53.780   ENTITY       : Load entity type 'Land_Workshop3'
23:22:53.780    ENTITY    (W): Door 'DoorsTwin1' is missing geometry components for selection 'DoorsTwin1', check model+config
23:22:53.780    ENTITY    (W): Door 'DoorsTwin2' is missing geometry components for selection 'DoorsTwin2', check model+config
23:22:53.795   ENTITY       : Load entity type 'Land_Workshop4'
23:22:53.795    ENTITY    (W): Door 'DoorsTwin1' is missing geometry components for selection 'DoorsTwin1', check model+config
23:22:53.826   ENTITY       : Load entity type 'Land_Workshop1'
23:22:53.826    ENTITY    (W): Door 'DoorsTwin1' is missing geometry components for selection 'DoorsTwin1', check model+config
23:22:53.856   ENTITY       : Load entity type 'Land_Airfield_Small_Control'
23:22:53.856    ENTITY    (W): Unknown object class 'thing' (dz\structures\furniture\eletrical_appliances\washing_machine\washing_machine.p3d)
23:22:53.857    ENTITY    (W): Unknown object class 'thing' (dz\structures\furniture\eletrical_appliances\washing_machine\washing_machine.p3d)
23:22:53.858    ENTITY    (W): Unknown object class 'thing' (dz\structures\furniture\eletrical_appliances\washing_machine\washing_machine.p3d)
23:22:53.859    ENTITY    (W): Unknown object class 'thing' (dz\structures\furniture\eletrical_appliances\washing_machine\washing_machine.p3d)
23:22:53.869   ENTITY    (W): Unknown object class 'pond' (dz\water_sakhal\ice_lake\sakhal_50x50_ice_lake_clear.p3d)
23:22:53.924   ENTITY       : Load entity type 'Land_Office2'
23:22:53.924    ENTITY    (W): Door 'DoorsTwin1' is missing geometry components for selection 'DoorsTwin1', check model+config
23:22:53.924    ENTITY    (W): Door 'DoorsTwin2' is missing geometry components for selection 'DoorsTwin2', check model+config
23:22:53.924    ENTITY    (W): Door 'DoorsTwin3' is missing geometry components for selection 'DoorsTwin3', check model+config
23:22:53.924    ENTITY    (W): Door 'DoorsTwin4' is missing geometry components for selection 'DoorsTwin4', check model+config
23:22:53.924    ENTITY    (W): Door 'DoorsTwin5' is missing geometry components for selection 'DoorsTwin5', check model+config
23:22:53.942   ENTITY       : Load entity type 'Land_City_Hospital'
23:22:53.942    ENTITY    (W): Door 'DoorsTwin1' is missing geometry components for selection 'DoorsTwin1', check model+config
23:22:53.974   ENTITY       : Load entity type 'Land_Office1'
23:22:53.974    ENTITY    (W): Door 'DoorsTwin1' is missing geometry components for selection 'DoorsTwin1', check model+config
23:22:53.974    ENTITY    (W): Door 'DoorsTwin2' is missing geometry components for selection 'DoorsTwin2', check model+config
23:22:53.974    ENTITY    (W): Door 'DoorsTwin3' is missing geometry components for selection 'DoorsTwin3', check model+config
23:22:53.974    ENTITY    (W): Door 'DoorsTwin4' is missing geometry components for selection 'DoorsTwin4', check model+config
23:22:53.974    ENTITY    (W): Door 'DoorsTwin5' is missing geometry components for selection 'DoorsTwin5', check model+config
23:22:53.974    ENTITY    (W): Door 'DoorsTwin6' is missing geometry components for selection 'DoorsTwin6', check model+config
23:22:53.974    ENTITY    (W): Door 'DoorsTwin7' is missing geometry components for selection 'DoorsTwin7', check model+config
23:22:53.996   ENTITY       : Load entity type 'Land_Container_1Moh'
23:22:53.996    ENTITY    (W): Door 'DoorsTwin1' is missing geometry components for selection 'DoorsTwin1', check model+config
23:22:54.28    ENTITY    (W): Unknown object class 'pond' (nst\ns\water\lakewater.p3d)
23:22:54.86    ENTITY       : Load entity type 'Land_Garage_Row_Small'
23:22:54.86     ENTITY    (W): Door 'DoorsTwin1' is missing geometry components for selection 'DoorsTwin1', check model+config
23:22:54.86     ENTITY    (W): Door 'DoorsTwin2' is missing geometry components for selection 'DoorsTwin2', check model+config
23:22:54.86     ENTITY    (W): Door 'DoorsTwin3' is missing geometry components for selection 'DoorsTwin3', check model+config
23:22:54.113   ENTITY       : Load entity type 'Land_City_Store_WithStairs'
23:22:54.113    ENTITY    (W): Door 'DoorsTwin1' is missing geometry components for selection 'DoorsTwin1', check model+config
23:22:54.113    ENTITY    (W): Door 'DoorsTwin2' is missing geometry components for selection 'DoorsTwin2', check model+config
23:22:54.114    ENTITY    (W): Door 'DoorsTwin3' is missing geometry components for selection 'DoorsTwin3', check model+config
23:22:54.114    ENTITY    (W): Door 'DoorsTwin4' is missing geometry components for selection 'DoorsTwin4', check model+config
23:22:54.114    ENTITY    (W): Door 'DoorsTwin5' is missing geometry components for selection 'DoorsTwin5', check model+config
23:22:54.118   ENTITY       : Load entity type 'land_vor_apartment_high_2'
23:22:54.118    ENTITY    (W): Door 'doorstwin1' is missing geometry components for selection 'doorstwin1', check model+config
23:22:54.134   ENTITY       : Load entity type 'Land_Tenement_Small'
23:22:54.134    ENTITY    (W): Unknown object class 'thing' (dz\structures\furniture\eletrical_appliances\washing_machine\washing_machine.p3d)
23:22:54.134    ENTITY    (W): Unknown object class 'thing' (dz\structures\furniture\eletrical_appliances\washing_machine\washing_machine.p3d)
23:22:54.134    ENTITY    (W): Unknown object class 'thing' (dz\structures\furniture\eletrical_appliances\washing_machine\washing_machine.p3d)
23:22:54.134    ENTITY    (W): Unknown object class 'thing' (dz\structures\furniture\eletrical_appliances\washing_machine\washing_machine.p3d)
23:22:54.134    ENTITY    (W): Unknown object class 'thing' (dz\structures\furniture\eletrical_appliances\washing_machine\washing_machine.p3d)
23:22:54.134    ENTITY    (W): Unknown object class 'thing' (dz\structures\furniture\eletrical_appliances\washing_machine\washing_machine.p3d)
23:22:54.134    ENTITY    (W): Unknown object class 'thing' (dz\structures\furniture\eletrical_appliances\washing_machine\washing_machine.p3d)
23:22:54.210   ENTITY       : Load entity type 'Land_House_2W04'
23:22:54.210    ENTITY    (W): Door 'DoorsTwin1' is missing geometry components for selection 'DoorsTwin1', check model+config
23:22:54.221   ENTITY       : Load entity type 'Land_House_1W08_Brown'
23:22:54.221    ENTITY    (W): Unknown object class 'thing' (dz\structures\furniture\eletrical_appliances\washing_machine\washing_machine.p3d)
23:22:54.221    ENTITY    (W): Unknown object class 'thing' (dz\structures\furniture\eletrical_appliances\washing_machine\washing_machine.p3d)
23:22:54.221    ENTITY    (W): Unknown object class 'thing' (dz\structures\furniture\eletrical_appliances\washing_machine\washing_machine.p3d)
23:22:54.281   ENTITY    (W): Unknown object class 'pond' (dz\water_sakhal\ice_lake\sakhal_50x50_ice_lake_clear.p3d)
23:22:54.330   ENTITY       : Load entity type 'Land_Tenement_Big'
23:22:54.330    ENTITY    (W): Unknown object class 'thing' (dz\structures\furniture\eletrical_appliances\washing_machine\washing_machine.p3d)
23:22:54.330    ENTITY    (W): Unknown object class 'thing' (dz\structures\furniture\eletrical_appliances\washing_machine\washing_machine.p3d)
23:22:54.330    ENTITY    (W): Unknown object class 'thing' (dz\structures\furniture\eletrical_appliances\washing_machine\washing_machine.p3d)
23:22:54.330    ENTITY    (W): Unknown object class 'thing' (dz\structures\furniture\eletrical_appliances\washing_machine\washing_machine.p3d)
23:22:54.331    ENTITY    (W): Unknown object class 'thing' (dz\structures\furniture\eletrical_appliances\washing_machine\washing_machine.p3d)
23:22:54.331    ENTITY    (W): Unknown object class 'thing' (dz\structures\furniture\eletrical_appliances\washing_machine\washing_machine.p3d)
23:22:54.331    ENTITY    (W): Unknown object class 'thing' (dz\structures\furniture\eletrical_appliances\washing_machine\washing_machine.p3d)
23:22:54.331    ENTITY    (W): Unknown object class 'thing' (dz\structures\furniture\eletrical_appliances\washing_machine\washing_machine.p3d)
23:22:54.331    ENTITY    (W): Unknown object class 'thing' (dz\structures\furniture\eletrical_appliances\washing_machine\washing_machine.p3d)
23:22:56.667  SCRIPT    (W): @"HB_FlipVehicle/Scripts/5_Mission/missiongameplay.c,93": Missing ';' at the end of line
23:22:56.688  SCRIPT    (W): @"HB_FlipVehicle/Scripts/5_Mission/missiongameplay.c,9": FIX-ME: Method argument can't be strong reference
23:22:56.688  SCRIPT    (W): @"HB_FlipVehicle/Scripts/5_Mission/missiongameplay.c,9": FIX-ME: Method argument can't be strong reference
23:22:56.688  SCRIPT    (W): @"HB_FlipVehicle/Scripts/5_Mission/missiongameplay.c,9": FIX-ME: Method argument can't be strong reference
23:22:56.740  SCRIPT    (W): @"WindstrideClothing/scripts/5_Mission/windstride\namalsk\playercontainer.c,4": FIX-ME: Overriding function 'CheckSlotOfInterest' but not marked as 'override'
23:22:58.211  SCRIPT    (W): scripts/3_Game/undergroundarealoader.c:138 | SpawnAllTriggerCarriers | [WARNING] :: [UndergroundAreaLoader GetData()] :: file not found in MISSION folder, your path is $mission:cfgundergroundtriggers.json Attempting DATA folder
23:22:58.211  SCRIPT    (W): scripts/3_Game/undergroundarealoader.c:138 | SpawnAllTriggerCarriers | [WARNING] :: [UndergroundAreaLoader GetData()] ::file not found in DATA folder, your path is dz/worlds/namalsk/ce/cfgundergroundtriggers.json
23:22:58.372 [CE][Hive] :: Initializing OFFLINE
23:22:58.372 [StorageDirs] :: Selected storage directory: G:\SteamLibrary\steamapps\common\DayZServer\mpmissions\regular.namalsk\storage_4\
23:22:58.372 [CE][Hive] :: Loading core data ... 
23:22:58.376 [CE][CoreData] :: 8 root classes, 0 defaults, 0 updaters...
23:22:58.482  ENTITY       : Load entity type 'Land_House_2W02'
23:22:58.482   ENTITY    (W): Door 'DoorsTwin1' is missing geometry components for selection 'DoorsTwin1', check model+config
23:22:58.507  ENTITY    (W): Unknown object class 'pond' (dz\water_sakhal\ice_lake\sakhal_50x50_ice_lake_clear.p3d)
23:22:58.532 [CE][Hive] :: Loading map data ... 
23:23:09.513 [CE][TypeSetup] :: 601 classes setuped...
23:23:16.466 [CE][RegisterBind] :: 0 classes binded...
23:23:16.467 [CE][RegisterConfig] :: 18958 config classes registered, 0 sub-counters...
23:23:16.467 [CE][Hive] :: Loading map data ... 
23:23:16.545 [CE][LoadPrototype] :: loaded 256 prototypes
23:23:16.545   404 containers, 7415 points
23:23:16.545   1 dispatches, 1 proxies
23:23:16.545 !!! [CE][LoadPrototype] 1 groups have wrong points...
23:23:16.545 [CE][LoadPrototype] :: last group name: land_frozen_person...
23:23:16.549 [CE][LoadPrototype] :: loaded 0 prototypes
23:23:16.549   38 containers, 66 points
23:23:16.549   0 dispatches, 0 proxies
23:23:16.549 [CE][LoadPrototype] :: last group name: StoneLoc38...
23:23:16.594 [CE][LoadMap] "Group" :: loaded 1445 groups, groups failed: 0, largest group range: 36.4
23:23:16.596 [CE][LoadMap] "Dirt" :: loaded 0 groups, groups failed: 0, largest group range: 36.4
23:23:16.603 [CE][Links] found 472 total links between groups, of 1445
23:23:16.603 [CE][LoadClusters] "Cluster" :: Loading files...
23:23:16.617 [CE][LoadClusters] :: file: "mapgroupcluster.xml", 1 types, 2418 instances
23:23:16.620 [CE][Storage] ver:21 stamp:23, valid:yes, name:"G:\SteamLibrary\steamapps\common\DayZServer\mpmissions\regular.namalsk\storage_4\data\types.bin"
23:23:16.621 [CE][Storage] ver:21 stamp:22, valid:yes, name:"G:\SteamLibrary\steamapps\common\DayZServer\mpmissions\regular.namalsk\storage_4\data\types.001"
23:23:16.622 [CE][Storage] ver:21 stamp:23, valid:yes, name:"G:\SteamLibrary\steamapps\common\DayZServer\mpmissions\regular.namalsk\storage_4\data\types.002"
23:23:16.623 [CE][Storage] Restoring file "G:\SteamLibrary\steamapps\common\DayZServer\mpmissions\regular.namalsk\storage_4\data\types.bin".
23:23:17.528 [CE][offlineDB] :: Loaded 23 dynamic events 177 total types.
23:23:17.553 !!! [CE][offlineDB] :: Type 'ChristmasTree' will be ignored. (Not spawnable. (Scope is not public?))
23:23:17.564 [CE][DE][SPAWNS] :: Total positions: 711
23:23:17.564 [CE][DE][GROUPS] :: Total eventgroups defined: 0, Eventgroups in use: 0
23:23:17.565 [CE][Storage] ver:25 stamp:23, valid:yes, name:"G:\SteamLibrary\steamapps\common\DayZServer\mpmissions\regular.namalsk\storage_4\data\events.bin"
23:23:17.565 [CE][Storage] ver:25 stamp:22, valid:yes, name:"G:\SteamLibrary\steamapps\common\DayZServer\mpmissions\regular.namalsk\storage_4\data\events.001"
23:23:17.566 [CE][Storage] ver:25 stamp:23, valid:yes, name:"G:\SteamLibrary\steamapps\common\DayZServer\mpmissions\regular.namalsk\storage_4\data\events.002"
23:23:17.566 [CE][Storage] Restoring file "G:\SteamLibrary\steamapps\common\DayZServer\mpmissions\regular.namalsk\storage_4\data\events.bin".
23:23:17.566 [CE][DynamicEvent] Load  Events:[23] Primary spawners: 23 Secondary spawners: 0
23:23:17.567 [CE][Storage] ver:26 stamp:23, valid:yes, name:"G:\SteamLibrary\steamapps\common\DayZServer\mpmissions\regular.namalsk\storage_4\data\dynamic_000.bin"
23:23:17.568 [CE][Storage] ver:26 stamp:22, valid:yes, name:"G:\SteamLibrary\steamapps\common\DayZServer\mpmissions\regular.namalsk\storage_4\data\dynamic_000.001"
23:23:17.568 [CE][Storage] ver:26 stamp:23, valid:yes, name:"G:\SteamLibrary\steamapps\common\DayZServer\mpmissions\regular.namalsk\storage_4\data\dynamic_000.002"
23:23:17.569 [CE][Storage] Restoring file "G:\SteamLibrary\steamapps\common\DayZServer\mpmissions\regular.namalsk\storage_4\data\dynamic_000.bin" 7 items.
23:23:17.578   7 items loaded. (0 failed)
23:23:17.580 [CE][Storage] ver:26 stamp:23, valid:yes, name:"G:\SteamLibrary\steamapps\common\DayZServer\mpmissions\regular.namalsk\storage_4\data\dynamic_001.bin"
23:23:17.581 [CE][Storage] ver:26 stamp:22, valid:yes, name:"G:\SteamLibrary\steamapps\common\DayZServer\mpmissions\regular.namalsk\storage_4\data\dynamic_001.001"
23:23:17.581 [CE][Storage] ver:26 stamp:23, valid:yes, name:"G:\SteamLibrary\steamapps\common\DayZServer\mpmissions\regular.namalsk\storage_4\data\dynamic_001.002"
23:23:17.581 [CE][Storage] Restoring file "G:\SteamLibrary\steamapps\common\DayZServer\mpmissions\regular.namalsk\storage_4\data\dynamic_001.bin" 29 items.
23:23:17.694   29 items loaded. (0 failed)
23:23:17.694 [CE][Storage] ver:26 stamp:23, valid:yes, name:"G:\SteamLibrary\steamapps\common\DayZServer\mpmissions\regular.namalsk\storage_4\data\dynamic_002.bin"
23:23:17.695 [CE][Storage] ver:26 stamp:22, valid:yes, name:"G:\SteamLibrary\steamapps\common\DayZServer\mpmissions\regular.namalsk\storage_4\data\dynamic_002.001"
23:23:17.696 [CE][Storage] ver:26 stamp:23, valid:yes, name:"G:\SteamLibrary\steamapps\common\DayZServer\mpmissions\regular.namalsk\storage_4\data\dynamic_002.002"
23:23:17.696 [CE][Storage] Restoring file "G:\SteamLibrary\steamapps\common\DayZServer\mpmissions\regular.namalsk\storage_4\data\dynamic_002.bin" 78 items.
23:23:17.873   78 items loaded. (0 failed)
23:23:17.874 [CE][Storage] ver:26 stamp:23, valid:yes, name:"G:\SteamLibrary\steamapps\common\DayZServer\mpmissions\regular.namalsk\storage_4\data\dynamic_003.bin"
23:23:17.875 [CE][Storage] ver:26 stamp:22, valid:yes, name:"G:\SteamLibrary\steamapps\common\DayZServer\mpmissions\regular.namalsk\storage_4\data\dynamic_003.001"
23:23:17.876 [CE][Storage] ver:26 stamp:23, valid:yes, name:"G:\SteamLibrary\steamapps\common\DayZServer\mpmissions\regular.namalsk\storage_4\data\dynamic_003.002"
23:23:17.876 [CE][Storage] Restoring file "G:\SteamLibrary\steamapps\common\DayZServer\mpmissions\regular.namalsk\storage_4\data\dynamic_003.bin" 860 items.
23:23:18.112  WORLD        : Create entity type 'Megaphone'
23:23:18.112   ENTITY    (E): Type 'Inventory_BaseType' must be inherited from class 'ItemMegaphoneType'
23:23:18.132  WORLD        : Create entity type 'Headtorch_Grey'
23:23:18.132   ENTITY    (E): Type 'Inventory_BaseType' must be inherited from class 'ClothingType'
23:23:18.410  PHYSICS   (W): While attempting to remove proxy physics for the selection 'codelock', the corresponding bone could not be found in the shape 'dz\gear\camping\largetent.p3d'
23:23:18.411  INVENTORY    : StreamLoad entity LargeTent:499
23:23:18.411   PHYSICS   (W): While attempting to remove proxy physics for the selection 'codelock', the corresponding bone could not be found in the shape 'dz\gear\camping\largetent.p3d'
23:23:18.611  PHYSICS   (W): While attempting to remove proxy physics for the selection 'codelock', the corresponding bone could not be found in the shape 'dz\gear\camping\cartent.p3d'
23:23:18.611  INVENTORY    : StreamLoad entity CarTent:661
23:23:18.611   PHYSICS   (W): While attempting to remove proxy physics for the selection 'codelock', the corresponding bone could not be found in the shape 'dz\gear\camping\cartent.p3d'
23:23:18.817  PHYSICS   (W): While attempting to remove proxy physics for the selection 'codelock', the corresponding bone could not be found in the shape 'dz\gear\camping\largetent.p3d'
23:23:18.819  INVENTORY    : StreamLoad entity LargeTent:857
23:23:18.819   PHYSICS   (W): While attempting to remove proxy physics for the selection 'codelock', the corresponding bone could not be found in the shape 'dz\gear\camping\largetent.p3d'
23:23:19.104   860 items loaded. (0 failed)
23:23:19.104 [CE][Storage] ver:26 stamp:23, valid:yes, name:"G:\SteamLibrary\steamapps\common\DayZServer\mpmissions\regular.namalsk\storage_4\data\dynamic_004.bin"
23:23:19.105 [CE][Storage] ver:26 stamp:22, valid:yes, name:"G:\SteamLibrary\steamapps\common\DayZServer\mpmissions\regular.namalsk\storage_4\data\dynamic_004.001"
23:23:19.106 [CE][Storage] ver:26 stamp:23, valid:yes, name:"G:\SteamLibrary\steamapps\common\DayZServer\mpmissions\regular.namalsk\storage_4\data\dynamic_004.002"
23:23:19.106 [CE][Storage] Restoring file "G:\SteamLibrary\steamapps\common\DayZServer\mpmissions\regular.namalsk\storage_4\data\dynamic_004.bin" 1835 items.
23:23:19.200  PHYSICS   (W): While attempting to remove proxy physics for the selection 'codelock', the corresponding bone could not be found in the shape 'dz\gear\camping\cartent.p3d'
23:23:19.200  INVENTORY    : StreamLoad entity CarTent:1215
23:23:19.200   PHYSICS   (W): While attempting to remove proxy physics for the selection 'codelock', the corresponding bone could not be found in the shape 'dz\gear\camping\cartent.p3d'
23:23:19.475  WORLD        : Create entity type 'Headtorch_Black'
23:23:19.475   ENTITY    (E): Type 'Inventory_BaseType' must be inherited from class 'ClothingType'
23:23:19.826  PHYSICS   (W): While attempting to remove proxy physics for the selection 'codelock', the corresponding bone could not be found in the shape 'dz\gear\camping\largetent.p3d'
23:23:19.828  INVENTORY    : StreamLoad entity LargeTent:1877
23:23:19.828   PHYSICS   (W): While attempting to remove proxy physics for the selection 'codelock', the corresponding bone could not be found in the shape 'dz\gear\camping\largetent.p3d'
23:23:20.458  PHYSICS   (W): While attempting to remove proxy physics for the selection 'codelock', the corresponding bone could not be found in the shape 'dz\gear\camping\largetent.p3d'
23:23:20.460  INVENTORY    : StreamLoad entity LargeTent:2542
23:23:20.460   PHYSICS   (W): While attempting to remove proxy physics for the selection 'codelock', the corresponding bone could not be found in the shape 'dz\gear\camping\largetent.p3d'
23:23:20.588  PHYSICS   (W): While attempting to remove proxy physics for the selection 'codelock', the corresponding bone could not be found in the shape 'dz\gear\camping\cartent.p3d'
23:23:20.589  INVENTORY    : StreamLoad entity CarTent:2695
23:23:20.589   PHYSICS   (W): While attempting to remove proxy physics for the selection 'codelock', the corresponding bone could not be found in the shape 'dz\gear\camping\cartent.p3d'
23:23:20.967   1835 items loaded. (0 failed)
23:23:20.968 [CE][Storage] ver:26 stamp:23, valid:yes, name:"G:\SteamLibrary\steamapps\common\DayZServer\mpmissions\regular.namalsk\storage_4\data\dynamic_005.bin"
23:23:20.969 [CE][Storage] ver:26 stamp:22, valid:yes, name:"G:\SteamLibrary\steamapps\common\DayZServer\mpmissions\regular.namalsk\storage_4\data\dynamic_005.001"
23:23:20.969 [CE][Storage] ver:26 stamp:23, valid:yes, name:"G:\SteamLibrary\steamapps\common\DayZServer\mpmissions\regular.namalsk\storage_4\data\dynamic_005.002"
23:23:20.969 [CE][Storage] Restoring file "G:\SteamLibrary\steamapps\common\DayZServer\mpmissions\regular.namalsk\storage_4\data\dynamic_005.bin" 637 items.
23:23:21.173  PHYSICS   (W): While attempting to remove proxy physics for the selection 'codelock', the corresponding bone could not be found in the shape 'dz\gear\camping\largetent.p3d'
23:23:21.174  INVENTORY    : StreamLoad entity LargeTent:3345
23:23:21.174   PHYSICS   (W): While attempting to remove proxy physics for the selection 'codelock', the corresponding bone could not be found in the shape 'dz\gear\camping\largetent.p3d'
23:23:21.568   637 items loaded. (0 failed)
23:23:21.569 [CE][Storage] ver:26 stamp:23, valid:yes, name:"G:\SteamLibrary\steamapps\common\DayZServer\mpmissions\regular.namalsk\storage_4\data\dynamic_006.bin"
23:23:21.569 [CE][Storage] ver:26 stamp:22, valid:yes, name:"G:\SteamLibrary\steamapps\common\DayZServer\mpmissions\regular.namalsk\storage_4\data\dynamic_006.001"
23:23:21.571 [CE][Storage] ver:26 stamp:23, valid:yes, name:"G:\SteamLibrary\steamapps\common\DayZServer\mpmissions\regular.namalsk\storage_4\data\dynamic_006.002"
23:23:21.571 [CE][Storage] Restoring file "G:\SteamLibrary\steamapps\common\DayZServer\mpmissions\regular.namalsk\storage_4\data\dynamic_006.bin" 2174 items.
23:23:21.799  PHYSICS   (W): While attempting to remove proxy physics for the selection 'codelock', the corresponding bone could not be found in the shape 'dz\gear\camping\largetent.p3d'
23:23:21.802  INVENTORY    : StreamLoad entity LargeTent:4031
23:23:21.802   PHYSICS   (W): While attempting to remove proxy physics for the selection 'codelock', the corresponding bone could not be found in the shape 'dz\gear\camping\largetent.p3d'
23:23:22.06   PHYSICS   (W): While attempting to remove proxy physics for the selection 'codelock', the corresponding bone could not be found in the shape 'dz\gear\camping\mediumtent.p3d'
23:23:22.07   INVENTORY    : StreamLoad entity MediumTent_Orange:4268
23:23:22.07    PHYSICS   (W): While attempting to remove proxy physics for the selection 'codelock', the corresponding bone could not be found in the shape 'dz\gear\camping\mediumtent.p3d'
23:23:22.18   PHYSICS   (W): While attempting to remove proxy physics for the selection 'codelock', the corresponding bone could not be found in the shape 'dz\gear\camping\mediumtent.p3d'
23:23:22.19   INVENTORY    : StreamLoad entity MediumTent_Green:4282
23:23:22.20    PHYSICS   (W): While attempting to remove proxy physics for the selection 'codelock', the corresponding bone could not be found in the shape 'dz\gear\camping\mediumtent.p3d'
23:23:22.48   PHYSICS   (W): While attempting to remove proxy physics for the selection 'codelock', the corresponding bone could not be found in the shape 'dz\gear\camping\mediumtent.p3d'
23:23:22.49   INVENTORY    : StreamLoad entity MediumTent_Green:4307
23:23:22.49    PHYSICS   (W): While attempting to remove proxy physics for the selection 'codelock', the corresponding bone could not be found in the shape 'dz\gear\camping\mediumtent.p3d'
23:23:22.273  PHYSICS   (W): While attempting to remove proxy physics for the selection 'codelock', the corresponding bone could not be found in the shape 'dz\gear\camping\mediumtent.p3d'
23:23:22.274  INVENTORY    : StreamLoad entity MediumTent:4565
23:23:22.274   PHYSICS   (W): While attempting to remove proxy physics for the selection 'codelock', the corresponding bone could not be found in the shape 'dz\gear\camping\mediumtent.p3d'
23:23:22.281  PHYSICS   (W): While attempting to remove proxy physics for the selection 'codelock', the corresponding bone could not be found in the shape 'dz\gear\camping\mediumtent.p3d'
23:23:22.281  INVENTORY    : StreamLoad entity MediumTent_Green:4573
23:23:22.281   PHYSICS   (W): While attempting to remove proxy physics for the selection 'codelock', the corresponding bone could not be found in the shape 'dz\gear\camping\mediumtent.p3d'
23:23:22.301  PHYSICS   (W): While attempting to remove proxy physics for the selection 'codelock', the corresponding bone could not be found in the shape 'dz\gear\camping\mediumtent.p3d'
23:23:22.302  INVENTORY    : StreamLoad entity MediumTent_Green:4598
23:23:22.302   PHYSICS   (W): While attempting to remove proxy physics for the selection 'codelock', the corresponding bone could not be found in the shape 'dz\gear\camping\mediumtent.p3d'
23:23:22.377  PHYSICS   (W): While attempting to remove proxy physics for the selection 'codelock', the corresponding bone could not be found in the shape 'dz\gear\camping\mediumtent.p3d'
23:23:22.378  INVENTORY    : StreamLoad entity MediumTent:4692
23:23:22.378   PHYSICS   (W): While attempting to remove proxy physics for the selection 'codelock', the corresponding bone could not be found in the shape 'dz\gear\camping\mediumtent.p3d'
23:23:22.503  PHYSICS   (W): While attempting to remove proxy physics for the selection 'codelock', the corresponding bone could not be found in the shape 'dz\gear\camping\mediumtent.p3d'
23:23:22.504  INVENTORY    : StreamLoad entity MediumTent:4829
23:23:22.504   PHYSICS   (W): While attempting to remove proxy physics for the selection 'codelock', the corresponding bone could not be found in the shape 'dz\gear\camping\mediumtent.p3d'
23:23:22.982  PHYSICS   (W): While attempting to remove proxy physics for the selection 'codelock', the corresponding bone could not be found in the shape 'dz\gear\camping\mediumtent.p3d'
23:23:22.983  INVENTORY    : StreamLoad entity MediumTent:5302
23:23:22.983   PHYSICS   (W): While attempting to remove proxy physics for the selection 'codelock', the corresponding bone could not be found in the shape 'dz\gear\camping\mediumtent.p3d'
23:23:23.36   PHYSICS   (W): While attempting to remove proxy physics for the selection 'codelock', the corresponding bone could not be found in the shape 'dz\gear\camping\mediumtent.p3d'
23:23:23.37   INVENTORY    : StreamLoad entity MediumTent_Green:5366
23:23:23.37    PHYSICS   (W): While attempting to remove proxy physics for the selection 'codelock', the corresponding bone could not be found in the shape 'dz\gear\camping\mediumtent.p3d'
23:23:23.321  PHYSICS   (W): While attempting to remove proxy physics for the selection 'codelock', the corresponding bone could not be found in the shape 'dz\gear\camping\mediumtent.p3d'
23:23:23.321  INVENTORY    : StreamLoad entity MediumTent:5599
23:23:23.321   PHYSICS   (W): While attempting to remove proxy physics for the selection 'codelock', the corresponding bone could not be found in the shape 'dz\gear\camping\mediumtent.p3d'
23:23:23.675  PHYSICS   (W): While attempting to remove proxy physics for the selection 'codelock', the corresponding bone could not be found in the shape 'dz\gear\camping\mediumtent.p3d'
23:23:23.676  INVENTORY    : StreamLoad entity MediumTent_Orange:6054
23:23:23.676   PHYSICS   (W): While attempting to remove proxy physics for the selection 'codelock', the corresponding bone could not be found in the shape 'dz\gear\camping\mediumtent.p3d'
23:23:23.704   2174 items loaded. (0 failed)
23:23:23.706 [CE][Storage] ver:26 stamp:23, valid:yes, name:"G:\SteamLibrary\steamapps\common\DayZServer\mpmissions\regular.namalsk\storage_4\data\dynamic_007.bin"
23:23:23.709 [CE][Storage] ver:26 stamp:22, valid:yes, name:"G:\SteamLibrary\steamapps\common\DayZServer\mpmissions\regular.namalsk\storage_4\data\dynamic_007.001"
23:23:23.709 [CE][Storage] ver:26 stamp:23, valid:yes, name:"G:\SteamLibrary\steamapps\common\DayZServer\mpmissions\regular.namalsk\storage_4\data\dynamic_007.002"
23:23:23.709 [CE][Storage] Restoring file "G:\SteamLibrary\steamapps\common\DayZServer\mpmissions\regular.namalsk\storage_4\data\dynamic_007.bin" 646 items.
23:23:23.788  PHYSICS   (W): While attempting to remove proxy physics for the selection 'codelock', the corresponding bone could not be found in the shape 'dz\gear\camping\mediumtent.p3d'
23:23:23.789  INVENTORY    : StreamLoad entity MediumTent_Orange:6182
23:23:23.789   PHYSICS   (W): While attempting to remove proxy physics for the selection 'codelock', the corresponding bone could not be found in the shape 'dz\gear\camping\mediumtent.p3d'
23:23:24.51   PHYSICS   (W): While attempting to remove proxy physics for the selection 'codelock', the corresponding bone could not be found in the shape 'dz\gear\camping\cartent.p3d'
23:23:24.51   INVENTORY    : StreamLoad entity CarTent:6484
23:23:24.51    PHYSICS   (W): While attempting to remove proxy physics for the selection 'codelock', the corresponding bone could not be found in the shape 'dz\gear\camping\cartent.p3d'
23:23:24.241  PHYSICS   (W): While attempting to remove proxy physics for the selection 'codelock', the corresponding bone could not be found in the shape 'dz\gear\camping\mediumtent.p3d'
23:23:24.242  INVENTORY    : StreamLoad entity MediumTent_Orange:6703
23:23:24.242   PHYSICS   (W): While attempting to remove proxy physics for the selection 'codelock', the corresponding bone could not be found in the shape 'dz\gear\camping\mediumtent.p3d'
23:23:24.314   646 items loaded. (0 failed)
23:23:24.316 [CE][Storage] ver:26 stamp:23, valid:yes, name:"G:\SteamLibrary\steamapps\common\DayZServer\mpmissions\regular.namalsk\storage_4\data\dynamic_008.bin"
23:23:24.317 [CE][Storage] ver:26 stamp:22, valid:yes, name:"G:\SteamLibrary\steamapps\common\DayZServer\mpmissions\regular.namalsk\storage_4\data\dynamic_008.001"
23:23:24.318 [CE][Storage] ver:26 stamp:23, valid:yes, name:"G:\SteamLibrary\steamapps\common\DayZServer\mpmissions\regular.namalsk\storage_4\data\dynamic_008.002"
23:23:24.318 [CE][Storage] Restoring file "G:\SteamLibrary\steamapps\common\DayZServer\mpmissions\regular.namalsk\storage_4\data\dynamic_008.bin" 137 items.
23:23:24.369  PHYSICS   (W): While attempting to remove proxy physics for the selection 'codelock', the corresponding bone could not be found in the shape 'dz\gear\camping\mediumtent.p3d'
23:23:24.369  INVENTORY    : StreamLoad entity MediumTent_Orange:6818
23:23:24.369   PHYSICS   (W): While attempting to remove proxy physics for the selection 'codelock', the corresponding bone could not be found in the shape 'dz\gear\camping\mediumtent.p3d'
23:23:24.526   137 items loaded. (0 failed)
23:23:24.527 [CE][Storage] ver:26 stamp:23, valid:yes, name:"G:\SteamLibrary\steamapps\common\DayZServer\mpmissions\regular.namalsk\storage_4\data\dynamic_009.bin"
23:23:24.527 [CE][Storage] ver:26 stamp:22, valid:yes, name:"G:\SteamLibrary\steamapps\common\DayZServer\mpmissions\regular.namalsk\storage_4\data\dynamic_009.001"
23:23:24.527 [CE][Storage] ver:26 stamp:23, valid:yes, name:"G:\SteamLibrary\steamapps\common\DayZServer\mpmissions\regular.namalsk\storage_4\data\dynamic_009.002"
23:23:24.527 [CE][Storage] Restoring file "G:\SteamLibrary\steamapps\common\DayZServer\mpmissions\regular.namalsk\storage_4\data\dynamic_009.bin" 0 items.
23:23:24.527   0 items loaded. (0 failed)
23:23:24.529 [CE][Storage] ver:26 stamp:23, valid:yes, name:"G:\SteamLibrary\steamapps\common\DayZServer\mpmissions\regular.namalsk\storage_4\data\dynamic_010.bin"
23:23:24.529 [CE][Storage] ver:26 stamp:22, valid:yes, name:"G:\SteamLibrary\steamapps\common\DayZServer\mpmissions\regular.namalsk\storage_4\data\dynamic_010.001"
23:23:24.530 [CE][Storage] ver:26 stamp:23, valid:yes, name:"G:\SteamLibrary\steamapps\common\DayZServer\mpmissions\regular.namalsk\storage_4\data\dynamic_010.002"
23:23:24.530 [CE][Storage] Restoring file "G:\SteamLibrary\steamapps\common\DayZServer\mpmissions\regular.namalsk\storage_4\data\dynamic_010.bin" 44 items.
23:23:24.597   44 items loaded. (0 failed)
23:23:24.599 [CE][Storage] ver:26 stamp:23, valid:yes, name:"G:\SteamLibrary\steamapps\common\DayZServer\mpmissions\regular.namalsk\storage_4\data\dynamic_011.bin"
23:23:24.601 [CE][Storage] ver:26 stamp:22, valid:yes, name:"G:\SteamLibrary\steamapps\common\DayZServer\mpmissions\regular.namalsk\storage_4\data\dynamic_011.001"
23:23:24.601 [CE][Storage] ver:26 stamp:23, valid:yes, name:"G:\SteamLibrary\steamapps\common\DayZServer\mpmissions\regular.namalsk\storage_4\data\dynamic_011.002"
23:23:24.602 [CE][Storage] Restoring file "G:\SteamLibrary\steamapps\common\DayZServer\mpmissions\regular.namalsk\storage_4\data\dynamic_011.bin" 51 items.
23:23:24.692   51 items loaded. (0 failed)
23:23:24.692 [CE][Storage] ver:26 stamp:23, valid:yes, name:"G:\SteamLibrary\steamapps\common\DayZServer\mpmissions\regular.namalsk\storage_4\data\building.bin"
23:23:24.693 [CE][Storage] ver:26 stamp:22, valid:yes, name:"G:\SteamLibrary\steamapps\common\DayZServer\mpmissions\regular.namalsk\storage_4\data\building.001"
23:23:24.694 [CE][Storage] ver:26 stamp:23, valid:yes, name:"G:\SteamLibrary\steamapps\common\DayZServer\mpmissions\regular.namalsk\storage_4\data\building.002"
23:23:24.694 [CE][Storage] Restoring file "G:\SteamLibrary\steamapps\common\DayZServer\mpmissions\regular.namalsk\storage_4\data\building.bin" 0 items.
23:23:24.694   0 items loaded. (0 failed)
23:23:24.694 [CE][Storage] ver:26 stamp:23, valid:yes, name:"G:\SteamLibrary\steamapps\common\DayZServer\mpmissions\regular.namalsk\storage_4\data\vehicles.bin"
23:23:24.696 [CE][Storage] ver:26 stamp:22, valid:yes, name:"G:\SteamLibrary\steamapps\common\DayZServer\mpmissions\regular.namalsk\storage_4\data\vehicles.001"
23:23:24.697 [CE][Storage] ver:26 stamp:23, valid:yes, name:"G:\SteamLibrary\steamapps\common\DayZServer\mpmissions\regular.namalsk\storage_4\data\vehicles.002"
23:23:24.697 [CE][Storage] Restoring file "G:\SteamLibrary\steamapps\common\DayZServer\mpmissions\regular.namalsk\storage_4\data\vehicles.bin" 61 items.
23:23:24.775  ENTITY       : Load entity type 'Land_Rail_Warehouse_Small'
23:23:24.775   ENTITY    (W): Door 'DoorsTwin1' is missing geometry components for selection 'DoorsTwin1', check model+config
23:23:24.775   ENTITY    (W): Door 'DoorsTwin2' is missing geometry components for selection 'DoorsTwin2', check model+config
23:23:24.851  ENTITY    (W): Unknown object class 'pond' (dz\water_sakhal\ice_lake\sakhal_50x50_ice_lake_clear.p3d)
23:23:24.930  WORLD        : Create entity type 'BaseRadio'
23:23:24.930   ENTITY    (E): Type 'Inventory_BaseType' must be inherited from class 'ItemTransmitterType'
23:23:24.960   61 items loaded. (0 failed)
23:23:24.974 [CE][Hive] :: Storage load took:7.41 seconds, recovery stamp:23
23:23:24.974   entity: 7211, building: 0
23:23:24.974   no lifetime: 20
23:23:24.974   pathgraph's: 127
23:23:24.974 [CE][Hive] :: Initializing ... 
23:23:25.09  [CE][InitializeMap] :: initialized: 0
23:23:25.10  [CE][Hive] :: Initializing spawners ... 
23:23:25.11  [CE][LootRespawner] (PRIDummy) :: Initially (re)spawned:0, Nominal:6884, Total in Map: 6596 at 0 (sec)
23:23:25.11    tests:0, repeats:0 fails:0, overtime:0
23:23:25.14   WORLD        : Create entity type 'ZmbM_PatrolNormal_Autumn'
23:23:25.14    MATERIAL  (E): Object dz/characters/zombies/z_hermit_m.xob - cannot load material Material_1.emat
23:23:25.436  WORLD        : Create entity type 'Animal_CapraHircusF'
23:23:25.436   ENTITY    (E): Type 'ManType' must be inherited from class 'DayZAnimalType'
23:23:25.447  WORLD        : Create entity type 'Animal_OvisAries'
23:23:25.447   ENTITY    (E): Type 'ManType' must be inherited from class 'DayZAnimalType'
23:23:25.449  WORLD        : Create entity type 'Animal_OvisAriesF'
23:23:25.449   ENTITY    (E): Type 'ManType' must be inherited from class 'DayZAnimalType'
23:23:25.451  WORLD        : Create entity type 'Animal_RangiferTarandus'
23:23:25.451   ENTITY    (E): Type 'ManType' must be inherited from class 'DayZAnimalType'
23:23:25.454  WORLD        : Create entity type 'Animal_RangiferTarandusF'
23:23:25.454   ENTITY    (E): Type 'ManType' must be inherited from class 'DayZAnimalType'
23:23:25.457  WORLD        : Create entity type 'Animal_SusScrofa'
23:23:25.457   ENTITY    (E): Type 'ManType' must be inherited from class 'DayZAnimalType'
23:23:25.462  WORLD        : Create entity type 'Animal_CanisLupus_Grey'
23:23:25.462   ENTITY    (E): Type 'ManType' must be inherited from class 'DayZAnimalType'
23:23:25.473  WORLD        : Create entity type 'Animal_CanisLupus_White'
23:23:25.473   ENTITY    (E): Type 'ManType' must be inherited from class 'DayZAnimalType'
23:23:25.479  WORLD        : Create entity type 'Animal_UrsusArctos'
23:23:25.479   ENTITY    (E): Type 'ManType' must be inherited from class 'DayZAnimalType'
23:23:25.488  WORLD        : Create entity type 'Animal_UrsusMaritimus'
23:23:25.488   ENTITY    (E): Type 'ManType' must be inherited from class 'DayZAnimalType'
23:23:25.491 [CE][DynEvent] :: 23 types
23:23:25.491 [00] Loot
23:23:25.492   Primary Spawner: "Loot", active: yes, repeat: 2
23:23:25.492 [01] StaticMedDrop
23:23:25.492   Primary Spawner: "Static", active: yes, repeat: 1
23:23:25.492 [02] StaticLifeboat
23:23:25.492   Primary Spawner: "Static", active: yes, repeat: 1
23:23:25.492 [03] ItemWoodenPlanks
23:23:25.492   Primary Spawner: "Item", active: yes, repeat: 1
23:23:25.492 [04] TrajectoryStones
23:23:25.492   Primary Spawner: "Trajectory", active: yes, repeat: 1
23:23:25.492 [05] InfectedSanta
23:23:25.492   Primary Spawner: "Infected", active: yes, repeat: 1
23:23:25.492 [06] InfectedArmy
23:23:25.492   Primary Spawner: "Infected", active: yes, repeat: 1
23:23:25.492 [07] InfectedIndustrial
23:23:25.492   Primary Spawner: "Infected", active: yes, repeat: 1
23:23:25.492 [08] InfectedCivil
23:23:25.492   Primary Spawner: "Infected", active: yes, repeat: 1
23:23:25.492 [09] InfectedMedic
23:23:25.492   Primary Spawner: "Infected", active: yes, repeat: 1
23:23:25.492 [10] AnimalGoat
23:23:25.492   Primary Spawner: "Animal", active: yes, repeat: 1
23:23:25.492 [11] AnimalSheep
23:23:25.492   Primary Spawner: "Animal", active: yes, repeat: 1
23:23:25.492 [12] AnimalReindeer
23:23:25.492   Primary Spawner: "Animal", active: yes, repeat: 1
23:23:25.492 [13] AnimalWildBoar
23:23:25.492   Primary Spawner: "Animal", active: yes, repeat: 1
23:23:25.492 [14] AnimalWolf
23:23:25.492   Primary Spawner: "Animal", active: yes, repeat: 1
23:23:25.492 [15] AnimalBrownBear
23:23:25.492   Primary Spawner: "Animal", active: yes, repeat: 1
23:23:25.492 [16] AnimalPolarBear
23:23:25.492   Primary Spawner: "Animal", active: yes, repeat: 1
23:23:25.492 [17] AmbientFox
23:23:25.492   Primary Spawner: "Ambient", active: yes, repeat: 1
23:23:25.492 [18] AmbientHare
23:23:25.492   Primary Spawner: "Ambient", active: yes, repeat: 1
23:23:25.492 [19] VehicleRubberBoats
23:23:25.492   Primary Spawner: "Vehicle", active: yes, repeat: 1
23:23:25.492 [20] VehicleCivilianCars
23:23:25.492   Primary Spawner: "Vehicle", active: yes, repeat: 1
23:23:25.492 [21] VehicleTrucks
23:23:25.492   Primary Spawner: "Vehicle", active: yes, repeat: 1
23:23:25.492 [22] VehicleMilitary
23:23:25.492   Primary Spawner: "Vehicle", active: yes, repeat: 1
23:23:25.492 [CE][Hive] :: Initializing of spawners done.
23:23:25.496 [CE][Hive] :: Init sequence finished.
23:23:25.496 Player connect enabled
23:23:25.570 ENTITY    (W): Unknown object class 'pond' (nst\ns\water\lakewater.p3d)
23:23:25.570 ENTITY    (W): Unknown object class 'pond' (nst\ns\water\lakewater.p3d)
23:23:25.571 ENTITY    (W): Unknown object class 'pond' (nst\ns\water\lakewater.p3d)
23:23:25.574 ENTITY    (W): Unknown object class 'pond' (nst\ns\water\lakewater.p3d)
23:23:25.575 ENTITY    (W): Unknown object class 'pond' (nst\ns\water\lakewater.p3d)
23:23:25.575 ENTITY    (W): Unknown object class 'pond' (nst\ns\water\lakewater.p3d)
23:23:25.575 ENTITY    (W): Unknown object class 'pond' (nst\ns\water\lakewater.p3d)
23:23:25.576 ENTITY    (W): Unknown object class 'pond' (nst\ns\water\lakewater.p3d)
23:23:25.576 ENTITY    (W): Unknown object class 'pond' (nst\ns\water\lakewater.p3d)
23:23:25.576 ENTITY    (W): Unknown object class 'pond' (nst\ns\water\lakewater.p3d)
23:23:25.576 ENTITY    (W): Unknown object class 'pond' (nst\ns\water\lakewater.p3d)
23:23:25.576 ENTITY    (W): Unknown object class 'pond' (nst\ns\water\lakewater.p3d)
23:23:25.577 ENTITY    (W): Unknown object class 'pond' (nst\ns\water\lakewater.p3d)
23:23:25.577 ENTITY    (W): Unknown object class 'pond' (nst\ns\water\lakewater.p3d)
23:23:25.578 ENTITY    (W): Unknown object class 'pond' (nst\ns\water\lakewater.p3d)
23:23:25.578 ENTITY    (W): Unknown object class 'pond' (nst\ns\water\lakewater.p3d)
23:23:25.579 ENTITY    (W): Unknown object class 'pond' (nst\ns\water\lakewater.p3d)
23:23:25.583 ENTITY    (W): Unknown object class 'pond' (nst\ns\water\lakewater.p3d)
23:23:25.585 ENTITY    (W): Unknown object class 'pond' (nst\ns\water\lakewater.p3d)
23:23:25.586 ENTITY    (W): Unknown object class 'pond' (nst\ns\water\lakewater.p3d)
23:23:26.63  [IdleMode] Entering IN - save processed
23:23:26.173 ENTITY    (W): Unknown object class 'pond' (dz\water_sakhal\ice_lake\sakhal_50x50_ice_lake_clear.p3d)
23:23:26.192 ENTITY    (W): Unknown object class 'pond' (dz\water_sakhal\ice_lake\sakhal_50x50_ice_lake_clear.p3d)
23:23:26.193 ENTITY    (W): Unknown object class 'pond' (dz\water_sakhal\ice_lake\sakhal_50x50_ice_lake_clear.p3d)
23:23:26.230 ENTITY       : Load entity type 'Land_Boathouse'
23:23:26.230  ENTITY    (W): Door 'DoorsTwin1' is missing geometry components for selection 'DoorsTwin1', check model+config
23:23:26.287 ENTITY    (W): Unknown object class 'pond' (nst\ns\water\lakewater.p3d)
23:23:26.288 ENTITY    (W): Unknown object class 'pond' (nst\ns\water\lakewater.p3d)
23:23:26.288 ENTITY    (W): Unknown object class 'pond' (nst\ns\water\lakewater.p3d)
23:23:26.288 ENTITY    (W): Unknown object class 'pond' (nst\ns\water\lakewater.p3d)
23:23:26.289 ENTITY    (W): Unknown object class 'pond' (nst\ns\water\lakewater.p3d)
23:23:26.289 ENTITY    (W): Unknown object class 'pond' (nst\ns\water\lakewater.p3d)
23:23:26.289 ENTITY    (W): Unknown object class 'pond' (nst\ns\water\lakewater.p3d)
23:23:26.289 ENTITY    (W): Unknown object class 'pond' (nst\ns\water\lakewater.p3d)
23:23:26.302 ENTITY    (W): Unknown object class 'pond' (dz\water_sakhal\ice_lake\sakhal_50x50_ice_lake_clear.p3d)
23:23:26.303 ENTITY    (W): Unknown object class 'pond' (nst\ns\water\lakewater.p3d)
23:23:26.303 ENTITY    (W): Unknown object class 'pond' (nst\ns\water\lakewater.p3d)
23:23:26.334 ENTITY    (W): Unknown object class 'pond' (nst\ns\water\lakewater.p3d)
23:23:26.334 ENTITY    (W): Unknown object class 'pond' (nst\ns\water\lakewater.p3d)
23:23:26.335 ENTITY    (W): Unknown object class 'pond' (nst\ns\water\lakewater.p3d)
23:23:26.365 ENTITY       : Load entity type 'Land_Ruin_HouseBig1_NoIvy_Half'
23:23:26.365  ENTITY    (W): Door 'DoorsTwin1' is missing geometry components for selection 'DoorsTwin1', check model+config
23:23:26.370 ENTITY    (W): Unknown object class 'pond' (nst\ns\water\lakewater.p3d)
23:23:26.535 ENTITY    (W): Unknown object class 'pond' (dz\water_sakhal\ice_lake\sakhal_50x50_ice_lake_clear.p3d)
23:23:26.548 ENTITY    (W): Unknown object class 'pond' (dz\water_sakhal\ice_lake\sakhal_50x50_ice_lake_clear.p3d)
23:23:26.574 ENTITY       : Load entity type 'land_seb_near_fac7'
23:23:26.574  ENTITY    (W): Door 'doorstwin1' is missing geometry components for selection 'doorstwin1', check model+config
23:23:26.595 ENTITY    (W): Unknown object class 'pond' (nst\ns\water\lakewater.p3d)
23:23:26.620 ENTITY    (W): Unknown object class 'pond' (nst\ns\water\lakewater.p3d)
23:23:26.632 ENTITY    (W): Unknown object class 'pond' (dz\water_sakhal\ice_lake\sakhal_50x50_ice_lake_clear.p3d)
23:23:26.806 ENTITY       : Load entity type 'Land_City_School'
23:23:26.806  ENTITY    (W): Door 'DoorsTwin1' is missing geometry components for selection 'DoorsTwin1', check model+config
23:23:26.806  ENTITY    (W): Door 'DoorsTwin3' is missing geometry components for selection 'DoorsTwin3', check model+config
23:23:26.806  ENTITY    (W): Door 'DoorsTwin4' is missing geometry components for selection 'DoorsTwin4', check model+config
23:23:26.806  ENTITY    (W): Door 'DoorsTwin5' is missing geometry components for selection 'DoorsTwin5', check model+config
23:23:26.806  ENTITY    (W): Door 'DoorsTwin6' is missing geometry components for selection 'DoorsTwin6', check model+config
23:23:26.806  ENTITY    (W): Door 'DoorsTwin7' is missing geometry components for selection 'DoorsTwin7', check model+config
23:23:26.813  ENTITY    (W): Unknown object class 'thing' (dz\structures\proxy_buildingparts\lightningcond\lightningconductormiddle\lightningconductormiddle.p3d)
23:23:26.813  ENTITY    (W): Unknown object class 'thing' (dz\structures\proxy_buildingparts\lightningcond\lightningconductormiddle\lightningconductormiddle.p3d)
23:23:26.813  ENTITY    (W): Unknown object class 'thing' (dz\structures\proxy_buildingparts\lightningcond\lightningconductormiddle\lightningconductormiddle.p3d)
23:23:26.813  ENTITY    (W): Unknown object class 'thing' (dz\structures\proxy_buildingparts\lightningcond\lightningconductormiddle\lightningconductormiddle.p3d)
23:23:26.813  ENTITY    (W): Unknown object class 'thing' (dz\structures\proxy_buildingparts\lightningcond\lightningconductormiddle\lightningconductormiddle.p3d)
23:23:26.813  ENTITY    (W): Unknown object class 'thing' (dz\structures\proxy_buildingparts\lightningcond\lightningconductormiddle\lightningconductormiddle.p3d)
23:23:26.813  ENTITY    (W): Unknown object class 'thing' (dz\structures\proxy_buildingparts\lightningcond\lightningconductormiddle\lightningconductormiddle.p3d)
23:23:26.813  ENTITY    (W): Unknown object class 'thing' (dz\structures\proxy_buildingparts\lightningcond\lightningconductormiddle\lightningconductormiddle.p3d)
23:23:26.813  ENTITY    (W): Unknown object class 'thing' (dz\structures\proxy_buildingparts\lightningcond\lightningconductormiddle\lightningconductormiddle.p3d)
23:23:26.813  ENTITY    (W): Unknown object class 'thing' (dz\structures\proxy_buildingparts\lightningcond\lightningconductormiddle\lightningconductormiddle.p3d)
23:23:26.813  ENTITY    (W): Unknown object class 'thing' (dz\structures\proxy_buildingparts\lightningcond\lightningconductormiddle\lightningconductormiddle.p3d)
23:23:26.813  ENTITY    (W): Unknown object class 'thing' (dz\structures\proxy_buildingparts\lightningcond\lightningconductormiddle\lightningconductormiddle.p3d)
23:23:26.813  ENTITY    (W): Unknown object class 'thing' (dz\structures\proxy_buildingparts\lightningcond\lightningconductormiddle\lightningconductormiddle.p3d)
23:23:26.813  ENTITY    (W): Unknown object class 'thing' (dz\structures\proxy_buildingparts\lightningcond\lightningconductormiddle\lightningconductormiddle.p3d)
23:23:26.813  ENTITY    (W): Unknown object class 'thing' (dz\structures\proxy_buildingparts\lightningcond\lightningconductormiddle\lightningconductormiddle.p3d)
23:23:26.813  ENTITY    (W): Unknown object class 'thing' (dz\structures\proxy_buildingparts\lightningcond\lightningconductormiddle\lightningconductormiddle.p3d)
23:23:26.813  ENTITY    (W): Unknown object class 'thing' (dz\structures\proxy_buildingparts\lightningcond\lightningconductormiddle\lightningconductormiddle.p3d)
23:23:26.813  ENTITY    (W): Unknown object class 'thing' (dz\structures\proxy_buildingparts\lightningcond\lightningconductormiddle\lightningconductormiddle.p3d)
23:23:26.813  ENTITY    (W): Unknown object class 'thing' (dz\structures\proxy_buildingparts\lightningcond\lightningconductormiddle\lightningconductormiddle.p3d)
23:23:26.813  ENTITY    (W): Unknown object class 'thing' (dz\structures\proxy_buildingparts\lightningcond\lightningconductormiddle\lightningconductormiddle.p3d)
23:23:26.813  ENTITY    (W): Unknown object class 'thing' (dz\structures\proxy_buildingparts\lightningcond\lightningconductormiddle\lightningconductormiddle.p3d)
23:23:26.813  ENTITY    (W): Unknown object class 'thing' (dz\structures\proxy_buildingparts\lightningcond\lightningconductormiddle\lightningconductormiddle.p3d)
23:23:26.813  ENTITY    (W): Unknown object class 'thing' (dz\structures\proxy_buildingparts\lightningcond\lightningconductormiddle\lightningconductormiddle.p3d)
23:23:26.814  ENTITY    (W): Unknown object class 'thing' (dz\structures\proxy_buildingparts\lightningcond\lightningconductormiddle\lightningconductormiddle.p3d)
23:23:26.814  ENTITY    (W): Unknown object class 'thing' (dz\structures\proxy_buildingparts\lightningcond\lightningconductormiddle\lightningconductormiddle.p3d)
23:23:26.814  ENTITY    (W): Unknown object class 'thing' (dz\structures\proxy_buildingparts\lightningcond\lightningconductormiddle\lightningconductormiddle.p3d)
23:23:26.814  ENTITY    (W): Unknown object class 'thing' (dz\structures\proxy_buildingparts\lightningcond\lightningconductormiddle\lightningconductormiddle.p3d)
23:23:26.814  ENTITY    (W): Unknown object class 'thing' (dz\structures\proxy_buildingparts\lightningcond\lightningconductormiddle\lightningconductormiddle.p3d)
23:23:26.814  ENTITY    (W): Unknown object class 'thing' (dz\structures\proxy_buildingparts\lightningcond\lightningconductormiddle\lightningconductormiddle.p3d)
23:23:26.814  ENTITY    (W): Unknown object class 'thing' (dz\structures\proxy_buildingparts\lightningcond\lightningconductormiddle\lightningconductormiddle.p3d)
23:23:26.814  ENTITY    (W): Unknown object class 'thing' (dz\structures\proxy_buildingparts\lightningcond\lightningconductormiddle\lightningconductormiddle.p3d)
23:23:26.814  ENTITY    (W): Unknown object class 'thing' (dz\structures\proxy_buildingparts\lightningcond\lightningconductormiddle\lightningconductormiddle.p3d)
23:23:26.814  ENTITY    (W): Unknown object class 'thing' (dz\structures\proxy_buildingparts\lightningcond\lightningconductormiddle\lightningconductormiddle.p3d)
23:23:26.814  ENTITY    (W): Unknown object class 'thing' (dz\structures\proxy_buildingparts\lightningcond\lightningconductormiddle\lightningconductormiddle.p3d)
23:23:26.814  ENTITY    (W): Unknown object class 'thing' (dz\structures\proxy_buildingparts\lightningcond\lightningconductormiddle\lightningconductormiddle.p3d)
23:23:26.814  ENTITY    (W): Unknown object class 'thing' (dz\structures\proxy_buildingparts\lightningcond\lightningconductormiddle\lightningconductormiddle.p3d)
23:23:26.814  ENTITY    (W): Unknown object class 'thing' (dz\structures\proxy_buildingparts\lightningcond\lightningconductormiddle\lightningconductormiddle.p3d)
23:23:26.814  ENTITY    (W): Unknown object class 'thing' (dz\structures\proxy_buildingparts\lightningcond\lightningconductormiddle\lightningconductormiddle.p3d)
23:23:26.814  ENTITY    (W): Unknown object class 'thing' (dz\structures\proxy_buildingparts\lightningcond\lightningconductormiddle\lightningconductormiddle.p3d)
23:23:26.814  ENTITY    (W): Unknown object class 'thing' (dz\structures\proxy_buildingparts\lightningcond\lightningconductormiddle\lightningconductormiddle.p3d)
23:23:26.814  ENTITY    (W): Unknown object class 'thing' (dz\structures\proxy_buildingparts\lightningcond\lightningconductormiddle\lightningconductormiddle.p3d)
23:23:26.814  ENTITY    (W): Unknown object class 'thing' (dz\structures\proxy_buildingparts\lightningcond\lightningconductormiddle\lightningconductormiddle.p3d)
23:23:26.814  ENTITY    (W): Unknown object class 'thing' (dz\structures\proxy_buildingparts\lightningcond\lightningconductormiddle\lightningconductormiddle.p3d)
23:23:26.814  ENTITY    (W): Unknown object class 'thing' (dz\structures\proxy_buildingparts\lightningcond\lightningconductormiddle\lightningconductormiddle.p3d)
23:23:26.814  ENTITY    (W): Unknown object class 'thing' (dz\structures\proxy_buildingparts\lightningcond\lightningconductormiddle\lightningconductormiddle.p3d)
23:23:26.814  ENTITY    (W): Unknown object class 'thing' (dz\structures\proxy_buildingparts\lightningcond\lightningconductormiddle\lightningconductormiddle.p3d)
23:23:26.814  ENTITY    (W): Unknown object class 'thing' (dz\structures\proxy_buildingparts\lightningcond\lightningconductormiddle\lightningconductormiddle.p3d)
23:23:26.814  ENTITY    (W): Unknown object class 'thing' (dz\structures\proxy_buildingparts\lightningcond\lightningconductormiddle\lightningconductormiddle.p3d)
23:23:26.814  ENTITY    (W): Unknown object class 'thing' (dz\structures\proxy_buildingparts\lightningcond\lightningconductormiddle\lightningconductormiddle.p3d)
23:23:26.814  ENTITY    (W): Unknown object class 'thing' (dz\structures\proxy_buildingparts\lightningcond\lightningconductormiddle\lightningconductormiddle.p3d)
23:23:26.814  ENTITY    (W): Unknown object class 'thing' (dz\structures\proxy_buildingparts\lightningcond\lightningconductormiddle\lightningconductormiddle.p3d)
23:23:27.27  ENTITY       : Load entity type 'Land_Ruin_HouseBig1_NoIvy'
23:23:27.27   ENTITY    (W): Door 'DoorsTwin1' is missing geometry components for selection 'DoorsTwin1', check model+config
23:23:27.31  ENTITY       : Load entity type 'Land_Ruin_HouseBig3_NoIvy'
23:23:27.31   ENTITY    (W): Door 'DoorsTwin1' is missing geometry components for selection 'DoorsTwin1', check model+config
23:23:27.53  ENTITY       : Load entity type 'Land_Ruin_HouseBig2_NoIvy'
23:23:27.53   ENTITY    (W): Door 'DoorsTwin1' is missing geometry components for selection 'DoorsTwin1', check model+config
23:23:27.53   ENTITY    (W): Door 'DoorsTwin2' is missing geometry components for selection 'DoorsTwin2', check model+config
23:23:27.122 ENTITY    (W): Unknown object class 'pond' (dz\water_sakhal\ice_lake\sakhal_50x50_ice_lake_clear.p3d)
23:23:29.758 ENTITY    (W): Unknown object class 'pond' (dz\water_sakhal\ice_lake\sakhal_50x50_ice_lake_clear.p3d)
23:23:43.17  ENTITY    (W): Unknown object class 'pond' (dz\water_sakhal\ice_lake\sakhal_50x50_ice_lake_clear.p3d)
23:23:45.19  ENTITY    (W): Unknown object class 'pond' (dz\water_sakhal\ice_lake\sakhal_50x50_ice_lake_clear.p3d)
23:23:50.870 ENTITY    (W): Unknown object class 'pond' (dz\water_sakhal\ice_lake\sakhal_50x50_ice_lake_clear.p3d)
23:23:50.870 ENTITY    (W): Unknown object class 'pond' (dz\water_sakhal\ice_lake\sakhal_50x50_ice_lake_clear.p3d)
23:23:51.332 ENTITY    (W): Unknown object class 'pond' (dz\water_sakhal\ice_lake\sakhal_50x50_ice_lake_clear.p3d)
23:23:54.415 ENTITY    (W): Unknown object class 'pond' (dz\water_sakhal\ice_lake\sakhal_50x50_ice_lake_clear.p3d)
23:23:56.263 ENTITY       : Load entity type 'Land_Garage_Row_Big'
23:23:56.263  ENTITY    (W): Door 'DoorsTwin1' is missing geometry components for selection 'DoorsTwin1', check model+config
23:23:56.263  ENTITY    (W): Door 'DoorsTwin2' is missing geometry components for selection 'DoorsTwin2', check model+config
23:23:56.263  ENTITY    (W): Door 'DoorsTwin3' is missing geometry components for selection 'DoorsTwin3', check model+config
23:23:56.263  ENTITY    (W): Door 'DoorsTwin4' is missing geometry components for selection 'DoorsTwin4', check model+config
23:23:57.166 ENTITY    (W): Unknown object class 'pond' (dz\water_sakhal\ice_lake\sakhal_50x50_ice_lake_clear.p3d)
23:23:57.560 ENTITY    (W): Unknown object class 'pond' (dz\water_sakhal\ice_lake\sakhal_50x50_ice_lake_clear.p3d)
23:23:57.985 ENTITY    (W): Unknown object class 'pond' (dz\water_sakhal\ice_lake\sakhal_50x50_ice_lake_clear.p3d)
23:23:59.474 ENTITY       : Load entity type 'Land_Ruin_HouseBig3_NoIvy_Half'
23:23:59.474  ENTITY    (W): Door 'DoorsTwin1' is missing geometry components for selection 'DoorsTwin1', check model+config
23:24:06.688 ENTITY    (W): Unknown object class 'pond' (nst\ns\water\lakewater.p3d)
23:24:08.600 ENTITY    (W): Unknown object class 'pond' (nst\ns\water\lakewater.p3d)
23:24:08.600 ENTITY    (W): Unknown object class 'pond' (nst\ns\water\lakewater.p3d)
23:24:08.640 ENTITY    (W): Unknown object class 'pond' (nst\ns\water\lakewater.p3d)
23:24:08.641 ENTITY    (W): Unknown object class 'pond' (nst\ns\water\lakewater.p3d)
23:24:08.642 ENTITY    (W): Unknown object class 'pond' (nst\ns\water\lakewater.p3d)
23:24:08.642 ENTITY    (W): Unknown object class 'pond' (nst\ns\water\lakewater.p3d)
23:24:08.642 ENTITY    (W): Unknown object class 'pond' (nst\ns\water\lakewater.p3d)
23:24:08.642 ENTITY    (W): Unknown object class 'pond' (nst\ns\water\lakewater.p3d)
23:24:15.811 ENTITY    (W): Unknown object class 'pond' (dz\water_sakhal\ice_lake\sakhal_50x50_ice_lake_clear.p3d)
23:24:18.618 ENTITY    (W): Unknown object class 'pond' (dz\water_sakhal\ice_lake\sakhal_50x50_ice_lake_clear.p3d)
23:27:06.523 [Login]: Adding player Survivor (89390777) to login queue at position 0
23:27:06.524 [LoginMachine]: Add player Survivor (89390777 192.168.0.103:57498)
23:27:06.524 [StateMachine]: Player Survivor (dpnid 89390777 uid ) Entering AuthPlayerLoginState
23:27:06.525 [StateMachine]: Player Survivor (dpnid 89390777 uid ) Entering WaitAuthPlayerLoginState
23:27:08.672 [IdleMode] Leaving OUT
23:27:09.316 Игрок Survivor соединяется.
23:27:09.391 [StateMachine]: Player Survivor (dpnid 89390777 uid ) Entering WaitPlayerAssignedLoginState
23:27:09.497 [StateMachine]: Player Survivor (dpnid 89390777 uid ) Entering PlayerAssignedLoginState
23:27:09.497 [StateMachine]: Player Survivor (dpnid 89390777 uid x_MJ2w6DZznhQeYHMWeX7_S9NuAxgYSiQqpLVIMNfrA=) Entering DBGetLoginTimeLoginState
23:27:09.500 [StateMachine]: Player Survivor (dpnid 89390777 uid x_MJ2w6DZznhQeYHMWeX7_S9NuAxgYSiQqpLVIMNfrA=) Entering DBWaitLoginTimeLoginState
23:27:24.501 [StateMachine]: Player Survivor (dpnid 89390777 uid x_MJ2w6DZznhQeYHMWeX7_S9NuAxgYSiQqpLVIMNfrA=) Entering DBGetCharacterLoginState
23:27:24.502 [StateMachine]: Player Survivor (dpnid 89390777 uid x_MJ2w6DZznhQeYHMWeX7_S9NuAxgYSiQqpLVIMNfrA=) Entering CreateNetObjectsLoginState
23:27:24.504 [StateMachine]: Player Survivor (dpnid 89390777 uid x_MJ2w6DZznhQeYHMWeX7_S9NuAxgYSiQqpLVIMNfrA=) Entering PreloadCamLoginState
23:27:24.505 [StateMachine]: Player Survivor (dpnid 89390777 uid x_MJ2w6DZznhQeYHMWeX7_S9NuAxgYSiQqpLVIMNfrA=) Entering WaitPreloadCamLoginState
23:27:27.441 [StateMachine]: Player Survivor (dpnid 89390777 uid x_MJ2w6DZznhQeYHMWeX7_S9NuAxgYSiQqpLVIMNfrA=) Entering GetLoadedCharLoginState
23:27:27.480 NETWORK      : Network simulation
23:27:27.480  WORLD        : Create entity type 'SurvivorF_Maria'
23:27:27.481   MATERIAL  (E): Object dz/characters/bodies/player_testing.xob - cannot load material cross_red.emat
23:27:27.588   RESOURCES (E): Failed to open object @"dz/anims/anm/player/ik/vehicles/hatchback/hatchback_Doors_Hood.anm"
23:27:27.588   RESOURCES (E): Failed to open object @"dz/anims/anm/player/ik/vehicles/v3s/hatchback_02_door_driver.anm"
23:27:27.588   RESOURCES (E): Failed to open object @"dz/anims/anm/player/ik/vehicles/v3s/hatchback_02_door_codriver.anm"
23:27:27.588   RESOURCES (E): Failed to open object @"dz/anims/anm/player/ik/vehicles/v3s/hatchback_02_door_driver.anm"
23:27:27.588   RESOURCES (E): Failed to open object @"dz/anims/anm/player/ik/vehicles/v3s/hatchback_02_door_codriver.anm"
23:27:27.588   RESOURCES (E): Failed to open object @"dz/anims/anm/player/ik/vehicles/v3s/hatchback_02_door_driver.anm"
23:27:27.588   RESOURCES (E): Failed to open object @"dz/anims/anm/player/ik/vehicles/v3s/hatchback_02_door_codriver.anm"
23:27:27.588   RESOURCES (E): Failed to open object @"dz/anims/anm/player/ik/vehicles/v3s/hatchback_02_door_driver.anm"
23:27:27.588   RESOURCES (E): Failed to open object @"dz/anims/anm/player/ik/vehicles/v3s/hatchback_02_door_codriver.anm"
23:27:27.589   RESOURCES (E): Failed to open object @"dz/anims/anm/player/ik/vehicles/hatchback/sedan_trunk.anm"
23:27:29.257   ANIMATION    : AnimSetInstance load @"{73CE583BF4026B87}SNAFU_Scripts/Animations/GCGN_M1Garand.asi"
23:27:29.257    RESOURCES (E): Failed to open object @"GCGN_Guns/Data/M1Garand/Anims/M1Garand.anm"
23:27:30.273  ENTITY       : Load entity type 'SurvivorF_Maria'
23:27:30.273   RESOURCES (E): Failed to open object @"dz/anims/anm/player/ik/vehicles/hatchback/hatchback_Doors_Hood.anm"
23:27:30.273   RESOURCES (E): Failed to open object @"dz/anims/anm/player/ik/vehicles/v3s/hatchback_02_door_driver.anm"
23:27:30.273   RESOURCES (E): Failed to open object @"dz/anims/anm/player/ik/vehicles/v3s/hatchback_02_door_codriver.anm"
23:27:30.273   RESOURCES (E): Failed to open object @"dz/anims/anm/player/ik/vehicles/v3s/hatchback_02_door_driver.anm"
23:27:30.273   RESOURCES (E): Failed to open object @"dz/anims/anm/player/ik/vehicles/v3s/hatchback_02_door_codriver.anm"
23:27:30.273   RESOURCES (E): Failed to open object @"dz/anims/anm/player/ik/vehicles/v3s/hatchback_02_door_driver.anm"
23:27:30.273   RESOURCES (E): Failed to open object @"dz/anims/anm/player/ik/vehicles/v3s/hatchback_02_door_codriver.anm"
23:27:30.273   RESOURCES (E): Failed to open object @"dz/anims/anm/player/ik/vehicles/v3s/hatchback_02_door_driver.anm"
23:27:30.273   RESOURCES (E): Failed to open object @"dz/anims/anm/player/ik/vehicles/v3s/hatchback_02_door_codriver.anm"
23:27:30.274   RESOURCES (E): Failed to open object @"dz/anims/anm/player/ik/vehicles/hatchback/sedan_trunk.anm"
23:27:30.318 Подключился игрок Survivor (id=x_MJ2w6DZznhQeYHMWeX7_S9NuAxgYSiQqpLVIMNfrA=).
23:27:30.318 Player "Survivor" (steamID=76561199587900842 pos=<9098.7, 10221.2, 7.4>) is connected
23:27:30.319 <LOAD EXISTING CHAR>:
    charID 1
    playerID 1
    dpnid 89390777
    uid x_MJ2w6DZznhQeYHMWeX7_S9NuAxgYSiQqpLVIMNfrA=
23:27:33.523 [CE][LootRespawner] (PRIDummy) :: Item [0] causing search overtime: "FarmingHoe"
23:27:33.623 [CE][LootRespawner] (PRIDummy) :: Item [1] causing search overtime: "KazuarOptic"
23:27:33.723 [CE][LootRespawner] (PRIDummy) :: Item [2] causing search overtime: "dzn_netanyas_log"
23:27:33.823 [CE][LootRespawner] (PRIDummy) :: Item [3] causing search overtime: "dzn_athena_planning"
23:27:33.923 [CE][LootRespawner] (PRIDummy) :: Item [4] causing search overtime: "dzn_athena3_october"
23:27:34.23  [CE][LootRespawner] (PRIDummy) :: Item [5] causing search overtime: "MountainBag_Blue"
23:27:50.518 WORLD        : Physics simulation
23:27:50.518  SCRIPT    (E): Virtual Machine Exception

Reason: [DamageSystemData::GetMaxHealth] :: [Expansion_Ka52] :: Could not find zone "FuelTank"

Class:      'Expansion_Ka52'
Entity id:260276

Function: 'UpdateHealth'
Stack trace:
DayZExpansion/Vehicles/Scripts/4_World/dayzexpansion_vehicles\entities\vehicles\carscript.c:1490 Function UpdateHealth
DayZExpansion/Vehicles/Scripts/4_World/dayzexpansion_vehicles\entities\vehicles\carscript.c:1636 Function EOnPostSimulate
23:27:51.544 WORLD        : Physics simulation
23:27:51.544  SCRIPT    (E): Virtual Machine Exception

Reason: [DamageSystemData::GetMaxHealth] :: [Expansion_Ka52] :: Could not find zone "FuelTank"

Class:      'Expansion_Ka52'
Entity id:260276

Function: 'UpdateHealth'
Stack trace:
DayZExpansion/Vehicles/Scripts/4_World/dayzexpansion_vehicles\entities\vehicles\carscript.c:1490 Function UpdateHealth
DayZExpansion/Vehicles/Scripts/4_World/dayzexpansion_vehicles\entities\vehicles\carscript.c:1636 Function EOnPostSimulate
23:27:52.569 WORLD        : Physics simulation
23:27:52.569  SCRIPT    (E): Virtual Machine Exception

Reason: [DamageSystemData::GetMaxHealth] :: [Expansion_Ka52] :: Could not find zone "FuelTank"

Class:      'Expansion_Ka52'
Entity id:260276

Function: 'UpdateHealth'
Stack trace:
DayZExpansion/Vehicles/Scripts/4_World/dayzexpansion_vehicles\entities\vehicles\carscript.c:1490 Function UpdateHealth
DayZExpansion/Vehicles/Scripts/4_World/dayzexpansion_vehicles\entities\vehicles\carscript.c:1636 Function EOnPostSimulate
23:27:53.593 WORLD        : Physics simulation
23:27:53.593  SCRIPT    (E): Virtual Machine Exception

Reason: [DamageSystemData::GetMaxHealth] :: [Expansion_Ka52] :: Could not find zone "FuelTank"

Class:      'Expansion_Ka52'
Entity id:260276

Function: 'UpdateHealth'
Stack trace:
DayZExpansion/Vehicles/Scripts/4_World/dayzexpansion_vehicles\entities\vehicles\carscript.c:1490 Function UpdateHealth
DayZExpansion/Vehicles/Scripts/4_World/dayzexpansion_vehicles\entities\vehicles\carscript.c:1636 Function EOnPostSimulate
23:27:54.619 WORLD        : Physics simulation
23:27:54.619  SCRIPT    (E): Virtual Machine Exception

Reason: [DamageSystemData::GetMaxHealth] :: [Expansion_Ka52] :: Could not find zone "FuelTank"

Class:      'Expansion_Ka52'
Entity id:260276

Function: 'UpdateHealth'
Stack trace:
DayZExpansion/Vehicles/Scripts/4_World/dayzexpansion_vehicles\entities\vehicles\carscript.c:1490 Function UpdateHealth
DayZExpansion/Vehicles/Scripts/4_World/dayzexpansion_vehicles\entities\vehicles\carscript.c:1636 Function EOnPostSimulate
23:27:55.644 WORLD        : Physics simulation
23:27:55.644  SCRIPT    (E): Virtual Machine Exception

Reason: [DamageSystemData::GetMaxHealth] :: [Expansion_Ka52] :: Could not find zone "FuelTank"

Class:      'Expansion_Ka52'
Entity id:260276

Function: 'UpdateHealth'
Stack trace:
DayZExpansion/Vehicles/Scripts/4_World/dayzexpansion_vehicles\entities\vehicles\carscript.c:1490 Function UpdateHealth
DayZExpansion/Vehicles/Scripts/4_World/dayzexpansion_vehicles\entities\vehicles\carscript.c:1636 Function EOnPostSimulate
23:27:56.669 WORLD        : Physics simulation
23:27:56.669  SCRIPT    (E): Virtual Machine Exception

Reason: [DamageSystemData::GetMaxHealth] :: [Expansion_Ka52] :: Could not find zone "FuelTank"

Class:      'Expansion_Ka52'
Entity id:260276

Function: 'UpdateHealth'
Stack trace:
DayZExpansion/Vehicles/Scripts/4_World/dayzexpansion_vehicles\entities\vehicles\carscript.c:1490 Function UpdateHealth
DayZExpansion/Vehicles/Scripts/4_World/dayzexpansion_vehicles\entities\vehicles\carscript.c:1636 Function EOnPostSimulate
23:27:57.693 WORLD        : Physics simulation
23:27:57.693  SCRIPT    (E): Virtual Machine Exception

Reason: [DamageSystemData::GetMaxHealth] :: [Expansion_Ka52] :: Could not find zone "FuelTank"

Class:      'Expansion_Ka52'
Entity id:260276

Function: 'UpdateHealth'
Stack trace:
DayZExpansion/Vehicles/Scripts/4_World/dayzexpansion_vehicles\entities\vehicles\carscript.c:1490 Function UpdateHealth
DayZExpansion/Vehicles/Scripts/4_World/dayzexpansion_vehicles\entities\vehicles\carscript.c:1636 Function EOnPostSimulate
23:27:58.719 WORLD        : Physics simulation
23:27:58.719  SCRIPT    (E): Virtual Machine Exception

Reason: [DamageSystemData::GetMaxHealth] :: [Expansion_Ka52] :: Could not find zone "FuelTank"

Class:      'Expansion_Ka52'
Entity id:260276

Function: 'UpdateHealth'
Stack trace:
DayZExpansion/Vehicles/Scripts/4_World/dayzexpansion_vehicles\entities\vehicles\carscript.c:1490 Function UpdateHealth
DayZExpansion/Vehicles/Scripts/4_World/dayzexpansion_vehicles\entities\vehicles\carscript.c:1636 Function EOnPostSimulate
23:27:59.743 WORLD        : Physics simulation
23:27:59.743  SCRIPT    (E): Virtual Machine Exception

Reason: [DamageSystemData::GetMaxHealth] :: [Expansion_Ka52] :: Could not find zone "FuelTank"

Class:      'Expansion_Ka52'
Entity id:260276

Function: 'UpdateHealth'
Stack trace:
DayZExpansion/Vehicles/Scripts/4_World/dayzexpansion_vehicles\entities\vehicles\carscript.c:1490 Function UpdateHealth
DayZExpansion/Vehicles/Scripts/4_World/dayzexpansion_vehicles\entities\vehicles\carscript.c:1636 Function EOnPostSimulate
23:28:00.499 [CE][LootRespawner] (PRIDummy) :: Item [6] causing search overtime: "FarmingHoe"
23:28:00.600 [CE][LootRespawner] (PRIDummy) :: Item [7] causing search overtime: "KazuarOptic"
23:28:00.699 [CE][LootRespawner] (PRIDummy) :: Item [8] causing search overtime: "dzn_netanyas_log"
23:28:00.769 WORLD        : Physics simulation
23:28:00.769  SCRIPT    (E): Virtual Machine Exception

Reason: [DamageSystemData::GetMaxHealth] :: [Expansion_Ka52] :: Could not find zone "FuelTank"

Class:      'Expansion_Ka52'
Entity id:260276

Function: 'UpdateHealth'
Stack trace:
DayZExpansion/Vehicles/Scripts/4_World/dayzexpansion_vehicles\entities\vehicles\carscript.c:1490 Function UpdateHealth
DayZExpansion/Vehicles/Scripts/4_World/dayzexpansion_vehicles\entities\vehicles\carscript.c:1636 Function EOnPostSimulate
23:28:00.800 [CE][LootRespawner] (PRIDummy) :: Item [9] causing search overtime: "dzn_athena_planning"
23:28:00.899 [CE][LootRespawner] (PRIDummy) :: Item [10] causing search overtime: "dzn_athena3_october"
23:28:01.00  [CE][LootRespawner] (PRIDummy) :: Item [11] causing search overtime: "MountainBag_Blue"
23:28:01.794 WORLD        : Physics simulation
23:28:01.794  SCRIPT    (E): Virtual Machine Exception

Reason: [DamageSystemData::GetMaxHealth] :: [Expansion_Ka52] :: Could not find zone "FuelTank"

Class:      'Expansion_Ka52'
Entity id:260276

Function: 'UpdateHealth'
Stack trace:
DayZExpansion/Vehicles/Scripts/4_World/dayzexpansion_vehicles\entities\vehicles\carscript.c:1490 Function UpdateHealth
DayZExpansion/Vehicles/Scripts/4_World/dayzexpansion_vehicles\entities\vehicles\carscript.c:1636 Function EOnPostSimulate
23:28:02.819 WORLD        : Physics simulation
23:28:02.819  SCRIPT    (E): Virtual Machine Exception

Reason: [DamageSystemData::GetMaxHealth] :: [Expansion_Ka52] :: Could not find zone "FuelTank"

Class:      'Expansion_Ka52'
Entity id:260276

Function: 'UpdateHealth'
Stack trace:
DayZExpansion/Vehicles/Scripts/4_World/dayzexpansion_vehicles\entities\vehicles\carscript.c:1490 Function UpdateHealth
DayZExpansion/Vehicles/Scripts/4_World/dayzexpansion_vehicles\entities\vehicles\carscript.c:1636 Function EOnPostSimulate
23:28:03.843 WORLD        : Physics simulation
23:28:03.843  SCRIPT    (E): Virtual Machine Exception

Reason: [DamageSystemData::GetMaxHealth] :: [Expansion_Ka52] :: Could not find zone "FuelTank"

Class:      'Expansion_Ka52'
Entity id:260276

Function: 'UpdateHealth'
Stack trace:
DayZExpansion/Vehicles/Scripts/4_World/dayzexpansion_vehicles\entities\vehicles\carscript.c:1490 Function UpdateHealth
DayZExpansion/Vehicles/Scripts/4_World/dayzexpansion_vehicles\entities\vehicles\carscript.c:1636 Function EOnPostSimulate
23:28:04.869 WORLD        : Physics simulation
23:28:04.869  SCRIPT    (E): Virtual Machine Exception

Reason: [DamageSystemData::GetMaxHealth] :: [Expansion_Ka52] :: Could not find zone "FuelTank"

Class:      'Expansion_Ka52'
Entity id:260276

Function: 'UpdateHealth'
Stack trace:
DayZExpansion/Vehicles/Scripts/4_World/dayzexpansion_vehicles\entities\vehicles\carscript.c:1490 Function UpdateHealth
DayZExpansion/Vehicles/Scripts/4_World/dayzexpansion_vehicles\entities\vehicles\carscript.c:1636 Function EOnPostSimulate
23:28:05.893 WORLD        : Physics simulation
23:28:05.894  SCRIPT    (E): Virtual Machine Exception

Reason: [DamageSystemData::GetMaxHealth] :: [Expansion_Ka52] :: Could not find zone "FuelTank"

Class:      'Expansion_Ka52'
Entity id:260276

Function: 'UpdateHealth'
Stack trace:
DayZExpansion/Vehicles/Scripts/4_World/dayzexpansion_vehicles\entities\vehicles\carscript.c:1490 Function UpdateHealth
DayZExpansion/Vehicles/Scripts/4_World/dayzexpansion_vehicles\entities\vehicles\carscript.c:1636 Function EOnPostSimulate
23:28:06.919 WORLD        : Physics simulation
23:28:06.919  SCRIPT    (E): Virtual Machine Exception

Reason: [DamageSystemData::GetMaxHealth] :: [Expansion_Ka52] :: Could not find zone "FuelTank"

Class:      'Expansion_Ka52'
Entity id:260276

Function: 'UpdateHealth'
Stack trace:
DayZExpansion/Vehicles/Scripts/4_World/dayzexpansion_vehicles\entities\vehicles\carscript.c:1490 Function UpdateHealth
DayZExpansion/Vehicles/Scripts/4_World/dayzexpansion_vehicles\entities\vehicles\carscript.c:1636 Function EOnPostSimulate
23:28:07.943 WORLD        : Physics simulation
23:28:07.943  SCRIPT    (E): Virtual Machine Exception

Reason: [DamageSystemData::GetMaxHealth] :: [Expansion_Ka52] :: Could not find zone "FuelTank"

Class:      'Expansion_Ka52'
Entity id:260276

Function: 'UpdateHealth'
Stack trace:
DayZExpansion/Vehicles/Scripts/4_World/dayzexpansion_vehicles\entities\vehicles\carscript.c:1490 Function UpdateHealth
DayZExpansion/Vehicles/Scripts/4_World/dayzexpansion_vehicles\entities\vehicles\carscript.c:1636 Function EOnPostSimulate
23:28:08.969 WORLD        : Physics simulation
23:28:08.969  SCRIPT    (E): Virtual Machine Exception

Reason: [DamageSystemData::GetMaxHealth] :: [Expansion_Ka52] :: Could not find zone "FuelTank"

Class:      'Expansion_Ka52'
Entity id:260276

Function: 'UpdateHealth'
Stack trace:
DayZExpansion/Vehicles/Scripts/4_World/dayzexpansion_vehicles\entities\vehicles\carscript.c:1490 Function UpdateHealth
DayZExpansion/Vehicles/Scripts/4_World/dayzexpansion_vehicles\entities\vehicles\carscript.c:1636 Function EOnPostSimulate
23:28:09.441 Player Survivor (89390777) kicked from server: 240 ( (Game restart required))
23:28:09.445 [Disconnect]: Client 89390777 early disconnect
23:28:09.445 [Disconnect]: Start script disconnect 89390777 (dbCharacterId 1 dbPlayerId 1) logoutTime 15
23:28:09.993 WORLD        : Physics simulation
23:28:09.993  SCRIPT    (E): Virtual Machine Exception

Reason: [DamageSystemData::GetMaxHealth] :: [Expansion_Ka52] :: Could not find zone "FuelTank"

Class:      'Expansion_Ka52'
Entity id:260276

Function: 'UpdateHealth'
Stack trace:
DayZExpansion/Vehicles/Scripts/4_World/dayzexpansion_vehicles\entities\vehicles\carscript.c:1490 Function UpdateHealth
DayZExpansion/Vehicles/Scripts/4_World/dayzexpansion_vehicles\entities\vehicles\carscript.c:1636 Function EOnPostSimulate
23:28:10.319 [Disconnect]: Remove player info 89390777
23:28:10.323 [Disconnect]: Player destroy 89390777 
23:28:11.19  WORLD        : Physics simulation
23:28:11.19   SCRIPT    (E): Virtual Machine Exception

Reason: [DamageSystemData::GetMaxHealth] :: [Expansion_Ka52] :: Could not find zone "FuelTank"

Class:      'Expansion_Ka52'
Entity id:260276

Function: 'UpdateHealth'
Stack trace:
DayZExpansion/Vehicles/Scripts/4_World/dayzexpansion_vehicles\entities\vehicles\carscript.c:1490 Function UpdateHealth
DayZExpansion/Vehicles/Scripts/4_World/dayzexpansion_vehicles\entities\vehicles\carscript.c:1636 Function EOnPostSimulate
23:28:12.43  WORLD        : Physics simulation
23:28:12.43   SCRIPT    (E): Virtual Machine Exception

Reason: [DamageSystemData::GetMaxHealth] :: [Expansion_Ka52] :: Could not find zone "FuelTank"

Class:      'Expansion_Ka52'
Entity id:260276

Function: 'UpdateHealth'
Stack trace:
DayZExpansion/Vehicles/Scripts/4_World/dayzexpansion_vehicles\entities\vehicles\carscript.c:1490 Function UpdateHealth
DayZExpansion/Vehicles/Scripts/4_World/dayzexpansion_vehicles\entities\vehicles\carscript.c:1636 Function EOnPostSimulate
23:28:13.69  WORLD        : Physics simulation
23:28:13.69   SCRIPT    (E): Virtual Machine Exception

Reason: [DamageSystemData::GetMaxHealth] :: [Expansion_Ka52] :: Could not find zone "FuelTank"

Class:      'Expansion_Ka52'
Entity id:260276

Function: 'UpdateHealth'
Stack trace:
DayZExpansion/Vehicles/Scripts/4_World/dayzexpansion_vehicles\entities\vehicles\carscript.c:1490 Function UpdateHealth
DayZExpansion/Vehicles/Scripts/4_World/dayzexpansion_vehicles\entities\vehicles\carscript.c:1636 Function EOnPostSimulate
23:28:14.93  WORLD        : Physics simulation
23:28:14.93   SCRIPT    (E): Virtual Machine Exception

Reason: [DamageSystemData::GetMaxHealth] :: [Expansion_Ka52] :: Could not find zone "FuelTank"

Class:      'Expansion_Ka52'
Entity id:260276

Function: 'UpdateHealth'
Stack trace:
DayZExpansion/Vehicles/Scripts/4_World/dayzexpansion_vehicles\entities\vehicles\carscript.c:1490 Function UpdateHealth
DayZExpansion/Vehicles/Scripts/4_World/dayzexpansion_vehicles\entities\vehicles\carscript.c:1636 Function EOnPostSimulate
23:28:15.119 WORLD        : Physics simulation
23:28:15.119  SCRIPT    (E): Virtual Machine Exception

Reason: [DamageSystemData::GetMaxHealth] :: [Expansion_Ka52] :: Could not find zone "FuelTank"

Class:      'Expansion_Ka52'
Entity id:260276

Function: 'UpdateHealth'
Stack trace:
DayZExpansion/Vehicles/Scripts/4_World/dayzexpansion_vehicles\entities\vehicles\carscript.c:1490 Function UpdateHealth
DayZExpansion/Vehicles/Scripts/4_World/dayzexpansion_vehicles\entities\vehicles\carscript.c:1636 Function EOnPostSimulate
23:28:16.144 WORLD        : Physics simulation
23:28:16.144  SCRIPT    (E): Virtual Machine Exception

Reason: [DamageSystemData::GetMaxHealth] :: [Expansion_Ka52] :: Could not find zone "FuelTank"

Class:      'Expansion_Ka52'
Entity id:260276

Function: 'UpdateHealth'
Stack trace:
DayZExpansion/Vehicles/Scripts/4_World/dayzexpansion_vehicles\entities\vehicles\carscript.c:1490 Function UpdateHealth
DayZExpansion/Vehicles/Scripts/4_World/dayzexpansion_vehicles\entities\vehicles\carscript.c:1636 Function EOnPostSimulate
23:28:16.366 [Login]: Adding player Survivor (159232071) to login queue at position 0
23:28:16.367 [LoginMachine]: Add player Survivor (159232071 192.168.0.103:62941)
23:28:16.367 [StateMachine]: Player Survivor (dpnid 159232071 uid ) Entering AuthPlayerLoginState
23:28:16.368 [StateMachine]: Player Survivor (dpnid 159232071 uid ) Entering WaitAuthPlayerLoginState
23:28:17.169 WORLD        : Physics simulation
23:28:17.169  SCRIPT    (E): Virtual Machine Exception

Reason: [DamageSystemData::GetMaxHealth] :: [Expansion_Ka52] :: Could not find zone "FuelTank"

Class:      'Expansion_Ka52'
Entity id:260276

Function: 'UpdateHealth'
Stack trace:
DayZExpansion/Vehicles/Scripts/4_World/dayzexpansion_vehicles\entities\vehicles\carscript.c:1490 Function UpdateHealth
DayZExpansion/Vehicles/Scripts/4_World/dayzexpansion_vehicles\entities\vehicles\carscript.c:1636 Function EOnPostSimulate
23:28:18.193 WORLD        : Physics simulation
23:28:18.193  SCRIPT    (E): Virtual Machine Exception

Reason: [DamageSystemData::GetMaxHealth] :: [Expansion_Ka52] :: Could not find zone "FuelTank"

Class:      'Expansion_Ka52'
Entity id:260276

Function: 'UpdateHealth'
Stack trace:
DayZExpansion/Vehicles/Scripts/4_World/dayzexpansion_vehicles\entities\vehicles\carscript.c:1490 Function UpdateHealth
DayZExpansion/Vehicles/Scripts/4_World/dayzexpansion_vehicles\entities\vehicles\carscript.c:1636 Function EOnPostSimulate
23:28:19.114 Игрок Survivor соединяется.
23:28:19.115 [StateMachine]: Player Survivor (dpnid 159232071 uid ) Entering WaitPlayerAssignedLoginState
23:28:19.219 WORLD        : Physics simulation
23:28:19.219  SCRIPT    (E): Virtual Machine Exception

Reason: [DamageSystemData::GetMaxHealth] :: [Expansion_Ka52] :: Could not find zone "FuelTank"

Class:      'Expansion_Ka52'
Entity id:260276

Function: 'UpdateHealth'
Stack trace:
DayZExpansion/Vehicles/Scripts/4_World/dayzexpansion_vehicles\entities\vehicles\carscript.c:1490 Function UpdateHealth
DayZExpansion/Vehicles/Scripts/4_World/dayzexpansion_vehicles\entities\vehicles\carscript.c:1636 Function EOnPostSimulate
23:28:19.288 [StateMachine]: Player Survivor (dpnid 159232071 uid ) Entering PlayerAssignedLoginState
23:28:19.288 [StateMachine]: Player Survivor (dpnid 159232071 uid ) State Error (PlayerAssignedLoginState)
23:28:19.288 Player Survivor (159232071) kicked from server: 51 (Пользователь с таким же UID уже играет. (DC))
23:28:19.288 [StateMachine]: Kick player Survivor (dpnid 159232071 uid ) State PlayerAssignedLoginState
23:28:19.293 [Disconnect]: Client 159232071 early disconnect
23:28:19.293 [Disconnect]: No player -> remove player info 159232071 
23:28:19.294 [Disconnect]: DisconnectPlayerFinish 159232071
23:28:19.294 [Disconnect]: Remove player info 159232071
23:28:19.294 [Disconnect]: Player destroy 159232071 
23:28:19.294 NETWORK      : Network simulation
23:28:19.295  NETWORK   (E): server: Player dpid=159232071 index not removed
23:28:20.243 WORLD        : Physics simulation
23:28:20.243  SCRIPT    (E): Virtual Machine Exception

Reason: [DamageSystemData::GetMaxHealth] :: [Expansion_Ka52] :: Could not find zone "FuelTank"

Class:      'Expansion_Ka52'
Entity id:260276

Function: 'UpdateHealth'
Stack trace:
DayZExpansion/Vehicles/Scripts/4_World/dayzexpansion_vehicles\entities\vehicles\carscript.c:1490 Function UpdateHealth
DayZExpansion/Vehicles/Scripts/4_World/dayzexpansion_vehicles\entities\vehicles\carscript.c:1636 Function EOnPostSimulate
23:28:21.268 WORLD        : Physics simulation
23:28:21.268  SCRIPT    (E): Virtual Machine Exception

Reason: [DamageSystemData::GetMaxHealth] :: [Expansion_Ka52] :: Could not find zone "FuelTank"

Class:      'Expansion_Ka52'
Entity id:260276

Function: 'UpdateHealth'
Stack trace:
DayZExpansion/Vehicles/Scripts/4_World/dayzexpansion_vehicles\entities\vehicles\carscript.c:1490 Function UpdateHealth
DayZExpansion/Vehicles/Scripts/4_World/dayzexpansion_vehicles\entities\vehicles\carscript.c:1636 Function EOnPostSimulate
23:28:22.293 WORLD        : Physics simulation
23:28:22.293  SCRIPT    (E): Virtual Machine Exception

Reason: [DamageSystemData::GetMaxHealth] :: [Expansion_Ka52] :: Could not find zone "FuelTank"

Class:      'Expansion_Ka52'
Entity id:260276

Function: 'UpdateHealth'
Stack trace:
DayZExpansion/Vehicles/Scripts/4_World/dayzexpansion_vehicles\entities\vehicles\carscript.c:1490 Function UpdateHealth
DayZExpansion/Vehicles/Scripts/4_World/dayzexpansion_vehicles\entities\vehicles\carscript.c:1636 Function EOnPostSimulate
23:28:23.319 WORLD        : Physics simulation
23:28:23.319  SCRIPT    (E): Virtual Machine Exception

Reason: [DamageSystemData::GetMaxHealth] :: [Expansion_Ka52] :: Could not find zone "FuelTank"

Class:      'Expansion_Ka52'
Entity id:260276

Function: 'UpdateHealth'
Stack trace:
DayZExpansion/Vehicles/Scripts/4_World/dayzexpansion_vehicles\entities\vehicles\carscript.c:1490 Function UpdateHealth
DayZExpansion/Vehicles/Scripts/4_World/dayzexpansion_vehicles\entities\vehicles\carscript.c:1636 Function EOnPostSimulate
23:28:24.343 WORLD        : Physics simulation
23:28:24.344  SCRIPT    (E): Virtual Machine Exception

Reason: [DamageSystemData::GetMaxHealth] :: [Expansion_Ka52] :: Could not find zone "FuelTank"

Class:      'Expansion_Ka52'
Entity id:260276

Function: 'UpdateHealth'
Stack trace:
DayZExpansion/Vehicles/Scripts/4_World/dayzexpansion_vehicles\entities\vehicles\carscript.c:1490 Function UpdateHealth
DayZExpansion/Vehicles/Scripts/4_World/dayzexpansion_vehicles\entities\vehicles\carscript.c:1636 Function EOnPostSimulate
23:28:24.446 [Disconnect]: Finish script disconnect -1 (x_MJ2w6DZznhQeYHMWeX7_S9NuAxgYSiQqpLVIMNfrA=)
23:28:25.368 WORLD        : Physics simulation
23:28:25.368  SCRIPT    (E): Virtual Machine Exception

Reason: [DamageSystemData::GetMaxHealth] :: [Expansion_Ka52] :: Could not find zone "FuelTank"

Class:      'Expansion_Ka52'
Entity id:260276

Function: 'UpdateHealth'
Stack trace:
DayZExpansion/Vehicles/Scripts/4_World/dayzexpansion_vehicles\entities\vehicles\carscript.c:1490 Function UpdateHealth
DayZExpansion/Vehicles/Scripts/4_World/dayzexpansion_vehicles\entities\vehicles\carscript.c:1636 Function EOnPostSimulate
23:28:26.385 [Login]: Adding player Survivor (169251973) to login queue at position 0
23:28:26.385 [LoginMachine]: Add player Survivor (169251973 192.168.0.103:63706)
23:28:26.385 [StateMachine]: Player Survivor (dpnid 169251973 uid ) Entering AuthPlayerLoginState
23:28:26.386 [StateMachine]: Player Survivor (dpnid 169251973 uid ) Entering WaitAuthPlayerLoginState
23:28:26.393 WORLD        : Physics simulation
23:28:26.393  SCRIPT    (E): Virtual Machine Exception

Reason: [DamageSystemData::GetMaxHealth] :: [Expansion_Ka52] :: Could not find zone "FuelTank"

Class:      'Expansion_Ka52'
Entity id:260276

Function: 'UpdateHealth'
Stack trace:
DayZExpansion/Vehicles/Scripts/4_World/dayzexpansion_vehicles\entities\vehicles\carscript.c:1490 Function UpdateHealth
DayZExpansion/Vehicles/Scripts/4_World/dayzexpansion_vehicles\entities\vehicles\carscript.c:1636 Function EOnPostSimulate
23:28:27.401 [CE][LootRespawner] (PRIDummy) :: Item [12] causing search overtime: "FarmingHoe"
23:28:27.419 WORLD        : Physics simulation
23:28:27.419  SCRIPT    (E): Virtual Machine Exception

Reason: [DamageSystemData::GetMaxHealth] :: [Expansion_Ka52] :: Could not find zone "FuelTank"

Class:      'Expansion_Ka52'
Entity id:260276

Function: 'UpdateHealth'
Stack trace:
DayZExpansion/Vehicles/Scripts/4_World/dayzexpansion_vehicles\entities\vehicles\carscript.c:1490 Function UpdateHealth
DayZExpansion/Vehicles/Scripts/4_World/dayzexpansion_vehicles\entities\vehicles\carscript.c:1636 Function EOnPostSimulate
23:28:27.501 [CE][LootRespawner] (PRIDummy) :: Item [13] causing search overtime: "KazuarOptic"
23:28:27.600 [CE][LootRespawner] (PRIDummy) :: Item [14] causing search overtime: "dzn_netanyas_log"
23:28:27.700 [CE][LootRespawner] (PRIDummy) :: Item [15] causing search overtime: "dzn_athena_planning"
23:28:27.801 [CE][LootRespawner] (PRIDummy) :: Item [16] causing search overtime: "dzn_athena3_october"
23:28:27.901 [CE][LootRespawner] (PRIDummy) :: Item [17] causing search overtime: "MountainBag_Blue"
23:28:28.443 WORLD        : Physics simulation
23:28:28.443  SCRIPT    (E): Virtual Machine Exception

Reason: [DamageSystemData::GetMaxHealth] :: [Expansion_Ka52] :: Could not find zone "FuelTank"

Class:      'Expansion_Ka52'
Entity id:260276

Function: 'UpdateHealth'
Stack trace:
DayZExpansion/Vehicles/Scripts/4_World/dayzexpansion_vehicles\entities\vehicles\carscript.c:1490 Function UpdateHealth
DayZExpansion/Vehicles/Scripts/4_World/dayzexpansion_vehicles\entities\vehicles\carscript.c:1636 Function EOnPostSimulate
23:28:29.131 Игрок Survivor соединяется.
23:28:29.131 [StateMachine]: Player Survivor (dpnid 169251973 uid ) Entering WaitPlayerAssignedLoginState
23:28:29.259 [StateMachine]: Player Survivor (dpnid 169251973 uid ) Entering PlayerAssignedLoginState
23:28:29.259 [StateMachine]: Player Survivor (dpnid 169251973 uid x_MJ2w6DZznhQeYHMWeX7_S9NuAxgYSiQqpLVIMNfrA=) Entering DBGetLoginTimeLoginState
23:28:29.262 [StateMachine]: Player Survivor (dpnid 169251973 uid x_MJ2w6DZznhQeYHMWeX7_S9NuAxgYSiQqpLVIMNfrA=) Entering DBWaitLoginTimeLoginState
23:28:29.468 WORLD        : Physics simulation
23:28:29.469  SCRIPT    (E): Virtual Machine Exception

Reason: [DamageSystemData::GetMaxHealth] :: [Expansion_Ka52] :: Could not find zone "FuelTank"

Class:      'Expansion_Ka52'
Entity id:260276

Function: 'UpdateHealth'
Stack trace:
DayZExpansion/Vehicles/Scripts/4_World/dayzexpansion_vehicles\entities\vehicles\carscript.c:1490 Function UpdateHealth
DayZExpansion/Vehicles/Scripts/4_World/dayzexpansion_vehicles\entities\vehicles\carscript.c:1636 Function EOnPostSimulate
23:28:30.493 WORLD        : Physics simulation
23:28:30.493  SCRIPT    (E): Virtual Machine Exception

Reason: [DamageSystemData::GetMaxHealth] :: [Expansion_Ka52] :: Could not find zone "FuelTank"

Class:      'Expansion_Ka52'
Entity id:260276

Function: 'UpdateHealth'
Stack trace:
DayZExpansion/Vehicles/Scripts/4_World/dayzexpansion_vehicles\entities\vehicles\carscript.c:1490 Function UpdateHealth
DayZExpansion/Vehicles/Scripts/4_World/dayzexpansion_vehicles\entities\vehicles\carscript.c:1636 Function EOnPostSimulate
23:28:31.519 WORLD        : Physics simulation
23:28:31.519  SCRIPT    (E): Virtual Machine Exception

Reason: [DamageSystemData::GetMaxHealth] :: [Expansion_Ka52] :: Could not find zone "FuelTank"

Class:      'Expansion_Ka52'
Entity id:260276

Function: 'UpdateHealth'
Stack trace:
DayZExpansion/Vehicles/Scripts/4_World/dayzexpansion_vehicles\entities\vehicles\carscript.c:1490 Function UpdateHealth
DayZExpansion/Vehicles/Scripts/4_World/dayzexpansion_vehicles\entities\vehicles\carscript.c:1636 Function EOnPostSimulate
23:28:32.543 WORLD        : Physics simulation
23:28:32.543  SCRIPT    (E): Virtual Machine Exception

Reason: [DamageSystemData::GetMaxHealth] :: [Expansion_Ka52] :: Could not find zone "FuelTank"

Class:      'Expansion_Ka52'
Entity id:260276

Function: 'UpdateHealth'
Stack trace:
DayZExpansion/Vehicles/Scripts/4_World/dayzexpansion_vehicles\entities\vehicles\carscript.c:1490 Function UpdateHealth
DayZExpansion/Vehicles/Scripts/4_World/dayzexpansion_vehicles\entities\vehicles\carscript.c:1636 Function EOnPostSimulate
23:28:33.569 WORLD        : Physics simulation
23:28:33.569  SCRIPT    (E): Virtual Machine Exception

Reason: [DamageSystemData::GetMaxHealth] :: [Expansion_Ka52] :: Could not find zone "FuelTank"

Class:      'Expansion_Ka52'
Entity id:260276

Function: 'UpdateHealth'
Stack trace:
DayZExpansion/Vehicles/Scripts/4_World/dayzexpansion_vehicles\entities\vehicles\carscript.c:1490 Function UpdateHealth
DayZExpansion/Vehicles/Scripts/4_World/dayzexpansion_vehicles\entities\vehicles\carscript.c:1636 Function EOnPostSimulate
23:28:34.594 WORLD        : Physics simulation
23:28:34.594  SCRIPT    (E): Virtual Machine Exception

Reason: [DamageSystemData::GetMaxHealth] :: [Expansion_Ka52] :: Could not find zone "FuelTank"

Class:      'Expansion_Ka52'
Entity id:260276

Function: 'UpdateHealth'
Stack trace:
DayZExpansion/Vehicles/Scripts/4_World/dayzexpansion_vehicles\entities\vehicles\carscript.c:1490 Function UpdateHealth
DayZExpansion/Vehicles/Scripts/4_World/dayzexpansion_vehicles\entities\vehicles\carscript.c:1636 Function EOnPostSimulate
23:28:35.619 WORLD        : Physics simulation
23:28:35.619  SCRIPT    (E): Virtual Machine Exception

Reason: [DamageSystemData::GetMaxHealth] :: [Expansion_Ka52] :: Could not find zone "FuelTank"

Class:      'Expansion_Ka52'
Entity id:260276

Function: 'UpdateHealth'
Stack trace:
DayZExpansion/Vehicles/Scripts/4_World/dayzexpansion_vehicles\entities\vehicles\carscript.c:1490 Function UpdateHealth
DayZExpansion/Vehicles/Scripts/4_World/dayzexpansion_vehicles\entities\vehicles\carscript.c:1636 Function EOnPostSimulate
23:28:36.643 WORLD        : Physics simulation
23:28:36.643  SCRIPT    (E): Virtual Machine Exception

Reason: [DamageSystemData::GetMaxHealth] :: [Expansion_Ka52] :: Could not find zone "FuelTank"

Class:      'Expansion_Ka52'
Entity id:260276

Function: 'UpdateHealth'
Stack trace:
DayZExpansion/Vehicles/Scripts/4_World/dayzexpansion_vehicles\entities\vehicles\carscript.c:1490 Function UpdateHealth
DayZExpansion/Vehicles/Scripts/4_World/dayzexpansion_vehicles\entities\vehicles\carscript.c:1636 Function EOnPostSimulate
23:28:37.669 WORLD        : Physics simulation
23:28:37.669  SCRIPT    (E): Virtual Machine Exception

Reason: [DamageSystemData::GetMaxHealth] :: [Expansion_Ka52] :: Could not find zone "FuelTank"

Class:      'Expansion_Ka52'
Entity id:260276

Function: 'UpdateHealth'
Stack trace:
DayZExpansion/Vehicles/Scripts/4_World/dayzexpansion_vehicles\entities\vehicles\carscript.c:1490 Function UpdateHealth
DayZExpansion/Vehicles/Scripts/4_World/dayzexpansion_vehicles\entities\vehicles\carscript.c:1636 Function EOnPostSimulate
23:28:38.693 WORLD        : Physics simulation
23:28:38.693  SCRIPT    (E): Virtual Machine Exception

Reason: [DamageSystemData::GetMaxHealth] :: [Expansion_Ka52] :: Could not find zone "FuelTank"

Class:      'Expansion_Ka52'
Entity id:260276

Function: 'UpdateHealth'
Stack trace:
DayZExpansion/Vehicles/Scripts/4_World/dayzexpansion_vehicles\entities\vehicles\carscript.c:1490 Function UpdateHealth
DayZExpansion/Vehicles/Scripts/4_World/dayzexpansion_vehicles\entities\vehicles\carscript.c:1636 Function EOnPostSimulate
23:28:39.719 WORLD        : Physics simulation
23:28:39.719  SCRIPT    (E): Virtual Machine Exception

Reason: [DamageSystemData::GetMaxHealth] :: [Expansion_Ka52] :: Could not find zone "FuelTank"

Class:      'Expansion_Ka52'
Entity id:260276

Function: 'UpdateHealth'
Stack trace:
DayZExpansion/Vehicles/Scripts/4_World/dayzexpansion_vehicles\entities\vehicles\carscript.c:1490 Function UpdateHealth
DayZExpansion/Vehicles/Scripts/4_World/dayzexpansion_vehicles\entities\vehicles\carscript.c:1636 Function EOnPostSimulate
23:28:40.743 WORLD        : Physics simulation
23:28:40.743  SCRIPT    (E): Virtual Machine Exception

Reason: [DamageSystemData::GetMaxHealth] :: [Expansion_Ka52] :: Could not find zone "FuelTank"

Class:      'Expansion_Ka52'
Entity id:260276

Function: 'UpdateHealth'
Stack trace:
DayZExpansion/Vehicles/Scripts/4_World/dayzexpansion_vehicles\entities\vehicles\carscript.c:1490 Function UpdateHealth
DayZExpansion/Vehicles/Scripts/4_World/dayzexpansion_vehicles\entities\vehicles\carscript.c:1636 Function EOnPostSimulate
23:28:41.769 WORLD        : Physics simulation
23:28:41.769  SCRIPT    (E): Virtual Machine Exception

Reason: [DamageSystemData::GetMaxHealth] :: [Expansion_Ka52] :: Could not find zone "FuelTank"

Class:      'Expansion_Ka52'
Entity id:260276

Function: 'UpdateHealth'
Stack trace:
DayZExpansion/Vehicles/Scripts/4_World/dayzexpansion_vehicles\entities\vehicles\carscript.c:1490 Function UpdateHealth
DayZExpansion/Vehicles/Scripts/4_World/dayzexpansion_vehicles\entities\vehicles\carscript.c:1636 Function EOnPostSimulate
23:28:42.793 WORLD        : Physics simulation
23:28:42.793  SCRIPT    (E): Virtual Machine Exception

Reason: [DamageSystemData::GetMaxHealth] :: [Expansion_Ka52] :: Could not find zone "FuelTank"

Class:      'Expansion_Ka52'
Entity id:260276

Function: 'UpdateHealth'
Stack trace:
DayZExpansion/Vehicles/Scripts/4_World/dayzexpansion_vehicles\entities\vehicles\carscript.c:1490 Function UpdateHealth
DayZExpansion/Vehicles/Scripts/4_World/dayzexpansion_vehicles\entities\vehicles\carscript.c:1636 Function EOnPostSimulate
23:28:43.819 WORLD        : Physics simulation
23:28:43.819  SCRIPT    (E): Virtual Machine Exception

Reason: [DamageSystemData::GetMaxHealth] :: [Expansion_Ka52] :: Could not find zone "FuelTank"

Class:      'Expansion_Ka52'
Entity id:260276

Function: 'UpdateHealth'
Stack trace:
DayZExpansion/Vehicles/Scripts/4_World/dayzexpansion_vehicles\entities\vehicles\carscript.c:1490 Function UpdateHealth
DayZExpansion/Vehicles/Scripts/4_World/dayzexpansion_vehicles\entities\vehicles\carscript.c:1636 Function EOnPostSimulate
23:28:44.262 [StateMachine]: Player Survivor (dpnid 169251973 uid x_MJ2w6DZznhQeYHMWeX7_S9NuAxgYSiQqpLVIMNfrA=) Entering DBGetCharacterLoginState
23:28:44.264 [StateMachine]: Player Survivor (dpnid 169251973 uid x_MJ2w6DZznhQeYHMWeX7_S9NuAxgYSiQqpLVIMNfrA=) Entering CreateNetObjectsLoginState
23:28:44.266 [StateMachine]: Player Survivor (dpnid 169251973 uid x_MJ2w6DZznhQeYHMWeX7_S9NuAxgYSiQqpLVIMNfrA=) Entering PreloadCamLoginState
23:28:44.266 [StateMachine]: Player Survivor (dpnid 169251973 uid x_MJ2w6DZznhQeYHMWeX7_S9NuAxgYSiQqpLVIMNfrA=) Entering WaitPreloadCamLoginState
23:28:44.844 WORLD        : Physics simulation
23:28:44.844  SCRIPT    (E): Virtual Machine Exception

Reason: [DamageSystemData::GetMaxHealth] :: [Expansion_Ka52] :: Could not find zone "FuelTank"

Class:      'Expansion_Ka52'
Entity id:260276

Function: 'UpdateHealth'
Stack trace:
DayZExpansion/Vehicles/Scripts/4_World/dayzexpansion_vehicles\entities\vehicles\carscript.c:1490 Function UpdateHealth
DayZExpansion/Vehicles/Scripts/4_World/dayzexpansion_vehicles\entities\vehicles\carscript.c:1636 Function EOnPostSimulate
23:28:45.868 WORLD        : Physics simulation
23:28:45.868  SCRIPT    (E): Virtual Machine Exception

Reason: [DamageSystemData::GetMaxHealth] :: [Expansion_Ka52] :: Could not find zone "FuelTank"

Class:      'Expansion_Ka52'
Entity id:260276

Function: 'UpdateHealth'
Stack trace:
DayZExpansion/Vehicles/Scripts/4_World/dayzexpansion_vehicles\entities\vehicles\carscript.c:1490 Function UpdateHealth
DayZExpansion/Vehicles/Scripts/4_World/dayzexpansion_vehicles\entities\vehicles\carscript.c:1636 Function EOnPostSimulate
23:28:46.893 WORLD        : Physics simulation
23:28:46.893  SCRIPT    (E): Virtual Machine Exception

Reason: [DamageSystemData::GetMaxHealth] :: [Expansion_Ka52] :: Could not find zone "FuelTank"

Class:      'Expansion_Ka52'
Entity id:260276

Function: 'UpdateHealth'
Stack trace:
DayZExpansion/Vehicles/Scripts/4_World/dayzexpansion_vehicles\entities\vehicles\carscript.c:1490 Function UpdateHealth
DayZExpansion/Vehicles/Scripts/4_World/dayzexpansion_vehicles\entities\vehicles\carscript.c:1636 Function EOnPostSimulate
23:28:47.358 [StateMachine]: Player Survivor (dpnid 169251973 uid x_MJ2w6DZznhQeYHMWeX7_S9NuAxgYSiQqpLVIMNfrA=) Entering GetLoadedCharLoginState
23:28:47.362 NETWORK      : Network simulation
23:28:47.362  ENTITY       : Load entity type 'SurvivorF_Maria'
23:28:47.362   RESOURCES (E): Failed to open object @"dz/anims/anm/player/ik/vehicles/hatchback/hatchback_Doors_Hood.anm"
23:28:47.363   RESOURCES (E): Failed to open object @"dz/anims/anm/player/ik/vehicles/v3s/hatchback_02_door_driver.anm"
23:28:47.363   RESOURCES (E): Failed to open object @"dz/anims/anm/player/ik/vehicles/v3s/hatchback_02_door_codriver.anm"
23:28:47.363   RESOURCES (E): Failed to open object @"dz/anims/anm/player/ik/vehicles/v3s/hatchback_02_door_driver.anm"
23:28:47.363   RESOURCES (E): Failed to open object @"dz/anims/anm/player/ik/vehicles/v3s/hatchback_02_door_codriver.anm"
23:28:47.363   RESOURCES (E): Failed to open object @"dz/anims/anm/player/ik/vehicles/v3s/hatchback_02_door_driver.anm"
23:28:47.363   RESOURCES (E): Failed to open object @"dz/anims/anm/player/ik/vehicles/v3s/hatchback_02_door_codriver.anm"
23:28:47.363   RESOURCES (E): Failed to open object @"dz/anims/anm/player/ik/vehicles/v3s/hatchback_02_door_driver.anm"
23:28:47.363   RESOURCES (E): Failed to open object @"dz/anims/anm/player/ik/vehicles/v3s/hatchback_02_door_codriver.anm"
23:28:47.364   RESOURCES (E): Failed to open object @"dz/anims/anm/player/ik/vehicles/hatchback/sedan_trunk.anm"
23:28:47.378 Подключился игрок Survivor (id=x_MJ2w6DZznhQeYHMWeX7_S9NuAxgYSiQqpLVIMNfrA=).
23:28:47.378 Player "Survivor" (steamID=76561199587900842 pos=<9059.9, 10222.0, 12.8>) is connected
23:28:47.379 <LOAD EXISTING CHAR>:
    charID 1
    playerID 1
    dpnid 169251973
    uid x_MJ2w6DZznhQeYHMWeX7_S9NuAxgYSiQqpLVIMNfrA=
23:28:47.919 WORLD        : Physics simulation
23:28:47.919  SCRIPT    (E): Virtual Machine Exception

Reason: [DamageSystemData::GetMaxHealth] :: [Expansion_Ka52] :: Could not find zone "FuelTank"

Class:      'Expansion_Ka52'
Entity id:260276

Function: 'UpdateHealth'
Stack trace:
DayZExpansion/Vehicles/Scripts/4_World/dayzexpansion_vehicles\entities\vehicles\carscript.c:1490 Function UpdateHealth
DayZExpansion/Vehicles/Scripts/4_World/dayzexpansion_vehicles\entities\vehicles\carscript.c:1636 Function EOnPostSimulate
23:28:48.944 WORLD        : Physics simulation
23:28:48.944  SCRIPT    (E): Virtual Machine Exception

Reason: [DamageSystemData::GetMaxHealth] :: [Expansion_Ka52] :: Could not find zone "FuelTank"

Class:      'Expansion_Ka52'
Entity id:260276

Function: 'UpdateHealth'
Stack trace:
DayZExpansion/Vehicles/Scripts/4_World/dayzexpansion_vehicles\entities\vehicles\carscript.c:1490 Function UpdateHealth
DayZExpansion/Vehicles/Scripts/4_World/dayzexpansion_vehicles\entities\vehicles\carscript.c:1636 Function EOnPostSimulate
23:28:49.969 WORLD        : Physics simulation
23:28:49.969  SCRIPT    (E): Virtual Machine Exception

Reason: [DamageSystemData::GetMaxHealth] :: [Expansion_Ka52] :: Could not find zone "FuelTank"

Class:      'Expansion_Ka52'
Entity id:260276

Function: 'UpdateHealth'
Stack trace:
DayZExpansion/Vehicles/Scripts/4_World/dayzexpansion_vehicles\entities\vehicles\carscript.c:1490 Function UpdateHealth
DayZExpansion/Vehicles/Scripts/4_World/dayzexpansion_vehicles\entities\vehicles\carscript.c:1636 Function EOnPostSimulate
23:28:50.994 WORLD        : Physics simulation
23:28:50.994  SCRIPT    (E): Virtual Machine Exception

Reason: [DamageSystemData::GetMaxHealth] :: [Expansion_Ka52] :: Could not find zone "FuelTank"

Class:      'Expansion_Ka52'
Entity id:260276

Function: 'UpdateHealth'
Stack trace:
DayZExpansion/Vehicles/Scripts/4_World/dayzexpansion_vehicles\entities\vehicles\carscript.c:1490 Function UpdateHealth
DayZExpansion/Vehicles/Scripts/4_World/dayzexpansion_vehicles\entities\vehicles\carscript.c:1636 Function EOnPostSimulate
23:28:52.19  WORLD        : Physics simulation
23:28:52.19   SCRIPT    (E): Virtual Machine Exception

Reason: [DamageSystemData::GetMaxHealth] :: [Expansion_Ka52] :: Could not find zone "FuelTank"

Class:      'Expansion_Ka52'
Entity id:260276

Function: 'UpdateHealth'
Stack trace:
DayZExpansion/Vehicles/Scripts/4_World/dayzexpansion_vehicles\entities\vehicles\carscript.c:1490 Function UpdateHealth
DayZExpansion/Vehicles/Scripts/4_World/dayzexpansion_vehicles\entities\vehicles\carscript.c:1636 Function EOnPostSimulate
23:28:53.44  WORLD        : Physics simulation
23:28:53.44   SCRIPT    (E): Virtual Machine Exception

Reason: [DamageSystemData::GetMaxHealth] :: [Expansion_Ka52] :: Could not find zone "FuelTank"

Class:      'Expansion_Ka52'
Entity id:260276

Function: 'UpdateHealth'
Stack trace:
DayZExpansion/Vehicles/Scripts/4_World/dayzexpansion_vehicles\entities\vehicles\carscript.c:1490 Function UpdateHealth
DayZExpansion/Vehicles/Scripts/4_World/dayzexpansion_vehicles\entities\vehicles\carscript.c:1636 Function EOnPostSimulate
23:28:54.68  WORLD        : Physics simulation
23:28:54.68   SCRIPT    (E): Virtual Machine Exception

Reason: [DamageSystemData::GetMaxHealth] :: [Expansion_Ka52] :: Could not find zone "FuelTank"

Class:      'Expansion_Ka52'
Entity id:260276

Function: 'UpdateHealth'
Stack trace:
DayZExpansion/Vehicles/Scripts/4_World/dayzexpansion_vehicles\entities\vehicles\carscript.c:1490 Function UpdateHealth
DayZExpansion/Vehicles/Scripts/4_World/dayzexpansion_vehicles\entities\vehicles\carscript.c:1636 Function EOnPostSimulate
23:28:54.302 [CE][LootRespawner] (PRIDummy) :: Item [18] causing search overtime: "FarmingHoe"
23:28:54.402 [CE][LootRespawner] (PRIDummy) :: Item [19] causing search overtime: "KazuarOptic"
23:28:54.503 [CE][LootRespawner] (PRIDummy) :: Item [20] causing search overtime: "dzn_netanyas_log"
23:28:54.582 Player Survivor (169251973) kicked from server: 240 ( (Game restart required))
23:28:54.583 [Disconnect]: Client 169251973 early disconnect
23:28:54.583 [Disconnect]: Start script disconnect 169251973 (dbCharacterId 1 dbPlayerId 1) logoutTime 15
23:28:54.602 [CE][LootRespawner] (PRIDummy) :: Item [21] causing search overtime: "dzn_athena_planning"
23:28:54.702 [CE][LootRespawner] (PRIDummy) :: Item [22] causing search overtime: "dzn_athena3_october"
23:28:54.802 [CE][LootRespawner] (PRIDummy) :: Item [23] causing search overtime: "MountainBag_Blue"
23:28:55.93  WORLD        : Physics simulation
23:28:55.93   SCRIPT    (E): Virtual Machine Exception

Reason: [DamageSystemData::GetMaxHealth] :: [Expansion_Ka52] :: Could not find zone "FuelTank"

Class:      'Expansion_Ka52'
Entity id:260276

Function: 'UpdateHealth'
Stack trace:
DayZExpansion/Vehicles/Scripts/4_World/dayzexpansion_vehicles\entities\vehicles\carscript.c:1490 Function UpdateHealth
DayZExpansion/Vehicles/Scripts/4_World/dayzexpansion_vehicles\entities\vehicles\carscript.c:1636 Function EOnPostSimulate
23:28:55.325 [Disconnect]: Remove player info 169251973
23:28:55.326 [Disconnect]: Player destroy 169251973 
23:28:56.119 WORLD        : Physics simulation
23:28:56.119  SCRIPT    (E): Virtual Machine Exception

Reason: [DamageSystemData::GetMaxHealth] :: [Expansion_Ka52] :: Could not find zone "FuelTank"

Class:      'Expansion_Ka52'
Entity id:260276

Function: 'UpdateHealth'
Stack trace:
DayZExpansion/Vehicles/Scripts/4_World/dayzexpansion_vehicles\entities\vehicles\carscript.c:1490 Function UpdateHealth
DayZExpansion/Vehicles/Scripts/4_World/dayzexpansion_vehicles\entities\vehicles\carscript.c:1636 Function EOnPostSimulate
23:28:57.143 WORLD        : Physics simulation
23:28:57.143  SCRIPT    (E): Virtual Machine Exception

Reason: [DamageSystemData::GetMaxHealth] :: [Expansion_Ka52] :: Could not find zone "FuelTank"

Class:      'Expansion_Ka52'
Entity id:260276

Function: 'UpdateHealth'
Stack trace:
DayZExpansion/Vehicles/Scripts/4_World/dayzexpansion_vehicles\entities\vehicles\carscript.c:1490 Function UpdateHealth
DayZExpansion/Vehicles/Scripts/4_World/dayzexpansion_vehicles\entities\vehicles\carscript.c:1636 Function EOnPostSimulate
23:28:58.169 WORLD        : Physics simulation
23:28:58.169  SCRIPT    (E): Virtual Machine Exception

Reason: [DamageSystemData::GetMaxHealth] :: [Expansion_Ka52] :: Could not find zone "FuelTank"

Class:      'Expansion_Ka52'
Entity id:260276

Function: 'UpdateHealth'
Stack trace:
DayZExpansion/Vehicles/Scripts/4_World/dayzexpansion_vehicles\entities\vehicles\carscript.c:1490 Function UpdateHealth
DayZExpansion/Vehicles/Scripts/4_World/dayzexpansion_vehicles\entities\vehicles\carscript.c:1636 Function EOnPostSimulate
23:28:59.193 WORLD        : Physics simulation
23:28:59.193  SCRIPT    (E): Virtual Machine Exception

Reason: [DamageSystemData::GetMaxHealth] :: [Expansion_Ka52] :: Could not find zone "FuelTank"

Class:      'Expansion_Ka52'
Entity id:260276

Function: 'UpdateHealth'
Stack trace:
DayZExpansion/Vehicles/Scripts/4_World/dayzexpansion_vehicles\entities\vehicles\carscript.c:1490 Function UpdateHealth
DayZExpansion/Vehicles/Scripts/4_World/dayzexpansion_vehicles\entities\vehicles\carscript.c:1636 Function EOnPostSimulate
23:29:00.219 WORLD        : Physics simulation
23:29:00.219  SCRIPT    (E): Virtual Machine Exception

Reason: [DamageSystemData::GetMaxHealth] :: [Expansion_Ka52] :: Could not find zone "FuelTank"

Class:      'Expansion_Ka52'
Entity id:260276

Function: 'UpdateHealth'
Stack trace:
DayZExpansion/Vehicles/Scripts/4_World/dayzexpansion_vehicles\entities\vehicles\carscript.c:1490 Function UpdateHealth
DayZExpansion/Vehicles/Scripts/4_World/dayzexpansion_vehicles\entities\vehicles\carscript.c:1636 Function EOnPostSimulate
23:29:01.243 WORLD        : Physics simulation
23:29:01.243  SCRIPT    (E): Virtual Machine Exception

Reason: [DamageSystemData::GetMaxHealth] :: [Expansion_Ka52] :: Could not find zone "FuelTank"

Class:      'Expansion_Ka52'
Entity id:260276

Function: 'UpdateHealth'
Stack trace:
DayZExpansion/Vehicles/Scripts/4_World/dayzexpansion_vehicles\entities\vehicles\carscript.c:1490 Function UpdateHealth
DayZExpansion/Vehicles/Scripts/4_World/dayzexpansion_vehicles\entities\vehicles\carscript.c:1636 Function EOnPostSimulate
23:29:02.269 WORLD        : Physics simulation
23:29:02.269  SCRIPT    (E): Virtual Machine Exception

Reason: [DamageSystemData::GetMaxHealth] :: [Expansion_Ka52] :: Could not find zone "FuelTank"

Class:      'Expansion_Ka52'
Entity id:260276

Function: 'UpdateHealth'
Stack trace:
DayZExpansion/Vehicles/Scripts/4_World/dayzexpansion_vehicles\entities\vehicles\carscript.c:1490 Function UpdateHealth
DayZExpansion/Vehicles/Scripts/4_World/dayzexpansion_vehicles\entities\vehicles\carscript.c:1636 Function EOnPostSimulate
23:29:03.293 WORLD        : Physics simulation
23:29:03.293  SCRIPT    (E): Virtual Machine Exception

Reason: [DamageSystemData::GetMaxHealth] :: [Expansion_Ka52] :: Could not find zone "FuelTank"

Class:      'Expansion_Ka52'
Entity id:260276

Function: 'UpdateHealth'
Stack trace:
DayZExpansion/Vehicles/Scripts/4_World/dayzexpansion_vehicles\entities\vehicles\carscript.c:1490 Function UpdateHealth
DayZExpansion/Vehicles/Scripts/4_World/dayzexpansion_vehicles\entities\vehicles\carscript.c:1636 Function EOnPostSimulate
23:29:04.319 WORLD        : Physics simulation
23:29:04.319  SCRIPT    (E): Virtual Machine Exception

Reason: [DamageSystemData::GetMaxHealth] :: [Expansion_Ka52] :: Could not find zone "FuelTank"

Class:      'Expansion_Ka52'
Entity id:260276

Function: 'UpdateHealth'
Stack trace:
DayZExpansion/Vehicles/Scripts/4_World/dayzexpansion_vehicles\entities\vehicles\carscript.c:1490 Function UpdateHealth
DayZExpansion/Vehicles/Scripts/4_World/dayzexpansion_vehicles\entities\vehicles\carscript.c:1636 Function EOnPostSimulate
23:29:05.343 WORLD        : Physics simulation
23:29:05.343  SCRIPT    (E): Virtual Machine Exception

Reason: [DamageSystemData::GetMaxHealth] :: [Expansion_Ka52] :: Could not find zone "FuelTank"

Class:      'Expansion_Ka52'
Entity id:260276

Function: 'UpdateHealth'
Stack trace:
DayZExpansion/Vehicles/Scripts/4_World/dayzexpansion_vehicles\entities\vehicles\carscript.c:1490 Function UpdateHealth
DayZExpansion/Vehicles/Scripts/4_World/dayzexpansion_vehicles\entities\vehicles\carscript.c:1636 Function EOnPostSimulate
23:29:06.369 WORLD        : Physics simulation
23:29:06.369  SCRIPT    (E): Virtual Machine Exception

Reason: [DamageSystemData::GetMaxHealth] :: [Expansion_Ka52] :: Could not find zone "FuelTank"

Class:      'Expansion_Ka52'
Entity id:260276

Function: 'UpdateHealth'
Stack trace:
DayZExpansion/Vehicles/Scripts/4_World/dayzexpansion_vehicles\entities\vehicles\carscript.c:1490 Function UpdateHealth
DayZExpansion/Vehicles/Scripts/4_World/dayzexpansion_vehicles\entities\vehicles\carscript.c:1636 Function EOnPostSimulate
23:29:07.393 WORLD        : Physics simulation
23:29:07.393  SCRIPT    (E): Virtual Machine Exception

Reason: [DamageSystemData::GetMaxHealth] :: [Expansion_Ka52] :: Could not find zone "FuelTank"

Class:      'Expansion_Ka52'
Entity id:260276

Function: 'UpdateHealth'
Stack trace:
DayZExpansion/Vehicles/Scripts/4_World/dayzexpansion_vehicles\entities\vehicles\carscript.c:1490 Function UpdateHealth
DayZExpansion/Vehicles/Scripts/4_World/dayzexpansion_vehicles\entities\vehicles\carscript.c:1636 Function EOnPostSimulate
23:29:08.419 WORLD        : Physics simulation
23:29:08.419  SCRIPT    (E): Virtual Machine Exception

Reason: [DamageSystemData::GetMaxHealth] :: [Expansion_Ka52] :: Could not find zone "FuelTank"

Class:      'Expansion_Ka52'
Entity id:260276

Function: 'UpdateHealth'
Stack trace:
DayZExpansion/Vehicles/Scripts/4_World/dayzexpansion_vehicles\entities\vehicles\carscript.c:1490 Function UpdateHealth
DayZExpansion/Vehicles/Scripts/4_World/dayzexpansion_vehicles\entities\vehicles\carscript.c:1636 Function EOnPostSimulate
23:29:09.443 WORLD        : Physics simulation
23:29:09.443  SCRIPT    (E): Virtual Machine Exception

Reason: [DamageSystemData::GetMaxHealth] :: [Expansion_Ka52] :: Could not find zone "FuelTank"

Class:      'Expansion_Ka52'
Entity id:260276

Function: 'UpdateHealth'
Stack trace:
DayZExpansion/Vehicles/Scripts/4_World/dayzexpansion_vehicles\entities\vehicles\carscript.c:1490 Function UpdateHealth
DayZExpansion/Vehicles/Scripts/4_World/dayzexpansion_vehicles\entities\vehicles\carscript.c:1636 Function EOnPostSimulate
23:29:09.584 [Disconnect]: Finish script disconnect -1 (x_MJ2w6DZznhQeYHMWeX7_S9NuAxgYSiQqpLVIMNfrA=)
23:29:10.469 WORLD        : Physics simulation
23:29:10.506  SCRIPT    (E): Virtual Machine Exception

Reason: [DamageSystemData::GetMaxHealth] :: [Expansion_Ka52] :: Could not find zone "FuelTank"

Class:      'Expansion_Ka52'
Entity id:260276

Function: 'UpdateHealth'
Stack trace:
DayZExpansion/Vehicles/Scripts/4_World/dayzexpansion_vehicles\entities\vehicles\carscript.c:1490 Function UpdateHealth
DayZExpansion/Vehicles/Scripts/4_World/dayzexpansion_vehicles\entities\vehicles\carscript.c:1636 Function EOnPostSimulate
23:29:11.493 WORLD        : Physics simulation
23:29:11.493  SCRIPT    (E): Virtual Machine Exception

Reason: [DamageSystemData::GetMaxHealth] :: [Expansion_Ka52] :: Could not find zone "FuelTank"

Class:      'Expansion_Ka52'
Entity id:260276

Function: 'UpdateHealth'
Stack trace:
DayZExpansion/Vehicles/Scripts/4_World/dayzexpansion_vehicles\entities\vehicles\carscript.c:1490 Function UpdateHealth
DayZExpansion/Vehicles/Scripts/4_World/dayzexpansion_vehicles\entities\vehicles\carscript.c:1636 Function EOnPostSimulate
23:29:22.44  RESOURCES (E): ==== Resource leaks ====
23:29:22.44  RESOURCES (E): dz/anims/workspaces/player/player_main/player_main.asi   2
23:29:23.279  --- Termination successfully completed --- 
