=====================================================================
== G:\SteamLibrary\steamapps\common\DayZServer\DayZServer_x64.exe
== DayZServer_x64.exe -config=serverDZ.cfg -port=2302 "-profiles=G:\SteamLibrary\steamapps\common\DayZServer\ServerProfiles" -cpuCount=4 -nosplash -noPause "-mod=@CF;@Dabs Framework;@[CnG]UAZ_452;@[CnG]UAZ_31514;@[CnG]VAZ_2109;@[CrSk] BMW 525i E34;@[CrSk] VAZ-2107;@Armored Vehicle Pack;@AutoCarFlip;@BaseBuildingPlus;@Basic Map;@BMW E38 [FREE];@BMW X5 2000;@BMW_M5_CS;@ChernarusRP AE86;@Code Lock;@DayZ Horse;@DayZ-Expansion;@DayZ-Expansion-BaseBuilding;@DayZ-Expansion-Core;@DayZ-Expansion-Licensed;@Dayz-Expansion-Vehicles;@Expansion Ka52;@GAZ 66 SHISHIGA;@GAZ_Tigr_FIXED;@Gerphelius_CarXFence;@Honda_NSX;@JosiesHiluxZ;@M110;@MBM_ApocalypseTruck;@MBM_GoKart;@MBM_UnderglowLights;@Mercedes-Benz AMG G63 W463;@MMG - Mightys Military Gear;@My Delta Force Weapons;@Namalsk Island;@Namalsk Survival;@Nissan GTR 2015 - FREE TO USE;@RUSForma_vehicles;@SNAFU Weapons;@SR_WeaponsPack;@Survivor Animations;@Syndicate Breaching Charge;@Tactical Flava;@The Complete Ghillie Pack;@Toyota_GT86_RB;@Unknown Ghillie Mod;@VAZ 2107 Yandex Dfift;@VPPAdminTools;@VPPAdminTools Ru Translate;@WindstridesClothingPack;@Zens Core Mod;@Zens Sleeping Mod"
=====================================================================
Exe timestamp: 2026/08/15 12:57:52
Current time:  2026/08/16 22:41:14
Version 1.29.163709
=====================================================================

22:41:14.571 ENGINE    (W): Process affinity forced to f
22:41:44.958 ENGINE    (W): No module info used, trying to identify -> 0x2EFD0000
22:41:44.959 ENGINE    (W): Adjusting job system settings to have at least one job worker thread.
22:41:45.168 [Inputs] Loading inputs default "bin/constants.xml"
22:41:45.172 [Inputs] Loading inputs default "bin/specific.xml"
22:41:45.173 [Inputs] Loading inputs default "BBP_keybind/data/modded_Inputs.xml"
22:41:45.173 [Inputs] Loading inputs default "HB_FlipVehicle/Inputs/inputs.xml"
22:41:45.173 [Inputs] Loading inputs default "My_DF_Weapons_Scripts/Inputs.xml"
22:41:45.174 [Inputs] Loading inputs default "nst/ns_dayz/scripts/Data/Inputs.xml"
22:41:45.175 [Inputs] Loading inputs default "script_a/Inputs.xml"
22:41:45.176 [Inputs] Loading inputs default "VPPAdminTools/data/modded_Inputs.xml"
22:41:45.178 [Inputs] Loading inputs default "WindstrideClothing/Inputs.xml"
22:41:45.178 [Inputs] Loading inputs default "BasicMap/data/Inputs.xml"
22:41:45.179 [Inputs] Loading inputs default "MBM_UnderglowLights/gui/inputs.xml"
22:41:45.180 [Inputs] Loading inputs default "DayZExpansion/PlayerList/Scripts/Data/Inputs.xml"
22:41:45.181 [Inputs] Loading inputs default "DayZExpansion/Scripts/Data/Inputs.xml"
22:41:45.181 [Inputs] Loading inputs default "DayZExpansion/Vehicles/Scripts/Data/Inputs.xml"
22:41:45.183 [Inputs] Loading inputs default "Dayz_Horse/Data/Inputs.xml"
22:41:45.184 [Inputs] Loading inputs default "DayZExpansion/BaseBuilding/Scripts/Data/Inputs.xml"
22:41:45.185 [Inputs] Loading inputs cfg "G:\SteamLibrary\steamapps\common\DayZServer\ServerProfiles\Users\Survivor\Server.core.xml"
22:41:45.191 [Inputs] Exporting inputs cfg "G:\SteamLibrary\steamapps\common\DayZServer\ServerProfiles\Users\Survivor\Server.core.xml"
22:41:45.395 SCRIPT    (W): @"BaseBuildingPlus/scripts/3_Game/bbpconfig.c,143": FIX-ME: Unexpected statement 'ref'
22:41:45.431 SCRIPT    (W): @"CodeLock/scripts/3_game/dayzgame.c,13": FIX-ME: Method argument can't be strong reference
22:41:45.512 SCRIPT    (W): @"BasicMap/scripts/3_Game/basicmapcontroller.c,93": FIX-ME: Method argument can't be strong reference
22:41:45.512 SCRIPT    (W): @"BasicMap/scripts/3_Game/basicmapcontroller.c,93": FIX-ME: Method argument can't be strong reference
22:41:45.512 SCRIPT    (W): @"BasicMap/scripts/3_Game/basicmapcontroller.c,93": FIX-ME: Method argument can't be strong reference
22:41:45.512 SCRIPT    (W): @"BasicMap/scripts/3_Game/basicmapcontroller.c,132": FIX-ME: Method argument can't be strong reference
22:41:45.512 SCRIPT    (W): @"BasicMap/scripts/3_Game/basicmapcontroller.c,132": FIX-ME: Method argument can't be strong reference
22:41:45.512 SCRIPT    (W): @"BasicMap/scripts/3_Game/basicmapcontroller.c,132": FIX-ME: Method argument can't be strong reference
22:41:45.512 SCRIPT    (W): @"BasicMap/scripts/3_Game/basicmapcontroller.c,305": FIX-ME: Method argument can't be strong reference
22:41:45.512 SCRIPT    (W): @"BasicMap/scripts/3_Game/basicmapcontroller.c,447": FIX-ME: Method argument can't be strong reference
22:41:45.512 SCRIPT    (W): @"BasicMap/scripts/3_Game/basicmapcontroller.c,453": FIX-ME: Method argument can't be strong reference
22:41:45.515 SCRIPT    (W): @"BasicMap/scripts/3_Game/gui\basicmapmenu.c,556": FIX-ME: Overriding function 'LockControls' but not marked as 'override'
22:41:50.01  ANIMATION (E): Can't load @Zens Sleeping Mod/Anims/cfg/skeletons.anim.xml
22:41:50.01  ANIMATION (E): Failed to open file, line 0, column 0
22:41:50.01  ANIMATION (E): Can't load @Zens Core Mod/Anims/cfg/skeletons.anim.xml
22:41:50.01  ANIMATION (E): Failed to open file, line 0, column 0
22:41:50.01  ANIMATION (E): Can't load @WindstridesClothingPack/Anims/cfg/skeletons.anim.xml
22:41:50.01  ANIMATION (E): Failed to open file, line 0, column 0
22:41:50.01  ANIMATION (E): Can't load @VPPAdminTools Ru Translate/Anims/cfg/skeletons.anim.xml
22:41:50.01  ANIMATION (E): Failed to open file, line 0, column 0
22:41:50.01  ANIMATION (E): Can't load @VPPAdminTools/Anims/cfg/skeletons.anim.xml
22:41:50.01  ANIMATION (E): Failed to open file, line 0, column 0
22:41:50.01  ANIMATION (E): Can't load @VAZ 2107 Yandex Dfift/Anims/cfg/skeletons.anim.xml
22:41:50.01  ANIMATION (E): Failed to open file, line 0, column 0
22:41:50.01  ANIMATION (E): Can't load @Unknown Ghillie Mod/Anims/cfg/skeletons.anim.xml
22:41:50.01  ANIMATION (E): Failed to open file, line 0, column 0
22:41:50.01  ANIMATION (E): Can't load @Toyota_GT86_RB/Anims/cfg/skeletons.anim.xml
22:41:50.01  ANIMATION (E): Failed to open file, line 0, column 0
22:41:50.01  ANIMATION (E): Can't load @The Complete Ghillie Pack/Anims/cfg/skeletons.anim.xml
22:41:50.01  ANIMATION (E): Failed to open file, line 0, column 0
22:41:50.01  ANIMATION (E): Can't load @Tactical Flava/Anims/cfg/skeletons.anim.xml
22:41:50.01  ANIMATION (E): Failed to open file, line 0, column 0
22:41:50.01  ANIMATION (E): Can't load @Syndicate Breaching Charge/Anims/cfg/skeletons.anim.xml
22:41:50.01  ANIMATION (E): Failed to open file, line 0, column 0
22:41:50.01  ANIMATION (E): Can't load @Survivor Animations/Anims/cfg/skeletons.anim.xml
22:41:50.01  ANIMATION (E): Failed to open file, line 0, column 0
22:41:50.01  ANIMATION (E): Can't load @SR_WeaponsPack/Anims/cfg/skeletons.anim.xml
22:41:50.01  ANIMATION (E): Failed to open file, line 0, column 0
22:41:50.01  ANIMATION (E): Can't load @SNAFU Weapons/Anims/cfg/skeletons.anim.xml
22:41:50.01  ANIMATION (E): Failed to open file, line 0, column 0
22:41:50.01  ANIMATION (E): Can't load @RUSForma_vehicles/Anims/cfg/skeletons.anim.xml
22:41:50.01  ANIMATION (E): Failed to open file, line 0, column 0
22:41:50.01  ANIMATION (E): Can't load @Nissan GTR 2015 - FREE TO USE/Anims/cfg/skeletons.anim.xml
22:41:50.01  ANIMATION (E): Failed to open file, line 0, column 0
22:41:50.01  ANIMATION (E): Can't load @Namalsk Survival/Anims/cfg/skeletons.anim.xml
22:41:50.01  ANIMATION (E): Failed to open file, line 0, column 0
22:41:50.01  ANIMATION (E): Can't load @Namalsk Island/Anims/cfg/skeletons.anim.xml
22:41:50.01  ANIMATION (E): Failed to open file, line 0, column 0
22:41:50.01  ANIMATION (E): Can't load @My Delta Force Weapons/Anims/cfg/skeletons.anim.xml
22:41:50.01  ANIMATION (E): Failed to open file, line 0, column 0
22:41:50.01  ANIMATION (E): Can't load @MMG - Mightys Military Gear/Anims/cfg/skeletons.anim.xml
22:41:50.01  ANIMATION (E): Failed to open file, line 0, column 0
22:41:50.01  ANIMATION (E): Can't load @Mercedes-Benz AMG G63 W463/Anims/cfg/skeletons.anim.xml
22:41:50.01  ANIMATION (E): Failed to open file, line 0, column 0
22:41:50.02  ANIMATION (E): Can't load @MBM_UnderglowLights/Anims/cfg/skeletons.anim.xml
22:41:50.02  ANIMATION (E): Failed to open file, line 0, column 0
22:41:50.02  ANIMATION (E): Can't load @MBM_GoKart/Anims/cfg/skeletons.anim.xml
22:41:50.02  ANIMATION (E): Failed to open file, line 0, column 0
22:41:50.02  ANIMATION (E): Can't load @MBM_ApocalypseTruck/Anims/cfg/skeletons.anim.xml
22:41:50.02  ANIMATION (E): Failed to open file, line 0, column 0
22:41:50.02  ANIMATION (E): Can't load @M110/Anims/cfg/skeletons.anim.xml
22:41:50.02  ANIMATION (E): Failed to open file, line 0, column 0
22:41:50.02  ANIMATION (E): Can't load @JosiesHiluxZ/Anims/cfg/skeletons.anim.xml
22:41:50.02  ANIMATION (E): Failed to open file, line 0, column 0
22:41:50.02  ANIMATION (E): Can't load @Honda_NSX/Anims/cfg/skeletons.anim.xml
22:41:50.02  ANIMATION (E): Failed to open file, line 0, column 0
22:41:50.02  ANIMATION (E): Can't load @Gerphelius_CarXFence/Anims/cfg/skeletons.anim.xml
22:41:50.02  ANIMATION (E): Failed to open file, line 0, column 0
22:41:50.02  ANIMATION (E): Can't load @GAZ_Tigr_FIXED/Anims/cfg/skeletons.anim.xml
22:41:50.02  ANIMATION (E): Failed to open file, line 0, column 0
22:41:50.02  ANIMATION (E): Can't load @GAZ 66 SHISHIGA/Anims/cfg/skeletons.anim.xml
22:41:50.02  ANIMATION (E): Failed to open file, line 0, column 0
22:41:50.02  ANIMATION (E): Can't load @Expansion Ka52/Anims/cfg/skeletons.anim.xml
22:41:50.02  ANIMATION (E): Failed to open file, line 0, column 0
22:41:50.02  ANIMATION (E): Can't load @Dayz-Expansion-Vehicles/Anims/cfg/skeletons.anim.xml
22:41:50.02  ANIMATION (E): Failed to open file, line 0, column 0
22:41:50.02  ANIMATION (E): Can't load @DayZ-Expansion-Licensed/Anims/cfg/skeletons.anim.xml
22:41:50.02  ANIMATION (E): Failed to open file, line 0, column 0
22:41:50.02  ANIMATION (E): Can't load @DayZ-Expansion-Core/Anims/cfg/skeletons.anim.xml
22:41:50.02  ANIMATION (E): Failed to open file, line 0, column 0
22:41:50.02  ANIMATION (E): Can't load @DayZ-Expansion-BaseBuilding/Anims/cfg/skeletons.anim.xml
22:41:50.02  ANIMATION (E): Failed to open file, line 0, column 0
22:41:50.02  ANIMATION (E): Can't load @DayZ-Expansion/Anims/cfg/skeletons.anim.xml
22:41:50.02  ANIMATION (E): Failed to open file, line 0, column 0
22:41:50.41  ANIMATION (E): Can't load @Code Lock/Anims/cfg/skeletons.anim.xml
22:41:50.41  ANIMATION (E): Failed to open file, line 0, column 0
22:41:50.41  ANIMATION (E): Can't load @ChernarusRP AE86/Anims/cfg/skeletons.anim.xml
22:41:50.41  ANIMATION (E): Failed to open file, line 0, column 0
22:41:50.41  ANIMATION (E): Can't load @BMW_M5_CS/Anims/cfg/skeletons.anim.xml
22:41:50.41  ANIMATION (E): Failed to open file, line 0, column 0
22:41:50.41  ANIMATION (E): Can't load @BMW X5 2000/Anims/cfg/skeletons.anim.xml
22:41:50.41  ANIMATION (E): Failed to open file, line 0, column 0
22:41:50.41  ANIMATION (E): Can't load @BMW E38 [FREE]/Anims/cfg/skeletons.anim.xml
22:41:50.41  ANIMATION (E): Failed to open file, line 0, column 0
22:41:50.41  ANIMATION (E): Can't load @Basic Map/Anims/cfg/skeletons.anim.xml
22:41:50.41  ANIMATION (E): Failed to open file, line 0, column 0
22:41:50.41  ANIMATION (E): Can't load @BaseBuildingPlus/Anims/cfg/skeletons.anim.xml
22:41:50.41  ANIMATION (E): Failed to open file, line 0, column 0
22:41:50.41  ANIMATION (E): Can't load @AutoCarFlip/Anims/cfg/skeletons.anim.xml
22:41:50.41  ANIMATION (E): Failed to open file, line 0, column 0
22:41:50.41  ANIMATION (E): Can't load @Armored Vehicle Pack/Anims/cfg/skeletons.anim.xml
22:41:50.41  ANIMATION (E): Failed to open file, line 0, column 0
22:41:50.41  ANIMATION (E): Can't load @[CrSk] VAZ-2107/Anims/cfg/skeletons.anim.xml
22:41:50.41  ANIMATION (E): Failed to open file, line 0, column 0
22:41:50.41  ANIMATION (E): Can't load @[CrSk] BMW 525i E34/Anims/cfg/skeletons.anim.xml
22:41:50.41  ANIMATION (E): Failed to open file, line 0, column 0
22:41:50.41  ANIMATION (E): Can't load @[CnG]VAZ_2109/Anims/cfg/skeletons.anim.xml
22:41:50.41  ANIMATION (E): Failed to open file, line 0, column 0
22:41:50.41  ANIMATION (E): Can't load @[CnG]UAZ_31514/Anims/cfg/skeletons.anim.xml
22:41:50.41  ANIMATION (E): Failed to open file, line 0, column 0
22:41:50.41  ANIMATION (E): Can't load @[CnG]UAZ_452/Anims/cfg/skeletons.anim.xml
22:41:50.41  ANIMATION (E): Failed to open file, line 0, column 0
22:41:50.41  ANIMATION (E): Can't load @Dabs Framework/Anims/cfg/skeletons.anim.xml
22:41:50.41  ANIMATION (E): Failed to open file, line 0, column 0
22:41:50.41  ANIMATION (E): Can't load @CF/Anims/cfg/skeletons.anim.xml
22:41:50.41  ANIMATION (E): Failed to open file, line 0, column 0
22:41:50.41  ANIMATION (E): Can't load sakhal/Anims/cfg/skeletons.anim.xml
22:41:50.41  ANIMATION (E): Failed to open file, line 0, column 0
22:41:52.541 SCRIPT    (W): @"HB_FlipVehicle/Scripts/4_World/classes\registeractions.c,28": Missing ';' at the end of line
22:41:52.562 SCRIPT    (W): @"script_a/Scripts/4_World/entities\creatures\infected\zombiebase.c,280": FIX-ME: Unmatched brackets detected!
22:41:52.563 SCRIPT    (W): @"script_a/Scripts/4_World/bipod\megagovno.c,5": FIX-ME: Missing function scope
22:41:52.563 SCRIPT    (W): @"script_a/Scripts/4_World/bipod\megagovno.c,13": FIX-ME: Missing function scope
22:41:52.563 SCRIPT    (W): @"script_a/Scripts/4_World/bipod\megagovno.c,15": FIX-ME: Missing function scope
22:41:52.564 SCRIPT    (W): @"script_a/Scripts/4_World/bipod\megagovno.c,17": FIX-ME: Missing function scope
22:41:52.564 SCRIPT    (W): @"script_a/Scripts/4_World/bipod\megagovno.c,46": FIX-ME: Missing function scope
22:41:52.564 SCRIPT    (W): @"script_a/Scripts/4_World/bipod\megagovno.c,54": FIX-ME: Missing function scope
22:41:52.564 SCRIPT    (W): @"script_a/Scripts/4_World/bipod\megagovno.c,56": FIX-ME: Missing function scope
22:41:52.564 SCRIPT    (W): @"script_a/Scripts/4_World/bipod\megagovno.c,58": FIX-ME: Missing function scope
22:41:52.564 SCRIPT    (W): @"script_a/Scripts/4_World/bipod\megagovno.c,99": FIX-ME: Missing function scope
22:41:52.565 SCRIPT    (W): @"script_a/Scripts/4_World/classes\useractionscomponent\actions\singleuse\action.c,16": FIX-ME: Missing function scope
22:41:52.565 SCRIPT    (W): @"script_a/Scripts/4_World/classes\useractionscomponent\actions\singleuse\action.c,74": FIX-ME: Missing function scope
22:41:52.565 SCRIPT    (W): @"script_a/Scripts/4_World/classes\useractionscomponent\actions\singleuse\action.c,131": FIX-ME: Missing function scope
22:41:52.802 SCRIPT    (W): @"script_a/Scripts/4_World/entities\itembase\weapon\weapon_base.c,3": FIX-ME: Overriding function 'IsBipodDeployed' but not marked as 'override'
22:41:52.811 SCRIPT    (W): @"CodeLock/scripts/4_world/entities\codelock.c,308": FIX-ME: Method argument can't be strong reference
22:41:52.823 SCRIPT    (W): @"kamaz_4310RUS\scripts\4_World/carscript_kamaz_4310rus_cabinmanipulte.c,8": FIX-ME: Overriding function 'IsCabinCanManipulate' but not marked as 'override'
22:41:52.823 SCRIPT    (W): @"kamaz_4310RUS\scripts\4_World/carscript_kamaz_4310rus_cabinmanipulte.c,13": FIX-ME: Overriding function 'GetCabinAnimationSource' but not marked as 'override'
22:41:52.823 SCRIPT    (W): @"kamaz_4310RUS\scripts\4_World/carscript_kamaz_4310rus_cabinmanipulte.c,18": FIX-ME: Overriding function 'IsCabinRised' but not marked as 'override'
22:41:52.823 SCRIPT    (W): @"kamaz_4310RUS\scripts\4_World/carscript_kamaz_4310rus_cabinmanipulte.c,23": FIX-ME: Overriding function 'IsPassengersInCabin' but not marked as 'override'
22:41:52.823 SCRIPT    (W): @"tractor_UMZ_RUS\scripts\4_World/carscript.c,4": FIX-ME: Overriding function 'HandleDoorsSound' but not marked as 'override'
22:41:52.896 SCRIPT    (W): @"script_a/Scripts/4_World/weapons\m14_dmr.c,151": FIX-ME: Overriding function 'AssembleGun' but not marked as 'override'
22:41:52.898 SCRIPT    (W): @"kamaz_4310RUS\scripts\4_World/static\miscgameplayfunctions.c,6": FIX-ME: Overriding function 'IsInsideCar' but not marked as 'override'
22:41:52.962 SCRIPT    (W): @"Jeep_Wnagler/scripts/Jeep_Wnagler/jeep_wnagler.c,171": FIX-ME: Overriding function 'GetDoorConditionPointFromSelection' but not marked as 'override'
22:41:52.968 SCRIPT    (W): @"SR_Weapons_Scripts/scripts/4_world/weapons\rsass.c,30": FIX-ME: Overriding function 'EEItemDetached' but not marked as 'override'
22:41:52.975 SCRIPT    (W): @"SR_Weapons_Scripts/scripts/4_world/weapons\scar_l.c,26": FIX-ME: Overriding function 'EEItemDetached' but not marked as 'override'
22:41:53.23  SCRIPT    (W): @"CodeLock/scripts/4_world/pluginmanager\pluginbase\permissions\codelockpermissionmanager.c,46": FIX-ME: Method argument can't be strong reference
22:41:53.35  SCRIPT    (W): @"script_a/Scripts/4_World/classes\useractionscomponent\actions\singleuse\action.c,180": Possible variable name conflict 'second_item_health'
22:41:53.39  SCRIPT    (W): @"SR_Weapons_Scripts/scripts/4_world/weapons\scar_h.c,26": FIX-ME: Overriding function 'EEItemDetached' but not marked as 'override'
22:41:53.41  SCRIPT    (W): @"script_a/Scripts/4_World/weapons\anzio20.c,321": FIX-ME: Overriding function 'AssembleGun' but not marked as 'override'
22:41:53.55  SCRIPT    (W): @"LAPV_tan/scripts/LAPV_tan/lapv_tan.c,270": FIX-ME: Overriding function 'GetDoorConditionPointFromSelection' but not marked as 'override'
22:41:53.82  SCRIPT    (W): @"script_a/Scripts/4_World/weapons\ak105_bullpup.c,48": FIX-ME: Overriding function 'AssembleGun' but not marked as 'override'
22:41:53.94  SCRIPT    (W): @"script_a/Scripts/4_World/weapons\m249.c,27": FIX-ME: Overriding function 'AssembleGun' but not marked as 'override'
22:41:53.96  SCRIPT    (W): @"script_a/Scripts/4_World/bipod\bipod_base.c,112": FIX-ME: Overriding function 'IsBipodInUse' but not marked as 'override'
22:41:53.100 SCRIPT    (W): @"script_a/Scripts/4_World/weapons\pkm.c,105": FIX-ME: Overriding function 'AssembleGun' but not marked as 'override'
22:41:53.137 SCRIPT    (W): @"script_a/Scripts/4_World/weapons\m14_dmr.c,86": FIX-ME: Overriding function 'AssembleGun' but not marked as 'override'
22:41:53.142 SCRIPT    (W): @"BaseBuildingPlus/scripts/4_World/basebuildingplusui\entites\manbase\playerbase.c,16": FIX-ME: Overriding function 'ToggleBookReading' but not marked as 'override'
22:41:53.143 SCRIPT    (W): @"BaseBuildingPlus/scripts/4_World/basebuildingplusui\entites\manbase\playerbase.c,20": FIX-ME: Overriding function 'IsReadingBook' but not marked as 'override'
22:41:53.157 SCRIPT    (W): @"Glowler_ITV/scripts/Glowler_ITV/glowler_itv.c,162": FIX-ME: Overriding function 'GetDoorConditionPointFromSelection' but not marked as 'override'
22:41:53.181 SCRIPT    (W): @"script_a/Scripts/4_World/weapons\pkm.c,252": FIX-ME: Overriding function 'AssembleGun' but not marked as 'override'
22:41:53.212 SCRIPT    (W): @"MRAP_Cougar/scripts/MRAP_Cougar/mrap_cougar.c,235": FIX-ME: Overriding function 'GetDoorConditionPointFromSelection' but not marked as 'override'
22:41:53.221 SCRIPT    (W): @"CodeLock/scripts/4_world/gui\setcodemenu.c,31": FIX-ME: Overriding function 'CheckState' but not marked as 'override'
22:41:53.231 SCRIPT    (W): @"LAPV_camo/scripts/LAPV_camo/lapv_camo.c,270": FIX-ME: Overriding function 'GetDoorConditionPointFromSelection' but not marked as 'override'
22:41:53.239 SCRIPT    (W): @"script_a/Scripts/4_World/entities\itembase\tf_burningshard.c,115": FIX-ME: Overriding function 'IsTakeable' but not marked as 'override'
22:41:53.239 SCRIPT    (W): @"script_a/Scripts/4_World/entities\itembase\tf_burningshard.c,120": FIX-ME: Overriding function 'CanHaveTemperature' but not marked as 'override'
22:41:53.259 SCRIPT    (W): @"WindstrideClothing/scripts/4_World/namalsk\frostbite.c,4": FIX-ME: Overriding function 'CheckSlotOfInterest' but not marked as 'override'
22:41:53.267 SCRIPT    (W): @"LAPV_green/scripts/LAPV_green/lapv_green.c,270": FIX-ME: Overriding function 'GetDoorConditionPointFromSelection' but not marked as 'override'
22:41:53.275 SCRIPT    (W): @"script_a/Scripts/4_World/bipod\bipod_base.c,102": FIX-ME: Overriding function 'IsBipodInUse' but not marked as 'override'
22:41:53.293 SCRIPT    (W): @"x5_2000\scripts\x5_2000/x5_2000.c,7": FIX-ME: Overriding function 'DashboardShineOn' but not marked as 'override'
22:41:53.294 SCRIPT    (W): @"x5_2000\scripts\x5_2000/x5_2000.c,31": FIX-ME: Overriding function 'DashboardShineOff' but not marked as 'override'
22:41:53.296 SCRIPT    (W): @"CodeLock/scripts/4_world/gui\guestcodemenu.c,29": FIX-ME: Overriding function 'SendRPC' but not marked as 'override'
22:41:53.301 SCRIPT    (W): @"script_a/Scripts/4_World/weapons\m240.c,27": FIX-ME: Overriding function 'AssembleGun' but not marked as 'override'
22:41:53.311 SCRIPT    (W): @"script_a/Scripts/4_World/bipod\bipod_base.c,93": FIX-ME: Overriding function 'IsBipodInUse' but not marked as 'override'
22:41:53.349 SCRIPT    (W): @"script_a/Scripts/4_World/bipod\bipod_base.c,84": FIX-ME: Overriding function 'IsBipodInUse' but not marked as 'override'
22:41:53.355 SCRIPT    (W): @"CodeLock/scripts/4_world/gui\claimcodemenu.c,27": FIX-ME: Overriding function 'SendRPC' but not marked as 'override'
22:41:53.362 SCRIPT    (W): @"LAPV/scripts/LAPV/lapv.c,270": FIX-ME: Overriding function 'GetDoorConditionPointFromSelection' but not marked as 'override'
22:41:53.369 SCRIPT    (W): @"CodeLock/scripts/4_world/gui\entercodemenu.c,37": FIX-ME: Overriding function 'SendRPC' but not marked as 'override'
22:41:55.713 SCRIPT    (W): @"CodeLock/scripts/4_world/actions\continuous\actiondestroycodelockontent.c,73": Possible variable name conflict '_Health'
22:41:55.769 SCRIPT    (W): @"CodeLock/scripts/4_world/actions\continuous\actiondestroycodelockonfence.c,67": Possible variable name conflict '_Health'
22:41:59.606 SCRIPT    (W): @"MBM_Apocalypse_Truck\scripts\4_World/entities\vehicle\apocalypsetruck.c,262": 'GetController' is obsolete: Use methods directly on Car
22:42:06.492 SCRIPT    (W): @"Dayz_Horse/Scripts/4_World/dayzplayerimplement.c,180": No need to use 'Cast' for up-casting
22:42:08.855 WORLD        : Create entity type 'headphones_base'
22:42:08.855  WORLD        : Create entity type 'PersonalRadio'
22:42:08.855   ENTITY    (E): Type 'Inventory_BaseType' must be inherited from class 'ItemTransmitterType'
22:42:11.447 PreloadAnimationSets
22:42:11.447  ANIMATION    : AnimSetInstance load @"{0F5E6205A5E823C3}dz/anims/workspaces/player/player_main/player_main.asi"
22:42:11.447   RESOURCES (E): Failed to open object @"SurvivorAnimsExtras/animations/extras/p_cro_CustomAction_01_in.anm"
22:42:11.447   RESOURCES (E): Failed to open object @"SurvivorAnimsExtras/animations/extras/p_cro_CustomAction_01_loop.anm"
22:42:11.447   RESOURCES (E): Failed to open object @"SurvivorAnimsExtras/animations/extras/p_cro_CustomAction_01_out.anm"
22:42:11.447   RESOURCES (E): Failed to open object @"SurvivorAnimsExtras/animations/extras/p_erc_CustomAction_01_in.anm"
22:42:11.447   RESOURCES (E): Failed to open object @"SurvivorAnimsExtras/animations/extras/p_erc_CustomAction_01_loop.anm"
22:42:11.447   RESOURCES (E): Failed to open object @"SurvivorAnimsExtras/animations/extras/p_erc_CustomAction_01_out.anm"
22:42:11.447   RESOURCES (E): Failed to open object @"SurvivorAnimsExtras/animations/extras/p_cro_CustomAction_02_in.anm"
22:42:11.447   RESOURCES (E): Failed to open object @"SurvivorAnimsExtras/animations/extras/p_cro_CustomAction_02_loop.anm"
22:42:11.447   RESOURCES (E): Failed to open object @"SurvivorAnimsExtras/animations/extras/p_cro_CustomAction_02_out.anm"
22:42:11.447   RESOURCES (E): Failed to open object @"SurvivorAnimsExtras/animations/extras/p_erc_CustomAction_02_in.anm"
22:42:11.447   RESOURCES (E): Failed to open object @"SurvivorAnimsExtras/animations/extras/p_erc_CustomAction_02_loop.anm"
22:42:11.447   RESOURCES (E): Failed to open object @"SurvivorAnimsExtras/animations/extras/p_erc_CustomAction_02_out.anm"
22:42:11.447   RESOURCES (E): Failed to open object @"SurvivorAnimsExtras/animations/extras/p_cro_FB_CustomAction_01_in.anm"
22:42:11.447   RESOURCES (E): Failed to open object @"SurvivorAnimsExtras/animations/extras/p_cro_FB_CustomAction_01_loop.anm"
22:42:11.447   RESOURCES (E): Failed to open object @"SurvivorAnimsExtras/animations/extras/p_cro_FB_CustomAction_01_out.anm"
22:42:11.447   RESOURCES (E): Failed to open object @"SurvivorAnimsExtras/animations/extras/p_erc_FB_CustomAction_01_in.anm"
22:42:11.447   RESOURCES (E): Failed to open object @"SurvivorAnimsExtras/animations/extras/p_erc_FB_CustomAction_01_loop.anm"
22:42:11.447   RESOURCES (E): Failed to open object @"SurvivorAnimsExtras/animations/extras/p_erc_FB_CustomAction_01_out.anm"
22:42:11.447   RESOURCES (E): Failed to open object @"SurvivorAnimsExtras/animations/extras/p_cro_FB_CustomAction_02_in.anm"
22:42:11.447   RESOURCES (E): Failed to open object @"SurvivorAnimsExtras/animations/extras/p_cro_FB_CustomAction_02_loop.anm"
22:42:11.447   RESOURCES (E): Failed to open object @"SurvivorAnimsExtras/animations/extras/p_cro_FB_CustomAction_02_out.anm"
22:42:11.447   RESOURCES (E): Failed to open object @"SurvivorAnimsExtras/animations/extras/p_erc_FB_CustomAction_02_in.anm"
22:42:11.447   RESOURCES (E): Failed to open object @"SurvivorAnimsExtras/animations/extras/p_erc_FB_CustomAction_02_loop.anm"
22:42:11.447   RESOURCES (E): Failed to open object @"SurvivorAnimsExtras/animations/extras/p_erc_FB_CustomAction_02_out.anm"
22:42:11.447   RESOURCES (E): Failed to open object @"SurvivorAnimsExtras/animations/extras/p_cro_FB_CustomAction_03_in.anm"
22:42:11.447   RESOURCES (E): Failed to open object @"SurvivorAnimsExtras/animations/extras/p_cro_FB_CustomAction_03_loop.anm"
22:42:11.447   RESOURCES (E): Failed to open object @"SurvivorAnimsExtras/animations/extras/p_cro_FB_CustomAction_03_out.anm"
22:42:11.447   RESOURCES (E): Failed to open object @"SurvivorAnimsExtras/animations/extras/p_erc_FB_CustomAction_03_in.anm"
22:42:11.447   RESOURCES (E): Failed to open object @"SurvivorAnimsExtras/animations/extras/p_erc_FB_CustomAction_03_loop.anm"
22:42:11.447   RESOURCES (E): Failed to open object @"SurvivorAnimsExtras/animations/extras/p_erc_FB_CustomAction_03_out.anm"
22:42:11.447   RESOURCES (E): Failed to open object @"SurvivorAnimsExtras/animations/extras/p_cro_FB_CustomAction_04_in.anm"
22:42:11.447   RESOURCES (E): Failed to open object @"SurvivorAnimsExtras/animations/extras/p_cro_FB_CustomAction_04_loop.anm"
22:42:11.447   RESOURCES (E): Failed to open object @"SurvivorAnimsExtras/animations/extras/p_cro_FB_CustomAction_04_out.anm"
22:42:11.447   RESOURCES (E): Failed to open object @"SurvivorAnimsExtras/animations/extras/p_erc_FB_CustomAction_04_in.anm"
22:42:11.448   RESOURCES (E): Failed to open object @"SurvivorAnimsExtras/animations/extras/p_erc_FB_CustomAction_04_loop.anm"
22:42:11.448   RESOURCES (E): Failed to open object @"SurvivorAnimsExtras/animations/extras/p_erc_FB_CustomAction_04_out.anm"
22:42:11.448   RESOURCES (E): Failed to open object @"SurvivorAnimsExtras/animations/extras/p_cro_FB_CustomAction_05_in.anm"
22:42:11.448   RESOURCES (E): Failed to open object @"SurvivorAnimsExtras/animations/extras/p_cro_FB_CustomAction_05_loop.anm"
22:42:11.448   RESOURCES (E): Failed to open object @"SurvivorAnimsExtras/animations/extras/p_cro_FB_CustomAction_05_out.anm"
22:42:11.448   RESOURCES (E): Failed to open object @"SurvivorAnimsExtras/animations/extras/p_erc_FB_CustomAction_05_in.anm"
22:42:11.448   RESOURCES (E): Failed to open object @"SurvivorAnimsExtras/animations/extras/p_erc_FB_CustomAction_05_loop.anm"
22:42:11.448   RESOURCES (E): Failed to open object @"SurvivorAnimsExtras/animations/extras/p_erc_FB_CustomAction_05_out.anm"
22:42:11.527   RESOURCES (E): Failed to open object @"SurvivorAnimsExtras/animations/extras/p_cro_CustomActionOnce_01.anm"
22:42:11.527   RESOURCES (E): Failed to open object @"SurvivorAnimsExtras/animations/extras/p_erc_CustomActionOnce_01.anm"
22:42:11.527   RESOURCES (E): Failed to open object @"SurvivorAnimsExtras/animations/extras/p_pne_FB_CustomActionOnce_01.anm"
22:42:11.527   RESOURCES (E): Failed to open object @"SurvivorAnimsExtras/animations/extras/p_cro_CustomActionOnce_02.anm"
22:42:11.527   RESOURCES (E): Failed to open object @"SurvivorAnimsExtras/animations/extras/p_erc_CustomActionOnce_02.anm"
22:42:11.527   RESOURCES (E): Failed to open object @"SurvivorAnimsExtras/animations/extras/p_pne_FB_CustomActionOnce_02.anm"
22:42:11.527   RESOURCES (E): Failed to open object @"SurvivorAnimsExtras/animations/extras/p_cro_CustomActionOnce_03.anm"
22:42:11.527   RESOURCES (E): Failed to open object @"SurvivorAnimsExtras/animations/extras/p_erc_CustomActionOnce_03.anm"
22:42:11.527   RESOURCES (E): Failed to open object @"SurvivorAnimsExtras/animations/extras/p_pne_FB_CustomActionOnce_03.anm"
22:42:11.527   RESOURCES (E): Failed to open object @"SurvivorAnimsExtras/animations/extras/p_cro_CustomActionOnce_04.anm"
22:42:11.527   RESOURCES (E): Failed to open object @"SurvivorAnimsExtras/animations/extras/p_erc_CustomActionOnce_04.anm"
22:42:11.527   RESOURCES (E): Failed to open object @"SurvivorAnimsExtras/animations/extras/p_pne_FB_CustomActionOnce_04.anm"
22:42:11.527   RESOURCES (E): Failed to open object @"SurvivorAnimsExtras/animations/extras/p_cro_CustomActionOnce_05.anm"
22:42:11.527   RESOURCES (E): Failed to open object @"SurvivorAnimsExtras/animations/extras/p_erc_CustomActionOnce_05.anm"
22:42:11.527   RESOURCES (E): Failed to open object @"SurvivorAnimsExtras/animations/extras/p_pne_FB_CustomActionOnce_05.anm"
22:42:11.785   RESOURCES (E): Failed to open object @"SurvivorAnimsExtras/animations/extras/p_erc_CustomEmote_01_in.anm"
22:42:11.785   RESOURCES (E): Failed to open object @"SurvivorAnimsExtras/animations/extras/p_erc_CustomEmote_01_loop.anm"
22:42:11.785   RESOURCES (E): Failed to open object @"SurvivorAnimsExtras/animations/extras/p_erc_CustomEmote_01_out.anm"
22:42:11.785   RESOURCES (E): Failed to open object @"SurvivorAnimsExtras/animations/extras/p_erc_CustomEmote_02_in.anm"
22:42:11.785   RESOURCES (E): Failed to open object @"SurvivorAnimsExtras/animations/extras/p_erc_CustomEmote_02_loop.anm"
22:42:11.785   RESOURCES (E): Failed to open object @"SurvivorAnimsExtras/animations/extras/p_erc_CustomEmote_02_out.anm"
22:42:11.785   RESOURCES (E): Failed to open object @"SurvivorAnimsExtras/animations/extras/p_erc_CustomEmote_03_in.anm"
22:42:11.785   RESOURCES (E): Failed to open object @"SurvivorAnimsExtras/animations/extras/p_erc_CustomEmote_03_loop.anm"
22:42:11.785   RESOURCES (E): Failed to open object @"SurvivorAnimsExtras/animations/extras/p_erc_CustomEmote_03_out.anm"
22:42:11.785   RESOURCES (E): Failed to open object @"SurvivorAnimsExtras/animations/extras/p_erc_CustomEmote_04_in.anm"
22:42:11.785   RESOURCES (E): Failed to open object @"SurvivorAnimsExtras/animations/extras/p_erc_CustomEmote_04_loop.anm"
22:42:11.785   RESOURCES (E): Failed to open object @"SurvivorAnimsExtras/animations/extras/p_erc_CustomEmote_04_out.anm"
22:42:11.785   RESOURCES (E): Failed to open object @"SurvivorAnimsExtras/animations/extras/p_erc_CustomEmote_05_in.anm"
22:42:11.785   RESOURCES (E): Failed to open object @"SurvivorAnimsExtras/animations/extras/p_erc_CustomEmote_05_loop.anm"
22:42:11.785   RESOURCES (E): Failed to open object @"SurvivorAnimsExtras/animations/extras/p_erc_CustomEmote_05_out.anm"
22:42:11.785   RESOURCES (E): Failed to open object @"SurvivorAnimsExtras/animations/extras/p_erc_CustomEmote_06_in.anm"
22:42:11.785   RESOURCES (E): Failed to open object @"SurvivorAnimsExtras/animations/extras/p_erc_CustomEmote_06_loop.anm"
22:42:11.785   RESOURCES (E): Failed to open object @"SurvivorAnimsExtras/animations/extras/p_erc_CustomEmote_06_out.anm"
22:42:11.785   RESOURCES (E): Failed to open object @"SurvivorAnimsExtras/animations/extras/p_erc_CustomEmote_07_in.anm"
22:42:11.785   RESOURCES (E): Failed to open object @"SurvivorAnimsExtras/animations/extras/p_erc_CustomEmote_07_loop.anm"
22:42:11.785   RESOURCES (E): Failed to open object @"SurvivorAnimsExtras/animations/extras/p_erc_CustomEmote_07_out.anm"
22:42:11.785   RESOURCES (E): Failed to open object @"SurvivorAnimsExtras/animations/extras/p_erc_CustomEmote_08_in.anm"
22:42:11.785   RESOURCES (E): Failed to open object @"SurvivorAnimsExtras/animations/extras/p_erc_CustomEmote_08_loop.anm"
22:42:11.785   RESOURCES (E): Failed to open object @"SurvivorAnimsExtras/animations/extras/p_erc_CustomEmote_08_out.anm"
22:42:11.785   RESOURCES (E): Failed to open object @"SurvivorAnimsExtras/animations/extras/p_erc_CustomEmote_09_in.anm"
22:42:11.785   RESOURCES (E): Failed to open object @"SurvivorAnimsExtras/animations/extras/p_erc_CustomEmote_09_loop.anm"
22:42:11.785   RESOURCES (E): Failed to open object @"SurvivorAnimsExtras/animations/extras/p_erc_CustomEmote_09_out.anm"
22:42:11.785   RESOURCES (E): Failed to open object @"SurvivorAnimsExtras/animations/extras/p_erc_CustomEmote_10_in.anm"
22:42:11.785   RESOURCES (E): Failed to open object @"SurvivorAnimsExtras/animations/extras/p_erc_CustomEmote_10_loop.anm"
22:42:11.785   RESOURCES (E): Failed to open object @"SurvivorAnimsExtras/animations/extras/p_erc_CustomEmote_10_out.anm"
22:42:11.785   RESOURCES (E): Failed to open object @"SurvivorAnimsExtras/animations/extras/p_erc_CustomEmote_11_in.anm"
22:42:11.785   RESOURCES (E): Failed to open object @"SurvivorAnimsExtras/animations/extras/p_erc_CustomEmote_11_loop.anm"
22:42:11.785   RESOURCES (E): Failed to open object @"SurvivorAnimsExtras/animations/extras/p_erc_CustomEmote_11_out.anm"
22:42:11.785   RESOURCES (E): Failed to open object @"SurvivorAnimsExtras/animations/extras/p_erc_CustomEmote_12_in.anm"
22:42:11.786   RESOURCES (E): Failed to open object @"SurvivorAnimsExtras/animations/extras/p_erc_CustomEmote_12_loop.anm"
22:42:11.786   RESOURCES (E): Failed to open object @"SurvivorAnimsExtras/animations/extras/p_erc_CustomEmote_12_out.anm"
22:42:11.786   RESOURCES (E): Failed to open object @"SurvivorAnimsExtras/animations/extras/p_erc_CustomEmote_13_in.anm"
22:42:11.786   RESOURCES (E): Failed to open object @"SurvivorAnimsExtras/animations/extras/p_erc_CustomEmote_13_loop.anm"
22:42:11.786   RESOURCES (E): Failed to open object @"SurvivorAnimsExtras/animations/extras/p_erc_CustomEmote_13_out.anm"
22:42:11.786   RESOURCES (E): Failed to open object @"SurvivorAnimsExtras/animations/extras/p_erc_CustomEmote_14_in.anm"
22:42:11.786   RESOURCES (E): Failed to open object @"SurvivorAnimsExtras/animations/extras/p_erc_CustomEmote_14_loop.anm"
22:42:11.786   RESOURCES (E): Failed to open object @"SurvivorAnimsExtras/animations/extras/p_erc_CustomEmote_14_out.anm"
22:42:11.786   RESOURCES (E): Failed to open object @"SurvivorAnimsExtras/animations/extras/p_erc_CustomEmote_15_in.anm"
22:42:11.786   RESOURCES (E): Failed to open object @"SurvivorAnimsExtras/animations/extras/p_erc_CustomEmote_15_loop.anm"
22:42:11.786   RESOURCES (E): Failed to open object @"SurvivorAnimsExtras/animations/extras/p_erc_CustomEmote_15_out.anm"
22:42:11.786   RESOURCES (E): Failed to open object @"SurvivorAnimsExtras/animations/extras/p_erc_CustomEmote_16_in.anm"
22:42:11.786   RESOURCES (E): Failed to open object @"SurvivorAnimsExtras/animations/extras/p_erc_CustomEmote_16_loop.anm"
22:42:11.786   RESOURCES (E): Failed to open object @"SurvivorAnimsExtras/animations/extras/p_erc_CustomEmote_16_out.anm"
22:42:11.824   RESOURCES (E): Failed to open object @"SurvivorAnimsExtras/animations/extras/p_cro_CustomEmoteOnce_01.anm"
22:42:11.824   RESOURCES (E): Failed to open object @"SurvivorAnimsExtras/animations/extras/p_erc_CustomEmoteOnce_01.anm"
22:42:11.824   RESOURCES (E): Failed to open object @"SurvivorAnimsExtras/animations/extras/p_pne_CustomEmoteOnce_01.anm"
22:42:11.824   RESOURCES (E): Failed to open object @"SurvivorAnimsExtras/animations/extras/p_erc_CustomEmoteOnce_02.anm"
22:42:11.824   RESOURCES (E): Failed to open object @"SurvivorAnimsExtras/animations/extras/p_erc_CustomEmoteOnce_03.anm"
22:42:11.824   RESOURCES (E): Failed to open object @"SurvivorAnimsExtras/animations/extras/p_erc_CustomEmoteOnce_04.anm"
22:42:11.824   RESOURCES (E): Failed to open object @"SurvivorAnimsExtras/animations/extras/p_erc_CustomEmoteOnce_05.anm"
22:42:11.824   RESOURCES (E): Failed to open object @"SurvivorAnimsExtras/animations/extras/p_erc_CustomEmoteOnce_06.anm"
22:42:11.824   RESOURCES (E): Failed to open object @"SurvivorAnimsExtras/animations/extras/p_erc_CustomEmoteOnce_07.anm"
22:42:11.824   RESOURCES (E): Failed to open object @"SurvivorAnimsExtras/animations/extras/p_erc_CustomEmoteOnce_08.anm"
22:42:11.824   RESOURCES (E): Failed to open object @"SurvivorAnimsExtras/animations/extras/p_erc_CustomEmoteOnce_09.anm"
22:42:11.824   RESOURCES (E): Failed to open object @"SurvivorAnimsExtras/animations/extras/p_erc_CustomEmoteOnce_10.anm"
22:42:11.824   RESOURCES (E): Failed to open object @"SurvivorAnimsExtras/animations/extras/p_cro_FB_CustomEmoteOnce_01.anm"
22:42:11.824   RESOURCES (E): Failed to open object @"SurvivorAnimsExtras/animations/extras/p_erc_FB_CustomEmoteOnce_01.anm"
22:42:11.824   RESOURCES (E): Failed to open object @"SurvivorAnimsExtras/animations/extras/p_pne_FB_CustomEmoteOnce_01.anm"
22:42:13.878 Hostname of server: "SVOBODA DayZ"
22:42:14.629 NETWORK      : Network simulation
22:42:14.629  Loading landscape 'namalsk'
22:42:14.629   WORLD        : Create entity type 'Land_pas_amps_solo'
22:42:14.629    ENTITY    (E): Type 'HouseType' must be inherited from class 'PASReceiverType'
22:42:14.807   ENTITY       : Load entity type 'land_seb_garage'
22:42:14.807    ENTITY    (W): Door 'doorstwin1' is missing geometry components for selection 'doorstwin1', check model+config
22:42:14.812   ENTITY       : Load entity type 'Land_Container_1Aoh'
22:42:14.812    ENTITY    (W): Door 'DoorsTwin1' is missing geometry components for selection 'DoorsTwin1', check model+config
22:42:14.813   WORLD        : Create entity type 'Land_radio_panelpas'
22:42:14.813    ENTITY    (E): Type 'HouseType' must be inherited from class 'PASBroadcasterType'
22:42:14.825   ENTITY       : Load entity type 'Land_Factory_Small'
22:42:14.825    ENTITY    (W): Door 'DoorsTwin1' is missing geometry components for selection 'DoorsTwin1', check model+config
22:42:14.825    ENTITY    (W): Door 'DoorsTwin2' is missing geometry components for selection 'DoorsTwin2', check model+config
22:42:14.844   ENTITY       : Load entity type 'Land_Container_1Bo'
22:42:14.844    ENTITY    (W): Door 'DoorsTwin1' is missing geometry components for selection 'DoorsTwin1', check model+config
22:42:14.844    ENTITY    (W): Door 'DoorsTwin2' is missing geometry components for selection 'DoorsTwin2', check model+config
22:42:14.845   ENTITY       : Load entity type 'land_budova2_winter'
22:42:14.845    ENTITY    (W): Door 'DoorsTwin1' is missing geometry components for selection 'DoorsTwin1', check model+config
22:42:14.879   ENTITY       : Load entity type 'Land_Container_1Mo'
22:42:14.879    ENTITY    (W): Door 'DoorsTwin1' is missing geometry components for selection 'DoorsTwin1', check model+config
22:42:14.879    ENTITY    (W): Door 'DoorsTwin2' is missing geometry components for selection 'DoorsTwin2', check model+config
22:42:14.882   ENTITY       : Load entity type 'land_budova1_winter'
22:42:14.882    ENTITY    (W): Door 'DoorsTwin1' is missing geometry components for selection 'DoorsTwin1', check model+config
22:42:14.902   WORLD        : Create entity type 'Land_radio_panelbig'
22:42:14.902    ENTITY    (E): Type 'HouseType' must be inherited from class 'StaticTransmitterType'
22:42:14.926   ENTITY       : Load entity type 'land_vys_budova_p1'
22:42:14.926    ENTITY    (W): Unknown object class 'thing' (dz\structures\furniture\eletrical_appliances\washing_machine\washing_machine.p3d)
22:42:14.927    ENTITY    (W): Unknown object class 'thing' (dz\structures\furniture\eletrical_appliances\washing_machine\washing_machine.p3d)
22:42:14.928    ENTITY    (W): Unknown object class 'thing' (dz\structures\furniture\eletrical_appliances\washing_machine\washing_machine.p3d)
22:42:14.946   ENTITY       : Load entity type 'Land_Mil_Barracks3'
22:42:14.946    ENTITY    (W): Door 'DoorsTwin1' is missing geometry components for selection 'DoorsTwin1', check model+config
22:42:14.948   ENTITY       : Load entity type 'land_budova3'
22:42:14.948    ENTITY    (W): Door 'doorstwin1' is missing geometry components for selection 'doorstwin1', check model+config
22:42:14.955   ENTITY       : Load entity type 'Land_Mil_Barracks1'
22:42:14.955    ENTITY    (W): Door 'DoorsTwin1' is missing geometry components for selection 'DoorsTwin1', check model+config
22:42:15.35    ENTITY       : Load entity type 'Land_Garage_Small'
22:42:15.35     ENTITY    (W): Door 'DoorsTwin1' is missing geometry components for selection 'DoorsTwin1', check model+config
22:42:15.52    ENTITY       : Load entity type 'Land_Mil_Barracks5'
22:42:15.52     ENTITY    (W): Door 'DoorsTwin1' is missing geometry components for selection 'DoorsTwin1', check model+config
22:42:15.158   ENTITY       : Load entity type 'Land_Workshop2'
22:42:15.158    ENTITY    (W): Door 'DoorsTwin1' is missing geometry components for selection 'DoorsTwin1', check model+config
22:42:15.178   ENTITY       : Load entity type 'Land_Wreck_S1023_Beige'
22:42:15.178    ENTITY    (W): Door 'DoorsTwin1' is missing geometry components for selection 'DoorsTwin1', check model+config
22:42:15.226   ENTITY       : Load entity type 'Land_Wreck_S1023_Blue'
22:42:15.226    ENTITY    (W): Door 'DoorsTwin1' is missing geometry components for selection 'DoorsTwin1', check model+config
22:42:15.226   ENTITY    (W): Unknown object class 'pond' (nst\ns\water\lakewater_still.p3d)
22:42:15.315   ENTITY       : Load entity type 'Land_CementWorks_Hall2_Brick'
22:42:15.315    ENTITY    (W): Door 'DoorsTwin1' is missing geometry components for selection 'DoorsTwin1', check model+config
22:42:15.328   ENTITY       : Load entity type 'Land_Workshop3'
22:42:15.328    ENTITY    (W): Door 'DoorsTwin1' is missing geometry components for selection 'DoorsTwin1', check model+config
22:42:15.328    ENTITY    (W): Door 'DoorsTwin2' is missing geometry components for selection 'DoorsTwin2', check model+config
22:42:15.345   ENTITY       : Load entity type 'Land_Workshop4'
22:42:15.345    ENTITY    (W): Door 'DoorsTwin1' is missing geometry components for selection 'DoorsTwin1', check model+config
22:42:15.378   ENTITY       : Load entity type 'Land_Workshop1'
22:42:15.378    ENTITY    (W): Door 'DoorsTwin1' is missing geometry components for selection 'DoorsTwin1', check model+config
22:42:15.413   ENTITY       : Load entity type 'Land_Airfield_Small_Control'
22:42:15.413    ENTITY    (W): Unknown object class 'thing' (dz\structures\furniture\eletrical_appliances\washing_machine\washing_machine.p3d)
22:42:15.414    ENTITY    (W): Unknown object class 'thing' (dz\structures\furniture\eletrical_appliances\washing_machine\washing_machine.p3d)
22:42:15.415    ENTITY    (W): Unknown object class 'thing' (dz\structures\furniture\eletrical_appliances\washing_machine\washing_machine.p3d)
22:42:15.415    ENTITY    (W): Unknown object class 'thing' (dz\structures\furniture\eletrical_appliances\washing_machine\washing_machine.p3d)
22:42:15.426   ENTITY    (W): Unknown object class 'pond' (dz\water_sakhal\ice_lake\sakhal_50x50_ice_lake_clear.p3d)
22:42:15.477   ENTITY       : Load entity type 'Land_Office2'
22:42:15.477    ENTITY    (W): Door 'DoorsTwin1' is missing geometry components for selection 'DoorsTwin1', check model+config
22:42:15.477    ENTITY    (W): Door 'DoorsTwin2' is missing geometry components for selection 'DoorsTwin2', check model+config
22:42:15.477    ENTITY    (W): Door 'DoorsTwin3' is missing geometry components for selection 'DoorsTwin3', check model+config
22:42:15.477    ENTITY    (W): Door 'DoorsTwin4' is missing geometry components for selection 'DoorsTwin4', check model+config
22:42:15.477    ENTITY    (W): Door 'DoorsTwin5' is missing geometry components for selection 'DoorsTwin5', check model+config
22:42:15.496   ENTITY       : Load entity type 'Land_City_Hospital'
22:42:15.496    ENTITY    (W): Door 'DoorsTwin1' is missing geometry components for selection 'DoorsTwin1', check model+config
22:42:15.530   ENTITY       : Load entity type 'Land_Office1'
22:42:15.530    ENTITY    (W): Door 'DoorsTwin1' is missing geometry components for selection 'DoorsTwin1', check model+config
22:42:15.530    ENTITY    (W): Door 'DoorsTwin2' is missing geometry components for selection 'DoorsTwin2', check model+config
22:42:15.530    ENTITY    (W): Door 'DoorsTwin3' is missing geometry components for selection 'DoorsTwin3', check model+config
22:42:15.530    ENTITY    (W): Door 'DoorsTwin4' is missing geometry components for selection 'DoorsTwin4', check model+config
22:42:15.530    ENTITY    (W): Door 'DoorsTwin5' is missing geometry components for selection 'DoorsTwin5', check model+config
22:42:15.530    ENTITY    (W): Door 'DoorsTwin6' is missing geometry components for selection 'DoorsTwin6', check model+config
22:42:15.530    ENTITY    (W): Door 'DoorsTwin7' is missing geometry components for selection 'DoorsTwin7', check model+config
22:42:15.554   ENTITY       : Load entity type 'Land_Container_1Moh'
22:42:15.554    ENTITY    (W): Door 'DoorsTwin1' is missing geometry components for selection 'DoorsTwin1', check model+config
22:42:15.584   ENTITY    (W): Unknown object class 'pond' (nst\ns\water\lakewater.p3d)
22:42:15.753   ENTITY       : Load entity type 'Land_Garage_Row_Small'
22:42:15.753    ENTITY    (W): Door 'DoorsTwin1' is missing geometry components for selection 'DoorsTwin1', check model+config
22:42:15.753    ENTITY    (W): Door 'DoorsTwin2' is missing geometry components for selection 'DoorsTwin2', check model+config
22:42:15.753    ENTITY    (W): Door 'DoorsTwin3' is missing geometry components for selection 'DoorsTwin3', check model+config
22:42:15.783   ENTITY       : Load entity type 'Land_City_Store_WithStairs'
22:42:15.783    ENTITY    (W): Door 'DoorsTwin1' is missing geometry components for selection 'DoorsTwin1', check model+config
22:42:15.783    ENTITY    (W): Door 'DoorsTwin2' is missing geometry components for selection 'DoorsTwin2', check model+config
22:42:15.783    ENTITY    (W): Door 'DoorsTwin3' is missing geometry components for selection 'DoorsTwin3', check model+config
22:42:15.783    ENTITY    (W): Door 'DoorsTwin4' is missing geometry components for selection 'DoorsTwin4', check model+config
22:42:15.783    ENTITY    (W): Door 'DoorsTwin5' is missing geometry components for selection 'DoorsTwin5', check model+config
22:42:15.788   ENTITY       : Load entity type 'land_vor_apartment_high_2'
22:42:15.788    ENTITY    (W): Door 'doorstwin1' is missing geometry components for selection 'doorstwin1', check model+config
22:42:15.803   ENTITY       : Load entity type 'Land_Tenement_Small'
22:42:15.803    ENTITY    (W): Unknown object class 'thing' (dz\structures\furniture\eletrical_appliances\washing_machine\washing_machine.p3d)
22:42:15.803    ENTITY    (W): Unknown object class 'thing' (dz\structures\furniture\eletrical_appliances\washing_machine\washing_machine.p3d)
22:42:15.803    ENTITY    (W): Unknown object class 'thing' (dz\structures\furniture\eletrical_appliances\washing_machine\washing_machine.p3d)
22:42:15.804    ENTITY    (W): Unknown object class 'thing' (dz\structures\furniture\eletrical_appliances\washing_machine\washing_machine.p3d)
22:42:15.804    ENTITY    (W): Unknown object class 'thing' (dz\structures\furniture\eletrical_appliances\washing_machine\washing_machine.p3d)
22:42:15.804    ENTITY    (W): Unknown object class 'thing' (dz\structures\furniture\eletrical_appliances\washing_machine\washing_machine.p3d)
22:42:15.804    ENTITY    (W): Unknown object class 'thing' (dz\structures\furniture\eletrical_appliances\washing_machine\washing_machine.p3d)
22:42:15.888   ENTITY       : Load entity type 'Land_House_2W04'
22:42:15.888    ENTITY    (W): Door 'DoorsTwin1' is missing geometry components for selection 'DoorsTwin1', check model+config
22:42:15.901   ENTITY       : Load entity type 'Land_House_1W08_Brown'
22:42:15.901    ENTITY    (W): Unknown object class 'thing' (dz\structures\furniture\eletrical_appliances\washing_machine\washing_machine.p3d)
22:42:15.901    ENTITY    (W): Unknown object class 'thing' (dz\structures\furniture\eletrical_appliances\washing_machine\washing_machine.p3d)
22:42:15.901    ENTITY    (W): Unknown object class 'thing' (dz\structures\furniture\eletrical_appliances\washing_machine\washing_machine.p3d)
22:42:15.966   ENTITY    (W): Unknown object class 'pond' (dz\water_sakhal\ice_lake\sakhal_50x50_ice_lake_clear.p3d)
22:42:16.20    ENTITY       : Load entity type 'Land_Tenement_Big'
22:42:16.20     ENTITY    (W): Unknown object class 'thing' (dz\structures\furniture\eletrical_appliances\washing_machine\washing_machine.p3d)
22:42:16.20     ENTITY    (W): Unknown object class 'thing' (dz\structures\furniture\eletrical_appliances\washing_machine\washing_machine.p3d)
22:42:16.20     ENTITY    (W): Unknown object class 'thing' (dz\structures\furniture\eletrical_appliances\washing_machine\washing_machine.p3d)
22:42:16.20     ENTITY    (W): Unknown object class 'thing' (dz\structures\furniture\eletrical_appliances\washing_machine\washing_machine.p3d)
22:42:16.20     ENTITY    (W): Unknown object class 'thing' (dz\structures\furniture\eletrical_appliances\washing_machine\washing_machine.p3d)
22:42:16.20     ENTITY    (W): Unknown object class 'thing' (dz\structures\furniture\eletrical_appliances\washing_machine\washing_machine.p3d)
22:42:16.21     ENTITY    (W): Unknown object class 'thing' (dz\structures\furniture\eletrical_appliances\washing_machine\washing_machine.p3d)
22:42:16.22     ENTITY    (W): Unknown object class 'thing' (dz\structures\furniture\eletrical_appliances\washing_machine\washing_machine.p3d)
22:42:16.22     ENTITY    (W): Unknown object class 'thing' (dz\structures\furniture\eletrical_appliances\washing_machine\washing_machine.p3d)
22:42:18.540  SCRIPT    (W): @"HB_FlipVehicle/Scripts/5_Mission/missiongameplay.c,93": Missing ';' at the end of line
22:42:18.573  SCRIPT    (W): @"HB_FlipVehicle/Scripts/5_Mission/missiongameplay.c,9": FIX-ME: Method argument can't be strong reference
22:42:18.573  SCRIPT    (W): @"HB_FlipVehicle/Scripts/5_Mission/missiongameplay.c,9": FIX-ME: Method argument can't be strong reference
22:42:18.573  SCRIPT    (W): @"HB_FlipVehicle/Scripts/5_Mission/missiongameplay.c,9": FIX-ME: Method argument can't be strong reference
22:42:18.607  SCRIPT    (W): @"WindstrideClothing/scripts/5_Mission/windstride\namalsk\playercontainer.c,4": FIX-ME: Overriding function 'CheckSlotOfInterest' but not marked as 'override'
22:42:21.71   SCRIPT    (W): scripts/3_Game/undergroundarealoader.c:138 | SpawnAllTriggerCarriers | [WARNING] :: [UndergroundAreaLoader GetData()] :: file not found in MISSION folder, your path is $mission:cfgundergroundtriggers.json Attempting DATA folder
22:42:21.71   SCRIPT    (W): scripts/3_Game/undergroundarealoader.c:138 | SpawnAllTriggerCarriers | [WARNING] :: [UndergroundAreaLoader GetData()] ::file not found in DATA folder, your path is dz/worlds/namalsk/ce/cfgundergroundtriggers.json
22:42:21.246 [CE][Hive] :: Initializing OFFLINE
22:42:21.246 [StorageDirs] :: Selected storage directory: G:\SteamLibrary\steamapps\common\DayZServer\mpmissions\regular.namalsk\storage_4\
22:42:21.246 [CE][Hive] :: Loading core data ... 
22:42:21.247 [CE][CoreData] :: 8 root classes, 0 defaults, 0 updaters...
22:42:21.272 [CE][offlineDB] :: Conversion of characters started.
22:42:21.280 [CE][offlineDB] :: Processing 0 players.
22:42:21.280 [CE][offlineDB] :: Conversion of characters successfully completed.
22:42:21.391  ENTITY       : Load entity type 'Land_House_2W02'
22:42:21.391   ENTITY    (W): Door 'DoorsTwin1' is missing geometry components for selection 'DoorsTwin1', check model+config
22:42:21.419  ENTITY    (W): Unknown object class 'pond' (dz\water_sakhal\ice_lake\sakhal_50x50_ice_lake_clear.p3d)
22:42:21.442 [CE][Hive] :: Loading map data ... 
22:42:35.888 [CE][TypeSetup] :: 601 classes setuped...
22:42:46.432 [CE][RegisterBind] :: 0 classes binded...
22:42:46.432 [CE][RegisterConfig] :: 20793 config classes registered, 0 sub-counters...
22:42:46.432 [CE][Hive] :: Loading map data ... 
22:42:46.517 [CE][LoadPrototype] :: loaded 256 prototypes
22:42:46.517   404 containers, 7415 points
22:42:46.517   1 dispatches, 1 proxies
22:42:46.517 !!! [CE][LoadPrototype] 1 groups have wrong points...
22:42:46.517 [CE][LoadPrototype] :: last group name: land_frozen_person...
22:42:46.522 [CE][LoadPrototype] :: loaded 0 prototypes
22:42:46.522   38 containers, 66 points
22:42:46.522   0 dispatches, 0 proxies
22:42:46.522 [CE][LoadPrototype] :: last group name: StoneLoc38...
22:42:46.564 [CE][LoadMap] "Group" :: loaded 1445 groups, groups failed: 0, largest group range: 36.4
22:42:46.565 [CE][LoadMap] "Dirt" :: loaded 0 groups, groups failed: 0, largest group range: 36.4
22:42:46.572 [CE][Links] found 472 total links between groups, of 1445
22:42:46.572 [CE][LoadClusters] "Cluster" :: Loading files...
22:42:46.584 [CE][LoadClusters] :: file: "mapgroupcluster.xml", 1 types, 2418 instances
22:42:46.585 [CE][Storage] ver:0 stamp:0, valid:NO, name:"G:\SteamLibrary\steamapps\common\DayZServer\mpmissions\regular.namalsk\storage_4\data\types.bin"
22:42:46.585 [CE][Storage] ver:0 stamp:0, valid:NO, name:"G:\SteamLibrary\steamapps\common\DayZServer\mpmissions\regular.namalsk\storage_4\data\types.001"
22:42:46.586 [CE][Storage] ver:0 stamp:0, valid:NO, name:"G:\SteamLibrary\steamapps\common\DayZServer\mpmissions\regular.namalsk\storage_4\data\types.002"
22:42:46.588 [CE][offlineDB] :: Loaded 23 dynamic events 177 total types.
22:42:46.619 !!! [CE][offlineDB] :: Type 'ChristmasTree' will be ignored. (Not spawnable. (Scope is not public?))
22:42:46.631 [CE][DE][SPAWNS] :: Total positions: 711
22:42:46.631 [CE][DE][GROUPS] :: Total eventgroups defined: 0, Eventgroups in use: 0
22:42:46.631 [CE][Storage] ver:0 stamp:0, valid:NO, name:"G:\SteamLibrary\steamapps\common\DayZServer\mpmissions\regular.namalsk\storage_4\data\events.bin"
22:42:46.631 [CE][Storage] ver:0 stamp:0, valid:NO, name:"G:\SteamLibrary\steamapps\common\DayZServer\mpmissions\regular.namalsk\storage_4\data\events.001"
22:42:46.631 [CE][Storage] ver:0 stamp:0, valid:NO, name:"G:\SteamLibrary\steamapps\common\DayZServer\mpmissions\regular.namalsk\storage_4\data\events.002"
22:42:46.631 [CE][Storage] ver:0 stamp:0, valid:NO, name:"G:\SteamLibrary\steamapps\common\DayZServer\mpmissions\regular.namalsk\storage_4\data\dynamic_000.bin"
22:42:46.632 [CE][Storage] ver:0 stamp:0, valid:NO, name:"G:\SteamLibrary\steamapps\common\DayZServer\mpmissions\regular.namalsk\storage_4\data\dynamic_000.001"
22:42:46.632 [CE][Storage] ver:0 stamp:0, valid:NO, name:"G:\SteamLibrary\steamapps\common\DayZServer\mpmissions\regular.namalsk\storage_4\data\dynamic_000.002"
22:42:46.632 [CE][Storage] ver:0 stamp:0, valid:NO, name:"G:\SteamLibrary\steamapps\common\DayZServer\mpmissions\regular.namalsk\storage_4\data\dynamic_001.bin"
22:42:46.632 [CE][Storage] ver:0 stamp:0, valid:NO, name:"G:\SteamLibrary\steamapps\common\DayZServer\mpmissions\regular.namalsk\storage_4\data\dynamic_001.001"
22:42:46.632 [CE][Storage] ver:0 stamp:0, valid:NO, name:"G:\SteamLibrary\steamapps\common\DayZServer\mpmissions\regular.namalsk\storage_4\data\dynamic_001.002"
22:42:46.633 [CE][Storage] ver:0 stamp:0, valid:NO, name:"G:\SteamLibrary\steamapps\common\DayZServer\mpmissions\regular.namalsk\storage_4\data\dynamic_002.bin"
22:42:46.633 [CE][Storage] ver:0 stamp:0, valid:NO, name:"G:\SteamLibrary\steamapps\common\DayZServer\mpmissions\regular.namalsk\storage_4\data\dynamic_002.001"
22:42:46.633 [CE][Storage] ver:0 stamp:0, valid:NO, name:"G:\SteamLibrary\steamapps\common\DayZServer\mpmissions\regular.namalsk\storage_4\data\dynamic_002.002"
22:42:46.633 [CE][Storage] ver:0 stamp:0, valid:NO, name:"G:\SteamLibrary\steamapps\common\DayZServer\mpmissions\regular.namalsk\storage_4\data\dynamic_003.bin"
22:42:46.633 [CE][Storage] ver:0 stamp:0, valid:NO, name:"G:\SteamLibrary\steamapps\common\DayZServer\mpmissions\regular.namalsk\storage_4\data\dynamic_003.001"
22:42:46.634 [CE][Storage] ver:0 stamp:0, valid:NO, name:"G:\SteamLibrary\steamapps\common\DayZServer\mpmissions\regular.namalsk\storage_4\data\dynamic_003.002"
22:42:46.634 [CE][Storage] ver:0 stamp:0, valid:NO, name:"G:\SteamLibrary\steamapps\common\DayZServer\mpmissions\regular.namalsk\storage_4\data\dynamic_004.bin"
22:42:46.634 [CE][Storage] ver:0 stamp:0, valid:NO, name:"G:\SteamLibrary\steamapps\common\DayZServer\mpmissions\regular.namalsk\storage_4\data\dynamic_004.001"
22:42:46.635 [CE][Storage] ver:0 stamp:0, valid:NO, name:"G:\SteamLibrary\steamapps\common\DayZServer\mpmissions\regular.namalsk\storage_4\data\dynamic_004.002"
22:42:46.635 [CE][Storage] ver:0 stamp:0, valid:NO, name:"G:\SteamLibrary\steamapps\common\DayZServer\mpmissions\regular.namalsk\storage_4\data\dynamic_005.bin"
22:42:46.635 [CE][Storage] ver:0 stamp:0, valid:NO, name:"G:\SteamLibrary\steamapps\common\DayZServer\mpmissions\regular.namalsk\storage_4\data\dynamic_005.001"
22:42:46.635 [CE][Storage] ver:0 stamp:0, valid:NO, name:"G:\SteamLibrary\steamapps\common\DayZServer\mpmissions\regular.namalsk\storage_4\data\dynamic_005.002"
22:42:46.636 [CE][Storage] ver:0 stamp:0, valid:NO, name:"G:\SteamLibrary\steamapps\common\DayZServer\mpmissions\regular.namalsk\storage_4\data\dynamic_006.bin"
22:42:46.636 [CE][Storage] ver:0 stamp:0, valid:NO, name:"G:\SteamLibrary\steamapps\common\DayZServer\mpmissions\regular.namalsk\storage_4\data\dynamic_006.001"
22:42:46.636 [CE][Storage] ver:0 stamp:0, valid:NO, name:"G:\SteamLibrary\steamapps\common\DayZServer\mpmissions\regular.namalsk\storage_4\data\dynamic_006.002"
22:42:46.636 [CE][Storage] ver:0 stamp:0, valid:NO, name:"G:\SteamLibrary\steamapps\common\DayZServer\mpmissions\regular.namalsk\storage_4\data\dynamic_007.bin"
22:42:46.636 [CE][Storage] ver:0 stamp:0, valid:NO, name:"G:\SteamLibrary\steamapps\common\DayZServer\mpmissions\regular.namalsk\storage_4\data\dynamic_007.001"
22:42:46.636 [CE][Storage] ver:0 stamp:0, valid:NO, name:"G:\SteamLibrary\steamapps\common\DayZServer\mpmissions\regular.namalsk\storage_4\data\dynamic_007.002"
22:42:46.636 [CE][Storage] ver:0 stamp:0, valid:NO, name:"G:\SteamLibrary\steamapps\common\DayZServer\mpmissions\regular.namalsk\storage_4\data\dynamic_008.bin"
22:42:46.636 [CE][Storage] ver:0 stamp:0, valid:NO, name:"G:\SteamLibrary\steamapps\common\DayZServer\mpmissions\regular.namalsk\storage_4\data\dynamic_008.001"
22:42:46.636 [CE][Storage] ver:0 stamp:0, valid:NO, name:"G:\SteamLibrary\steamapps\common\DayZServer\mpmissions\regular.namalsk\storage_4\data\dynamic_008.002"
22:42:46.636 [CE][Storage] ver:0 stamp:0, valid:NO, name:"G:\SteamLibrary\steamapps\common\DayZServer\mpmissions\regular.namalsk\storage_4\data\dynamic_009.bin"
22:42:46.636 [CE][Storage] ver:0 stamp:0, valid:NO, name:"G:\SteamLibrary\steamapps\common\DayZServer\mpmissions\regular.namalsk\storage_4\data\dynamic_009.001"
22:42:46.637 [CE][Storage] ver:0 stamp:0, valid:NO, name:"G:\SteamLibrary\steamapps\common\DayZServer\mpmissions\regular.namalsk\storage_4\data\dynamic_009.002"
22:42:46.637 [CE][Storage] ver:0 stamp:0, valid:NO, name:"G:\SteamLibrary\steamapps\common\DayZServer\mpmissions\regular.namalsk\storage_4\data\dynamic_010.bin"
22:42:46.637 [CE][Storage] ver:0 stamp:0, valid:NO, name:"G:\SteamLibrary\steamapps\common\DayZServer\mpmissions\regular.namalsk\storage_4\data\dynamic_010.001"
22:42:46.637 [CE][Storage] ver:0 stamp:0, valid:NO, name:"G:\SteamLibrary\steamapps\common\DayZServer\mpmissions\regular.namalsk\storage_4\data\dynamic_010.002"
22:42:46.637 [CE][Storage] ver:0 stamp:0, valid:NO, name:"G:\SteamLibrary\steamapps\common\DayZServer\mpmissions\regular.namalsk\storage_4\data\dynamic_011.bin"
22:42:46.637 [CE][Storage] ver:0 stamp:0, valid:NO, name:"G:\SteamLibrary\steamapps\common\DayZServer\mpmissions\regular.namalsk\storage_4\data\dynamic_011.001"
22:42:46.638 [CE][Storage] ver:0 stamp:0, valid:NO, name:"G:\SteamLibrary\steamapps\common\DayZServer\mpmissions\regular.namalsk\storage_4\data\dynamic_011.002"
22:42:46.638 [CE][Storage] ver:0 stamp:0, valid:NO, name:"G:\SteamLibrary\steamapps\common\DayZServer\mpmissions\regular.namalsk\storage_4\data\building.bin"
22:42:46.638 [CE][Storage] ver:0 stamp:0, valid:NO, name:"G:\SteamLibrary\steamapps\common\DayZServer\mpmissions\regular.namalsk\storage_4\data\building.001"
22:42:46.638 [CE][Storage] ver:0 stamp:0, valid:NO, name:"G:\SteamLibrary\steamapps\common\DayZServer\mpmissions\regular.namalsk\storage_4\data\building.002"
22:42:46.638 [CE][Storage] ver:0 stamp:0, valid:NO, name:"G:\SteamLibrary\steamapps\common\DayZServer\mpmissions\regular.namalsk\storage_4\data\vehicles.bin"
22:42:46.639 [CE][Storage] ver:0 stamp:0, valid:NO, name:"G:\SteamLibrary\steamapps\common\DayZServer\mpmissions\regular.namalsk\storage_4\data\vehicles.001"
22:42:46.639 [CE][Storage] ver:0 stamp:0, valid:NO, name:"G:\SteamLibrary\steamapps\common\DayZServer\mpmissions\regular.namalsk\storage_4\data\vehicles.002"
22:42:46.639 [CE][Hive] :: Empty storage folder, reinitializing ... 
22:42:46.639 [CE][Hive] :: Initializing ... 
22:42:46.642 [CE][InitializeMap] :: initialized: 0
22:42:46.642 [CE][Hive] :: Initializing spawners ... 
22:42:46.738  ENTITY       : Load entity type 'Land_Ruin_HouseBig1_NoIvy_Half'
22:42:46.738   ENTITY    (W): Door 'DoorsTwin1' is missing geometry components for selection 'DoorsTwin1', check model+config
22:42:46.782  ENTITY       : Load entity type 'Land_Garage_Row_Big'
22:42:46.782   ENTITY    (W): Door 'DoorsTwin1' is missing geometry components for selection 'DoorsTwin1', check model+config
22:42:46.782   ENTITY    (W): Door 'DoorsTwin2' is missing geometry components for selection 'DoorsTwin2', check model+config
22:42:46.782   ENTITY    (W): Door 'DoorsTwin3' is missing geometry components for selection 'DoorsTwin3', check model+config
22:42:46.783   ENTITY    (W): Door 'DoorsTwin4' is missing geometry components for selection 'DoorsTwin4', check model+config
22:42:46.878  ENTITY    (W): Unknown object class 'pond' (dz\water_sakhal\ice_lake\sakhal_50x50_ice_lake_clear.p3d)
22:42:46.879  ENTITY    (W): Unknown object class 'pond' (dz\water_sakhal\ice_lake\sakhal_50x50_ice_lake_clear.p3d)
22:42:47.205 [CE][LootRespawner] (PRIDummy) :: Item [0] is hard to place, performance drops: "GCGN_M110_Black"
22:42:47.223  PHYSICS   (W): While attempting to remove proxy physics for the selection 'codelock', the corresponding bone could not be found in the shape 'dz\gear\camping\cartent.p3d'
22:42:47.226  PHYSICS   (W): While attempting to remove proxy physics for the selection 'codelock', the corresponding bone could not be found in the shape 'dz\gear\camping\cartent.p3d'
22:42:47.227  PHYSICS   (W): While attempting to remove proxy physics for the selection 'codelock', the corresponding bone could not be found in the shape 'dz\gear\camping\cartent.p3d'
22:42:47.228  PHYSICS   (W): While attempting to remove proxy physics for the selection 'codelock', the corresponding bone could not be found in the shape 'dz\gear\camping\cartent.p3d'
22:42:47.458  ENTITY    (W): Unknown object class 'pond' (dz\water_sakhal\ice_lake\sakhal_50x50_ice_lake_clear.p3d)
22:42:47.464  ENTITY    (W): Unknown object class 'pond' (nst\ns\water\lakewater.p3d)
22:42:47.465  ENTITY    (W): Unknown object class 'pond' (nst\ns\water\lakewater.p3d)
22:42:47.465  ENTITY    (W): Unknown object class 'pond' (nst\ns\water\lakewater.p3d)
22:42:47.465  ENTITY    (W): Unknown object class 'pond' (nst\ns\water\lakewater.p3d)
22:42:47.562  WORLD        : Create entity type 'headtorch_grey'
22:42:47.562   ENTITY    (E): Type 'Inventory_BaseType' must be inherited from class 'ClothingType'
22:42:47.592 [CE][LootRespawner] (PRIDummy) :: Item [1] is hard to place, performance drops: "SNAFUVECTOR_45acp_GUN"
22:42:47.919  ENTITY    (W): Unknown object class 'pond' (nst\ns\water\lakewater.p3d)
22:42:47.919  ENTITY    (W): Unknown object class 'pond' (nst\ns\water\lakewater.p3d)
22:42:47.920  ENTITY    (W): Unknown object class 'pond' (nst\ns\water\lakewater.p3d)
22:42:47.920  ENTITY    (W): Unknown object class 'pond' (nst\ns\water\lakewater.p3d)
22:42:48.165 [CE][LootRespawner] (PRIDummy) :: Item [2] is hard to place, performance drops: "SNAFUKH9"
22:42:48.192  ENTITY    (W): Unknown object class 'pond' (nst\ns\water\lakewater.p3d)
22:42:48.239 [CE][LootRespawner] (PRIDummy) :: Item [0] causing search overtime: "BloodBagEmpty"
22:42:48.348 [CE][LootRespawner] (PRIDummy) :: Item [3] is hard to place, performance drops: "SNAFURSASS_Wood_GUN"
22:42:48.348 [CE][LootRespawner] (PRIDummy) :: Item [1] causing search overtime: "SNAFURSASS_Wood_GUN"
22:42:48.358 [CE][LootRespawner] (PRIDummy) :: Item [4] is hard to place, performance drops: "SNAFU_AK19"
22:42:48.358 [CE][LootRespawner] (PRIDummy) :: Item [2] causing search overtime: "SNAFU_AK19"
22:42:48.398 [CE][LootRespawner] (PRIDummy) :: Item [5] is hard to place, performance drops: "GCGN_M700"
22:42:48.398 [CE][LootRespawner] (PRIDummy) :: Item [3] causing search overtime: "GCGN_M700"
22:42:48.402 [CE][LootRespawner] (PRIDummy) :: Item [6] is hard to place, performance drops: "BomberJacket_Black"
22:42:48.413 [CE][LootRespawner] (PRIDummy) :: Item [7] is hard to place, performance drops: "SNAFUKivaari_Tan_GUN"
22:42:48.414 [CE][LootRespawner] (PRIDummy) :: Item [4] causing search overtime: "SNAFUKivaari_Tan_GUN"
22:42:48.435 [CE][LootRespawner] (PRIDummy) :: Item [8] is hard to place, performance drops: "Sweater_Red"
22:42:48.474 [CE][LootRespawner] (PRIDummy) :: Item [9] is hard to place, performance drops: "BomberJacket_Maroon"
22:42:48.475 [CE][LootRespawner] (PRIDummy) :: Item [10] is hard to place, performance drops: "GorkaEJacket_Summer"
22:42:48.502  ENTITY    (W): Unknown object class 'pond' (nst\ns\water\lakewater.p3d)
22:42:48.524 [CE][LootRespawner] (PRIDummy) :: Item [11] is hard to place, performance drops: "Hoodie_Grey"
22:42:48.524 [CE][LootRespawner] (PRIDummy) :: Item [12] is hard to place, performance drops: "Hoodie_Grey"
22:42:48.532 [CE][LootRespawner] (PRIDummy) :: Item [13] is hard to place, performance drops: "Tripod"
22:42:48.532 [CE][LootRespawner] (PRIDummy) :: Item [14] is hard to place, performance drops: "Tripod"
22:42:48.532 [CE][LootRespawner] (PRIDummy) :: Item [15] is hard to place, performance drops: "Tripod"
22:42:48.533 [CE][LootRespawner] (PRIDummy) :: Item [16] is hard to place, performance drops: "Tripod"
22:42:48.537 [CE][LootRespawner] (PRIDummy) :: Item [17] is hard to place, performance drops: "SNAFU_TP82S"
22:42:48.537 [CE][LootRespawner] (PRIDummy) :: Item [5] causing search overtime: "SNAFU_TP82S"
22:42:48.577 [CE][LootRespawner] (PRIDummy) :: Item [6] causing search overtime: "SNAFU_RPK16_Tan"
22:42:48.602  ENTITY    (W): Unknown object class 'pond' (dz\water_sakhal\ice_lake\sakhal_50x50_ice_lake_clear.p3d)
22:42:48.630 !!! [CE][Point] Removing 5032.167480, 8197.083984 from land_wrecked_ural_onside
22:42:48.630 [CE][LootRespawner] (PRIDummy) :: Item [18] is hard to place, performance drops: "SparkPlug"
22:42:48.659 [CE][LootRespawner] (PRIDummy) :: Item [7] causing search overtime: "SNAFU_AKTango6T_Tan"
22:42:48.659 [CE][LootRespawner] (PRIDummy) :: Item [8] causing search overtime: "SNAFUM1A_Black"
22:42:48.698 [CE][LootRespawner] (PRIDummy) :: Item [9] causing search overtime: "SNAFU_MTango6T_Tan"
22:42:48.703  PHYSICS   (W): While attempting to remove proxy physics for the selection 'codelock', the corresponding bone could not be found in the shape 'dz\gear\camping\mediumtent.p3d'
22:42:48.705  PHYSICS   (W): While attempting to remove proxy physics for the selection 'codelock', the corresponding bone could not be found in the shape 'dz\gear\camping\mediumtent.p3d'
22:42:48.706  PHYSICS   (W): While attempting to remove proxy physics for the selection 'codelock', the corresponding bone could not be found in the shape 'dz\gear\camping\mediumtent.p3d'
22:42:48.708  PHYSICS   (W): While attempting to remove proxy physics for the selection 'codelock', the corresponding bone could not be found in the shape 'dz\gear\camping\mediumtent.p3d'
22:42:48.709  PHYSICS   (W): While attempting to remove proxy physics for the selection 'codelock', the corresponding bone could not be found in the shape 'dz\gear\camping\mediumtent.p3d'
22:42:48.710 [CE][LootRespawner] (PRIDummy) :: Item [10] causing search overtime: "SNAFUM1A_20rdMag"
22:42:48.710 [CE][LootRespawner] (PRIDummy) :: Item [11] causing search overtime: "SNAFUM98B_Mag"
22:42:48.728 [CE][LootRespawner] (PRIDummy) :: Item [12] causing search overtime: "SNAFUMPX_Grip"
22:42:48.728 [CE][LootRespawner] (PRIDummy) :: Item [13] causing search overtime: "SNAFU_Walther"
22:42:48.738 [CE][LootRespawner] (PRIDummy) :: Item [19] is hard to place, performance drops: "Pitchfork"
22:42:48.741 [CE][LootRespawner] (PRIDummy) :: Item [14] causing search overtime: "SNAFU_Aimpoint_M5"
22:42:48.743 [CE][LootRespawner] (PRIDummy) :: Item [15] causing search overtime: "SNAFU_AK_AR_Stock"
22:42:48.746 [CE][LootRespawner] (PRIDummy) :: Item [16] causing search overtime: "SNAFU_LStandardized_Suppressor_Green"
22:42:48.772 [CE][LootRespawner] (PRIDummy) :: Item [17] causing search overtime: "SNAFU_MTango6T_Black"
22:42:48.772 [CE][LootRespawner] (PRIDummy) :: Item [18] causing search overtime: "SNAFU_AKHuntingOptic"
22:42:48.776 [CE][LootRespawner] (PRIDummy) :: Item [19] causing search overtime: "SNAFU_AKTrijicon"
22:42:48.776 [CE][LootRespawner] (PRIDummy) :: Item [20] causing search overtime: "SNAFU_MKahles"
22:42:48.782 [CE][LootRespawner] (PRIDummy) :: Item [21] causing search overtime: "SNAFU_FRF2"
22:42:48.783 [CE][LootRespawner] (PRIDummy) :: Item [20] is hard to place, performance drops: "TShirt_OrangeWhiteStripes"
22:42:48.786 [CE][LootRespawner] (PRIDummy) :: Item [22] causing search overtime: "SNAFU_MAimpoint_M5"
22:42:48.795 [CE][LootRespawner] (PRIDummy) :: Item [23] causing search overtime: "SN_Springfield_Mag"
22:42:48.806 [CE][LootRespawner] (PRIDummy) :: Item [24] causing search overtime: "SNAFU_MP9_GUN"
22:42:48.806 [CE][LootRespawner] (PRIDummy) :: Item [25] causing search overtime: "SNAFUASh12"
22:42:48.826 [CE][LootRespawner] (PRIDummy) :: Item [26] causing search overtime: "SNAFUVSSK"
22:42:48.826 [CE][LootRespawner] (PRIDummy) :: Item [27] causing search overtime: "SNAFU_M200B_BK"
22:42:48.867 [CE][LootRespawner] (PRIDummy) :: Item [28] causing search overtime: "SNAFU_U100_Mag"
22:42:48.873 [CE][LootRespawner] (PRIDummy) :: Item [29] causing search overtime: "GCGN_HK416"
22:42:48.873 [CE][LootRespawner] (PRIDummy) :: Item [30] causing search overtime: "SNAFU_HAimpoint_ACO"
22:42:48.885 [CE][LootRespawner] (PRIDummy) :: Item [31] causing search overtime: "SNAFU_ScarH_100RND_Mag_Tan"
22:42:48.885 [CE][LootRespawner] (PRIDummy) :: Item [32] causing search overtime: "SNAFUVECTOR_9mm_GUN"
22:42:48.885 [CE][LootRespawner] (PRIDummy) :: Item [33] causing search overtime: "SNAFU_AKLeupold_Mark8"
22:42:48.885 [CE][LootRespawner] (PRIDummy) :: Item [34] causing search overtime: "SNHK417_Mag"
22:42:48.892 [CE][LootRespawner] (PRIDummy) :: Item [21] is hard to place, performance drops: "MetalWire"
22:42:48.907 [CE][LootRespawner] (PRIDummy) :: Item [35] causing search overtime: "GCGN_MP7_40Rnd"
22:42:48.908 [CE][LootRespawner] (PRIDummy) :: Item [36] causing search overtime: "SNAFU_M200S_Green"
22:42:48.911 [CE][LootRespawner] (PRIDummy) :: Item [37] causing search overtime: "SNAFU_CZ805_Gun"
22:42:48.922 [CE][LootRespawner] (PRIDummy) :: Item [38] causing search overtime: "SNAFU_SKS_10Rnd_Mag"
22:42:48.930  WORLD        : Create entity type 'Megaphone'
22:42:48.930   ENTITY    (E): Type 'Inventory_BaseType' must be inherited from class 'ItemMegaphoneType'
22:42:48.938 [CE][LootRespawner] (PRIDummy) :: Item [39] causing search overtime: "SNAFU_PMAG556_OD"
22:42:48.949 [CE][LootRespawner] (PRIDummy) :: Item [40] causing search overtime: "SNAFU_MEOTech_EXPS3"
22:42:48.955 [CE][LootRespawner] (PRIDummy) :: Item [41] causing search overtime: "SN_Glock19"
22:42:48.971 [CE][LootRespawner] (PRIDummy) :: Item [42] causing search overtime: "SNAFUAPS"
22:42:48.971 [CE][LootRespawner] (PRIDummy) :: Item [43] causing search overtime: "SNAFUUzi_32rdMag"
22:42:48.985 [CE][LootRespawner] (PRIDummy) :: Item [44] causing search overtime: "SNAFU_Fort12_GUN"
22:42:48.985 [CE][LootRespawner] (PRIDummy) :: Item [45] causing search overtime: "GCGN_M82_Mag"
22:42:48.986 [CE][LootRespawner] (PRIDummy) :: Item [46] causing search overtime: "SNAFU_M4556_Modular16_GUN"
22:42:48.992  ENTITY    (W): Unknown object class 'pond' (dz\water_sakhal\ice_lake\sakhal_50x50_ice_lake_clear.p3d)
22:42:48.997  ENTITY    (W): Unknown object class 'pond' (nst\ns\water\lakewater.p3d)
22:42:48.997  ENTITY    (W): Unknown object class 'pond' (nst\ns\water\lakewater.p3d)
22:42:49.17   ENTITY    (W): Unknown object class 'pond' (nst\ns\water\lakewater.p3d)
22:42:49.17   ENTITY    (W): Unknown object class 'pond' (nst\ns\water\lakewater.p3d)
22:42:49.21  [CE][LootRespawner] (PRIDummy) :: Item [47] causing search overtime: "SNAFU_Tango6T_Snow"
22:42:49.21  [CE][LootRespawner] (PRIDummy) :: Item [48] causing search overtime: "SNAFUAR15_SPR_40RND_Mag"
22:42:49.21  [CE][LootRespawner] (PRIDummy) :: Item [49] causing search overtime: "SNAFU_AR15_Modular16_GUN"
22:42:49.26  [CE][LootRespawner] (PRIDummy) :: Item [50] causing search overtime: "SNAFU_AK_HG"
22:42:49.28  [CE][LootRespawner] (PRIDummy) :: Item [51] causing search overtime: "SNAFU_MTrijicon"
22:42:49.28  [CE][LootRespawner] (PRIDummy) :: Item [52] causing search overtime: "SA58_DrumMag"
22:42:49.28  [CE][LootRespawner] (PRIDummy) :: Item [53] causing search overtime: "SNAFUKivaari_Snow_GUN"
22:42:49.32  [CE][LootRespawner] (PRIDummy) :: Item [54] causing search overtime: "SNAFUGevar_Tan"
22:42:49.47  [CE][LootRespawner] (PRIDummy) :: Item [55] causing search overtime: "Snafu_PKP_250RND_Mag"
22:42:49.62  [CE][LootRespawner] (PRIDummy) :: Item [56] causing search overtime: "GCGN_VEPR_10rnd"
22:42:49.63  [CE][LootRespawner] (PRIDummy) :: Item [57] causing search overtime: "SNAFUVECTOR_45acp_Mag"
22:42:49.83  [CE][LootRespawner] (PRIDummy) :: Item [58] causing search overtime: "SNAFU_CMAG30300_Tan"
22:42:49.93  [CE][LootRespawner] (PRIDummy) :: Item [22] is hard to place, performance drops: "TruckBattery"
22:42:49.94  [CE][LootRespawner] (PRIDummy) :: Item [23] is hard to place, performance drops: "TruckBattery"
22:42:49.96  [CE][LootRespawner] (PRIDummy) :: Item [24] is hard to place, performance drops: "TruckBattery"
22:42:49.99  [CE][LootRespawner] (PRIDummy) :: Item [25] is hard to place, performance drops: "BalaclavaMask_Blue"
22:42:49.102 [CE][LootRespawner] (PRIDummy) :: Item [59] causing search overtime: "SNAFU_AK12A"
22:42:49.102 [CE][LootRespawner] (PRIDummy) :: Item [60] causing search overtime: "SNAFUKivaari_Grey_GUN"
22:42:49.118 [CE][LootRespawner] (PRIDummy) :: Item [26] is hard to place, performance drops: "BaseballBat"
22:42:49.122 [CE][LootRespawner] (PRIDummy) :: Item [61] causing search overtime: "SNAFU_HuntingOptic"
22:42:49.128 [CE][LootRespawner] (PRIDummy) :: Item [27] is hard to place, performance drops: "FryingPan"
22:42:49.130 [CE][LootRespawner] (PRIDummy) :: Item [62] causing search overtime: "SNAFUDSASA58_Stock"
22:42:49.130 [CE][LootRespawner] (PRIDummy) :: Item [63] causing search overtime: "SNAFU_Shotgunchoke_Blue"
22:42:49.132 [CE][LootRespawner] (PRIDummy) :: Item [64] causing search overtime: "SA58_30RND_BK"
22:42:49.143 [CE][LootRespawner] (PRIDummy) :: Item [65] causing search overtime: "SNAFU_RPK16_Black"
22:42:49.164 [CE][LootRespawner] (PRIDummy) :: Item [28] is hard to place, performance drops: "TaloonBag_Blue"
22:42:49.186 [CE][LootRespawner] (PRIDummy) :: Item [66] causing search overtime: "SNAFUGevar_Black"
22:42:49.196 [CE][LootRespawner] (PRIDummy) :: Item [67] causing search overtime: "SA58_30RND_WBK"
22:42:49.201 [CE][LootRespawner] (PRIDummy) :: Item [68] causing search overtime: "M4_6933_Gun"
22:42:49.211 [CE][LootRespawner] (PRIDummy) :: Item [69] causing search overtime: "SNAFU_M300Green"
22:42:49.229 [CE][LootRespawner] (PRIDummy) :: Item [70] causing search overtime: "GCGN_M110_Mag"
22:42:49.239 [CE][LootRespawner] (PRIDummy) :: Item [29] is hard to place, performance drops: "TrackSuitPants_Blue"
22:42:49.241 [CE][LootRespawner] (PRIDummy) :: Item [71] causing search overtime: "SNAFU_AK308_Mag"
22:42:49.245 [CE][LootRespawner] (PRIDummy) :: Item [72] causing search overtime: "SNAFU_LVOAHG"
22:42:49.246 [CE][LootRespawner] (PRIDummy) :: Item [73] causing search overtime: "SA58_Stock"
22:42:49.246 [CE][LootRespawner] (PRIDummy) :: Item [74] causing search overtime: "SNAFUKivaari_Black_GUN"
22:42:49.246 [CE][LootRespawner] (PRIDummy) :: Item [75] causing search overtime: "SNAFUTAR21_Black"
22:42:49.246 [CE][LootRespawner] (PRIDummy) :: Item [76] causing search overtime: "SNAFU_HLeupold_Mark8"
22:42:49.248 [CE][LootRespawner] (PRIDummy) :: Item [30] is hard to place, performance drops: "Hoodie_Red"
22:42:49.248 [CE][LootRespawner] (PRIDummy) :: Item [77] causing search overtime: "SNAFU_Normalized_Suppressor_Green"
22:42:49.255 [CE][LootRespawner] (PRIDummy) :: Item [78] causing search overtime: "GCGN_M110_Tan"
22:42:49.255 [CE][LootRespawner] (PRIDummy) :: Item [31] is hard to place, performance drops: "Sweater_Gray"
22:42:49.255 [CE][LootRespawner] (PRIDummy) :: Item [32] is hard to place, performance drops: "Sweater_Gray"
22:42:49.262 [CE][LootRespawner] (PRIDummy) :: Item [33] is hard to place, performance drops: "Sweater_Gray"
22:42:49.264 [CE][LootRespawner] (PRIDummy) :: Item [79] causing search overtime: "SNAFU_CALI_GUN"
22:42:49.264 [CE][LootRespawner] (PRIDummy) :: Item [80] causing search overtime: "SNAFUUzi_72rdMag"
22:42:49.265 [CE][LootRespawner] (PRIDummy) :: Item [81] causing search overtime: "SNAFU_AKTango6T_Wood"
22:42:49.291 [CE][LootRespawner] (PRIDummy) :: Item [82] causing search overtime: "SNAFU_M200Green"
22:42:49.300 [CE][LootRespawner] (PRIDummy) :: Item [83] causing search overtime: "SNAFU_AKKahles"
22:42:49.314 [CE][LootRespawner] (PRIDummy) :: Item [34] is hard to place, performance drops: "DressShoes_Brown"
22:42:49.315 [CE][LootRespawner] (PRIDummy) :: Item [35] is hard to place, performance drops: "DressShoes_Brown"
22:42:49.318 [CE][LootRespawner] (PRIDummy) :: Item [84] causing search overtime: "SNAFU_CMAG30556_Black"
22:42:49.318 [CE][LootRespawner] (PRIDummy) :: Item [85] causing search overtime: "SN_USP"
22:42:49.319 [CE][LootRespawner] (PRIDummy) :: Item [86] causing search overtime: "SNAFU_M14"
22:42:49.320 [CE][LootRespawner] (PRIDummy) :: Item [87] causing search overtime: "AA12_Gun"
22:42:49.323 [CE][LootRespawner] (PRIDummy) :: Item [36] is hard to place, performance drops: "BalaclavaMask_Pink"
22:42:49.325 [CE][LootRespawner] (PRIDummy) :: Item [88] causing search overtime: "SNAFU_MK4716Gun"
22:42:49.325 [CE][LootRespawner] (PRIDummy) :: Item [89] causing search overtime: "SG550_Gun"
22:42:49.325 [CE][LootRespawner] (PRIDummy) :: Item [90] causing search overtime: "SNAFUAR15_SPR_100RND_Mag"
22:42:49.327 [CE][LootRespawner] (PRIDummy) :: Item [91] causing search overtime: "SNAFU_M249Grip"
22:42:49.333 [CE][LootRespawner] (PRIDummy) :: Item [92] causing search overtime: "SNAFU_M76"
22:42:49.334 [CE][LootRespawner] (PRIDummy) :: Item [93] causing search overtime: "SN_M870"
22:42:49.335 [CE][LootRespawner] (PRIDummy) :: Item [37] is hard to place, performance drops: "SlacksPants_Black"
22:42:49.335 [CE][LootRespawner] (PRIDummy) :: Item [38] is hard to place, performance drops: "SlacksPants_Black"
22:42:49.335 [CE][LootRespawner] (PRIDummy) :: Item [39] is hard to place, performance drops: "SlacksPants_Black"
22:42:49.335 [CE][LootRespawner] (PRIDummy) :: Item [40] is hard to place, performance drops: "SlacksPants_Black"
22:42:49.343 [CE][LootRespawner] (PRIDummy) :: Item [94] causing search overtime: "SNAFU_GIGripColtA2"
22:42:49.356  ENTITY    (W): Unknown object class 'pond' (nst\ns\water\lakewater.p3d)
22:42:49.356  ENTITY    (W): Unknown object class 'pond' (nst\ns\water\lakewater.p3d)
22:42:49.356  ENTITY    (W): Unknown object class 'pond' (nst\ns\water\lakewater.p3d)
22:42:49.356  ENTITY    (W): Unknown object class 'pond' (nst\ns\water\lakewater.p3d)
22:42:49.367 [CE][LootRespawner] (PRIDummy) :: Item [95] causing search overtime: "SNAFURPD"
22:42:49.393 [CE][LootRespawner] (PRIDummy) :: Item [96] causing search overtime: "SNAFU_Bipod"
22:42:49.425 [CE][LootRespawner] (PRIDummy) :: Item [97] causing search overtime: "SNAFU_AK308"
22:42:49.435 [CE][LootRespawner] (PRIDummy) :: Item [98] causing search overtime: "SNAFUDVL10M2"
22:42:49.442 [CE][LootRespawner] (PRIDummy) :: Item [41] is hard to place, performance drops: "Sweater_Blue"
22:42:49.442 [CE][LootRespawner] (PRIDummy) :: Item [42] is hard to place, performance drops: "Sweater_Blue"
22:42:49.446 [CE][LootRespawner] (PRIDummy) :: Item [43] is hard to place, performance drops: "Sweater_Blue"
22:42:49.449 [CE][LootRespawner] (PRIDummy) :: Item [44] is hard to place, performance drops: "Sweater_Blue"
22:42:49.492 [CE][LootRespawner] (PRIDummy) :: Item [99] causing search overtime: "SNAFU_CMAG60300_Black"
22:42:49.492 [CE][LootRespawner] (PRIDummy) :: Item [45] is hard to place, performance drops: "TShirt_White"
22:42:49.495 [CE][LootRespawner] (PRIDummy) :: Item [100] causing search overtime: "SNAFUVECTOR_9mm_Mag"
22:42:49.501 [CE][LootRespawner] (PRIDummy) :: Item [101] causing search overtime: "SNAFU_ScarH_100RND_Mag_Black"
22:42:49.512 [CE][LootRespawner] (PRIDummy) :: Item [46] is hard to place, performance drops: "Izh18"
22:42:49.512 [CE][LootRespawner] (PRIDummy) :: Item [47] is hard to place, performance drops: "Izh18"
22:42:49.522 [CE][LootRespawner] (PRIDummy) :: Item [102] causing search overtime: "SNAFU_FGKAC_Grip"
22:42:49.522 [CE][LootRespawner] (PRIDummy) :: Item [103] causing search overtime: "SNAFU_MCMR07"
22:42:49.522 [CE][LootRespawner] (PRIDummy) :: Item [104] causing search overtime: "SNAFU_MCMR08"
22:42:49.522 [CE][LootRespawner] (PRIDummy) :: Item [105] causing search overtime: "SNAFU_MCMR09"
22:42:49.522 [CE][LootRespawner] (PRIDummy) :: Item [106] causing search overtime: "SNAFU_MCMR10"
22:42:49.525 [CE][LootRespawner] (PRIDummy) :: Item [107] causing search overtime: "SNAFU_MCMR13"
22:42:49.525 [CE][LootRespawner] (PRIDummy) :: Item [108] causing search overtime: "SNAFU_MCMR15"
22:42:49.528 [CE][LootRespawner] (PRIDummy) :: Item [109] causing search overtime: "SNAFU_BMAG300_Tan"
22:42:49.531 [CE][LootRespawner] (PRIDummy) :: Item [110] causing search overtime: "SNAFU_AS50_GUN"
22:42:49.535 [CE][LootRespawner] (PRIDummy) :: Item [111] causing search overtime: "SNAFU_M300Mag"
22:42:49.536 [CE][LootRespawner] (PRIDummy) :: Item [112] causing search overtime: "SNAFUM96_5rdMag"
22:42:49.536 [CE][LootRespawner] (PRIDummy) :: Item [113] causing search overtime: "SNAFUAUG_BK"
22:42:49.543 [CE][LootRespawner] (PRIDummy) :: Item [114] causing search overtime: "SNAFUHoneyBadger_Black"
22:42:49.552 [CE][LootRespawner] (PRIDummy) :: Item [115] causing search overtime: "SNAFU_AKWalther"
22:42:49.553 [CE][LootRespawner] (PRIDummy) :: Item [116] causing search overtime: "SNAFU_SKS_Bayonet"
22:42:49.553 [CE][LootRespawner] (PRIDummy) :: Item [117] causing search overtime: "SR3_Vikhr_Gun"
22:42:49.559 [CE][LootRespawner] (PRIDummy) :: Item [118] causing search overtime: "SNAFUTac21_5rdMag"
22:42:49.559 [CE][LootRespawner] (PRIDummy) :: Item [119] causing search overtime: "SNAFU_M14_Mag"
22:42:49.560 [CE][LootRespawner] (PRIDummy) :: Item [48] is hard to place, performance drops: "WomanSuit_Beige"
22:42:49.560 [CE][LootRespawner] (PRIDummy) :: Item [49] is hard to place, performance drops: "WomanSuit_Beige"
22:42:49.588 [CE][LootRespawner] (PRIDummy) :: Item [120] causing search overtime: "SNAFU_Agram_GUN"
22:42:49.588 [CE][LootRespawner] (PRIDummy) :: Item [121] causing search overtime: "SNAFU_Ammo_45_70mm"
22:42:49.588 [CE][LootRespawner] (PRIDummy) :: Item [122] causing search overtime: "SNAFU_M249HG"
22:42:49.590 [CE][LootRespawner] (PRIDummy) :: Item [123] causing search overtime: "SNAFU_MK7"
22:42:49.590 [CE][LootRespawner] (PRIDummy) :: Item [124] causing search overtime: "SNAFU_MK9"
22:42:49.618 [CE][LootRespawner] (PRIDummy) :: Item [125] causing search overtime: "SNAFUAlligator"
22:42:49.619 [CE][LootRespawner] (PRIDummy) :: Item [126] causing search overtime: "SNAFU_SR3HG"
22:42:49.628 [CE][LootRespawner] (PRIDummy) :: Item [127] causing search overtime: "Snafu_ScarH_25RND_Mag_Snow"
22:42:49.628 [CE][LootRespawner] (PRIDummy) :: Item [128] causing search overtime: "SNAFU_AKAimpoint_ACO"
22:42:49.628 [CE][LootRespawner] (PRIDummy) :: Item [129] causing search overtime: "SNAFU_Tango6T_Wood"
22:42:49.632 [CE][LootRespawner] (PRIDummy) :: Item [130] causing search overtime: "SNAFUM24_GUN"
22:42:49.635 [CE][LootRespawner] (PRIDummy) :: Item [50] is hard to place, performance drops: "JumpsuitPants_Grey"
22:42:49.643  WORLD        : Create entity type 'headtorch_black'
22:42:49.643   ENTITY    (E): Type 'Inventory_BaseType' must be inherited from class 'ClothingType'
22:42:49.649 [CE][LootRespawner] (PRIDummy) :: Item [131] causing search overtime: "SNAFU_HKahles"
22:42:49.654 [CE][LootRespawner] (PRIDummy) :: Item [132] causing search overtime: "SNAFUP90_50rdMag"
22:42:49.654 [CE][LootRespawner] (PRIDummy) :: Item [133] causing search overtime: "SNAFUM98B_Ger_GUN"
22:42:49.655 [CE][LootRespawner] (PRIDummy) :: Item [134] causing search overtime: "SNAFUPPSKN"
22:42:49.657 [CE][LootRespawner] (PRIDummy) :: Item [135] causing search overtime: "Snafu_ScarH_25RND_Mag_BK"
22:42:49.657 [CE][LootRespawner] (PRIDummy) :: Item [136] causing search overtime: "SNAFU_CMAG40300_Tan"
22:42:49.659 [CE][LootRespawner] (PRIDummy) :: Item [137] causing search overtime: "Epinephrine"
22:42:49.665 [CE][LootRespawner] (PRIDummy) :: Item [138] causing search overtime: "SalineBag"
22:42:49.674 [CE][LootRespawner] (PRIDummy) :: Item [139] causing search overtime: "SNAFU_PDW_45ACP"
22:42:49.675 [CE][LootRespawner] (PRIDummy) :: Item [140] causing search overtime: "SNAFU_MK47HG"
22:42:49.679 [CE][LootRespawner] (PRIDummy) :: Item [141] causing search overtime: "SNAFUMarlin1895"
22:42:49.681 [CE][LootRespawner] (PRIDummy) :: Item [51] is hard to place, performance drops: "TrackSuitPants_Red"
22:42:49.683 [CE][LootRespawner] (PRIDummy) :: Item [142] causing search overtime: "SNAFUGevar_Suppressor_Tan"
22:42:49.689 [CE][LootRespawner] (PRIDummy) :: Item [143] causing search overtime: "GCGN_M84_Optic"
22:42:49.691 [CE][LootRespawner] (PRIDummy) :: Item [144] causing search overtime: "SNAFU_PDW_9mm_Mag"
22:42:49.692 [CE][LootRespawner] (PRIDummy) :: Item [52] is hard to place, performance drops: "TrackSuitPants_LightBlue"
22:42:49.697 [CE][LootRespawner] (PRIDummy) :: Item [145] causing search overtime: "Snafu_ScarH_25RND_Mag_OD"
22:42:49.700 [CE][LootRespawner] (PRIDummy) :: Item [53] is hard to place, performance drops: "dzn_gorka_pants_winter"
22:42:49.701 [CE][LootRespawner] (PRIDummy) :: Item [146] causing search overtime: "SNAFU_FRF2_Mag"
22:42:49.701 [CE][LootRespawner] (PRIDummy) :: Item [147] causing search overtime: "SNAFU_Shotgunchoke_Purple"
22:42:49.710 [CE][LootRespawner] (PRIDummy) :: Item [148] causing search overtime: "SNAFU_MP9_30rnd_Mag"
22:42:49.710 [CE][LootRespawner] (PRIDummy) :: Item [149] causing search overtime: "SNAFUAPS_20rdMag"
22:42:49.722 [CE][LootRespawner] (PRIDummy) :: Item [150] causing search overtime: "Snafu_ScarH_25RND_Mag_DKMC"
22:42:49.722 [CE][LootRespawner] (PRIDummy) :: Item [151] causing search overtime: "Ammo_40mm_Explosive"
22:42:49.722 [CE][LootRespawner] (PRIDummy) :: Item [152] causing search overtime: "Ammo_40mm_Explosive"
22:42:49.724 [CE][LootRespawner] (PRIDummy) :: Item [153] causing search overtime: "SNAFU_CMAG60556_Tan"
22:42:49.725 [CE][LootRespawner] (PRIDummy) :: Item [154] causing search overtime: "GCGN_M249_Mag"
22:42:49.742 [CE][LootRespawner] (PRIDummy) :: Item [155] causing search overtime: "SNAFUM98B_Mc_GUN"
22:42:49.742 [CE][LootRespawner] (PRIDummy) :: Item [156] causing search overtime: "SN_USP_Mag"
22:42:49.747 [CE][LootRespawner] (PRIDummy) :: Item [157] causing search overtime: "SN_Auto_Shotgun"
22:42:49.752  ENTITY    (W): Unknown object class 'pond' (nst\ns\water\lakewater.p3d)
22:42:49.774 [CE][LootRespawner] (PRIDummy) :: Item [158] causing search overtime: "SNAFUUniversalLight"
22:42:49.780 [CE][LootRespawner] (PRIDummy) :: Item [54] is hard to place, performance drops: "JumpsuitPants_Blue"
22:42:49.784 [CE][LootRespawner] (PRIDummy) :: Item [159] causing search overtime: "SNAFU_FGCR_Grip"
22:42:49.795 [CE][LootRespawner] (PRIDummy) :: Item [160] causing search overtime: "Tec9_Gun"
22:42:49.795 [CE][LootRespawner] (PRIDummy) :: Item [161] causing search overtime: "SN_M9"
22:42:49.808 [CE][LootRespawner] (PRIDummy) :: Item [162] causing search overtime: "SNAFU_M300BK"
22:42:49.808 [CE][LootRespawner] (PRIDummy) :: Item [163] causing search overtime: "SN_Springfield"
22:42:49.812 [CE][LootRespawner] (PRIDummy) :: Item [164] causing search overtime: "SNAFURSASS_Mag"
22:42:49.818 [CE][LootRespawner] (PRIDummy) :: Item [165] causing search overtime: "SNAFU_SCQR_Stock"
22:42:49.820 !!! [CE][Point] Removing 7662.071289, 8789.262695 from land_hiluxT
22:42:49.820 [CE][LootRespawner] (PRIDummy) :: Item [55] is hard to place, performance drops: "QuiltedJacket_Blue"
22:42:49.821 [CE][LootRespawner] (PRIDummy) :: Item [166] causing search overtime: "SN_Auto_Shotgun_Mag"
22:42:49.828 [CE][LootRespawner] (PRIDummy) :: Item [167] causing search overtime: "SNAFU_AWM_Mag"
22:42:49.851 [CE][LootRespawner] (PRIDummy) :: Item [168] causing search overtime: "SNAFUGM6Lynx"
22:42:49.862 [CE][LootRespawner] (PRIDummy) :: Item [56] is hard to place, performance drops: "PoliceJacketOrel"
22:42:49.862 [CE][LootRespawner] (PRIDummy) :: Item [57] is hard to place, performance drops: "PoliceJacketOrel"
22:42:49.872 [CE][LootRespawner] (PRIDummy) :: Item [58] is hard to place, performance drops: "WomanSuit_Khaki"
22:42:49.872 [CE][LootRespawner] (PRIDummy) :: Item [59] is hard to place, performance drops: "WomanSuit_Khaki"
22:42:49.872 [CE][LootRespawner] (PRIDummy) :: Item [60] is hard to place, performance drops: "WomanSuit_Khaki"
22:42:49.875 [CE][LootRespawner] (PRIDummy) :: Item [61] is hard to place, performance drops: "WomanSuit_Khaki"
22:42:49.877 [CE][LootRespawner] (PRIDummy) :: Item [169] causing search overtime: "SNAFU_Shotgunchoke_Brown"
22:42:49.898 [CE][LootRespawner] (PRIDummy) :: Item [170] causing search overtime: "SNAFU_BMAG556_Tan"
22:42:49.903 [CE][LootRespawner] (PRIDummy) :: Item [62] is hard to place, performance drops: "HuntingVest"
22:42:49.908 [CE][LootRespawner] (PRIDummy) :: Item [63] is hard to place, performance drops: "HuntingVest"
22:42:49.911 [CE][LootRespawner] (PRIDummy) :: Item [64] is hard to place, performance drops: "HuntingVest"
22:42:49.911 [CE][LootRespawner] (PRIDummy) :: Item [65] is hard to place, performance drops: "HuntingVest"
22:42:49.912 [CE][LootRespawner] (PRIDummy) :: Item [66] is hard to place, performance drops: "HuntingVest"
22:42:49.912 [CE][LootRespawner] (PRIDummy) :: Item [67] is hard to place, performance drops: "HuntingVest"
22:42:49.912 [CE][LootRespawner] (PRIDummy) :: Item [68] is hard to place, performance drops: "HuntingVest"
22:42:49.917 [CE][LootRespawner] (PRIDummy) :: Item [69] is hard to place, performance drops: "BurlapSack"
22:42:49.922 [CE][LootRespawner] (PRIDummy) :: Item [70] is hard to place, performance drops: "BurlapSack"
22:42:49.922 [CE][LootRespawner] (PRIDummy) :: Item [71] is hard to place, performance drops: "BurlapSack"
22:42:49.926 [CE][LootRespawner] (PRIDummy) :: Item [72] is hard to place, performance drops: "BurlapSack"
22:42:49.929 [CE][LootRespawner] (PRIDummy) :: Item [171] causing search overtime: "SNAFU_MD_Ammo_556x45mm_M855A1"
22:42:49.932 [CE][LootRespawner] (PRIDummy) :: Item [172] causing search overtime: "SNAFU_Saint_Gun"
22:42:49.945  ENTITY    (W): Unknown object class 'pond' (nst\ns\water\lakewater.p3d)
22:42:49.952 [CE][LootRespawner] (PRIDummy) :: Item [173] causing search overtime: "SNAFUM1A_Tan"
22:42:49.958 [CE][LootRespawner] (PRIDummy) :: Item [174] causing search overtime: "SNAFU_M200S_BK"
22:42:49.958 [CE][LootRespawner] (PRIDummy) :: Item [73] is hard to place, performance drops: "Blouse_Blue"
22:42:49.959 [CE][LootRespawner] (PRIDummy) :: Item [74] is hard to place, performance drops: "Blouse_Blue"
22:42:49.989 [CE][LootRespawner] (PRIDummy) :: Item [175] causing search overtime: "SNAFUM98B_Atac_GUN"
22:42:49.989 [CE][LootRespawner] (PRIDummy) :: Item [176] causing search overtime: "SNAFUAX50_GUN"
22:42:49.991 [CE][LootRespawner] (PRIDummy) :: Item [177] causing search overtime: "SNAFU_M4SS_Stock"
22:42:50.12  [CE][LootRespawner] (PRIDummy) :: Item [178] causing search overtime: "SNAFU_Ammo_300ACC"
22:42:50.32   ENTITY    (W): Unknown object class 'pond' (nst\ns\water\lakewater.p3d)
22:42:50.35  [CE][LootRespawner] (PRIDummy) :: Item [179] causing search overtime: "GCGN_M1Garand_Supp"
22:42:50.35  [CE][LootRespawner] (PRIDummy) :: Item [180] causing search overtime: "SNAFU_Tango6T_Black"
22:42:50.35  [CE][LootRespawner] (PRIDummy) :: Item [75] is hard to place, performance drops: "Truck_01_Wheel"
22:42:50.38  [CE][LootRespawner] (PRIDummy) :: Item [76] is hard to place, performance drops: "Truck_01_Wheel"
22:42:50.40  [CE][LootRespawner] (PRIDummy) :: Item [181] causing search overtime: "SA58_30RND_DT"
22:42:50.40  [CE][LootRespawner] (PRIDummy) :: Item [182] causing search overtime: "SNAFU_AKTango6T_Black"
22:42:50.42  [CE][LootRespawner] (PRIDummy) :: Item [183] causing search overtime: "SNAFU_Docter"
22:42:50.44  [CE][LootRespawner] (PRIDummy) :: Item [184] causing search overtime: "SNAFURSASS_dkmc_GUN"
22:42:50.44  [CE][LootRespawner] (PRIDummy) :: Item [185] causing search overtime: "GCGN_HK416_Mag"
22:42:50.44  [CE][LootRespawner] (PRIDummy) :: Item [77] is hard to place, performance drops: "Flag_White"
22:42:50.45  [CE][LootRespawner] (PRIDummy) :: Item [186] causing search overtime: "SNAFU_M1918A2_Mag"
22:42:50.55  [CE][LootRespawner] (PRIDummy) :: Item [78] is hard to place, performance drops: "TShirt_Green"
22:42:50.56  [CE][LootRespawner] (PRIDummy) :: Item [187] causing search overtime: "ACR_Gun"
22:42:50.58  [CE][LootRespawner] (PRIDummy) :: Item [188] causing search overtime: "SNAFU_HTrijicon"
22:42:50.71  [CE][LootRespawner] (PRIDummy) :: Item [189] causing search overtime: "KazuarOptic"
22:42:50.71  [CE][LootRespawner] (PRIDummy) :: Item [190] causing search overtime: "KazuarOptic"
22:42:50.71  [CE][LootRespawner] (PRIDummy) :: Item [191] causing search overtime: "KazuarOptic"
22:42:50.71  [CE][LootRespawner] (PRIDummy) :: Item [192] causing search overtime: "SNAFU_Kobra"
22:42:50.75  [CE][LootRespawner] (PRIDummy) :: Item [193] causing search overtime: "SNAFU_ModBipod"
22:42:50.98  [CE][LootRespawner] (PRIDummy) :: Item [194] causing search overtime: "SNAFU_SKS_30Rnd_Mag"
22:42:50.98  [CE][LootRespawner] (PRIDummy) :: Item [195] causing search overtime: "SNAFU_CMAG40300_Black"
22:42:50.101 [CE][LootRespawner] (PRIDummy) :: Item [196] causing search overtime: "SNAFU_SR3Vikhr_Mag"
22:42:50.102 [CE][LootRespawner] (PRIDummy) :: Item [79] is hard to place, performance drops: "QuiltedJacket_Violet"
22:42:50.106 [CE][LootRespawner] (PRIDummy) :: Item [197] causing search overtime: "BloodTestKit"
22:42:50.108 [CE][LootRespawner] (PRIDummy) :: Item [198] causing search overtime: "BloodTestKit"
22:42:50.111 [CE][LootRespawner] (PRIDummy) :: Item [199] causing search overtime: "BloodTestKit"
22:42:50.122 [CE][LootRespawner] (PRIDummy) :: Item [80] is hard to place, performance drops: "Iceaxe"
22:42:50.123 [CE][LootRespawner] (PRIDummy) :: Item [81] is hard to place, performance drops: "Iceaxe"
22:42:50.123 [CE][LootRespawner] (PRIDummy) :: Item [82] is hard to place, performance drops: "Iceaxe"
22:42:50.124 [CE][LootRespawner] (PRIDummy) :: Item [83] is hard to place, performance drops: "Iceaxe"
22:42:50.126 [CE][LootRespawner] (PRIDummy) :: Item [84] is hard to place, performance drops: "Iceaxe"
22:42:50.133 [CE][LootRespawner] (PRIDummy) :: Item [200] causing search overtime: "SNAFU_Ammo_5_7x28mm"
22:42:50.141 [CE][LootRespawner] (PRIDummy) :: Item [201] causing search overtime: "SNAFUUzi"
22:42:50.195 [CE][LootRespawner] (PRIDummy) :: Item [85] is hard to place, performance drops: "HuntingVest_Winter"
22:42:50.196 [CE][LootRespawner] (PRIDummy) :: Item [86] is hard to place, performance drops: "HuntingVest_Winter"
22:42:50.196 [CE][LootRespawner] (PRIDummy) :: Item [87] is hard to place, performance drops: "HuntingVest_Winter"
22:42:50.201 [CE][LootRespawner] (PRIDummy) :: Item [202] causing search overtime: "SNAFUAR15_SPR_60RND_Mag"
22:42:50.231 [CE][LootRespawner] (PRIDummy) :: Item [203] causing search overtime: "SNAFU_MWalther"
22:42:50.232 [CE][LootRespawner] (PRIDummy) :: Item [88] is hard to place, performance drops: "JoggingShoes_White"
22:42:50.235 [CE][LootRespawner] (PRIDummy) :: Item [204] causing search overtime: "SNAFUM96"
22:42:50.237 [CE][LootRespawner] (PRIDummy) :: Item [89] is hard to place, performance drops: "TrackSuitPants_Black"
22:42:50.252 [CE][LootRespawner] (PRIDummy) :: Item [205] causing search overtime: "SNAFU_TACGripColtA2_Tan"
22:42:50.252 [CE][LootRespawner] (PRIDummy) :: Item [206] causing search overtime: "AA12_Mag"
22:42:50.253 [CE][LootRespawner] (PRIDummy) :: Item [207] causing search overtime: "Snafu_ScarH_DKMC_GUN"
22:42:50.253 [CE][LootRespawner] (PRIDummy) :: Item [208] causing search overtime: "SG550_Mag"
22:42:50.266 [CE][LootRespawner] (PRIDummy) :: Item [209] causing search overtime: "SNAFU_M200SNOW"
22:42:50.273 [CE][LootRespawner] (PRIDummy) :: Item [90] is hard to place, performance drops: "Hoodie_Green"
22:42:50.277 [CE][LootRespawner] (PRIDummy) :: Item [210] causing search overtime: "SNAFU_AK12_Mag"
22:42:50.285 [CE][LootRespawner] (PRIDummy) :: Item [91] is hard to place, performance drops: "RadarCap_Green"
22:42:50.291 [CE][LootRespawner] (PRIDummy) :: Item [211] causing search overtime: "SNAFU_LNormalized_Suppressor_Green"
22:42:50.298 [CE][LootRespawner] (PRIDummy) :: Item [92] is hard to place, performance drops: "Fabric"
22:42:50.304 [CE][LootRespawner] (PRIDummy) :: Item [93] is hard to place, performance drops: "Fabric"
22:42:50.305 [CE][LootRespawner] (PRIDummy) :: Item [212] causing search overtime: "SNAFU_MTango6T_Snow"
22:42:50.310 [CE][LootRespawner] (PRIDummy) :: Item [94] is hard to place, performance drops: "DirtBikeHelmet_Red"
22:42:50.343 [CE][LootRespawner] (PRIDummy) :: Item [213] causing search overtime: "SNAFU_M200S_Snow"
22:42:50.346 [CE][LootRespawner] (PRIDummy) :: Item [214] causing search overtime: "SNAFUSRSA2_10rdMag"
22:42:50.346 [CE][LootRespawner] (PRIDummy) :: Item [215] causing search overtime: "SNAFU_MNightforce"
22:42:50.349 [CE][LootRespawner] (PRIDummy) :: Item [95] is hard to place, performance drops: "PoliceVest"
22:42:50.352 [CE][LootRespawner] (PRIDummy) :: Item [96] is hard to place, performance drops: "PoliceVest"
22:42:50.355 [CE][LootRespawner] (PRIDummy) :: Item [216] causing search overtime: "SNAFU_Shotgunchoke_Black"
22:42:50.366 [CE][LootRespawner] (PRIDummy) :: Item [217] causing search overtime: "GCGN_M200_Tan"
22:42:50.370 [CE][LootRespawner] (PRIDummy) :: Item [218] causing search overtime: "SNAFUT5000_Snow_GUN"
22:42:50.377 [CE][LootRespawner] (PRIDummy) :: Item [219] causing search overtime: "SNAFU_HElcan"
22:42:50.377 [CE][LootRespawner] (PRIDummy) :: Item [220] causing search overtime: "SNAFUSten"
22:42:50.397 [CE][LootRespawner] (PRIDummy) :: Item [221] causing search overtime: "SNAFUGevar_10rdMag"
22:42:50.398 [CE][LootRespawner] (PRIDummy) :: Item [97] is hard to place, performance drops: "Balaclava3Holes_Green"
22:42:50.398 [CE][LootRespawner] (PRIDummy) :: Item [98] is hard to place, performance drops: "Balaclava3Holes_Green"
22:42:50.405 [CE][LootRespawner] (PRIDummy) :: Item [222] causing search overtime: "Snafu_ScarH_25RND_Mag_Tan"
22:42:50.417 [CE][LootRespawner] (PRIDummy) :: Item [223] causing search overtime: "SNAFU_U100"
22:42:50.428 [CE][LootRespawner] (PRIDummy) :: Item [224] causing search overtime: "SurgicalMask"
22:42:50.429 [CE][LootRespawner] (PRIDummy) :: Item [225] causing search overtime: "SNAFUP90"
22:42:50.430 [CE][LootRespawner] (PRIDummy) :: Item [226] causing search overtime: "GCGN_M1Garand"
22:42:50.432 [CE][LootRespawner] (PRIDummy) :: Item [99] is hard to place, performance drops: "ManSuit_Black"
22:42:50.433 [CE][LootRespawner] (PRIDummy) :: Item [100] is hard to place, performance drops: "ManSuit_Black"
22:42:50.448 [CE][LootRespawner] (PRIDummy) :: Item [227] causing search overtime: "Mag_FAMAS_25Rnd"
22:42:50.448 [CE][LootRespawner] (PRIDummy) :: Item [228] causing search overtime: "Mag_FAMAS_25Rnd"
22:42:50.449 [CE][LootRespawner] (PRIDummy) :: Item [229] causing search overtime: "Mag_FAMAS_25Rnd"
22:42:50.449 [CE][LootRespawner] (PRIDummy) :: Item [230] causing search overtime: "SNAFU_CMAG30300_Black"
22:42:50.513 [CE][LootRespawner] (PRIDummy) :: Item [101] is hard to place, performance drops: "Magnum"
22:42:50.515 [CE][LootRespawner] (PRIDummy) :: Item [102] is hard to place, performance drops: "Magnum"
22:42:50.519 [CE][LootRespawner] (PRIDummy) :: Item [103] is hard to place, performance drops: "Sneakers_Black"
22:42:50.521 [CE][LootRespawner] (PRIDummy) :: Item [231] causing search overtime: "SNAFUHoneyBadger_30rdMag_Black"
22:42:50.524 [CE][LootRespawner] (PRIDummy) :: Item [104] is hard to place, performance drops: "TShirt_Beige"
22:42:50.524 [CE][LootRespawner] (PRIDummy) :: Item [105] is hard to place, performance drops: "TShirt_Beige"
22:42:50.525 [CE][LootRespawner] (PRIDummy) :: Item [106] is hard to place, performance drops: "TShirt_Beige"
22:42:50.528 [CE][LootRespawner] (PRIDummy) :: Item [232] causing search overtime: "SNAFUFAMAS"
22:42:50.528 [CE][LootRespawner] (PRIDummy) :: Item [233] causing search overtime: "SR3_Vikhr_Mag"
22:42:50.590 [CE][LootRespawner] (PRIDummy) :: Item [234] causing search overtime: "SNAFUSR3_Vikhr"
22:42:50.592 [CE][LootRespawner] (PRIDummy) :: Item [235] causing search overtime: "dzn_detector"
22:42:50.604 [CE][LootRespawner] (PRIDummy) :: Item [236] causing search overtime: "ASVAL"
22:42:50.628 [CE][LootRespawner] (PRIDummy) :: Item [237] causing search overtime: "GCGN_M700_Mag"
22:42:50.628 [CE][LootRespawner] (PRIDummy) :: Item [238] causing search overtime: "SNAFU_AS50_Mag"
22:42:50.630 [CE][LootRespawner] (PRIDummy) :: Item [107] is hard to place, performance drops: "Blouse_White"
22:42:50.634 [CE][LootRespawner] (PRIDummy) :: Item [239] causing search overtime: "SNAFU_Ammo_338"
22:42:50.637 [CE][LootRespawner] (PRIDummy) :: Item [108] is hard to place, performance drops: "WomanSuit_White"
22:42:50.637 [CE][LootRespawner] (PRIDummy) :: Item [109] is hard to place, performance drops: "WomanSuit_White"
22:42:50.638 [CE][LootRespawner] (PRIDummy) :: Item [110] is hard to place, performance drops: "WomanSuit_White"
22:42:50.642 [CE][LootRespawner] (PRIDummy) :: Item [240] causing search overtime: "dzn_netanyas_log"
22:42:50.646 [CE][LootRespawner] (PRIDummy) :: Item [111] is hard to place, performance drops: "OMKJacket_Navy"
22:42:50.658 [CE][LootRespawner] (PRIDummy) :: Item [112] is hard to place, performance drops: "DenimJacket"
22:42:50.669 [CE][LootRespawner] (PRIDummy) :: Item [241] causing search overtime: "SNAFU_M4300AC_16_GUN"
22:42:50.670 [CE][LootRespawner] (PRIDummy) :: Item [242] causing search overtime: "SNAFUGevar_Suppressor_Green"
22:42:50.671 [CE][LootRespawner] (PRIDummy) :: Item [113] is hard to place, performance drops: "GorkaEJacket_Flat"
22:42:50.671 [CE][LootRespawner] (PRIDummy) :: Item [114] is hard to place, performance drops: "GorkaEJacket_Flat"
22:42:50.708 [CE][LootRespawner] (PRIDummy) :: Item [115] is hard to place, performance drops: "CamoNet"
22:42:50.711 [CE][LootRespawner] (PRIDummy) :: Item [116] is hard to place, performance drops: "CamoNet"
22:42:50.721 [CE][LootRespawner] (PRIDummy) :: Item [243] causing search overtime: "SNAFU_Kahles"
22:42:50.726 [CE][LootRespawner] (PRIDummy) :: Item [244] causing search overtime: "SNAFU_MElcan"
22:42:50.726 [CE][LootRespawner] (PRIDummy) :: Item [245] causing search overtime: "SNAFUAR15_AFG"
22:42:50.726 [CE][LootRespawner] (PRIDummy) :: Item [246] causing search overtime: "SNAFU_Leupold_Mark8"
22:42:50.727 [CE][LootRespawner] (PRIDummy) :: Item [247] causing search overtime: "Mag_STANAG_30Rnd"
22:42:50.728 [CE][LootRespawner] (PRIDummy) :: Item [248] causing search overtime: "VR80_Magazine_5rd"
22:42:50.728 [CE][LootRespawner] (PRIDummy) :: Item [249] causing search overtime: "SNAFU_Trijicon_Docter"
22:42:50.729 [CE][LootRespawner] (PRIDummy) :: Item [250] causing search overtime: "SNAFU_SKS"
22:42:50.729 [CE][LootRespawner] (PRIDummy) :: Item [251] causing search overtime: "SN_M9_Mag"
22:42:50.741 [CE][LootRespawner] (PRIDummy) :: Item [252] causing search overtime: "SNAFU_HTrijicon_Docter"
22:42:50.742 [CE][LootRespawner] (PRIDummy) :: Item [253] causing search overtime: "SNAFU_Standardized_Suppressor_Black"
22:42:50.742 [CE][LootRespawner] (PRIDummy) :: Item [254] causing search overtime: "SNAFU_NPKPBIPOD"
22:42:50.743  PHYSICS   (W): While attempting to remove proxy physics for the selection 'codelock', the corresponding bone could not be found in the shape 'dz\gear\camping\mediumtent.p3d'
22:42:50.745  PHYSICS   (W): While attempting to remove proxy physics for the selection 'codelock', the corresponding bone could not be found in the shape 'dz\gear\camping\mediumtent.p3d'
22:42:50.746  PHYSICS   (W): While attempting to remove proxy physics for the selection 'codelock', the corresponding bone could not be found in the shape 'dz\gear\camping\mediumtent.p3d'
22:42:50.746  PHYSICS   (W): While attempting to remove proxy physics for the selection 'codelock', the corresponding bone could not be found in the shape 'dz\gear\camping\mediumtent.p3d'
22:42:50.747 [CE][LootRespawner] (PRIDummy) :: Item [117] is hard to place, performance drops: "MediumTent"
22:42:50.748  PHYSICS   (W): While attempting to remove proxy physics for the selection 'codelock', the corresponding bone could not be found in the shape 'dz\gear\camping\mediumtent.p3d'
22:42:50.761 [CE][LootRespawner] (PRIDummy) :: Item [118] is hard to place, performance drops: "Pickaxe"
22:42:50.762 [CE][LootRespawner] (PRIDummy) :: Item [255] causing search overtime: "SNAFU_HG625"
22:42:50.776 [CE][LootRespawner] (PRIDummy) :: Item [119] is hard to place, performance drops: "Hatchback_02_Wheel"
22:42:50.777 [CE][LootRespawner] (PRIDummy) :: Item [120] is hard to place, performance drops: "Hatchback_02_Wheel"
22:42:50.777 [CE][LootRespawner] (PRIDummy) :: Item [121] is hard to place, performance drops: "Hatchback_02_Wheel"
22:42:50.782 [CE][LootRespawner] (PRIDummy) :: Item [256] causing search overtime: "SNAFU_MK10"
22:42:50.782 [CE][LootRespawner] (PRIDummy) :: Item [257] causing search overtime: "SNAFU_MK13"
22:42:50.782 [CE][LootRespawner] (PRIDummy) :: Item [258] causing search overtime: "SNAFU_MK15"
22:42:50.783 [CE][LootRespawner] (PRIDummy) :: Item [122] is hard to place, performance drops: "Flag_APA"
22:42:50.786 [CE][LootRespawner] (PRIDummy) :: Item [123] is hard to place, performance drops: "BoonieHat_Blue"
22:42:50.792 [CE][LootRespawner] (PRIDummy) :: Item [259] causing search overtime: "SNAFU_HWalther"
22:42:50.793 [CE][LootRespawner] (PRIDummy) :: Item [260] causing search overtime: "SNAFU_Tango6T_Tan"
22:42:50.793 [CE][LootRespawner] (PRIDummy) :: Item [261] causing search overtime: "SNAFU_AR15SPRBK"
22:42:50.798 [CE][LootRespawner] (PRIDummy) :: Item [262] causing search overtime: "SNAFU_Ammo_145Cal"
22:42:50.798 [CE][LootRespawner] (PRIDummy) :: Item [263] causing search overtime: "SNAFU_MHuntingOptic"
22:42:50.798 [CE][LootRespawner] (PRIDummy) :: Item [264] causing search overtime: "SNAFU_TACGripColtA2_BK"
22:42:50.802 [CE][LootRespawner] (PRIDummy) :: Item [265] causing search overtime: "SNAFU_PEQ1_Laser"
22:42:50.802 [CE][LootRespawner] (PRIDummy) :: Item [266] causing search overtime: "GCGN_Ammo_408Chey"
22:42:50.802 [CE][LootRespawner] (PRIDummy) :: Item [267] causing search overtime: "SNAFU_M300TAN"
22:42:50.805 [CE][LootRespawner] (PRIDummy) :: Item [124] is hard to place, performance drops: "Mosin_Bayonet"
22:42:50.805 [CE][LootRespawner] (PRIDummy) :: Item [268] causing search overtime: "GCGN_Vityaz"
22:42:50.811 [CE][LootRespawner] (PRIDummy) :: Item [269] causing search overtime: "SNAFUM98B_Wood_GUN"
22:42:50.815 [CE][LootRespawner] (PRIDummy) :: Item [270] causing search overtime: "SNAFU_Ammo_762x25"
22:42:50.818 [CE][LootRespawner] (PRIDummy) :: Item [271] causing search overtime: "IA2_Gun"
22:42:50.822 [CE][LootRespawner] (PRIDummy) :: Item [272] causing search overtime: "TetracyclineAntibiotics"
22:42:50.825 [CE][LootRespawner] (PRIDummy) :: Item [273] causing search overtime: "TetracyclineAntibiotics"
22:42:50.827 [CE][LootRespawner] (PRIDummy) :: Item [274] causing search overtime: "SNAFUSRSA2"
22:42:50.827 [CE][LootRespawner] (PRIDummy) :: Item [275] causing search overtime: "SNAFU_WSR3Stock"
22:42:50.843 [CE][LootRespawner] (PRIDummy) :: Item [125] is hard to place, performance drops: "WaterBottle"
22:42:50.846 [CE][LootRespawner] (PRIDummy) :: Item [126] is hard to place, performance drops: "ManSuit_LightGrey"
22:42:50.850 [CE][LootRespawner] (PRIDummy) :: Item [276] causing search overtime: "SNAFU_TACGripColtA2_OD"
22:42:50.854 [CE][LootRespawner] (PRIDummy) :: Item [277] causing search overtime: "SNAFU_AEK545_Gun"
22:42:50.854 [CE][LootRespawner] (PRIDummy) :: Item [278] causing search overtime: "Modified_SA58_30RND_WBK"
22:42:50.871 [CE][LootRespawner] (PRIDummy) :: Item [279] causing search overtime: "SNAFU_MOE_Stock"
22:42:50.871 [CE][LootRespawner] (PRIDummy) :: Item [280] causing search overtime: "SNAFU_MK47_Stock"
22:42:50.871 [CE][LootRespawner] (PRIDummy) :: Item [281] causing search overtime: "M4A1"
22:42:50.872 [CE][LootRespawner] (PRIDummy) :: Item [282] causing search overtime: "Snafu_ScarH_OD_GUN"
22:42:50.873 [CE][LootRespawner] (PRIDummy) :: Item [283] causing search overtime: "SNAFU_Trijicon"
22:42:50.873 [CE][LootRespawner] (PRIDummy) :: Item [284] causing search overtime: "SNAFUAR15_SPR_SIL"
22:42:50.876 [CE][LootRespawner] (PRIDummy) :: Item [285] causing search overtime: "SNAFUAUG"
22:42:50.882 [CE][LootRespawner] (PRIDummy) :: Item [286] causing search overtime: "SNAFU_M4300AC_10_GUN"
22:42:50.892 [CE][LootRespawner] (PRIDummy) :: Item [287] causing search overtime: "SNAFU_AKElcan"
22:42:50.895 [CE][LootRespawner] (PRIDummy) :: Item [288] causing search overtime: "SNAFU_RPK16_Green"
22:42:50.902 [CE][LootRespawner] (PRIDummy) :: Item [289] causing search overtime: "SNAFUAUG_30rdMag"
22:42:50.902 [CE][LootRespawner] (PRIDummy) :: Item [290] causing search overtime: "SNAFU_EOTech_EXPS3"
22:42:50.906 [CE][LootRespawner] (PRIDummy) :: Item [291] causing search overtime: "Mag_Vikhr_30Rnd"
22:42:50.906 [CE][LootRespawner] (PRIDummy) :: Item [292] causing search overtime: "Mag_Vikhr_30Rnd"
22:42:50.906 [CE][LootRespawner] (PRIDummy) :: Item [293] causing search overtime: "SNAFU_CMAG60300_Tan"
22:42:50.906 [CE][LootRespawner] (PRIDummy) :: Item [294] causing search overtime: "SNAFUM98B_Snow_GUN"
22:42:50.906 [CE][LootRespawner] (PRIDummy) :: Item [295] causing search overtime: "SNAFUGevar_Green"
22:42:50.906 [CE][LootRespawner] (PRIDummy) :: Item [296] causing search overtime: "SNAFUSten_32rdMag"
22:42:50.907 [CE][LootRespawner] (PRIDummy) :: Item [297] causing search overtime: "SNAFU_PL14HQP_Mag"
22:42:50.907 [CE][LootRespawner] (PRIDummy) :: Item [298] causing search overtime: "SNAFU_Saint_Mag"
22:42:50.912 [CE][LootRespawner] (PRIDummy) :: Item [299] causing search overtime: "ChickenFeather"
22:42:50.913 [CE][LootRespawner] (PRIDummy) :: Item [300] causing search overtime: "ChickenFeather"
22:42:50.915 [CE][LootRespawner] (PRIDummy) :: Item [301] causing search overtime: "ChickenFeather"
22:42:50.916 [CE][LootRespawner] (PRIDummy) :: Item [302] causing search overtime: "ChickenFeather"
22:42:50.918 [CE][LootRespawner] (PRIDummy) :: Item [303] causing search overtime: "ChickenFeather"
22:42:50.933 [CE][LootRespawner] (PRIDummy) :: Item [127] is hard to place, performance drops: "Balaclava3Holes_Black"
22:42:50.936 [CE][LootRespawner] (PRIDummy) :: Item [128] is hard to place, performance drops: "WoolCoat_Blue"
22:42:50.938 [CE][LootRespawner] (PRIDummy) :: Item [304] causing search overtime: "SNAFU_HeramuzzelF"
22:42:50.938  WORLD        : Create entity type 'BaseRadio'
22:42:50.938   ENTITY    (E): Type 'Inventory_BaseType' must be inherited from class 'ItemTransmitterType'
22:42:50.952 [CE][LootRespawner] (PRIDummy) :: Item [305] causing search overtime: "SNAFUAX50_Mag"
22:42:50.953 [CE][LootRespawner] (PRIDummy) :: Item [306] causing search overtime: "SNSA58_Gun"
22:42:50.961 [CE][LootRespawner] (PRIDummy) :: Item [129] is hard to place, performance drops: "Pot"
22:42:50.981 [CE][LootRespawner] (PRIDummy) :: Item [307] causing search overtime: "SNAFUPPSh_71rdMag"
22:42:50.985 [CE][LootRespawner] (PRIDummy) :: Item [130] is hard to place, performance drops: "WorkingGloves_Black"
22:42:50.989 [CE][LootRespawner] (PRIDummy) :: Item [131] is hard to place, performance drops: "WorkingGloves_Black"
22:42:50.992 [CE][LootRespawner] (PRIDummy) :: Item [308] causing search overtime: "SNAFU_Agram_Suppressor_Black"
22:42:50.995 [CE][LootRespawner] (PRIDummy) :: Item [309] causing search overtime: "SNAFURSASS_od_GUN"
22:42:50.995 [CE][LootRespawner] (PRIDummy) :: Item [310] causing search overtime: "SNAFU_AR15SPRTAN"
22:42:50.995 [CE][LootRespawner] (PRIDummy) :: Item [311] causing search overtime: "SNAFU_Ammo_46x30"
22:42:50.998 [CE][LootRespawner] (PRIDummy) :: Item [312] causing search overtime: "SNAFU_ADAR_Modular16_GUN"
22:42:50.998 [CE][LootRespawner] (PRIDummy) :: Item [313] causing search overtime: "SNAFUAlligator_5rdMag"
22:42:51.01  [CE][LootRespawner] (PRIDummy) :: Item [314] causing search overtime: "SNAFUT5000_Mag"
22:42:51.01  [CE][LootRespawner] (PRIDummy) :: Item [315] causing search overtime: "SNAFU_Elcan"
22:42:51.09  [CE][LootRespawner] (PRIDummy) :: Item [316] causing search overtime: "SNAFU_PistolGripColtA2"
22:42:51.41   PHYSICS   (W): While attempting to remove proxy physics for the selection 'codelock', the corresponding bone could not be found in the shape 'dz\gear\camping\largetent.p3d'
22:42:51.44   PHYSICS   (W): While attempting to remove proxy physics for the selection 'codelock', the corresponding bone could not be found in the shape 'dz\gear\camping\largetent.p3d'
22:42:51.46   PHYSICS   (W): While attempting to remove proxy physics for the selection 'codelock', the corresponding bone could not be found in the shape 'dz\gear\camping\largetent.p3d'
22:42:51.50   PHYSICS   (W): While attempting to remove proxy physics for the selection 'codelock', the corresponding bone could not be found in the shape 'dz\gear\camping\largetent.p3d'
22:42:51.55   PHYSICS   (W): While attempting to remove proxy physics for the selection 'codelock', the corresponding bone could not be found in the shape 'dz\gear\camping\largetent.p3d'
22:42:51.60   PHYSICS   (W): While attempting to remove proxy physics for the selection 'codelock', the corresponding bone could not be found in the shape 'dz\gear\camping\largetent.p3d'
22:42:51.73  [CE][LootRespawner] (PRIDummy) :: Item [317] causing search overtime: "HK416_Gun"
22:42:51.76  [CE][LootRespawner] (PRIDummy) :: Item [318] causing search overtime: "SNAFU_MK47Muzzel"
22:42:51.77  [CE][LootRespawner] (PRIDummy) :: Item [319] causing search overtime: "SNAFUSA80"
22:42:51.78  [CE][LootRespawner] (PRIDummy) :: Item [320] causing search overtime: "SNAFUM1A_Green"
22:42:51.84  [CE][LootRespawner] (PRIDummy) :: Item [321] causing search overtime: "SNAFU_Kabar"
22:42:51.94  [CE][LootRespawner] (PRIDummy) :: Item [322] causing search overtime: "SNAFU_AKEOTech_EXPS3"
22:42:51.98  [CE][LootRespawner] (PRIDummy) :: Item [323] causing search overtime: "SNAFU_Shotgunchoke_Yellow"
22:42:51.106 [CE][LootRespawner] (PRIDummy) :: Item [132] is hard to place, performance drops: "BearTrap"
22:42:51.107 [CE][LootRespawner] (PRIDummy) :: Item [133] is hard to place, performance drops: "BearTrap"
22:42:51.107 [CE][LootRespawner] (PRIDummy) :: Item [134] is hard to place, performance drops: "BearTrap"
22:42:51.109 [CE][LootRespawner] (PRIDummy) :: Item [324] causing search overtime: "BearTrap"
22:42:51.109 [CE][LootRespawner] (PRIDummy) :: Item [135] is hard to place, performance drops: "BearTrap"
22:42:51.109 [CE][LootRespawner] (PRIDummy) :: Item [136] is hard to place, performance drops: "BearTrap"
22:42:51.109 [CE][LootRespawner] (PRIDummy) :: Item [137] is hard to place, performance drops: "BearTrap"
22:42:51.110 [CE][LootRespawner] (PRIDummy) :: Item [325] causing search overtime: "BearTrap"
22:42:51.111 [CE][LootRespawner] (PRIDummy) :: Item [138] is hard to place, performance drops: "BearTrap"
22:42:51.112 [CE][LootRespawner] (PRIDummy) :: Item [139] is hard to place, performance drops: "BearTrap"
22:42:51.112 [CE][LootRespawner] (PRIDummy) :: Item [140] is hard to place, performance drops: "BearTrap"
22:42:51.112 [CE][LootRespawner] (PRIDummy) :: Item [326] causing search overtime: "BearTrap"
22:42:51.112 [CE][LootRespawner] (PRIDummy) :: Item [141] is hard to place, performance drops: "BearTrap"
22:42:51.113 [CE][LootRespawner] (PRIDummy) :: Item [142] is hard to place, performance drops: "BearTrap"
22:42:51.114 [CE][LootRespawner] (PRIDummy) :: Item [143] is hard to place, performance drops: "BearTrap"
22:42:51.115 [CE][LootRespawner] (PRIDummy) :: Item [327] causing search overtime: "BearTrap"
22:42:51.115 [CE][LootRespawner] (PRIDummy) :: Item [144] is hard to place, performance drops: "BearTrap"
22:42:51.115 [CE][LootRespawner] (PRIDummy) :: Item [145] is hard to place, performance drops: "BearTrap"
22:42:51.115 [CE][LootRespawner] (PRIDummy) :: Item [146] is hard to place, performance drops: "BearTrap"
22:42:51.115 [CE][LootRespawner] (PRIDummy) :: Item [328] causing search overtime: "BearTrap"
22:42:51.115 [CE][LootRespawner] (PRIDummy) :: Item [147] is hard to place, performance drops: "BearTrap"
22:42:51.115 [CE][LootRespawner] (PRIDummy) :: Item [148] is hard to place, performance drops: "BearTrap"
22:42:51.115 [CE][LootRespawner] (PRIDummy) :: Item [149] is hard to place, performance drops: "BearTrap"
22:42:51.115 [CE][LootRespawner] (PRIDummy) :: Item [329] causing search overtime: "BearTrap"
22:42:51.115 [CE][LootRespawner] (PRIDummy) :: Item [150] is hard to place, performance drops: "BearTrap"
22:42:51.115 [CE][LootRespawner] (PRIDummy) :: Item [151] is hard to place, performance drops: "BearTrap"
22:42:51.115 [CE][LootRespawner] (PRIDummy) :: Item [152] is hard to place, performance drops: "BearTrap"
22:42:51.115 [CE][LootRespawner] (PRIDummy) :: Item [330] causing search overtime: "BearTrap"
22:42:51.115 [CE][LootRespawner] (PRIDummy) :: Item [153] is hard to place, performance drops: "BearTrap"
22:42:51.115 [CE][LootRespawner] (PRIDummy) :: Item [154] is hard to place, performance drops: "BearTrap"
22:42:51.115 [CE][LootRespawner] (PRIDummy) :: Item [155] is hard to place, performance drops: "BearTrap"
22:42:51.116 [CE][LootRespawner] (PRIDummy) :: Item [331] causing search overtime: "BearTrap"
22:42:51.116 [CE][LootRespawner] (PRIDummy) :: Item [156] is hard to place, performance drops: "BearTrap"
22:42:51.116 [CE][LootRespawner] (PRIDummy) :: Item [157] is hard to place, performance drops: "BearTrap"
22:42:51.116 [CE][LootRespawner] (PRIDummy) :: Item [158] is hard to place, performance drops: "BearTrap"
22:42:51.116 [CE][LootRespawner] (PRIDummy) :: Item [332] causing search overtime: "BearTrap"
22:42:51.116 [CE][LootRespawner] (PRIDummy) :: Item [159] is hard to place, performance drops: "BearTrap"
22:42:51.117 [CE][LootRespawner] (PRIDummy) :: Item [160] is hard to place, performance drops: "BearTrap"
22:42:51.117 [CE][LootRespawner] (PRIDummy) :: Item [161] is hard to place, performance drops: "BearTrap"
22:42:51.117 [CE][LootRespawner] (PRIDummy) :: Item [333] causing search overtime: "BearTrap"
22:42:51.117 [CE][LootRespawner] (PRIDummy) :: Item [162] is hard to place, performance drops: "BearTrap"
22:42:51.117 [CE][LootRespawner] (PRIDummy) :: Item [163] is hard to place, performance drops: "BearTrap"
22:42:51.117 [CE][LootRespawner] (PRIDummy) :: Item [164] is hard to place, performance drops: "BearTrap"
22:42:51.117 [CE][LootRespawner] (PRIDummy) :: Item [334] causing search overtime: "BearTrap"
22:42:51.117 [CE][LootRespawner] (PRIDummy) :: Item [165] is hard to place, performance drops: "BearTrap"
22:42:51.117 [CE][LootRespawner] (PRIDummy) :: Item [166] is hard to place, performance drops: "BearTrap"
22:42:51.117 [CE][LootRespawner] (PRIDummy) :: Item [167] is hard to place, performance drops: "BearTrap"
22:42:51.117 [CE][LootRespawner] (PRIDummy) :: Item [335] causing search overtime: "BearTrap"
22:42:51.118 [CE][LootRespawner] (PRIDummy) :: Item [336] causing search overtime: "GCGN_Ammo_762x51"
22:42:51.118 [CE][LootRespawner] (PRIDummy) :: Item [337] causing search overtime: "SNAFU_AFG_02_Tan"
22:42:51.119 [CE][LootRespawner] (PRIDummy) :: Item [168] is hard to place, performance drops: "TrackSuitJacket_Red"
22:42:51.120 [CE][LootRespawner] (PRIDummy) :: Item [169] is hard to place, performance drops: "TrackSuitJacket_Red"
22:42:51.121 [CE][LootRespawner] (PRIDummy) :: Item [170] is hard to place, performance drops: "TrackSuitJacket_Red"
22:42:51.122 [CE][LootRespawner] (PRIDummy) :: Item [338] causing search overtime: "SNAFU_VSSKbipod"
22:42:51.122 [CE][LootRespawner] (PRIDummy) :: Item [339] causing search overtime: "SNAFUKivaari_25rdMag"
22:42:51.123 [CE][LootRespawner] (PRIDummy) :: Item [171] is hard to place, performance drops: "HuntingBag"
22:42:51.126 [CE][LootRespawner] (PRIDummy) :: Item [172] is hard to place, performance drops: "HuntingBag"
22:42:51.130 [CE][LootRespawner] (PRIDummy) :: Item [340] causing search overtime: "dzn_platecarriervest_nac"
22:42:51.131 [CE][LootRespawner] (PRIDummy) :: Item [341] causing search overtime: "SNAFUAR15_SPR_SQSIL"
22:42:51.131 [CE][LootRespawner] (PRIDummy) :: Item [342] causing search overtime: "SNAFU_LStandardized_Suppressor_Black"
22:42:51.144 [CE][LootRespawner] (PRIDummy) :: Item [343] causing search overtime: "SNAFU_HAimpoint_M5"
22:42:51.151 [CE][LootRespawner] (PRIDummy) :: Item [344] causing search overtime: "SNAFU_Shotgunchoke_Red"
22:42:51.151 [CE][LootRespawner] (PRIDummy) :: Item [345] causing search overtime: "SNAFU_Saint556_Gun"
22:42:51.160 [CE][LootRespawner] (PRIDummy) :: Item [346] causing search overtime: "VR80_Gun"
22:42:51.171 [CE][LootRespawner] (PRIDummy) :: Item [173] is hard to place, performance drops: "TTsKOJacket_Camo"
22:42:51.174 [CE][LootRespawner] (PRIDummy) :: Item [174] is hard to place, performance drops: "TTsKOJacket_Camo"
22:42:51.180 [CE][LootRespawner] (PRIDummy) :: Item [347] causing search overtime: "dzn_platecarrierholster_nac"
22:42:51.180 [CE][LootRespawner] (PRIDummy) :: Item [348] causing search overtime: "SNAFU_AWM_GUN"
22:42:51.181 [CE][LootRespawner] (PRIDummy) :: Item [349] causing search overtime: "NVGoggles"
22:42:51.181 [CE][LootRespawner] (PRIDummy) :: Item [350] causing search overtime: "NVGoggles"
22:42:51.229 [CE][LootRespawner] (PRIDummy) :: Item [351] causing search overtime: "GCGN_Mag_FAL_50Rnd"
22:42:51.229 [CE][LootRespawner] (PRIDummy) :: Item [352] causing search overtime: "FarmingHoe"
22:42:51.230 [CE][LootRespawner] (PRIDummy) :: Item [353] causing search overtime: "FarmingHoe"
22:42:51.230 [CE][LootRespawner] (PRIDummy) :: Item [354] causing search overtime: "FarmingHoe"
22:42:51.231 [CE][LootRespawner] (PRIDummy) :: Item [355] causing search overtime: "FarmingHoe"
22:42:51.231 [CE][LootRespawner] (PRIDummy) :: Item [356] causing search overtime: "FarmingHoe"
22:42:51.231 [CE][LootRespawner] (PRIDummy) :: Item [357] causing search overtime: "FarmingHoe"
22:42:51.232 [CE][LootRespawner] (PRIDummy) :: Item [358] causing search overtime: "FarmingHoe"
22:42:51.232 [CE][LootRespawner] (PRIDummy) :: Item [359] causing search overtime: "FarmingHoe"
22:42:51.232 [CE][LootRespawner] (PRIDummy) :: Item [360] causing search overtime: "GCGN_Ammo_50Cal"
22:42:51.232 [CE][LootRespawner] (PRIDummy) :: Item [361] causing search overtime: "SNAFU_PL14HQP"
22:42:51.232 [CE][LootRespawner] (PRIDummy) :: Item [362] causing search overtime: "SNAFU_MTrijicon_Docter"
22:42:51.234 [CE][LootRespawner] (PRIDummy) :: Item [363] causing search overtime: "MK18_Gun"
22:42:51.234 [CE][LootRespawner] (PRIDummy) :: Item [364] causing search overtime: "SNAFU_AK19_Stock"
22:42:51.239 [CE][LootRespawner] (PRIDummy) :: Item [365] causing search overtime: "Mag_SVD_10Rnd"
22:42:51.239 [CE][LootRespawner] (PRIDummy) :: Item [366] causing search overtime: "Mag_SVD_10Rnd"
22:42:51.240 [CE][LootRespawner] (PRIDummy) :: Item [367] causing search overtime: "Mag_SVD_10Rnd"
22:42:51.240 [CE][LootRespawner] (PRIDummy) :: Item [368] causing search overtime: "Mag_SVD_10Rnd"
22:42:51.244 [CE][LootRespawner] (PRIDummy) :: Item [369] causing search overtime: "dzn_blueprint_lehs"
22:42:51.249 [CE][LootRespawner] (PRIDummy) :: Item [370] causing search overtime: "MountainBag_Orange"
22:42:51.271 [CE][LootRespawner] (PRIDummy) :: Item [371] causing search overtime: "SNAFU_MTango6T_Wood"
22:42:51.272 [CE][LootRespawner] (PRIDummy) :: Item [372] causing search overtime: "SNAFU_SR3Vikhr_Supp"
22:42:51.278 [CE][LootRespawner] (PRIDummy) :: Item [175] is hard to place, performance drops: "CarRadiator"
22:42:51.291 [CE][LootRespawner] (PRIDummy) :: Item [373] causing search overtime: "SNAFU_AFG_02_Black"
22:42:51.294 [CE][LootRespawner] (PRIDummy) :: Item [374] causing search overtime: "SNAFU_SR25_Mag"
22:42:51.333 [CE][LootRespawner] (PRIDummy) :: Item [375] causing search overtime: "SNAFU_Aimpoint_ACO"
22:42:51.365 [CE][LootRespawner] (PRIDummy) :: Item [376] causing search overtime: "SNAFUPPSh"
22:42:51.365 [CE][LootRespawner] (PRIDummy) :: Item [377] causing search overtime: "dzn_athena3_october"
22:42:51.379 [CE][LootRespawner] (PRIDummy) :: Item [378] causing search overtime: "SNAFUAR15_SPR_Tan_GUN"
22:42:51.386 [CE][LootRespawner] (PRIDummy) :: Item [379] causing search overtime: "Mag_Aug_30Rnd"
22:42:51.386 [CE][LootRespawner] (PRIDummy) :: Item [380] causing search overtime: "Mag_Aug_30Rnd"
22:42:51.386 [CE][LootRespawner] (PRIDummy) :: Item [381] causing search overtime: "Mag_Aug_30Rnd"
22:42:51.386 [CE][LootRespawner] (PRIDummy) :: Item [382] causing search overtime: "SA58_FGrip"
22:42:51.386 [CE][LootRespawner] (PRIDummy) :: Item [176] is hard to place, performance drops: "SnowstormUshanka_Navy"
22:42:51.389 [CE][LootRespawner] (PRIDummy) :: Item [383] causing search overtime: "SNAFU_PRSGen3_Stock"
22:42:51.402 [CE][LootRespawner] (PRIDummy) :: Item [384] causing search overtime: "SNAFU_Trenchgun"
22:42:51.415 [CE][LootRespawner] (PRIDummy) :: Item [385] causing search overtime: "SNAFU_M249Bipod"
22:42:51.427 [CE][LootRespawner] (PRIDummy) :: Item [386] causing search overtime: "SNAFU_AK103_Mag"
22:42:51.435 [CE][LootRespawner] (PRIDummy) :: Item [387] causing search overtime: "SNAFUPPSKN_30rdMag"
22:42:51.435 [CE][LootRespawner] (PRIDummy) :: Item [388] causing search overtime: "SNAFUHoneyBadger_30rdMag_Tan"
22:42:51.442 [CE][LootRespawner] (PRIDummy) :: Item [389] causing search overtime: "SNAFU_M4300AC_14DV_GUN"
22:42:51.443 [CE][LootRespawner] (PRIDummy) :: Item [390] causing search overtime: "SNAFUTAR21_Tan"
22:42:51.443 [CE][LootRespawner] (PRIDummy) :: Item [391] causing search overtime: "SNAFU_HGGS"
22:42:51.443 [CE][LootRespawner] (PRIDummy) :: Item [392] causing search overtime: "SNAFUKivaari_338_Supp"
22:42:51.446 [CE][LootRespawner] (PRIDummy) :: Item [393] causing search overtime: "Mag_Saiga_Drum20Rnd"
22:42:51.446 [CE][LootRespawner] (PRIDummy) :: Item [394] causing search overtime: "Mag_Saiga_Drum20Rnd"
22:42:51.466 [CE][LootRespawner] (PRIDummy) :: Item [395] causing search overtime: "SNAFUGevar_Grey"
22:42:51.466 [CE][LootRespawner] (PRIDummy) :: Item [396] causing search overtime: "SNAFU_SADAR_Stock"
22:42:51.467 [CE][LootRespawner] (PRIDummy) :: Item [397] causing search overtime: "SNAFUVSSK_5rdMag"
22:42:51.472 [CE][LootRespawner] (PRIDummy) :: Item [398] causing search overtime: "TaloonBag_Orange"
22:42:51.483 [CE][LootRespawner] (PRIDummy) :: Item [177] is hard to place, performance drops: "CargoPants_Black"
22:42:51.483 [CE][LootRespawner] (PRIDummy) :: Item [178] is hard to place, performance drops: "CargoPants_Black"
22:42:51.495 [CE][LootRespawner] (PRIDummy) :: Item [399] causing search overtime: "dzn_module_card"
22:42:51.527 [CE][LootRespawner] (PRIDummy) :: Item [400] causing search overtime: "SNAFU_AK19Muzzel"
22:42:51.543 !!! [CE][Point] Removing 5295.420410, 7099.399902 from land_wrecked_mi8_frozen
22:42:51.562 [CE][LootRespawner] (PRIDummy) :: Item [401] causing search overtime: "GCGN_M200_Mag"
22:42:51.565 [CE][LootRespawner] (PRIDummy) :: Item [402] causing search overtime: "SNAFU_SBA_Stock"
22:42:51.567 [CE][LootRespawner] (PRIDummy) :: Item [403] causing search overtime: "SNAFU_Normalized_Suppressor_Black"
22:42:51.568 [CE][LootRespawner] (PRIDummy) :: Item [404] causing search overtime: "SNAFU_Ammo_500_SW"
22:42:51.569 [CE][LootRespawner] (PRIDummy) :: Item [405] causing search overtime: "SNAFUGM6Lynx_5rdMag"
22:42:51.588 [CE][LootRespawner] (PRIDummy) :: Item [406] causing search overtime: "SNAFU_M4556_Modular14_GUN"
22:42:51.622 [CE][LootRespawner] (PRIDummy) :: Item [407] causing search overtime: "SNAFURPD_100rdMag"
22:42:51.624 [CE][LootRespawner] (PRIDummy) :: Item [408] causing search overtime: "FirefightersHelmet_White"
22:42:51.656 [CE][LootRespawner] (PRIDummy) :: Item [409] causing search overtime: "SNAFUM98B_Digi_GUN"
22:42:51.662 [CE][LootRespawner] (PRIDummy) :: Item [410] causing search overtime: "SNAFU_KAC_Gun"
22:42:51.662 [CE][LootRespawner] (PRIDummy) :: Item [411] causing search overtime: "SNAFUTac21"
22:42:51.666 [CE][LootRespawner] (PRIDummy) :: Item [412] causing search overtime: "SNAFU_Shotgunchoke_Tur"
22:42:51.667 [CE][LootRespawner] (PRIDummy) :: Item [179] is hard to place, performance drops: "SVD_Wooden"
22:42:51.675 [CE][LootRespawner] (PRIDummy) :: Item [413] causing search overtime: "SNAFU_PMAG556_Grey"
22:42:51.702 [CE][LootRespawner] (PRIDummy) :: Item [414] causing search overtime: "SNAFU_CMAG40556_Black"
22:42:51.703 [CE][LootRespawner] (PRIDummy) :: Item [415] causing search overtime: "GCGN_M82_Barret"
22:42:51.703 [CE][LootRespawner] (PRIDummy) :: Item [416] causing search overtime: "Snafu_ScarH_Black_GUN"
22:42:51.704 [CE][LootRespawner] (PRIDummy) :: Item [417] causing search overtime: "MountainBag_Blue"
22:42:51.704 [CE][LootRespawner] (PRIDummy) :: Item [418] causing search overtime: "SNAFU_BMAG556_Black"
22:42:51.706 [CE][LootRespawner] (PRIDummy) :: Item [419] causing search overtime: "Snafu_ScarH_Snow_GUN"
22:42:51.711 [CE][LootRespawner] (PRIDummy) :: Item [420] causing search overtime: "SNAFU_MAimpoint_ACO"
22:42:51.711 [CE][LootRespawner] (PRIDummy) :: Item [421] causing search overtime: "SNAFU_HEOTech_EXPS3"
22:42:51.716 [CE][LootRespawner] (PRIDummy) :: Item [180] is hard to place, performance drops: "NBCBootsGray"
22:42:51.718 [CE][LootRespawner] (PRIDummy) :: Item [422] causing search overtime: "SNAFUMk12"
22:42:51.725  ENTITY    (W): Unknown object class 'pond' (nst\ns\water\lakewater.p3d)
22:42:51.725  ENTITY    (W): Unknown object class 'pond' (nst\ns\water\lakewater.p3d)
22:42:51.749 [CE][LootRespawner] (PRIDummy) :: Item [181] is hard to place, performance drops: "ChestHolster"
22:42:51.756 [CE][LootRespawner] (PRIDummy) :: Item [423] causing search overtime: "FirefighterJacket_Beige"
22:42:51.762 [CE][LootRespawner] (PRIDummy) :: Item [182] is hard to place, performance drops: "dzn_sumrak_up_coldw"
22:42:51.784 [CE][LootRespawner] (PRIDummy) :: Item [424] causing search overtime: "Snafu_ScarH_Tan_GUN"
22:42:51.835 [CE][LootRespawner] (PRIDummy) :: Item [425] causing search overtime: "BandageDressing"
22:42:51.838 [CE][LootRespawner] (PRIDummy) :: Item [426] causing search overtime: "BandageDressing"
22:42:51.840 [CE][LootRespawner] (PRIDummy) :: Item [427] causing search overtime: "BandageDressing"
22:42:51.842 [CE][LootRespawner] (PRIDummy) :: Item [428] causing search overtime: "BandageDressing"
22:42:51.849 [CE][LootRespawner] (PRIDummy) :: Item [429] causing search overtime: "GCGN_Ammo_3006"
22:42:51.850 [CE][LootRespawner] (PRIDummy) :: Item [430] causing search overtime: "SNAFUScar_AFG_BK"
22:42:51.854 [CE][LootRespawner] (PRIDummy) :: Item [183] is hard to place, performance drops: "WeldingMask"
22:42:51.866  PHYSICS   (W): While attempting to remove proxy physics for the selection 'codelock', the corresponding bone could not be found in the shape 'dz\gear\camping\mediumtent.p3d'
22:42:51.868  PHYSICS   (W): While attempting to remove proxy physics for the selection 'codelock', the corresponding bone could not be found in the shape 'dz\gear\camping\mediumtent.p3d'
22:42:51.868  PHYSICS   (W): While attempting to remove proxy physics for the selection 'codelock', the corresponding bone could not be found in the shape 'dz\gear\camping\mediumtent.p3d'
22:42:51.870  PHYSICS   (W): While attempting to remove proxy physics for the selection 'codelock', the corresponding bone could not be found in the shape 'dz\gear\camping\mediumtent.p3d'
22:42:51.871  PHYSICS   (W): While attempting to remove proxy physics for the selection 'codelock', the corresponding bone could not be found in the shape 'dz\gear\camping\mediumtent.p3d'
22:42:51.872 [CE][LootRespawner] (PRIDummy) :: Item [431] causing search overtime: "SNAFU_Fort12_12rnd_Mag"
22:42:51.881 [CE][LootRespawner] (PRIDummy) :: Item [432] causing search overtime: "SNAFU_SR25_Gun"
22:42:51.921 [CE][LootRespawner] (PRIDummy) :: Item [433] causing search overtime: "SNAFU_408_Suppressor_T"
22:42:51.922 [CE][LootRespawner] (PRIDummy) :: Item [184] is hard to place, performance drops: "BeanieHat_Beige"
22:42:51.928 [CE][LootRespawner] (PRIDummy) :: Item [185] is hard to place, performance drops: "Rope"
22:42:51.929 [CE][LootRespawner] (PRIDummy) :: Item [186] is hard to place, performance drops: "Rope"
22:42:51.932 [CE][LootRespawner] (PRIDummy) :: Item [187] is hard to place, performance drops: "Rope"
22:42:51.934 [CE][LootRespawner] (PRIDummy) :: Item [188] is hard to place, performance drops: "Rope"
22:42:51.934 [CE][LootRespawner] (PRIDummy) :: Item [189] is hard to place, performance drops: "Rope"
22:42:51.937 [CE][LootRespawner] (PRIDummy) :: Item [434] causing search overtime: "SNAFU_AFG_02_OD"
22:42:51.937 [CE][LootRespawner] (PRIDummy) :: Item [435] causing search overtime: "SNAFU_MLeupold_Mark8"
22:42:51.938 [CE][LootRespawner] (PRIDummy) :: Item [190] is hard to place, performance drops: "JumpsuitJacket_Red"
22:42:51.938 [CE][LootRespawner] (PRIDummy) :: Item [191] is hard to place, performance drops: "JumpsuitJacket_Red"
22:42:51.955 [CE][LootRespawner] (PRIDummy) :: Item [436] causing search overtime: "SNAFU_AK103A"
22:42:51.957 [CE][LootRespawner] (PRIDummy) :: Item [192] is hard to place, performance drops: "dzn_gorka_up_winter"
22:42:51.967 [CE][LootRespawner] (PRIDummy) :: Item [437] causing search overtime: "SNAFU_PDW_9mm"
22:42:51.971 [CE][LootRespawner] (PRIDummy) :: Item [193] is hard to place, performance drops: "BatteryCharger"
22:42:51.974 [CE][LootRespawner] (PRIDummy) :: Item [194] is hard to place, performance drops: "BatteryCharger"
22:42:51.975 [CE][LootRespawner] (PRIDummy) :: Item [195] is hard to place, performance drops: "BatteryCharger"
22:42:51.977 [CE][LootRespawner] (PRIDummy) :: Item [438] causing search overtime: "SNAFU_M200S_Tan"
22:42:51.978 [CE][LootRespawner] (PRIDummy) :: Item [439] causing search overtime: "SNAFU_Hunting_Mount_Base"
22:42:51.981 [CE][LootRespawner] (PRIDummy) :: Item [196] is hard to place, performance drops: "BeanieHat_Grey"
22:42:52.01  [CE][LootRespawner] (PRIDummy) :: Item [197] is hard to place, performance drops: "MetalPlate"
22:42:52.02  [CE][LootRespawner] (PRIDummy) :: Item [198] is hard to place, performance drops: "MetalPlate"
22:42:52.03  [CE][LootRespawner] (PRIDummy) :: Item [199] is hard to place, performance drops: "MetalPlate"
22:42:52.04  [CE][LootRespawner] (PRIDummy) :: Item [200] is hard to place, performance drops: "MetalPlate"
22:42:52.04  [CE][LootRespawner] (PRIDummy) :: Item [201] is hard to place, performance drops: "MetalPlate"
22:42:52.05  [CE][LootRespawner] (PRIDummy) :: Item [202] is hard to place, performance drops: "MetalPlate"
22:42:52.05  [CE][LootRespawner] (PRIDummy) :: Item [203] is hard to place, performance drops: "MetalPlate"
22:42:52.07  [CE][LootRespawner] (PRIDummy) :: Item [204] is hard to place, performance drops: "MetalPlate"
22:42:52.08  [CE][LootRespawner] (PRIDummy) :: Item [205] is hard to place, performance drops: "MetalPlate"
22:42:52.11  [CE][LootRespawner] (PRIDummy) :: Item [206] is hard to place, performance drops: "MetalPlate"
22:42:52.12  [CE][LootRespawner] (PRIDummy) :: Item [207] is hard to place, performance drops: "MetalPlate"
22:42:52.12  [CE][LootRespawner] (PRIDummy) :: Item [208] is hard to place, performance drops: "MetalPlate"
22:42:52.21  [CE][LootRespawner] (PRIDummy) :: Item [209] is hard to place, performance drops: "MetalPlate"
22:42:52.22  [CE][LootRespawner] (PRIDummy) :: Item [440] causing search overtime: "MetalPlate"
22:42:52.22  [CE][LootRespawner] (PRIDummy) :: Item [210] is hard to place, performance drops: "MetalPlate"
22:42:52.22  [CE][LootRespawner] (PRIDummy) :: Item [211] is hard to place, performance drops: "MetalPlate"
22:42:52.23  [CE][LootRespawner] (PRIDummy) :: Item [212] is hard to place, performance drops: "MetalPlate"
22:42:52.24  [CE][LootRespawner] (PRIDummy) :: Item [213] is hard to place, performance drops: "MetalPlate"
22:42:52.24  [CE][LootRespawner] (PRIDummy) :: Item [214] is hard to place, performance drops: "MetalPlate"
22:42:52.25  [CE][LootRespawner] (PRIDummy) :: Item [215] is hard to place, performance drops: "MetalPlate"
22:42:52.26  [CE][LootRespawner] (PRIDummy) :: Item [216] is hard to place, performance drops: "MetalPlate"
22:42:52.28  [CE][LootRespawner] (PRIDummy) :: Item [217] is hard to place, performance drops: "MetalPlate"
22:42:52.28  [CE][LootRespawner] (PRIDummy) :: Item [218] is hard to place, performance drops: "MetalPlate"
22:42:52.28  [CE][LootRespawner] (PRIDummy) :: Item [219] is hard to place, performance drops: "MetalPlate"
22:42:52.29  [CE][LootRespawner] (PRIDummy) :: Item [220] is hard to place, performance drops: "MetalPlate"
22:42:52.31  [CE][LootRespawner] (PRIDummy) :: Item [221] is hard to place, performance drops: "MetalPlate"
22:42:52.31  [CE][LootRespawner] (PRIDummy) :: Item [222] is hard to place, performance drops: "MetalPlate"
22:42:52.34  [CE][LootRespawner] (PRIDummy) :: Item [223] is hard to place, performance drops: "MetalPlate"
22:42:52.37  [CE][LootRespawner] (PRIDummy) :: Item [224] is hard to place, performance drops: "MetalPlate"
22:42:52.38  [CE][LootRespawner] (PRIDummy) :: Item [225] is hard to place, performance drops: "MetalPlate"
22:42:52.39  [CE][LootRespawner] (PRIDummy) :: Item [441] causing search overtime: "MetalPlate"
22:42:52.39  [CE][LootRespawner] (PRIDummy) :: Item [226] is hard to place, performance drops: "MetalPlate"
22:42:52.39  [CE][LootRespawner] (PRIDummy) :: Item [227] is hard to place, performance drops: "MetalPlate"
22:42:52.39  [CE][LootRespawner] (PRIDummy) :: Item [228] is hard to place, performance drops: "MetalPlate"
22:42:52.39  [CE][LootRespawner] (PRIDummy) :: Item [229] is hard to place, performance drops: "MetalPlate"
22:42:52.40  [CE][LootRespawner] (PRIDummy) :: Item [230] is hard to place, performance drops: "MetalPlate"
22:42:52.41  [CE][LootRespawner] (PRIDummy) :: Item [231] is hard to place, performance drops: "MetalPlate"
22:42:52.41  [CE][LootRespawner] (PRIDummy) :: Item [232] is hard to place, performance drops: "MetalPlate"
22:42:52.42  [CE][LootRespawner] (PRIDummy) :: Item [233] is hard to place, performance drops: "MetalPlate"
22:42:52.45  [CE][LootRespawner] (PRIDummy) :: Item [234] is hard to place, performance drops: "MetalPlate"
22:42:52.58  [CE][LootRespawner] (PRIDummy) :: Item [442] causing search overtime: "GCGN_M200"
22:42:52.59  [CE][LootRespawner] (PRIDummy) :: Initially (re)spawned:6475, Nominal:6884, Total in Map: 6508 at 5 (sec)
22:42:52.60    tests:6721, repeats:11 fails:235, overtime:443
22:42:52.65  [CE][Links] found 0 total links between groups, of 1
22:42:52.65  [CE][SpawnRandomLoot] (StaticMedDrop) :: Type: Misc_cargo_cont_net1, lootmin: 4, lootmax: 6, wanted: 5, deloot: 2, containermaxsum: 6
22:42:52.69  [CE][Links] found 0 total links between groups, of 2
22:42:52.69  [CE][SpawnRandomLoot] (StaticMedDrop) :: Type: Misc_cargo_cont_net1, lootmin: 4, lootmax: 6, wanted: 5, deloot: 2, containermaxsum: 6
22:42:52.71  [CE][Links] found 0 total links between groups, of 3
22:42:52.71  [CE][SpawnRandomLoot] (StaticMedDrop) :: Type: Misc_cargo_cont_net1, lootmin: 4, lootmax: 6, wanted: 5, deloot: 2, containermaxsum: 6
22:42:52.76  [CE][Links] found 0 total links between groups, of 4
22:42:52.76  [CE][SpawnRandomLoot] (StaticMedDrop) :: Type: Misc_cargo_cont_net1, lootmin: 4, lootmax: 6, wanted: 5, deloot: 2, containermaxsum: 6
22:42:52.78  [CE][Links] found 0 total links between groups, of 5
22:42:52.78  [CE][SpawnRandomLoot] (StaticMedDrop) :: Type: Misc_cargo_cont_net1, lootmin: 4, lootmax: 6, wanted: 5, deloot: 2, containermaxsum: 6
22:42:52.82  [CE][Links] found 0 total links between groups, of 6
22:42:52.82  [CE][SpawnRandomLoot] (StaticMedDrop) :: Type: Misc_cargo_cont_net1, lootmin: 4, lootmax: 6, wanted: 4, deloot: 2, containermaxsum: 6
22:42:52.88  [CE][Links] found 0 total links between groups, of 7
22:42:52.88  [CE][SpawnRandomLoot] (StaticLifeboat) :: Type: sea_oilrig_lifeboat, lootmin: 2, lootmax: 5, wanted: 4, deloot: 2, containermaxsum: 5
22:42:52.89  [CE][SpawnRandomLoot] (StaticLifeboat) :: No item found to spawn for DE! Spawned: 2 / 4 (enable log_ce_dynamicevent to see item lists for event)
22:42:52.199  WORLD        : Create entity type 'ZmbM_usSoldier_Officer_Desert'
22:42:52.200   MATERIAL  (E): Object dz/characters/zombies/z_hermit_m.xob - cannot load material Material_1.emat
22:42:52.606  WORLD        : Create entity type 'Animal_CapraHircusF'
22:42:52.606   ENTITY    (E): Type 'ManType' must be inherited from class 'DayZAnimalType'
22:42:52.615  WORLD        : Create entity type 'Animal_CapraHircus_Brown'
22:42:52.615   ENTITY    (E): Type 'ManType' must be inherited from class 'DayZAnimalType'
22:42:52.618  WORLD        : Create entity type 'Animal_OvisAries'
22:42:52.618   ENTITY    (E): Type 'ManType' must be inherited from class 'DayZAnimalType'
22:42:52.620  WORLD        : Create entity type 'Animal_RangiferTarandus'
22:42:52.620   ENTITY    (E): Type 'ManType' must be inherited from class 'DayZAnimalType'
22:42:52.622  WORLD        : Create entity type 'Animal_RangiferTarandusF'
22:42:52.622   ENTITY    (E): Type 'ManType' must be inherited from class 'DayZAnimalType'
22:42:52.625  WORLD        : Create entity type 'Animal_SusScrofa'
22:42:52.625   ENTITY    (E): Type 'ManType' must be inherited from class 'DayZAnimalType'
22:42:52.629  WORLD        : Create entity type 'Animal_CanisLupus_Grey'
22:42:52.629   ENTITY    (E): Type 'ManType' must be inherited from class 'DayZAnimalType'
22:42:52.635  WORLD        : Create entity type 'Animal_CanisLupus_White'
22:42:52.635   ENTITY    (E): Type 'ManType' must be inherited from class 'DayZAnimalType'
22:42:52.643  WORLD        : Create entity type 'Animal_UrsusArctos'
22:42:52.643   ENTITY    (E): Type 'ManType' must be inherited from class 'DayZAnimalType'
22:42:52.652  WORLD        : Create entity type 'Animal_UrsusMaritimus'
22:42:52.652   ENTITY    (E): Type 'ManType' must be inherited from class 'DayZAnimalType'
22:42:52.868 [CE][DynEvent] :: 23 types
22:42:52.868 [00] Loot
22:42:52.868   Primary Spawner: "Loot", active: yes, repeat: 2
22:42:52.868 [01] StaticMedDrop
22:42:52.868   Primary Spawner: "Static", active: yes, repeat: 1
22:42:52.868 [02] StaticLifeboat
22:42:52.868   Primary Spawner: "Static", active: yes, repeat: 1
22:42:52.868 [03] ItemWoodenPlanks
22:42:52.868   Primary Spawner: "Item", active: yes, repeat: 1
22:42:52.868 [04] TrajectoryStones
22:42:52.868   Primary Spawner: "Trajectory", active: yes, repeat: 1
22:42:52.868 [05] InfectedSanta
22:42:52.868   Primary Spawner: "Infected", active: yes, repeat: 1
22:42:52.868 [06] InfectedArmy
22:42:52.868   Primary Spawner: "Infected", active: yes, repeat: 1
22:42:52.868 [07] InfectedIndustrial
22:42:52.868   Primary Spawner: "Infected", active: yes, repeat: 1
22:42:52.868 [08] InfectedCivil
22:42:52.868   Primary Spawner: "Infected", active: yes, repeat: 1
22:42:52.868 [09] InfectedMedic
22:42:52.868   Primary Spawner: "Infected", active: yes, repeat: 1
22:42:52.868 [10] AnimalGoat
22:42:52.868   Primary Spawner: "Animal", active: yes, repeat: 1
22:42:52.868 [11] AnimalSheep
22:42:52.868   Primary Spawner: "Animal", active: yes, repeat: 1
22:42:52.868 [12] AnimalReindeer
22:42:52.868   Primary Spawner: "Animal", active: yes, repeat: 1
22:42:52.868 [13] AnimalWildBoar
22:42:52.868   Primary Spawner: "Animal", active: yes, repeat: 1
22:42:52.868 [14] AnimalWolf
22:42:52.868   Primary Spawner: "Animal", active: yes, repeat: 1
22:42:52.868 [15] AnimalBrownBear
22:42:52.868   Primary Spawner: "Animal", active: yes, repeat: 1
22:42:52.868 [16] AnimalPolarBear
22:42:52.868   Primary Spawner: "Animal", active: yes, repeat: 1
22:42:52.868 [17] AmbientFox
22:42:52.868   Primary Spawner: "Ambient", active: yes, repeat: 1
22:42:52.868 [18] AmbientHare
22:42:52.868   Primary Spawner: "Ambient", active: yes, repeat: 1
22:42:52.868 [19] VehicleRubberBoats
22:42:52.868   Primary Spawner: "Vehicle", active: yes, repeat: 1
22:42:52.868 [20] VehicleCivilianCars
22:42:52.868   Primary Spawner: "Vehicle", active: yes, repeat: 1
22:42:52.868 [21] VehicleTrucks
22:42:52.868   Primary Spawner: "Vehicle", active: yes, repeat: 1
22:42:52.868 [22] VehicleMilitary
22:42:52.868   Primary Spawner: "Vehicle", active: yes, repeat: 1
22:42:52.868 [CE][Hive] :: Initializing of spawners done.
22:42:52.872 [CE][Hive] :: Init sequence finished.
22:42:52.873 Player connect enabled
22:42:53.57  ENTITY    (W): Unknown object class 'pond' (nst\ns\water\lakewater.p3d)
22:42:53.57  ENTITY    (W): Unknown object class 'pond' (nst\ns\water\lakewater.p3d)
22:42:53.58  ENTITY    (W): Unknown object class 'pond' (nst\ns\water\lakewater.p3d)
22:42:53.58  ENTITY    (W): Unknown object class 'pond' (nst\ns\water\lakewater.p3d)
22:42:53.58  ENTITY    (W): Unknown object class 'pond' (nst\ns\water\lakewater.p3d)
22:42:53.59  ENTITY    (W): Unknown object class 'pond' (nst\ns\water\lakewater.p3d)
22:42:53.59  ENTITY    (W): Unknown object class 'pond' (nst\ns\water\lakewater.p3d)
22:42:53.60  ENTITY    (W): Unknown object class 'pond' (nst\ns\water\lakewater.p3d)
22:42:53.60  ENTITY    (W): Unknown object class 'pond' (nst\ns\water\lakewater.p3d)
22:42:53.60  ENTITY    (W): Unknown object class 'pond' (nst\ns\water\lakewater.p3d)
22:42:53.61  ENTITY    (W): Unknown object class 'pond' (nst\ns\water\lakewater.p3d)
22:42:53.61  ENTITY    (W): Unknown object class 'pond' (dz\water_sakhal\ice_lake\sakhal_50x50_ice_lake_clear.p3d)
22:42:53.62  ENTITY    (W): Unknown object class 'pond' (dz\water_sakhal\ice_lake\sakhal_50x50_ice_lake_clear.p3d)
22:42:53.72  ENTITY    (W): Unknown object class 'pond' (nst\ns\water\lakewater.p3d)
22:42:53.72  ENTITY    (W): Unknown object class 'pond' (nst\ns\water\lakewater.p3d)
22:42:53.72  ENTITY    (W): Unknown object class 'pond' (nst\ns\water\lakewater.p3d)
22:42:53.506 [IdleMode] Entering IN - save processed
22:42:53.516 ENTITY    (W): Unknown object class 'pond' (dz\water_sakhal\ice_lake\sakhal_50x50_ice_lake_clear.p3d)
22:42:53.522 ENTITY    (W): Unknown object class 'pond' (nst\ns\water\lakewater.p3d)
22:42:53.523 ENTITY    (W): Unknown object class 'pond' (nst\ns\water\lakewater.p3d)
22:42:53.523 ENTITY    (W): Unknown object class 'pond' (nst\ns\water\lakewater.p3d)
22:42:53.523 ENTITY    (W): Unknown object class 'pond' (nst\ns\water\lakewater.p3d)
22:42:53.523 ENTITY    (W): Unknown object class 'pond' (nst\ns\water\lakewater.p3d)
22:42:53.523 ENTITY    (W): Unknown object class 'pond' (nst\ns\water\lakewater.p3d)
22:42:53.523 ENTITY    (W): Unknown object class 'pond' (nst\ns\water\lakewater.p3d)
22:42:53.523 ENTITY    (W): Unknown object class 'pond' (nst\ns\water\lakewater.p3d)
22:42:53.523 ENTITY    (W): Unknown object class 'pond' (nst\ns\water\lakewater.p3d)
22:42:53.523 ENTITY    (W): Unknown object class 'pond' (nst\ns\water\lakewater.p3d)
22:42:53.523 ENTITY    (W): Unknown object class 'pond' (nst\ns\water\lakewater.p3d)
22:42:53.524 ENTITY    (W): Unknown object class 'pond' (nst\ns\water\lakewater.p3d)
22:42:53.524 ENTITY    (W): Unknown object class 'pond' (nst\ns\water\lakewater.p3d)
22:42:53.525 ENTITY    (W): Unknown object class 'pond' (nst\ns\water\lakewater.p3d)
22:42:53.582 ENTITY    (W): Unknown object class 'pond' (nst\ns\water\lakewater.p3d)
22:42:53.648 ENTITY       : Load entity type 'Land_Rail_Warehouse_Small'
22:42:53.648  ENTITY    (W): Door 'DoorsTwin1' is missing geometry components for selection 'DoorsTwin1', check model+config
22:42:53.648  ENTITY    (W): Door 'DoorsTwin2' is missing geometry components for selection 'DoorsTwin2', check model+config
22:42:53.748 ENTITY       : Load entity type 'land_seb_near_fac7'
22:42:53.748  ENTITY    (W): Door 'doorstwin1' is missing geometry components for selection 'doorstwin1', check model+config
22:42:53.801 ENTITY    (W): Unknown object class 'pond' (nst\ns\water\lakewater.p3d)
22:42:53.830 ENTITY       : Load entity type 'Land_City_School'
22:42:53.830  ENTITY    (W): Door 'DoorsTwin1' is missing geometry components for selection 'DoorsTwin1', check model+config
22:42:53.830  ENTITY    (W): Door 'DoorsTwin3' is missing geometry components for selection 'DoorsTwin3', check model+config
22:42:53.830  ENTITY    (W): Door 'DoorsTwin4' is missing geometry components for selection 'DoorsTwin4', check model+config
22:42:53.830  ENTITY    (W): Door 'DoorsTwin5' is missing geometry components for selection 'DoorsTwin5', check model+config
22:42:53.830  ENTITY    (W): Door 'DoorsTwin6' is missing geometry components for selection 'DoorsTwin6', check model+config
22:42:53.831  ENTITY    (W): Door 'DoorsTwin7' is missing geometry components for selection 'DoorsTwin7', check model+config
22:42:53.835  ENTITY    (W): Unknown object class 'thing' (dz\structures\proxy_buildingparts\lightningcond\lightningconductormiddle\lightningconductormiddle.p3d)
22:42:53.835  ENTITY    (W): Unknown object class 'thing' (dz\structures\proxy_buildingparts\lightningcond\lightningconductormiddle\lightningconductormiddle.p3d)
22:42:53.835  ENTITY    (W): Unknown object class 'thing' (dz\structures\proxy_buildingparts\lightningcond\lightningconductormiddle\lightningconductormiddle.p3d)
22:42:53.835  ENTITY    (W): Unknown object class 'thing' (dz\structures\proxy_buildingparts\lightningcond\lightningconductormiddle\lightningconductormiddle.p3d)
22:42:53.835  ENTITY    (W): Unknown object class 'thing' (dz\structures\proxy_buildingparts\lightningcond\lightningconductormiddle\lightningconductormiddle.p3d)
22:42:53.835  ENTITY    (W): Unknown object class 'thing' (dz\structures\proxy_buildingparts\lightningcond\lightningconductormiddle\lightningconductormiddle.p3d)
22:42:53.835  ENTITY    (W): Unknown object class 'thing' (dz\structures\proxy_buildingparts\lightningcond\lightningconductormiddle\lightningconductormiddle.p3d)
22:42:53.835  ENTITY    (W): Unknown object class 'thing' (dz\structures\proxy_buildingparts\lightningcond\lightningconductormiddle\lightningconductormiddle.p3d)
22:42:53.835  ENTITY    (W): Unknown object class 'thing' (dz\structures\proxy_buildingparts\lightningcond\lightningconductormiddle\lightningconductormiddle.p3d)
22:42:53.835  ENTITY    (W): Unknown object class 'thing' (dz\structures\proxy_buildingparts\lightningcond\lightningconductormiddle\lightningconductormiddle.p3d)
22:42:53.835  ENTITY    (W): Unknown object class 'thing' (dz\structures\proxy_buildingparts\lightningcond\lightningconductormiddle\lightningconductormiddle.p3d)
22:42:53.835  ENTITY    (W): Unknown object class 'thing' (dz\structures\proxy_buildingparts\lightningcond\lightningconductormiddle\lightningconductormiddle.p3d)
22:42:53.835  ENTITY    (W): Unknown object class 'thing' (dz\structures\proxy_buildingparts\lightningcond\lightningconductormiddle\lightningconductormiddle.p3d)
22:42:53.835  ENTITY    (W): Unknown object class 'thing' (dz\structures\proxy_buildingparts\lightningcond\lightningconductormiddle\lightningconductormiddle.p3d)
22:42:53.835  ENTITY    (W): Unknown object class 'thing' (dz\structures\proxy_buildingparts\lightningcond\lightningconductormiddle\lightningconductormiddle.p3d)
22:42:53.835  ENTITY    (W): Unknown object class 'thing' (dz\structures\proxy_buildingparts\lightningcond\lightningconductormiddle\lightningconductormiddle.p3d)
22:42:53.835  ENTITY    (W): Unknown object class 'thing' (dz\structures\proxy_buildingparts\lightningcond\lightningconductormiddle\lightningconductormiddle.p3d)
22:42:53.835  ENTITY    (W): Unknown object class 'thing' (dz\structures\proxy_buildingparts\lightningcond\lightningconductormiddle\lightningconductormiddle.p3d)
22:42:53.835  ENTITY    (W): Unknown object class 'thing' (dz\structures\proxy_buildingparts\lightningcond\lightningconductormiddle\lightningconductormiddle.p3d)
22:42:53.835  ENTITY    (W): Unknown object class 'thing' (dz\structures\proxy_buildingparts\lightningcond\lightningconductormiddle\lightningconductormiddle.p3d)
22:42:53.835  ENTITY    (W): Unknown object class 'thing' (dz\structures\proxy_buildingparts\lightningcond\lightningconductormiddle\lightningconductormiddle.p3d)
22:42:53.835  ENTITY    (W): Unknown object class 'thing' (dz\structures\proxy_buildingparts\lightningcond\lightningconductormiddle\lightningconductormiddle.p3d)
22:42:53.835  ENTITY    (W): Unknown object class 'thing' (dz\structures\proxy_buildingparts\lightningcond\lightningconductormiddle\lightningconductormiddle.p3d)
22:42:53.835  ENTITY    (W): Unknown object class 'thing' (dz\structures\proxy_buildingparts\lightningcond\lightningconductormiddle\lightningconductormiddle.p3d)
22:42:53.835  ENTITY    (W): Unknown object class 'thing' (dz\structures\proxy_buildingparts\lightningcond\lightningconductormiddle\lightningconductormiddle.p3d)
22:42:53.835  ENTITY    (W): Unknown object class 'thing' (dz\structures\proxy_buildingparts\lightningcond\lightningconductormiddle\lightningconductormiddle.p3d)
22:42:53.835  ENTITY    (W): Unknown object class 'thing' (dz\structures\proxy_buildingparts\lightningcond\lightningconductormiddle\lightningconductormiddle.p3d)
22:42:53.835  ENTITY    (W): Unknown object class 'thing' (dz\structures\proxy_buildingparts\lightningcond\lightningconductormiddle\lightningconductormiddle.p3d)
22:42:53.835  ENTITY    (W): Unknown object class 'thing' (dz\structures\proxy_buildingparts\lightningcond\lightningconductormiddle\lightningconductormiddle.p3d)
22:42:53.835  ENTITY    (W): Unknown object class 'thing' (dz\structures\proxy_buildingparts\lightningcond\lightningconductormiddle\lightningconductormiddle.p3d)
22:42:53.835  ENTITY    (W): Unknown object class 'thing' (dz\structures\proxy_buildingparts\lightningcond\lightningconductormiddle\lightningconductormiddle.p3d)
22:42:53.835  ENTITY    (W): Unknown object class 'thing' (dz\structures\proxy_buildingparts\lightningcond\lightningconductormiddle\lightningconductormiddle.p3d)
22:42:53.835  ENTITY    (W): Unknown object class 'thing' (dz\structures\proxy_buildingparts\lightningcond\lightningconductormiddle\lightningconductormiddle.p3d)
22:42:53.835  ENTITY    (W): Unknown object class 'thing' (dz\structures\proxy_buildingparts\lightningcond\lightningconductormiddle\lightningconductormiddle.p3d)
22:42:53.835  ENTITY    (W): Unknown object class 'thing' (dz\structures\proxy_buildingparts\lightningcond\lightningconductormiddle\lightningconductormiddle.p3d)
22:42:53.835  ENTITY    (W): Unknown object class 'thing' (dz\structures\proxy_buildingparts\lightningcond\lightningconductormiddle\lightningconductormiddle.p3d)
22:42:53.835  ENTITY    (W): Unknown object class 'thing' (dz\structures\proxy_buildingparts\lightningcond\lightningconductormiddle\lightningconductormiddle.p3d)
22:42:53.835  ENTITY    (W): Unknown object class 'thing' (dz\structures\proxy_buildingparts\lightningcond\lightningconductormiddle\lightningconductormiddle.p3d)
22:42:53.835  ENTITY    (W): Unknown object class 'thing' (dz\structures\proxy_buildingparts\lightningcond\lightningconductormiddle\lightningconductormiddle.p3d)
22:42:53.835  ENTITY    (W): Unknown object class 'thing' (dz\structures\proxy_buildingparts\lightningcond\lightningconductormiddle\lightningconductormiddle.p3d)
22:42:53.835  ENTITY    (W): Unknown object class 'thing' (dz\structures\proxy_buildingparts\lightningcond\lightningconductormiddle\lightningconductormiddle.p3d)
22:42:53.835  ENTITY    (W): Unknown object class 'thing' (dz\structures\proxy_buildingparts\lightningcond\lightningconductormiddle\lightningconductormiddle.p3d)
22:42:53.835  ENTITY    (W): Unknown object class 'thing' (dz\structures\proxy_buildingparts\lightningcond\lightningconductormiddle\lightningconductormiddle.p3d)
22:42:53.835  ENTITY    (W): Unknown object class 'thing' (dz\structures\proxy_buildingparts\lightningcond\lightningconductormiddle\lightningconductormiddle.p3d)
22:42:53.835  ENTITY    (W): Unknown object class 'thing' (dz\structures\proxy_buildingparts\lightningcond\lightningconductormiddle\lightningconductormiddle.p3d)
22:42:53.835  ENTITY    (W): Unknown object class 'thing' (dz\structures\proxy_buildingparts\lightningcond\lightningconductormiddle\lightningconductormiddle.p3d)
22:42:53.835  ENTITY    (W): Unknown object class 'thing' (dz\structures\proxy_buildingparts\lightningcond\lightningconductormiddle\lightningconductormiddle.p3d)
22:42:53.835  ENTITY    (W): Unknown object class 'thing' (dz\structures\proxy_buildingparts\lightningcond\lightningconductormiddle\lightningconductormiddle.p3d)
22:42:53.835  ENTITY    (W): Unknown object class 'thing' (dz\structures\proxy_buildingparts\lightningcond\lightningconductormiddle\lightningconductormiddle.p3d)
22:42:53.835  ENTITY    (W): Unknown object class 'thing' (dz\structures\proxy_buildingparts\lightningcond\lightningconductormiddle\lightningconductormiddle.p3d)
22:42:53.835  ENTITY    (W): Unknown object class 'thing' (dz\structures\proxy_buildingparts\lightningcond\lightningconductormiddle\lightningconductormiddle.p3d)
22:42:53.872 ENTITY    (W): Unknown object class 'pond' (dz\water_sakhal\ice_lake\sakhal_50x50_ice_lake_clear.p3d)
22:42:53.957 ENTITY       : Load entity type 'Land_Boathouse'
22:42:53.957  ENTITY    (W): Door 'DoorsTwin1' is missing geometry components for selection 'DoorsTwin1', check model+config
22:42:53.982 ENTITY       : Load entity type 'Land_Ruin_HouseBig1_NoIvy'
22:42:53.982  ENTITY    (W): Door 'DoorsTwin1' is missing geometry components for selection 'DoorsTwin1', check model+config
22:42:54.79  ENTITY       : Load entity type 'Land_Ruin_HouseBig3_NoIvy'
22:42:54.79   ENTITY    (W): Door 'DoorsTwin1' is missing geometry components for selection 'DoorsTwin1', check model+config
22:42:54.135 ENTITY       : Load entity type 'Land_Ruin_HouseBig3_NoIvy_Half'
22:42:54.135  ENTITY    (W): Door 'DoorsTwin1' is missing geometry components for selection 'DoorsTwin1', check model+config
22:42:54.140 ENTITY       : Load entity type 'Land_Ruin_HouseBig2_NoIvy'
22:42:54.140  ENTITY    (W): Door 'DoorsTwin1' is missing geometry components for selection 'DoorsTwin1', check model+config
22:42:54.140  ENTITY    (W): Door 'DoorsTwin2' is missing geometry components for selection 'DoorsTwin2', check model+config
22:42:54.288 ENTITY    (W): Unknown object class 'pond' (dz\water_sakhal\ice_lake\sakhal_50x50_ice_lake_clear.p3d)
22:43:07.53  ENTITY    (W): Unknown object class 'pond' (nst\ns\water\lakewater_still.p3d)
22:43:07.62  ENTITY    (W): Unknown object class 'pond' (nst\ns\water\lakewater_still.p3d)
22:43:14.23  ENTITY    (W): Unknown object class 'pond' (dz\water_sakhal\ice_lake\sakhal_50x50_ice_lake_clear.p3d)
22:43:20.793 ENTITY    (W): Unknown object class 'pond' (dz\water_sakhal\ice_lake\sakhal_50x50_ice_lake_clear.p3d)
22:43:21.569 [Login]: Adding player Survivor (1556862898) to login queue at position 0
22:43:21.570 [LoginMachine]: Add player Survivor (1556862898 192.168.0.103:56952)
22:43:21.570 [StateMachine]: Player Survivor (dpnid 1556862898 uid ) Entering AuthPlayerLoginState
22:43:21.571 [StateMachine]: Player Survivor (dpnid 1556862898 uid ) Entering WaitAuthPlayerLoginState
22:43:24.449 Игрок Survivor соединяется.
22:43:24.525 [StateMachine]: Player Survivor (dpnid 1556862898 uid ) Entering WaitPlayerAssignedLoginState
22:43:24.706 [StateMachine]: Player Survivor (dpnid 1556862898 uid ) Entering PlayerAssignedLoginState
22:43:24.706 [StateMachine]: Player Survivor (dpnid 1556862898 uid x_MJ2w6DZznhQeYHMWeX7_S9NuAxgYSiQqpLVIMNfrA=) Entering DBGetLoginTimeLoginState
22:43:24.761 [StateMachine]: Player Survivor (dpnid 1556862898 uid x_MJ2w6DZznhQeYHMWeX7_S9NuAxgYSiQqpLVIMNfrA=) Entering DBWaitLoginTimeLoginState
22:43:24.825 [IdleMode] Leaving OUT
22:43:25.278 ENTITY    (W): Unknown object class 'pond' (dz\water_sakhal\ice_lake\sakhal_50x50_ice_lake_clear.p3d)
22:43:25.279 ENTITY    (W): Unknown object class 'pond' (dz\water_sakhal\ice_lake\sakhal_50x50_ice_lake_clear.p3d)
22:43:28.311 ENTITY    (W): Unknown object class 'pond' (dz\water_sakhal\ice_lake\sakhal_50x50_ice_lake_clear.p3d)
22:43:29.699 ENTITY    (W): Unknown object class 'pond' (nst\ns\water\lakewater_still.p3d)
22:43:32.222 ENTITY    (W): Unknown object class 'pond' (dz\water_sakhal\ice_lake\sakhal_50x50_ice_lake_clear.p3d)
22:43:36.184 ENTITY    (W): Unknown object class 'pond' (dz\water_sakhal\ice_lake\sakhal_50x50_ice_lake_clear.p3d)
22:43:39.761 [StateMachine]: Player Survivor (dpnid 1556862898 uid x_MJ2w6DZznhQeYHMWeX7_S9NuAxgYSiQqpLVIMNfrA=) Entering DBGetCharacterLoginState
22:43:39.762 [StateMachine]: Player Survivor (dpnid 1556862898 uid x_MJ2w6DZznhQeYHMWeX7_S9NuAxgYSiQqpLVIMNfrA=) Entering CreateNetObjectsLoginState
22:43:39.763 [CE][PlayerSpawnPoints][GRP_DBG] :: Selected: { no group } | idx: 0 (ut: 145266 | lt: 0 | ctr: 0)
22:43:39.763 [CE][PlayerSpawnPoints][GRP_DBG] :: Current: { no group } | idx: 0 (ct: 145266 | ut: 145266 | lt: 0 | ctr: 0)
22:43:39.763 [CE][PlayerSpawnPoints][GRP_DBG] :: Current: { no group } index: 0 (lt: 0 | ctr: 0)
22:43:39.763 [CE][PlayerSpawnPoints][GRP_DBG] :: Selected: { no group } | idx: 0 (ut: 145266 | lt: 0 | ctr: 0)
22:43:39.766 [StateMachine]: Player Survivor (dpnid 1556862898 uid x_MJ2w6DZznhQeYHMWeX7_S9NuAxgYSiQqpLVIMNfrA=) Entering PreloadCamLoginState
22:43:39.767 [StateMachine]: Player Survivor (dpnid 1556862898 uid x_MJ2w6DZznhQeYHMWeX7_S9NuAxgYSiQqpLVIMNfrA=) Entering WaitPreloadCamLoginState
22:43:45.302 ENTITY    (W): Unknown object class 'pond' (dz\water_sakhal\ice_lake\sakhal_50x50_ice_lake_clear.p3d)
22:43:46.919 [CE][LootRespawner] (PRIDummy) :: Item [443] causing search overtime: "FarmingHoe"
22:43:47.20  [CE][LootRespawner] (PRIDummy) :: Item [444] causing search overtime: "KazuarOptic"
22:43:47.120 [CE][LootRespawner] (PRIDummy) :: Item [445] causing search overtime: "dzn_netanyas_log"
22:43:47.219 [CE][LootRespawner] (PRIDummy) :: Item [446] causing search overtime: "MountainBag_Orange"
22:43:47.320 [CE][LootRespawner] (PRIDummy) :: Item [447] causing search overtime: "dzn_athena3_october"
22:43:47.420 [CE][LootRespawner] (PRIDummy) :: Item [448] causing search overtime: "MountainBag_Blue"
22:43:48.38  ENTITY    (W): Unknown object class 'pond' (dz\water_sakhal\ice_lake\sakhal_50x50_ice_lake_clear.p3d)
22:43:48.38  ENTITY    (W): Unknown object class 'pond' (dz\water_sakhal\ice_lake\sakhal_50x50_ice_lake_clear.p3d)
22:43:53.977 Player Survivor (1556862898) kicked from server: 240 ( (Game restart required))
22:43:53.981 [Disconnect]: Client 1556862898 early disconnect
22:43:53.982 [Disconnect]: No player -> call DB exit 1556862898 
22:43:53.982 [Disconnect]: No player -> remove player info 1556862898 
22:43:53.983 [LoginMachine]: Force remove player Survivor (1556862898)
22:43:53.983 [Disconnect]: DisconnectPlayerFinish 1556862898
22:43:53.983 [Disconnect]: Remove player info 1556862898
22:43:53.983 [Disconnect]: Player destroy 1556862898 
22:44:04.538 [Login]: Adding player Survivor (1599831929) to login queue at position 0
22:44:04.539 [LoginMachine]: Add player Survivor (1599831929 192.168.0.103:61850)
22:44:04.539 [StateMachine]: Player Survivor (dpnid 1599831929 uid ) Entering AuthPlayerLoginState
22:44:04.540 [StateMachine]: Player Survivor (dpnid 1599831929 uid ) Entering WaitAuthPlayerLoginState
22:44:07.263 Игрок Survivor соединяется.
22:44:07.263 [StateMachine]: Player Survivor (dpnid 1599831929 uid ) Entering WaitPlayerAssignedLoginState
22:44:07.456 [StateMachine]: Player Survivor (dpnid 1599831929 uid ) Entering PlayerAssignedLoginState
22:44:07.458 [StateMachine]: Player Survivor (dpnid 1599831929 uid x_MJ2w6DZznhQeYHMWeX7_S9NuAxgYSiQqpLVIMNfrA=) Entering DBGetLoginTimeLoginState
22:44:07.459 [StateMachine]: Player Survivor (dpnid 1599831929 uid x_MJ2w6DZznhQeYHMWeX7_S9NuAxgYSiQqpLVIMNfrA=) Entering DBWaitLoginTimeLoginState
22:44:13.832 [CE][LootRespawner] (PRIDummy) :: Item [449] causing search overtime: "FarmingHoe"
22:44:13.931 [CE][LootRespawner] (PRIDummy) :: Item [450] causing search overtime: "KazuarOptic"
22:44:14.32  [CE][LootRespawner] (PRIDummy) :: Item [451] causing search overtime: "dzn_netanyas_log"
22:44:14.131 [CE][LootRespawner] (PRIDummy) :: Item [452] causing search overtime: "MountainBag_Orange"
22:44:14.232 [CE][LootRespawner] (PRIDummy) :: Item [453] causing search overtime: "dzn_athena3_october"
22:44:14.331 [CE][LootRespawner] (PRIDummy) :: Item [454] causing search overtime: "MountainBag_Blue"
22:44:22.459 [StateMachine]: Player Survivor (dpnid 1599831929 uid x_MJ2w6DZznhQeYHMWeX7_S9NuAxgYSiQqpLVIMNfrA=) Entering DBGetCharacterLoginState
22:44:22.461 [StateMachine]: Player Survivor (dpnid 1599831929 uid x_MJ2w6DZznhQeYHMWeX7_S9NuAxgYSiQqpLVIMNfrA=) Entering CreateNetObjectsLoginState
22:44:22.461 [CE][PlayerSpawnPoints][GRP_DBG] :: Current: { no group } | idx: 0 (ct: 187969 | ut: 145266 | lt: 0 | ctr: 0)
22:44:22.461 [CE][PlayerSpawnPoints][GRP_DBG] :: Current: { no group } index: 0 (lt: -42703 | ctr: 0)
22:44:22.461 [CE][PlayerSpawnPoints][GRP_DBG] :: Selected: { no group } | idx: 0 (ut: 187969 | lt: 0 | ctr: 0)
22:44:22.464 [StateMachine]: Player Survivor (dpnid 1599831929 uid x_MJ2w6DZznhQeYHMWeX7_S9NuAxgYSiQqpLVIMNfrA=) Entering PreloadCamLoginState
22:44:22.465 [StateMachine]: Player Survivor (dpnid 1599831929 uid x_MJ2w6DZznhQeYHMWeX7_S9NuAxgYSiQqpLVIMNfrA=) Entering WaitPreloadCamLoginState
22:44:37.04  Player Survivor (1599831929) kicked from server: 240 ( (Game restart required))
22:44:37.09  [Disconnect]: Client 1599831929 early disconnect
22:44:37.09  [Disconnect]: No player -> call DB exit 1599831929 
22:44:37.09  [Disconnect]: No player -> remove player info 1599831929 
22:44:37.09  [LoginMachine]: Force remove player Survivor (1599831929)
22:44:37.09  [Disconnect]: DisconnectPlayerFinish 1599831929
22:44:37.09  [Disconnect]: Remove player info 1599831929
22:44:37.10  [Disconnect]: Player destroy 1599831929 
22:44:40.752 [CE][LootRespawner] (PRIDummy) :: Item [455] causing search overtime: "FarmingHoe"
22:44:40.852 [CE][LootRespawner] (PRIDummy) :: Item [456] causing search overtime: "KazuarOptic"
22:44:40.953 [CE][LootRespawner] (PRIDummy) :: Item [457] causing search overtime: "dzn_netanyas_log"
22:44:41.52  [CE][LootRespawner] (PRIDummy) :: Item [458] causing search overtime: "MountainBag_Orange"
22:44:41.155 [CE][LootRespawner] (PRIDummy) :: Item [459] causing search overtime: "dzn_athena3_october"
22:44:41.252 [CE][LootRespawner] (PRIDummy) :: Item [460] causing search overtime: "MountainBag_Blue"
22:44:53.211  --- Termination successfully completed --- 
